0,1,2,3,4,5,6,7,8,9,10,11,12,13,14,15,16,17,18,19,20,21,22,23,24,25,26,27,28,29,30,31,32,33,34,35,36,37,38,39,transaction
2.5491373945189024,3.073799991561516,3.1956826842532133,3.3918708442221366,4.156559844484233,4.284729584575154,3.9568859427879945,3.4954932327669592,3.310247551745931,3.5169388403599253,2.903469950114717,3.18599750834647,3.395528499615602,3.1877587881192744,3.25319661615592,2.246713303255417,2.1278308362295237,2.2747546484543784,2.3545122527154017,2.971624672401032,2.4024605623164312,2.1101766161142073,2.096342666294108,2.344419767306676,2.3170933991199494,2.2946884801953864,2.443721868065535,2.6337449679544522,2.4214825199015286,1.8583902133480188,1.9270399821344577,1.4195203432529095,1.2578963972755084,1.4348572372412056,0.9948107465255306,0.33998904957608156,0.7399845895950307,0.6768475137151264,1.0009589497517506,1.2404370317764892,0
3.0471541977032497,3.1565817393102518,3.3476870225705344,4.097750503647699,4.194609447063619,3.867560171645156,3.426745945519259,3.2585759193577974,3.468011305725312,2.855174736483944,3.1494214305343755,3.3498910437649356,3.1387819722435513,3.208887540683195,2.2121677455480966,2.1102106285867284,2.257974121179824,2.3352696569578795,2.9477644183689318,2.3715592915550427,2.090618819033616,2.0806182619164155,2.327778244069119,2.297071665319151,2.275182248890616,2.423682841418864,2.61020025094157,2.396229183775235,1.840108377332222,1.914827674561387,1.40867585154051,1.2511847055054182,1.4287507637345525,0.9884559369827327,0.3363541124335629,0.7382256896102795,0.67383134917508,0.9981419260251981,1.2360983256230995,1.1829796892413702,0
3.1294365421949495,3.3071696422501624,4.046364924183272,4.135352681866566,3.785078647609186,3.34778791377783,3.193727623201597,3.4143633784448384,2.813619444485091,3.097842683474639,3.311848678215834,3.0959337794521296,3.159646446926285,2.1792807760986608,2.077240249718233,2.2396598361310986,2.3182045970998897,2.9252567360886172,2.3511597671841504,2.0626810526421693,2.061239381577631,2.310985752569048,2.280642688514127,2.2554053355701296,2.403439893853792,2.5892248066577555,2.3742113627153842,1.8192389107568911,1.8961891701790055,1.3983560782868625,1.241017699760014,1.4216852884748301,0.9829983937799509,0.3313377115638284,0.734260710817721,0.6720631539191974,0.9950210347076348,1.233214599850408,1.178693969622177,0.9373680233280824,1
3.2791159829285954,3.999336992202242,4.083583465082164,3.730637545221652,3.274823720711274,3.119326639134348,3.346951259888293,2.76816903571148,3.0535840006834194,3.258101473797652,3.0601634646061555,3.1165715850185216,2.142917976664951,2.045833696620676,2.205195672229296,2.2995690921549516,2.905417644598311,2.331935622527121,2.0440629076296406,2.033580814790351,2.290212457623484,2.2640677300328704,2.239163399625734,2.3829137742225335,2.5680364111180816,2.354563322946722,1.8009303341830631,1.8748968246653916,1.3829815244201529,1.2313100421745784,1.4108320836935475,0.9768559258288663,0.32683541631720997,0.7284355070370994,0.6681530078322594,0.9932979701995844,1.2300170859628008,1.17582652775765,0.9333088041065897,1.33509585669162,1
3.967107646350975,4.036208716302295,3.6829974464227044,3.2263826937224866,3.05054570427668,3.2695537414273215,2.711391454367265,3.0051275736401144,3.212057461944528,3.009776340847188,3.0806166322541366,2.110888729248685,2.0111400497461784,2.1723851999480925,2.2644136026614157,2.8836504274878827,2.314886238803916,2.0265289343286965,2.015130498250346,2.2603779066196026,2.243578429915571,2.222779870201034,2.3660994507353283,2.5465488146914175,2.334715132739101,1.7845069200798076,1.8562304451615617,1.3655590368978503,1.2169911707493477,1.40050443809089,0.9677929875350173,0.3220516471968623,0.7233559536307624,0.6624621775524137,0.9891215983108058,1.2283270410316809,1.1726477196664336,0.9305109707139378,1.3306698572029996,1.1712016330161052,1
4.003756931814387,3.6393555135269504,3.1838872697529492,3.004741957082662,3.1980220613510366,2.6464233290318844,2.9444503227650243,3.16161584955819,2.9664987424666984,3.0299564519574087,2.0839312054247885,1.9805424217069714,2.1361086501994557,2.2309533948167015,2.841754904791321,2.296268431257034,2.0109155275001585,1.9977557604742018,2.240619593571513,2.2141870528865573,2.2025404855326074,2.349130104890961,2.5289999307333804,2.314590463054535,1.7679144521944485,1.8394959756626346,1.3501669905485756,1.2008203385793028,1.3851163072140587,0.9590828664577654,0.3156240433802385,0.7177511202185914,0.6574785290924224,0.9827783527874416,1.2239558870095002,1.1709496136968676,0.9274121238880892,1.3277593043000604,1.1669267749918175,1.6187178414022543,1
3.6092978531958835,3.144896239057003,2.964507829193019,3.150484143225327,2.5863015275747623,2.8749243568117233,3.0983632428133703,2.919133226020224,2.9864540413293983,2.046577104487985,1.954751052434714,2.104153378478063,2.193944275627536,2.8019601429772227,2.261151029890439,1.9939188501011813,1.982277640836278,2.222003829721138,2.1946951342392995,2.173539101601478,2.328125922150018,2.511278790775991,2.2980828440694743,1.7511007013010058,1.8225894527208975,1.3362790572558916,1.1864873328013292,1.3676777222966316,0.9464843917338637,0.3092949746097129,0.7097309787568983,0.6520101062714712,0.9773290630472619,1.2171353067119783,1.1666260116548135,0.925679559570914,1.324530973311847,1.1640626711303632,1.614030288814783,1.9541203352744914,1
3.1178215378788536,2.9275610612077654,3.108763076430878,2.545956816475849,2.8106185692427705,3.0258272624227653,2.8598711996826083,2.938838546328137,2.0140298229007887,1.9191215491704996,2.0772561130543172,2.161360684702896,2.757808886404848,2.2277266187975253,1.9622904255133933,1.965433694406821,2.20547132896271,2.1763321251901937,2.154281610026952,2.2979310707045686,2.489293121908565,2.2814273983712563,1.7371225974095121,1.8054563223826845,1.3222465210739858,1.1735200747080812,1.3522720557487147,0.9323533242265782,0.30080297067718337,0.7019630355413596,0.644254547015906,0.9711983344251276,1.211345333982666,1.159921962649449,0.9215592269552044,1.3228542086403643,1.1608876974998423,1.6110393549866444,1.9491234781677527,1.9878218526634428,1
2.9017974932037496,3.07047208210428,2.5104034573640766,2.767636119452309,2.958758355285178,2.791999314371093,2.8792522259689908,1.9785958142523412,1.8879941591633582,2.0399911268034776,2.133951609149663,2.7190995389009283,2.190757860037914,1.9321450949587418,1.9341339755720834,2.1874370506914382,2.16001436600417,2.1361410252029627,2.2779561790086027,2.457566661205972,2.2608330201674987,1.7230560121682048,1.7912342151866436,1.3080361021425473,1.1604170922509727,1.3383722817584778,0.91974618773832,0.29154068372639724,0.690989483486512,0.6367256565952458,0.9621581657529364,1.204730034233214,1.1542151605397708,0.9153533117571999,1.3184047145077193,1.1591879391154611,1.6077186881042898,1.946037488369961,1.9827939163851864,2.426590644980638,0
3.0438463647588594,2.4776882100341906,2.7298210707864676,2.9140339333177647,2.729211932339593,2.8110013135497223,1.9348123822687482,1.854138989964494,2.0075172149037566,2.0959297193161204,2.686700604289041,2.1582088859448487,1.8988734621227652,1.904297575889139,2.1535755140035615,2.1422225178432472,2.120012238600655,2.259134925504796,2.436671110460731,2.231277668767784,1.7058414564156248,1.7769179020397372,1.2960469227481182,1.1471519863991375,1.3243277906933284,0.9082793113070857,0.28305308072856455,0.6787849831700922,0.6261643858317377,0.9534686172673763,1.1947499906088996,1.1477181586866079,0.9100020373058173,1.311392153260596,1.1548740846508418,1.606081714478165,1.9426076279453621,1.9796983752856818,2.4211580809108275,2.146543517521927,1
2.454638621539398,2.695061205036352,2.874725256686154,2.6871867412322503,2.7478659939118453,1.8850315083869207,1.8124037664557988,1.972164789214612,2.0628326353913673,2.6412993329601346,2.130828008232712,1.8694954846426162,1.8713742590890368,2.121331414987154,2.1088827363189426,2.1024337289368393,2.2424278398480038,2.4169763363637387,2.2116871841922183,1.6815603184908139,1.7593773202243095,1.2840159244836686,1.13588501852781,1.3101052141994016,0.8966911794328939,0.2751675140418855,0.6678079382360181,0.6144487011521659,0.9409056229680948,1.1852112552583982,1.1379675658556714,0.904010720924687,1.3054651600431326,1.1481939231427138,1.601397493391829,1.9410177099657182,1.976257543004493,2.4179381889380607,2.141369209856626,2.4828097688027992,0
2.6707002552252335,2.83861511753256,2.650192479694069,2.7056214501436537,1.8388512319819723,1.7650167897252413,1.9284871937736106,2.0267872775158366,2.602126674530198,2.092847819502216,1.844697606429258,1.8422950296074125,2.08569344463762,2.0771290037655623,2.069553091956478,2.224196465897018,2.3995271038327175,2.193230655866643,1.6651401936795494,1.7345874185763503,1.269458878736058,1.12459317570799,1.2981067465258709,0.8849666064534193,0.26719522824972575,0.6577581792480782,0.6038852489777718,0.926816622337771,1.1711837147803332,1.1286361417006079,0.8952409564634611,1.298654968929782,1.1425041699982528,1.5938097082498244,1.936055908120869,1.9746723532147614,2.4143545112113713,2.1382286856635733,2.4773253600705756,2.5718816310574515,0
2.813388139962782,2.616174624038699,2.668439107950141,1.8072957709107615,1.7210340523028291,1.8788300191152338,1.9822107499021822,2.559325620063175,2.0597850688286536,1.8105373529874675,1.8177405026254332,2.0542858775801895,2.042043916012654,2.038230881890562,2.189910742261157,2.3804578914203653,2.17683344229883,1.6496917002438758,1.7178614729929307,1.2493247855984715,1.1110011159873394,1.2860662420684992,0.8748765931975965,0.25914780324351305,0.6476008307801263,0.5941950461832607,0.9142450791374972,1.1553582951367936,1.1149661395119728,0.8867957210151385,1.288296913696878,1.136031417774682,1.5874721666991198,1.9277878811807014,1.9696826598278674,2.4128308789519366,2.134736180001496,2.474089535111544,2.5663150812259863,2.2157439665605745,0
2.5922895788388987,2.634251223135956,1.779278622659998,1.6908640006104954,1.8327632955692705,1.9315029247882134,2.505985012595685,2.0237778875943357,1.7806196221866533,1.7839401354154185,2.0278347560806385,2.0111105521274855,2.003632330822684,2.1572679753103086,2.3443689819391986,2.158951894997078,1.6358501261292437,1.7021228170454004,1.235397473032432,1.0923728836989572,1.2714967857468933,0.8647893177161595,0.25186710120504313,0.6373312982484673,0.5844007212865752,0.9028091456733236,1.1413175470308259,1.0995646302187605,0.8746540800597263,1.27841664089814,1.1263278595650157,1.580078031347274,1.9209648380037228,1.961346281634479,2.4074780583480164,2.1331732582350704,2.470487554702602,2.56305401253028,2.2105058429964233,1.8735362625844652,0
2.6102571259686527,1.7533762800974488,1.6640347508920446,1.8012794223957427,1.88447172984382,2.4450339402474968,1.979250886055099,1.7481095258809085,1.7543187052755629,1.991229561254721,1.985045702423774,1.973116265729106,2.121180511409718,2.310031508492129,2.1254190640622515,1.6208537395707578,1.6880347196056484,1.222314157925113,1.0793507526675046,1.2513433259066051,0.8527698509575415,0.24465504664648402,0.6283529240894318,0.5745003669110224,0.8912522551644964,1.1286043626697393,1.0858825577328681,0.8610646512204299,1.2638000694477687,1.1170389316829827,1.5685873569130653,1.9128801484479305,1.954474454856307,2.3982517974682542,2.1280522060153446,2.468971809764414,2.5594230339107353,2.207345706797187,1.868613719230067,2.0213735855306663,0
1.7346962989950698,1.6392062954225144,1.7733236561161752,1.8523798184367672,2.388599695095617,1.928600945834155,1.7081192484462238,1.7221380786131564,1.9592988672334248,1.9490117555848019,1.947391335205733,2.0893874171732385,2.2720332823376,2.0934838959175512,1.593530316837604,1.6727600232804816,1.2104820495484097,1.0671262730994173,1.2374043719052492,0.8365956502375932,0.23638925313097098,0.6194033680496962,0.5658040418679573,0.879559453206444,1.1157579041031933,1.0734811874391499,0.8489158016905992,1.2472762733416063,1.1034422204940668,1.55768375080115,1.9000500739488335,1.946320377848312,2.3907448443385486,2.1193939187345667,2.4635724619362827,2.5579197854033677,2.203830672256245,1.865550567655926,2.016314708210543,1.7777091183998506,1
1.6212150755960553,1.7474768042414401,1.8239026988762077,2.3505797550842797,1.8816228878045433,1.6627717230151253,1.6825752179850915,1.924550469223733,1.917551380072964,1.911860086595273,2.06262225670367,2.2386013419377835,2.0581942416038914,1.5674309999693887,1.6448376256195467,1.1977542269905272,1.0560238351115858,1.224310011413115,0.8250486515613074,0.2260726601064426,0.6088692226423852,0.5571431521441884,0.8694937127532163,1.1027536711654355,1.0609495499169244,0.8378473362818348,1.232644620553591,1.0881276076656115,1.541302292309646,1.8879363058473517,1.9333557193332869,2.3816873941009833,2.1122923392627753,2.4542321810400365,2.552446721262631,2.202277459039773,1.8621469421595294,2.0132096582595556,1.7728749457919624,1.7036456652224123,1
1.7288324133209239,1.7975845318645898,2.317019736139681,1.8495644758624317,1.6206611519600806,1.6377272471102369,1.8816564712615347,1.8833259497511106,1.8808135913717587,2.0255526372643655,2.2105012261417936,2.027085422544986,1.5387212014381701,1.6181753680517765,1.1753131803760166,1.044119765825659,1.2124685188296973,0.814223776429767,0.21804670278371302,0.5950128661283938,0.5469858678739845,0.859431279542528,1.0916860080838937,1.0482654753981924,0.8266614575042445,1.2194177341675447,1.074519059318384,1.522685982181872,1.8694677471065397,1.9211203531635739,2.3669705513904393,2.1038114730539603,2.4466438496363403,2.542925790535651,2.197099136187048,1.8605457185524503,2.0097579028855836,1.769838952459862,1.698879793122716,2.0541264676153363,1
1.7786378525404318,2.2861065133256058,1.8211160799165986,1.5916713827859557,1.5960752549087853,1.8329151466229385,1.8411103911644995,1.8470483726152027,1.9932395742948796,2.1714573736596052,2.000877652276814,1.5132558743323543,1.5888308602996317,1.1538025167222234,1.0234515910814503,1.1997301020759927,0.8043104484249659,0.21056258896246502,0.5848591368078991,0.5337176032246429,0.8474442449932978,1.0805981459758158,1.0374424107512086,0.8153459572909633,1.206052619693867,1.0621816071151178,1.5062838282403987,1.848376895303066,1.9024420808796918,2.353152068444998,2.0902129736698463,2.437470650848878,2.5352085258808015,2.188300500999657,1.8556506084836912,2.008177420271587,1.7664665244217663,1.6958647900142612,2.0490373859448194,2.2333186837767394,1
2.2642126931725857,1.7948238797012013,1.5658541486438904,1.5673745907060723,1.7876891509752293,1.7931620102659729,1.8054298406791083,1.9580660035549755,2.1375188899214312,1.964632343682672,1.4916451247064675,1.562821147952059,1.1302663723771886,1.0036071436323768,1.177266254760834,0.7937488116320867,0.20348758621675797,0.5753561945624756,0.5239173792740524,0.8313206547412794,1.0672723882056292,1.0266048856411827,0.805568472309536,1.1925209377235833,1.0497145040770384,1.4915177595541331,1.8298810020385314,1.8811025851011822,2.3317434811737066,2.0774049256350855,2.4225293020613936,2.525851938627073,2.1810987525334156,1.847546016984558,2.003159959305057,1.7648518566444666,1.6925164740532999,2.0459230535435746,2.228064353000182,2.069704057875118,1
1.7758938547570176,1.5419405781042193,1.5418052452938371,1.7567353035826232,1.7486639175604748,1.758179250271843,1.914620434380425,2.1005379428523585,1.9329979503223345,1.4621982384049654,1.5407669583045485,1.1092384488761309,0.9819496390624161,1.1557341620926065,0.7759698039306426,0.1961302451644081,0.5665659864555052,0.5147498426499126,0.8198040783055686,1.0490597201534806,1.0136059491193627,0.7958010573789638,1.1810503078606034,1.0370960581393351,1.476598619685628,1.8132947444746499,1.8623963111940072,2.3071668250209547,2.057738980235025,2.4085079755236136,2.5105548892700833,2.1724754107560775,1.8408396208184319,1.994755533641796,1.7600360535929627,1.6908914154657542,2.0424606351504577,2.2248992359739783,2.064600610720877,2.3458567877688825,1
1.5245361399941122,1.5181157717626463,1.7292339999744109,1.718168966947888,1.714321712155491,1.865234446481152,2.0547476871957784,1.8985790219559808,1.4361611056256922,1.5106642793140328,1.0912422762069913,0.9625330105203872,1.1321738567780992,0.7588407117339351,0.18524748416196332,0.5572722833827632,0.5062445966095225,0.809008067772333,1.036287387151688,0.9959032856774922,0.7841991766158262,1.1695500249021553,1.0263231331957858,1.4614865658739147,1.7965378627488002,1.845627159560371,2.2857215509841122,2.0352284634244584,2.3867495549938083,2.4962121835416005,2.1586005655259246,1.8329208443705738,1.987835140078436,1.7521258125535424,1.6861369076934647,2.0408847476365835,2.2213784798130067,2.0614818634957297,2.3404986755810637,2.4134595352424237,1
1.5008550632331386,1.7037979926152231,1.6910611375140088,1.6842305907093207,1.819416665741425,2.0026212857308248,1.8561124408004026,1.4079660157123002,1.4840872208859015,1.0671409000681316,0.9458493507863305,1.1111252105984137,0.740244739254529,0.17459976165366964,0.5422221073623182,0.49727259829321396,0.7991192632551005,1.0242999157607506,0.9834375193521772,0.7686766189085237,1.1556858413370616,1.0155369241248982,1.4488085447462915,1.7795569105955082,1.8286856200269819,2.2665712540393597,2.015531374609203,2.3617581238545524,2.4738994978846285,2.1455428361243953,1.8204125752073403,1.9796119840069144,1.7455581280404089,1.678376877393344,2.035840180223266,2.2198277322600153,2.0580143736666776,2.337301664282178,2.408039080538701,2.6148198606196713,0
1.6854171059258056,1.6659808396920914,1.657469018548855,1.7880897352666636,1.9542878724228154,1.80787067071805,1.3735735415655854,1.4552917640668712,1.0455048197729664,0.9236890181823133,1.093112157851796,0.7234539633585836,0.16331145960690283,0.5276576808038885,0.4829147913748293,0.7885853119808232,1.0133988409453625,0.9717409181865402,0.7575213265592211,1.1366329597459608,1.002604981983066,1.4360725437211663,1.7654510662980627,1.8115168794370873,2.2472256066353684,1.997900859645567,2.339961903738283,2.4482509099283893,2.1254462789158977,1.808589561597896,1.9665133396271433,1.737836648388126,1.6719164011676328,2.027369327267986,2.2146348644846237,2.056440671627252,2.333744270247497,2.404822910036083,2.609213713621531,2.6262534124449597,0
1.6478280951941016,1.6327017451197354,1.760268537154718,1.9213749946763088,1.763103253923934,1.3347685949338013,1.4201204415169824,1.0222034522952883,0.9036510331504369,1.0689858181759067,0.7089092450668082,0.15278841672001223,0.511953339593094,0.46900108111283645,0.7708658887190591,1.0017220983739101,0.9610869679726746,0.7470681020874665,1.1233555695996311,0.9850068632818668,1.4205950991346326,1.7512537437124478,1.7972675662976823,2.2276119997034534,1.9800896502304477,2.320506512389762,2.4258986615654967,2.1024252131432575,1.7906224512400697,1.9541569158250578,1.7257110564127007,1.6643474094362356,2.0204015232714667,2.205800585384442,2.051383212123389,2.33220931134645,2.401243507269813,2.6059404758599394,2.6206367215501123,2.6565598140080606,0
1.614749765750202,1.7345433379417297,1.8921939498178666,1.7324385115027399,1.2986639510549423,1.3804051954715983,0.9941595424495685,0.8821266575792639,1.0473291849618782,0.6899121410657038,0.14334920726256525,0.49764269370839564,0.45403041510776415,0.7537927963724294,0.9815431734465832,0.949689213972212,0.7374705300907285,1.1108889003809679,0.972603939395708,1.3990247234618969,1.7338685070680808,1.7829234089243677,2.211494828514954,1.9620364956554275,2.3008528284060827,2.405959887964469,2.08229614274178,1.7701261348080146,1.9352698620582967,1.7142337956511917,1.6525175832818884,2.012110932876026,2.1985733971735786,2.042880765699954,2.3269233064810293,2.399718032767494,2.602295518282369,2.6173602434209764,2.650915174880456,2.260429682209629,0
1.7159769716506814,1.8652394184440722,1.7051850966243576,1.2734605392127534,1.3434649190150807,0.9627746461598599,0.8563880168878519,1.0240049637962416,0.6724784977481022,0.13190251640411593,0.4851182155360402,0.44034903683265736,0.735259963085558,0.96215854262989,0.9301107248871239,0.7272653625321067,1.0995806970184587,0.9609669630876904,1.384234053282201,1.7093210215843742,1.765346475770922,2.1952389909722982,1.9471114974070023,2.280925962541405,2.3858181602346407,2.0642900852882478,1.7521332850356606,1.913682827389085,1.696862986335165,1.64130755003803,1.9988814927711456,2.1899138711248693,2.035890412838883,2.317860784825649,2.3943760795347706,2.600798293839186,2.6137115635394665,2.6476301076548165,2.255150349966206,1.8538495836119264,0
1.8458845927394503,1.67997318627365,1.2508898604831133,1.31773469366943,0.9334814268530376,0.8276974641325258,0.9959314061498086,0.6538500034515641,0.12068526095342982,0.4691087956314601,0.42833714133338086,0.7185233411918848,0.9410194760707852,0.9112904077960824,0.7102535436231794,1.0874443312007953,0.9503636704107549,1.3703315851394493,1.6927407937382097,1.7404998478541798,2.175166311268063,1.9320758025668765,2.2645694640698744,2.3653949764871496,2.0460997118416477,1.735984347514126,1.8947671078643478,1.6770736660235337,1.6243976134179892,1.986406893661268,2.1759688428227064,2.027567750021091,2.310470695522801,2.3851764503284856,2.595289693807844,2.612215943178491,2.643971561229677,2.251977549448402,1.8489451950980162,1.5689793945535533,0
1.661736029164832,1.2299112493354594,1.2947123065876553,0.9125721875195537,0.8008775862330435,0.9645118582186588,0.6318681529585288,0.10896903977412341,0.45413496515017693,0.4130857675074776,0.7040227351391942,0.9220475078433864,0.8907875985291742,0.6938454862737068,1.0662762106588517,0.9390231056733237,1.3578035208007415,1.6771403946669734,1.7237398037874536,2.1464250704601806,1.9135960498543776,2.2480686843480338,2.3486592951799814,2.0276609650101367,1.719669003123637,1.8778158750234892,1.659679014128839,1.6051547204731251,1.9673160293993157,2.162847702280411,2.0142761021932927,2.3015794667818468,2.3776885047352447,2.5856816785212047,2.606697880683255,2.6424801927372594,2.2484479670383517,1.8458876228990833,1.5643377102189207,1.5402906658251208,0
1.2143892124468216,1.273325340891215,0.8936834827236565,0.7815276322683858,0.935186829553262,0.6075684468694641,0.0959543938839746,0.43824164415780104,0.3987360496882457,0.6850908676581989,0.9057260551722883,0.8723613433124145,0.676062472364379,1.0459618940649056,0.9195676986313223,1.3442900064982284,1.6631697608673266,1.7079687952253608,2.1273239523989433,1.88734057187153,2.2276762264671723,2.3317704365525755,2.0124413774062218,1.703137073987644,1.8606904983839274,1.6440501189600154,1.5882224073121978,1.9454873496225138,2.142641783342786,2.001745297754099,2.287185027558348,2.3686580899049825,2.577902259944835,2.597066676601079,2.6369370485145844,2.2469010230514677,1.8424904065923953,1.5613608726971022,1.5356754379230129,1.3048543617546011,1
1.2575413967668183,0.8760334591419626,0.7639759133694562,0.9142575364304912,0.5847792587221828,0.08213534238490586,0.41980809944302444,0.383536706817631,0.6677109347143776,0.88410138180563,0.8564844122239684,0.6599689648129274,1.0237746173908584,0.9008630589889088,1.3201580035740967,1.6480276738125208,1.6938532108643412,2.109331734643299,1.869733660004559,2.198435971763589,2.31087133189809,1.997104181802019,1.6893742796323055,1.8433348039727042,1.6282598319473196,1.5729954455701505,1.9263671712806325,2.119491054341683,1.9825574992322388,2.273657839540803,2.3539936851147183,2.5684572679371884,2.589270707736304,2.627244378935068,2.2416857180800305,1.840886421021935,1.5580563986496145,1.5327067310352156,1.3004562506425559,1.6606575074862828,0
0.8626462856238281,0.747534555224453,0.8953516368131756,0.567970399787202,0.06896713858600875,0.3996555684088977,0.36600345115425864,0.6491421633277906,0.8645044144400728,0.8355171310406873,0.6459922205697544,1.0039036073691683,0.8804906747265447,1.297058111250279,1.62039067622606,1.6785474834850496,2.0933290013439922,1.8531591439292323,2.1790348936070147,2.280840454823342,1.9782308122575454,1.675528055339057,1.8289426596306375,1.612261861842988,1.557610968026646,1.9092381924993902,2.0992522743310063,1.9606138906847537,2.252751632712689,2.3402225803795655,2.5529887485747205,2.5798021753930214,2.6194045409652205,2.2327964541939247,1.8360076037458106,1.5564124469156513,1.5294115968822413,1.2975542684410204,1.6559312785964782,1.474170785116694,0
0.7349225860585704,0.8776860687247031,0.5525975047812264,0.05822370195124988,0.380673385439676,0.34690315646320435,0.6272377906114474,0.8434704256697856,0.8164614062158146,0.6278350796086548,0.9868498220003381,0.8621762840381215,1.2717301296978403,1.5939966491135655,1.6505583011631777,2.075892798154952,1.83836089610954,2.1607580739451415,2.260964129055684,1.9513610951455307,1.6586011863475092,1.8144523200686795,1.598907007855609,1.542025687354694,1.8919333558276124,2.081150841007024,1.9413964697347186,2.228770617015689,2.3188957037183893,2.5384911179000462,2.564287997157001,2.6098736113130676,2.225530022286102,1.8279429395046696,1.5517693896132938,1.5277636202328355,1.2943357828654538,1.6529284587039859,1.4696165322469432,1.4690431616561823,0
0.8642889253928031,0.5381258526279036,0.04805151249710934,0.36626460255387205,0.32888690069829707,0.6030286386974986,0.8183679575808618,0.7960292486606917,0.6110929926273609,0.9641421195752297,0.846390474466314,1.249165361135799,1.564954568141775,1.6238332766881398,2.0433184314556074,1.8222844834094483,2.1445135416353076,2.2422363948283466,1.9333849606390068,1.6347689836592396,1.7966845423906401,1.585478294685371,1.5289861247453334,1.8743951588765204,2.062864171933381,1.9241829532501231,2.2078293214961056,2.2944159266255397,2.515911241654867,2.549749113211772,2.594238407154576,2.2168146778869535,1.8212650401888406,1.5442824807949311,1.523144305863899,1.2926547754315563,1.6495941379556527,1.4666665643056027,1.4644936374248239,1.0071875817232077,0
0.5267771980328323,0.03828141558170244,0.3529496168270779,0.3150870738395782,0.5803225770662178,0.7904209481705988,0.7717075286051935,0.59323347001902,0.9436534753475901,0.8255579506831533,1.2299173202035232,1.5392042449294296,1.594417999963627,2.012284066503488,1.7926366414225805,2.126804362142014,2.225608763553344,1.9164601264091212,1.6186187163760177,1.7715401015627863,1.5690964969677115,1.515880100055205,1.8598635840747124,2.044327496909746,1.9067927636361937,2.189117157456232,2.273052623120571,2.4899458628563598,2.527098089705314,2.5795901750205816,2.2027613842208664,1.8133867962926917,1.5380169366123875,1.5157155816827224,1.2882303093093066,1.6479630482991965,1.4633929561225278,1.4615451226963512,1.0030639756669735,1.022690279722126,0
0.029948207587606853,0.3403383611246322,0.30229422834212455,0.5635661241435151,0.7642836248600282,0.7446730388510028,0.5722491967838481,0.9216279921379307,0.8066131739946619,1.2039645864637716,1.5173613459542432,1.568347589610005,1.9780100575198292,1.7643527419615797,2.0936424991284874,2.2074670887431873,1.9013642467700766,1.6034262635540297,1.7546010404587011,1.5461148780894058,1.499919580265793,1.8452305428524123,2.029033092961579,1.8891677666966276,2.1702138680889687,2.253973587124478,2.467325573970992,2.5010483561360166,2.5567505646687256,2.1895424247881268,1.800957144133133,1.5307252068603707,1.5094915649923943,1.281279081920073,1.6432441177383157,1.4617357031147504,1.4582731838609384,1.000246354807188,1.0185523772469935,1.041408352120819,0
0.33018291300494673,0.29015499919563653,0.5482381638882484,0.7453639784059942,0.7193733862463288,0.5491154351701817,0.8952392708368311,0.7863043845170999,1.1808042509113026,1.4875711396125868,1.546243957172627,1.9477723496883692,1.733179851462394,2.0620559815389994,2.173374414517848,1.884951825937041,1.589802222652243,1.7386601806701556,1.530475901579701,1.4775953656618066,1.8272764645670312,2.013619325734754,1.8745698774078694,2.151050118789626,2.234699887873647,2.4471537797773872,2.478356693669664,2.5304772357026186,2.1691678029558545,1.7892051618100642,1.5194331584952991,1.5022589019515418,1.2753958638540803,1.6355712732589698,1.457171109885266,1.4566152114678217,0.9971247775454054,1.0157303627884202,1.0372531880436096,0.8309760775442055,1
0.2803022957639755,0.5338071337640818,0.7281812202403372,0.7009818382067408,0.527396555509128,0.8657889193897702,0.762142708310303,1.15580799745411,1.4612513454091294,1.5160681584397822,1.922274160709154,1.7056019492241512,2.0271594267515405,2.1409130831583196,1.8545808312934622,1.5750514177955408,1.7244002899724804,1.5157685610477882,1.4623515586062958,1.8018413016116641,1.9946459900107312,1.859868965883699,2.135276635182531,2.215159448880734,2.426776784322398,2.4581228509694317,2.5075963864954023,2.1458170536903896,1.771360555230064,1.5087090131175644,1.4910814194761772,1.2686479364145065,1.6291730232267805,1.4498764857998523,1.4520548618848084,0.9954020086367835,1.012603738472606,1.0344258687213146,0.8270149718139533,0.9841557150987291,1
0.5224845330072717,0.7120734109284322,0.6842518901209066,0.5112624583994869,0.838271564891061,0.7352952739843945,1.1255653334360496,1.4327419519153464,1.4894308992424403,1.8870782346670312,1.6822703587477994,1.9963877661481133,2.1050301858184803,1.8256172839147058,1.5482565330430855,1.708931649559034,1.5025566736459168,1.4480191545465857,1.7847274857806332,1.9676202756595629,1.8418262812118995,2.1193725485312984,2.1990981774039904,2.406114344196421,2.43768320864344,2.4871980746094797,2.125409034140522,1.751009483715574,1.492637060746959,1.4804607855799325,1.2584106479052286,1.6216925390455266,1.4437481789214652,1.4447706373159959,0.9912238930101172,1.010883144531344,1.0312931505550773,0.824247290819553,0.9800533487785261,1.1873484044584564,1
0.6996753706954514,0.6685534313444923,0.4964681278194513,0.8184818960317892,0.7101673336837883,1.0916105857791492,1.3979417357039037,1.4605685025593667,1.856307816408569,1.6502785626644547,1.970454635126783,2.0734125467557383,1.7936780981365972,1.5226539574019167,1.6805918477672417,1.4882711649000078,1.4351258147932184,1.7686208188424553,1.949550370323946,1.8162528479763738,2.099759088464367,2.182899551045283,2.3891958729572744,2.4169570595515637,2.466592377040264,2.107160472698204,1.7331395274060248,1.4743877122901932,1.4645673538046575,1.2486394891063834,1.6100343822803853,1.4366516489220236,1.4386497527721902,0.9848763742676627,1.0066921987953368,1.0295751826855162,0.8211830809258639,0.9772422553490816,1.1830586560577703,1.328555265909468,0
0.6564179371454063,0.48251951096973067,0.8005531501790133,0.6918840393946066,1.0599583058269144,1.3586602298843378,1.4253103397694025,1.8228495796847737,1.6221461609255445,1.9346154838513594,2.0467903068506303,1.7654429503015991,1.49450422894108,1.6535372970290498,1.4624776848329968,1.4211999268730013,1.754220057673283,1.9325365664040137,1.799055917092283,2.0717344599738463,2.162901561980881,2.3721199359336884,2.3999899151793676,2.4456973574579903,2.088725256677163,1.7170974271166444,1.458296049009755,1.4465296658339,1.2342111006086605,1.5989794541280042,1.4257382103167233,1.431563779945106,0.9794240346490083,1.0003132384764009,1.0253687457804532,0.8194355902384896,0.9741281763353656,1.1801899760615397,1.3241352980822827,1.3364489102045696,0
0.47150631665293463,0.7837709511553977,0.6752469118664977,1.037561827919067,1.3221181163372098,1.3854935969252897,1.781629291662149,1.5916212499628335,1.903315486951247,2.0099320491664954,1.741575987116214,1.4695192696487653,1.6237504831996046,1.4378162695443157,1.3961804184156332,1.7385923831074477,1.9173650977314831,1.7828703906561094,2.0530641016587543,2.134276875928389,2.3509765957268955,2.3828641630944727,2.4286011974012474,2.0700375162889713,1.7008899502424708,1.4437999048750294,1.4306170910234783,1.2179104210294303,1.5823370187829018,1.4153561428230843,1.4206708180485996,0.9732889680261585,0.9948384584011977,1.018951822669173,0.8154033081219562,0.972402176146734,1.1770097456926172,1.3212265988393797,1.3320216629447668,1.2361881441767857,0
0.7709403761416892,0.6596323649699255,1.0173979126715726,1.2966389075302296,1.348460148892169,1.7348441592303045,1.5542063283978775,1.869268388610946,1.9777930040455092,1.7087924413229625,1.4482998133520637,1.5973614083142225,1.4107276886511824,1.3722464127382066,1.709910309928352,1.9008673414996047,1.768402630116347,2.0354805884167617,2.1152458195945707,2.320564589033761,2.3616557880720075,2.411343402773932,2.0546276996279396,1.6844677173739628,1.4291532925737402,1.4162766371590951,1.2034675498047442,1.5634112850417499,1.3998741534849766,1.4103072514758603,0.9642403853606752,0.9886714735503346,1.013449947820507,0.8094131702357854,0.9682431218065053,1.1753122526365583,1.3180003972040748,1.3291107265747513,1.231853356301168,1.3116545790410832,0
0.6475506895137972,0.9985950700505396,1.273831750821815,1.3226711847586758,1.6914139001410307,1.5118688174040835,1.8272841778514102,1.9428129313501052,1.680008178129943,1.4194316012613377,1.5749982012300403,1.3866528675073901,1.3459779778889078,1.6825340787904142,1.8703126890384483,1.7526993173560828,2.0198250922400325,2.0973200763516604,2.300459164081387,2.331142294538628,2.38996264289071,2.0390958119718983,1.670788730076972,1.4143183866739433,1.4017872165262684,1.190404780363958,1.5467473240783243,1.3823242865751668,1.3948571696649723,0.9555432347440347,0.9795609822375244,1.0072444246647094,0.8042159001929694,0.9619423148168074,1.1709850350242392,1.3163227149135128,1.3258819550868142,1.2289708346999964,1.307250196842874,1.2060564912223684,0
0.9844685105042073,1.2526393582422617,1.2995984329825865,1.6615921511047314,1.472521365917673,1.7796061907682474,1.8996183847445218,1.6487584339518884,1.393870901132146,1.544438523849968,1.3661747826684434,1.3226065897308488,1.6523845739775824,1.8411765326647065,1.7238544565659524,2.002780898539427,2.0813738200858953,2.281514060724959,2.3109758652684635,2.3591801427545858,2.019968267056128,1.657028279053042,1.4018521043024088,1.3871121672719113,1.1772053654962453,1.5317536538830305,1.3668244630018547,1.3773451334755125,0.942967129464727,0.9708078965094974,0.998059184392534,0.798443632288727,0.9565233142725683,1.164272125671235,1.3118786338060648,1.3242053802434004,1.2257747040790494,1.304346287400904,1.2017494904282484,1.1200102763066362,0
1.236980207896576,1.2781659364653757,1.6350615482845996,1.4452735689204999,1.7353563129660434,1.8505257860290747,1.6104031954123685,1.3662055774865338,1.51748521061427,1.338402966839062,1.3027015004738502,1.6256844218111965,1.8090427322125855,1.6963252310915502,1.9710502099395786,2.0640013760158773,2.264701751697688,2.2919728810625446,2.338852012083117,1.992701909236606,1.6402133892222788,1.3893328096706266,1.3747680140805099,1.1638421923497397,1.5166047176318096,1.352842833754621,1.3618773189273843,0.9288625839814455,0.9581353230003775,0.989238562196685,0.7900987346120063,0.9504356675485353,1.1585589997614023,1.304879337765122,1.3197547663169935,1.2240840630457643,1.3011255879484966,1.1988755083983116,1.1157826263928035,0.977025971864444,0
1.262352790140476,1.6105030763538575,1.4209499627442042,1.7050178461554428,1.8049773293779658,1.5669666643948381,1.3325003624272889,1.4882713796449691,1.3137449490250737,1.2757770739083039,1.6030678204289437,1.7806406648609514,1.6660032269085714,1.9408087675581738,2.0315642309245523,2.2463515869926316,2.275111396215194,2.3196956057128273,1.9744873517413375,1.6165559300322998,1.3741382807320102,1.3623737139213383,1.1525003018609448,1.5012589715434352,1.3387156980618304,1.3479235166741712,0.9162778880950688,0.9439164012885795,0.9764495122323102,0.7820373707541934,0.9414790605964558,1.1520530032385092,1.29896181217989,1.3127394608936298,1.2197164254239214,1.2994455345582525,1.1956891874298865,1.112933030604899,0.9729301805156376,0.7891162965384321,0
1.592685016450692,1.3983866656080113,1.6780441914150115,1.7738201907118114,1.5266103394305226,1.2944986678041954,1.4525573055946106,1.2870833572627294,1.2518167265712463,1.572133404369435,1.7566377340034307,1.6391551233524397,1.9074287697332588,2.000658832352209,2.21181020332662,2.256705715014867,2.3027037727310273,1.9573363019643162,1.6005107020613258,1.3530093949730377,1.3473423684110428,1.1411317786519926,1.488402411412485,1.3244090758098332,1.3338244763248388,0.9048305203646084,0.9312349303065882,0.9620924918149703,0.770557772152749,0.9328650110003709,1.142284964331434,1.292165087372078,1.3068105091049182,1.212904462447361,1.2950154405426302,1.1939943190445834,1.1097747228181736,0.9701211077171332,0.785193793441366,0.8497490709341989,0
1.3818482552565634,1.6530851905453032,1.7461445780443692,1.4987265114962431,1.2591313896057965,1.4122077045571708,1.2546802708970488,1.225930905077041,1.5448715621915323,1.7236531089187743,1.6164180051698849,1.8779578484313464,1.9665302314914628,2.1789271568088884,2.2220448494163976,2.2841509364537185,1.94204822861797,1.5854179104574782,1.3384841068954507,1.3264681304180295,1.127439610754379,1.4754836826515556,1.3123463978590344,1.3195464257357143,0.8932620853232208,0.9197034313040406,0.9492941738656812,0.7577532847155319,0.9204322255098312,1.1329377774638218,1.2818331514074506,1.299997532213857,1.2071206400653993,1.2880504213894135,1.1896516185273691,1.1080677824884333,0.9670093498606336,0.7824379758711967,0.845770652954331,0.45592562077038856,0
1.6350102425345903,1.7205509913601709,1.4738575501143216,1.2343928402017668,1.3746851057468843,1.218200473194271,1.1945342156811067,1.5153146644190096,1.6947032936104256,1.5853053597384494,1.8530842609460034,1.9364172390943075,2.1425687804359512,2.189049508978633,2.2491733654709605,1.9254188328361719,1.5718785421576904,1.3248334330857232,1.3120959125631606,1.1086551596398555,1.4597676824092796,1.300240176676679,1.3075055763035366,0.8815575431103172,0.908050053671185,0.937661094142021,0.7462685834988906,0.9064976051608962,1.1192405901862703,1.2719764776412137,1.2896340736819434,1.200514088274736,1.28215735987678,1.1829007666342437,1.1037962942431605,0.9652823493971583,0.7793873938361225,0.8429976515311246,0.45231038247807387,0.31853327180606755,1
1.702069037679951,1.4508012395594718,1.2122207508107266,1.3485877629772185,1.1842302591128584,1.159230670722348,1.4791555341382658,1.6632694648062518,1.5578967781855957,1.8188120428987717,1.911020639597398,2.1105433266450637,2.1525645224910686,2.2158803725901386,1.894580867321196,1.557223327493499,1.3125192943014443,1.2985904716622423,1.0955391245821096,1.4378250405976547,1.285584925517454,1.2954216957622133,0.8714828331976366,0.8962591287774441,0.9259051561950223,0.7357774943467783,0.8940566849640752,1.1038068492666646,1.2574006061525347,1.2797489189459472,1.190551012205615,1.2753954315912948,1.1771605604053486,1.0972199557571467,0.9611291956676021,0.7776340303866407,0.8399273299069498,0.4496489940291639,0.31504473523846815,0.3599786489683912,1
1.4339466241307053,1.1916024734243271,1.3252505965559769,1.1603724702987188,1.1263402278654115,1.4382857620073406,1.6246754156065253,1.5281767144944676,1.7888021296701035,1.875974951775842,2.0835888929955337,2.1204304761737327,2.1790597863664223,1.8651784419580304,1.5306341708020403,1.299247288874861,1.2863997233854667,1.0832255489465752,1.42281059912126,1.2652975828193587,1.2807956108718512,0.8614112200935543,0.8861184231974623,0.9140099322125669,0.7251745597500557,0.882734308395656,1.0900975052159854,1.2409250653956014,1.2651239278851802,1.1810276072189752,1.2651309870183587,1.170616046136766,1.091604303096098,0.9548428487652523,0.7736363916313675,0.838182472996475,0.4467068854574497,0.3124222849703778,0.3564518919263074,0.2954215201033328,1
1.1763115445756056,1.3035790632297204,1.1389555758904768,1.1031631665347523,1.4002856588669632,1.5809597683924903,1.4918059111285404,1.7561895316975429,1.8453282272853673,2.046239362042626,2.093387586282956,2.1466378987235237,1.8327444262559418,1.505224946657243,1.27563505844468,1.27326701830029,1.0720474145544712,1.4086958169454424,1.2512781510695112,1.2605537821409747,0.8494122009625715,0.875979266091038,0.9037895429750287,0.7144518867657472,0.8712920698677764,1.0776724264317434,1.2263342420360097,1.248590149183872,1.1670265061816736,1.2553352924315238,1.160773298147071,1.085236947842518,0.9494341686628657,0.7677311510647524,0.8341346542580024,0.44490677667083955,0.3095249058134257,0.3538176956796218,0.2919542969409121,0.41503444633846087,0
1.2876126053521815,1.1190200118189604,1.0823299517167164,1.3738872798096051,1.5403472215925165,1.4506887405507134,1.7160662801452427,1.8120075310634736,2.0136958430035055,2.055907239541037,2.119360541852672,1.8040848665817695,1.4772932198042557,1.25302366919133,1.2499545883870977,1.0600578886546461,1.395987369685915,1.2381074333519135,1.2465617090960928,0.8332699087688136,0.863892066565879,0.893568832739851,0.7051273169774032,0.8597158636634725,1.0651168517863183,1.2131428506472046,1.2339500500026483,1.1512324340970606,1.2408645884011102,1.1513586108406941,1.075737817768453,0.943361201239832,0.7625944738682184,0.8281064421922598,0.44118488816250534,0.3077055214223696,0.35090682357725433,0.28933839674328515,0.41145691744092117,0.6009220306211355,0
1.104166956278246,1.0629220471727867,1.3502919943300007,1.5123018619916704,1.412461531692366,1.6705633377410907,1.7709656725966283,1.9782660180965606,2.023256017563251,2.0815334475826774,1.779872190139108,1.4524952388227639,1.2282464692816495,1.227624963703403,1.0392057952152784,1.3822702140907088,1.2262010673394728,1.2334169492965854,0.8217420904893877,0.8476121688529246,0.8813751635535756,0.6958234431566226,0.8497392014201192,1.0524084343221007,1.1998135734665456,1.2207158207583941,1.137218209535817,1.2245137379931395,1.137545009245234,1.0666335928484314,0.934433066284011,0.7569083903194234,0.8228819978767792,0.4359554035266196,0.30409733949981277,0.3490932538090817,0.2864485418417635,0.40880711790475605,0.5971730782221467,0.3002196176160416,0
1.048407417758836,1.3283871155472948,1.4872943977003834,1.385919976839642,1.6283100977093725,1.7243890843684222,1.934488013627972,1.987706433055791,2.04859674226965,1.7465773773975402,1.4314280894951619,1.2061541019198156,1.2031654501337437,1.0191884935879878,1.3576999368291764,1.2133894124494315,1.2215326372436304,0.8109354137035386,0.8360016351120404,0.8649291199174431,0.684826726973034,0.8397679362976159,1.0415667718622705,1.1863183363632173,1.2073432926157026,1.1245280833752282,1.210028416629894,1.121973243292375,1.0533554287642708,0.9258447414348053,0.7487306559596717,0.8170710785917541,0.4313010263066816,0.2991465052026121,0.3454507714879298,0.28462591496313633,0.40587832185237105,0.5944705965357493,0.2967479697004611,0.27906505033056195,1
1.3122709963921797,1.4641128773884144,1.3622019274176458,1.5992303847663638,1.6811502637529498,1.8847134832960653,1.943773065970193,2.0127297163756723,1.7173721791385552,1.4027851204856885,1.1872908649505551,1.1813455599146914,0.9973360979027166,1.3341881366764161,1.1907679428993578,1.208745879925922,0.8010375470919506,0.8251164779603973,0.853218714915687,0.6702485286887777,0.8278999239809115,1.0307102126130983,1.1748755500828991,1.1938040712874456,1.1117049053707884,1.1969287432301436,1.1081471146094033,1.0384184969248584,0.9134563220093773,0.7408203259098664,0.8086512126335682,0.426300943089044,0.29469100607713816,0.3404158803384352,0.281036860440302,0.4040724761953338,0.5914812829733341,0.2941307096804718,0.2756129109260513,0.1916158537279711,1
1.4471779559082654,1.3401860672593116,1.5733360296861292,1.6514492045697955,1.8385390301146547,1.8938169515218102,1.968384536589093,1.6856543788798855,1.3774098669447763,1.1619072084553985,1.1627042747193204,0.9777523127424654,1.3083957337428118,1.1690877105226498,1.1861779946311473,0.7904933652670165,0.8151519340905778,0.8422387999890482,0.659660896168208,0.8119620679417602,1.0176864265438053,1.163403763949916,1.182327681416144,1.0987243476862971,1.1836920685203767,1.0956205092948843,1.0251295089819263,0.8995743036747166,0.7296012070632517,0.8005221141481184,0.4194537760950612,0.28997379751279256,0.33590038822429397,0.27613289991364326,0.400384429424681,0.5897015166109087,0.29123929271166377,0.2730016462935223,0.18824435901814707,0.32880349717926344,0
1.3239987677404708,1.5493527400771532,1.6250220854575135,1.8069872402176839,1.8474758085666332,1.917947105290488,1.6466919370992152,1.3499507494584786,1.1392154042020521,1.1376488573174628,0.9609324922003752,1.2854326345160705,1.145360379375702,1.1645481228901922,0.7727519239373498,0.8045324777163804,0.8321937495037345,0.6497462669024775,0.8005571373994381,0.9999449853791337,1.149576783707325,1.1708215033128861,1.0876747723061637,1.170291003840441,1.0829624290487407,1.013069866096763,0.8871778906716276,0.7171055538611012,0.7889256973360157,0.4127456275986406,0.28367529465959607,0.33109784851317253,0.27171085549778756,0.3952378776427029,0.5858596283584957,0.28941733898718564,0.2701171163997323,0.18565787824480318,0.3253054895219141,0.3849377431057795,0
1.5319035860975263,1.6005571651350734,1.778973239760315,1.8158189313070383,1.8711641252493887,1.6025457214343224,1.3165130430450278,1.1147401311554839,1.1152272980796512,0.9385707946809598,1.2658601252752897,1.124168476417676,1.1408775727859175,0.7556581381259803,0.7866290314084244,0.821483406081167,0.6406062877223754,0.7898670564034144,0.9874559095437457,1.1305819579069318,1.1569496234879466,1.076605422257987,1.158920164527535,1.0701497681368266,1.000883251429158,0.8758942063597431,0.7058821609863707,0.7759827059956675,0.40359984557917383,0.27746286996192937,0.32463383722794364,0.26704123130621943,0.39064269119221257,0.580336071315976,0.2858243135351801,0.2682921947729343,0.18280181828703904,0.3226801285830647,0.3813879690594857,0.25872431227980774,1
1.5827991066282534,1.7530737428740641,1.787714825263747,1.8392286976443222,1.5615379233367277,1.2788240061386438,1.0851733284433833,1.0910525222665146,0.9183670223744993,1.2394275432265034,1.1060387309615352,1.119734370493683,0.7371019731935312,0.7693829868102849,0.8033843537623879,0.6309177144858966,0.7800682500791765,0.9757371923329977,1.117339465427111,1.1378847318821268,1.0633038324476858,1.1475220133214203,1.0592284645287267,0.9885500491715269,0.8644910332169252,0.6956182398166025,0.7643808149691997,0.3935624156407319,0.269172035687382,0.3182718739281454,0.26083502318039037,0.3857267980832479,0.5754718089757046,0.2809106218152851,0.26471667694517254,0.18096462788300904,0.3197794058544081,0.378746699189502,0.2552909308819287,0.290693322034098,1
1.7343955869092165,1.7617338708934611,1.8108857527772104,1.5332433827843315,1.2437437400703586,1.0520085113403403,1.0618755508196265,0.8966583006933634,1.2158721401260897,1.0817398172687895,1.1016442951509748,0.7203453399259886,0.7506551518315836,0.7859544707772596,0.6150177036550253,0.7696359012641465,0.9650644522315469,1.104905907087414,1.1246001224475344,1.0451288785007984,1.133791165328197,1.0482903956574046,0.9779950480852531,0.8529545546996538,0.6852446638952001,0.7537878470463798,0.3844189548854051,0.2601482627719079,0.30972313859863126,0.25470598773573744,0.37904292636192444,0.5701731952396335,0.27648163206005955,0.25984588956007687,0.17746148344175391,0.3179614623354483,0.37582770141141697,0.25268543099061125,0.2872304591643332,0.3573773911077032,1
1.7430034703667765,1.7846888827178016,1.5080222620163812,1.2191861336666905,1.0210813682991364,1.0291663591896276,0.8706805101220568,1.1904365938111128,1.0599411008330537,1.0774040486264886,0.7058284332035136,0.7337512784790536,0.7670193601130834,0.599654568201617,0.7521351455914356,0.9536454855964287,1.0936258348708898,1.112126603573757,1.0323792156625167,1.1149463539182967,1.0351601967259607,0.9674318756185557,0.8430082440868659,0.6747552380594066,0.7430820512116797,0.37596321932319327,0.2518624693534971,0.30039358884807993,0.2465589703487267,0.3724823168549578,0.5627469979631965,0.27180212915122215,0.2554475214520003,0.17276805490112618,0.31434478072370825,0.3740176333056698,0.24980752322182095,0.2846158989789614,0.3538530329172284,0.8171809230929946,1
1.7658199998809205,1.4846475914256747,1.19716919114259,0.9991420433635441,0.9986574691790182,0.8417104446983562,1.159624040717559,1.0364588911289212,1.0556536339016742,0.6868724590574693,0.7191144343639706,0.7499377079912724,0.5830496918174388,0.7352675658294603,0.9340213429345281,1.0815212273976822,1.1008125807146356,1.0204132537051673,1.1017940359431575,1.0172526982729062,0.9547911133741432,0.8330680426794494,0.6656088672000976,0.7322547731130562,0.3674152662356183,0.2441523454966938,0.29184907399047516,0.2377057119459104,0.3635909872677496,0.5555156895409233,0.2655767602491995,0.25081157330390125,0.16849627120414556,0.30937311701497056,0.37035449471508336,0.24797974786973362,0.2817275833882828,0.3512195738895343,0.813232539103617,0.820531103562326,1
1.4675887887355805,1.1766911700267362,0.9793701070885206,0.9769818263332247,0.8146339810117444,1.1250032203190004,1.0081803769471234,1.0322251329790826,0.6694726786725488,0.6999810877179796,0.735156050579929,0.5679666638057602,0.7169664456388347,0.9151581187779716,1.0604214567821666,1.0886696450409816,1.0095304533975906,1.08944603510369,1.0046638044555265,0.9376473809493762,0.8212405848242212,0.6564873730622911,0.7228502858660799,0.35878241425586055,0.2363571944162107,0.2839140310710003,0.2295641928970971,0.35385524535235097,0.5454676421874859,0.25943041284253615,0.24467068328713595,0.16404037064498506,0.30490275153873303,0.3652689831337591,0.24442106413712616,0.27990429316212273,0.3483095486519495,0.8104687677753845,0.8165796300730834,0.8656062589678747,1
1.1614901976440946,0.9609216223085162,0.9574359803187732,0.7951222659321301,1.092739501895308,0.9765212807120985,1.0040162945211575,0.650881838049535,0.6824352734358722,0.7158085430636322,0.5548130261323414,0.7004285622946564,0.8946069322838588,1.040171378194877,1.0674873849341053,0.997874341628529,1.0782386529094248,0.9928503800207431,0.9255175912423903,0.8053660140286811,0.6457287581427197,0.7134646196302251,0.35105445075941283,0.22848990720659093,0.275891791922312,0.22197949372901885,0.34496704644342807,0.5343604537780793,0.25125353846072684,0.23860066343826458,0.15824870122658707,0.300164397790805,0.3607173622459343,0.23959153053064094,0.2763191517193353,0.3464956139375629,0.8074090490283263,0.8138149092747102,0.8616132176622673,1.0367949888515762,0
0.947022338013284,0.9391918862388843,0.777431847386748,1.069957550692245,0.9469763525678596,0.972438633608238,0.628948835191542,0.6636820513457847,0.6980864063723289,0.5378731575066242,0.6860898427516022,0.8761391842895262,1.0180565291409875,1.0471597794090113,0.9777398180656219,1.0662161080285701,0.9820971762521123,0.9141397644321138,0.7939991246067978,0.6315221169189926,0.7023611213912091,0.34338464146936254,0.22134682898318567,0.26779356666643467,0.21431097686943948,0.3367332223525185,0.5243118575793563,0.24236488052309435,0.23055542702415727,0.1524942058466151,0.2938248817049027,0.35586343470169246,0.23522260603608447,0.27142478062035064,0.3428552844302489,0.8056596229352144,0.810754099843834,0.8588357221747291,1.0326440791676232,0.9017692353305675,1
0.9254236924468464,0.760865101629857,1.0494631171383102,0.9259084267278452,0.9429684610961643,0.6047062210517622,0.6415383930616718,0.6791371236960708,0.5221332722371352,0.6673973853019359,0.8602284544189441,0.9982476397348639,1.0249575196165954,0.9583969174349325,1.0452929515359237,0.9705873710546463,0.9037566462893643,0.7833451369963953,0.6211578294640804,0.6876162896924024,0.33452123763673225,0.21427562705430894,0.26047405364938436,0.2065724707965654,0.3284093207380914,0.5150692439905157,0.23419340950426956,0.22182284383055828,0.14499313724093368,0.28757540112185054,0.3492997514911859,0.2306285370702484,0.2670095803630623,0.3378256689848917,0.8016387577565582,0.8090051437678231,0.8557602380888463,1.029818067312407,0.8977428449228411,0.8235917006229819,1
0.7481727123414962,1.0303614785059703,0.9068836585624634,0.9219476639554577,0.5819694419163203,0.6170495698906006,0.6567391184900503,0.5053881414748086,0.6502145628454286,0.8392111890368051,0.9812444559712886,1.0050736586889368,0.9373049011848005,1.0252088619963688,0.9507677267329552,0.8926646451440741,0.7735769957686967,0.6114551098237337,0.6769284928771199,0.3232720736168892,0.20619372019009724,0.25322227756158977,0.1995277803167794,0.32000431872807816,0.5057268246231256,0.2265826716397418,0.21378342952030654,0.13690573911737183,0.27922065858684464,0.34284773356278203,0.22456887598398545,0.2623496909740477,0.3333139422420426,0.7956765983167057,0.8049815059632836,0.8540176058792842,1.0266868510714275,0.8949551005348132,0.8196374046845334,0.9540689975008294,1
1.0160432795188385,0.8891106306227815,0.9029633055877799,0.5651936235495006,0.5940867768916018,0.6319530207108268,0.48584955470507557,0.6318649672168146,0.820114311342355,0.9586115870324701,0.9880094053544395,0.9183732876473611,1.0032811637014374,0.9317207622627025,0.8737441936712832,0.7631792659734244,0.6024951699779353,0.6669188278061122,0.3146855425564889,0.19616408231429588,0.2449046265904356,0.19255727442231185,0.31245043075987444,0.4962860372378304,0.21888786497971124,0.20628749494074922,0.12941222361539406,0.2701211137222374,0.33414368593670374,0.2185722473247399,0.25616236448719404,0.328516758214269,0.790499297027978,0.7990125519025553,0.8499566636537693,1.0249682359652028,0.8918678432404442,0.8168718164864639,0.949994376823229,1.0194199843310494,1
0.8756445655348514,0.8852268090175758,0.5498490586840772,0.5771684710745865,0.6087173368987933,0.46440547690712347,0.6102449284427799,0.7996363941145461,0.9381845545295696,0.9652862221088848,0.902084706706089,0.9836327920691241,0.9109624106596341,0.8555423267634114,0.7457530169380717,0.5930098501459733,0.6576981057947862,0.30666955680693064,0.188310615366105,0.23450710999809632,0.18460682876410386,0.3049587810122331,0.4879408176466655,0.2111226233975668,0.19870859867042895,0.1223908652775778,0.26177120875095083,0.32462999230004813,0.21065358468462786,0.2500503888011507,0.32206313482123244,0.7847554317208374,0.7938304011625091,0.8438962910576225,1.0207656171023398,0.8901302845537763,0.8138100106484633,0.9471918102299506,1.0152850976866346,1.2947838490770431,1
0.8717841741327051,0.5354030176174378,0.5617017324780325,0.5916269906789487,0.44423768562562793,0.5863680992502943,0.7752553106136841,0.916227580087017,0.944784832249639,0.8805086465431199,0.9667603613084406,0.8923169787366548,0.8357368130273675,0.7289554615070167,0.5775472788442408,0.6479183788368161,0.2991426733704136,0.18099016027867862,0.22643250905777482,0.1747823361212689,0.2963279689439516,0.4796392707166762,0.2040575072056144,0.1910612325854527,0.11529112182193207,0.2540053496198534,0.3159296710968789,0.2020710719435171,0.24193279344751592,0.31571055709084883,0.7764656237679699,0.7880796382286384,0.8386488931543805,1.014358050518167,0.886039413670627,0.8120614839621436,0.944087526239614,1.0124640100580793,1.2903950248818798,1.3196231155970481,1
0.5240707892601494,0.5471452436000706,0.576012738614437,0.42908145166452916,0.5639671017420944,0.7481514382822373,0.8899277343441193,0.9227451766156392,0.8609517032827174,0.9443208598132031,0.8762615128241719,0.8179086228514646,0.7107332929511893,0.5625952666334345,0.6318221880644417,0.291275186636856,0.17405420270110325,0.2189022422098151,0.1670521831412231,0.2854417644095254,0.4699511175032826,0.1970660963880388,0.18408617231696428,0.10813103195430329,0.24615392578231718,0.3078591781841146,0.1941586340389124,0.23311441887349352,0.30717800853999244,0.768454034052753,0.779776451627669,0.832805325788141,1.0088628536024644,0.8799056976482466,0.8080353131923784,0.9423573050032176,1.0093384504187195,1.2874958967507968,1.3152113849013958,1.2731300000524675,1
0.5357421770923438,0.5613228942309526,0.4151255752025807,0.5474029724598976,0.7227880941701199,0.8605812585270075,0.8963380696074611,0.8399622190626653,0.9240530301257543,0.8550302008213243,0.8025188577519312,0.69426312582001,0.5464539270182671,0.6162746748209352,0.2792944962437062,0.1668538351452045,0.21178802765298707,0.15984872825130417,0.2770734103634065,0.45741493194302546,0.18908835882683458,0.17718693023946033,0.10152824676239525,0.2382294117854246,0.2997001828309983,0.18677308619123364,0.2250024154496551,0.29786765042069935,0.7570602781949388,0.7717527741637434,0.8243221355581646,1.0026668288179017,0.8746059531341243,0.8020601518252466,0.9382231505788946,1.0076173976679177,1.2842806897285253,1.3123052171071985,1.2687611448005445,1.3372477609871218,1
0.5498342972156597,0.4019349398058292,0.5322399172310941,0.7043563926622801,0.833159259313728,0.8668662293850443,0.814917486164604,0.9022730802455349,0.83575709478138,0.7822720345297858,0.6799795658894017,0.5317684709462129,0.5994619145804257,0.2676148955872647,0.15630891061117272,0.20438641886248746,0.15301217454759464,0.2692644307960875,0.44805476490316914,0.1792212771650148,0.16932952128699186,0.09501001376734479,0.23104261276084742,0.2914628828499985,0.17930564116653053,0.217443375642178,0.2893393738319562,0.7443575690248363,0.7603381712263143,0.8161358229297958,0.993500011602129,0.8686879304617654,0.796873570811492,0.9319833635376275,1.003429158444509,1.2825982694414346,1.309081923420255,1.265868153557688,1.3328197770358459,1.7200071278125746,0
0.3914078936847464,0.5179579649739974,0.6875920155861918,0.8134297059326387,0.8393291487166012,0.787037956266621,0.8762028862312734,0.8150832215609383,0.7638094754090421,0.6613686826522712,0.518938683546426,0.5842005861759767,0.2551631626924186,0.14597870038768904,0.1934083853671744,0.14592402788977651,0.26191342070736945,0.43930475393524565,0.17146552368304904,0.1596502124383236,0.08765002175658179,0.22392666429000055,0.28403711787132524,0.17177161583573491,0.2098007655890786,0.2814184476251246,0.7329589836179158,0.7476107450032861,0.8044407320120944,0.9846960348307312,0.8600603265981049,0.791116506468999,0.9266079141016536,0.9970568307286635,1.278182137725156,1.3074029879842481,1.2626599961564582,1.3299086142646046,1.7152261673506466,1.2947389137205245,1
0.5067309786096146,0.6718624322252663,0.7955525051967005,0.819527043754591,0.7609625774964325,0.8471248218701752,0.7904479268260438,0.7440368847018206,0.6442530216789145,0.5024777492329641,0.5709017103073223,0.24364225407013726,0.1350483898222373,0.18267112194273197,0.13562062382096232,0.2542444842341878,0.4311542394983099,0.16423777905672815,0.15200733026399038,0.07874693212489484,0.21578633968961483,0.2766765970274253,0.16488314698386014,0.20208860553834715,0.27341046132350716,0.7225427591050231,0.736191246202112,0.791380749076974,0.9719356923202522,0.8517435347388919,0.7828010976455461,0.9205822123830982,0.9915867844695759,1.2712513347029961,1.302966299168462,1.2609745379197896,1.32667958270303,1.7122065272620863,1.2903501309642564,1.512310917166205,0
0.6597069755844305,0.7788169041224673,0.8015876347516906,0.7420819831583781,0.8199492178028343,0.7630469384751928,0.7205708123868131,0.6259781058361238,0.487132179001805,0.5537470524385136,0.23339021287270528,0.12483239348938632,0.17128186353382133,0.12551740423321386,0.24269111132000365,0.4225827114812871,0.1573805886879106,0.14488667784696715,0.07157063974361876,0.20566554092718312,0.2682169770416217,0.1580725278582212,0.19506404320572196,0.26532673055288464,0.7120154111041866,0.7257568406639148,0.779679870062206,0.9576127085003837,0.8398234134223079,0.7747663772755723,0.9117457540650902,0.9854265327714822,1.2653826938997599,1.2959851187411506,1.256576327035785,1.325003119935229,1.708852884667933,1.2874510155682424,1.5077214918829394,1.3652924162721205,1
0.7660162157358358,0.7847957959996149,0.7249327096449568,0.8003750009817814,0.7374108491306288,0.694536383277598,0.604454948204923,0.47082550434896187,0.5378303274094682,0.2207414448753263,0.11564329501974538,0.1606722311476757,0.11484302302174014,0.23141312079678128,0.4090867919176074,0.15026914449648793,0.13812047348237722,0.06489268736101812,0.1977572766507411,0.2575979177792459,0.15033081839878773,0.18811413768813612,0.2580182912049692,0.7013696061865942,0.7152111363091733,0.7690008470926392,0.9448431893235095,0.826496626292938,0.7633327292415651,0.9032402600185108,0.9763291010928102,1.2586555004588664,1.290080522617035,1.2496894409595833,1.3205518448759734,1.7072301215290306,1.284235823175113,1.5047607146980753,1.36083856984582,1.5457478152334356,0
0.7719590383325188,0.7088551712146737,0.7826309912538549,0.7188071989993159,0.6701547618636411,0.5806913513785193,0.4518557211517211,0.5208885607965145,0.2085344981851869,0.10456648723284334,0.15116248846030844,0.10484653533732921,0.2194141987485716,0.395983118015889,0.13991559975645443,0.1311117469287095,0.05850260286049396,0.19038482990069372,0.2493901462779485,0.14083205862748072,0.1801905863401648,0.2507778485874549,0.6921037629775587,0.7045466638299571,0.7582081663399027,0.9332351457658424,0.814570001056741,0.7505827224619892,0.8909946943517548,0.9675878148810338,1.2484584276473851,1.2833021880539623,1.2438521445235138,1.3135349192747556,1.7024620729295883,1.2825533965837692,1.501474689624261,1.3579194589765462,1.5411275548077026,1.5809971060135837,0
0.6964765458821832,0.7660157978579878,0.7018953871501048,0.6523419744430128,0.5583942984104672,0.4310764473854434,0.5010948808215606,0.19571779610036272,0.09365376301703156,0.13961148771944284,0.09583624208198235,0.20828166252437275,0.3819257587721825,0.12976525595160907,0.12097926985148154,0.05191849264510286,0.1834046999816748,0.24173352730483444,0.13329770553204642,0.17040806227274982,0.2424749937468533,0.6828599935298766,0.6952665587552987,0.7472925303042941,0.9215044854209424,0.8036947259764731,0.7391441179817131,0.8772820486092741,0.95493559135276,1.2387236041527805,1.273005921838149,1.2371695338056135,1.307604811134016,1.6946688593617931,1.2781373020562132,1.4998227875265193,1.354681297204828,1.5381573013165317,1.5763443390766039,1.4918603371328496,1
0.7532923356031546,0.6860325194255642,0.636108275985848,0.5418956995884571,0.41151892993069783,0.47935265617734235,0.1812755102321657,0.08227616341560033,0.12830835210892966,0.08502386498823745,0.19834597792773329,0.3690277167173352,0.11903774272259963,0.11103669431702073,0.0426998697368716,0.17615446455207723,0.2345119634359616,0.12628002542106018,0.16270313684246282,0.23210056651860467,0.6719417451173376,0.6860081928420542,0.7378205383103456,0.9096349675889197,0.7927039005570689,0.7286931029524404,0.8650289437832015,0.9407407973155766,1.2243578811685942,1.2631814760636257,1.2270589337166626,1.3007901895033467,1.6881846996011025,1.2712065901690577,1.4952266293356005,1.353008768991507,1.5348603905355198,1.5733640956313453,1.4872897711512933,1.4311776345631735,1
0.6737915779056004,0.6208584380778389,0.5267888324717483,0.3967474350299669,0.4589111733895754,0.16578786722086852,0.06970080702114424,0.116496637029824,0.07432885121045396,0.18616506203166275,0.3576539035976059,0.10899568411333432,0.10054343744420156,0.03361617106240271,0.16550221498089865,0.22698916383329842,0.11960130677306766,0.15552361783222404,0.2240398447265665,0.6574859958023372,0.6750708883765386,0.7283657835877153,0.8994342176417476,0.7815867605738582,0.7181306289331031,0.8538698442020921,0.928079741047797,1.2081315000927189,1.2486611864310284,1.2174022392327124,1.2904235408317963,1.6805820215466136,1.265338014410623,1.4878546518837643,1.3485342840371897,1.5332131795026438,1.5700557091010703,1.4843347898378092,1.4266630295076361,1.4895486626808376,1
0.6090106768105815,0.5125576755365739,0.38312144731577963,0.4435823942391895,0.1510879372606761,0.05639518659377058,0.10335810810969297,0.06319333335172302,0.1743433062007698,0.3433461743213381,0.09994827013840729,0.09070229871902363,0.02409128805757327,0.1550711363759703,0.2157503049317156,0.1126913462463562,0.1487074001554212,0.2165227464037529,0.6469719680547175,0.6605854020878246,0.7171720885912425,0.8892336074575082,0.7719608211988265,0.7074491024817924,0.8425924572220989,0.9165659895438701,1.1937514937208042,1.2322515455365157,1.203171261083533,1.28053550377122,1.66868685734483,1.2586109134863326,1.481671136423227,1.3414604800671805,1.528589348769936,1.5684134434046064,1.4810554226491197,1.4237252461972656,1.4849802285002311,1.743153829237046,0
0.5013632678771269,0.37022903879507557,0.42947857148769164,0.1393788441317234,0.04369829994995531,0.08939426508368752,0.05093202654422625,0.16195491465228504,0.32977337564788056,0.08908099611311691,0.08181854810399378,0.01508071618861214,0.1440270978603927,0.20476790731240593,0.10277143222276756,0.14164221162905313,0.20941971988284713,0.6371271749405776,0.6500534992759089,0.7022865048380177,0.8770661793933645,0.7623485073106689,0.6981559683108198,0.8311838974057901,0.9049305305575238,1.1807433757376022,1.2177164808390994,1.1871046383661363,1.2659055417227654,1.6574177904906615,1.2484140201202059,1.4744960803871365,1.335489776743048,1.5211495567487934,1.5637604401849594,1.4794006514156919,1.4204656348522793,1.4820259023352942,1.7383515231396873,1.7216347862820265,0
0.35989326708728564,0.41615418930492654,0.128378666972533,0.03325199898025869,0.07609314620754264,0.037993459774130815,0.14806827063269395,0.3154379231008057,0.07834078472657448,0.07119331185077227,0.006873520623995085,0.13371355793500744,0.19310226289344215,0.09302863198534399,0.1313882177742292,0.2020307417010967,0.6280465288569307,0.640191746314604,0.691514101161031,0.8606610850325098,0.750949114860084,0.688884267623522,0.8213353156426808,0.8931578280972607,1.167599139358454,1.2045735631526338,1.1728598054530561,1.2493658692383451,1.640406041829044,1.2386793587563587,1.4634303325525513,1.3286174144725236,1.5149176407286722,1.5562491578160038,1.474821418225694,1.4188023500751186,1.4787472877346939,1.7353253230756098,1.7168523248112222,1.8002167391982793,0
0.4055413617198669,0.11786005047784828,0.023334584053999057,0.06526591502075231,0.025633519402265183,0.13323004854451376,0.29902538144196583,0.06715500967304228,0.060652374416687346,-0.0027511747800911617,0.1244450033569623,0.1822555763414828,0.08276061948239008,0.12133143589052942,0.19107989164980574,0.6184249390599414,0.6310966910714487,0.6814241611651403,0.8489752948733906,0.7357425401968624,0.6779295542750338,0.8114951359173151,0.8830310443086098,1.154292080178856,1.1912932271301506,1.1599692002965987,1.2347207832567033,1.6210424368388183,1.2243139153902298,1.4529106520747315,1.3181387719613482,1.507673742060374,1.5499662177626348,1.4674909173269233,1.4142733381891233,1.4770921921824616,1.7319641448478045,1.7138322234301642,1.7953618103081388,1.698687797553193,0
0.10904676287033152,0.013794809063974657,0.05502187718237848,0.015399641752039318,0.11912627109399242,0.28123495051513253,0.054828504841551585,0.049688180772492166,-0.012468349344859691,0.11325068985914556,0.17255273638337537,0.07311267112959169,0.11070941266095613,0.18036817631808702,0.602669089180765,0.621458834214055,0.6721352372304186,0.838018734490389,0.724777187055353,0.6634169014216603,0.799798258884123,0.8729061356149179,1.1429930603055027,1.1778477609176494,1.1469436099783832,1.2214822187456105,1.6040079877718267,1.2080878658396548,1.4371913291432146,1.308149547293475,1.4964744669436154,1.5426497449591436,1.4613370044783098,1.4070659100505958,1.472514872145644,1.7303446290997813,1.710478050935974,1.792319438121502,1.6939264975449513,1.5579951962934504,0
0.00560932313882846,0.04518682770546603,0.0056643660210786454,0.10779301442787524,0.26442111762046416,0.04181373617803545,0.037649130704437775,-0.02251656508380639,0.1022412211259382,0.16071616877383565,0.06438628764418682,0.10075783201695841,0.16900772309246057,0.5874414419810912,0.6056679745634029,0.6622785144694017,0.8279935261263655,0.7145041767569033,0.6528686686329737,0.7841274594822272,0.8608375377510102,1.1316684135064456,1.1664429991941114,1.1337572083468663,1.2081053135289623,1.5886922343458407,1.1937081399752636,1.4193600709259533,1.2933450725085127,1.4858341431675817,1.5313097049309108,1.4542040537761787,1.4009998365929308,1.4651890596365387,1.7255574241760543,1.7088555161511327,1.7889396825086643,1.6909128995391038,1.5533636414665717,1.4889994527678323,0
0.03681196094721576,-0.003710751024143345,0.0971150926174639,0.2513793423526585,0.029383844333423302,0.02497033230358913,-0.033367328585519766,0.09075604707111867,0.14917792094044421,0.05399377782084696,0.09178411870067754,0.15842279669158982,0.5709893270583606,0.5904074237740601,0.6460166142570767,0.8173055832459942,0.7050597155012893,0.6429914218023508,0.7728830582058464,0.8445866679334096,1.1180335273656927,1.155010129718194,1.1225503698613022,1.1945616409192452,1.5732181088563648,1.1807002658508212,1.4036221588001774,1.2765984914007185,1.469906753332666,1.5205421985827712,1.4432199735162958,1.393991824423255,1.4590384929816071,1.717717265954936,1.7040861204935116,1.7873281724617536,1.6875661976601566,1.550389916961608,1.4844315250626134,1.534114550712509,0
-0.011790629928877689,0.08688780223380355,0.23923647684378632,0.019105866702637617,0.012848852935591928,-0.04465728602563649,0.07804113569710429,0.13710477431418827,0.0436444481475154,0.08102583879129639,0.14893317876478576,0.556037321383178,0.5739182104290959,0.6303133606249128,0.7992547411043291,0.6950274006113465,0.6338832029008072,0.7623452872530673,0.8329935830257799,1.0993384644419004,1.1412339561503795,1.111320067132505,1.1830818503050233,1.557541660376006,1.1675562756820828,1.389433547656817,1.2617783375568972,1.4518288034560247,1.5043954639161405,1.4327740805477316,1.3832500751455337,1.451910301744716,1.711199600894226,1.6962896058133385,1.782493741992244,1.6859404435033392,1.5470890189266384,1.4814773545485194,1.5295050183563517,1.3936965544092685,0
0.07826136308106602,0.22768484428191504,0.009332778103523499,0.0027653098705002575,-0.055503843390350534,0.06457240674239831,0.12362709355020118,0.03289331153934547,0.07037536417635862,0.13741194004404006,0.5429904106069496,0.5589343857210545,0.613325004871715,0.7818701679803846,0.6783875931340461,0.6242304850776492,0.7526758842003601,0.8221249813136199,1.0862761611348022,1.1223184141740903,1.0978083495487705,1.1715721916734643,1.5444324463007046,1.1542494668870673,1.375097434039316,1.2483875780843507,1.4358821625652467,1.4860574508596844,1.4171820149010168,1.3730231307579004,1.4409354529514071,1.703549266509602,1.6898030899853904,1.7745378524417836,1.6811900388867906,1.5454435261530002,1.478198918748545,1.5265380618330313,1.3892165139967807,1.092904270691137,1
0.2182090089362733,-7.652262823016671e-05,-0.0068410637209487795,-0.06478362874523906,0.05172579046337017,0.10926685794853494,0.021130657672905315,0.05928937135766593,0.12613330802786965,0.5262083778000256,0.5458615561073253,0.5979130695397556,0.7629861436681366,0.6623291670727118,0.6084076418354701,0.7423896237698265,0.812174503016793,1.0740135661426837,1.1091235796525782,1.0793054911778783,1.1576957679312725,1.5312551360403106,1.1429506383055033,1.360578290918103,1.2348570102151175,1.421512093409272,1.4698907674004555,1.3995016375314218,1.357808673763404,1.430497900709597,1.6915616680118415,1.6821970607739507,1.7679375877102534,1.6734400638154772,1.540809559427309,1.476543746144329,1.5232449383743685,1.3862893531489224,1.0887016176398479,1.1245587329497964,1
-0.008178325997560708,-0.016099650321761035,-0.07370083232034305,0.04118509442602365,0.0956018603915786,0.008774904551761036,0.04709231275903728,0.11434883956530036,0.5105984415346999,0.5290411925604772,0.5844915137487426,0.7459483079194426,0.6449403584547782,0.5931170315819436,0.7252032777586842,0.8015709258148234,1.0628787451257335,1.0967352391468284,1.066358723122421,1.1386237855418548,1.5152015511456765,1.1316261872861628,1.3483532487474927,1.2211570698056378,1.40699277188998,1.4553294045952263,1.3838913874963503,1.340576002893451,1.4149202198585034,1.680209085802959,1.670295396662657,1.7601697675195214,1.6669867641995413,1.5333449280544407,1.4719668806363446,1.5215960952403818,1.3830419441339246,1.0858597039285358,1.1203268884988893,1.2339263978986834,0
-0.024104789844583686,-0.08233639366662644,0.031186741862103632,0.08454522670445681,-0.0030500271575792655,0.034228837761126424,0.10124565733663742,0.493997806744523,0.5133996979231669,0.5671554275192799,0.7312023420220348,0.6291849577651493,0.5765939265338063,0.7086311928273291,0.7837016544700814,1.050938117379166,1.0854935841976072,1.0542057478876128,1.1253349137968491,1.4927321084301257,1.1179915567407557,1.3360808540920648,1.2095578918602623,1.392287314819148,1.4406169446876043,1.369813759184059,1.325344562685143,1.3972568976237885,1.6630533027730936,1.6590204570721563,1.747954293359829,1.659427980133335,1.5270952837122858,1.464642181999514,1.51698189225478,1.3813734009091085,1.082710220765429,1.1174760036390055,1.2295936957807987,1.2303565334641502,0
-0.08994194214116359,0.02157379742026274,0.07410449112633369,-0.012946615674491225,0.021937829797888202,0.08732312667948959,0.47464667277426464,0.496763972001136,0.5510893293316307,0.7119076178197317,0.6154836253124099,0.5615810331713053,0.6906632396894301,0.7664877288752702,1.0301912619562907,1.0734323474711411,1.0431640602906145,1.1128573508462514,1.4774010039294623,1.0992968926735405,1.3212086592835288,1.1979260449320355,1.3799199303026708,1.4257150748223404,1.3555896986598444,1.3115962520800808,1.381661078142427,1.643518925417199,1.6419985800231252,1.7363958231032701,1.6476179527831087,1.519826169129876,1.4584924103366017,1.509565694073638,1.3768754085499477,1.0809994775700542,1.1143162150580053,1.2267118151780974,1.2260271234362854,1.127299789697431,0
0.013341382646339882,0.06409162245173984,-0.02239268788731681,0.011747409672730125,0.07405993154663391,0.4534216853316938,0.47736731474877575,0.5339814681810194,0.6942289385587024,0.5977337841660024,0.5484845250964911,0.6744111111768569,0.7477961077066478,1.0102728672445926,1.0524259188543885,1.0313285744829053,1.1015398921219717,1.4629857721213761,1.0862348291214032,1.3005827759860316,1.1838901012948073,1.3675018537845427,1.4131976325244953,1.3411845083440126,1.297704685036286,1.3675959950085497,1.6263399838080916,1.6226229664498089,1.7188849562091455,1.6364258079661769,1.5085779851848105,1.4513653498581909,1.5033506174299285,1.3697439971311132,1.0767504223887463,1.112609912858785,1.2235164208906373,1.223146254564062,1.123065417473907,1.0566264595284522,0
0.05560270741199489,-0.03150635842264516,0.002049395946078828,0.06325660888208258,0.43345501363313127,0.45608912078124625,0.5139723158603791,0.6753279780968006,0.5813270342819524,0.5316291440480433,0.6603051590179755,0.7309232946619011,0.9885319879790608,1.0322635668273346,1.0108080042744712,1.0893930775665521,1.4500220615547321,1.0739724616086057,1.2863598455533887,1.1645691880837064,1.3524394676395177,1.4006259776950845,1.3290465251921675,1.2836376251883757,1.3533846006420969,1.6108986160254564,1.6055783567769655,1.698929578558335,1.6195467225384719,1.497893471770055,1.4403926942858825,1.4961306702821686,1.3637321782651752,1.070229058562545,1.1083346602883561,1.2218254625432736,1.2199520224806701,1.1202137557748173,1.0524572614786816,0.9195686293293248,1
-0.03941855281668019,-0.007292035405963671,0.05303307104819152,0.4184255728523517,0.4360736067952613,0.49197825228431474,0.6529926606890843,0.5638403876350401,0.5159588188861032,0.6419569356052426,0.7163117513494455,0.969043849598655,1.0102476284699815,0.991102281497788,1.0682024693770586,1.4360167292873536,1.062837833859071,1.2729960484431015,1.1511306826037533,1.3315167907310514,1.3853630912013046,1.316863232061246,1.2717579709706304,1.3389922912219905,1.5952976648180912,1.5902537702447956,1.6813944235618588,1.6003404078850465,1.481889870480154,1.4299571236422215,1.4849778515738712,1.3568013352219717,1.064652642371256,1.1017490969146855,1.217459696753808,1.2182605632954122,1.1170530748161478,1.0496256292130355,0.9155258245147151,0.997781113758647,1
-0.01535030924516982,0.04321655403817086,0.40457841330477157,0.4210133740405425,0.47130558752210144,0.6282798309114433,0.5433398416746619,0.49929103504480776,0.6250575270825349,0.6972158214465994,0.9523019400777857,0.9905235740113753,0.9696011874144127,1.047867017988556,1.410826241662883,1.0508974242996025,1.2609256413435013,1.1385111472812828,1.3171154559681715,1.3641275334665814,1.302107361534367,1.259839067470776,1.3268641489699717,1.5794922404574228,1.5747707264671336,1.6656433822498569,1.5834390440542143,1.4637215615411776,1.414382860345163,1.4743795016495378,1.346209263308335,1.058341095188492,1.0961268602742757,1.210652320905797,1.2138977519433631,1.1153471571763738,1.0464879566440002,0.9127330356243752,0.9936661822445074,0.9958888359674752,1
0.03485357348809397,0.3914860604531679,0.40713981237586455,0.45583106275438157,0.60511140533127,0.5207714489476651,0.47985278945872406,0.6070230717826122,0.6797008130268616,0.9300554632773371,0.9735894942720759,0.9503187109498169,1.0256559120745943,1.3867315428955225,1.0301510384563746,1.2479287940921644,1.1270730682157837,1.3035823889674745,1.3495381242567142,1.2816630022969757,1.2454283642581698,1.3146909276178214,1.566284489855999,1.5590852085007993,1.649729771178437,1.5682389880619843,1.4476984667664887,1.3967235900863375,1.4585245018228226,1.3361175539871033,1.0489502105399788,1.089750140284554,1.2048717724455154,1.207097616265138,1.1110696360938586,1.0447721238148617,0.9096399835642665,0.9908512272591556,0.9917756494912623,1.1287327282886357,0
0.3810220500195765,0.39402359141431004,0.44160227260511536,0.5880634611738992,0.4995715640844081,0.4585259880399283,0.5858118605763063,0.6609818453203276,0.9099465542142343,0.9510588215981218,0.9337443275068031,1.0057644638961796,1.3602819284193093,1.0102330850744932,1.2249087557726377,1.114790080667381,1.2913681694368353,1.3358266123663214,1.2675491870109137,1.2255226386698332,1.299948206051491,1.5530063312880829,1.5459690654117975,1.633606386218964,1.5528816757337223,1.4332619325507943,1.3811311990302635,1.4405323801627494,1.3211363295211742,1.0399437864958723,1.080232846352932,1.1982698773238667,1.2013222352529824,1.104478513484926,1.0405530923290354,0.907904922062345,0.9877327123644568,0.9889612307938141,1.124497034624782,1.0816704315614862,0
0.38354427263967383,0.4281649170733133,0.572485566123096,0.4837646603789205,0.4384658536035858,0.5624128592815867,0.6388826248153157,0.8883433151157354,0.9307159290765635,0.9117456009582928,0.9886940302129488,1.3367551438817002,0.9884927034032983,1.2028539324548233,1.093306402602509,1.2782089667405976,1.3234607852855647,1.2542889182672263,1.2117325991385424,1.2795243657691362,1.5368210863910652,1.53278466357499,1.6201557162997993,1.5373240208273327,1.4186755050164068,1.3670690963923378,1.4246583595530606,1.3041801875876053,1.0268342942376862,1.0711122101973312,1.1883158333375923,1.194727690061456,1.0988523091116191,1.0341053048296343,0.9037993203129154,0.9860086237654949,0.9858433319485446,1.1216449668184936,1.0774781382340366,0.893336366757243,0
0.4174796315282562,0.5578285893008553,0.46925087688518463,0.42337749047625184,0.5404504960863633,0.6144457394592189,0.8625023657664849,0.908852513553365,0.8918406690327422,0.9659617069996029,1.3167234733572049,0.9690049918057475,1.1787042542923132,1.0726955123717241,1.2548395089880267,1.3101304269314205,1.242306469315683,1.198779528580317,1.2654228845438327,1.5141461882207659,1.5167218204489543,1.6066289392446798,1.5243055640787226,1.403901804236688,1.35286071126423,1.4103514227204235,1.2891827218214165,1.0120973458264917,1.0578057425520244,1.1788005889324202,1.1847879020116838,1.0924699456091183,1.0285814014748293,0.897629504702723,0.9818382929781193,0.984118977870475,1.1184838193527364,1.0746394082899622,0.8893177530488786,0.6517039763045468,0
0.5463610726240503,0.45555588093553767,0.40947980884468727,0.5241628980038059,0.591530624102935,0.8336922370951562,0.8826740406147598,0.8704642410204587,0.9454527920442057,1.2896118488263366,0.9522634299294944,1.1571501075309965,1.0501738523032376,1.232456287249923,1.2863926100333676,1.229408921437545,1.1870580765358736,1.252174318347444,1.4986915832758765,1.4942379302618232,1.5901191166584385,1.5112211404173623,1.3914822820803106,1.3384714621001275,1.3958958423406227,1.275637816517339,0.9989775662552478,1.0428352529850184,1.1648135620040092,1.17528553799448,1.0829417055108674,1.0223445460295035,0.8923039952199705,0.9755098518298971,0.9799502131415343,1.1167781027485928,1.0714935824123855,0.8865323986087904,0.6479081933494828,0.6664427732426486,0
0.44470535200122957,0.3963417828884981,0.5092369503124557,0.5746423760250109,0.8067625914319884,0.8534694224327466,0.8449175308284003,0.9234047689272006,1.2654973781137295,0.9300174672522341,1.1387252890500137,1.0300160442029636,1.2079363436124526,1.263663189572367,1.2066025940330174,1.1744551782138541,1.2402018119307028,1.4841591743419222,1.4788981413036926,1.5669377149522625,1.495288821314397,1.3790108447126674,1.3263456578588666,1.3812552070560549,1.2619516163122404,0.9870650243930026,1.0295178714472055,1.1490361766928319,1.161320725167298,1.0738111793790506,1.013098533597247,0.886349325693226,0.9700711282563756,0.973625609789604,1.1124993957590306,1.0697812631537065,0.8834478867167593,0.6451913196201637,0.6626333983299073,0.6129197708116025,0
0.38584847899752733,0.49516934862251816,0.5592014099868756,0.7873434358329039,0.8261776450558287,0.8164513018571399,0.8969868068890131,1.2394401801082195,0.9099089814757898,1.1139899990200406,1.0127286416520096,1.186064622986672,1.2387529108216788,1.1847486248184589,1.1522829920351323,1.2273154885666742,1.4710959095823115,1.4644746696890851,1.5511786478466625,1.4730086138861151,1.3638787946362692,1.3141748293699231,1.3689373458583578,1.2480934050263413,0.9750269293160837,1.0174335446364797,1.1350360710102723,1.145569677699402,1.0604876550322406,1.0042230031181434,0.8776506415307828,0.9639554284424076,0.9681896253249496,1.1059053669560723,1.06554150515308,0.8817091449319044,0.6421854735016927,0.6599123474979726,0.6091597542275534,0.5508790219115859,0
0.4840798407426896,0.544668220083605,0.7697323810284848,0.8065301883086848,0.7898373477000091,0.8675022795667552,1.2078211661289053,0.88830621304821,1.0918320062749294,0.9896754484443965,1.1673811182840157,1.2165464027562813,1.1608254073675266,1.131025014219737,1.20453331842622,1.4569781867157752,1.4515039585471807,1.536357365450338,1.4577912597946068,1.3428474071517678,1.299435231746704,1.3565699545336136,1.236373309415498,0.9628447646024995,1.0052220080040348,1.1223582190739203,1.1315918567812109,1.0454969424219318,0.99133925583832,0.869269627877015,0.9549444096711477,0.9620778214879273,1.1002770883763147,1.0590429250779525,0.8776252531323868,0.6404128316458746,0.6569017030208862,0.6064538722777463,0.5471762186290599,0.5570401585720254,0
0.5332800968894169,0.7532373818852612,0.7887233801025348,0.7706172156344189,0.8399535524512367,1.1722577735065258,0.8624658742943975,1.0679503015540572,0.9689023555822366,1.142263263477185,1.1975901901657624,1.1394654942255684,1.1077737702767432,1.1827020531788996,1.4315458133974726,1.4374907230582048,1.5230486725476267,1.4434839542866627,1.3283807258423639,1.2790162663780724,1.3415737391835745,1.2246177079528675,0.9524051549744473,0.9928634612625897,1.1095474336601199,1.1189333780685442,1.0321624499251842,0.9768699588526971,0.8572387467410169,0.9462811984264401,0.9530743593599322,1.0938917746221422,1.053482770087061,0.871508640112479,0.6365289160047,0.6551311289601232,0.6034606527343851,0.5444879195644501,0.5533316735565137,0.44109196030185893,1
0.7405910088769114,0.7720514154645193,0.7531768105794082,0.8201441051407461,1.139128796855427,0.8336564592724348,1.0391535275332484,0.9465605815149726,1.1197902984262895,1.172069034280148,1.1211988926721617,1.0869902036703523,1.158804434192191,1.4072237807378525,1.4122832262154017,1.5086538763079722,1.4306119383714353,1.3147856580889155,1.2649177154911782,1.3207543218112523,1.2104201996578396,0.9419600811836645,0.9822890971963122,1.0965794786662628,1.1061421527039867,1.0200632477301184,0.9639766423554424,0.8437806387566837,0.933763626527154,0.9444179756215741,1.0843578122109179,1.0471943520550315,0.8662211023394552,0.6309023662812163,0.6512350154178941,0.6016825696075685,0.541514897989976,0.5506416283724501,0.43749040144933377,0.6091501936814309,1
0.7592915417159342,0.7368360826624988,0.8021984005510564,1.1158013550499553,0.806727468721915,1.0068887015751844,0.9197615400795178,1.0955583622448724,1.149264024361575,1.0966975858176413,1.0691930768576086,1.1374664766571085,1.3805178498898438,1.3881725415013464,1.482625189013223,1.4167101237611759,1.3025187624505654,1.2516719295976033,1.3064150569437663,1.1908471647724364,0.9294734997315168,0.9717061074716009,1.085539531639523,1.093194089374155,1.0078366922626603,0.9522609757985064,0.8317429013736699,0.9197284803400156,0.9319121787493729,1.075222115909385,1.037848328745161,0.8603204419495809,0.6259645960879472,0.645578573413002,0.5978307519661874,0.539728110790885,0.5476666009800454,0.4348332169881851,0.6053936533602701,0.5761626491793861,1
0.724288654922571,0.7854008704463845,1.0948391987449904,0.7873087261299326,0.9767877283733903,0.8898316162584629,1.0663072373742326,1.1246628729925439,1.0747322355340043,1.045386064806422,1.119217759487849,1.356771224761574,1.3617049030524833,1.4577427165230092,1.3917424255915505,1.289300091648259,1.2397017853381587,1.292940881811765,1.17725710751785,0.9125703664577056,0.9590394732983336,1.0744800358370987,1.0821693394173413,0.9954628720617048,0.9404216545926366,0.8207710311291537,0.9072025040285626,0.9178909934609811,1.0618896748534106,1.0288824373904648,0.8517265139974616,0.6205614283109343,0.640619468524811,0.5922828618775212,0.5359276383793488,0.5458806781641177,0.4318959376588307,0.602688839741247,0.5724365296117392,0.6199246936111135,1
0.7725604625042254,1.0753147281856972,0.7696980254522704,0.9553692512831193,0.8618740260603043,1.033511376993444,1.0949327699227396,1.0510647383780707,1.0239923396391808,1.0947429014151244,1.3365604786325276,1.3381626594914584,1.430404896155317,1.3678571133039024,1.2658026473540638,1.226818128705344,1.2807766970674959,1.1644937799889374,0.9005852022709314,0.941855367724456,1.0611913109925177,1.0711253972257622,0.9848768391962812,0.9284416336983642,0.8096826790306565,0.8958061840651271,0.9053768296330186,1.0468883902696446,1.0158428496466356,0.8434401486770993,0.6129324378454598,0.6351859553020347,0.587401232575225,0.5305055753532779,0.5420751067654875,0.43009374776818654,0.5996968474203637,0.5697410649483333,0.6161582171637103,0.6435307342355523,1
1.0607253365756155,0.7532033464476304,0.9360439081959643,0.8418068164284771,1.002922927191251,1.061577091261462,1.0225458531255023,1.0009604574110458,1.0727993268784752,1.3091840235349113,1.318118396506419,1.4061163042214693,1.3416435796964485,1.2432991387225798,1.204041697871689,1.2676739805869695,1.1529335344428977,0.8893445960422638,0.9297013094875544,1.043036432826692,1.0578569780114022,0.974281906908837,0.9181564603081901,0.7984663589324106,0.8842892890695772,0.893990778832907,1.033544952699647,1.0011887825604529,0.8315725023492924,0.6055179036525229,0.627498106760261,0.5820779169061696,0.5257137512403783,0.5366405481177168,0.4263841356704325,0.5979182354367495,0.5667598120432263,0.6134503499581545,0.6397424885551215,0.6944574716233013,0
0.7405571787672528,0.9179991537407617,0.8236400973950643,0.9811971269274015,1.0304747419820677,0.9906058169233709,0.9732661473755659,1.0491560431264886,1.2848515131613192,1.2909881492911761,1.385464088056958,1.3183192799133951,1.2186435729841572,1.1822158266554619,1.2444260917875107,1.1405126284047173,0.8790780610991724,0.9183004567148823,1.030298837654768,1.0397337867847793,0.9615996814194979,0.9078694460088778,0.788764646754181,0.8726371606958675,0.8824842520312915,1.0214379741196893,0.9881391298700892,0.818307931467898,0.5951538568255199,0.6200303936788176,0.5746038077200624,0.5205181701611117,0.531839805639799,0.4211847357120754,0.5940695375159971,0.5649765720372786,0.6104548498940828,0.6370279311933438,0.6906222618614658,0.7328023091858418,0
0.9043588108327999,0.8066427652433076,0.9616082741856953,1.0084249605915248,0.9608029927667066,0.9422898549951152,1.02066856961701,1.2585518673357277,1.2668583461951606,1.3574347536350613,1.2984525474457234,1.1966555303202207,1.1583242893773162,1.2221571254352925,1.1187321238272891,0.8681176752607909,0.9078977756148867,1.018344325489916,1.0270152388125147,0.9443912455944001,0.8955892151989473,0.7790747823448162,0.8626024945310761,0.8708426676305407,1.0092035672758217,0.9762875526977622,0.8064339481436151,0.583672007990915,0.6095746321289786,0.5673292103854988,0.5132918151945483,0.5266315395063074,0.4165518305038625,0.58852929264158,0.561155174771088,0.6086777495302954,0.6340247459532784,0.6878932714215443,0.7289317382333016,0.6300601129147537,1
0.7936742098322237,0.9433253010533827,0.9885583150827392,0.9395724797975313,0.9133717240744145,0.9887652467100436,1.226618328861891,1.2407840994430273,1.3325647162370093,1.271584845805281,1.177877273146045,1.1369915480771287,1.197766003442836,1.0978422641156882,0.8494804846663033,0.8967836890865437,1.0074712529755694,1.0150787986159537,0.9322225623048928,0.8790080921352751,0.7675741457379549,0.8525718646477384,0.8608160569755423,0.9968217625887471,0.9643110102233564,0.7956044372239125,0.5733064071231109,0.597984042995958,0.5572065050107283,0.506241066392702,0.519380580587795,0.4115822880448168,0.5836531198754173,0.5556818331159344,0.6048201345802493,0.6322509574238474,0.6848735064870762,0.7261918805345424,0.6262842896942867,0.6896194315714653,1
0.9295321713198218,0.9700242110171138,0.9204083037321833,0.8926989542516743,0.9589961244596037,1.1906873275216154,1.2091429683400687,1.3056673706409876,1.2476712010962125,1.1526192912080164,1.1187470798976233,1.1760047721561924,1.0750060691379815,0.8315448377112089,0.8778157057183514,0.9958261232905065,1.0042210801240339,0.9208078332936309,0.8672164901201453,0.7522095795526927,0.8406263501424006,0.8507936715936177,0.9862296296407098,0.9521914416553064,0.7846598172914614,0.5637882060404222,0.5875264356604392,0.546010799346209,0.4965044203492191,0.5123076018576234,0.404794357956215,0.5783375653213861,0.5508534104613396,0.5992580375570248,0.6283738059981288,0.6831068627779573,0.7231596320654652,0.6235735500231788,0.6857886833973633,0.6997149083359776,0
0.956070012896405,0.9025092479034466,0.874013006697811,0.9377868584113435,1.1572208950665073,1.173553725751763,1.2729584438047925,1.2218373102934095,1.1300309570267508,1.094278505552755,1.1574112687819667,1.0545784868530075,0.8120394839368731,0.8595691664256978,0.9757152352365093,0.9925932841918609,0.9103933628813105,0.8561595355300797,0.7411492568072868,0.8245675519255078,0.8388589204922712,0.9756284541556257,0.9417996549745741,0.7735896661481652,0.5541675415529606,0.5779282489045778,0.535887307638706,0.4857664406156321,0.5025326170715999,0.3981397306243448,0.5708785096066901,0.5456057733734869,0.5943662684928807,0.6227638327193151,0.6791875641331483,0.7213983679857578,0.620574750274829,0.6830610640998654,0.6958748502233854,0.7118274833264364,0
0.8889623520370935,0.8565462802406726,0.918640900200267,1.1336807087138188,1.1404010194647478,1.236121187063991,1.190507989927471,1.1056707368715069,1.07234010451971,1.1324265147560941,1.0370713342774005,0.7944687386631911,0.8397132850851013,0.9563945482065949,0.9725197016320591,0.8992659669399093,0.8460490318134973,0.7307861394221847,0.8130899223511987,0.8228169185690258,0.9629380780147154,0.9314035261130245,0.7639996258655881,0.5444437917693415,0.5682268274026189,0.5265795837610328,0.4760302362956034,0.4917491815357619,0.38908625363250204,0.5636175132412398,0.5382784504874184,0.5890285305133895,0.6178378934527352,0.6734743045161347,0.717447334964222,0.6187990718703782,0.6800428742363656,0.6931443697803966,0.7079762551293846,0.6852057809978603,0
0.8432766683937807,0.9007583137231058,1.112536137781633,1.1170586176242476,1.2018228343362296,1.1552831842821012,1.0762531908220356,1.0487025734122897,1.1100631339179026,1.013693158090014,0.779288680521619,0.8218418950002053,0.93532757753809,0.9532340758042512,0.8802693392132369,0.8352647956932954,0.7212651227960087,0.8023308645699087,0.8113493853425082,0.9457169230965389,0.9189808434972364,0.7544240533043084,0.535882391201648,0.5584209514760591,0.5171714262141586,0.4670592000787851,0.4819745165175082,0.37915826387922025,0.5535182647146202,0.5311364761126058,0.5815264477903419,0.6124515534178344,0.6684746478077518,0.7116563068102106,0.614933068797317,0.6782755517693171,0.6901228932363005,0.7052423418778099,0.6813791030441467,0.638802536166317,0
0.8872219808402159,1.0928467602808614,1.0960836340611997,1.1777581748536576,1.1224650221873265,1.043262821341808,1.0202225627359423,1.0859530492077516,0.9926525010278231,0.7593519878315864,0.8064169405400711,0.9164174454043542,0.9322066362414051,0.8619958788017631,0.8170067124006595,0.7111463815717264,0.7924734552705617,0.8005999069681863,0.9335405942877276,0.9021774243677705,0.7430726275802173,0.5273595914382226,0.5497968072014819,0.5076637861454328,0.4579909770380569,0.47297004455519703,0.3701074017741579,0.5423503703391603,0.5212424983088106,0.5742265760721149,0.6048552020685191,0.6629834556228554,0.7066011452044703,0.6093504157675683,0.6743602571103217,0.688356987124808,0.7022169219671823,0.6786527346134213,0.6350186507785421,0.2663583300705796,0
1.078151601950834,1.0765475673709914,1.156163902287626,1.0993335293069229,1.0124958169478906,0.9883279622101169,1.0568600007116236,0.9700132106429481,0.7411447646296278,0.7861180766263149,0.9001463625754336,0.913330409634486,0.8421096442066119,0.7994273657176004,0.6943205683786126,0.7819749472784173,0.7907506363744334,0.9221186112136694,0.8902521989211835,0.7279409050013509,0.5173825870850011,0.5412097916909024,0.49926749164653045,0.4488290346157348,0.46386806333157937,0.36173216669805586,0.5322504100961304,0.5103179803397302,0.564060281349059,0.5974701576589443,0.6551837328716932,0.7010310055184007,0.6044439754870654,0.668656809695437,0.6844333373994399,0.7004527152021679,0.6756359816567697,0.6323054334290196,0.2629179086648115,0.32672149232723485,0
1.0619507383254692,1.136067984356708,1.0785393864743984,0.9906574493039023,0.9585668468920413,1.0242488962222713,0.9428282050467217,0.7216560930801335,0.7676126714893596,0.878596179946273,0.8970869452389679,0.8242122203675587,0.7803237364379728,0.6780873266732091,0.7643318046215676,0.7802613164834713,0.9116979777182209,0.8790684625228014,0.7170205458741421,0.5043956492749057,0.5311489520643772,0.49091367153212,0.44069685031389705,0.45467179040099537,0.3532654904025105,0.522963143258852,0.5004239437864672,0.5528128945738766,0.5871569702497199,0.6476149402701245,0.6930781560646715,0.5990853698738007,0.6636641561440254,0.6787094149869238,0.6965190410499849,0.6738680399719609,0.6293037874997972,0.2603102452267802,0.32322540467203703,0.16467461108637366,0
1.121112082316098,1.0591668038875197,0.9709720773472321,0.9373626287083612,0.9938300478056136,0.9124471755319411,0.6985583455021322,0.747792438425776,0.8590605421143491,0.8755776068408739,0.8087660595858328,0.7630975471892564,0.6605014154095784,0.7473304038518322,0.7626379483473209,0.9005636240326528,0.8688502444335009,0.7067902258616267,0.49476453248996316,0.5180311892969008,0.48115727436149447,0.4326133367286655,0.44651337786938317,0.34471529315536703,0.51357564002971,0.49131569637420625,0.5426456748602069,0.5757354221835792,0.6369848523958163,0.6853710118832486,0.591542812254111,0.6581829249133786,0.6737021480367549,0.6907705526907557,0.6699563980719532,0.6275293356228334,0.2574298521292897,0.3206006337913824,0.16132796129647708,0.04861157801621543,1
1.0446748289931778,0.9526018486654272,0.9182209987132024,0.9722111704915084,0.8840754813499585,0.672954405549401,0.7242645602836525,0.8380947483305561,0.8560755967823763,0.7884358341575933,0.7481981541345412,0.6445769612890382,0.7288784020005875,0.7456551324665344,0.8815520219327858,0.8579444053699479,0.6973820344575917,0.48575744461366904,0.5083214328848327,0.4685145940950765,0.42320983153164154,0.4384030207096299,0.33705047720402465,0.5040890044453746,0.48210893894275514,0.5332999361114424,0.5654208425175533,0.6251875756562884,0.674502316599936,0.5842063710427715,0.6504025224453919,0.6682001314093148,0.6857457525529579,0.6642619021397125,0.6236560972771616,0.2556031477997766,0.317700588879644,0.15874911590447277,0.04537196028870464,0.21110282000487185,0
0.9387527556523091,0.9003423250409512,0.9527139972324219,0.8637472053399785,0.6489679626427706,0.6981578939997172,0.8130807487362087,0.8351471951882636,0.7699046085344687,0.7286765302318233,0.6307379229410819,0.712211108610699,0.7272240848657018,0.8632644880038232,0.8394246096872642,0.6873906660132869,0.47738851652344105,0.49923973179120396,0.45909041248070026,0.41111783924639456,0.42896447055079806,0.3294452969738641,0.4957087572021284,0.47280611346221735,0.5238533970973124,0.5559469966337074,0.6145550874636055,0.662422138271034,0.5739770069134292,0.6428511859220626,0.6603794135516678,0.6802187975612151,0.6592756374332572,0.6180557134260221,0.2520381461163859,0.31588235326361847,0.1559018269301397,0.042826008164791464,0.20771335462742796,0.1018749539429319,1
0.8868085017221671,0.9345139044222933,0.8453566388487874,0.6314043102840146,0.6737099606277247,0.7852371391896509,0.8101817040092709,0.7500556645448229,0.710811040458837,0.6127844318873285,0.6977669754945602,0.7105747637760419,0.8433623856781488,0.8215992951863508,0.6708389829831138,0.46857041284118217,0.4908074119888023,0.45027966453403184,0.4020246793144921,0.4168177905970524,0.32066626800471126,0.48737136083063853,0.46456629564694524,0.5143067248542824,0.546371115084163,0.6048048683187971,0.6515502836582803,0.5626548427650139,0.6322512035919373,0.652791651651455,0.6723497092113249,0.6538034933889434,0.6131366183180096,0.24719312968528226,0.31226739472936477,0.1540608567760701,0.040016504639094216,0.20512135107918258,0.0985862173114578,0.14859773908749613,1
0.9207739318193351,0.8281569435412777,0.6153842289560953,0.6558553677104367,0.7591947344227445,0.782394789940128,0.7264905400809797,0.691702357231326,0.5962100134546564,0.6789186244692564,0.6961452703609655,0.8254513522080517,0.8022183399962557,0.6548633798173848,0.4545438161006331,0.4819177429379683,0.4420775476972474,0.3935280044838805,0.4076917575960872,0.3095487709728015,0.4776364052695469,0.45637262334098605,0.5058806100908957,0.5366929074739839,0.5949499483045265,0.6415919717052176,0.552424353021039,0.6204896210763812,0.6421288484644279,0.6647182440646633,0.64604071644245,0.6077600130856623,0.24281315480165552,0.30729995360915935,0.15058000904012986,0.03815925129943878,0.20225894695011906,0.09602516988581544,0.145265915213494,0.1231892913849224,1
0.8150585980374906,0.6003275057558705,0.6395858237559902,0.7403349281088252,0.7564044302335897,0.7003403411857144,0.6690975637036265,0.5785369288270299,0.661607452091518,0.6773185696343669,0.8099941054257852,0.7847542904363327,0.6375679530700212,0.44094139046936986,0.4677371240731327,0.4334477637247077,0.3855927255249653,0.399163892822999,0.3010413856888884,0.4650271846382315,0.4468253031629289,0.49749627009394565,0.5281663007572959,0.5849879715012589,0.6315269521410355,0.5430236105742594,0.6098873341937308,0.6302927832647943,0.6539800682768231,0.6385053047624268,0.6001825433753222,0.23820336829294267,0.30283260187539557,0.1459412209976322,0.03477445790222159,0.20042449049056732,0.09319832595032525,0.1426916261461586,0.11988089890408389,0.2407951050288856,1
0.588603602884339,0.6243035807091358,0.7232034789755011,0.7375774350394417,0.6758524459421946,0.6440697766724298,0.5577945192292548,0.6431151385808929,0.6600252223281369,0.7896474851803204,0.7696611434488244,0.6218926452961875,0.42632169433663547,0.4539899422619839,0.41982646639522153,0.37726418520754557,0.39120211475404926,0.2931004933907871,0.4556231158011181,0.4345088875768087,0.4877000284489145,0.5196791111490504,0.5762445674233879,0.6213513138276778,0.5335215374343063,0.6001633705087138,0.6196274756918597,0.6420546385907544,0.6279327871392756,0.5928145587243571,0.23211322143477545,0.2980985347300703,0.1417084352728054,0.030371061449704084,0.19690521853988965,0.09134854525214918,0.13984957115378402,0.1173138108107361,0.23737825775025403,0.25832987970592225,0
0.6124350356882393,0.7071420541872562,0.7204741193095825,0.6579726595916836,0.6206122280436102,0.5349434420589232,0.6213099537012604,0.6415527292928809,0.7711027614159743,0.7498529815558546,0.6082565541497652,0.41294134023528056,0.43920703518672566,0.40660495743243774,0.36429122084431426,0.38284365856101243,0.28563740967543133,0.4468314508419455,0.425280825520325,0.47499517087382265,0.5097485967492157,0.5675354941359516,0.612444674089622,0.5239183895577499,0.5903349591485921,0.6098487250721695,0.6313137186564797,0.616203767775413,0.5825307933485088,0.22608904856125941,0.2917673329455964,0.13730800355691708,0.026306279220186274,0.19217226778573304,0.08791967082225981,0.13800634547800802,0.11448002778550029,0.23477783915144781,0.254896862049458,0.26163013200134433,0
0.6947737636960375,0.7044381277532524,0.6416815139050661,0.6033820100852159,0.5134840597967679,0.5972167301621099,0.6197732572655832,0.7512388082536875,0.731751580018524,0.5906031967883529,0.401174650072003,0.42568669630891903,0.39241474050076214,0.3516790412484878,0.36980630961059624,0.27784194892765846,0.43864554699387753,0.41665615565835074,0.46553361412500965,0.4968342065188062,0.5573153050112871,0.6035685354437362,0.5154491278685592,0.5803999404186679,0.5999649984399227,0.6214692345533488,0.6056290329650729,0.571144129111162,0.21812288192005783,0.2855253644209817,0.1316239215977706,0.022144807610062413,0.18787227632646253,0.083408249011319,0.1345388030406434,0.11263323740476662,0.2319057684103634,0.2522914739437458,0.2581940708882322,0.2382587537942801,0
0.6920861494287208,0.6263797424046156,0.5876478270923674,0.49751355938920355,0.5746170879409804,0.5957100862941812,0.7276542125797649,0.7123805761987934,0.5742758837005505,0.38628590446821276,0.4138059787115096,0.3794027474236203,0.3381758362313792,0.3571336187932323,0.266016271993606,0.43003406649466924,0.4086121315671702,0.4566874046797232,0.4872466984972799,0.5439488773265123,0.5931302382909645,0.5070206286687898,0.5716771320901094,0.589973726640545,0.6115191405372367,0.5959290216293393,0.560859065070111,0.2094840467140834,0.27718357752263656,0.12596663261426916,0.016924213063399286,0.18337625440049488,0.0792663670103155,0.12993262107745987,0.10918672312406383,0.23007547766124264,0.2494136945863141,0.25558774746245594,0.23484424551107536,-0.08430221374841858,1
0.6144986723774097,0.572849562441923,0.48285950235231784,0.5579277257275165,0.5731380315945617,0.7014812561991597,0.6894354774802993,0.556877566296114,0.3722347448387851,0.39874860070197304,0.3679361131913508,0.32575308801609004,0.3435621880637001,0.2544823592133298,0.41645216168003274,0.40016082464186964,0.44845515960033044,0.4782809865819535,0.5340896470161374,0.579423452993491,0.497166736073621,0.5629891377521963,0.5812079414233284,0.6014603761827186,0.5861247936028272,0.5514108785468661,0.20152395369798282,0.2680993933302649,0.11863321056835173,0.011685689812357779,0.17750676551333142,0.07499523238684332,0.12572310693720223,0.10463207294275284,0.2265316322290032,0.24758586389689297,0.25270889367580857,0.232244545736161,-0.08741925982778467,-0.04496380552507796,1
0.5612914276866829,0.469037695952634,0.5426572913965374,0.5564660615690604,0.6769724701411984,0.6640099498690838,0.5364916087462724,0.3573673818564101,0.38455860304855327,0.3534911130238199,0.31476643511733066,0.3310809231769538,0.2421948877379412,0.40326767538520747,0.3869236434638053,0.4397913626833088,0.4699472116871281,0.5248661252035166,0.5693596317832772,0.4843719141816309,0.5527964677263905,0.5724759619090111,0.5926430272009696,0.5762143682029707,0.5418609038038017,0.1940969769565774,0.25976248520756806,0.11074458028024063,0.005074490140101135,0.1716819594281288,0.06956193527989572,0.12135577560592035,0.10045933802419475,0.22173846148923132,0.24402750659862946,0.25088152599876257,0.22937330072887624,-0.08992754303275032,-0.048117129055168364,-0.03959652682980049,0
0.45810583432708196,0.5282782660067197,0.5412105399092885,0.6590795134531008,0.6401872851244509,0.5140571442169735,0.34026479950866045,0.3695368600047284,0.33980529681253957,0.30103126769837846,0.3200466043385878,0.23081486487813885,0.3891192010895771,0.374063142291102,0.42609686310437345,0.46116879381393333,0.516313313904839,0.5599419942832818,0.474856279369449,0.5394729835997804,0.5622258681289303,0.5838582741762879,0.567510348979048,0.5322090422157651,0.18658770351887757,0.2520079248656688,0.10341924462236485,-0.0019578471341314308,0.16405962979154323,0.0641312330374629,0.11573589520696471,0.09614431969206264,0.2173954898705096,0.2391987729549597,0.24732043739541876,0.22754265413968505,-0.09269377518151672,-0.05063656110549623,-0.04275480000572522,-0.001676078745490928,0
0.5169890196382962,0.5268449959109334,0.6427770750576799,0.6227268845411992,0.49298020216065597,0.32166786550380233,0.3522340023533055,0.32534417513007713,0.2879298692669511,0.30624094491804654,0.2206775850312508,0.37614301035194103,0.36027995752706216,0.4128065557268269,0.44722760839366105,0.5072876173190881,0.5512242614569979,0.4659587606995049,0.5296395669068461,0.5488127742246018,0.5735392832508701,0.558841584559998,0.523702563646238,0.1790111406296278,0.2441679087771317,0.09654409315868132,-0.008558663026255735,0.15582846019619406,0.05718859276113617,0.11013661300564176,0.09062590567193035,0.2128383350292455,0.2348304194092172,0.2424850103919892,0.2240009078042395,-0.09456967580171419,-0.053415600255458606,-0.04527575318928882,-0.004869321744775375,-0.07931938199224448,0
0.515564396131565,0.6274650946935099,0.6067953349025049,0.4772508061213136,0.3041136825266108,0.33340299135637874,0.30876860448928367,0.2741185872333963,0.293081509182552,0.20819853481079334,0.3647055396402574,0.34761707282533955,0.39853876936684474,0.43370545575239533,0.4928142416319721,0.5420123785464988,0.4576829230809142,0.5204405370344682,0.5389254925838193,0.5600186753402386,0.5486740196770109,0.5152359744148742,0.17209017342821886,0.23625499593254476,0.08959196652221822,-0.014803954409122086,0.14821329793151614,0.04976328749791383,0.10290323208693708,0.08511829940678947,0.20685027263945627,0.23023716253356247,0.23811187966692984,0.21921288112915446,-0.09784446908918577,-0.055285981852201266,-0.04805653970900443,-0.007401021911525427,-0.0824410231846735,-0.047634962829239035,1
0.61557747698541,0.5918186463481657,0.46280348041562264,0.29060516334384795,0.31563393143064644,0.29078762918171164,0.25838604536070753,0.27920569293631803,0.19613131974981401,0.350303668695741,0.3364348118891671,0.3854602455846346,0.4191762665007286,0.47879191519841885,0.5271382948937594,0.4489699128514916,0.5119085341941566,0.5296753556906248,0.5500667664178143,0.5353897121297791,0.5053323543252762,0.1652462935040032,0.22907706009420423,0.08258199612183505,-0.02112014691313164,0.14108618617825508,0.04282997668790961,0.09513321418395412,0.07804302696522322,0.20091833415250976,0.2241790765787452,0.2335118279607705,0.21487358092812253,-0.10197829832511288,-0.058593331800380025,-0.04992616829772399,-0.010194153801730112,-0.08495071856728498,-0.050785823047216544,-0.17429774722039665,1
0.5801460754697056,0.44916856380682063,0.27806209525226117,0.30198994591842204,0.2737988812100299,0.24139038194454598,0.26338943164468176,0.18346999136504655,0.3366533615319247,0.32241036448962557,0.3739394174194088,0.405873539458673,0.46369878569819395,0.5127393670166013,0.43516949697435114,0.5029063290860986,0.5210999321043731,0.5407553112098321,0.5255798447018784,0.49245993267028676,0.15746116123532805,0.2219701827502419,0.07609390098492147,-0.02748340175836443,0.13387966947478322,0.03629563138857773,0.08790823788449356,0.07046046820134497,0.19311123911731107,0.21818387106726117,0.22744056274157864,0.21032164813511314,-0.10585068525872511,-0.06280694466951083,-0.05323796023222845,-0.012058462301207471,-0.08771857292536646,-0.05330449806844569,-0.1773318004010058,-0.017093898848762452,1
0.43835656808864465,0.2661486705200323,0.28933072425057205,0.26064683304598574,0.22530612616885604,0.2462959189709956,0.1692292698353365,0.3222317239098941,0.3090707967650085,0.35941427115930946,0.3941700819883743,0.44991237142043117,0.497221623682168,0.4217796452048101,0.4884835114743328,0.5120487076280025,0.532127791318115,0.5164031583539328,0.4828976521985192,0.14789464016326373,0.21384170073419484,0.06969304880682327,-0.03347741145821334,0.1266109961600344,0.0296875974785192,0.08112033366593742,0.06339410332268405,0.1846610049709193,0.21026766285231988,0.22143344962667225,0.20434371443867078,-0.10973850303698303,-0.06673627471331577,-0.05746245867131661,-0.015401637385613058,-0.08959377447392948,-0.05608266759718204,-0.17981457809287918,-0.020272923702617695,0.07562272010128641,1
0.25644079175148954,0.277312294062941,0.24840941569302116,0.2127243031436634,0.23012183997223679,0.153977210409214,0.3057073754419575,0.29499468389433253,0.34566246926115207,0.3793748496800471,0.43781491671837625,0.48307102136810803,0.40739962367771293,0.4745087015510468,0.4975203911221624,0.5230177532969736,0.5078901386686216,0.473955876162873,0.14031955536394222,0.20373938232651512,0.06248630040539186,-0.039372586380775516,0.119925254095509,0.02302755344192685,0.07425629564284868,0.05674408768501403,0.17686048956819939,0.20168806016662064,0.2134967050188466,0.19842092733226668,-0.11442831816319878,-0.070705085637634,-0.061399557955311566,-0.01970304364221386,-0.09287269157754344,-0.057953423946754797,-0.1825515113208996,-0.022800254325710107,0.07235819299334428,0.06654577808452865,1
0.26753706771948876,0.23677230612934386,0.2009758167997256,0.2174833890843898,0.13949354041315257,0.28778626738676066,0.27891858032184635,0.331127975212086,0.36540068119061775,0.4224370114633645,0.47067690992684835,0.39422483665153357,0.4594691463744349,0.4834464291000523,0.508362858988451,0.4989093643823184,0.46564243729495425,0.13326322904384194,0.19584222669658777,0.053822347450543664,-0.04591916040442296,0.11332211796321526,0.016806799207852437,0.06733590728185225,0.050019267970453904,0.1695722413656301,0.19377808449472242,0.2048927536416661,0.1906296151829761,-0.1191872766476647,-0.07555199520259002,-0.06537941947386954,-0.023695033511551323,-0.09701662667283559,-0.061258563231971465,-0.18444003795934472,-0.025588366794707385,0.06980458567798427,0.06328962163344866,0.18056175602439528,0
0.22724164821510204,0.1897807119070603,0.20568634802733923,0.12792078551754352,0.27085247608721585,0.26152137019571353,0.31445721952689765,0.3506189280187418,0.4079831180942876,0.4548602862178624,0.3826255953117524,0.4457286823840643,0.46829508106240275,0.49416993406241055,0.48453266992701244,0.45688697755320956,0.12655167640942883,0.1884803198217533,0.04678980148795651,-0.053552911137293054,0.10585128277098058,0.01067956006081903,0.060916252096214075,0.0432404581804013,0.16220303429453795,0.1863946771850452,0.19696217625054038,0.1821980937979648,-0.12497139717472545,-0.08045289015810697,-0.07024776278951039,-0.027752968763365814,-0.10089622635222423,-0.06546675863140256,-0.1876403504993551,-0.027454838353510605,0.06698628841241265,0.060738586802016624,0.1772004552828291,0.13832751371430022,1
0.18053354347988645,0.1944473485777748,0.11703750953554755,0.2577350746300631,0.24506850437008776,0.2963649942125938,0.33362740619677583,0.3926679378808168,0.44004518823352146,0.3679844857103031,0.4336686574190262,0.4544587331906008,0.4788844567068196,0.470601208399058,0.4429952023469276,0.11960464831884499,0.18150914462630366,0.040248235596120605,-0.05996619667570626,0.09677522233690265,0.0038300203543788765,0.05458544555017412,0.03692896787427884,0.15476891241201493,0.17892939334060812,0.18956085886973612,0.17441341148657252,-0.13102311944756162,-0.0864818007601085,-0.07516802336330121,-0.03277274401989161,-0.10479430319378565,-0.06939222212311293,-0.19159165657390426,-0.030785253573940595,0.06513282462941294,0.05792324462315325,0.174617107336447,0.13500516093004805,0.17225870070323576,1
0.1851720274041788,0.10662457434438584,0.24552736457726076,0.23225429601549352,0.2792741214581198,0.3151602770821671,0.3749844078957518,0.42432836883579095,0.3541372091547257,0.4183461060939495,0.442320604068444,0.4649330671454269,0.4556105280439879,0.4295194874097105,0.10960495793074615,0.17426901853230764,0.0339740256480657,-0.06592020875651232,0.08949495622098186,-0.004276508374880379,0.04747014348344393,0.030708863881513542,0.14795676898406254,0.1713975658300335,0.18207749223851627,0.16713892775621586,-0.1367942252526142,-0.09282375501506414,-0.08123033278882873,-0.0378298249386034,-0.10950401681598601,-0.07335553344936767,-0.19533377322433035,-0.03505539039795692,0.06172567667775664,0.0560685073810038,0.1717646461476444,0.13243378253347163,0.16890505694866725,0.19302382823222095,1
0.09787906778194223,0.23391711108364735,0.22030655434967328,0.266057690075839,0.2977252518166156,0.3557084761662721,0.406123797410275,0.33949655266502843,0.40393778658843915,0.42688254640040685,0.45270122848559946,0.4419119836140452,0.4150426561399442,0.09978718066112574,0.16363852615145003,0.027520730720219024,-0.07169523044535665,0.08271835363944594,-0.010973983460101113,0.038948892548503214,0.02373808678288722,0.14122426596547985,0.16451077609497572,0.17452727537140914,0.15978361789493556,-0.14231820951978605,-0.0988404295732078,-0.08761188589906783,-0.044128100935926236,-0.11428095380002154,-0.07819177598491311,-0.19903630080614998,-0.03902506267314855,0.05726749796154678,0.05266887155133831,0.16992590489732312,0.1295950711128016,0.16632406216002563,0.18965103510367573,0.21017914878754487,1
0.22440367790485832,0.20893131814733432,0.2537650682962155,0.2842918540367418,0.337530989899665,0.3862388848884218,0.32268807378659586,0.3886732819439198,0.41237912849228403,0.4371245860559293,0.4298861050757593,0.4017848361383018,0.08943463240914777,0.1532278958280299,0.018583646898251326,-0.0775849723386856,0.07624445550321246,-0.017197634362900907,0.032002125582983945,0.015442367083756821,0.1335845390488762,0.15770187548018544,0.16762643631716098,0.1523636288310487,-0.14790613898757235,-0.10457789863676435,-0.09366206552252092,-0.050789424563261076,-0.12009608086278364,-0.08308303316761467,-0.2033667267639061,-0.043051254450533004,0.05316361657907269,0.04822910210599586,0.1664319088818588,0.12775040456492934,0.16347430411159475,0.1870641552981714,0.20679053520961663,0.301762398189847,0
0.19956861851442154,0.24207805268445914,0.27181319766749346,0.32362951740417195,0.3675023691621964,0.3044348808930579,0.3710554927343493,0.3970088797812838,0.42250706887741185,0.4146140520727286,0.3901179586070691,0.07971417839131052,0.14220691251673157,0.00976454996723183,-0.08530918410741337,0.06956572481575207,-0.02320174236118593,0.02554194673715665,0.008631168228820926,0.12424492305194428,0.14996240957989523,0.16080315676982704,0.14556228276186897,-0.15352878405935344,-0.11038137164019554,-0.0994286621601495,-0.05707632136906306,-0.12618456560778066,-0.08909532202953584,-0.2078009733698729,-0.048009460012068315,0.04894653221096097,0.044138359773443124,0.1617608995522874,0.12429136181674792,0.16163439797537357,0.1842076369606208,0.20419879343778857,0.29828932753885923,0.2602970497579591,0
0.23251538642076003,0.2599580025865157,0.31074951737710343,0.3532484639396488,0.28719624384131504,0.35185639725328227,0.37925391012996956,0.40700994820534214,0.4002473087234544,0.37537682348310564,0.0709287339483218,0.13191314686362965,0.0005380024115415733,-0.09298837515848016,0.06014346086717858,-0.029350108696235395,0.01933688357541587,0.002299616301359409,0.11680623218584874,0.14046715088298967,0.15304491881138857,0.13884083042064205,-0.158956973901158,-0.1162232145033829,-0.10526154362922586,-0.06304870770443777,-0.1319867765804414,-0.09541756894721086,-0.21302508106525356,-0.053010912066380374,0.043618071067828126,0.03993996375912474,0.15750511687649815,0.11970600926510142,0.1581472736094531,0.18237064408985826,0.2013366900188686,0.2956716302815027,0.25686221799874254,0.2442551274808181,0
0.25028747069470964,0.29853149856811007,0.34006627574669224,0.2738866564126904,0.3337494447817755,0.35989448142466046,0.3890903891615104,0.38502903442253994,0.36144719415652204,0.060448880307777945,0.12266069981947103,-0.008216689425667017,-0.10092969183005454,0.05086837216219022,-0.037630928873461984,0.01296165114310163,-0.0037961648741849253,0.10987931632399817,0.13293490230332194,0.14352036631474424,0.13121553044131426,-0.16427305417433427,-0.12181886967937969,-0.11113329353972401,-0.06908936340288628,-0.1375378020745192,-0.10141756889145635,-0.2184128318343833,-0.059213248001332715,0.03828208921691532,0.034647750577615176,0.1530719754016602,0.11551136147560737,0.15349310400345295,0.1788663344019577,0.19950210397188964,0.29277971104548184,0.25425627238001186,0.24083508940724405,0.038650907321258726,0
0.28862826164104777,0.3275750720130753,0.2615141593756771,0.31989243938426626,0.34164034697823853,0.3695385923048604,0.3674712192537713,0.3467149660246843,0.050027638934350194,0.11149020736270991,-0.016215452729249104,-0.10858205097302302,0.04112769907989781,-0.045833242867286045,0.004192572483804179,-0.010048024623342464,0.10327771137465597,0.12591921895526573,0.13597050906518152,0.12189842768230562,-0.17006360556565847,-0.12730634421807985,-0.11675179745721803,-0.0751724100801988,-0.14315303354110911,-0.10714054190652124,-0.223622143404829,-0.06576082161460678,0.03150280802347202,0.029344519139745992,0.14732444954048662,0.11116517532790794,0.14924934016155764,0.1741700502978621,0.19598359645606805,0.2909579737670308,0.25137785259124734,0.23823369020812862,0.0354204752155521,0.07098439274508851,0
0.3174966218829966,0.24975493472785495,0.30705056700469063,0.3276905526518095,0.35110786860465804,0.34834221999932646,0.3297876924115865,0.03919654056670981,0.10050035091134696,-0.025531902719579492,-0.11568288685999673,0.031932045712802844,-0.05436437469294062,-0.004468626446120604,-0.018551582079898026,0.09645480750057091,0.11924219676569521,0.1289381186247614,0.11447326965177233,-0.1765175828600325,-0.13332065513459374,-0.12226265679544075,-0.08095234301320114,-0.14880344348099828,-0.11292937906891043,-0.22865773276721169,-0.07195147317233852,0.024271187207766394,0.022621720793902945,0.1416098383268945,0.10558630816165807,0.144833293699018,0.16989622853043163,0.19125251903255525,0.28736367150221165,0.24955029788802258,0.23536049302310097,0.032877346031922924,0.06772414305201158,-0.01184644777086781,1
0.24014595559929602,0.29486701644985874,0.3147691197941837,0.33704674591939643,0.33029961414791115,0.31139565506916234,0.027330153319742364,0.08903698460911028,-0.03499529341664427,-0.1236714137798733,0.023574088266269645,-0.06252261378007815,-0.013517145805697418,-0.02696323351678834,0.08672225575622104,0.1123341514368555,0.12224690201725497,0.10755919373382623,-0.18222169986399098,-0.14012380920376627,-0.12830749715599307,-0.08662841867921342,-0.15425284545676957,-0.1187563379597152,-0.23375255749708712,-0.07784018885772771,0.01750175512650351,0.015457068088806933,0.13417755576334012,0.10002408184572055,0.13911892535169454,0.16543742911771242,0.18695386460531743,0.28244685081383586,0.2459903125501197,0.2335306877014779,0.03007108529939562,0.06517185027876878,-0.015030311766836427,-0.007233084501624773,1
0.2849858865011458,0.30251364477091575,0.3240298562270773,0.3164831752257556,0.29402956221223825,0.014853159100741437,0.07635036415705788,-0.04476131579123351,-0.1320415020698511,0.013726434772878516,-0.07003552441885337,-0.022119144221437664,-0.03573039092294239,0.07715554611567049,0.10241835927905908,0.11532283205812119,0.10096849765636216,-0.1875028533883389,-0.14603781835614024,-0.1351582924274639,-0.09288895311183273,-0.1595906355252235,-0.12434062190157151,-0.23887373789186636,-0.08379636702881596,0.011109877533656044,0.008744298527295238,0.12617171286358997,0.09285460918747446,0.1334342722992089,0.15964013707820454,0.18245974440952129,0.2780156278537557,0.24115758921848418,0.22998397873758847,0.028212434516943843,0.062355063065755986,-0.01755912956298071,-0.010421202890850054,0.011774571305743761,1
0.29258638447109614,0.3116880860700676,0.30367608596319107,0.28063962195743225,0.002916931031537016,0.06291470095631281,-0.055245993405880024,-0.1405918337572918,0.00382569489386837,-0.07863345869120356,-0.02999352800675945,-0.04409106734431854,0.06708607375316483,0.09267943293669344,0.10537255188401265,0.09415790923188284,-0.1927062115372863,-0.151518117388408,-0.1411009389779273,-0.1000763390172158,-0.1654095296004085,-0.1298164584237651,-0.24391881278903138,-0.08979350397394642,0.00464568521649267,0.0024016804039016853,0.1187472022123983,0.08516036323362461,0.1260536569389324,0.15388056160115982,0.17659394412131288,0.2733329485415508,0.23678638815587202,0.22518379060248597,0.024835884619931095,0.06050094854372982,-0.02034895039068556,-0.012951328154073244,0.008568924263782411,0.05347458215500671,1
0.3017054784746076,0.29152398013145386,0.2681982275924933,-0.00704982280303984,0.05009843822997488,-0.06610807840385519,-0.1494994111994483,-0.006426635133641554,-0.08750528276707156,-0.03912603614529334,-0.05176887741273763,0.0576084117595257,0.08241578820625287,0.0956012123184409,0.08445186264984245,-0.19795058023385464,-0.15689067042225255,-0.1466084091513315,-0.10622131211511107,-0.1719077356574744,-0.13581557561696683,-0.24884278979579463,-0.09550780256858277,-0.0018680785831135024,-0.004012777410431069,0.11178583312946155,0.07799949848703984,0.11810907254740216,0.146370731629679,0.17077247072390625,0.2671014186823546,0.23218908110893316,0.22083581053404175,0.020452689760032117,0.05709763929467498,-0.022214685752807602,-0.01574265090703575,0.006033412066393216,0.050230479818153935,0.2442551274808181,1
0.2816630179524631,0.25637671820469504,-0.016556057217121015,0.03957687818835516,-0.076561859340952,-0.15851821917925762,-0.017542193523646624,-0.09661351638389801,-0.04843798428231252,-0.0606106774507149,0.04902073847600678,0.07277158605851533,0.08530102204836337,0.07491006362561367,-0.20428582758163688,-0.16232604980276505,-0.1520040469042095,-0.11192074956007904,-0.17763843882263589,-0.14259501987848394,-0.25412144050917185,-0.10111670403838516,-0.007977075902962408,-0.010475963524445596,0.10474665743468875,0.0712673295427778,0.1107363934530566,0.13827294571338233,0.16315588879183446,0.2609495047863455,0.22612313943526022,0.2162715319143515,0.01640232579486695,0.05264886773613059,-0.02554944378963602,-0.017607739032494223,0.003235901186313933,0.0476831494767788,0.24083508940724405,0.5334840461214958,1
0.24672779137841716,-0.025724115740697988,0.02959493349750484,-0.08559402399334232,-0.16727991693688998,-0.029141636905512518,-0.10624485295193091,-0.058035611061417886,-0.0696832804982707,0.03883336380477909,0.0640482541202976,0.07562547507093934,0.0648686776990166,-0.21065961407147932,-0.1690723880439258,-0.1574654875215845,-0.11747948353719795,-0.18294481727615047,-0.14849477693041338,-0.25977659671384634,-0.10728954086803635,-0.01398993618870319,-0.01654631990286012,0.09764816217426564,0.06445956427674218,0.10382008404982385,0.13077064097566757,0.15493153388320846,0.25276303018456453,0.2201208361994972,0.2102696522322603,0.012261362031727518,0.04855170042262071,-0.029830223156931585,-0.020946315111522597,0.0013734797599660672,0.044872062752812115,0.23823369020812862,0.5297972842957948,0.5583183198241098,1
-0.033671193075802304,0.01999682214336812,-0.09429890890397598,-0.17524533013444832,-0.04027229478857165,-0.11610957331364653,-0.06830183119712531,-0.07901476902103524,0.02865292550819404,0.05366025715605461,0.0668766105670166,0.05541510522652836,-0.21712910198257668,-0.17583253426998727,-0.1642679144428293,-0.1231250498233832,-0.18816960663402377,-0.15396155358081326,-0.26500053781030525,-0.1143400746499802,-0.0206901514144418,-0.022519632685780437,0.09109243476252027,0.05759640270301859,0.09682640256748631,0.12374164173004822,0.14732213760651403,0.24386298987829708,0.21219238692737522,0.20432522967697536,0.007080544538660895,0.04434416582385663,-0.03380749121950899,-0.02523645100592569,-0.001980827148775746,0.04301549167344923,0.23536049302310097,0.5271139151178764,0.5546086561022413,0.606289309316413,0
0.011773920898827794,-0.10274252938394833,-0.18303554497942642,-0.04973118755670158,-0.12564779793002992,-0.07890858831079807,-0.08893573135850634,0.018089586596726784,0.04331464299894777,0.05645085411083651,0.04684705455023808,-0.22351908486066668,-0.18273763837896595,-0.17108077506366617,-0.13032374979136105,-0.19343816985560497,-0.1593226179405342,-0.26982610080536584,-0.12040278515689855,-0.028563659267715473,-0.02916821765174054,0.08462236357783531,0.05122046831855232,0.08977417281374027,0.11663418368155418,0.14020003850553514,0.23568188810116472,0.2035982708007628,0.1964966040513548,0.0018779602722299692,0.03903422742899003,-0.037844486880192006,-0.02922039700146642,-0.0063095131499952516,0.039626673630016936,0.2335306877014779,0.524146556646863,0.5519182486762164,0.6025354072715899,0.5500052788681686,1
-0.11022497233199113,-0.19065228306906035,-0.05880196410204792,-0.13410276221251247,-0.08912798450050283,-0.09913895940285768,0.00657056031006,0.03256763783551177,0.04607415190025446,0.036688699276747234,-0.22959162659993615,-0.18950124593648113,-0.1780453140517821,-0.13750904374086698,-0.19982548836871172,-0.164745027310143,-0.27464238727005486,-0.12602417191923465,-0.035121064176978765,-0.03696115647638321,0.0773252480220501,0.0449344083144825,0.08325379187372502,0.10946624843035177,0.13299858279382548,0.22806277775255487,0.19567601513283486,0.18802084245685938,-0.004671257397297034,0.03371498107517157,-0.04282364767146663,-0.03326689103338434,-0.010320973096608912,0.03521341434481249,0.22998397873758847,0.5223573290013047,0.5489428051659914,0.5998314044519567,0.5463032813419412,0.5825384769876364,1
-0.19760438667891045,-0.06757635888072788,-0.1423127353066695,-0.09801238438972706,-0.10898792578527108,-0.005500446714025285,0.02081034364013875,0.035292578572652354,0.02653215316044267,-0.2360594342537648,-0.1958781312236925,-0.18485989845031542,-0.14489349706112006,-0.20624821343156427,-0.17146345165005267,-0.2794497756927188,-0.13151659369879518,-0.04121181660527134,-0.04347013088357526,0.0685202771083989,0.03787752398392634,0.0768198964300689,0.10285746942904632,0.12573505627326503,0.22035951786844585,0.18828193222856757,0.18019872797482836,-0.01163010656335238,0.026964562678989345,-0.04784403299536552,-0.03826447488106155,-0.014406601651569298,0.031141592822322515,0.22518379060248597,0.518571252757544,0.547157061671044,0.5968403435197883,0.5436152299036722,0.5788064777011704,0.5821390515963599,1
-0.07527095125257924,-0.1503089443306633,-0.10659057061622534,-0.1176387931031437,-0.017063988476817497,0.008460854774541022,0.02349043953455302,0.01599538100751759,-0.2431774876397134,-0.2027960251664356,-0.19127830795557954,-0.15206823876898634,-0.21277287902580486,-0.1781973632703422,-0.2848445593581621,-0.1370872975669046,-0.04710301348478629,-0.04951493248899713,0.06140296444746702,0.02944743393561597,0.0695700092142241,0.0963331020028653,0.11905324631774147,0.21258567974898138,0.1808058698395126,0.17289170264776427,-0.01816874328776292,0.019767162641477518,-0.054079022105690724,-0.04330150562941165,-0.019480090884229917,0.026970108859836327,0.22083581053404175,0.5131844691042466,0.5433504324598564,0.595061330165386,0.5406424927847393,0.5761092060729813,0.5784074206556304,0.728238874090508,1
-0.15750443003032844,-0.11491965262519668,-0.12601674032232368,-0.026795787160024665,-0.0033583265015558104,0.011088537087736685,0.0045108194411306365,-0.2503356270453602,-0.21028464250598647,-0.1982576110569193,-0.15878002170319053,-0.2192101873804866,-0.1850728881604014,-0.2903344602983983,-0.14412487954037134,-0.05312391006781415,-0.05536708935064901,0.05478097197786733,0.022555464298347826,0.06083873813259345,0.08896510133794523,0.11245413454629581,0.20551399587226374,0.17326308104834218,0.16550353737509807,-0.024359979312235127,0.013026685170142497,-0.06066531050678145,-0.04956520219363269,-0.02458570294306247,0.021730094338134102,0.2162715319143515,0.5084178245567628,0.537913281527519,0.5912149999266473,0.5388555830029469,0.5731258774551535,0.5757102622280542,0.7243725114880074,1.0843066391439113,0
-0.12232863378759978,-0.1341648017477782,-0.036100562796847105,-0.013251289733905621,-0.0007787585728403207,-0.007519906040959113,-0.25743713102576593,-0.21785482815288096,-0.20579678763623693,-0.16619318765061547,-0.22532127904498087,-0.19181112584820054,-0.295807377329078,-0.15115874832609455,-0.061130391380034475,-0.06134391213961539,0.048438431261473444,0.01614727711514156,0.05376572686051992,0.080049514200167,0.10498855325838402,0.19851586328440676,0.16636791698384265,0.1580501358797505,-0.030621595175349695,0.006659979220376815,-0.06688871910975991,-0.056185527192194974,-0.030967677945575103,0.016474024936210037,0.2102696522322603,0.5032580576824554,0.533110688886356,0.5856805573141702,0.5350558337054636,0.5713435319526899,0.5727270636470453,0.7216339471062506,1.0801119147346008,0.9630410903523771,0
-0.14145768134896378,-0.0450864980373417,-0.02269425350075397,-0.010702054882349384,-0.01904647033428699,-0.264345043475136,-0.22549087451731187,-0.21342319230957404,-0.17408957113786677,-0.23184609724790667,-0.19816734559433452,-0.30134260898916587,-0.15837247150050962,-0.0690748706875989,-0.06925553836309829,0.04190799507251365,0.009986386294844303,0.047185767514371264,0.07286570949678745,0.09592069154284115,0.19052935028300916,0.15955044556811107,0.15122326298402364,-0.036929348104875484,0.00022120128887331223,-0.07280591207919533,-0.06243773456758822,-0.037728238146057524,0.009832564376405183,0.20432522967697536,0.4961011680064836,0.5278997911694919,0.5808085257337089,0.5296355427489208,0.5675168580199526,0.5709446621067753,0.7186031843078287,1.077272437666481,0.9589581957086704,0.848301153890822,1
-0.05291676657043507,-0.031805113930737886,-0.02017102729212118,-0.028754957061069196,-0.27116899081030754,-0.23302354733948275,-0.22113217090688056,-0.18211316977011696,-0.23901108842109922,-0.20505467776977604,-0.30671889581643474,-0.1654007792687814,-0.07731529684394774,-0.0771108690476844,0.03280488875749728,0.0036610217362288908,0.040878938321468175,0.06618062942879102,0.08864535372333575,0.18064857454536595,0.15179979027158724,0.1444756849272371,-0.042880954791434195,-0.006266717257754512,-0.07879084215483527,-0.06837996370301673,-0.044099100203900045,0.0027643486974785734,0.1964966040513548,0.4891131818223734,0.5206437280275608,0.575498861403398,0.524844983396052,0.5620305853203007,0.567118318740462,0.7168412799961835,1.0741257535459001,0.9561530863466248,0.8443240711642488,0.9548628554659915,1
-0.03971550600146064,-0.029305400122518657,-0.0380397442098355,-0.27791277488977756,-0.2404210094028226,-0.22875008518110895,-0.19033742307318197,-0.24622142000199232,-0.21251813306907089,-0.3121570289737939,-0.1719932814724304,-0.08522419990310993,-0.08525078114796669,0.02382975721794257,-0.005000731885921761,0.034388818259859455,0.05978448921592507,0.08187342710562331,0.1728845894764145,0.1422870705200719,0.13681627716903472,-0.04873273187674289,-0.012355969014021162,-0.08481721845505749,-0.0743901713807554,-0.050144481594670165,-0.003866824342191199,0.18802084245685938,0.4794847790357877,0.5135661375780606,0.5680512303762761,0.5196512012507314,0.5571929335310801,0.5616328561297373,0.7128940236960445,1.072413804136743,0.953045881404245,0.8415514800932642,0.9507875027012397,0.9684133618650452,0
-0.03723087239209478,-0.047007609405836766,-0.2846555221352626,-0.2475263582552695,-0.23622579681073652,-0.1985575781179932,-0.25339063223208164,-0.22006033994466603,-0.3184273332464437,-0.17923004604148654,-0.09253400883163278,-0.09307347407041168,0.014427282420006042,-0.01356106243440188,0.025372479828545135,0.05319354247142212,0.0754035016884793,0.1656490347267344,0.13474432600101138,0.12744594921564445,-0.05522264893215154,-0.018348620482314084,-0.09055385567975299,-0.08044225383141033,-0.05625883627586107,-0.010138506661937701,0.18019872797482836,0.4688751364294636,0.503783199211737,0.5608005563357291,0.5124283354993957,0.5519321693652329,0.556795782516531,0.7071122508080249,1.0681718643977167,0.9513169189170742,0.8384816298525578,0.9479847111217431,0.9643255129711824,0.9815494644206496,0
-0.05482628831560561,-0.2913253258657293,-0.25457912380271186,-0.24338047706703544,-0.2065861320322303,-0.26037768046671067,-0.22766008980250302,-0.3246428233947623,-0.18698119517301706,-0.10083158091244696,-0.1003130587864509,0.0055216991333837005,-0.022495853843852807,0.01647889623179183,0.043960206067578125,0.06872925595806037,0.15878520884332956,0.12771868411378515,0.11998879721757123,-0.06276798645703548,-0.02502245258850691,-0.09618561986983278,-0.08619853034647182,-0.06241683140475989,-0.01648134460365739,0.17289170264776427,0.45924751968854,0.49299033362291983,0.5507191101587657,0.5053807392400593,0.5445793851771881,0.5515358407204876,0.702063694863246,1.0616679377356704,0.9471753391444466,0.8367365698050347,0.9448801686832292,0.9615188810608934,0.9774495015563773,0.9625867439697997,0
-0.2976700921477799,-0.2615291910775938,-0.2504755410882186,-0.2140893443929536,-0.2672742725155149,-0.2351503401345802,-0.33052144040067205,-0.19484330138326283,-0.10945611151604173,-0.10850677798323835,-0.0025999758556345025,-0.031000308667058777,0.00716836580967414,0.03486267905885186,0.059316644480012976,0.1516662735614971,0.12103320110626191,0.11304436544799273,-0.0691281263124827,-0.03285478957951535,-0.10238830455593459,-0.09185039458749006,-0.06825402434668644,-0.02287169662477922,0.16550353737509807,0.45037088390713287,0.48320768972399714,0.5395723228940755,0.4956495302143596,0.537414406249319,0.5441846516022611,0.6965029507521859,1.0561039667830858,0.9409173554806555,0.83268994936985,0.9431500588219729,0.9584099271233002,0.974639146760932,0.9585042683193682,0.7628540770620045,0
-0.2680537105922703,-0.2574638471383572,-0.22148325204954306,-0.27406385449363074,-0.24250885939051176,-0.33600007175856667,-0.2028580526071465,-0.1182893687226029,-0.1170458046818136,-0.012098196955410992,-0.038795236343976386,-0.0016583574894010417,0.025322204764797587,0.05005062755459062,0.1412966065869092,0.11411560403107446,0.10642787890768293,-0.07503171381043561,-0.039387446448941356,-0.10948541592263705,-0.09807932039572352,-0.07398870340796733,-0.028886408347156778,0.1580501358797505,0.4413979716518072,0.4741962813347441,0.5294902216300431,0.48491799680605135,0.5274807537500423,0.5370211138366823,0.688568324971132,1.0498101211103505,0.9355289187659639,0.826664673876468,0.9390152473968817,0.956681718344625,0.971525916237459,0.9556992877230199,0.7589557926971138,0.6852007881804693,0
-0.2640128919386121,-0.22874171949323835,-0.2808458704617143,-0.24958965726522764,-0.3415119740404023,-0.21083334662502426,-0.12756398186695203,-0.12578398636272578,-0.021711243002185434,-0.04781023877159557,-0.009715795478771144,0.016298260366378665,0.04032018280033578,0.13113111045835632,0.10417925471983329,0.09958817462695067,-0.08076389455558532,-0.04545471795619604,-0.11557612448108286,-0.10521738103770378,-0.08032574604732114,-0.03480277098575148,0.15122326298402364,0.4323329558832812,0.4650872967927961,0.5202184804671305,0.47518724679897995,0.5165091960244995,0.5270899468312493,0.680877646068874,1.0404535703396784,0.9294847445656889,0.8214423254490386,0.932773850303872,0.9525356924535915,0.9697995504021407,0.9525922306975215,0.7562074180672421,0.6813741148310773,0.6563622749303085,0
-0.23546403828788257,-0.2875511740040006,-0.25662137194434315,-0.34742859667388815,-0.2186371241107065,-0.13701177241013907,-0.13493525922859317,-0.031643673695044776,-0.05702544239121915,-0.019119018038318572,0.008080171937118933,0.031133302191927656,0.12038651315711114,0.09442100793882437,0.08981946524976525,-0.0866052716418996,-0.05132596534363464,-0.12122407577303232,-0.11133270443878646,-0.08763252302153363,-0.0413770061056719,0.1444756849272371,0.42427482275853773,0.45588390181187577,0.5108466526340952,0.46622095228026644,0.5065753585703991,0.5161213359972625,0.6700373475527268,1.0314781673138675,0.9206124569918849,0.8156343872545526,0.92739725174307,0.9462668130937314,0.9656426530078301,0.950863204467346,0.7531653859530071,0.6786477478153596,0.6525621961430925,0.5900776312479799,0
-0.29391870887675564,-0.26355240875898117,-0.3534621067201371,-0.22599862914575994,-0.14616726565950772,-0.14423889259983552,-0.042344230719003145,-0.06651549471693621,-0.028653850116970084,-0.001560632660199184,0.022782490773617492,0.11032980166982295,0.08413557963407675,0.08021877321332692,-0.09422539325549471,-0.05732434016941106,-0.12673906689185252,-0.11700401027437317,-0.09384926277101303,-0.04905392198369414,0.13681627716903472,0.4162670976770611,0.4477200480915907,0.5013759582014893,0.4571575166641781,0.49743251030968244,0.5061899919433712,0.6579908374598519,1.018422175310669,0.912074590837363,0.8072203034244586,0.9213699155645295,0.9408705999116497,0.9593471318483813,0.946722000714026,0.7514083380177564,0.6756309964841682,0.6498440022116256,0.5863386794357373,0.3895960417315412,0
-0.27006472266641623,-0.35949074400967423,-0.23327103197731525,-0.1543809420150563,-0.15326205309431018,-0.05345863041506846,-0.07664215987308536,-0.03849931128334194,-0.011291070206934444,0.01294540536798486,0.10127045189640448,0.0744726938813521,0.07011098608687512,-0.10180675619718761,-0.06528235042693553,-0.13233525016455963,-0.1225388435144835,-0.09961679235944285,-0.05549315433674838,0.12744594921564445,0.40696253627820456,0.4396041220865558,0.49300788986882715,0.44800044283095314,0.48819081835671607,0.4970493113160738,0.6471474699444868,1.003748658740217,0.8997731947651408,0.7990964291523105,0.9125302870452574,0.9348153648375123,0.9539319039026345,0.9404649385263893,0.7474324340048769,0.6738630540988868,0.6468366395387548,0.5836392711459798,0.38604197185309536,0.4073854500955163,0
-0.36542428399167654,-0.24041965631590148,-0.16238402638834884,-0.16139230201525134,-0.06414403006837692,-0.08708580845942579,-0.04908704383914016,-0.02135403363467818,0.0030533663813996966,0.09038552630831748,0.06573414283437828,0.06060046181339822,-0.10963777279073518,-0.07318127469008476,-0.13942766860571784,-0.1281574273293869,-0.10523337771616742,-0.06147178473519804,0.11998879721757123,0.39502494580580155,0.4301583016601204,0.48468295813931533,0.4398719780916847,0.478852466086024,0.4878098079000857,0.6372139232032399,0.9906825496084735,0.8859943544710838,0.7875090222553915,0.9040219286886263,0.9259216235746507,0.9478496231415718,0.9350771594869138,0.741580456785216,0.6699514163309594,0.6450646512238535,0.5806534880831964,0.38339938178096383,0.40381497501883074,0.3491292567778445,0
-0.24707152480183284,-0.17019320333764595,-0.16932385278365003,-0.07332221567616927,-0.09715547501391768,-0.060069576991231895,-0.03222392912678312,-0.00718928874388522,0.07963078207983278,0.05532363869944964,0.051986019894427624,-0.11719552840083741,-0.08137033805320708,-0.14651307490670515,-0.13529805594765915,-0.11094425467408074,-0.06726772225319452,0.11304436544799273,0.38602459768314895,0.4180002764526181,0.4749642754818833,0.4317922713342824,0.47058550609131755,0.47847368127012374,0.6271739076740341,0.9788166660555789,0.8736852416428149,0.7745767133969339,0.8917714231028558,0.9173643737873264,0.9389034240200574,0.9290339207322907,0.7364817946616117,0.6642569305248304,0.6411768803517561,0.578872200294328,0.38047886744847903,0.4011673432744025,0.3456125049268286,0.24993196085433478,0
-0.17726873187305842,-0.1770683617390714,-0.08215230406907584,-0.10594547983549203,-0.07063392638525061,-0.04353624758036981,-0.018292296005441924,0.06842884732474637,0.044959493993070136,0.0417590577377046,-0.12421930306454114,-0.08923518763766614,-0.1537849060420256,-0.14242877210983018,-0.11828351548312493,-0.07318107683927148,0.10642787890768293,0.37761598262529944,0.4088674237549917,0.4623804487193278,0.42239373604675307,0.46236405481885573,0.4702084216468775,0.6170236973060179,0.9668256792371167,0.8624774515960242,0.762983860946224,0.8780529204134075,0.9050295478229051,0.9302987780079158,0.9201634475504051,0.7308497819274222,0.6592706730455753,0.6355408829661607,0.575039286920333,0.3786694528836486,0.3982410374270984,0.3429813834917907,0.2465066876669806,0.02659325332210068,1
-0.1841024140240823,-0.09070911132380759,-0.11444272842432993,-0.07973579745852581,-0.05440333180805422,-0.029877069928116527,0.056081378716550036,0.034191883902733304,0.03154602636841408,-0.13209386601102208,-0.09650911191635549,-0.16086305256370212,-0.14975168959707882,-0.12560091415777036,-0.08095610756093119,0.09958817462695067,0.3697555196302099,0.40033308845899096,0.45299164428138206,0.41030949930606625,0.45278046850122916,0.4619887106385662,0.6081364843118955,0.954691421440248,0.8511509046041572,0.752398750694549,0.8657948599544194,0.8912110718374202,0.9178822103647069,0.9116272207179883,0.7227769234082306,0.6537985392808839,0.6305963697951266,0.569537723792183,0.37500245906213947,0.3964341186460692,0.3400740435145151,0.24390367960415446,0.023373940653314888,0.1576197601129531,0
-0.09826414911716266,-0.12269864098148477,-0.08850045109624072,-0.06369605805213929,-0.04099426160674475,0.04304210809146575,0.022407859195962148,0.020946445796179644,-0.1403701257583629,-0.10475361505918242,-0.1674961519330938,-0.15687365249187235,-0.1331343140495544,-0.08868306030549683,0.08981946524976525,0.3615114419632358,0.39236581300578766,0.44421446217232213,0.4012210012761783,0.4404074595985184,0.4524073962795658,0.5992802281839295,0.944288412307878,0.8396923513329484,0.741700888306395,0.8546314522018892,0.8788684227763394,0.9039668184831746,0.8993286518950135,0.7149613497790026,0.6460357822727634,0.6251836111302759,0.5646891589306956,0.36990749981870347,0.3927524022224405,0.3382589516194269,0.24102863427083895,0.020834228713187394,0.15427961622962758,-0.03386477246498301,1
-0.1300606932951112,-0.09699810385492444,-0.07262435759895948,-0.05044466478444432,0.03058972404593927,0.010027128347005672,0.009380403660784664,-0.14881612539207995,-0.1133344530732485,-0.17479295466557795,-0.1635424433751996,-0.14043680609202802,-0.09667822774198254,0.08021877321332692,0.348720257098993,0.38400115060192586,0.436040863016353,0.3927287496545889,0.43114537897704835,0.44003793276865394,0.588867888158461,0.933880797702935,0.829805574975913,0.7308816781554182,0.8433497155046517,0.8676314780600588,0.8915421677227179,0.8855531636901014,0.7039056521526176,0.6385003886072688,0.6175360181630442,0.5594128725348,0.3653491359531137,0.3876213636434156,0.3346254483087734,0.2391996253865389,0.018031893467128968,0.15170277024344847,-0.03702833140222663,0.021565486209407896,0
-0.10451520160184509,-0.0812699499541939,-0.05950816205756549,0.020297566504651,-0.0018207323050142903,-0.002745554364487447,-0.15758835417880676,-0.1221191265816095,-0.18259353427245256,-0.17089202942167753,-0.14725265064803136,-0.10437677427392934,0.07011098608687512,0.33627892117888525,0.37095044471932226,0.42744327376246766,0.3847972286731909,0.4224884323269521,0.4307779833023906,0.5752016089622906,0.9214431201602146,0.8199263045670664,0.7214833547549853,0.8319367322273918,0.8562754952458344,0.8802339349623597,0.8732468871045703,0.6916037570702727,0.6279279020527906,0.6101046764148984,0.5520299814039327,0.3604856175210341,0.38303724926359606,0.32961256119976,0.235648218247345,0.016171551043397413,0.14885777804442826,-0.03955090901458523,0.018350810092580397,0.035026121895424714,0
-0.0888819320385293,-0.06827597620980597,0.010512319553549974,-0.011731776070496849,-0.014359539801174905,-0.1664489698824722,-0.1313307127079666,-0.1905106043866901,-0.1787360664588261,-0.15481971080313947,-0.1115152330338178,0.06060046181339822,0.322968340458441,0.3582652005205048,0.41389126551870387,0.37647293088270223,0.41441698573697555,0.4221230586907045,0.5651621362003127,0.9046163014448755,0.8081783936632351,0.7121039969766761,0.8220847709760052,0.8447870071068058,0.8688059766382632,0.8620415627407941,0.6805443052592888,0.6161989195250724,0.5997116425159422,0.5448378005378371,0.35390333180877037,0.3781371045363758,0.3251127737916029,0.23083651672336666,0.012804980120316356,0.14701581812260364,-0.042333561562651265,0.015812523065167682,0.0317990325272769,0.022484164609343833,0
-0.07596634795111591,0.0010920273970946583,-0.02119024271981394,-0.024123140031237385,-0.1750654510031334,-0.14070483877770115,-0.198596659588948,-0.18670145878741987,-0.16284279809683885,-0.1195593995076229,0.051986019894427624,0.31071080462836786,0.344679615996499,0.4007348772222101,0.36350909723483343,0.4059347204865834,0.41405333003330713,0.5557676004891534,0.8926770103739246,0.7924279558980555,0.7010087345876798,0.8122411324756404,0.8348773607536298,0.8572442927397232,0.8507175052097399,0.6704229059868405,0.6056242158822349,0.5881954255585656,0.5348572343422586,0.3474345063251576,0.3714837784020748,0.32033257170027957,0.2264803193283215,0.008446239819902968,0.1435408090161315,-0.044202386008849424,0.013011824657566465,0.02925693063920972,0.019268641297322364,-0.02637554637854933,1
-0.007016825565950996,-0.0303151181055663,-0.03345518342834114,-0.18293931429307797,-0.14979270984373838,-0.2066552919939071,-0.19485020178798204,-0.17100728422419262,-0.12797529682042194,0.0417590577377046,0.2998587288232789,0.33218621150854283,0.38661808309936635,0.35090549905211,0.3926309111741309,0.4055730042237978,0.5470694950425872,0.8814799285220355,0.7811356835478451,0.6862767549341443,0.8005397399246789,0.8249746837919588,0.847278725420148,0.8392614836048616,0.6601932263717576,0.5959242316419191,0.5778007454108233,0.5238300540385968,0.33870147162712605,0.36495076715296454,0.3139118864989931,0.22190435277779347,0.004413329543164679,0.13891632916930804,-0.04751892157154171,0.011150776857947232,0.026451849990813434,0.0167300939085,-0.02954601179835247,0.02795129965244078,1
-0.03823449897863131,-0.04246576933976856,-0.19065103104027656,-0.15796375468842322,-0.2145355720788157,-0.20298210219452353,-0.17941430909504083,-0.13657656556065811,0.03154602636841408,0.28632258420297857,0.32114200411220334,0.37366906420350093,0.3374119694804423,0.37970779020409906,0.39227336895265386,0.537879770244174,0.8712503720777122,0.7705524925572781,0.6755966835564858,0.7848618940565826,0.8131962150446063,0.8373188155212269,0.8293766414203622,0.6498501364139686,0.5861200309721193,0.5682572643033819,0.5138491536555502,0.32915340986769887,0.356107034772865,0.30758906876990105,0.21587980316590819,0.00029719106848008606,0.134693755478331,-0.05175504478673315,0.007788366939731277,0.02459269066526885,0.013929096416215439,-0.0320707119222028,0.024730734608150864,0.04103747403413546,1
-0.05031184812672787,-0.19819680507722504,-0.16593028531092016,-0.22194530716544916,-0.2109296405112925,-0.18784808318342683,-0.14555022299799678,0.020946445796179644,0.2733850447402465,0.30732172074319625,0.3622537268657189,0.32499751982066777,0.3658540023324701,0.3793541709143262,0.5230533750133851,0.8603317327043326,0.7608445004440099,0.6655943483747151,0.7736132571092286,0.7973980917597308,0.8254656277345579,0.8194993505619869,0.6408155649781716,0.5762096333927719,0.5586110760034114,0.504665391314044,0.3204240093845913,0.3464277258307634,0.299107845666919,0.20991489809157451,-0.004835475254443402,0.13030784886910382,-0.055700440896531034,0.0034398236336872427,0.021219140658556065,0.012068177503550857,-0.03485580266062217,0.022190637785939535,0.0378048410626532,0.16381085367773854,0
-0.20510339431988536,-0.17370641684420488,-0.2292590641327269,-0.2183817776603997,-0.19607273415029564,-0.1546462636980889,0.009380403660784664,0.2597559646491346,0.29415024485385954,0.3478845884308544,0.3140176266783355,0.3531305618856497,0.3655048061034703,0.5086992666309477,0.8417843883490123,0.7505146753226465,0.6563798538689887,0.7630714673551094,0.786077155371991,0.8095509053768948,0.8077540240110928,0.6318084932082614,0.5675056354234924,0.5488613696847776,0.4953823907256132,0.3123282364470743,0.3375872755358442,0.2898583408582569,0.20205094738469903,-0.009994554434240467,0.12465193983062495,-0.059692103421774785,-0.0005858088524730473,0.01684329735567015,0.008705007282559154,-0.03672357639795091,0.019387860414697037,0.035261035505362,0.16046500043549716,0.08548852726581516,1
-0.18076075097003372,-0.23644507354368025,-0.22573189164138585,-0.20369957330355604,-0.16347885920229263,-0.002745554364487447,0.2442597910549004,0.28026104063481694,0.3342612305176301,0.30029245609915484,0.34189897404114844,0.35278515928202797,0.4932320567658459,0.8239331824988511,0.7332345699086104,0.6466071573842188,0.7533986499114009,0.7754667679648074,0.798159880622296,0.7920076191290844,0.6211992595683572,0.5588368927577443,0.5402801385349288,0.4860020294861404,0.3041437172814492,0.32939496162491455,0.2813815529838311,0.19353330309396424,-0.016468741258357903,0.11902010537607324,-0.06458333598930978,-0.004691595747251212,0.01279818033783331,0.004354600771982883,-0.04004631008109766,0.017527708519507138,0.0324539978028421,0.15788639983981823,0.08221490201818128,0.126584407210772,0
-0.24312091977393063,-0.23295076861358296,-0.21119948290271093,-0.17148896894622484,-0.014359539801174905,0.22754038923777908,0.26442741129516567,0.3198695589441126,0.287199288241643,0.32780157827367407,0.34155666161189346,0.47912479662173074,0.8045230351076542,0.7165743661238493,0.6305260975115878,0.7431085348421128,0.7657356696583485,0.7874829934268985,0.7807177709679217,0.6072257278554107,0.5486693562742401,0.531737042940848,0.47770297498012154,0.2958804607654345,0.32111297049362086,0.2735053884071083,0.1856757511614618,-0.023338631135567143,0.11173058336517186,-0.06952427724196422,-0.009804184128835512,0.008664679580664152,0.0003276384809900688,-0.04429762246367146,0.014160013670583671,0.030595681846283376,0.1550393920701059,0.07965849864768283,0.12327288379117315,0.027956292469831393,1
-0.23964769518232126,-0.21855377849574684,-0.179317508175783,-0.024123140031237385,0.21170973484715555,0.2473135992617337,0.30338408505239717,0.27339715814262544,0.31440195087539907,0.3274638358283146,0.4667659904226108,0.7870339476202357,0.6985070599833366,0.6149928048955092,0.7259138929238698,0.7553797590571115,0.7776953966127401,0.7701368800460462,0.5970015638553361,0.5353850930444057,0.5217335418701493,0.46944867622181874,0.288434865204606,0.31275058950358914,0.26554259539409164,0.17833791834442567,-0.029801998341166282,0.10389400254916824,-0.07562225350415021,-0.01494512267830533,0.0034983373461995658,-0.0037800398643370366,-0.048253859373734484,0.009798519067818283,0.027217156814885804,0.15319830073428,0.07683698947268575,0.12070483349261577,0.024735722821219767,0.11794184030702777,1
-0.22533755879676162,-0.18696889237434705,-0.03345518342834114,0.1992877914601215,0.2311208859476543,0.2855084126735063,0.25767648895900946,0.3002590550309862,0.31406797097811534,0.45100157877963165,0.7719204054819072,0.682169717160708,0.598196078250302,0.7093340111657525,0.7380435127874749,0.7672757026494703,0.7604308420810868,0.587431793240457,0.525575252255945,0.5087052559281987,0.4598222066851242,0.28105404853005067,0.30522926364884934,0.25750482410454584,0.17091864848995617,-0.03592779893179295,0.09661270657248522,-0.0820460945082176,-0.021388023348663993,-0.001691168372448261,-0.00889629690650367,-0.05226094133280111,0.0057636429926319135,0.022829121673647652,0.1497181678482322,0.07498490982350337,0.11786994515441977,0.02219562458400078,0.11463828696830262,0.06199732144136809,1
-0.19394321703364223,-0.04246576933976856,0.18767639151852147,0.21847068730223881,0.26861633021255027,0.24069470205829907,0.28409631475023756,0.29992925887520516,0.43622946790705525,0.7520820816952266,0.6679943519601143,0.5829485017378484,0.6913572671945671,0.7213305455712922,0.7498021825962979,0.7501032230737277,0.578584807461743,0.5163985911834795,0.4990492845456586,0.44738227851220835,0.2725679318267699,0.2977709399596904,0.25023149742728473,0.163433615075732,-0.04212334833487674,0.08977584093407032,-0.0881320544246709,-0.028220819228412346,-0.008217830185342822,-0.01404055012924083,-0.05718208145943122,0.0016447084606141047,0.01877530310679799,0.14508113162303932,0.07156959688116837,0.11602363109504024,0.019392845587298046,0.1120726860480067,0.05874535952736258,0.1409687141141158,1
-0.05031184812672787,0.17660521582864114,0.20666357330632534,0.2555252235408926,0.22462318458409783,0.26659784570849787,0.2837719461094612,0.4205604477559931,0.7339558473405966,0.6495434752841271,0.5696608277512734,0.675097598851555,0.7032037492633826,0.7329601999636928,0.7328278656316799,0.5692270058678247,0.5078855929723257,0.49001861464640606,0.43807997233621276,0.26190752443253895,0.289183635899099,0.24302699126447852,0.1565825756506262,-0.04836391473486248,0.08286236933198547,-0.09392975660186663,-0.034652800758879776,-0.01514993631052766,-0.020489167435440225,-0.062150044505025946,-0.0034933810996919646,0.014629425684080336,0.1408495962038431,0.06709140896846016,0.11257430699973144,0.017532694392580723,0.10924061138147846,0.05619561376790986,0.13764392564368097,0.23337577838592546,1
0.16743753214096072,0.1954154676926068,0.24334005955827953,0.2120493922525555,0.2500520266771517,0.26627982061764205,0.40241788568940584,0.7145572308269481,0.6325595505252698,0.5525227360740861,0.6609855049711197,0.6868153821794186,0.714687940244611,0.7161721241817324,0.5540388777821312,0.4989048429290335,0.4816296511674728,0.42938485971112483,0.253674898333644,0.27836532561762256,0.23477105236950627,0.14981026408960046,-0.05426419145796463,0.07589170931099778,-0.09979404357658081,-0.04075131626384083,-0.02166594542804086,-0.027328741165767327,-0.0682946237767831,-0.008657360231275536,0.009439077648848736,0.13645094286265566,0.06297324663843679,0.10801277106254045,0.014164995411576956,0.10739308480406361,0.053381752383321074,0.1350717987080518,0.22996577312934954,0.2549597279670271,1
0.18613430607891024,0.2317501882211517,0.20030779170666854,0.23717921720374907,0.24973982480983362,0.382605448225395,0.691576310509423,0.6144311179318426,0.536619650281815,0.6426281987153944,0.6725984541335925,0.6981748103060248,0.698109849272849,0.5393447983308771,0.48452820064924385,0.4727889287559183,0.42128098714371526,0.24599469733757148,0.27003778319371113,0.22446983748190583,0.1421185661194244,-0.06006343431922964,0.06943364698500101,-0.10569773143155597,-0.04691931745771096,-0.02783751017923279,-0.03376645751671563,-0.0747737189975251,-0.015139997734461877,0.004227882437734172,0.13077031024199148,0.05873584973616906,0.10383512164786216,0.00980349068269998,0.10395091333975925,0.051526377010651596,0.1322322274189172,0.22736745723192778,0.25152981822771464,0.2270349002994117,1
0.2222498275899315,0.1891189117309055,0.22518122888586642,0.2368706865106711,0.36393546282808775,0.6661089154687319,0.5930979911697437,0.5196930497318085,0.6257213121283863,0.6540861111742102,0.6838562541507135,0.6817768216990879,0.5234942749615349,0.47059678815793576,0.458713652258608,0.4127621149466604,0.23875309807999334,0.26226752566194655,0.2164531240448851,0.13269784928509162,-0.06648476662361238,0.0630635322224613,-0.11134063567950471,-0.05313186860500649,-0.03407926506926978,-0.039869958578541094,-0.0809064301678985,-0.022019907042961445,-0.0023361860575095055,0.1251161377719425,0.053367990368521585,0.09951311317239701,0.0057686073803134355,0.09940690570172751,0.04813050550614212,0.13038793142103952,0.2244978019247534,0.24892538525217373,0.22363074253140283,0.3155974951801855,1
0.17987573579208163,0.21376056857561807,0.22487584598618315,0.3497235007712339,0.6422478174487501,0.5695564978849335,0.49991904449874675,0.6076785416422269,0.6370515801437351,0.6651936158459657,0.6676049715718364,0.5090582497580904,0.4556061630911253,0.44506547543634434,0.3993795206045085,0.23120767974803458,0.25494941398212084,0.20897778081524113,0.12521040824364382,-0.0739230776335657,0.05589691229026369,-0.11687646780828732,-0.05901074190235263,-0.04036682030916987,-0.046042993407461194,-0.08674477547170639,-0.028491751809271434,-0.009312642900611822,0.11778809060646227,0.04799641180904211,0.09398114105880827,0.0016496625686730781,0.09524176657055519,0.04369996094845655,0.12692670280237783,0.22266647027337932,0.24604870308040103,0.22103422369371076,0.31211166595374945,0.4212654824423735,0
0.20436873518485996,0.21345803135223293,0.33657727611781135,0.6247631871155134,0.5474633305309947,0.4781998152229905,0.5864565432498493,0.6188668762270965,0.6480353440156521,0.6491592932525306,0.49643164132291506,0.44190766608149984,0.4303941953573448,0.38638235429855955,0.2199201410896905,0.24731761780184466,0.2019102296020965,0.11823723825316104,-0.08021888324121203,0.047295579818064336,-0.12295391077512444,-0.06478807918862303,-0.04630299612472673,-0.05226066352843597,-0.09265009751476266,-0.03462492235352377,-0.015866177691271573,0.10990583297134097,0.04115573891765707,0.08846128491420113,-0.00348844693000572,0.09093755212172164,0.03961580259526485,0.12233599353770115,0.2191287651124701,0.24422039957198866,0.21816663272103554,0.3094900477101638,0.41768220735134426,0.3967407634179987,1
0.20406802309900626,0.32411858423590095,0.6088108620404145,0.531093268697068,0.4577794416205476,0.5630449341496625,0.5974607493881844,0.6297130473003432,0.6321796483921093,0.4802711834505865,0.42988182617039356,0.4169695981000178,0.37244508115484015,0.2088919922793804,0.2358441777787198,0.19456130087457577,0.1115963355960689,-0.08606143045465847,0.040300675384314734,-0.12985558241891013,-0.07118081321379953,-0.052138980312869496,-0.05814344768014071,-0.09859551613342729,-0.0408279127823336,-0.022070365325424182,0.10258588929141732,0.03385132988051877,0.08136488577496262,-0.008652444076117916,0.08544009333132867,0.03542677131708822,0.1181375225593136,0.21435064177451835,0.24066483142792963,0.21633441146948534,0.30659362432383025,0.415030641885618,0.39318010475519105,0.3623252731421403,1
0.3140609863021187,0.5938153920225073,0.5160966136965901,0.4424639704767823,0.541070997297658,0.5738339353569427,0.6081284230617142,0.6140559748046414,0.4651730007554026,0.41460983029216153,0.4051668687781884,0.35965003602900814,0.19717476391415145,0.22464131139763316,0.18369664477630696,0.10472906701178993,-0.09174175111007259,0.03379482374589814,-0.13582881104658903,-0.07857449660448364,-0.058608279343746135,-0.0639247875739573,-0.10427030234625588,-0.04707604636080169,-0.028345057696983762,0.09571542533500305,0.02702031081409177,0.07375727843285855,-0.015135112647977303,0.07995142033577461,0.030152721993135758,0.11378589849128597,0.21001840977525932,0.23584293290958194,0.2128019540505609,0.30477382805489733,0.412099817258859,0.3905354898070964,0.3587963520688545,0.3919576443574631,1
0.5821307752363398,0.5019650910028051,0.4283715584763401,0.5247761027562983,0.5516624456464221,0.5842929855324602,0.5927290218408604,0.44914140710636224,0.4002431339747382,0.3902248257372162,0.3483601211433352,0.18628383420622005,0.2127270909632265,0.17306593798428027,0.09490103407250634,-0.09752458132473754,0.027550956782023937,-0.14136529747117887,-0.08484347629596617,-0.06612144243805465,-0.07032274710397386,-0.10983876442786067,-0.05298210434686872,-0.034666108829871936,0.08876803140975541,0.020574892675787246,0.06666971965242052,-0.022015058792621316,0.07290880106958122,0.024865901790845645,0.10819648392586188,0.2054765304531024,0.23147945772395875,0.20803669087432622,0.30116807579555865,0.4102948457916012,0.3876126494410145,0.3561614907685682,0.3884013966348501,0.46968083268247185,1
0.4908345859711769,0.4150574918701559,0.5098438988255761,0.5352430065189652,0.5619299845578437,0.5691947443440848,0.43052848302068036,0.3850249119705926,0.37612978539085606,0.334176466929832,0.17654495508956083,0.2016672026650182,0.1617968209636164,0.08524458736922184,-0.10501869906632998,0.021131917228769597,-0.14678558755656887,-0.09066057110092483,-0.07246224206000149,-0.07772458489579553,-0.11595880661893747,-0.05878726410624548,-0.040627875235905685,0.08176287395745108,0.01405664349526122,0.06000127913068633,-0.02848693472643392,0.06536495709351964,0.018171407006148815,0.10262472792428076,0.19951809648519006,0.22689313959352433,0.20371363741929166,0.29622319565197186,0.40660164218473027,0.38580423725244556,0.35324985469989,0.38575813726409486,0.4660529094838562,0.5093587524883976,0
0.40445128040864764,0.495770641353996,0.520204013697329,0.5453898096875639,0.5471082009069203,0.4101662976616793,0.3674671646457615,0.36121362952320574,0.3207058214366288,0.16465509004283907,0.19179069490750136,0.1512902329268033,0.07507393749153371,-0.11248163850720184,0.012268557411414652,-0.15227485915061198,-0.09631926727999786,-0.07834747955938226,-0.08399846624425339,-0.12292695435895334,-0.06521632106995703,-0.04649005039951371,0.0752784558738203,0.007487906369621443,0.053257856851811114,-0.03462013236610399,0.058331349260105435,0.011040312028646507,0.09543881993799258,0.19361292758778306,0.22084851204029984,0.19918481321777146,0.29177194612020185,0.40144245301549003,0.38213133042402286,0.35143661415382976,0.38283685408891865,0.46338762268883976,0.5056942387451816,0.5030378456714477,0
0.48467750601332377,0.5060342166573337,0.5302472938106606,0.5307423150336915,0.39099165715453693,0.34833824468569063,0.34404774878171385,0.3064839574713524,0.15307296149251517,0.1796972942030309,0.14186442710067193,0.06550949631737063,-0.12017913395366432,0.0035187492616208806,-0.15913718356463485,-0.10207768478255065,-0.08406407006637542,-0.08982021173755539,-0.12894014214675706,-0.07266668641202675,-0.052993542407713416,0.0688813670169476,0.0013369098747041473,0.04646012911555262,-0.04082315015162605,0.05170981090648165,0.004355936062015634,0.08772508766372882,0.18585200060073287,0.21486546633563894,0.1932517009832263,0.2870607819739149,0.3968382470191791,0.37702188071490406,0.3477921897549355,0.3810277708476184,0.46044103597417657,0.5030177068842819,0.49937916099951185,0.5537648703635581,0
0.49487916352590805,0.5159839095914095,0.5157492406482002,0.37646154196009596,0.33029571162456955,0.3253768331259072,0.29021877284489006,0.14095102198098394,0.16794759116778696,0.13043755854736963,0.056851135295213094,-0.1276223694976653,-0.005629675983166178,-0.16600633825542724,-0.10951926177917136,-0.08988784672667836,-0.09548285916156066,-0.13451454179153724,-0.0789697379473757,-0.060560063648596035,0.06167953172604517,-0.004718934935554367,0.040134185652017956,-0.04707131155060327,0.04501374309647321,-0.0019619981358154808,0.08054773530826154,0.1774565049649934,0.20697022947500468,0.18736941053717543,0.2807740028838836,0.3919095249412738,0.37245317472586137,0.3427525393329944,0.377358822552126,0.4586428569895233,0.5000582026371267,0.49670442053831126,0.5500594057830859,0.2697584387138202,0
0.5047688322494192,0.5016209549112043,0.36304252166160805,0.316479318592092,0.30775473680420734,0.2726005692983998,0.12741004282325455,0.155639318269079,0.11923662314896173,0.046559222242374354,-0.1345528595226738,-0.014317362912134157,-0.1730343481656358,-0.1169328213172164,-0.09747008891539813,-0.10124573737814387,-0.13996704311278785,-0.08481916009141667,-0.06693293715640304,0.053023245680962186,-0.01147526753935807,0.033899289413973285,-0.05297739079131355,0.03826417266151237,-0.00835153398530847,0.0738012328880143,0.16970230447115703,0.198415491186809,0.17964794076489546,0.2745721707290495,0.3852007701307832,0.36757494615391473,0.3382336504347701,0.37225907365790867,0.45490958459995434,0.4982655903080637,0.4937469741238143,0.547370288844048,0.26631488176497015,0.13811781538388002,0
0.4904925259735181,0.35033721635750814,0.3036722686769449,0.2942034025518688,0.25594483692277975,0.11297582557063982,0.1418566111618279,0.10753854894842331,0.03629271565855841,-0.14228946608030738,-0.02226154601096413,-0.17990337108834478,-0.12457464148619868,-0.10501585125187526,-0.10869691466977431,-0.14549267922338335,-0.09050532171760019,-0.07284860633385659,0.04599530834150942,-0.019436346570065655,0.02690920066702497,-0.05878257230399219,0.031975020985449056,-0.014789375615508922,0.06697899592121004,0.16245432005935148,0.19052655357917483,0.1712992270326072,0.2662996048342541,0.37861767849209027,0.3609641286302742,0.3334262793010509,0.3676972913266353,0.449652202526643,0.49449948027632706,0.49195347499646547,0.5443963277535577,0.26370625470672154,0.13479565598113954,0.10711241938604442,0
0.34012144744240913,0.29152019841616145,0.28162362331981666,0.24300273403559425,0.09924291466917515,0.12713986805462638,0.09454744490460737,0.02563367366021678,-0.150452143907614,-0.0314972786607391,-0.1863661245957713,-0.13197012477075287,-0.11280672856890782,-0.11611949695073905,-0.15243326691194203,-0.09629474603126663,-0.07859105172616722,0.03945811510773547,-0.026046391012933344,0.018583345137603555,-0.06521165766718656,0.02577777971296116,-0.02084036901391975,0.06010111729815862,0.15512576506263023,0.1831614356764731,0.16358460926708984,0.2572974915717164,0.3696875752009188,0.35446952435619644,0.32695289698063884,0.3628289106330902,0.444977914370218,0.48916162599422397,0.48819259617839234,0.5426099454276178,0.2608247546708107,0.1322243370148849,0.10381885282110034,-0.013259415092508716,1
0.2816592590513899,0.26967701088776047,0.23094533111738727,0.0881434659124776,0.11314760533485181,0.08075590855331906,0.013990492967817533,-0.15877184684471812,-0.040894213352417406,-0.1934110069660124,-0.13886171722592033,-0.12033005702870384,-0.12377149015949925,-0.1593759765721885,-0.10380305551330823,-0.08444401697175619,0.03318762018888316,-0.032187087789956666,0.011754031463411087,-0.07266206732665377,0.01883685047078545,-0.026793864538826075,0.05371393920741139,0.14773298445666894,0.17571461761278995,0.1563710360358159,0.24903002464484228,0.3599058617772469,0.345692030387034,0.32058246685238595,0.3562371940705252,0.43994951079245903,0.4844299032779943,0.48286756155356,0.5388070846736664,0.2589985273631243,0.12938569386354476,0.10125632105242145,-0.016441976065434436,0.02412680153096827,1
0.2599478464527575,0.21947095866701108,0.07766601919388917,0.10188465165543353,0.06761296298651669,0.0017743772392995085,-0.16738023252224063,-0.05058634039271512,-0.20100417611021587,-0.14654079911126847,-0.1273257883600296,-0.13117569878242305,-0.16648691887189088,-0.11127933292197444,-0.09208907848217006,0.02673851930194552,-0.03812071760417866,0.005405292209463283,-0.0789651455014428,0.010587708356413678,-0.03341657757593127,0.04741637170664628,0.14095242542859085,0.16820156894587557,0.14907722406362428,0.24133583289367092,0.3509787658250625,0.33609125610489926,0.3120191292465396,0.3497598477148719,0.43304741358160487,0.47931980753984166,0.47814498847275405,0.5333791687550976,0.2554307117330472,0.12754099789582415,0.09842777200914414,-0.018970393414410612,0.020909763397105412,0.03852608688648483,1
0.21004467580534741,0.067619962819468,0.09126701008853008,0.05688545007002446,-0.009922370761917378,-0.1760493523126793,-0.06097515452359115,-0.2086906174741168,-0.15465611586467265,-0.1351588787026583,-0.13807439863863397,-0.17342707227043916,-0.11899186677506514,-0.09969388094079565,0.017810461844307617,-0.04418951837701152,-0.0007050913930045288,-0.0848145929209639,0.003804507553005221,-0.04116914325146347,0.04034446404967492,0.134252247816604,0.16132912609501376,0.1417197755042534,0.23355676755997792,0.3427111266528116,0.3273172549255519,0.3026722665080968,0.34101211753448896,0.4262896350588173,0.4722592600809016,0.47304790673674796,0.5285831673204958,0.25057879941995204,0.12408212869501545,0.09657872610670411,-0.021759754236868798,0.018370750470762528,0.03529576988882086,0.03428219210417241,1
0.059109762113262854,0.08109421440597953,0.04672691416973329,-0.01973814755586801,-0.18449004487279644,-0.07172519657109448,-0.2164774809117407,-0.16292315595561147,-0.14340099332621245,-0.1457639914869419,-0.1799477665472416,-0.12644800064535164,-0.10755132532246192,0.008999848253098488,-0.05229909850955372,-0.0069734363896658096,-0.09050077602130464,-0.002500479844842927,-0.047653849128739725,0.03189093009809404,0.12665472253148047,0.15453490895899344,0.13496620987310692,0.22570583880972442,0.3343530838615239,0.31918270844524693,0.29411310292426374,0.331446632278737,0.41705825884510483,0.4653583200991164,0.4660126012576842,0.5233816446193961,0.2461939028130049,0.11949720144005564,0.0931455171245769,-0.023625687832730873,0.015569218202060468,0.032752676080383215,0.03105578877995884,0.0495602133204973,1
0.07250272663696872,0.03696916037526968,-0.029114928966593474,-0.19225308459036644,-0.08207612482245683,-0.2241864251273291,-0.17146322278801232,-0.15180902550579242,-0.15388796210092012,-0.18707833611552455,-0.13338899726320697,-0.11513174784419827,-0.0002171344336701489,-0.0603404742302123,-0.015512473197344279,-0.09629022457798213,-0.00857369168112759,-0.053675624771765997,0.02498486819702189,0.11738096218721393,0.1468146127096111,0.1282936589545095,0.21857525831655208,0.325913361856121,0.31095904182442347,0.2861653251584504,0.3227024895668933,0.4069193453287039,0.4558800411406959,0.45913446766914057,0.5161437652733947,0.24157711588133646,0.11530285719296904,0.08862347302258004,-0.02695927649083355,0.01370852974487458,0.029946455984361804,0.028513897728033172,0.046319720771862305,0.13219633395820662,1
0.028643868915216628,-0.03816595905240853,-0.1998697773244635,-0.09104344735983048,-0.23174570001472253,-0.180052493143826,-0.1605319995938516,-0.16216462479731517,-0.19474205303614675,-0.14114114176608547,-0.12217398629974312,-0.00896362255599861,-0.06869014998765435,-0.02395746955372043,-0.10379858623554009,-0.014800072025687427,-0.05950821867617186,0.018563310284828494,0.109981857529082,0.13734926825600913,0.12073220101257559,0.21151684732918163,0.3183329480931372,0.302655974159849,0.27813022835501494,0.3145939004967846,0.39769001810367716,0.44544839078435294,0.4496955216507981,0.5090826040740022,0.23547339099134004,0.11095710278941665,0.08447400968859112,-0.03123719016854964,0.010344000069463196,0.028087787690095536,0.025709059273211987,0.04377349979649351,0.12887963528100987,0.1298996379583668,0
-0.04603797760653316,-0.2073296475081612,-0.09969273436963082,-0.23895306162136765,-0.18841988587766242,-0.16933504758198803,-0.17071717491422683,-0.2025069395532234,-0.14931661225684936,-0.13007585490000007,-0.016955703357512675,-0.07669275559365551,-0.032762222976445016,-0.11127491268085257,-0.02324879301455155,-0.06546295608208542,0.012391059635351058,0.1030925010307,0.12983500129839756,0.11151472376311727,0.2034516393608719,0.3108141502247479,0.2951799632045251,0.27001892745984823,0.3063964416062756,0.3891596346655877,0.43597137541605735,0.43931050585332854,0.4993280003374978,0.22943695022382912,0.10537907303482143,0.08019209174106547,-0.03521241293347702,0.005990262068174397,0.02471134109509036,0.02384979557725304,0.040963687433351506,0.12630999451384134,0.12658505726915495,0.14512273818339086,0
-0.21418114041159175,-0.10808609309198688,-0.24609329647776432,-0.19613671468948454,-0.17789868294904465,-0.17932103543485775,-0.21039556889718541,-0.1576505399150627,-0.138374595872093,-0.026262270757668904,-0.08407889182903623,-0.04115514521353497,-0.11898750182220294,-0.031608906936177725,-0.0733270504101669,0.006052870523898174,0.09652280667901705,0.12283637889942699,0.10414945119389102,0.19344806011479276,0.3021478956018989,0.28776801755497744,0.2626894247604689,0.2981200259894442,0.3805363138358244,0.4272256646931768,0.42987294854334157,0.48856872931241885,0.22144962581628225,0.09981760332908624,0.07473787928112402,-0.03924649946097879,0.001960922028323428,0.02032839938798109,0.0204768612505054,0.0391065671834862,0.12347327915834058,0.12401606740551055,0.14179411891729637,0.13213142733212416,0
-0.11553629954838096,-0.25312243798278145,-0.20371378457422623,-0.18573923033275985,-0.18770182158283089,-0.21822345467378423,-0.16627737914360116,-0.1468455933612887,-0.03571752494452005,-0.09248934251207086,-0.04885922176407114,-0.12644368311280668,-0.04031795638142641,-0.08113770870997125,-0.002636483946405447,0.08973592791932988,0.11617385176599375,0.09729219455527018,0.18561025715737078,0.29120638295540924,0.27924126119177206,0.25542742462079,0.2906643769823569,0.37182681635342363,0.41838494007133714,0.4211615406193216,0.47881451017587956,0.21278570519593756,0.09264943555510814,0.06928827979816163,-0.0442200176927708,-0.0021501383128221625,0.01627821610282034,0.01610252673824613,0.03572098869101144,0.12162775243014054,0.12118009976171815,0.13922081469529313,0.12881478851110956,0.014310922540349264,1
-0.25969767350661227,-0.21113783480752082,-0.19342238085490182,-0.19542709409540535,-0.22589191500250938,-0.1749680670037697,-0.15565025155016857,-0.045474499978109706,-0.10120680805313462,-0.05773986666516071,-0.13338471835784158,-0.048628794049397836,-0.08922725320570096,-0.011222754880779697,0.08008090899228684,0.10928217046960262,0.09074977238328255,0.17830466405225906,0.2828047828880665,0.2685174356017375,0.24709642589270742,0.2832732709960117,0.36404029631481327,0.4094543530029095,0.4123554495951627,0.4698278128076067,0.20480438711055723,0.08495673671932519,0.06231304848380813,-0.049235304905068285,-0.007272955079616991,0.012137509330244623,0.012058486573235626,0.031315668277292166,0.11817378387657118,0.11933425081613148,0.1363798910232425,0.12624516613904063,0.011102936502961088,0.05929620723286108,1
-0.21796635379227458,-0.2009423303794445,-0.20301140390495476,-0.23316811112615732,-0.18342855852391501,-0.16454876996460935,-0.05594744059155855,-0.1101434036748126,-0.06684445137135968,-0.14113691998551878,-0.0562660069520742,-0.09700674621915288,-0.020186793779592118,0.07058706780814211,0.09940159678534732,0.08399368224760972,0.17138133327914104,0.2749642595215491,0.26024668846408344,0.23667808012354935,0.274773721337354,0.3563105566780796,0.4014989223143656,0.40346008329128896,0.4607437775872107,0.1973589583896699,0.07779718100785017,0.05484910210505802,-0.05546150158092106,-0.012423135082272389,0.006957190296496252,0.00792651747982621,0.027249512879740777,0.11360086618995503,0.1158821830195015,0.1345361778185511,0.12340847191452295,0.008566705481680028,0.05604673625689871,0.07289664180582453,1
-0.20783235649900716,-0.21044199919373513,-0.24036736710870402,-0.19120408023390154,-0.17320004484590823,-0.06679580766283053,-0.11955207643977778,-0.07621150169689721,-0.1493124375081336,-0.06504776882662348,-0.10421114157459113,-0.028716333950610743,0.060599753799495025,0.089695770179236,0.07440492622634035,0.16419522061373082,0.26758644968459505,0.2525303182559494,0.22859095864638876,0.26409235181411184,0.3473689122702624,0.39359630918758015,0.3955315609811037,0.45156575491061357,0.18983105503094277,0.07106615007113327,0.047883096584812324,-0.06203736535313251,-0.018881973981904387,0.001755056393280998,0.0027631460628984037,0.02308608814133268,0.10941509340227805,0.11131392334421593,0.13107151130907732,0.12156293608017937,0.005768368867801081,0.05349775601659067,0.06963462865753407,0.13337463886247203,1
-0.21727471599481119,-0.2474498650443117,-0.19883147546554047,-0.1810958434019377,-0.07723699587902708,-0.12915655266600254,-0.08617859791190824,-0.15764641746311572,-0.0740709413988352,-0.11235282007976784,-0.03653169540552826,0.05119255839725401,0.07946944502406766,0.06497336158300006,0.1536809752833171,0.2598872579336418,0.2452579894793602,0.2210488123227694,0.25584712526005743,0.3359976538203432,0.3844289740897411,0.3876564875345001,0.4434212854249755,0.182235546374978,0.06425953378701124,0.04132032819226969,-0.06825195355287136,-0.025733666803755457,-0.004793384559419819,-0.002423675490984022,0.01786170530385084,0.10508153063106829,0.10713147506862027,0.12647237711955922,0.11810902124365395,0.003906303281523662,0.05068477400598932,0.06708179393635705,0.13005685356535257,0.24086001165496806,0
-0.25405932189685665,-0.20630102094865194,-0.18882636821466944,-0.08626122161712307,-0.13845587953675217,-0.0964357461305843,-0.16627332453559174,-0.08334746601760797,-0.12084900076213143,-0.045576916851656865,0.04266228510259683,0.0698572515904578,0.055056263664124416,0.1433795986078594,0.24826876997504388,0.2376778793986105,0.21392450491203838,0.24815496896188496,0.32733773110251374,0.3727055252819943,0.3785251061819193,0.43532519843125644,0.1753001047615136,0.057397540674670955,0.03468359709108392,-0.07416147851908597,-0.03218163726306356,-0.01175131282186392,-0.008945708071594515,0.012619759292370228,0.09952714778653095,0.10280264092378284,0.12226789311062461,0.11353623519648844,0.0005498972759879353,0.04882901967765427,0.06426438417207404,0.12748687885637602,0.23744310452015435,0.2343843274988983,0
-0.2131587193196893,-0.19638914516749945,-0.09495929942454076,-0.14676023389603252,-0.10633420991306808,-0.1749640916901343,-0.09319712437670484,-0.12953954008668156,-0.0548170003204308,0.03255979788222926,0.06115999299845924,0.04570929206476066,0.13248179753908926,0.23692958171723572,0.2263156775763592,0.20651150190635234,0.24090321242793208,0.3192521114052058,0.3638338989338237,0.36685776319939084,0.4259052783331588,0.16844141083871667,0.05102249898522132,0.027994369340418063,-0.08013866664516536,-0.038294052717325965,-0.018289170358709125,-0.015872325611256344,0.006002656572234569,0.0939870433117472,0.09725742973070134,0.11790771639663655,0.10935055636241377,-0.003783932789918393,0.045435383628588705,0.06241053793104587,0.12464977989225967,0.23484266752624852,0.23097339216933768,0.22871747976016374,0
-0.20330663960691,-0.10339676612951834,-0.15484106876617332,-0.11501628221198197,-0.1834246560005738,-0.10331701403397485,-0.13862900712543297,-0.0643347176368345,0.022449248916149727,0.05081055527333508,0.037228075288175094,0.12229368435276727,0.22486165992096716,0.21521735732518996,0.1955089459183514,0.23334632715175382,0.3116660666654915,0.35554741499594733,0.35801986238236555,0.4137876705921644,0.1606369385222367,0.044737352619830514,0.021751318985571012,-0.08615716974130483,-0.0444760879045691,-0.024479728997737798,-0.022383690770880142,-0.0010366795694434483,0.08685572298400338,0.09172561193908596,0.11230171310510105,0.10501712722629714,-0.0077990641542218485,0.04101031729727237,0.05900564609523499,0.12280441847558841,0.23197057565418103,0.22837479044036837,0.22531177033573985,0.17119023778157105,0
-0.11087526221764944,-0.16272053392003502,-0.12342098567501664,-0.19120022360023833,-0.11308947781716186,-0.147860403321955,-0.0744972722359522,0.011963623003095215,0.04049668761561668,0.02719813656214962,0.11312729866472168,0.21366994314087,0.20342101146038388,0.18474863527014668,0.22203410947417276,0.30373179043653264,0.34779071512864346,0.34976537720232986,0.40467911306389387,0.15104023730248387,0.037681661067553066,0.015601260624863972,-0.09188779190195967,-0.05070291097304643,-0.03074066094304666,-0.028551218304828603,-0.0076434172870643025,0.0792067118155378,0.08460858320094396,0.10671496901570238,0.09946300358060528,-0.011889914757436917,0.036930068859376296,0.054552996235952306,0.11934947475106755,0.2301402940112038,0.22550480679022641,0.22271477464046593,0.1678375793518477,0.09682721556067576,1
-0.1698411433524736,-0.1315932353490055,-0.19882765817929468,-0.12169211508345448,-0.15681725185839418,-0.08498286754614232,0.0005454128076406879,0.029784982771109747,0.0171473180467713,0.10208408025945205,0.20368605182410982,0.1924622232785018,0.17333339137919465,0.2109827663301615,0.29160735649581876,0.3396637796909901,0.34203586361809235,0.3961678290057689,0.1434470110444657,0.029253432349937145,0.00872192986093886,-0.097513399907607,-0.05659268790238148,-0.037047718359844294,-0.03478889704474362,-0.013893856799301527,0.0720841207621623,0.07697651665892526,0.09950321189343872,0.09392313329469369,-0.016973532683444415,0.03274659885699845,0.05045306090477473,0.11477416730211658,0.2265963948619204,0.22367361663431343,0.21984663588769135,0.1652568873748456,0.09354313389844678,0.12105735835898407,1
-0.13890162861920816,-0.20629723923335988,-0.13002870816691203,-0.1649056952826756,-0.09509104016627719,-0.011407762776670256,0.01807348323358887,0.00672810903007223,0.09119901077199644,0.19143384417926845,0.18266806866785792,0.16270147144395272,0.19923938661811216,0.27979265987881324,0.32712470692178536,0.33393961983240916,0.38822013798396887,0.136373472122399,0.0223625815691525,0.0005689121817159538,-0.10370804754006892,-0.06238118463251706,-0.042998793680321674,-0.04107230702878388,-0.020215247078634414,0.06538522499088674,0.06986826265675192,0.09175883194699279,0.08679221685969947,-0.022088296122819408,0.027483336192692963,0.04624158921057454,0.11058668889519788,0.22180309248269792,0.220135076793183,0.2180146506954005,0.1624074771749051,0.09098351704554986,0.11775093192351417,0.2118018144396055,0
-0.2131549604186164,-0.1381393845199994,-0.1728014005537925,-0.10390532062751454,-0.022863138162249864,0.005777518070445837,-0.00460393936468272,0.07985216167061009,0.1795533925983951,0.17069645803420427,0.153173573982181,0.18832602710013277,0.2671886078285969,0.31492031607661225,0.32146660126691273,0.37987758520617093,0.1296472955869052,0.015955455956111562,-0.006156507676152051,-0.11079261708328261,-0.06878848759238353,-0.04885002693308333,-0.04700531590249601,-0.026583787820601206,0.05861105376746718,0.06318183077763742,0.08455554822935116,0.07914368456111175,-0.028486054011240144,0.02220626185038998,0.04092401441895231,0.10625070013306664,0.2174600269103739,0.21535490798069043,0.21448080076541395,0.16056742113755187,0.08815831645035781,0.11518444803843768,0.2084117044571227,0.19551524411030777,0
-0.14540828637686595,-0.18051350437036856,-0.11242338400017467,-0.032526744783946224,-0.005992529757051729,-0.016456411094004825,0.06731669751143853,0.16709973468246814,0.15904702690517686,0.14159572458592895,0.17856887732753032,0.2555370562323573,0.3018768882268575,0.3093242908159588,0.3668744633944851,0.12268375800580655,0.0097954670504184,-0.01240667255760496,-0.11687578668018486,-0.07620490580797837,-0.05533923400142132,-0.05283805884865844,-0.032581835902668235,0.0517820557789507,0.056420243641842775,0.07778650242154304,0.07202149868527022,-0.035265326973103035,0.015528575217811813,0.035597868500669774,0.100691611832565,0.21290273843401666,0.21102121608699567,0.20971212508957401,0.15708118103681626,0.08630782757440374,0.11235135908472245,0.20581950280780478,0.19214015342523108,0.17446053317264718,0
-0.18752677290174044,-0.1206981135918511,-0.041773050158462714,-0.015854517456750265,-0.027819342805923596,0.05405770217598095,0.15312842142880378,0.146850250717516,0.13027048400547123,0.16665199225102606,0.2451785971551716,0.2898484873696214,0.29635085790293686,0.35423394061709573,0.11264853609106845,0.0034711206982664562,-0.01843330694683517,-0.12251658501125842,-0.08248755153222359,-0.0628834635913681,-0.05930312635659394,-0.03848114395258788,0.045432222096399404,0.049604043087524405,0.07094150467016504,0.0653229551544253,-0.04165202212227317,0.008417408594456813,0.02883555080271038,0.09514725592902534,0.20691441684538192,0.20647726028108399,0.2053866360680799,0.152429178418696,0.08288313067770069,0.11050426960219728,0.20295687111430824,0.18955256753090385,0.17110485891220617,0.18624358221530302,0
-0.12807223462740408,-0.05070612696171895,-0.025270921716831107,-0.037424669536557556,0.041403616225167715,0.13819123996186292,0.13321218688514008,0.11843418944503718,0.15504761763520478,0.23237245033738907,0.279183058096282,0.2843824911673091,0.3406987789859021,0.1027973648653159,-0.005188441552197192,-0.024607104200460268,-0.1280254989435796,-0.08831761265848735,-0.06924293746081324,-0.06680968615867693,-0.04503311387797236,0.03917287514703999,0.04326398654086959,0.06404047938352052,0.058549139568264706,-0.047711167985255924,0.0017498942467397977,0.021624042521874304,0.0880086033944423,0.20098224416956326,0.20051479876188014,0.20085434763376084,0.1481869611976385,0.07838194636557559,0.10705951971978386,0.20112251272091766,0.1866952380886957,0.168523240105186,0.18287704175563502,0.16829939651220766,0
-0.05850249356516617,-0.03435777175304928,-0.0466210036909337,0.030984298386136203,0.1239966202241536,0.1186644993833214,0.10526377387425355,0.1429009417520388,0.2200359308978939,0.2659229405032738,0.27376596390332303,0.3282486218272562,0.09240716530850775,-0.013746712561532596,-0.03294265649434558,-0.1336148214441638,-0.0939873250802247,-0.07514589307176298,-0.07314651650405136,-0.052675284916364945,0.03215086538139473,0.037014646110375644,0.0576356174295866,0.05172050324636687,-0.05383941987625869,-0.004553381330093207,0.014871627897038343,0.08035089889588659,0.19317474524161496,0.19460599092969053,0.19491451616760563,0.14377311457432426,0.0742473710639508,0.10250919338812106,0.1976026622789976,0.1848585947537504,0.16567276522879124,0.18029208353053452,0.1649494039847523,0.1515634726177241,1
-0.04225276422585066,-0.05550890538295661,0.021090019741327376,0.11260609323989006,0.1048274255708263,0.09126266249246484,0.12932787241184415,0.20707515121507028,0.25321265894431205,0.26057816630546216,0.3172396424186973,0.08265441805463945,-0.022679181864077698,-0.041196409930141176,-0.14069247421419293,-0.0997581792474384,-0.08087753696298167,-0.07902798795689323,-0.05909363194839396,0.023775197097198143,0.030005700106830555,0.05131995118165613,0.045370945874177865,-0.06001154782379368,-0.010928117198270814,0.008494544402277697,0.07322095231189432,0.18472403222534536,0.18683878807068474,0.1890261548254075,0.13806301303876503,0.06998662913887523,0.09833954448403845,0.1928682938692186,0.18135222315777866,0.16383316800097766,0.17743777256798385,0.16236953129718598,0.14822891377662842,0.12484690675871958,1
-0.06327629792809253,0.011571160472094472,0.1018790658525219,0.09366230868490805,0.07792733217803602,0.11485614892032411,0.19244595529889902,0.2398362768399635,0.2479274270697978,0.30347145686609966,0.07384266850235406,-0.031181645033960165,-0.04978553914018178,-0.14776400314427657,-0.10722652228395037,-0.08671830797402008,-0.08474137881445758,-0.06505244637042414,0.016915940692352166,0.0216504178254779,0.044224415154973155,0.03911188171774291,-0.06585953812449287,-0.01735090793303393,0.0020452888499908456,0.0665156620220318,0.17692311164509147,0.17843585153376645,0.18129421491031056,0.13238221509540554,0.06457348972675774,0.09402891555073459,0.18856729060192334,0.1766508861240005,0.1603442213876436,0.17559982845545818,0.1595210622387219,0.1456537841947423,0.12153698564307457,0.1618436836257017,1
0.0033990893078042193,0.09160738291861022,0.0831285558119725,0.0670785328425848,0.10108880820969286,0.17673985628721264,0.22466792515201306,0.23461725267472955,0.29034287402482556,0.06332391287389921,-0.03897495036933525,-0.05799352214008958,-0.1550201877021125,-0.11466523762154869,-0.09433712519970626,-0.0905615432661163,-0.07083154814914414,0.010538791798741728,0.014803415563070193,0.03573400912868326,0.03209024114537439,-0.07160526786312953,-0.02339040256944476,-0.004453284951632357,0.059735034614526415,0.16963451120209153,0.17067535520440216,0.1729330873973427,0.1250082484311612,0.05916100017276667,0.08851901521575804,0.1840698295287989,0.17237345798368184,0.15568558616643302,0.17210113013260908,0.15768060062774508,0.1428107636789878,0.11896942776718326,0.15849964448621262,0.1847057944588882,0
0.08295247162038252,0.07303159740276796,0.056816001718017296,0.08996765363530042,0.161839389066441,0.20833167375009337,0.21953479141172846,0.2765013644589138,0.05287064280997735,-0.047987553555409256,-0.06554695269024836,-0.162084914274014,-0.12233542066773788,-0.1019172622252416,-0.09813601130289885,-0.07672589621456972,0.004404271243535694,0.008437893390318129,0.028805783213461892,0.023715148987345135,-0.07795673743975919,-0.029332129558033222,-0.010550677236264997,0.05289947098585612,0.1622649484937404,0.16342189751821284,0.16520796618344466,0.1170715469745432,0.0522497703248909,0.08301910115434083,0.17819754926945322,0.1679095290393109,0.15143863512925976,0.16741859728805028,0.15419675300150487,0.1409679540839241,0.11613510508914925,0.15592160140355218,0.18134067213030577,0.1676453374339927,1
0.06448874954896952,0.046964233892853154,0.07947159558826601,0.1500038698745931,0.19285274206114636,0.20329892668730157,0.2607296087903161,0.0420039303427952,-0.057200781837293116,-0.07420481087642913,-0.16870708215158345,-0.1297552305750291,-0.1097468966122976,-0.10567446717907689,-0.08446002133140536,-0.0018913228975288383,0.002313250947442683,0.02236319610180292,0.01685623889522024,-0.08528602765189497,-0.0359394784749293,-0.01655166021917851,0.04654462120749706,0.15483046494459876,0.15608781646562153,0.15798526179639186,0.10970553772575692,0.04486170640370724,0.07595709503616584,0.17237022115024286,0.1621022877518107,0.1470180553531762,0.16315459005845984,0.1495506134019942,0.13749795719085947,0.11428854726531201,0.15307523406517268,0.17875614972756493,0.16429594807268086,0.1749548220943517,1
0.03857864445160578,0.06940871415273196,0.1388952905803738,0.18065253759821745,0.18791214751083854,0.2436881132259785,0.030091341374350263,-0.06668863769872127,-0.08312597136393933,-0.175987718566037,-0.13666663877332313,-0.11730346671446917,-0.11345710654541971,-0.09214852934526968,-0.010489004985592826,-0.003971191408545785,0.016173078953501462,0.01047941858285145,-0.09151630023693663,-0.043668068438421144,-0.023236369327293872,0.04028014047889363,0.1480180452062841,0.14868941611681671,0.1506822306121794,0.10279502674192083,0.03795990593884518,0.06839026530596762,0.16474354189943066,0.15633372302498116,0.14129489418347876,0.15870975037316162,0.14531258072983905,0.13288576031739255,0.11084066113394864,0.15123386674315042,0.17590233940676678,0.16171626075111817,0.17159869200606176,0.1995594261969817,0
0.06088772232087229,0.12827867610817115,0.16923126437765534,0.17577003938026,0.22756178466022872,0.017560347686650598,-0.07681245340949293,-0.09228906429122,-0.18377498815909396,-0.1443750256804016,-0.1243262756986833,-0.12097336937794903,-0.10010035078617995,-0.018989118532413224,-0.01254487275908545,0.009814719656867527,0.004345177191689541,-0.09729666976927091,-0.05013836237861239,-0.031085679881539756,0.03325142843530132,0.14128525939477693,0.14190456365080148,0.14331540654123293,0.0958071995960001,0.031452954106849874,0.06133720895092264,0.15650721524385852,0.1488083897856497,0.13560229672386867,0.1529395346438212,0.14090468600798045,0.12867195322022992,0.10628264908359036,0.14775536189674196,0.1740641795486866,0.15886800462794495,0.16901693311328314,0.19618060601132287,0.19477131431905548,0
0.11940253532691607,0.158331967536184,0.16439857999016852,0.214953437401151,0.005574549427081589,-0.08725277163212508,-0.10199156914975199,-0.19167725828776566,-0.152514469773341,-0.13219941052519688,-0.1279633452595168,-0.10776171978942141,-0.027856015958998528,-0.0210224294486066,0.0010819551569547007,-0.001950101790231536,-0.10292416399787362,-0.056146463986890015,-0.03762853965651763,0.024865301245297858,0.13364516328489653,0.13519999187183457,0.13655467809531013,0.08876092343120709,0.024872577832853918,0.05469876305662821,0.1488876895288147,0.14069222263327258,0.12820798007877826,0.14720442289665173,0.13520612879023192,0.1242985157931542,0.10210751473457358,0.14312231535951486,0.1705667539065708,0.1570274512550602,0.16616629731632504,0.19359187396079008,0.19139690967791304,0.1662573341993067,0
0.1492745221554014,0.1535443159761156,0.2031822082499367,-0.004423455278214554,-0.09731938099425967,-0.1119394693098009,-0.19974411365569444,-0.1608083381066659,-0.14047449447626406,-0.13578792400714,-0.11486989484051606,-0.03630223863265073,-0.029863894275747125,-0.0075451142671434,-0.010547105596582878,-0.10864735640539268,-0.061967440372228816,-0.04370549167266091,0.017999757932592248,0.12430497116179728,0.1275967298911801,0.12987479631397866,0.08224509098484803,0.018240660330988274,0.04798562465818946,0.14175678441706985,0.13317436531175375,0.12024715094754568,0.13973678418316937,0.1295357612589474,0.11866679200079687,0.09778908356775533,0.13889362745718828,0.16588733990438118,0.1535441449313397,0.16432676943529687,0.19073322789579114,0.1888095346197273,0.1629092248394292,0.001848850332523603,1
0.14451575339676773,0.1919665433460172,-0.013956485283567834,-0.10610745844935794,-0.12155405094482227,-0.20778030575280954,-0.16938320887903438,-0.14891918669076148,-0.14402303088490323,-0.12286927547214462,-0.044049732133039254,-0.03828830360347528,-0.016555152997995072,-0.01904658166700134,-0.11601312237674634,-0.0679090623091725,-0.04958496366232259,0.011616644025671863,0.11686593398298066,0.11831401743262122,0.12230376774633221,0.07581585074779454,0.012041394541242884,0.04121869422553379,0.13454643777388606,0.1261318454526814,0.11286072698454762,0.13168902175103542,0.12217978335639751,0.11305680916946956,0.09226405000787666,0.134499024287285,0.1616255586524452,0.14889933185244705,0.1608374137460128,0.18889715194363532,0.18595244737109426,0.1603299308899963,-0.0013476433178855262,0.011005677427536588,1
0.18270618830017887,-0.02314876762663291,-0.11460305444666365,-0.1300571534995288,-0.2156399861844536,-0.1780131572487136,-0.15768971937904933,-0.1524232708459344,-0.13124829981380212,-0.05299458530786152,-0.04601802860125519,-0.025124146872945886,-0.02791276034621103,-0.12335543166771355,-0.07574492968290471,-0.05559262356132538,0.005477055569357092,0.10993868953988845,0.1109095316075925,0.11307135553392085,0.06857204102127461,0.005936147982411614,0.03491627965208046,0.12727386958785958,0.11901073640478557,0.10593246850209088,0.12422904248186967,0.11426441002741591,0.1058049734589747,0.08675046291923166,0.12882624738547646,0.15718388509089196,0.14466224594351507,0.15617777603975497,0.18538743336261818,0.1841156996657346,0.15748212664476854,-0.003880342480044351,0.0078007394511180154,0.01670248207061707,1
-0.03111138144497345,-0.12285747302376195,-0.1383084020345734,-0.2230367344922125,-0.1864178914034855,-0.16654835272336463,-0.16113613618729733,-0.13980856788731177,-0.06215203381452361,-0.05493660436867795,-0.03297164614127725,-0.03635836655573929,-0.13091691799540614,-0.0835290591570593,-0.06357061704161467,-0.0008242599223116808,0.10333680542650212,0.10401506946222486,0.10569710547338655,0.059850253862706135,-0.000884679846890986,0.028705464319218547,0.12058515187327873,0.11182891871952914,0.09892672270966078,0.11723683881354319,0.1069164467626428,0.09801307488618861,0.07966487567821366,0.12317917263970644,0.15141981038035238,0.14025569785221034,0.1519301095097642,0.18067789417845354,0.180609943749728,0.15564137854050666,-0.006674621945175341,0.0052654451649086385,0.013492290563131552,0.01916893386174948,1
-0.13021856714018437,-0.14634192498902687,-0.2303393561403566,-0.19415826162012256,-0.1751630140866703,-0.16992736931370672,-0.1487290356776044,-0.07157786570817416,-0.06407241822390496,-0.04206439541991972,-0.04410535790279323,-0.13824349955903067,-0.09158869270431157,-0.07148832234029782,-0.00943425543223597,0.0965135863932736,0.09744103733077936,0.09883133099796294,0.05278294343081041,-0.00894640368729109,0.021746813799759127,0.11397897027872159,0.10520953365124033,0.09186222411139003,0.11016653118025485,0.10002162402567899,0.09076958509017567,0.0720700873143781,0.11586336653140693,0.145690247108,0.13455975256128944,0.14750851205104834,0.1763946120059917,0.17591011550657648,0.1521592209351104,-0.008538435911011489,0.002468184605705631,0.0109553817531808,0.015956467819341028,0.1717544261467491,0
-0.15356134280457276,-0.2375152989714052,-0.20175551673000755,-0.18303573013466481,-0.1784801589269244,-0.15776290958847508,-0.08162121850900118,-0.07347419360391494,-0.05134360938868059,-0.05304946845523246,-0.14507896672226267,-0.09934253132614411,-0.0796985611068709,-0.017945941627583804,0.0867803563672111,0.09064926148286313,0.0922816720349853,0.04620839303740891,-0.015616946298587715,0.013470017629355593,0.10650415915889119,0.09867431132742045,0.0853324698737001,0.10303637618044598,0.09304963641613831,0.08396558619348111,0.06499337482484954,0.10799562233719882,0.13823217754581624,0.12889174493325503,0.14178337698245064,0.1719223565673564,0.17163376421908416,0.1475172229152393,-0.01188452824411098,0.0006056553065805042,0.008156266543849018,0.013418859995605667,0.16840124742867293,0.17153973499893788,0
-0.2441846887776382,-0.2091978148625641,-0.19074646319642757,-0.18631386874861733,-0.16653843750200942,-0.09196749360406108,-0.08348633819346496,-0.06090483761671243,-0.062206305547832255,-0.1526750462751076,-0.10652602937742744,-0.0875815726728276,-0.026825887083449473,0.0772130092502586,0.08098370310151594,0.0855174120045937,0.03990615931415527,-0.021815043690979218,0.0066701938153352226,0.09742189428916512,0.09129213932057,0.07888898122391427,0.09645646098467842,0.08601946832612943,0.0770852982833289,0.05833436350848936,0.10068795865330486,0.1301957606461728,0.12153983702687438,0.13608899608450648,0.16609896519794487,0.16717136693847295,0.14328214616795645,-0.016193083535493074,-0.0027480152617946505,0.006294536483937237,0.01061894180891752,0.1658203955558051,0.16818675426669508,0.14573685472247866,0
-0.21603803754173811,-0.19829134795953288,-0.19399115650556173,-0.17451256973838813,-0.10194777367724941,-0.09379613787648164,-0.07112383837187898,-0.07163145758348861,-0.16072202574908748,-0.1146368033665104,-0.09487029116129761,-0.03528330095196706,0.06714281814037734,0.07147995651481806,0.07591107283431195,0.03342122725690802,-0.027797441316294184,0.0003494345178878921,0.09013789865163267,0.08235443780144584,0.071626569836143,0.08996163454245239,0.079515942318214,0.07014838453991144,0.051600461365469516,0.09382817029148072,0.12274538096781201,0.11362928923281568,0.12869160364078439,0.16031580870292755,0.16136709646850955,0.13887845581172023,-0.020190175808155332,-0.007075141841829567,0.0029361512119363835,0.00875755778246007,0.16297080167885802,0.16560596323915666,0.14240766912481428,0.11192549535092595,1
-0.2051973668467146,-0.20150580595799908,-0.1823102605926786,-0.11068142597423744,-0.10374293441432826,-0.0816754066012429,-0.08167392841312737,-0.16891307863498342,-0.12310753981751228,-0.10313667310202454,-0.04303991046673739,0.05766453968261426,0.061481474277719134,0.06646298284116764,0.02441605438609415,-0.03392129796718735,-0.005737177192514787,0.08335775750287899,0.07515734001746478,0.06287575478222068,0.08263220037521066,0.07309929724294988,0.06371610409618085,0.044812415166386975,0.08689155491085092,0.11576152268814988,0.10628540891088492,0.12072712773125129,0.15276530983842768,0.1556012159064454,0.1331880533884183,-0.024255368473489126,-0.011085488799616006,-0.0014025292614207097,0.005397131262789544,0.16113082479490629,0.1627564392569997,0.1398341908568687,0.10862749021985696,0.10628361169914582,1
-0.20839243275890945,-0.18993375716352062,-0.11913035593446719,-0.1124554774594354,-0.09184414074616974,-0.09201917268132517,-0.17735456822611145,-0.13176978659015037,-0.1117355243150029,-0.05199824509405157,0.04907636424576075,0.052064699971398426,0.05652725277878572,0.015532964631649621,-0.04214936869737679,-0.011978685175960412,0.07688085298463186,0.06845964748488505,0.05579099551707045,0.0737767962632195,0.06587193081698646,0.05737237608882331,0.03849386831870444,0.07989735873914237,0.10869964092222778,0.09939413567364523,0.11333761818549448,0.14461930540904627,0.148080511899398,0.12752505379934215,-0.029289220221162354,-0.01516953429270391,-0.0054211224546088345,0.001053448490307862,0.15764411776909643,0.16091643225272706,0.13699306725320912,0.10606359438379272,0.102990809451605,0.11815653145483856,0
-0.19689019547500788,-0.12734258736044524,-0.12088630760764582,-0.10069660141950466,-0.10199850648068864,-0.18582862385649299,-0.1408225500586825,-0.1205402274858081,-0.06116679311753688,0.038888246952150034,0.04352662398646529,0.047164300532516745,0.006234265897099723,-0.050302106641788816,-0.02045996368703144,0.07019872827562658,0.062052791667556124,0.04919988968418584,0.06662916791947293,0.05717580343156284,0.050240204729294205,0.03226654222971451,0.07342131498495337,0.10157805463922982,0.09242573179340643,0.10640667725668136,0.13707620241041057,0.1399698333325439,0.12018178298406867,-0.03435901939708471,-0.020239953015964096,-0.009516896997024675,-0.002968714939767583,0.1529909709003667,0.1574299029063702,0.13514944020664502,0.10323347839684834,0.10042851257419787,0.11485278013028004,0.11474144435942518,1
-0.13467662381296436,-0.12908217639490943,-0.10924740184346934,-0.11073156221186264,-0.19409025229282614,-0.15001104799886678,-0.12977779784025018,-0.0706049670486204,0.028707197241502686,0.033412597556761424,0.038670066396411386,-0.002582309454089051,-0.05877734203692454,-0.0288506764759505,0.06076915975476308,0.05544974766054675,0.04288359038793973,0.05997841195348884,0.05012391723547528,0.04169262926024633,0.0252863365027898,0.06703279692902195,0.09500468587358427,0.0853992081900931,0.09939822314974067,0.1300117352629677,0.13245661996891445,0.11228147563816701,-0.040679229877579035,-0.02534279083738811,-0.01461006540356988,-0.007069567615722427,0.14874793700568922,0.15277719146043878,0.13168426545129397,0.10138510774997504,0.09760023335731967,0.11228711836465469,0.11144084239091381,0.11714298952447466,0
-0.1364057183066229,-0.11755172646864666,-0.11917998065566575,-0.2017404034025115,-0.15892851698613233,-0.1391822936552294,-0.08066433101871129,0.01814317847204124,0.023292548156790834,0.028620876613225845,-0.010631481227028188,-0.06688763918334639,-0.03759422579522863,0.051487205919292345,0.0461903756740405,0.036382779158464607,0.05361143364615536,0.04356400134506726,0.03473003846731764,0.016975903427693784,0.059842151034353155,0.08851655944833772,0.07889846654044384,0.09233097032106641,0.12286846727816712,0.12541813732708562,0.10494625988196278,-0.047366559822895386,-0.03171998126425144,-0.01973345780215714,-0.01217258557839629,0.14433292878502701,0.14853446833536893,0.12708388575005053,0.09794791544243578,0.0957510711764314,0.10945497380333633,0.10887614849052868,0.11384017287722253,0.11144119206400312,1
-0.1249448289345264,-0.12739174965924535,-0.20926030148972252,-0.16699213409461472,-0.14829804340395333,-0.09102931958603681,0.00662327021418619,0.012796358296441993,0.018554208364078777,-0.02002247907965498,-0.07436149774356225,-0.045934653741149196,0.04173879248064718,0.03706837937880919,0.027343431324436757,0.04705340891063783,0.03727420115885582,0.02825484598629497,0.01015586027865027,0.05120332604387997,0.08119587232180656,0.07248467114772618,0.08579911187369442,0.11566411498051837,0.11830110442931174,0.09806251917085522,-0.05367546088554243,-0.03847486869848861,-0.0261460975849676,-0.01730487715412522,0.13862057421334928,0.14411990213847628,0.12287851279549417,0.09341610976886786,0.0923185481196345,0.10760747734624239,0.10604511574401145,0.11127479835815239,0.10814363355213964,0.12147675501982443,0
-0.13472548952691563,-0.21663266712725177,-0.1748665524129002,-0.15648666399531289,-0.10102677816866135,-0.005448767636761186,0.0013644436256006092,0.008117375336299564,-0.02954724634220408,-0.08290167884443223,-0.05359597000388593,0.03253650026914054,0.027500316243183297,0.018428222566663956,0.037890926858006935,0.030803305804997783,0.022037027175153386,0.003815916891786624,0.044185884643819985,0.07235411796824132,0.06526102505401303,0.07935346964702233,0.10902751365119444,0.11112343199991513,0.09110172045661583,-0.05966697658584259,-0.044840930960928664,-0.03294301506002191,-0.023732864861421114,0.13293774062825495,0.13840840491682593,0.11851707168793263,0.08925967941390854,0.0877981849521613,0.10416512820248501,0.10419714016367305,0.10844298376526185,0.10557987497181853,0.11816994182133118,0.11171579702050577,1
-0.2234280370515911,-0.18255941234350995,-0.16446826467868678,-0.1097712604296578,-0.01701325567337827,-0.010604749422259736,-0.0032375364654126755,-0.0393815160000562,-0.09172595371899399,-0.062413377752820624,0.024173135017465593,0.018452709106468505,0.009093310022035079,0.028859991614959748,0.021828342558154742,0.015647394394284402,-0.002286993703961526,0.037658649949216035,0.06521469457204038,0.056570703247660184,0.07208824671045123,0.1024746711528506,0.10450721387347105,0.08408293095483961,-0.0657269461231241,-0.0508821396573666,-0.03934463944294387,-0.030547979391833596,0.12556026320395625,0.13272634595646257,0.11290861597655132,0.08496785191024604,0.08364992133340171,0.09962068514165497,0.1007576173628429,0.10659534511223426,0.10274991665451699,0.11560333907561117,0.10841798527094845,0.1109469031422986,0
-0.18956033838232558,-0.17225801988724895,-0.11822947638040182,-0.026745650922399465,-0.022074828447272012,-0.015116730398775126,-0.04995472995321684,-0.10078131530258001,-0.07146589820002255,0.014317484052257228,0.010215345714596386,0.0002456743630631472,0.019394598777527226,0.01297364502191948,0.00684732347827076,-0.008546902132782657,0.03139661584831645,0.058571723453935375,0.049522306818223526,0.06333304423417772,0.0950694955649107,0.0979752327916315,0.07758809809601475,-0.07182963407987981,-0.05699228140487438,-0.04541676401102477,-0.036965000521046586,0.11761939926301541,0.12535020448510492,0.10731965610013156,0.0794944188589928,0.07936970980321911,0.09545523524087506,0.09622010056233922,0.10315383478077837,0.10090147806180348,0.11277011358323616,0.10585414886520597,0.10764980045828405,0.11375785933340676,0
-0.17932109185900946,-0.12645010255145944,-0.03605093807564854,-0.031747704783924746,-0.02650419243984642,-0.06092029410927109,-0.11034406164974105,-0.0807750560025164,0.004410159714114667,0.000546035842729684,-0.007828798212503473,0.010435051169901476,0.003706958189714204,-0.0018430032195578341,-0.017067781860768814,0.024957066707726565,0.052211359187031944,0.04296570201571212,0.05624564766445926,0.08609589695382225,0.09059729230772219,0.07118035012122013,-0.07762457279101893,-0.06314599217536775,-0.051558119767184774,-0.04305051022549176,0.11024986808643382,0.11741092449837542,0.10010407753108307,0.07402745337043411,0.07391880711315087,0.09115057876827191,0.0920595940664802,0.09861144732060075,0.0974646865660536,0.11092308294040767,0.10302410114759149,0.1050861819637214,0.11045816441627154,0.1167585425853713,0
-0.13378952315969628,-0.04503733573854159,-0.041001958336762775,-0.03612498399196701,-0.07146906638032648,-0.12012861539933563,-0.09066704897864993,-0.005849491861024988,-0.009207870597627548,-0.017257212808275205,0.002269418450516743,-0.005082160797800604,-0.010924363805374211,-0.02549571346423163,0.016049566403533413,0.045660801298913166,0.03667871494409917,0.049652039559042085,0.0788772212233738,0.08166619408082357,0.06396459908373274,-0.08331600628815951,-0.0689799119022333,-0.05774357373859127,-0.04920538019749242,0.10333629532039294,0.1100427335244062,0.0923551667388698,0.06702227185526288,0.06847219804194053,0.08565226262785156,0.0877619688557003,0.09444746454145671,0.09293386312530974,0.10747798596324881,0.10117570108086985,0.10225638456698319,0.10789374927239566,0.11345608047089056,0.03998898238203502,1
-0.05286790085648382,-0.04994222047267187,-0.04533457822601819,-0.08056111706250928,-0.12959324902826144,-0.10083641832530028,-0.016974548402288278,-0.019296930112994406,-0.02681278593319383,-0.007293810670174159,-0.013108967433760636,-0.01955452988954682,-0.034281226572593644,0.0072582732509675505,0.036514389305320305,0.03021099542468671,0.043333614321229175,0.07215905555189127,0.0744730655734149,0.05528659751388123,-0.0895965907556543,-0.07471124095502445,-0.06360174501340876,-0.05540457750040732,0.09634537686599046,0.10313032586132821,0.08514804941840672,0.05952281543326323,0.06150212412731291,0.08016281500756654,0.08227729056222731,0.09014489483223094,0.08877813380876756,0.1029268090382126,0.0977386823207033,0.1004078766274843,0.10506303674154482,0.11089081490741032,0.03675731631811109,0.04080780443415193,1
-0.05774319554838593,-0.05423446732944712,-0.08931735035289345,-0.13800181884628407,-0.11065430325208127,-0.028585092996515144,-0.030200679729941147,-0.03668130997459935,-0.016960378963324967,-0.022466890027943276,-0.027451858219541467,-0.042657646539288885,-0.0019369258614940338,0.027498557349334356,0.021242867170486464,0.0368304030336616,0.06573480566719762,0.06777913908737407,0.048245606848787696,-0.09681526474366306,-0.08104391007402298,-0.06935789458364663,-0.06127324856899191,0.08929595698366616,0.09614058374555152,0.0783756708742164,0.0525267644404982,0.054044292548541456,0.0731188597884321,0.07680016487952307,0.08465062618147477,0.08448730342849228,0.09875655304931513,0.0932073019438221,0.0969714942076844,0.10321492316810825,0.10805912547495793,0.03421380791242873,0.037575383261468163,0.03248977066081921,1
-0.062009548266434136,-0.09780739092747957,-0.146172011701416,-0.11928557567744708,-0.03972594152076524,-0.04155256607615731,-0.04729896170686096,-0.026952323379060287,-0.031964425848794734,-0.036618298488499935,-0.05034828083132985,-0.010664730378835372,0.018050193295877908,0.012394593434916855,0.027785889823514386,0.059112124821249966,0.06137548291947398,0.041696028629751566,-0.10297904528625706,-0.08834386216902251,-0.07572296751255016,-0.06704014427035922,0.0827777227626195,0.08909236014511966,0.07152730824723434,0.045937876065252826,0.04708346083372958,0.06557343185815918,0.06977746063275309,0.07916483551050102,0.07901580439939386,0.09444506062771718,0.0890511751312702,0.09244167325198778,0.09977621438709779,0.1062114328855417,0.031407111556558294,0.035031642794529375,0.02926502028809822,0.06253155290220021,0
-0.10531960643150368,-0.1541322584911918,-0.12764672154938303,-0.049191258843815415,-0.05245597266065806,-0.058316463677889764,-0.037730086803960484,-0.04176841567752103,-0.04595818354498094,-0.05920904630247371,-0.01864159207159336,0.009105251145957827,0.0031351493647273714,0.018865826437757617,0.04981049066649437,0.0547760511211088,0.03541501137385146,-0.10869632722019461,-0.09455649944472909,-0.08307348575808213,-0.07341924654377902,0.0763460244024534,0.08257503987373288,0.0646228610379673,0.03927477309347921,0.040525190280532024,0.058538483822132614,0.062257228625283774,0.07212718723199522,0.07355058632011198,0.0889334854694313,0.08475977937175473,0.0882866594282631,0.09524069243057699,0.10277024072426914,0.029548648500757856,0.032224679863180304,0.026723637223922906,0.05927909832577213,0.06785389624095901,0
-0.1613046790153036,-0.13577959417759608,-0.058267544027602425,-0.06177159785406607,-0.06891291359166,-0.04893472349764572,-0.05230234799083517,-0.0555868746047439,-0.06829726392454352,-0.02792565230106393,0.0009515155978849532,-0.005647757561230808,0.009525440355422148,0.04064877468775788,0.045524453286539784,0.02895403141150671,-0.11427022195232525,-0.10032013660921937,-0.08931651863492364,-0.08079165758366946,0.06909900553437408,0.0761442769055477,0.05821538476291323,0.03255872637201558,0.033893000393576116,0.05191578036554594,0.05524359916104477,0.0645892370390456,0.06654841846622636,0.08343205818760945,0.07928718373215617,0.08399684673062012,0.09108160969315279,0.09822863297468382,0.02617099120622391,0.030366331684882925,0.023919382309326283,0.05672920116049966,0.06459653345759195,0.054283418572341494,1
-0.14306273210720769,-0.06704691873980419,-0.07071953176218551,-0.07803502201293404,-0.05970295850577783,-0.06322200070433939,-0.06589339403936122,-0.0776461149745443,-0.03736237593864242,-0.008594119084808019,-0.013669504036665345,0.0006731100850448237,0.031035928061805308,0.03640976345160757,0.020000407950853772,-0.11993290380430115,-0.10593341494572893,-0.09510899512223871,-0.08704785034391208,0.0603722105098896,0.06889847921522992,0.05189704285885134,0.026295186541072414,0.027208390847425226,0.04521853621691171,0.04863942897019324,0.05756061600604954,0.059052535150238325,0.07636744230089847,0.0738209748537998,0.07852732160042199,0.08678600956801497,0.09406520668995338,0.021785082548419286,0.02698799672917929,0.02205986714371126,0.053915165851665676,0.0620451278941527,0.05103857033537229,0.061707738032692694,1
-0.07474470510233552,-0.0793828740233297,-0.08681702786173705,-0.06893336656713633,-0.07372862739504074,-0.0765472520111941,-0.08758960149928488,-0.04709874604533124,-0.018246201567867507,-0.023019943282219,-0.007405186581300607,0.021949910468137303,0.026849938266671397,0.011165766402956318,-0.1271684396868272,-0.11164055847994286,-0.10074677547215956,-0.09285281291840983,0.053301889821264464,0.06017358983883737,0.04479801369578071,0.02012415799735166,0.02096886876335821,0.03846776950005843,0.04196089681272299,0.05094341291926438,0.052059507405226794,0.06879751833456646,0.06681709822289657,0.07306388695947416,0.0813052591339698,0.08976342851166386,0.017732781693606744,0.022600427389074192,0.018688416233792384,0.05205986542956221,0.059229359844707605,0.04849101076275605,0.05845604316934615,0.08344147213552311,1
-0.08700624040301735,-0.09533036741101437,-0.07780823232108204,-0.08279410795366045,-0.08680988563566622,-0.09781915527580652,-0.057544956147381955,-0.028222038578817405,-0.032511317930596556,-0.0168392565321431,0.01368125906080219,0.017809396757223307,0.001921692468953029,-0.13438835350862285,-0.11897178425946806,-0.10648158028196435,-0.09850120150200745,0.04672448329860863,0.053104414646135814,0.03630215662959993,0.013217450131981836,0.01482242145076349,0.03217770387433523,0.03522915932411212,0.04425172218321244,0.045473247285502345,0.061741843909301965,0.05931918891896381,0.06606479490422024,0.07583168231340505,0.0842706951156079,0.013589062991624292,0.018546941273432663,0.014317716995593291,0.04866355179246031,0.05737480612637402,0.045679660714231206,0.055906379480337776,0.08016973465978883,0.10408677204712546,0
-0.102857526228577,-0.08640551932115516,-0.09152755908935072,-0.09572154399362358,-0.10769228803590136,-0.06836208123529516,-0.03897890607094951,-0.04230845688261217,-0.02639948581030536,0.003965678101992896,0.009577788815109197,-0.006848031608816265,-0.14181184034019767,-0.12628163129058287,-0.11387233832565312,-0.10424798235926348,0.04041982299558682,0.04652809496912543,0.02937065406324833,0.005021710481581655,0.00794780500098757,0.025979527209866436,0.028953631874374126,0.03750660302971181,0.038812797914814845,0.05510112199991725,0.052324446961308536,0.058572558366532725,0.0688150985952254,0.07878629156333843,0.008402902014666008,0.014401536713352241,0.010276271395446245,0.04423192374083481,0.05397408769166915,0.043823203111426214,0.05309261237244266,0.07761391144243146,0.10079599570113544,0.13860211867080285,0
-0.0939865196958947,-0.09999700408172889,-0.10432310258607727,-0.1163583907268706,-0.0787745900755686,-0.0501591200974406,-0.052833501640106126,-0.03627318723182048,-0.005826324137630464,-8.300946175201753e-05,-0.014859039728326463,-0.14902006079202565,-0.13380651679037883,-0.12123813617019932,-0.11166451510803273,0.03393215147809263,0.04022435805486497,0.022924958067533748,-0.0017293897965265505,-0.00019785599025252812,0.019037376789929186,0.022770334468392238,0.03122085209656901,0.032099449782736475,0.048385685637651346,0.04573669659360831,0.051582616204279924,0.061302123308212705,0.07175103557265727,0.003195489854563083,0.009212105843266224,0.006147992686531772,0.04014699207722419,0.04953166520509058,0.04043371567098484,0.051237196372363555,0.07479306870613095,0.0982343214270992,0.13527951264885685,0.10044700816911871,0
-0.10749601015286933,-0.11267331374156246,-0.12474940128863846,-0.08778073528053185,-0.06090493569495259,-0.06374276679061544,-0.046897555513900395,-0.01595774403571221,-0.009829908156318321,-0.024193598279843027,-0.1557591145150161,-0.14110170610399964,-0.12882610557427027,-0.11905453705585246,0.02492108277393039,0.033737728986845274,0.016732199597891722,-0.008003920240821787,-0.006918853701066723,0.010786329027465485,0.015847609294708288,0.025027091352382146,0.02583797165218887,0.04161641828222907,0.03907474260374827,0.044999038530911875,0.05429463384198854,0.06421592176283028,-0.0033620542193406344,0.0040017393004684945,0.0009917791454140637,0.035956860879434865,0.045439029346091536,0.036018815955703096,0.047841564528511654,0.07294070186319093,0.09540675741272465,0.13270805642685907,0.09715958837365261,0.06644592173670963,1
-0.12009584655013636,-0.13290927227073032,-0.0964633102054808,-0.07012120973548651,-0.07423985795277382,-0.05792290762795589,-0.026916447242081507,-0.019911175453136393,-0.033671898073657634,-0.1632126105703194,-0.14791160207434706,-0.13617540146984616,-0.12666981886019674,0.016032451878453657,0.0247289038298864,0.01037085841090049,-0.014051255717631755,-0.013164822852818565,0.004001982728133453,0.007626874632125552,0.01809070602745867,0.019669053178750614,0.03531221831874246,0.03235986434366794,0.038341297474734956,0.04769580144843207,0.05718970062753545,-0.01033077547210851,-0.0025609000358150034,-0.0041885751926913194,0.030680678149600283,0.04123794007066542,0.031945823626784484,0.04341160728529821,0.06952708307378015,0.09355728702390136,0.1298692556058761,0.09459894564020135,0.06318985737206376,0.07822897077936546,0
-0.1402097261926713,-0.10488676195468993,-0.07898395648486274,-0.08329932696357528,-0.06852656378085402,-0.03833256203124331,-0.030804816323386882,-0.04345449852395135,-0.17114219854433846,-0.1554698650104562,-0.14302937105209887,-0.13404254039248237,0.006727505570561887,0.015842381510200683,0.0016316763224757222,-0.020248423233894513,-0.01918789253194687,-0.0023040915153601494,0.0008607497098104231,0.009848654696684786,0.012765100063214959,0.02909957570852251,0.026097217207741413,0.03163070357306008,0.04102265856327075,0.05057458388791638,-0.016877765087219446,-0.009535662416272636,-0.01069945411967778,0.0253919303927471,0.03594050303550057,0.027772674365445428,0.03932786810971675,0.06505304686682312,0.09012658208243776,0.12802462758399571,0.09177256658633853,0.06063885084078495,0.07496204021549262,0.0792524983445115,0
-0.11235626924047878,-0.08757028763118793,-0.09202762358758178,-0.07765321528025024,-0.049294928754063175,-0.04214488780787601,-0.053960682666803976,-0.17920271869535,-0.16348570939910992,-0.1506528133835185,-0.14091559180144952,-0.0020944282764734476,0.006539812597474406,-0.007001424609117613,-0.028634272725548186,-0.025357665445740172,-0.008378226740406149,-0.005428036105276385,0.003069716203689643,0.004573659200371,0.022138539632505665,0.019927102302699676,0.02537132965219455,0.034296401714957764,0.043884999618706,-0.023076262683646355,-0.016087763501812173,-0.017612847483482155,0.01869411126003419,0.030632551791131158,0.022529429827360933,0.03513943304964794,0.06093784768887222,0.08561067440406338,0.12456535757139763,0.0899225855530047,0.057823541171126286,0.07240769426613348,0.07598462389468884,0.05928122878068834,0
-0.09514426122643149,-0.10049240878502172,-0.08643911652337916,-0.05864772458665272,-0.053037448638537814,-0.06484790398133934,-0.18747486981833147,-0.17164214182407098,-0.15872232111410142,-0.14856725378342428,-0.01014796492070557,-0.002280082175920201,-0.016018263795907782,-0.0369352974883796,-0.03368455660391018,-0.014605649534440485,-0.011487483006769945,-0.0032312271173382005,-0.002174857052049135,0.01385802080071324,0.013021587215608567,0.01920456475564256,0.02802506142994066,0.03714202264440809,-0.029345210145638043,-0.022290704746748678,-0.024113023509667736,0.011559074815075765,0.02390161345294968,0.017270442071799317,0.029866540151313823,0.05670466543184941,0.08146559075338157,0.11997944808361376,0.08649489289808197,0.055968789919525246,0.0695885485103189,0.07342998786875918,0.05603177161769109,0.0533996898941421,0
-0.10798842619345446,-0.09495597759707546,-0.06762752990289315,-0.06234623626992355,-0.07532475944170425,-0.19575100669119164,-0.18003871872853514,-0.1669384241522448,-0.15665999524837446,-0.019545417875584847,-0.010331957851430212,-0.024593090369877422,-0.045577724580734905,-0.04193016995641954,-0.023056614070507967,-0.0176983235812564,-0.009301003088464398,-0.008446935774772063,0.00705595927372588,0.004827708895902832,0.012303423188906721,0.021846049424429415,0.03085790831879579,-0.03566041897160969,-0.028564138709545772,-0.030270823788647025,0.004871363925665258,0.016727309678007837,0.010623948386960779,0.024580764791684067,0.05134498079702127,0.07718990225712034,0.11578440279811,0.0819863671550554,0.05256923673146581,0.06773545037400576,0.0706105088935963,0.05348279562240603,0.05015565662211492,-0.25672416952768534,0
-0.10248539502233321,-0.07631968463655624,-0.07128830741284542,-0.08437147112202117,-0.20383095055314884,-0.18846028148332408,-0.17541241098946347,-0.16490193289029706,-0.029075499737290827,-0.019726954439965624,-0.032445340781297606,-0.05383142076644876,-0.05051012131535615,-0.03141883656792515,-0.026113600064135545,-0.015523504551258647,-0.01449218825832971,0.0007330768359478899,-0.0019222725257218793,0.004116369748413954,0.01492891894886228,0.0246658225788538,-0.041617721902560266,-0.034883910099014134,-0.03649868146887216,-0.0014494694818641893,0.01000637423081143,0.0035497652526333117,0.01788807199002399,0.0459807881942788,0.07174777245105333,0.1114376512711704,0.07784655213330247,0.048129669808355126,0.0643261454764313,0.06875755435416198,0.05066981848818539,0.0476083475058547,-0.25968220996124436,-0.3018192962027983,0
-0.08396153053374952,-0.07994634960188429,-0.09308882916398122,-0.21136656102654147,-0.19667372274488285,-0.18392444862499435,-0.17340943463266972,-0.03891567893001552,-0.02925501393208093,-0.04154511641017952,-0.061422087917726464,-0.05871023254260441,-0.040130263408339334,-0.03444228149548168,-0.023963877457505615,-0.02068700420252208,-0.005355338703662983,-0.008195741399851787,-0.0026295091994379457,0.006716914813584445,0.01773162401410796,-0.047475328872773184,-0.04084469879145824,-0.042772103890136075,-0.007841932499565581,0.0036566571079696226,-0.0030864569224598342,0.010759113508899765,0.03915285345884322,0.06630908977243881,0.10585768749442037,0.07357835748187916,0.044039072019805926,0.05986268092997238,0.0653474023801254,0.0488140620584326,0.044797285163791556,-0.2621416272916398,-0.3047357504027056,-0.33800723665244564,0
-0.08756631666291967,-0.10154372563628503,-0.21878824795983887,-0.20429349488773094,-0.19222094361225942,-0.18196064368896003,-0.0494965592481203,-0.03909294436374792,-0.050830115296606734,-0.0701350144098488,-0.06625725098095225,-0.04844314014995148,-0.043115891166286675,-0.03231614551572335,-0.029067792669089102,-0.011598883100035543,-0.014242174962057657,-0.00889908564962831,-4.3962139034293474e-05,0.009492985122940558,-0.053972856989579335,-0.04670587330317972,-0.04869748234692029,-0.014282750924242547,-0.002764968164966883,-0.009362528699880447,0.00407654525742047,0.0318635472409293,0.05935268607395207,0.10029447037940838,0.06815076274953237,0.03984088159793851,0.05575502694900602,0.0608818619807909,0.045420438405607944,0.04294070357733997,-0.26485172579663135,-0.3071823873839055,-0.3408903187286253,-0.34860199515605395,0
-0.10903340069179608,-0.22607182849686544,-0.21178734498460108,-0.1998930758777077,-0.19029309708157036,-0.060471083668437335,-0.04967090739253767,-0.06039777602719898,-0.07910151360167078,-0.07490562645054973,-0.05608201402134994,-0.05139633241091611,-0.04101634883942603,-0.03736406087722915,-0.02008454435448058,-0.02043832427185695,-0.014942212191619158,-0.0063277686845361015,0.0027160978668318188,-0.06153007157698973,-0.05320805893516941,-0.054522415857707285,-0.020336018569481473,-0.009235443252372504,-0.01570979842898108,-0.002239817406181642,0.02504530685057381,0.051911062398738494,0.09312328894414468,0.06272521266228683,0.03454906718388355,0.05153257661792394,0.056772726423788306,0.040995402452626374,0.03955194751511222,-0.2667518165368934,-0.3098778047320495,-0.3433266997342972,-0.35147530686157274,-0.3140467059932489,0
-0.23281025413022444,-0.21913616265076305,-0.20743182137786928,-0.19798789884795157,-0.07102808124273971,-0.06064202215477241,-0.07062512158668525,-0.08831502061405905,-0.08381897965080291,-0.06486623226224308,-0.05900878529147916,-0.049319599256641256,-0.04600112500839719,-0.028479376221689064,-0.028821982391823618,-0.021134628077719073,-0.0123829851770533,-0.0035828992422262547,-0.06789735080237927,-0.06077254157576764,-0.060977287951308086,-0.02629184169768911,-0.015311368347319377,-0.022104657372581372,-0.008627766566365404,0.01861099783354327,0.044963944385076525,0.08542701700235009,0.05579145802645167,0.029246196036586906,0.04619370764422599,0.05254816877008376,0.03691517569633083,0.0351388401215816,-0.2698839125631819,-0.31178422214065066,-0.34601033574665385,-0.3539086852209877,-0.3169518842092974,-0.6895315378800789,0
-0.22591642956202987,-0.21482122550223376,-0.20554608197232524,-0.08012531745853672,-0.07119588974642327,-0.08118644302405202,-0.09808292702839766,-0.09297339131446547,-0.07389142720404548,-0.06775393017006523,-0.056950631810584185,-0.0542502214233401,-0.03722756975477885,-0.03712094761551032,-0.029510251168166732,-0.018589049878365876,-0.00965102170324494,-0.07380771212900618,-0.06714418966933082,-0.06846793780769331,-0.03291759347945673,-0.021290380495332634,-0.028122812347165956,-0.01506399460703653,0.012103964905030752,0.03841759581568519,0.07826443804312157,0.048376687900541955,0.022524019064204807,0.040848322209369965,0.04720521242997615,0.03273173653282063,0.031067127007094276,-0.2736680466615209,-0.3148789972176427,-0.3479218301805121,-0.35658887200672446,-0.3193950558367351,-0.6920904480822014,-0.8990401412393656,0
-0.2216275234375425,-0.21295305814783086,-0.08888599700709086,-0.0802911527060662,-0.09136413037516808,-0.10810726696498929,-0.10266463407936273,-0.08317020058387593,-0.07674695532582067,-0.06572325371734233,-0.06183714173819816,-0.04557198100734641,-0.04576105260095979,-0.03780166474832281,-0.02699404778452265,-0.015871656454189503,-0.07954564794829631,-0.07305869617469854,-0.07479520459407789,-0.04067490111652002,-0.027946406125793268,-0.03404269902066545,-0.021113755236138673,0.005546634188132766,0.03179744288210963,0.07153077885088377,0.04145229099628516,0.015360103081997787,0.034052823168595904,0.04185613401675162,0.02746853368363333,0.02689579723894632,-0.27729084946422883,-0.3185716722761167,-0.3509866559394681,-0.35850185284339664,-0.3220864924327622,-0.6944272040584822,-0.9014058448940463,-0.8239980958533001,0
-0.2197706263073961,-0.09738005709944815,-0.08905014031567071,-0.10022223547889723,-0.11779201844363982,-0.11259937137332648,-0.09302277623228783,-0.085989957715803,-0.07473890119340272,-0.07054452712484713,-0.05323654195316821,-0.05401275713335015,-0.04643325534178425,-0.03531306899654715,-0.024308011845676967,-0.08539352216156795,-0.0788001537557761,-0.0806676021495542,-0.04716245741388518,-0.03575095610857748,-0.04062153485680376,-0.027065989069535872,-0.000595647903050703,0.025125074359974322,0.0647215089656756,0.03492569498642733,0.00864795687053836,0.02680197388548751,0.03505426589800283,0.022191513384916227,0.021656081792835048,-0.28082367075739384,-0.3221291990068281,-0.3546059369411506,-0.3615579103279497,-0.32399462529871087,-0.6969963979174941,-0.9036832243188498,-0.8264330024632272,-0.9419434210798489,0
-0.10489485061023539,-0.09754267085701772,-0.10877787563520622,-0.12633935864794016,-0.12220186981950713,-0.10314607554764015,-0.09579612811092474,-0.08400705832917008,-0.07950646422712736,-0.06205874818519325,-0.06160180194308533,-0.05467765714532178,-0.04397578688019862,-0.032656504082129396,-0.0930276268135468,-0.08465200382285748,-0.08637328378466923,-0.05318693753328503,-0.04226691004907132,-0.04830563015321886,-0.03368705493663713,-0.006642573859537824,0.01889490431893873,0.05785681726395006,0.028325485096066028,0.0023058806554996356,0.02001627236786042,0.027795865205282242,0.015513919958357204,0.016400282608840386,-0.28482493411974913,-0.32556917474913427,-0.35811108092498084,-0.365155703720842,-0.3270792809110409,-0.698957209823793,-0.9061842106154572,-0.8287316494531778,-0.9442695597981069,-0.9513448962270186,0
-0.10505648335638182,-0.11708657548769195,-0.13462853809339054,-0.13069735468766533,-0.11292166931347865,-0.1058651900744563,-0.09384586165825755,-0.08871489845294359,-0.07111521930787462,-0.0703123291936625,-0.06226075336940103,-0.052246886322334485,-0.04135245020983806,-0.10062213157644882,-0.09229466525951892,-0.09218474499536643,-0.05902182917251562,-0.04831833383028644,-0.05474917809556658,-0.0414370502031151,-0.013387262675382676,0.012758028459171839,0.05147971387410486,0.021673397725083803,-0.004108030024588557,0.01361025096695193,0.021003774349619402,0.008402863843435552,0.009759288079131246,-0.28896177887261515,-0.32939035472899153,-0.36147654996305484,-0.3686455115858972,-0.3307471571222353,-0.7017311123369374,-0.908174415752142,-0.8312570664171256,-0.9465347800620781,-0.9536623650075036,-1.1841849352542413,0
-0.12448248410252626,-0.14269635144723686,-0.13894207155141602,-0.12152627983592536,-0.11559099527904755,-0.10395306421568645,-0.09847622400533901,-0.08042877003894632,-0.07927685304774475,-0.07096248340097923,-0.0598517296485195,-0.049652049262626875,-0.10846796542358597,-0.09989721203241458,-0.09974048202177674,-0.06497916058060992,-0.05417611692113531,-0.0607319031217968,-0.04792021099286653,-0.021330171573120674,0.005895907781839562,0.04519245743843156,0.015458722318979818,-0.010570659728420558,0.007131778446005509,0.01459219838807392,0.0017354429982263757,0.002691624942371384,-0.2936729738446556,-0.33336449225929976,-0.3651532166173645,-0.3719891672649231,-0.3342869844397139,-0.7046374543261387,-0.9107749279116129,-0.8332367434509387,-0.9490217987788813,-0.9559249208120488,-1.1862876814919507,-1.1196727417457017,0
-0.14993776217003635,-0.1469696897275508,-0.12986456485833253,-0.12416421726174097,-0.11371388155179807,-0.10849287238765196,-0.09032646190583477,-0.08848816359584409,-0.07991976435001583,-0.06858562094176274,-0.057280107523741845,-0.11603842967870483,-0.10775211315413638,-0.10726133374193209,-0.07284883768894161,-0.060159291378992834,-0.06653131945326622,-0.05394052065804544,-0.027929293845554252,-0.0022302535545063455,0.038134011136319944,0.0093377046162845,-0.01664059101397002,0.0006034923406353972,0.008108117741120743,-0.0045677512923534055,-0.003939080584759186,-0.2984525967050647,-0.33779507497637573,-0.36899678484418524,-0.3756235246922995,-0.33770178538639856,-0.7076337600543238,-0.9132563580063485,-0.8358993607773634,-0.9510180230764427,-0.9584088787872284,-1.1884842484142184,-1.121834980424179,-1.234926938398525,1
-0.15418532038271898,-0.13797677076243017,-0.13247558865062373,-0.12230917646961038,-0.11817056320776304,-0.10050249197990171,-0.09825322056480525,-0.08912302119572246,-0.07756938082288185,-0.06604833082100052,-0.12307255642653704,-0.11533035434128033,-0.11502412462305606,-0.08066474290990036,-0.06808458758776133,-0.07244860140713084,-0.05977186906133136,-0.03405962767572554,-0.008939529911683937,0.0297014836311478,0.002496287161932714,-0.02261346873085271,-0.005516599902991697,0.0015741284313797357,-0.01094240509039433,-0.010210356473239566,-0.3031473639748655,-0.3422419937801148,-0.37320218181901343,-0.37942886608937404,-0.3414741362914398,-0.710275481987242,-0.9159493959607165,-0.8385329863292702,-0.9535830282698701,-0.9604064220746573,-1.1908924030513124,-1.1240498306604363,-1.236982890914733,-1.21416181086954,1
-0.14524665363071984,-0.1405634640223721,-0.1306394739662786,-0.1267134521132972,-0.11032649129139728,-0.10827423013768858,-0.09887763019829957,-0.08680208074941377,-0.07506035684453807,-0.1309624288190681,-0.12237081594656432,-0.12252336356170117,-0.08876020324941396,-0.07595276587367875,-0.08023208456244042,-0.0657252003726049,-0.03998445308547897,-0.015174377852179946,0.022808048824675083,-0.005597566791645319,-0.02926148570715628,-0.011540815412314592,-0.004550321014114271,-0.017365112363630066,-0.01655278406427583,-0.30773563508575497,-0.34665525616631127,-0.3773821122477808,-0.38356833533999557,-0.34540415624114085,-0.7125483675711178,-0.9181597643722508,-0.8413346491022948,-0.955977444687728,-0.9629636465608742,-1.192922612877492,-1.126478987869234,-1.23916507711414,-1.2162369127597246,-0.9961254754065008,0
-0.14781774196476813,-0.13874445896676965,-0.13499881485925652,-0.11896161844971524,-0.11795592442398183,-0.10888642843758584,-0.09659488588883644,-0.08432448712910907,-0.13925129310246245,-0.1302700568060813,-0.1294994722857983,-0.09654477023680907,-0.08410716349799263,-0.08796698124370708,-0.07358626852073766,-0.04604331422378751,-0.02118799890212247,0.016398471490061836,-0.01228742299700226,-0.03705353818384922,-0.018255855168088617,-0.010578995950322863,-0.023404543236111137,-0.022942718777760763,-0.31237882785345733,-0.3509988014641602,-0.3815694725750352,-0.38767009947024056,-0.3497586517779237,-0.715123604895436,-0.919595995959627,-0.8436995202407345,-0.9586083793109771,-0.9653389955106115,-1.1952871377987795,-1.1285001468892124,-1.2415567121988602,-1.2184249839759946,-0.9984016480256016,-0.9854258677376824,0
-0.14600971054857334,-0.14306317783059133,-0.1273260695047156,-0.1265013372618061,-0.11855691301856902,-0.10664832686068862,-0.09415806647500453,-0.14771130827021353,-0.13856663431303076,-0.13730354323069013,-0.1037532987004628,-0.09194228054355087,-0.09597110537825813,-0.08139408269505645,-0.05413150239462325,-0.027347104891060407,0.010236399591116356,-0.01850384511248576,-0.0435619798022396,-0.0261524967028504,-0.017299857600076313,-0.029346204964793957,-0.028957111680489523,-0.3170407194630702,-0.35539490840701865,-0.3857166302850943,-0.39179132235694936,-0.3541153588639053,-0.7171415808756861,-0.921415307633705,-0.8454354255702439,-0.9607304149259513,-0.9679563213159277,-1.1971902555345992,-1.1309180624200945,-1.2435940409278663,-1.2208233793498344,-1.000651512626434,-0.9877119074181998,-1.116027985050304,1
-0.15030237557413398,-0.13546193009304172,-0.13478886411572424,-0.127095258845981,-0.1163597923773183,-0.1042591633656349,-0.15650171923220607,-0.1470352261508624,-0.14552176567396383,-0.11190108955909983,-0.09919198558064109,-0.10367733400159558,-0.08948042047172573,-0.06215277309029772,-0.03565103882203324,0.003909701666894023,-0.024501811501800027,-0.04960627589805894,-0.03272380739983712,-0.025205584201322892,-0.035953468683241556,-0.034873148019556,-0.3217349014547676,-0.35980552517820263,-0.38991445577772377,-0.3958809835905611,-0.35845229203620155,-0.7187280257183255,-0.9221295799555386,-0.8475254956095836,-0.9619953160764582,-0.970059000401643,-1.1994705408596722,-1.1329520196437461,-1.2459165715170346,-1.2228577948133819,-1.0031208918487609,-0.9899648043804502,-1.1181935848836269,-1.0174697697528368,0
-0.14274698441706132,-0.14285518348951404,-0.13537672619761443,-0.12492397409344536,-0.11401437584909149,-0.16538358582810542,-0.15583676351861458,-0.15390323109500162,-0.12040230264951463,-0.10740067147468652,-0.11082205036457664,-0.09725716310677854,-0.07047978066127812,-0.04387507605016941,-0.004754921608656276,-0.030643244335693508,-0.055458003276566005,-0.038827753628755936,-0.03178235598352667,-0.04368192569454094,-0.04144695714723402,-0.3262997532007701,-0.3643077352320368,-0.39412342949876017,-0.40002075813984267,-0.3627294806560017,-0.7207210068565798,-0.9221703065047782,-0.84870673008732,-0.9636598289060456,-0.971286357596299,-1.2010938297478342,-1.135325687622303,-1.2477167775807834,-1.2251975107245303,-1.0051247176747562,-0.9924376669640618,-1.1204094680754768,-1.019726258896643,-1.054811051019795,0
-0.15009563601510956,-0.14343756764453025,-0.13322759404109374,-0.12260613726169767,-0.17401957474761787,-0.16473163439185107,-0.16259174046278096,-0.12909843772832463,-0.11595202051820958,-0.11887547105577026,-0.10445931808580092,-0.07846294393721653,-0.052430700574854494,-0.013317949172683046,-0.03890914231524193,-0.06143434120531169,-0.044730160018350375,-0.037891483685871495,-0.05015213971641194,-0.04912320826429396,-0.3311095568521652,-0.36867611115544613,-0.3984715858982949,-0.404170696740513,-0.36705859101061367,-0.722960484585136,-0.9228554368983682,-0.8493011038876391,-0.9641071281203825,-0.9729169490684821,-1.2013913609302231,-1.1370817995134153,-1.2499236128704598,-1.2270398312863744,-1.0076448815327357,-0.9944399916773191,-1.1228398118702465,-1.021970074339724,-1.0570331044415595,-1.1775095384025336,0
-0.15067450678037778,-0.14130846193495789,-0.1309334050072235,-0.18190573647126695,-0.17337956091961576,-0.17135450690892184,-0.1381951640683948,-0.12470390395254312,-0.12729898752842253,-0.11259768335265334,-0.08583324302896783,-0.06060994686252323,-0.022255781436415416,-0.04709743182822342,-0.06934492391846744,-0.05076371145313847,-0.04379829227770022,-0.05616016549824918,-0.05556204102574695,-0.3360330771417302,-0.3732294106779526,-0.40268229388966753,-0.4084737507870644,-0.37140107535494726,-0.7252322333966366,-0.9239579367076588,-0.8504546818455089,-0.9638313216803654,-0.9733057459714706,-1.2021818448598927,-1.1376369544098495,-1.2514424299546605,-1.229276724501586,-1.009929409387638,-0.9969690105833878,-1.1248604595452416,-1.0244325047195437,-1.0592663370423427,-1.1796184406183643,-1.1461746164568951,0
-0.1485582454761828,-0.1390356510442776,-0.18962799832633767,-0.18127324855045718,-0.17988116480651414,-0.14743504476293556,-0.1338729519300509,-0.13590872834520168,-0.12109113618766207,-0.09422027254453769,-0.06813996934185414,-0.030762844377068825,-0.055612751211614506,-0.07719927387012751,-0.058797428384897266,-0.049836813529750466,-0.061981077461116266,-0.06154029229199471,-0.34081722772185563,-0.37775265623341686,-0.40702975396064783,-0.41263829827184456,-0.3758512327874543,-0.7274824763521254,-0.9250817431606453,-0.851964425783453,-0.9642486297239985,-0.9729605770714548,-1.2011217541953139,-1.1386602040639067,-1.2515373274549937,-1.2308382945359664,-1.012481914434569,-0.9992752386954239,-1.127281391494745,-1.026439325065817,-1.0617166106050606,-1.1818168994058749,-1.1483124153957551,-1.247478881319388,0
-0.1462991459312073,-0.197183305378885,-0.18900196338198696,-0.18769840023380438,-0.15639968186085643,-0.14319736042728307,-0.14489337650042483,-0.12977864229962274,-0.10291845502671365,-0.07676320990002601,-0.03855989654886355,-0.06375742808802534,-0.08533808020521655,-0.0667675048218317,-0.0578812264423625,-0.06792262666902683,-0.06733590769763259,-0.3452255178155013,-0.38229619939071086,-0.41123178701912777,-0.4169254946402671,-0.380166334874556,-0.7303341783387729,-0.9261645819121757,-0.8534994036212273,-0.965118298608637,-0.9733191967076666,-1.1990587316988846,-1.1380015517237736,-1.2521447297302284,-1.2310161157284838,-1.014492395585646,-1.0018432316323336,-1.129322740779856,-1.0289418242805013,-1.063728669785757,-1.1842272272833039,-1.1505197547713468,-1.2495232585708262,-1.3637566055373573,0
-0.20409600883227558,-0.19656310407094552,-0.19536156226789023,-0.16449303548068406,-0.15223959197884365,-0.1540022628891061,-0.13886417438999574,-0.11183360897319027,-0.08565586908586303,-0.04757804084041094,-0.07125929135343956,-0.09315982472131701,-0.0750367914497244,-0.065861355391789,-0.07575833751620999,-0.07324889863854402,-0.34968728741830835,-0.3864762013478504,-0.41558224751469874,-0.42103348618128006,-0.38465008406362045,-0.7330133233578807,-0.928124396558631,-0.8550003846249262,-0.9660070288334477,-0.9741378449206981,-1.1979638548507199,-1.1364144890497796,-1.2507688881414685,-1.2316984404282778,-1.015540925515286,-1.0038757420145321,-1.1317016846145418,-1.031183063008364,-1.0662002651718554,-1.1862565005776444,-1.1529402840372143,-1.2517018874409733,-1.3656937527405764,-1.4142639462642659,1
-0.2034795490562755,-0.20286344174793955,-0.17239295092546633,-0.16038186399542131,-0.16284665042097365,-0.14809097151282535,-0.12121446572375637,-0.0947872701712607,-0.05679583121183654,-0.0798408879333631,-0.10039863689376455,-0.08297044791447868,-0.07414197611291252,-0.08354231988042567,-0.08102314672745836,-0.3540944479717968,-0.39074401636246203,-0.41957905279187857,-0.4253274177849945,-0.3890647963126395,-0.735361289440981,-0.9298907295241896,-0.8572796565594777,-0.9668508059500556,-0.9749750624563834,-1.1975189082573798,-1.1357223275028827,-1.2483314999089965,-1.230451813450722,-1.0170099446802148,-1.0049669998769326,-1.1334653006301145,-1.033704671774539,-1.0683657707111496,-1.188626550090297,-1.154965161165645,-1.2540894361186612,-1.3678394274973027,-1.4161545161491036,-1.3862192909792672,1
-0.2097418782441777,-0.18010886083409117,-0.16832372378718752,-0.17086419429274216,-0.1570435982121997,-0.13078643125663827,-0.10444866160363213,-0.06628875985983672,-0.08869926089986059,-0.10859121359457811,-0.09030042023074433,-0.08208535374269817,-0.09160178756289894,-0.08874936392232945,-0.3586278660376988,-0.3949322140402831,-0.4236912231148117,-0.42927058849334504,-0.3935430994811697,-0.7364431118120055,-0.931046996508926,-0.8593729416523145,-0.9686279794470359,-0.9757664535543065,-1.1970803455183094,-1.1356274808021798,-1.2469198677317717,-1.2281676267430166,-1.0171200866546408,-1.0064746241767089,-1.1340350105386419,-1.035671207539221,-1.0708333272472028,-1.1905432064373105,-1.1573611436142792,-1.2561285258357324,-1.3701891208315649,-1.4182858766883297,-1.3881357233391294,-1.317258497175386,0
-0.1871245704869113,-0.1760775523324854,-0.17869910780392456,-0.16512938003515704,-0.14005591410675725,-0.11434850937303283,-0.0764191564325516,-0.09779253764081487,-0.11712929965613444,-0.09862781145647707,-0.08942324463077853,-0.09935548392377981,-0.09674370203492023,-0.36330822098412363,-0.3989943828424467,-0.4277037074486517,-0.43333719065461407,-0.39766120178747855,-0.738917995889079,-0.9302691722466093,-0.8609560528639325,-0.9702073862895273,-0.9775036045580409,-1.1965743271731266,-1.1355423941418081,-1.2461995504079255,-1.226885620209161,-1.0164445343750552,-1.0066513463174755,-1.1350714107985966,-1.0366345009254399,-1.0727229817148436,-1.1928331545290196,-1.1593413514376203,-1.2584406683750191,-1.3722445238545429,-1.4206191268668489,-1.3902750319763884,-1.3192385244266562,-1.37296336080628,0
-0.18311758194291172,-0.18635625449699236,-0.1730228031560628,-0.1483414536980568,-0.12391898008975619,-0.0868671662094624,-0.10740447084270599,-0.12586643540167095,-0.10727689268626558,-0.09776234644024365,-0.10653886609352439,-0.10444153726210864,-0.3678683841360341,-0.4032318387994655,-0.43138770810825816,-0.43729823131903794,-0.4018764265910084,-0.7411352557124445,-0.931626212138912,-0.8608443190858425,-0.9711196165183359,-0.9790420499330895,-1.1973202678887467,-1.1353958445950465,-1.2454829614024814,-1.2262779927277014,-1.0165236126803274,-1.0060547338954458,-1.1344354385897883,-1.038026507980489,-1.0735371560114144,-1.194470187272529,-1.161676657437639,-1.260215417394235,-1.3744604343756532,-1.4226816158704423,-1.3926174123650505,-1.321397377149731,-1.3748920176402724,-1.4119422861774715,0
-0.19333427505978865,-0.18073284385732272,-0.15640615612704994,-0.13239427349959357,-0.09694083623013645,-0.11724651301345562,-0.13501635138878718,-0.11613744880613189,-0.10642106919947607,-0.11464946870821127,-0.11157941661430333,-0.37262075377903475,-0.40729263839010377,-0.4352697464528749,-0.44087151553293435,-0.40600525313480496,-0.7437355165207093,-0.9327828622651926,-0.8626017497625954,-0.9699609728594152,-0.9799008039357359,-1.1978442480305542,-1.1364164165561415,-1.244694203223048,-1.2256751802884138,-1.017099242091636,-1.0062006041588185,-1.1328752663012425,-1.038003831377637,-1.074794432406863,-1.194794376059258,-1.1633782050922632,-1.262404083502667,-1.3759993563820907,-1.424855726267208,-1.3946759668141644,-1.3237622083951668,-1.3770350831228715,-1.4138349970719024,-1.3808070769274714,0
-0.1877447891639843,-0.16427103718988356,-0.14062167749967358,-0.10573336498400092,-0.12676391960569178,-0.14431839887254938,-0.1254474764858867,-0.11529234615694306,-0.12312006406366031,-0.119622726216128,-0.37735934449855224,-0.41161670772791736,-0.43892981673747894,-0.4446494981140968,-0.40993964409740974,-0.7460411474196248,-0.9344820244873353,-0.8641382903551834,-0.9710891000430828,-0.9786587106173475,-1.1973785921515883,-1.1372214711115591,-1.2452241329992852,-1.2250021276064367,-1.017691097275348,-1.006834299050347,-1.1322058570312534,-1.037170804580529,-1.0745393931982894,-1.1956089454137018,-1.1638275271062464,-1.2638970576157806,-1.3780197082256063,-1.4262922125288189,-1.3968732871059917,-1.3258110879170109,-1.3793817791084593,-1.4159670155896913,-1.382728500372063,-1.4673176238605623,0
-0.1713822927924736,-0.14863364445616847,-0.11423277768079765,-0.13520575944026575,-0.1533401035611396,-0.13493665869230534,-0.12461628184389739,-0.13178215394599208,-0.12803791805116285,-0.3818544043542629,-0.4160064177614327,-0.4429101836160371,-0.4481922467116969,-0.4140570093076332,-0.7460516786745849,-0.9357703701572035,-0.8661602091606495,-0.9720285579686331,-0.9797366757353385,-1.1940697570014032,-1.137122764950194,-1.2455270343340716,-1.225620455443964,-1.018232966226917,-1.0074847796683635,-1.1321307899855015,-1.0371166418121287,-1.0734308688768417,-1.1945903935649873,-1.164755155642352,-1.2639418300470704,-1.3792732802091858,-1.4282394540153462,-1.3983666517363937,-1.328065480501983,-1.381438473802874,-1.4183010216072198,-1.3848693428776269,-1.4691592682229482,-1.5028664836841674,1
-0.15583923685491383,-0.12249064664040747,-0.14340447917303686,-0.16146943468852074,-0.14413014847525746,-0.13412171939698747,-0.14083471388271152,-0.13663840233986727,-0.3873482597996478,-0.41998552643533404,-0.447019923851928,-0.45207198767710105,-0.41798240795035785,-0.7464812428996134,-0.9335915123947819,-0.8678129272863725,-0.973543192757609,-0.9806285399318099,-1.1939053918311144,-1.1343865548929357,-1.2447727545111404,-1.2260138287612754,-1.0197794843353132,-1.0080862679709903,-1.1320656737250565,-1.0375764383125927,-1.073143604356396,-1.1925766209936874,-1.1639315907856833,-1.264503943797337,-1.3788537078779648,-1.429389037337224,-1.400354488406314,-1.3296987069856416,-1.3836467647679058,-1.4203631848910638,-1.3872134852651845,-1.471275592890767,-1.504675345276004,-1.505722375231794,1
-0.12985395373608677,-0.15139051490426475,-0.16940019850857074,-0.15236777924272302,-0.14333013119025492,-0.15002297393977376,-0.14561104211814255,-0.3927003825921145,-0.42505459020297615,-0.45058499198489116,-0.45609976103791483,-0.4221903449312845,-0.7462486879744151,-0.9319634008676562,-0.8664182675347999,-0.974623218233654,-0.982102738882702,-1.193618534011868,-1.1345663979279619,-1.241013521650297,-1.2253776623874195,-1.0211228243457873,-1.0096783347798783,-1.131939433149957,-1.0380513435515295,-1.0734007542275716,-1.1915234150965168,-1.16214900185695,-1.263049995564536,-1.3789962812710408,-1.4287677684274656,-1.4015618123680473,-1.3317863657444033,-1.3851670142245747,-1.4225392167051703,-1.3892712804020217,-1.473591570928823,-1.5067815950892756,-1.5075286031516146,-1.497693924867137,1
-0.15857947573725506,-0.1771439960449176,-0.16039140296791574,-0.1515771693417109,-0.15894022455615667,-0.15470589340262458,-0.39745896403286735,-0.4299343685797874,-0.45531316889687784,-0.4595436103480481,-0.42648545700199875,-0.746890379998346,-0.9294108399904977,-0.8655271768016038,-0.9719960162591749,-0.9831371147689684,-1.1940912856398536,-1.134606124587435,-1.2405784198504428,-1.2218027455827238,-1.021726863386963,-1.0110682921162841,-1.132975521000627,-1.0384742798265838,-1.073671058615755,-1.191114695076697,-1.1612914032061812,-1.2605200012649174,-1.3768187747116376,-1.4287281068489524,-1.4010525372979137,-1.3331356718527778,-1.3871740391109642,-1.4239804116086696,-1.3914730798688977,-1.4756615031540474,-1.5090859998504544,-1.509634043580504,-1.4995075565362617,-1.3513943896773506,1
-0.18417759204554565,-0.16821914795505838,-0.15960885928747742,-0.16700370399560505,-0.16353739705241496,-0.40162852457028103,-0.43408018357650985,-0.459813900293544,-0.4641719856723277,-0.4303246670438971,-0.7482805350284496,-0.9280626806629829,-0.8638055984671736,-0.96994653283037,-0.9804116662971886,-1.1939950887065065,-1.135356343801124,-1.2400346873266666,-1.2214784372141754,-1.0200872873305156,-1.011733191249157,-1.133796455466418,-1.0399299343350723,-1.0738859253030533,-1.1907127082618756,-1.1610527340281067,-1.2590300139861224,-1.3734309034439292,-1.4262363095930013,-1.4011140633266974,-1.332901785586792,-1.3884086554705641,-1.4259310137432792,-1.3929774212042614,-1.4777917060655137,-1.5111609194404458,-1.511937518578428,-1.50161527229747,-1.3533429371811145,-1.2764022724651949,1
-0.17530658551286335,-0.1674438963201341,-0.17487800427163822,-0.17154681845117714,-0.40593873188481994,-0.4375335573278927,-0.46346798243084086,-0.4685617433256346,-0.4352785498085729,-0.7478236745845233,-0.927831961983385,-0.8631701665075685,-0.9669188799379311,-0.9782698468633957,-1.1888364350294078,-1.1355733908133592,-1.240289197094618,-1.221039825412247,-1.0209263233104005,-1.0101885873755239,-1.1337184809275163,-1.041180278980003,-1.075182616334651,-1.1902438859373947,-1.1608224379392287,-1.2582415787820744,-1.3712150561967704,-1.4224758038880394,-1.398796778807254,-1.3332121282849698,-1.3879523167800287,-1.4270853770896421,-1.3949730921591732,-1.479120592265388,-1.5132617019401546,-1.5140128388387348,-1.503921361035453,-1.35549211549681,-1.278419976880988,-1.2514931065017165,1
-0.17453601079286335,-0.18257075748938678,-0.17937476746947384,-0.41109776182417257,-0.4411863227050263,-0.4663466305594212,-0.47207186062743184,-0.44003025339863255,-0.7492405269988172,-0.9249780307366375,-0.8635200143371173,-0.9651632378244916,-0.9751380861780122,-1.1844077915952882,-1.131088896983112,-1.2399466184401229,-1.2213836462001613,-1.0215914917256135,-1.0110847116755068,-1.1310146225704234,-1.0416629102320958,-1.0762702680348104,-1.1910182441110442,-1.1605282171300244,-1.257456215002089,-1.3697955958089423,-1.4199446661844433,-1.3952431817256663,-1.3313239642776575,-1.3880616713823168,-1.4264733795232032,-1.396191559231749,-1.480991037522837,-1.5145184902255207,-1.5161112577885105,-1.5059955549358517,-1.3578458334706154,-1.280590408611754,-1.2535337818785026,-1.0575271436804752,0
-0.189571615085545,-0.18702561810373194,-0.4164816853560145,-0.4459308770726659,-0.4694718118840401,-0.4747822460943694,-0.4440099185922737,-0.7500592520924902,-0.9244213326215421,-0.8615246688147491,-0.964600595790729,-0.9732931516072358,-1.1786976629205412,-1.1272938560558698,-1.2342577049902859,-1.2211418942285606,-1.0228730889602164,-1.011804045444632,-1.1312139123967104,-1.0398338773013924,-1.076540499554844,-1.1915713084174673,-1.1614359694447312,-1.2565975160627116,-1.3683731215578774,-1.418251108550743,-1.3928871118842496,-1.3282791480232097,-1.3858268741898143,-1.4264420947005014,-1.395703897357655,-1.4820313895755137,-1.5163374778177112,-1.517362253938048,-1.5081006182707546,-1.359899502123486,-1.2829685409982974,-1.2557112730824902,-1.0597466923512313,-1.1763062694113133,1
-0.19399960054973997,-0.4219230817704721,-0.45095941473024975,-0.47388375786552195,-0.47775296641465104,-0.4472691004217135,-0.7489367139620277,-0.9230455807035088,-0.8616748594193697,-0.9612557911487991,-0.9726577745943166,-1.1746412818559213,-1.1222981069842226,-1.229330702119792,-1.215669978751253,-1.0236900292805107,-1.0131316617982011,-1.1312720901566762,-1.0405590296749214,-1.0743800168083368,-1.1911436226470404,-1.1621255574737621,-1.2570740116658103,-1.3668665107814575,-1.4165518937987789,-1.3913457492120027,-1.3263535637278896,-1.3823710770717406,-1.4239647443775174,-1.3957849511354703,-1.4811982555171255,-1.517304638957842,-1.5191771075717375,-1.509367897207726,-1.362125643675427,-1.2850116885530225,-1.2580975148901488,-1.061979155187847,-1.1784162812686754,-1.1175707656241094,0
-0.4274799818086465,-0.4560795342906449,-0.47862710544154896,-0.4820675344994129,-0.4507436023682995,-0.746232562394274,-0.9190761752652071,-0.8610851279361571,-0.960294948338526,-0.9692054039564448,-1.1722045263231047,-1.1188544438384824,-1.2230586788620943,-1.210946919292732,-1.0204966186025228,-1.0140005548911433,-1.1320379855051506,-1.0411161454125921,-1.0749059328094837,-1.1878940398572952,-1.1618761068575543,-1.257322225199667,-1.3668480069978315,-1.4147638507520373,-1.389800197112624,-1.3251864429654874,-1.3800977569497626,-1.4202213674797248,-1.3935013450576101,-1.480967171557423,-1.5163295436856155,-1.5201383887677704,-1.5111943721792997,-1.3636896379341568,-1.287299893951114,-1.260137167787174,-1.0644285445001969,-1.180615081073032,-1.119734942722025,-1.1251598480583622,0
-0.4614303763015219,-0.4834894067293306,-0.48672738685564637,-0.4553757729145125,-0.7442328702639597,-0.9130446731753734,-0.858135416879363,-0.9584698102863335,-0.9681560001708408,-1.166088140698112,-1.11691679009307,-1.2185203651135044,-1.204904839906971,-1.017914989488041,-1.010918956344709,-1.1322727299154411,-1.0423059406249924,-1.0752740132312852,-1.1877652916183976,-1.1589046600544362,-1.25649654907691,-1.366589607884171,-1.4145303349972616,-1.3881684218656447,-1.3240187417754024,-1.3786283326116193,-1.4177047226648438,-1.3899876783566059,-1.47814523858167,-1.51597019628209,-1.5191518887463424,-1.5121721830083907,-1.36572788432531,-1.289015982405899,-1.262445988133897,-1.0664409847379765,-1.183025800686378,-1.1219503886765076,-1.127317026587284,-1.0854070359915722,0
-0.4886748912798608,-0.49151420657961925,-0.46030794874680214,-0.7454139075760404,-0.9079905547189518,-0.8532957092308538,-0.9539174218925897,-0.9662323873030282,-1.1628454065436487,-1.1115385139920098,-1.2156910415545763,-1.2005637472577249,-1.014287348401744,-1.0084424127632539,-1.127826324212135,-1.0430192420731124,-1.0763032032216846,-1.1875122271160807,-1.1589431009415008,-1.2526259022787847,-1.3651025362058689,-1.4140518794817685,-1.3880542934420224,-1.3227712234004758,-1.377155412583206,-1.4160237644003932,-1.3876653940880221,-1.4739933120057853,-1.5129270543542392,-1.5187822370324424,-1.5112177438903127,-1.3670069086543197,-1.2911627813437072,-1.264212595759396,-1.0689103322723899,-1.1850549051668269,-1.1243802302040646,-1.1295303217301218,-1.0876008741299201,-1.21677305436501,0
-0.49665127935712855,-0.46534095504151973,-0.7473869608802552,-0.9072459693627172,-0.849335628896576,-0.947204543246914,-0.9615522487748615,-1.1584829338636031,-1.1089034783836178,-1.2089940966004509,-1.1978950741386865,-1.012017101005766,-1.0049332544174137,-1.1240670800366934,-1.0396027810626975,-1.0768351911902743,-1.1880136896922968,-1.1588486653524603,-1.2521238289265613,-1.3601997815376734,-1.4122775186351937,-1.3876980262231975,-1.3229506641094673,-1.375597500787957,-1.4143372705196153,-1.386153402848607,-1.471130988419419,-1.5085128544298723,-1.5157213238236085,-1.5108770595384446,-1.3666367037339784,-1.2925962056033968,-1.266395451198886,-1.0710703292069803,-1.1874259505108324,-1.1264010943250868,-1.1319576925581207,-1.0898254355637558,-1.2188457481949422,-1.1958980848534237,0
-0.47063592502971613,-0.7497448535999319,-0.907567926336594,-0.8492807654007097,-0.9415249377922504,-0.9546900588229307,-1.1506388933073852,-1.1052167322530277,-1.205273377744825,-1.1914357112223315,-1.0110352768191582,-1.0027646287612513,-1.1191116913946,-1.0368115202852715,-1.0730285094930239,-1.1879499056647034,-1.159484899739517,-1.251516553845746,-1.3590773022653524,-1.4069264491740219,-1.3860831852716589,-1.3228948534962288,-1.3755398034421722,-1.4125621640096173,-1.3846375054252835,-1.4691495148767981,-1.5054286182248984,-1.5112860536246162,-1.507866104755871,-1.3668238810999345,-1.2925254750414612,-1.2678801604954704,-1.0735339541461373,-1.1893450472507385,-1.1288207494617766,-1.1339796213974638,-1.0922657483061504,-1.2210330793622053,-1.19799002935241,-1.2969876585681055,1
-0.7533240802374968,-0.9084331906959772,-0.8501941140586098,-0.9403860224329454,-0.9488733892442486,-1.1400788102236399,-1.0982493032140062,-1.2003794130036294,-1.1879105978347895,-1.007070553861795,-1.001865582620492,-1.115702645080435,-1.032947521888917,-1.0698705036379,-1.1828610106529742,-1.159573264849179,-1.2517170775823951,-1.357881386527862,-1.4055344853258194,-1.3809810466321704,-1.3216722662014893,-1.3752412912398424,-1.4123385316639545,-1.3830358876101971,-1.4671596077006988,-1.5032542253079588,-1.5081839896081475,-1.503490067077154,-1.3647233005749968,-1.2929832306273927,-1.2679089024750851,-1.0754180164991118,-1.1916367370976904,-1.1308589697784068,-1.136392995772093,-1.0942820999828147,-1.223430624620342,-1.2001832766667044,-1.2989863793655034,-1.1626359353948763,0
-0.9110550870698734,-0.8515940098525101,-0.9403698670488175,-0.9476480636212661,-1.1308675652739553,-1.0887137827368047,-1.1918458745100022,-1.1832341353549658,-1.0055993214050578,-0.9980232781067313,-1.1137931891761188,-1.0304745526367969,-1.0655930043475292,-1.1784979292149615,-1.1548118233781077,-1.2513135519981584,-1.357581798616539,-1.4040828828313652,-1.379738716518915,-1.3171822394560886,-1.373701850915208,-1.411870191433836,-1.3829447992198614,-1.4650759439239809,-1.5010695383407955,-1.5059940981122597,-1.5004381204048876,-1.3614266356009461,-1.2913493015716275,-1.268456532544336,-1.0762213443209172,-1.193276247230234,-1.133235680408238,-1.1384158243991092,-1.0967283739808162,-1.2254654064310486,-1.202587617974086,-1.3011509770196825,-1.1647585538850702,-1.2143165882086597,0
-0.8545588039401221,-0.9409294702028244,-0.9475578170501112,-1.1275021745173546,-1.0804430611787514,-1.1804799227032243,-1.1749827597976454,-1.0032066588180233,-0.9966528349065709,-1.1084566141781056,-1.0293275972574678,-1.0627653785428743,-1.1728617209433831,-1.1507564959322907,-1.245493469300199,-1.3566136775483102,-1.4035660623453983,-1.3784290863963338,-1.3163078532892623,-1.368717374966047,-1.4101090363467756,-1.382612112580276,-1.4646165763299963,-1.4987877925390982,-1.5037937631057021,-1.498291798340728,-1.359287959090258,-1.2886059154872118,-1.2669776050984047,-1.077468820812793,-1.193605241164791,-1.1349961200204433,-1.1407815496846718,-1.0988318267082977,-1.2278029612641985,-1.2046194711089373,-1.3035224076336749,-1.1669612279804034,-1.2163915473648714,-1.191579297810247,0
-0.9433553239916268,-0.94805044009825,-1.1255769611341957,-1.0776706109516132,-1.1705289099933702,-1.1639465932923623,-0.9979180280138922,-0.9943722442950401,-1.105855911820904,-1.0251186657856854,-1.061329530487437,-1.1688687408428948,-1.1454672767783547,-1.2404431883009002,-1.3495784792499075,-1.40235269897754,-1.3780328862515863,-1.3153473280981935,-1.3675457725662126,-1.4047785744754353,-1.3810280566681212,-1.463906970228711,-1.4981770918851507,-1.5014961039727845,-1.496135452927433,-1.3579355869567578,-1.2869353748657772,-1.2644179945386487,-1.0771968802460816,-1.1944241520206338,-1.1355596689717968,-1.1425263642706032,-1.1012550949616677,-1.229639985869682,-1.2069743021698338,-1.3055684432368455,-1.1693763981038743,-1.2185795747159038,-1.1936752250475093,-1.2531157721537771,1
-0.9504333347124067,-1.1244107327552746,-1.0762538055491104,-1.1666971424392363,-1.1542983154161741,-0.990344646821493,-0.9892290030490974,-1.1022073423315262,-1.0234463721661546,-1.0566933626462178,-1.1664836298491819,-1.1417719065887777,-1.2340321703584107,-1.3433861837948649,-1.3947896931556678,-1.376955695876711,-1.3152477290132507,-1.3663032488433682,-1.4033989979668713,-1.3759739580875086,-1.4618308364776222,-1.4973126022744696,-1.5008732456628961,-1.4938825291731905,-1.3565808479251695,-1.2859899759067532,-1.2629029485877523,-1.076068317062053,-1.1934130877221236,-1.136590502742406,-1.143059606895407,-1.103081755902331,-1.231873099259201,-1.2088536640478678,-1.3078396120678477,-1.1714035846904,-1.2209779197004764,-1.1958696963434308,-1.2551549511260087,-1.2027781872181609,1
-1.1257296862597084,-1.0755471894632962,-1.1643720412527023,-1.15065740303285,-0.9838751210939416,-0.9818255497001952,-1.0952894393669226,-1.0208301408925693,-1.0546693178134632,-1.1604436200800439,-1.1396292197741338,-1.2293746419323144,-1.3356875575730942,-1.388101342986627,-1.3696857599302175,-1.3145053831067899,-1.3659640625860938,-1.4019591485706762,-1.3747605051273033,-1.4560088503507558,-1.4950342642056562,-1.4999963131635388,-1.4932938483296534,-1.3551431207293463,-1.2850461346928304,-1.2620927286678403,-1.0757640974201856,-1.1914081926616362,-1.135944930313626,-1.1440630585825033,-1.1037737478508116,-1.2334292930509885,-1.211116994361326,-1.3095139505645548,-1.1737859436702751,-1.2230123568786737,-1.198275443673916,-1.2573319824525064,-1.204863786961836,-1.1529049342999036,0
-1.0771609254932737,-1.1628443052710533,-1.148495947755421,-0.9822382109489601,-0.9755120135731596,-1.0858118037827462,-1.015251477255375,-1.0516619590061438,-1.1572637675102952,-1.1339477252416028,-1.2264482096439122,-1.329925657379117,-1.3798434207301098,-1.3632728486034589,-1.307956095392222,-1.3649512374055166,-1.401452313567826,-1.3734782736251796,-1.4543338158122292,-1.4888967382086837,-1.4977017305905487,-1.4924518951397214,-1.3551772434424154,-1.2840262715440847,-1.2612853700912234,-1.07600650738411,-1.1903624981325955,-1.1343733756564451,-1.1433702617706913,-1.104920631214835,-1.2335966864745682,-1.212716167254989,-1.311630951756034,-1.1757327657037098,-1.2253519446953327,-1.200306690899986,-1.2597176959855885,-1.2070550843955732,-1.1550365266131033,-1.206163317409229,1
-1.1639313978663393,-1.147116151370323,-0.9817950573908456,-0.9739734450081363,-1.0775942191394743,-1.0073391126140958,-1.0455758905599475,-1.1529712156101135,-1.1310630445683902,-1.2196076529458686,-1.3260996367053843,-1.3736018166070725,-1.3553254805014663,-1.3022204782241966,-1.3578198274549513,-1.400250223200099,-1.3731053514668805,-1.4526136360659465,-1.4870320308567648,-1.491538855042214,-1.4902029789351163,-1.3549727055042133,-1.2843796389988174,-1.2604043034625088,-1.0762619297208411,-1.1899603081084513,-1.1336943356281486,-1.1417427161739468,-1.1044752031778267,-1.2342695895758902,-1.2129669230149531,-1.3130219931319558,-1.1780442436247456,-1.2271939513477177,-1.2026650962103447,-1.2617575765362021,-1.2094571858187502,-1.157241958558368,-1.208245795422787,-1.1956883865230037,1
-1.1482981283030238,-0.9819686445550068,-0.9736146129655814,-1.0748552683772774,-1.000558408378749,-1.0370704832954705,-1.1452178823984116,-1.1270987071890957,-1.215768696016965,-1.317928700570543,-1.3693850433846684,-1.3493502363002885,-1.2950367515646632,-1.3515371084241263,-1.392711478993333,-1.3720544405159674,-1.451868631185143,-1.4851318896919787,-1.4896589099305673,-1.4841113657619402,-1.3535559509453894,-1.2845018356548745,-1.2608637103324318,-1.0764616620511749,-1.189564914261277,-1.1336108960983147,-1.1410163015416779,-1.103140946963191,-1.2330067136823308,-1.2137151448604642,-1.312869056659254,-1.1797118993638274,-1.2294306205197238,-1.2045532171749025,-1.2640650539568266,-1.211490004204816,-1.1596602967038379,-1.21043613348133,-1.1977805244035018,-1.2019443867138713,1
-0.9841469184376719,-0.9738644286835795,-1.0734671865895011,-0.9987253198603095,-1.029745380449644,-1.1347638158927138,-1.1197711625295124,-1.2107432571990469,-1.3129944188649616,-1.360636232786233,-1.3453504319456075,-1.2897164767850136,-1.3437365306515379,-1.386045930864823,-1.364841062829205,-1.4503976615820278,-1.4842339888116234,-1.4877443111911486,-1.4822742568699474,-1.3487629261533713,-1.283511641328104,-1.2610944342115755,-1.0777467905568427,-1.1891027966794954,-1.1335373266137911,-1.140891676976877,-1.10266268798673,-1.230703261671078,-1.2125821670889159,-1.313252538343657,-1.1800954845629192,-1.230991871885805,-1.2068227990165135,-1.2658283705960593,-1.2138391412590552,-1.1616861180693059,-1.2128371328424674,-1.1999738311481178,-1.204030755379271,-1.0863906210175904,0
-0.9760915934378677,-1.0727865372999077,-0.9981139560926675,-1.0275690830294282,-1.1256498915664028,-1.1098147475150821,-1.202039159046397,-1.3067510405988374,-1.3552261768764835,-1.3369224913414395,-1.2862501910347461,-1.3378871873925957,-1.3778137176490488,-1.3584813072270385,-1.4422802387233438,-1.4825904089699395,-1.4868341270928518,-1.4804003011025728,-1.3477064061346964,-1.2793842638463377,-1.2602459249046263,-1.0788226084607788,-1.1898822772221689,-1.1334024895013717,-1.1407765252897668,-1.1027537971379864,-1.2294049545333556,-1.2104327269976076,-1.3114905131489174,-1.1809637191981424,-1.231169074988768,-1.2084308637836811,-1.2680088771954918,-1.2157045493553207,-1.1640765304736915,-1.2148704261489423,-1.2023782407248294,-1.206222289119288,-1.0885835521045621,-1.1120437167723214,0
-1.0744169277098592,-0.9981354774296456,-1.0266634399268022,-1.1223458553092904,-1.101157655075303,-1.1904738611833656,-1.2964669249843825,-1.3484537644973422,-1.3317766133384528,-1.2786112581501474,-1.33398993819971,-1.3715941639735216,-1.3505938715985202,-1.4350708251506903,-1.4741014964347923,-1.485176680248856,-1.4795246474491186,-1.3465730724860001,-1.2787278682177123,-1.2563396469189216,-1.0790773906621547,-1.1904405840743455,-1.1344320096672762,-1.1405994010034752,-1.102856459593636,-1.2287831561484173,-1.2092647311883118,-1.3085952516409354,-1.1800377209264363,-1.2318508412381746,-1.2086988662360567,-1.269490245614748,-1.2179579205869353,-1.166043088298612,-1.217216761652736,-1.2044100644398323,-1.2086246619943242,-1.0908078347818886,-1.1142129908543659,-1.1092477390333861,0
-1.0002162205254754,-1.0264189261008558,-1.12047324942324,-1.0981416224373306,-1.1803398536738396,-1.2830549404451028,-1.3374833396105434,-1.3252979519095702,-1.2741149840724246,-1.325713663936076,-1.3673953523896243,-1.3446700310212154,-1.4262254098469989,-1.4665429419404636,-1.4766579233183523,-1.477906183366867,-1.3463266545880044,-1.277974172280522,-1.2558161554568712,-1.0768927992514146,-1.1900197425792798,-1.135246222362786,-1.141596614111635,-1.1029008422010085,-1.2281660361486344,-1.2087562187449505,-1.3067962074062256,-1.178133683229452,-1.2306032511317544,-1.2094626706488298,-1.2695125076232257,-1.2195429281607262,-1.168368652032792,-1.2190753042453446,-1.2067650690481015,-1.2106573634014695,-1.0932478273086168,-1.1164300032223293,-1.1114195915355862,-1.1070259352944107,0
-1.0283290416517168,-1.119354579409452,-1.0965159609430917,-1.176392719469209,-1.2712257197734609,-1.3232692131838093,-1.3147086064200386,-1.268358645613984,-1.3206926554973506,-1.3586731048225817,-1.3407120985292036,-1.4194799174331159,-1.4573038742279745,-1.4690713198623384,-1.4694713246666655,-1.345418559215098,-1.2780502962242772,-1.255188558890034,-1.0774042233971564,-1.1867808402823288,-1.1351594723836909,-1.1423777617882849,-1.1040672847787503,-1.227478433340384,-1.208253477158993,-1.3057390940398537,-1.177173325322567,-1.228317922503571,-1.2083565672794678,-1.2700542829706727,-1.2197662088430683,-1.170056342756221,-1.2213237754352393,-1.2086448562228223,-1.213007190513119,-1.0952643169783791,-1.118861644134367,-1.1136373963078399,-1.10919983671977,-1.284959961473293,0
-1.1207040355248796,-1.0956205342348946,-1.1739686988752474,-1.2662098608578443,-1.3107036458958263,-1.3009398764921016,-1.2587063605900135,-1.314352841989589,-1.353284918723522,-1.3323460812068204,-1.414852691800453,-1.450220749155441,-1.4598006272653226,-1.4619635721379065,-1.3385125474951958,-1.2775063308771153,-1.2553718174042616,-1.077758553957769,-1.1866585121484914,-1.1324419199507747,-1.1422478445952935,-1.1050216322449802,-1.2280856449994901,-1.2076821918994,-1.3046824611014147,-1.1768453225521989,-1.2270349497771342,-1.2062389904531086,-1.268565258206001,-1.2204896066681314,-1.170478787843764,-1.2229018134249425,-1.210908490078688,-1.2148742896700198,-1.0977097769565611,-1.1208817328322436,-1.1160699474776097,-1.111418271170433,-1.2869697740816815,-1.2807410307779354,0
-1.0971131723896623,-1.1723515375159288,-1.2628694782592775,-1.3052235669975425,-1.2887831722867589,-1.2460328445558606,-1.303943622154276,-1.3465368243418652,-1.327251185730259,-1.405496873091089,-1.4453184980041405,-1.4526903777713358,-1.4527817830624281,-1.3324416667763987,-1.2713839954128987,-1.254948800439153,-1.0787760620066293,-1.186411539036885,-1.1326329781900757,-1.1394629297181973,-1.1051178317342532,-1.2284676413399176,-1.2083782692219478,-1.303547893993541,-1.1765248313831047,-1.2264264823377247,-1.2050979545335734,-1.2659936758992987,-1.219313816265124,-1.1713821327952807,-1.2231115758905735,-1.212508094716498,-1.217128867844064,-1.0998112348400597,-1.1233059621818289,-1.1180896439108414,-1.1138515456700075,-1.2891377804893163,-1.2827547340381658,-1.293757305716157,0
-1.1733812751642898,-1.2604239049586103,-1.30148514592422,-1.2835608557098115,-1.2348815198943002,-1.2903854187893273,-1.3355979468860313,-1.320829213998738,-1.3995870567331892,-1.4355559507280713,-1.4477660318733132,-1.445747785438541,-1.3248799342855526,-1.2660496451215681,-1.2490867686260425,-1.079294861777216,-1.1869181768849961,-1.1326833458266823,-1.1396134960085722,-1.1026857719759469,-1.2278166220365434,-1.2088512161175415,-1.3038136285541406,-1.1761388863553113,-1.225822821840358,-1.2046128796265583,-1.264468500510053,-1.217113615966764,-1.170516687367344,-1.2238227598652276,-1.2127596878881168,-1.2187155921148205,-1.1022330793349948,-1.1253553921039872,-1.1205161872253964,-1.1158709303929415,-1.291513126837016,-1.2849239361272744,-1.295759005509699,-1.3478544821471632,1
-1.2609223222573556,-1.2986797368556502,-1.2800434490802124,-1.230293031549915,-1.2784219728151416,-1.3214206923432104,-1.31031341133752,-1.392258938888951,-1.429311267591437,-1.4379708092123906,-1.4408855520452892,-1.3192354467970273,-1.2593183422908536,-1.243997062163116,-1.0754597965990673,-1.1868602354230622,-1.1334426056605695,-1.1396254449153858,-1.103048441488264,-1.224218527232962,-1.2083189350518648,-1.3038461363465406,-1.176976562111212,-1.225148906722598,-1.204133801596678,-1.263649474579375,-1.215902671338867,-1.1686844433158923,-1.222625904901894,-1.2135086663438301,-1.2189422025054086,-1.104057715190016,-1.127740103244414,-1.1225712877700442,-1.1182993124832312,-1.2935574750017425,-1.287300655988873,-1.2979245186738348,-1.3498062941150168,-1.2714144478916298,0
-1.2989473655135473,-1.2774378420587271,-1.2273190914499053,-1.2733214933332895,-1.3088889725420403,-1.2966306365110067,-1.3805676043216533,-1.4216107967534581,-1.4316992238570152,-1.4311821860606677,-1.3155050670199444,-1.254386107967066,-1.237541592459858,-1.0722751148083547,-1.181783914710775,-1.1336698589804504,-1.1403520640302676,-1.103261633767848,-1.2238802864372502,-1.2049061312871756,-1.3027388509520765,-1.17759442950394,-1.2257665756661846,-1.2035865810774793,-1.262833225071284,-1.2153568214098578,-1.1677848308716008,-1.2204007296975972,-1.2123769934565498,-1.2196686087567523,-1.104745779279069,-1.1295119223987806,-1.12496004614257,-1.1203589191475356,-1.2958385980141947,-1.2893444122542697,-1.3002970009605994,-1.3519564756711442,-1.2734367520248078,-1.3090453125672639,1
-1.277833618185549,-1.2252047904412977,-1.2699085540969757,-1.3034302323440272,-1.2845528369845995,-1.3655108958767213,-1.4094364133507422,-1.423968839267292,-1.4249862279216132,-1.3074755718866709,-1.251235908427334,-1.2328459380987118,-1.0679675387047276,-1.1774326511045212,-1.1292073310425896,-1.1405424679733753,-1.104159230122678,-1.2234284555592154,-1.2046792699904516,-1.2984287528404723,-1.177251345792853,-1.2261592746311376,-1.2043010436664412,-1.2619431167771031,-1.2148163822744502,-1.1675096370704108,-1.219168653502928,-1.2102291004833086,-1.2184980068221438,-1.1058891137809528,-1.1300975431287463,-1.1267376218855638,-1.1227508936241404,-1.2975373303137177,-1.2916290268745778,-1.3023425833580111,-1.3543113460962564,-1.2756085973482272,-1.311032913927741,-1.2968977878550683,1
-1.2259156765629193,-1.2673973879576357,-1.2997101078198114,-1.2793802648186063,-1.3521718589223444,-1.3938151289628806,-1.4117556491322927,-1.4173399365360944,-1.3026577410440314,-1.2440644277704527,-1.229888449557924,-1.0651141162475017,-1.1718097673035217,-1.1254329345434408,-1.1360006332506516,-1.1045426569196457,-1.2237610453628929,-1.2043331158948274,-1.2976625228003837,-1.174133784530221,-1.225522227873314,-1.2047928071681622,-1.262395615887969,-1.214206760353281,-1.1672424641334491,-1.2186044328806904,-1.2090624137091224,-1.2163039581599069,-1.105437565215354,-1.1311483189825453,-1.1273344081042584,-1.124533043799168,-1.2996717418304227,-1.2933363157383928,-1.3046164256449695,-1.3563645181140682,-1.277988353569546,-1.3131940943384184,-1.2988965915302568,-1.2851397028993674,0
-1.2678537358362818,-1.2969212392447247,-1.2759055107895048,-1.3462041563056124,-1.3799578251136495,-1.396089008362499,-1.4052358394526894,-1.296543849577416,-1.2399530153290197,-1.22300196452173,-1.0636572550063705,-1.1678282154994846,-1.1204604618291116,-1.1321517010491227,-1.1004162436581582,-1.223506614296521,-1.204755489149927,-1.2968046160586304,-1.1740843951833313,-1.2219459372292962,-1.2042850916551304,-1.2626192699440013,-1.2148735487774258,-1.1669107412779427,-1.2180454458943921,-1.2085550392733062,-1.2150982185049461,-1.1040960522802619,-1.130537139574829,-1.1283952720940884,-1.1251387025937276,-1.301087546817064,-1.2954768342392473,-1.306297315735874,-1.3585935893109438,-1.280030801352164,-1.3155615994659418,-1.301061214654574,-1.2871493497521747,-1.2954848205334277,0
-1.297199476514523,-1.2733384626818598,-1.3420476295746433,-1.3736633879895441,-1.3821900684649733,-1.3896967040362989,-1.2864277155523565,-1.234624621329537,-1.219125193984666,-1.0589900112746617,-1.1654524136560516,-1.1170367626369235,-1.1270951901801063,-1.0969577412344913,-1.2180074110241585,-1.2046024181126922,-1.2967922020520835,-1.1739066263363125,-1.2216208030381053,-1.2009106224392674,-1.2617615308051333,-1.215316519623027,-1.1677898423335442,-1.2174169616680353,-1.2080534466692623,-1.2145568935106998,-1.103611653305786,-1.1290063625295539,-1.1278014911432785,-1.1262075830487965,-1.3009826418842692,-1.2969013255069421,-1.3084189929258676,-1.3601647629827898,-1.282323134698478,-1.317609326710392,-1.3034326745268503,-1.2893173052195337,-1.2974849272316593,-1.2601706231271974,0
-1.2737589694222324,-1.3388642435517701,-1.3692267076464495,-1.3758693824450507,-1.3759148109318808,-1.2732120638831181,-1.2255275032466095,-1.2140577085646458,-1.0569403811149924,-1.1594261709633988,-1.115115370934116,-1.1235994121057344,-1.0923414354889085,-1.2132587053996213,-1.1993213606742192,-1.2961482827704243,-1.1744720604269479,-1.221181407696293,-1.2007068042582154,-1.2578408496652456,-1.2147451040700152,-1.168450106911639,-1.2180693394440543,-1.2074833298710526,-1.2140210229462343,-1.1036974246597475,-1.1283618249266505,-1.1262913423388954,-1.125627627657493,-1.3014095205681342,-1.2968132684991043,-1.3098166852175783,-1.3622081334588683,-1.28404933913874,-1.3198705165674627,-1.3054786975215147,-1.2916925930506649,-1.2996499508031445,-1.262203296192858,-1.3238590017662295,0
-1.3388894483170561,-1.3657900564330399,-1.3714101953791844,-1.3696679155141853,-1.2615630719799678,-1.2135028530749556,-1.2052990638861987,-1.0539045728654546,-1.1562576530697282,-1.1097611443733062,-1.1216193070899594,-1.0892232179802916,-1.2071877102540567,-1.1947776772678735,-1.2898108276522668,-1.1744804963292275,-1.2215245627853326,-1.200382513452901,-1.2573087003851682,-1.2112712309315894,-1.168162373792581,-1.2184975615509799,-1.208180299888617,-1.2134160470500892,-1.1037946978430881,-1.1283083800242564,-1.1256642585374554,-1.1241338709373898,-1.2997223398067657,-1.297255369459659,-1.309676648872033,-1.363494446040265,-1.2862033580495247,-1.3215204005046841,-1.3077499407299622,-1.293736966432404,-1.3020218706806674,-1.2643783281135306,-1.3258329421042039,-1.3363310596088371,1
-1.3656528239580294,-1.3679531975802428,-1.3652719990955517,-1.2566608359070837,-1.2029471713910067,-1.1936700133464655,-1.0477815973172264,-1.1519777046908233,-1.1071459091741622,-1.116178250835134,-1.0875506625683637,-1.2028218167789013,-1.1889378423359582,-1.2842742992682303,-1.1695470321807264,-1.22128205928039,-1.2008234618540137,-1.2566728892872896,-1.2110076604864308,-1.1651311871376506,-1.217906891148612,-1.2086541604228898,-1.2140863849996575,-1.1038335998101625,-1.1282650944201693,-1.1256259870689966,-1.123520656674613,-1.296915816570763,-1.2955944417270158,-1.3100717859564575,-1.3631383774261894,-1.28764705165214,-1.3236199480077366,-1.309424461496678,-1.2960179406899652,-1.3040676954415917,-1.2667617448712996,-1.3279899241871507,-1.338293498351189,-1.3220765659576583,0
-1.3678029153718827,-1.3618721993902034,-1.2534178775140818,-1.198734198281711,-1.1834774824403858,-1.0392330539132897,-1.1442407218680732,-1.1034811799832303,-1.1134915272225523,-1.0825644339607443,-1.2001329416449404,-1.1847702132071256,-1.2773150429429272,-1.1653300309120493,-1.2158085263620753,-1.2006913610213237,-1.2568491687004142,-1.2106266767791916,-1.165133718059483,-1.21440297081469,-1.2081230721354916,-1.2145329886466727,-1.1049958552231836,-1.1281610546113527,-1.1255980212237573,-1.123494442667049,-1.2951918548498491,-1.292819045033073,-1.3083298621931796,-1.3633383270929418,-1.287596239524562,-1.3249861640952034,-1.3115415927777603,-1.2977163084494712,-1.3063401080287653,-1.2688026151896683,-1.330352606574155,-1.3404469457449981,-1.3240521500384819,-1.3317925886004585,1
-1.3617586024462247,-1.2510603778948428,-1.1960822380985583,-1.1794934529346417,-1.0318683531474067,-1.133805765306511,-1.096542313241921,-1.1097473069430688,-1.0802521779453935,-1.1936437024588684,-1.182242838311005,-1.2721872946512158,-1.159858526366006,-1.211083946767519,-1.1954554354045,-1.256418272756719,-1.211019458645614,-1.1650052111232316,-1.214121338829155,-1.204712129701497,-1.213966315807293,-1.105945917288943,-1.1292141036673384,-1.1255095609000514,-1.123478650558751,-1.2942000143448162,-1.2911214198518675,-1.3054584336706565,-1.3612597742571948,-1.2880719916245917,-1.3247850764523585,-1.3129328191868879,-1.2998504597869698,-1.3080174944850602,-1.2711042539808248,-1.3324024121207492,-1.342805567732334,-1.3262096372791636,-1.3337592126712414,-1.323928901209703,0
-1.2516152832001854,-1.194259014204299,-1.1770377970170638,-1.029667091742358,-1.1247093834411073,-1.0870401756961765,-1.1027053174166703,-1.076924344538967,-1.1900939914132815,-1.1759924379082751,-1.2688778352500591,-1.1560068113905342,-1.2050401534457083,-1.190954168697206,-1.2505392839007925,-1.210832980739173,-1.1656124983463283,-1.2137232183463897,-1.2044863872612566,-1.2104998436742476,-1.106036522080099,-1.130052397268031,-1.126574512556259,-1.1234025703616064,-1.2932092837261346,-1.290152474974826,-1.3036795548101376,-1.3579892261095587,-1.286469100173201,-1.3251250530501277,-1.3127802416048955,-1.3012658947071993,-1.3101366710637927,-1.2728532624243833,-1.3346513420955608,-1.3448571230594322,-1.3285728999554722,-1.3359139463070147,-1.3259027770871734,-1.3244781111227082,0
-1.195156589081166,-1.1753920366109487,-1.028740043644648,-1.1214164065963934,-1.0788000988519901,-1.0930826524224353,-1.0704225284434108,-1.185390177723384,-1.1726393670314927,-1.2614708290481602,-1.1537367707648019,-1.2006975907666284,-1.1851621581098988,-1.245433640527818,-1.2054800254391598,-1.165668183877115,-1.2141014407342032,-1.2041412947357977,-1.2102407220155826,-1.1035957317944878,-1.1299970855164247,-1.1274249880060052,-1.1244769803340617,-1.2921417362247463,-1.2891848607779772,-1.3026399721790445,-1.3558726473582237,-1.2837625133970905,-1.3232879970099785,-1.3131640475508135,-1.3011602719929862,-1.3115308066061016,-1.2750235569899662,-1.3362711818597,-1.347095731097647,-1.3306224554333557,-1.3382740458377047,-1.328059739360013,-1.326451480524791,-1.323135043244541,0
-1.1764034316271188,-1.0284761792198742,-1.1195532834379442,-1.0760469681792908,-1.0847319343310329,-1.0614312052550192,-1.1771033197867204,-1.1681542061318804,-1.2571655042852776,-1.147866935770975,-1.1980277202050227,-1.1810355475554668,-1.2389602021401696,-1.200868769534209,-1.1608364098099944,-1.2138985260662802,-1.2045645699055014,-1.209863959313525,-1.1039531533371085,-1.1273285924425265,-1.1273855799647818,-1.125337136003145,-1.2924586732209429,-1.2881408216068004,-1.301601039033417,-1.3545394858759021,-1.2821231091107668,-1.3203037762131502,-1.3114025815921888,-1.3015865021538207,-1.3113838715835917,-1.276490400302561,-1.3383492862598279,-1.3486902758350388,-1.3328728605608353,-1.340324964435228,-1.3304223989905741,-1.3286082871467877,-1.3251096512091627,-1.3323667626004183,0
-1.0303738838355219,-1.1184431860240045,-1.0746467280395275,-1.0819090513477705,-1.0536600434862053,-1.1660256823238317,-1.1601510036981497,-1.2516214907080994,-1.144827191085194,-1.1915665864199083,-1.1785415851696865,-1.2342491361759247,-1.1949527473804786,-1.1567149809649613,-1.208510195766177,-1.20441251707473,-1.2102603273642063,-1.1041613663471075,-1.1275491405419997,-1.124741904633476,-1.1253103657317796,-1.2925435847175755,-1.288475718776546,-1.300484471794948,-1.3532041427532835,-1.2812047784740663,-1.3184294624596293,-1.3085079831348068,-1.2998982029202226,-1.3117727756411113,-1.276484489390371,-1.3396850027071932,-1.3507503266891252,-1.3344963153468115,-1.3425673285344382,-1.3324722143437844,-1.3309707679767229,-1.3272668384682205,-1.334332857174205,-1.3890452256225485,0
-1.1197981403662456,-1.0739550873252324,-1.0804490031335086,-1.0512025341191942,-1.1563393351237656,-1.1494048960129841,-1.2422446520706172,-1.1406904312592192,-1.1880400150449868,-1.1723405977178272,-1.2312790938017721,-1.1907197730545083,-1.1513512332370002,-1.203865693015033,-1.199133651007944,-1.2100778980406082,-1.1050547322929611,-1.1276274881351067,-1.1249773708193957,-1.1226864116423554,-1.2915047136772402,-1.2885790118132685,-1.3007639581097323,-1.351786140298431,-1.2802882666156594,-1.3173069136594118,-1.3067094999151443,-1.2970903535830198,-1.3100201021169589,-1.2770008102088684,-1.3394247579124583,-1.352060364639364,-1.3365769998574024,-1.3441710779072635,-1.3347210864694719,-1.333020660381917,-1.329629756546959,-1.3364874280840973,-1.3909590519363246,-1.4001941868565526,1
-1.075578428141469,-1.0797032945695484,-1.0500557700425366,-1.1526744224388465,-1.1400228850330567,-1.2298930711949327,-1.1331392051375049,-1.183361931365331,-1.1690282093921132,-1.2243740432060024,-1.188139169904921,-1.1475919404598023,-1.1979121854212513,-1.194592027140743,-1.2047336560518267,-1.105433383216755,-1.128410519861059,-1.125069872681374,-1.1229337323791122,-1.2873013761761816,-1.2875641383359218,-1.3008105402884498,-1.3518353325535666,-1.2792961961555307,-1.316184214260942,-1.3056528742662916,-1.2953652698320117,-1.3071359282884563,-1.2754678854091805,-1.3397112854037914,-1.3517503137895492,-1.3379163861300176,-1.3462376982863107,-1.3363407844680486,-1.335269077978771,-1.3316794605250293,-1.3388473406868602,-1.3930975596792474,-1.4020977317199588,-1.381191523866575,1
-1.081291957772688,-1.049593277412151,-1.1504923884621001,-1.1365498370918636,-1.21903727512791,-1.1229213565719736,-1.1751084526459463,-1.1645882851974987,-1.220481987317381,-1.18181005152959,-1.1453971842070791,-1.1936470601202018,-1.1887545143157334,-1.2001305892668084,-1.1012966913785451,-1.1286646101941555,-1.125864929935381,-1.1230374818297468,-1.2865993205472537,-1.2833982490357394,-1.2997216293593745,-1.3516462177063986,-1.2796707969988734,-1.314982460623528,-1.3045967337486726,-1.2943724538919401,-1.3053462654720331,-1.2728442536303708,-1.3377820486107104,-1.3519918409883727,-1.3376632593343472,-1.347557080413446,-1.338418787687374,-1.3368876621050731,-1.3339289896514848,-1.3408983398387302,-1.3954390200574165,-1.404233079750774,-1.3831125927783954,-1.3953661324394984,1
-1.0513635874281053,-1.1490939884682028,-1.134532314667406,-1.2146350988762125,-1.1140242745321474,-1.164069828015069,-1.1566437677697563,-1.215397505447506,-1.1783921707622043,-1.139638685445908,-1.1910402677428567,-1.1845888768402244,-1.1942238002524417,-1.0978285287355567,-1.1242598405529023,-1.126132596354657,-1.1238420950837258,-1.285802302437126,-1.2827187037336816,-1.2954402046039442,-1.3502495983808984,-1.2798147252035104,-1.3151968652206711,-1.3034626674099632,-1.2933807384316183,-1.3042973078264013,-1.2712750385599325,-1.3346885349732998,-1.349984994650019,-1.3379562180124003,-1.347265153544443,-1.3397543602200237,-1.3389648703323793,-1.3355502977018041,-1.3431402287487055,-1.39749797097401,-1.406570910476237,-1.385253326328369,-1.3972741296819944,-1.3803077951883758,0
-1.150264033564292,-1.1332826368310414,-1.211820909290982,-1.110856943625803,-1.1544192936397597,-1.1459662497181067,-1.2066168114893523,-1.173834944915208,-1.1366906058376203,-1.1846724187540105,-1.1820631242856465,-1.1899987451194483,-1.0932013312028201,-1.1205397276212106,-1.1217570450025636,-1.1241205496429123,-1.285841619675371,-1.2819430434042611,-1.2946912102815895,-1.3454879946236986,-1.2788529019600834,-1.3151768387890277,-1.3037287845541414,-1.2923121893919014,-1.303248909258343,-1.2704177268039858,-1.3327217472395247,-1.346799464323773,-1.3360380727355972,-1.3475230559497882,-1.3394938362880706,-1.3402993121065485,-1.3376294500459578,-1.3447428136186983,-1.399692952508386,-1.408631425548101,-1.3875973435554885,-1.3994108460252181,-1.3822296790651383,-1.3637765768069212,0
-1.1345480681773663,-1.2098510263545061,-1.1091015536962863,-1.1507769586764176,-1.1366472023426806,-1.194961990278067,-1.1657382535355214,-1.1326557724140052,-1.1812226503916836,-1.1758151231244616,-1.1874245927088516,-1.0900737718917097,-1.1156284590103278,-1.1180643925928013,-1.119768216395598,-1.2852561018072952,-1.2820005063053745,-1.293849656775478,-1.3444503619680426,-1.2747697975584065,-1.3140009686435377,-1.3037616839059754,-1.2926283612209408,-1.3021227161237163,-1.2695628222615165,-1.3315188063348684,-1.3447548201684698,-1.332957709601755,-1.3455444510352348,-1.339780111576003,-1.3400365949535948,-1.3389666570385925,-1.346808602869725,-1.4011805857596291,-1.4108171801471605,-1.3896551926287146,-1.401750248570729,-1.384370663071468,-1.3657137055928532,-1.3922606000223237,0
-1.2106545382058476,-1.108088849553651,-1.1486142836290485,-1.133213848972959,-1.1847458025263653,-1.154882878202974,-1.1252367741265927,-1.1766299673354517,-1.172464027585419,-1.1811050141749022,-1.0883936069254039,-1.1122572541093092,-1.1131840854073298,-1.1160973852934404,-1.2790443375080423,-1.2814354737816231,-1.2938511365486658,-1.3433349486347563,-1.274140014730424,-1.3095838440170027,-1.3026549097022022,-1.2927124895987057,-1.3023948483319352,-1.2686334035879403,-1.330314939571218,-1.3434841949102954,-1.3310020486664131,-1.3423924047642937,-1.3378504398214994,-1.3403208886433784,-1.3387093033079034,-1.3481268028402675,-1.4031643318342493,-1.4122822017912269,-1.391856673925407,-1.4038100862856084,-1.3867149680050492,-1.367859374689549,-1.3941714611529212,-1.3946871092743283,0
-1.109506269227905,-1.1472333845443847,-1.1312303620645814,-1.1807468588752705,-1.14540056219761,-1.1151734702960012,-1.1684872777661004,-1.1679810631500955,-1.1776949877266247,-1.0833961247324417,-1.110378622694301,-1.1098394358839578,-1.1112416813835186,-1.2736259384049489,-1.275267797793692,-1.2932229024951463,-1.343103755914244,-1.2734115689978807,-1.3087532797291133,-1.2983456093037526,-1.2916725961769888,-1.3024339038682016,-1.2690558698878893,-1.3290306424832266,-1.3422119910794992,-1.3298087808258905,-1.3403760918688659,-1.3347564104780665,-1.3383877993348396,-1.3389984429058874,-1.3478325830584004,-1.4043658375296202,-1.4142498095278524,-1.3933602355501784,-1.4059998366063209,-1.3887726930946285,-1.3702090615219702,-1.39630905763091,-1.3965957327045764,-1.3910872879354492,1
-1.148414654236292,-1.1300114531031906,-1.178278415047027,-1.1418642782801303,-1.106418256539612,-1.1575781408479764,-1.1599807101617423,-1.173146495440015,-1.0810746034424545,-1.105087633285646,-1.1079824356895167,-1.1079181339013122,-1.2667998714971727,-1.2698908346567244,-1.286919204936072,-1.3422128488361613,-1.273509145624719,-1.3078343327028534,-1.2975798587735856,-1.2874676632496207,-1.3013351667180684,-1.269248786528363,-1.3291819845538373,-1.34085819835971,-1.3286146804085055,-1.3391300963454185,-1.332789186399255,-1.3352897180155172,-1.3370737110703983,-1.3480884137929534,-1.4038452773405214,-1.4154283608260723,-1.3953553500106766,-1.407474650200293,-1.3909749057695346,-1.3722644673468385,-1.3986494712126873,-1.3987326414888421,-1.3929992310816475,-1.4173445145944858,1
-1.131296618749074,-1.1766210940809505,-1.1397925351144496,-1.103340364615693,-1.1480464730231303,-1.149237932840285,-1.165061133997901,-1.0777364675725774,-1.1025244623454993,-1.1027234361681306,-1.106078322801786,-1.2617863587496594,-1.2631114863283632,-1.2814144032621932,-1.3353438295573565,-1.272989399045581,-1.3077700586065708,-1.2967224069904746,-1.2867646486008497,-1.2970384081431074,-1.2683509189202613,-1.3290974160755114,-1.3409564463314743,-1.327340315242272,-1.3378827597660374,-1.33158586615875,-1.3333190655114182,-1.333985538673933,-1.3461062359809997,-1.4038966071461023,-1.4148632782506672,-1.3965730255523165,-1.4094492466394895,-1.3924802597160573,-1.3744803613396277,-1.4007088732336224,-1.401072265096945,-1.3951371600864368,-1.4192322436128304,-1.4244842434635525,1
-1.1776250744758994,-1.138493840503849,-1.101661662802754,-1.1444790759039654,-1.139858979052715,-1.1542190008258126,-1.0712212862213224,-1.098917625677611,-1.1001866030645135,-1.100844743815819,-1.2585699522241203,-1.2581380437489058,-1.2744909184408917,-1.329307715820788,-1.2669191869222052,-1.3070675924532624,-1.2967103795187578,-1.2859667205734373,-1.2962801965744841,-1.2643676172977247,-1.3278372846644753,-1.3408175381050487,-1.327499245220524,-1.3365542558890442,-1.3303816164011284,-1.3321127647749618,-1.332023270228037,-1.3429499535534468,-1.4015617377577139,-1.4148743816138243,-1.396083828423522,-1.410637738332714,-1.3944766533909867,-1.376019242841619,-1.4029011937082831,-1.4031320075475535,-1.3974779556513695,-1.4213627310923298,-1.4263653883018572,-1.2910212417859133,1
-1.1397278338561951,-1.1007182864489327,-1.1423806551892648,-1.1363878584779978,-1.1447488407995836,-1.0622143420412513,-1.092053862175179,-1.0966090525871441,-1.0983288398858728,-1.2513005596622766,-1.2549542771901154,-1.2693938510944256,-1.3217851827060425,-1.261633824240531,-1.3006041334631024,-1.2960668966112976,-1.286005264742022,-1.2954298977522487,-1.2637978264888097,-1.323288670319597,-1.339486464785912,-1.32742244267097,-1.3366718243315256,-1.3290969298260091,-1.3309055057789951,-1.330824258158953,-1.3409300563952185,-1.3979872914183678,-1.412470135878521,-1.396163495082633,-1.4100919361637387,-1.3956961484258177,-1.3780395657763338,-1.4043823057436635,-1.405322319831187,-1.3995371930612484,-1.4236949783618835,-1.4284938523204012,-1.2930254647477504,-1.288814416499111,0
-1.102180171036296,-1.1410578434720373,-1.1343719886450725,-1.1412202204583302,-1.054428840584476,-1.0826395035014604,-1.089783281689745,-1.0947745614706124,-1.2471085346283226,-1.2477331550831685,-1.2661093834784598,-1.3161743162224309,-1.2549577543812194,-1.2949491815782448,-1.2897303806524345,-1.2854188741255486,-1.2954239474670313,-1.263126301137512,-1.322379066812981,-1.3348271455821117,-1.326172449875303,-1.33655268985651,-1.3292479743316143,-1.329617758947872,-1.3296243581185756,-1.3396809448987308,-1.395613580770472,-1.4088134344286185,-1.3938774967169483,-1.4101204595760781,-1.3952104803889964,-1.379293096641423,-1.4063613975013698,-1.4067985105763354,-1.4017304845747804,-1.4257578995570586,-1.430823775181818,-1.2951917533360844,-1.2908206745711421,-1.2793330562736858,0
-1.1422763687838047,-1.1331238047887644,-1.1391550483113608,-1.0519622909508983,-1.0744800055129768,-1.0804133278654704,-1.087978981125427,-1.2416905039671444,-1.2435808719632637,-1.2587393370213165,-1.3124713231156728,-1.2500728929543405,-1.2878564041058564,-1.2841947349280314,-1.279205231507707,-1.2947873253316937,-1.2632722375664558,-1.3213851274371844,-1.3338509967541676,-1.3216396568413273,-1.335247431667263,-1.3291631013070622,-1.3297664654427193,-1.3283440950044074,-1.3384304622974437,-1.3940568820917834,-1.406370126747387,-1.3903609936328214,-1.4077462572476118,-1.3952933356196744,-1.378873444556711,-1.4075562831198194,-1.4087740899147558,-1.4032139762463838,-1.4279294604602772,-1.432887698052782,-1.297565126375058,-1.2929875885928626,-1.2813480579526375,-1.3001830616983174,0
-1.1343901943322932,-1.1378622940500327,-1.0508077754330063,-1.0717776747138255,-1.0722945924417506,-1.0786443132975851,-1.2324771013752414,-1.238207032071708,-1.2544644418659956,-1.3044823294646737,-1.2469612819670128,-1.2826141357480438,-1.277236473791402,-1.2737850670853466,-1.2884655750439598,-1.2628070862481682,-1.3212571395163695,-1.3327939192290141,-1.320739563614821,-1.330628396977778,-1.3279025723032665,-1.3296791995549602,-1.3284985189982899,-1.3370987590619008,-1.3924958460932835,-1.404752924000882,-1.3880363094665364,-1.404125176349392,-1.393012836409119,-1.3790159458916724,-1.4070228826186824,-1.409963979636647,-1.4051947663961317,-1.4293596989110382,-1.4350533500811673,-1.2996103249134963,-1.2953616800852603,-1.2835176590739064,-1.3021788357298232,-1.2976367248289298,0
-1.1391000973769756,-1.0503382753247366,-1.0704209921651608,-1.0696179598622804,-1.070557969554794,-1.2203165406465395,-1.229050957607042,-1.2489542642982205,-1.299697844204355,-1.2398468689840276,-1.279211391708192,-1.2721095790654007,-1.2669570098002227,-1.2829438066904604,-1.256854373387629,-1.3204827443493206,-1.3326122888634129,-1.3197546475854298,-1.3296764634008695,-1.3233533375148234,-1.3284155466080536,-1.328417104748737,-1.3372138832204081,-1.3908483244381387,-1.4031308004639766,-1.3865222318799553,-1.4017120076431877,-1.3895028533225597,-1.3768383150575771,-1.4070626110678275,-1.409420889086363,-1.40639206772588,-1.4313024812150565,-1.436469108192357,-1.3018864315804606,-1.2974065690148184,-1.2858948373152914,-1.3043425277790992,-1.2996348470645058,-1.3083513109499207,0
-1.0521040909395196,-1.0697687284966417,-1.0682833118673785,-1.0679017578820345,-1.2096360963982955,-1.216957400624376,-1.2396213206883389,-1.293621031146807,-1.2357824413616896,-1.2716664291174458,-1.2688008149534766,-1.261941789921289,-1.2760011921313155,-1.2516794412334287,-1.3138644806021287,-1.3317773346547988,-1.3196343259387497,-1.3286423612871516,-1.322443361056046,-1.3238614369058868,-1.3271610912627105,-1.3370922471156763,-1.390722165886435,-1.401421155611953,-1.38500422798979,-1.4001210061656386,-1.3871836858042375,-1.373450296445291,-1.4047077334539968,-1.4094518624745958,-1.4058633527423348,-1.432445722009822,-1.4384015556001226,-1.3035728707805154,-1.2996845020612766,-1.2879383960474207,-1.3067129180985406,-1.301799260767689,-1.3103395523111152,-1.3159354005667827,1
-1.0714173246534693,-1.0676509679329462,-1.0665846194878905,-1.2053444683809047,-1.206338464174749,-1.227321043272637,-1.2835529984734768,-1.230506291834222,-1.2672475224345288,-1.2613948369979542,-1.258723992817285,-1.2708877173550892,-1.245127880534877,-1.3080640369876908,-1.3250287364677464,-1.3188685855266402,-1.3284802509304818,-1.3214490678235278,-1.3229485301087003,-1.322618902940468,-1.335783722985904,-1.3903535862987453,-1.401247535441865,-1.383400467995501,-1.3985253365694579,-1.3856744041065965,-1.3712343245281218,-1.4011095646376248,-1.4070818854856637,-1.4059073146057073,-1.431812151124089,-1.4395300965346436,-1.305698508476206,-1.3013754170026535,-1.2902241759143742,-1.3087594020041622,-1.3041704800718505,-1.3125009294078573,-1.317916647963305,-1.313973223332137,1
-1.069312340052494,-1.0659681046278668,-1.202625066724271,-1.2020856129352695,-1.2165123425259752,-1.2703935665154094,-1.2214769498449156,-1.2615772121607376,-1.2570903588083886,-1.2514525437626884,-1.2675898847349873,-1.2403498096623917,-1.3008072192488838,-1.3191057993108444,-1.312268948438788,-1.3276673336188982,-1.3213207792645116,-1.321951456573368,-1.3217131621526639,-1.331159591795708,-1.3887226712399268,-1.4008303807310736,-1.3833077429976348,-1.3968425941497593,-1.3841612423544956,-1.3698147557586227,-1.398715782118046,-1.4034658143030891,-1.4035597381300426,-1.431761374581413,-1.4388680137759067,-1.3071018340010734,-1.3035042491208222,-1.2919343203416573,-1.3110279263037705,-1.3062166067364567,-1.3148686604743534,-1.3200758756634101,-1.31595628022709,-1.309489673315059,1
-1.067639629074933,-1.2007408742153238,-1.199399459846367,-1.212139856895945,-1.2587961829308618,-1.2095315147528947,-1.2520365304140513,-1.2515472865730484,-1.2472588255821002,-1.2602000730974956,-1.237325187083487,-1.295424254809861,-1.3117108714994001,-1.3064860109070802,-1.3209661629762146,-1.3205460446953081,-1.3218208058570555,-1.3207228877214858,-1.3302045946831902,-1.383595448953461,-1.3991360496271037,-1.3829733813538045,-1.396689527219697,-1.382562406590322,-1.3683921720807088,-1.397141633990332,-1.4010568843772402,-1.3999702258076163,-1.4292504079541917,-1.4387914764572942,-1.306972723883784,-1.304912118238856,-1.2940768769129616,-1.3126957840890612,-1.3084872383970194,-1.3169162903531155,-1.3224411376558083,-1.3181160640252059,-1.311476864890904,-1.2874963127078984,1
-1.20159934552058,-1.1975453247933192,-1.209351125089794,-1.253926482639681,-1.1990485505728727,-1.2394934536251399,-1.2421716691264424,-1.241838912237246,-1.2559089049217476,-1.2303394191471617,-1.2919069039281836,-1.3062094511079465,-1.2992489310769726,-1.315087800130802,-1.3139270504908873,-1.3210434045566382,-1.3205980135534707,-1.3291675858892575,-1.3823380409171184,-1.3939098665920497,-1.381387138681472,-1.3962934079518252,-1.3824734436643116,-1.3668854500222525,-1.3955629802691571,-1.3994695678765041,-1.3975837676511516,-1.4254671743481044,-1.4362360816276152,-1.3073777329298961,-1.3047918208823133,-1.2955042670342152,-1.3148081598724273,-1.31016026049922,-1.3191780545693481,-1.3244898315524187,-1.3204819648234767,-1.3136379193658996,-1.2895037863208603,-1.166735038472851,1
-1.1984230741137512,-1.2074042565603795,-1.2507114215656396,-1.194881421251901,-1.2284618689975733,-1.22982151554949,-1.2326230672635907,-1.2503806326719733,-1.2263809072531537,-1.2841924520597106,-1.3025956095316684,-1.2938828956911996,-1.307743129347391,-1.3081259203634013,-1.314418671045418,-1.3198271336230218,-1.329003006004505,-1.3810141048727853,-1.3925929726860016,-1.3763296276612529,-1.3946265391477486,-1.3821429323549141,-1.3668668612200536,-1.393897542206135,-1.3978776187931863,-1.396015986946607,-1.4229168062953956,-1.4324001723349646,-1.305652834799448,-1.3052047923500785,-1.295421832647487,-1.3161926222899178,-1.3122763221546763,-1.3208293460360803,-1.326745319138671,-1.3225303834343634,-1.316005279827462,-1.2916710739046031,-1.1688538768149241,-1.1510675775000316,1
-1.2082225292115063,-1.248379141752593,-1.192268769138764,-1.2239488691735012,-1.2189670297077633,-1.2204596519374247,-1.2410242150596964,-1.2212225300489874,-1.2796340018750374,-1.2947384599160563,-1.2903793347126336,-1.3022848140242957,-1.3008683285889588,-1.3086121468868388,-1.3132164353257016,-1.3281873007466525,-1.3806057503550397,-1.3912125964945452,-1.3751141234641613,-1.3894432110360644,-1.380561716391042,-1.3666083750931857,-1.3937576956641764,-1.3961986599627287,-1.3944437620528056,-1.4212065307889488,-1.4298052347535188,-1.3028015924840834,-1.3034936265731174,-1.2958690137051145,-1.316026925258669,-1.3136660271796667,-1.3229298981199573,-1.3283812290419008,-1.3247874949281748,-1.318053069413972,-1.2940455945185032,-1.1710553891889672,-1.1532008642036193,-1.1247404513975219,1
-1.2489502223393079,-1.190481080627278,-1.221039655575169,-1.21456567947027,-1.2097765872385888,-1.228696501790588,-1.2123459726070633,-1.2738085270882646,-1.2900625241677204,-1.2826852763972945,-1.2987060845542595,-1.295484700265495,-1.3013484734038334,-1.3074231020249778,-1.3214801299195877,-1.3795148384359188,-1.3907562901836816,-1.3738299457500678,-1.3881520774685767,-1.375512049550178,-1.365121189816952,-1.3933751069500748,-1.3960484836641491,-1.3927848618094283,-1.4194904369455401,-1.4280562127997016,-1.3010397934149969,-1.3006586658335997,-1.2942168473382705,-1.3163988776447508,-1.31351049871851,-1.3242975430749584,-1.3304708030087091,-1.3264273843932586,-1.3203138915158956,-1.2960902985233,-1.1734692248095848,-1.1554068168717033,-1.126898016689467,-1.1475576268741898,1
-1.1914014469090686,-1.2189838687854426,-1.211752198138553,-1.2054833071927897,-1.2178626156021257,-1.2005791084453061,-1.2640665523788415,-1.2841064120525256,-1.278143616583409,-1.2909008613806607,-1.2919668086033034,-1.2959596288454747,-1.3001743010838218,-1.3155961278598503,-1.372215371147167,-1.3896112436209198,-1.3734553700816614,-1.3867961426664028,-1.3743012605339813,-1.3602182578791666,-1.3917259026243163,-1.3956553228453332,-1.392650010108634,-1.4176852286446675,-1.4263009988578068,-1.3000150590728259,-1.298910642800668,-1.2914518384370628,-1.3146169684992608,-1.3138916385141914,-1.324099226865923,-1.331822833217059,-1.3285197986497366,-1.3219628742291858,-1.2983693224389583,-1.1754969864840985,-1.15782575318654,-1.1291114306929482,-1.149694150415937,-1.121889552667286,0
-1.2197322842975542,-1.2097829554792445,-1.2027624890291286,-1.213474252143507,-1.19026006800787,-1.2512882091822515,-1.274194963187081,-1.272336811743092,-1.2862676775848347,-1.2842515569876485,-1.2924374881935288,-1.2947982125907969,-1.3082450989265781,-1.365774705078601,-1.3821952684041423,-1.3724025924188983,-1.3863606018655907,-1.37302155657987,-1.3590956720490854,-1.3865701399338688,-1.393992316370921,-1.3922725334204746,-1.4174385987750047,-1.4244560072288837,-1.2989911174054993,-1.2978978846331388,-1.2897630024915943,-1.3116981318588308,-1.3121255743919558,-1.3244417074831711,-1.3315942306198467,-1.329875868749748,-1.3240617785114224,-1.3000629106737944,-1.1778759530260448,-1.1598513167780988,-1.131538938059607,-1.1519010978344069,-1.1240497470269255,-1.053487954411192,0
-1.2105868779865305,-1.200877015965847,-1.210671906130924,-1.1861962822417584,-1.2400406557517307,-1.2612185426442215,-1.2626190573193774,-1.2803591032324644,-1.2796924483570622,-1.2847159528500176,-1.291286462650159,-1.302781330267002,-1.3577960438216397,-1.3756451035043824,-1.3651851972173765,-1.3852389982944997,-1.3726507818372953,-1.3578996552096745,-1.385295576098113,-1.388815015425295,-1.3906300029731804,-1.4169467214722506,-1.4241789832193685,-1.2978897958060316,-1.2968860346326172,-1.2888016985223558,-1.3098791404224486,-1.309225524185195,-1.3226089699885757,-1.3319093471681107,-1.3296551019330187,-1.3254270797124825,-1.3021936507728098,-1.1798144615218658,-1.1622432497880357,-1.1335608080592534,-1.154321176847789,-1.1262639689997813,-1.0557112279782086,-1.2192994199648335,1
-1.2017346659592143,-1.20871273005152,-1.1836722405126814,-1.235391501253027,-1.2497891590587362,-1.2498690222143078,-1.2705093245062606,-1.2738662414155264,-1.2801516707158271,-1.2835802938774967,-1.2991981586713135,-1.3517939597209117,-1.3675429835635944,-1.3588216657934447,-1.3778734768020395,-1.3716022951874853,-1.3575999814017226,-1.383955362644578,-1.3875275048216584,-1.3854846548711424,-1.4151548381447718,-1.4236559986949242,-1.2981809296653188,-1.2957970096981832,-1.2878417989183553,-1.3088046859887221,-1.3074224281751459,-1.319629869415826,-1.3300294163591562,-1.329977298191033,-1.3252242175544646,-1.3036042337111964,-1.1821200059115564,-1.1642135340220205,-1.135974529528628,-1.1563462480071245,-1.1286924045042346,-1.057944835556022,-1.2213697840079822,-1.183216328680396,0
-1.2095231089828233,-1.1819646577889888,-1.2323655438671701,-1.2450253721443838,-1.238647454918824,-1.2576049825493734,-1.2641233168909776,-1.2743197111297253,-1.2790286633112107,-1.2913863661458649,-1.3477722923825863,-1.3614350098945005,-1.3509299729689324,-1.3713707303392546,-1.3643941350523587,-1.3566317633614493,-1.3835331787695695,-1.3861750074847818,-1.384216351303806,-1.4097764248493507,-1.4218235041070035,-1.2982394326534672,-1.2960975381097883,-1.2868056051307522,-1.3077305447544572,-1.3063617924044675,-1.3177598879451682,-1.3269943616829873,-1.328109577370586,-1.325562590859186,-1.3034892000850546,-1.1837792220805257,-1.1665417573658659,-1.1379982087490177,-1.1587410858695144,-1.1307138745340382,-1.0603955398657023,-1.223556399181369,-1.1853199681565165,-1.1973659731663646,1
-1.182936401692289,-1.2302042180577355,-1.2419011249097787,-1.234014683035167,-1.2462417653413351,-1.2513438635731513,-1.2645693237720448,-1.2732107715559116,-1.28674777368718,-1.339312019142357,-1.3573270880641641,-1.3450024810272012,-1.3633220741455603,-1.3580392831148225,-1.3495963563609814,-1.3824266543513422,-1.3857423871693546,-1.3828820775881008,-1.4083680244666168,-1.4163817169331763,-1.297166084640981,-1.2961656560573684,-1.2871464961098953,-1.3065781725207426,-1.3053016030934388,-1.3166411054080167,-1.3250770367758598,-1.3250889992991859,-1.3237227697071354,-1.3039069273883772,-1.1841464378756061,-1.1682332309903927,-1.140364541119395,-1.1607184887599458,-1.1331299554212657,-1.0624074134211652,-1.2259531219566264,-1.1875168095902704,-1.1994565639947694,-1.199018595722771,1
-1.2308849437816507,-1.2396509428579339,-1.231002772677334,-1.2415196921442866,-1.2400952910785115,-1.251781148073078,-1.2634786342174347,-1.2808331852063997,-1.334139521111735,-1.3487392551484498,-1.3410415742423614,-1.357259955923224,-1.3501573763122705,-1.3434038647593536,-1.3750935860300562,-1.3846240806477643,-1.382464940140044,-1.4069008270009244,-1.4149352221511233,-1.2929089458193732,-1.2951048606162912,-1.287255923577748,-1.30683030410966,-1.3041634193193787,-1.3155222085925466,-1.3239170962991589,-1.3231839232205853,-1.3207352704934512,-1.3022039637411007,-1.1849998825828265,-1.1686630133991,-1.1421102191936205,-1.1630517928255153,-1.135159416651372,-1.0648801038085438,-1.2279882582064583,-1.1899252795666502,-1.2016493952968115,-1.201107662520691,-1.1971512820185537,1
-1.2402746786624304,-1.22885414569838,-1.238431211712128,-1.2354454941243158,-1.2405245686460737,-1.2507117887050756,-1.2709756044273766,-1.3276312597117208,-1.3434617349946658,-1.3326711583104787,-1.3531893865755453,-1.3442382777666884,-1.3357050173845442,-1.3686213403612715,-1.3772656550255287,-1.3813641128294096,-1.4063707569599402,-1.4134318807488495,-1.2921745499101842,-1.2908673100843728,-1.2862490587545585,-1.3068488897888562,-1.3044263907763554,-1.3143243220059013,-1.3227566446378145,-1.322034631243057,-1.3188581828321977,-1.2993787277437174,-1.1840483769305485,-1.1695729876971517,-1.1426451366417338,-1.1647504930246937,-1.1375298757530505,-1.067048292767409,-1.230323722206975,-1.1919553535011493,-1.2040532587188837,-1.203300025455197,-1.1992420708327918,-1.1947597224882858,0
-1.229543016098529,-1.2362133636572215,-1.2324189858746148,-1.2358697238272978,-1.2394747898672167,-1.2580621436174786,-1.317003514553531,-1.3368366949099573,-1.3275726413813944,-1.3446567933401687,-1.340284207992635,-1.329942927509298,-1.3606070734650872,-1.3707695775466409,-1.3740433057544676,-1.4051424356542734,-1.4128711026630114,-1.2913468473671823,-1.2901446888077006,-1.2820956669604675,-1.3057234287253832,-1.3044560706395107,-1.3145416809984567,-1.3215164986978065,-1.3208849307696182,-1.317733222539801,-1.297638932931476,-1.1821140967589712,-1.1687189755408964,-1.1436501015492346,-1.1651942921094305,-1.1392814234917512,-1.0695177645115088,-1.2321556229999948,-1.1943206800460155,-1.2060853177926734,-1.2057033508499315,-1.2014349629801633,-1.1968527167726213,-1.192343198871063,0
-1.2368578375869186,-1.2302571620718281,-1.2328388873616793,-1.2348322893718233,-1.246690555525605,-1.303189904009906,-1.326057454239199,-1.321146642798677,-1.3394247529862493,-1.331923903150121,-1.326116752326847,-1.3545744506800657,-1.3627284405562605,-1.3675825836975641,-1.3975472375388087,-1.4116081138515648,-1.2913600949785378,-1.289328158026915,-1.2814236339805132,-1.3013849674793871,-1.3033450933122792,-1.3145246782757747,-1.32170157188726,-1.3196557182896969,-1.316608088393943,-1.2966333279542304,-1.1811281503324402,-1.1669002871906022,-1.1429599145059586,-1.1661169306211068,-1.1398277257506932,-1.0714101430791252,-1.2343850794262246,-1.1962257622474834,-1.208438934021961,-1.207735641780145,-1.2038388962970257,-1.1990462867086624,-1.1944384216471045,-1.200950816053071,1
-1.2309375683966752,-1.2306731507539825,-1.2318120373614945,-1.241963205015586,-1.290992000498034,-1.3120667793584164,-1.3106256161542673,-1.3328502838769547,-1.3268337108586543,-1.317945587692811,-1.3505279074380883,-1.3566727714970672,-1.3595813095424005,-1.3908286317589993,-1.4039383047477094,-1.2907451460950654,-1.2893508972157703,-1.2806551013364884,-1.3006016881976454,-1.2990292339390017,-1.3133527556583975,-1.32165152589902,-1.3198491445539489,-1.3154038587312171,-1.295628700125737,-1.1807779022241065,-1.1660121443872724,-1.1413354631453478,-1.165284759742004,-1.14084297695404,-1.0722296010444694,-1.2359360717290022,-1.1985074496493908,-1.2103153188231879,-1.2100878902908523,-1.2058709252504944,-1.2014509986209778,-1.1966326764468536,-1.2030381009784905,-1.2436993185544345,1
-1.2313510475147238,-1.2296558693403503,-1.2388701996304228,-1.2857437103633378,-1.2997063351195486,-1.2969367356609554,-1.3221366482938155,-1.3204169688040117,-1.3130111178598258,-1.3420308458274997,-1.3526074554458118,-1.3535598305319272,-1.3825365966462702,-1.397149576563687,-1.2844700407189549,-1.2887466637431755,-1.2807186199499436,-1.2997276051486109,-1.2982595407717024,-1.308941791150113,-1.3204364644672295,-1.3198076476133482,-1.3156163716651106,-1.2945470198057125,-1.1804349511942733,-1.1657469216998113,-1.1406116665832986,-1.1634919672012578,-1.1401705301230742,-1.0734916512900041,-1.2360933763359805,-1.2001327327843272,-1.2125765243397941,-1.2119609233491435,-1.208224719159235,-1.2034826920480808,-1.199038175081923,-1.205229916305032,-1.2457471812774044,-1.1763861544895684,1
-1.230339903126041,-1.2366482609158373,-1.2822040330954712,-1.294355573333874,-1.2848533312818933,-1.3082226510726978,-1.3099079505365498,-1.3067675304066264,-1.3368280592848685,-1.3440826311830578,-1.349522364677152,-1.3762657341875042,-1.3887784792396405,-1.27899211112725,-1.282494619945295,-1.280160423955304,-1.29970144768143,-1.2973983482175324,-1.3081149297443955,-1.3159581818321628,-1.3186037471783085,-1.3155944091895995,-1.2948531594431365,-1.180026165528487,-1.1654898160329497,-1.140489318033588,-1.1626257351522653,-1.1385671122009442,-1.073244845279788,-1.2367571640858175,-1.2004341320110257,-1.214172675024428,-1.2142197366624912,-1.2101015393832604,-1.2058384652232865,-1.2010695294802975,-1.2076326126466552,-1.2479268813083508,-1.1784960926777832,-1.172611584542006,1
-1.2372901112103332,-1.2795782929141766,-1.290728033282879,-1.2796772256106939,-1.295932595048342,-1.2962331051474372,-1.2964831434164212,-1.3302861187657575,-1.3388569871608669,-1.3410387273942566,-1.372025127995297,-1.3824398057272411,-1.2720989242722436,-1.277038364551256,-1.2740074614629857,-1.2990420128727087,-1.2973831425705442,-1.3071994960098732,-1.3150908551169587,-1.314142881280454,-1.314416011490138,-1.2949270202624132,-1.1808463912222769,-1.1651683311248018,-1.140376464310305,-1.1623795605434764,-1.1378611122828872,-1.0721460825366196,-1.2354785674436959,-1.2012281107592488,-1.2144175689028094,-1.2158124847920613,-1.212363055669474,-1.2077201358547627,-1.2034273025823699,-1.2096651746597569,-1.2503156604594372,-1.1806948698420174,-1.1747250035974306,-1.1688470002292253,1
-1.2799611561929636,-1.2880228631619117,-1.2761994418304499,-1.2906262085812952,-1.284162584650452,-1.2830708416996457,-1.3196146821117798,-1.332289630412127,-1.3358469933365977,-1.363241071396067,-1.3781439626682288,-1.2670278432596176,-1.27016961510702,-1.2686443266602756,-1.2926711654240826,-1.2967360716974508,-1.307138206821447,-1.3141370279281235,-1.3132860238652027,-1.3099949426152266,-1.2938737222848022,-1.1814463991541602,-1.1660552538891202,-1.14020167694678,-1.162141686645311,-1.137754235216707,-1.0718670774043664,-1.2331564763433518,-1.200174047417241,-1.215160494476904,-1.2160507790690693,-1.2139596483778774,-1.2099851139698612,-1.2053138742518545,-1.2120158240553869,-1.2523542199187656,-1.1831055634479997,-1.1769248505074568,-1.1709638909432167,-1.1740145662288646,1
-1.288354782289353,-1.273629654759368,-1.287036717482958,-1.278994601452259,-1.2712413298668268,-1.3057500059912945,-1.3215852216044959,-1.3293173425581508,-1.357801996834284,-1.3692782176068656,-1.2637645433380638,-1.2651194938746082,-1.261880569621139,-1.2871032535864122,-1.290391833762167,-1.3064391104466726,-1.3140431194948492,-1.3123421299400575,-1.30916200741717,-1.2896478715458202,-1.1810799994676728,-1.1667235236823075,-1.141200675444973,-1.161839759555079,-1.137657002176106,-1.0721314075612436,-1.2318423984493068,-1.1981181711328353,-1.21401838251548,-1.2167877418341884,-1.2142053996062863,-1.2115866306174652,-1.2075823503318386,-1.2138849383084935,-1.2546694904428415,-1.1851346791360096,-1.179336772961377,-1.1731648047690193,-1.1761266914698898,-1.1429692276919015,0
-1.2740484048048666,-1.284365944474245,-1.2755237821649008,-1.2662252873924982,-1.2935052255299442,-1.307682008418243,-1.3186618492294995,-1.350997317348803,-1.3637718874982299,-1.2564258012706049,-1.2618732671664303,-1.2569204995711396,-1.280108612774925,-1.2848489306141109,-1.299982903853286,-1.3133071979863127,-1.3122566608505788,-1.3082408108731787,-1.28893228308133,-1.177926053621704,-1.1664462415729295,-1.1419836503989809,-1.1627416243336046,-1.1374981003232925,-1.072408961478167,-1.2312068897829913,-1.1970293407801775,-1.2118581125977035,-1.2156353461419855,-1.2149490998051118,-1.2118419323264118,-1.2091888423167563,-1.216140954695373,-1.2564519049285297,-1.1875056583667303,-1.181365359092117,-1.175577952819957,-1.178326140762763,-1.1451099826052968,-1.1488158168567106,0
-1.2847199249515973,-1.2729602911526285,-1.2628847474042617,-1.2882273824426145,-1.2954018518739012,-1.3048158072869058,-1.3399850327525304,-1.3568924236333881,-1.2521766795696023,-1.2545597742599945,-1.2537476258769917,-1.2749505154801888,-1.2778824868150516,-1.2943347680622646,-1.3067717367835796,-1.311530266845379,-1.3081746255769018,-1.2881224250272978,-1.177854793294506,-1.1634313637202744,-1.1418561187625471,-1.1634251866980143,-1.1385092352227828,-1.072631200600384,-1.230575927286821,-1.1965896506978793,-1.2106809535426393,-1.2134628834603962,-1.2138083237966288,-1.2125942614844496,-1.2094537941981043,-1.2177297246110168,-1.2586460420274956,-1.1894245930888512,-1.1837394621755466,-1.1776060107943718,-1.1807376064623571,-1.1473182304158072,-1.150951180109388,-1.1719675110985726,1
-1.2733830793149155,-1.2604390318197796,-1.284662365437921,-1.2901017064030627,-1.2925881325446975,-1.325721981697034,-1.3457831222064067,-1.2466951606311207,-1.2503314406371102,-1.2465426129632768,-1.2716163346840985,-1.2727485738821007,-1.2872496756579692,-1.3010491143268244,-1.3050153106205742,-1.3074700017956113,-1.2881508333936649,-1.177656273278303,-1.1634436979560574,-1.1390749265468398,-1.1631678694250636,-1.1393046313121653,-1.073933524112444,-1.229874247300953,-1.1961563951609813,-1.210164475046462,-1.212275407961967,-1.2116496378330637,-1.2114683673703563,-1.2102148423879975,-1.2179603027377781,-1.2601467978148784,-1.1917161673006,-1.185666052238028,-1.1799832294663501,-1.1827663894258917,-1.149739803227146,-1.153157770945927,-1.1740815241114975,-1.1700053338639271,1
-1.260937357861648,-1.282013717562426,-1.2865175665534965,-1.2873210735316982,-1.3131115027975169,-1.3314066801960802,-1.2373993954990214,-1.244873036870431,-1.2424035928253387,-1.2641727686110351,-1.2694340929475982,-1.2820139987242511,-1.2938800390561016,-1.2993119595658158,-1.3010018991844954,-1.2875530000759832,-1.178204077085844,-1.1633244923964927,-1.1392277305501814,-1.1601841467028415,-1.1391933157804253,-1.0750269404376018,-1.2304707041105727,-1.195655773994569,-1.2096536905871094,-1.2117499608825173,-1.210473818980612,-1.2093273259199826,-1.2091039855116592,-1.2186902938803186,-1.2602066635943248,-1.193355512959183,-1.1879630902131106,-1.181917454616969,-1.1851393313947565,-1.1517642306521805,-1.1555774403433299,-1.176281553557512,-1.1721211563752827,-1.1712235813073204,1
-1.2823818884840852,-1.2838516311944903,-1.2837653031701015,-1.3076031099679057,-1.3186921111758267,-1.2251425714002753,-1.2356072587587326,-1.2370445006225799,-1.259837343463547,-1.262019660521869,-1.2786166238623615,-1.288572330660517,-1.2921646125811406,-1.295342583038117,-1.2813147306144208,-1.178192609476064,-1.163939682109454,-1.1392418025973259,-1.160215208465003,-1.136437428798683,-1.0753046978205845,-1.2308416932802482,-1.19640583811098,-1.2090742260978333,-1.2112301213514174,-1.2099585055873974,-1.2081664363012825,-1.206980772755199,-1.2175258746116464,-1.2607824143427622,-1.1936841878797764,-1.1896102072663404,-1.184219941900985,-1.1870630760198817,-1.1541628658963692,-1.1576026880217554,-1.1786936856958026,-1.1743217419193077,-1.1733382803641794,-1.1624112586122832,1
-1.284208714405646,-1.2811250144687325,-1.3038404115380269,-1.3131180961066728,-1.2143737597348467,-1.2233854827732975,-1.2279075581483054,-1.254259859954347,-1.2577082216183635,-1.2710796016186336,-1.2851162811128392,-1.2868755403702257,-1.2882448849106185,-1.2758714208950057,-1.1732163092286336,-1.1640042890683016,-1.1399702255414157,-1.1601137715679675,-1.136605443922312,-1.0731559591844113,-1.2301763038385638,-1.1969340383933524,-1.2097640545552646,-1.2106414482736203,-1.2094488974666708,-1.2076641016131662,-1.205834968207764,-1.215339156342155,-1.259351985095458,-1.194502810503161,-1.1899539555967176,-1.1858748097896161,-1.1893580831517145,-1.15614957468335,-1.1599964845999091,-1.1807221814655795,-1.176734512863471,-1.1755385206463353,-1.1645340842969543,-1.1441675038657309,1
-1.2814985467318902,-1.3010130551910075,-1.3092991308698645,-1.2100264216483616,-1.2126488444179147,-1.2158363621791095,-1.2448396011968275,-1.2521574094612433,-1.2666672323629984,-1.2774924862998944,-1.2834346713041245,-1.2829983961445728,-1.269017267551321,-1.168959048873342,-1.1591917155912002,-1.1401626658974504,-1.1607440576134687,-1.1366339482686088,-1.0736889346371803,-1.226555784431854,-1.196473892014055,-1.2102306059801051,-1.2113242414441348,-1.208870629259287,-1.2071675973575968,-1.2053457477018346,-1.2141396190202145,-1.2568498757571878,-1.1934912491058822,-1.1907861972037441,-1.186233591653032,-1.191002311631008,-1.158489520545882,-1.1619713357102202,-1.1830968175873684,-1.1787627333475243,-1.177950894978201,-1.166736822067632,-1.1463071537419167,-1.1003205815383572,0
-1.3012666074756933,-1.3064209080590155,-1.2072592522269638,-1.2083217895691063,-1.2052379525924528,-1.2324372719217784,-1.2427717511118785,-1.261004191340068,-1.2730086756626724,-1.2758333265370667,-1.279592214285738,-1.2639796652826567,-1.1634421526661156,-1.1550883322320065,-1.1356252139181007,-1.1608257074090738,-1.1373746329564831,-1.0740637130612154,-1.22620406407946,-1.1931736544389824,-1.2096899754664774,-1.2117835925260525,-1.2095613716663782,-1.2066026551740845,-1.2048624840949835,-1.2136036860140988,-1.255383482277871,-1.1914857646670836,-1.1897981237232893,-1.1870794162146432,-1.1913404572786481,-1.1601976677181824,-1.164302818521345,-1.1850247139182448,-1.1811389933768721,-1.1799792863775638,-1.1691520653368135,-1.1485150619505884,-1.1025006665677681,-1.112053702407103,1
-1.3066418360103271,-1.205331876580192,-1.2055720117062143,-1.20099804224217,-1.2215348900664542,-1.2304098619675732,-1.2514729399007023,-1.2672661958479594,-1.2713679994172662,-1.272042167587908,-1.2607436361498892,-1.1595515056102013,-1.1497449305836012,-1.1317804007948613,-1.1560498133199717,-1.1375809160718187,-1.0750985937032833,-1.2257394438084812,-1.1930144573200696,-1.2062641423869271,-1.2112335617836094,-1.2100288584831997,-1.2073035785552941,-1.2043110070378882,-1.2130732594353666,-1.2546155583050533,-1.190439571458001,-1.1878204874096945,-1.1861147685136662,-1.1921676368031304,-1.1606597901674582,-1.1659989282556413,-1.1873226842021503,-1.1830708692696026,-1.1823545381793177,-1.1711792204020732,-1.1509362446514706,-1.1047210013737199,-1.1142229672805042,-1.1084189313464874,1
-1.206162651423409,-1.2036603584209895,-1.1983229851249837,-1.2171033444208357,-1.2195446031623016,-1.238940885029778,-1.257631889467442,-1.2656460722326854,-1.267619075070257,-1.2534452241903085,-1.1572497520700304,-1.1460030884831427,-1.1267285341396567,-1.1519809027231287,-1.133073256312309,-1.0756370060697973,-1.226061167688595,-1.1927325029439677,-1.2060294490948187,-1.2077930596454909,-1.2094894491473336,-1.2077814852037168,-1.2050222176664325,-1.2124738198205376,-1.2538509035562244,-1.190036947907173,-1.1867978568325876,-1.1841649066529865,-1.1911708330255493,-1.1615989840309424,-1.1664377028704502,-1.1889711273266885,-1.1853716798431775,-1.1842839433008208,-1.173561765325562,-1.1529608401899243,-1.107156458866391,-1.1164399768184525,-1.1105915481660906,-1.0891067136782704,0
-1.2045012171490677,-1.1964788810808868,-1.2142639724884476,-1.215136461252464,-1.227919418253108,-1.244979386442401,-1.2560384285196287,-1.2619441103840439,-1.2492293069760738,-1.1513330176164753,-1.1438225470325063,-1.1232367393719318,-1.1466763687212662,-1.1292564431141083,-1.0718441508843815,-1.2257944696586394,-1.193209420558458,-1.2056758640080372,-1.207549548698715,-1.206065521715875,-1.2072556792201246,-1.2055106529129658,-1.2131483874441131,-1.253013264742256,-1.1896411163526028,-1.1864157174175722,-1.18316577637285,-1.1891828457553641,-1.1607953652623701,-1.1673558017209122,-1.189317447707148,-1.1870241628593776,-1.1865829904375524,-1.175509043034018,-1.1553584837348403,-1.1091749028546505,-1.1188716144795698,-1.112809587829616,-1.091297140014234,-1.0809734141484035,0
-1.197363064011117,-1.2122713241415868,-1.2123171565029671,-1.223412797094278,-1.233847351208809,-1.2434170881835724,-1.2523973905269148,-1.2437847095563537,-1.1482546597810679,-1.1380850701972547,-1.1212598790392416,-1.1429678631038176,-1.124236146055171,-1.0686991397405279,-1.2202688655750002,-1.1931179267692518,-1.2060919238609082,-1.2071875974280115,-1.2058319739196903,-1.2038529798220623,-1.2049985922790614,-1.213599319998203,-1.2535058501102974,-1.1891785536426753,-1.1860405675374466,-1.1828040669028117,-1.1881514571100231,-1.1590364251383736,-1.1665158015362016,-1.1901520131883674,-1.18737831902032,-1.1882329652258505,-1.1778208461790618,-1.1573427622550398,-1.111608834328787,-1.1208917045783915,-1.1152424088257848,-1.0935206529273926,-1.0831713409244266,-1.1100066472768113,0
-1.2130602348926767,-1.210342649342507,-1.2205090527869693,-1.2292710236290945,-1.2323136595356095,-1.2398472565387169,-1.2345368422441707,-1.1440749643079215,-1.1351542983101153,-1.1158236212675063,-1.140814476560429,-1.1207714282885823,-1.0644362918389678,-1.2154953474074337,-1.1879693951423262,-1.205931725378429,-1.207596549334836,-1.2054794756785543,-1.2036321923176774,-1.201617342501383,-1.2130382986559058,-1.2537705308936782,-1.1899576941110568,-1.1855990371324185,-1.182449543983706,-1.1877617038826223,-1.1581988360242825,-1.1647137262870542,-1.1891679475667356,-1.1882199642112896,-1.1885822564238469,-1.1794889645011581,-1.1596809735895295,-1.1136820403609546,-1.123315925663816,-1.1172619889805686,-1.0959597612037526,-1.0853971588850653,-1.112177799922112,-1.1126827973983637,0
-1.2111431953453597,-1.218458210359811,-1.2263075105947046,-1.2277553665993495,-1.2288091935749643,-1.2223359999734733,-1.1364680383134715,-1.1311387100974126,-1.1131408483304044,-1.1351171584586595,-1.1188166240754347,-1.0616212324183778,-1.20939637640248,-1.1835502648175895,-1.200635328338147,-1.207428326415704,-1.2058964589201866,-1.2032918010315221,-1.201409448485998,-1.20958064568496,-1.2529663531794208,-1.1905156529104033,-1.1863942461110994,-1.1820289902425594,-1.1873788667663605,-1.1579775621043982,-1.163839640027403,-1.187195063115775,-1.1872481085781657,-1.1894195060698316,-1.1798734469270231,-1.1613866536524184,-1.1160837209673966,-1.1253653353337512,-1.1196892182204536,-1.0979766319305984,-1.087838915036149,-1.1143953896132013,-1.1148514821272297,-1.1067613159726901,0
-1.2192097970483833,-1.2242026358888347,-1.2248073171000107,-1.2242921095695503,-1.2116185782557651,-1.1261850890668805,-1.1237446783790217,-1.1094010209794987,-1.132219449962735,-1.1134129845637541,-1.0601956205655303,-1.2050064882468081,-1.177850862065217,-1.1960772281577885,-1.202114659279508,-1.2057373028871818,-1.2037190703944725,-1.2010812905322243,-1.209326825274872,-1.2491292546511932,-1.1900943570236124,-1.1869686504066683,-1.1828402252222532,-1.186929518798268,-1.1577648290247704,-1.1635866373733432,-1.1861764531465053,-1.1852897007319736,-1.188440069680484,-1.1807424922160343,-1.1618439908922389,-1.117879676675507,-1.1277500320197777,-1.121745999699625,-1.1004198440570954,-1.0898546446931625,-1.1168276937130153,-1.1170683133742128,-1.1089354614270999,-1.1135815045287356,0
-1.2249195677785292,-1.2227164217789557,-1.2213793940510667,-1.2073036382819493,-1.1172282461954988,-1.1137105548780646,-1.102364730343855,-1.1282406263784874,-1.110757066813542,-1.055574590795965,-1.2022980677599777,-1.173803680542139,-1.1902211384775323,-1.1975403279692232,-1.2004431493941032,-1.2035715267637535,-1.2015189533872792,-1.2089550923933592,-1.2486473473551127,-1.1868547456483016,-1.1865688245288941,-1.1834310315074406,-1.1877187552221948,-1.1574884689824254,-1.1633418695836963,-1.1857978090403785,-1.1842833395912309,-1.1864726738150462,-1.1798178920346154,-1.1627788612688528,-1.1185121127046431,-1.129521830614899,-1.1241359577873804,-1.1025157933358902,-1.0923045879784732,-1.1188474966180793,-1.1194997462273404,-1.1111539708731688,-1.1157493604796946,-1.1430890553092843,1
-1.2234423196567734,-1.2193204414464585,-1.2045642481372594,-1.1140232398635146,-1.1049821279499488,-1.0927487260770365,-1.1208942889482003,-1.107047100917612,-1.0535630094037112,-1.1957799234257662,-1.1713744186821617,-1.1860395677754352,-1.1916659378750185,-1.1958871577895356,-1.19830236534301,-1.201383143373901,-1.2093557338013314,-1.2480592058127535,-1.1867319912834229,-1.1833627171060834,-1.1830526188397175,-1.188287046839935,-1.1584098667781006,-1.1630329317251644,-1.1854261881761303,-1.1839153439842767,-1.185458707803666,-1.1779155119641314,-1.161967786018749,-1.119605186671658,-1.1301074114681195,-1.1259152399477173,-1.104933706233929,-1.0944170326930451,-1.121273411856428,-1.121519924585707,-1.1135873315221358,-1.1179659370252983,-1.1452296997189588,-1.1320998642317908,1
-1.2200668264930663,-1.2026619855838188,-1.1122355457042852,-1.1019211234275346,-1.0844041223703489,-1.11091590939217,-1.1000495491703144,-1.0505695092401193,-1.1922064142636009,-1.1652691152681158,-1.183500836488517,-1.1874686710479196,-1.190033445504445,-1.1937698622920214,-1.1961392349030744,-1.2091781288369292,-1.2482759854864336,-1.1864846137641345,-1.1832601021579074,-1.1798799267346118,-1.1878792407074865,-1.1591134204269395,-1.1639294403335902,-1.1849882466167796,-1.183554474307934,-1.1850841009147828,-1.1769565565948639,-1.1602000052200845,-1.119066956508257,-1.1311581512928612,-1.126515335936285,-1.1067527499742837,-1.096846718700172,-1.1233269732321145,-1.1239436250290133,-1.1156066791200232,-1.1203970772955836,-1.1474379135692852,-1.1342506427535408,-1.0811781196614325,1
-1.2035088672657506,-1.1111936378086402,-1.1002569014642112,-1.0815850941200387,-1.1022386540408917,-1.090478821991054,-1.0445014194373763,-1.1874761384086987,-1.162035505292736,-1.1772336413949707,-1.1849171541645591,-1.1858539138759887,-1.1879426330833092,-1.1916304655888963,-1.2038442697759029,-1.2478908118615502,-1.1869909080257297,-1.1830318329015952,-1.1797973979242586,-1.184660680095982,-1.1588822022787062,-1.164607520865926,-1.1857861974444401,-1.18312746620867,-1.1847165562006563,-1.1766297731182942,-1.1593549359053663,-1.11762267073015,-1.1305469097477987,-1.1275791903378671,-1.1074299675885717,-1.0986825079456584,-1.1257146330702135,-1.1259917588088886,-1.1180352802105689,-1.1224173817390146,-1.1498594473695782,-1.1364619710357295,-1.0833758576602657,-1.0901452196955892,1
-1.112592327008978,-1.0993266152213614,-1.080128351088841,-1.0992099099621129,-1.0821757815423663,-1.036017025182011,-1.1791549514396304,-1.1576831781858343,-1.1738667431540104,-1.178631050762645,-1.1833168435577925,-1.1837858157868042,-1.1858299958978606,-1.199250961283499,-1.2421102260294734,-1.186932578675619,-1.183554361626064,-1.179588186379962,-1.1845505794651428,-1.1559392072447747,-1.164343046923303,-1.1863634079159515,-1.183933770111129,-1.1842827598971655,-1.1763105130012503,-1.1591271590852237,-1.117051314423383,-1.129016059030235,-1.1269905667867832,-1.1085635021868825,-1.0993922051691236,-1.1274906463105798,-1.1283755448676929,-1.1200954235587877,-1.1248403384078667,-1.1518838916059548,-1.138887082474001,-1.0856016176055905,-1.0923346883326377,-1.0755362360096525,1
-1.1007968954413692,-1.079385630484994,-1.097573349233245,-1.0793829562981951,-1.028711211764153,-1.1680371910234941,-1.149852299353503,-1.1693662070043755,-1.1752485849790215,-1.1770521048305902,-1.1812672478876287,-1.1816961300348932,-1.1933551746328048,-1.2370970657714255,-1.1818554231550704,-1.183514359992296,-1.1801269066189901,-1.1843152077989147,-1.1559947506523727,-1.1613481562169141,-1.185967245571462,-1.18451952963028,-1.1850838776666708,-1.1759258198963674,-1.1589078603946614,-1.1170614895618456,-1.1283714590923262,-1.1254865327823786,-1.1080950522631459,-1.1005550854345674,-1.1280844018966194,-1.1301460482303731,-1.1224877810770015,-1.1268866494876557,-1.1542824276802162,-1.1409099849702298,-1.0880433071128044,-1.094557906924203,-1.077739176892014,-1.0713971903925503,1
-1.0809762100825415,-1.0966680693708653,-1.0779486806423522,-1.0265470751086079,-1.1583140119345523,-1.139307599378315,-1.1613430584530027,-1.1707307385989192,-1.1736872289592204,-1.175029871939001,-1.1791962576906365,-1.1891395561429394,-1.2307279010415009,-1.1775033749624757,-1.1784766491621133,-1.1801051842155423,-1.184831702285199,-1.1559165419215736,-1.1613725048401748,-1.1827668550929271,-1.1841345282825413,-1.1856643293801625,-1.1767644521112146,-1.158624823430126,-1.11708243751807,-1.1283179599990965,-1.1248646227863726,-1.106733500465473,-1.1001372463792254,-1.1291425276780982,-1.1307291168486295,-1.1242704760720246,-1.1292691346504282,-1.1562688934405188,-1.1433176157532379,-1.0900590654891937,-1.0969966771048338,-1.0799665357959958,-1.0736039482576063,-1.072026285383811,1
-1.0981543879869304,-1.077226271053083,-1.0256518590716015,-1.154625879072564,-1.1301104757457092,-1.150573638221879,-1.1626851337042146,-1.1691889415706433,-1.1716875243242344,-1.1729865301445768,-1.18657309054108,-1.2261062697955447,-1.1718796065493216,-1.1741616726741233,-1.175106813724693,-1.18478488836533,-1.156566562717579,-1.161264698522147,-1.182667676632522,-1.1809515545412186,-1.1852723985586142,-1.1773832984025272,-1.1595411201114205,-1.117043720264682,-1.128274619681585,-1.1248308491572587,-1.1062321463695757,-1.098835700660861,-1.1285440242889853,-1.1317775868427642,-1.1248771916003388,-1.1310377876810498,-1.1586086658502466,-1.1453263690851463,-1.092508839359212,-1.0990136935299764,-1.082410062073276,-1.075832480202939,-1.0742324631043316,-1.0456741951943458,1
-1.0788298775697613,-1.0254167715483928,-1.1524239353025965,-1.1267539875866408,-1.1411702268954504,-1.1518894670352946,-1.1611687103085855,-1.1672142870879048,-1.1696669459456681,-1.180264879842071,-1.2232090782820875,-1.167897296020209,-1.1685797021852742,-1.1708288108680154,-1.179732516215051,-1.156670491840325,-1.1618895730800238,-1.182442667913146,-1.1808628453807661,-1.182078611372305,-1.1770414926681676,-1.160239452967808,-1.1181466752230265,-1.1281705242317501,-1.1248074245262492,-1.1063031778162855,-1.0983851184267208,-1.1270282763906456,-1.1311624306448977,-1.125947026825425,-1.1316172673922147,-1.160316566311606,-1.1476820485624633,-1.0946208689032089,-1.1014560461837704,-1.0844250289156503,-1.0782773539867545,-1.0764608167586993,-1.0479046745248328,-0.6853425640890669,1
-1.0273329328673269,-1.1510075364061132,-1.124836407602464,-1.137683687388925,-1.1424619621214789,-1.150402699735544,-1.1592265530719374,-1.1652190203454298,-1.1768642127321316,-1.2164117650566557,-1.1655208761419025,-1.1646332414159846,-1.1652885277269516,-1.17540376042945,-1.1519425470507552,-1.1619651136368483,-1.1829679668038988,-1.18064776992508,-1.181983402188472,-1.1739259256884225,-1.1600014189436962,-1.1190360455765365,-1.1292235307784495,-1.1247235824070583,-1.106385568948174,-1.0985002883089316,-1.1263964551288084,-1.1296269385731332,-1.1253687180737928,-1.1326624947711967,-1.1607782102399362,-1.1494125744730521,-1.0970502585951285,-1.1035498892313547,-1.086879472036411,-1.0802917401373604,-1.078905485734525,-1.0501404965896362,-0.687905337317101,-0.6388394629097045,1
-1.1521660375073162,-1.123677079988566,-1.135654596823742,-1.1389602331315345,-1.141002418391767,-1.1484985245040453,-1.157264122795241,-1.1723261275025099,-1.212608411238918,-1.1594937194524708,-1.1622860236854435,-1.1613778218768507,-1.1698062539396357,-1.1479187011318643,-1.157176071317624,-1.1829310925185543,-1.1811815081596284,-1.181762159515635,-1.1738777351163365,-1.1570477877343677,-1.1190474158106067,-1.1300617808725384,-1.125792062334046,-1.1064093365582839,-1.0986272435250397,-1.1263540651568529,-1.128978411529895,-1.1238769136693456,-1.1320417462121817,-1.1617169717547333,-1.1499181027597611,-1.0988856263760902,-1.105966298871757,-1.0890029440865026,-1.0827496087526922,-1.080919960144676,-1.0525937447445852,-0.6902432804848095,-0.6414451207901116,-0.6639133918470846,1
-1.1250004594515135,-1.1343944611269814,-1.1369181185711812,-1.1375178521413956,-1.1391331097112005,-1.1465744727043683,-1.16425426700397,-1.2076225610749693,-1.1563244490491849,-1.1563020533438249,-1.159059729039716,-1.1658464680612055,-1.1426649770406319,-1.1530948034859128,-1.1779001123299817,-1.1811541613776204,-1.1822906580558168,-1.1737011036659233,-1.1570969376763458,-1.1164829799860074,-1.1300064123219664,-1.1266461488319044,-1.1075600294453751,-1.0986963307445161,-1.1263219410913548,-1.1289214984140301,-1.123265351284207,-1.130499623634416,-1.160912607338008,-1.1508965142520662,-1.0995945061262735,-1.1077832044506215,-1.091440500514622,-1.0848814753492904,-1.0833773081178897,-1.0546045220604607,-0.692813838104959,-0.6437962433391761,-0.6664959268238824,-0.6070551873988801,1
-1.1356531850928784,-1.1356462088887371,-1.1354904535151622,-1.1356705246165917,-1.1372442884139262,-1.1534279134123093,-1.1989698207830515,-1.1520436639219795,-1.153168339019854,-1.153118830796313,-1.1634883960932014,-1.139000050694714,-1.1477763368426153,-1.1735914615693648,-1.1761436861669763,-1.1822573959791163,-1.1742675040936343,-1.1570126628303163,-1.1167660774907961,-1.127337830613273,-1.1266114551048303,-1.108498257714911,-1.099881647445467,-1.1262292520502617,-1.1288747111507778,-1.1232405733337834,-1.1298454864407077,-1.1591527831465445,-1.1501605319847181,-1.1007566477960438,-1.1084562748833815,-1.0932874842690636,-1.0873250231263563,-1.0855078988244276,-1.0570836791535134,-0.6947740623147636,-0.6463819404959595,-0.6688399432044726,-0.6096901563912698,-0.5955018079562087,1
-1.1368973813480978,-1.134231847369412,-1.1336619734033089,-1.1338039139234704,-1.14397223865463,-1.1874645487611433,-1.1443055955962285,-1.1489270902498492,-1.1500205784879554,-1.1574883736831496,-1.136882162529363,-1.1440558813052257,-1.168016623266012,-1.1718543068083562,-1.177234189942481,-1.1742770309314106,-1.1576575298285838,-1.1169037719112411,-1.1275583254338661,-1.1239751364615072,-1.1085734131874094,-1.1008553118437676,-1.1272909730006948,-1.128767110316793,-1.1232262311312335,-1.1297836961496492,-1.1583144460123909,-1.1484817841471886,-1.1003375349251066,-1.1095860624597378,-1.0940188943804317,-1.0891805286878908,-1.0879505359742714,-1.0592677154770143,-0.6975514316432823,-0.6483356405041575,-0.671417477299953,-0.6120502868791051,-0.5981474313490268,-0.5260617036827956,1
-1.1354915523467322,-1.132420405744394,-1.1318144068602254,-1.140452750359299,-1.1773856435043426,-1.133869370324682,-1.1412403119408925,-1.1458187614816135,-1.1543414434090629,-1.1312373421175939,-1.141892760712582,-1.1640762797176447,-1.166301196791051,-1.1729328456421633,-1.1693459146811456,-1.1577556406286817,-1.117737224958394,-1.1276366224760128,-1.1242150247944809,-1.1061085142375655,-1.1009767300737905,-1.128138141948555,-1.1298174387784425,-1.1231516254210725,-1.129731984678196,-1.1580925218024805,-1.147712046686287,-1.0990344789248199,-1.1091111502520075,-1.0952013924675503,-1.0899284677102523,-1.0898047463033647,-1.061748497789391,-0.7004662694401059,-0.6511514960286181,-0.6733746950814459,-0.6146463317157481,-0.6005108361645901,-0.5287713639819057,-0.48069197205117997,0
-1.1336910387326835,-1.1305900555429145,-1.1383954083483987,-1.1734732477859593,-1.1247718238145707,-1.1308640332160953,-1.138183137501576,-1.15008549924703,-1.1283828558926885,-1.1361810471615414,-1.16173404489327,-1.1623794894273534,-1.1673662452895002,-1.1651311200615522,-1.153015173715186,-1.1180482378814003,-1.1284196112536509,-1.12431172238616,-1.106451443924781,-1.0985840241644524,-1.128094417185942,-1.1306529479564942,-1.1242271618896205,-1.1296193761525684,-1.1578791321617594,-1.1475497594908255,-1.0985826188230725,-1.107741936536289,-1.0948173871971567,-1.0911258998416025,-1.090550173090762,-1.0636569639662958,-0.7034686387892395,-0.6541606484287747,-0.676169799298625,-0.6165955725155042,-0.6031106423162182,-0.5311544487240203,-0.48344347182163566,-0.5230360563438762,0
-1.131871730613269,-1.1371097327068624,-1.171079013186995,-1.121478112735009,-1.1218215161684153,-1.1278666467347802,-1.1423796567916193,-1.1244520930389534,-1.1332714866391786,-1.155757443650683,-1.1600524350845554,-1.1634329673683994,-1.1596621034871937,-1.1489795590011826,-1.1137659763525538,-1.128673653100725,-1.125110344350269,-1.106645907073591,-1.0989703494995635,-1.1254440056102182,-1.1305940010710862,-1.1250884704837034,-1.1306658787784323,-1.1576021044271954,-1.1473965819737184,-1.098696677793156,-1.107234099599848,-1.0935559560400983,-1.0907676505011652,-1.0917453353915054,-1.0645076254849624,-0.7061189853254759,-0.6572303319203545,-0.6791280983663854,-0.6194377328631737,-0.6050582622224251,-0.5337768617766045,-0.4858394147383671,-0.5257485068619403,-0.4633269531654359,0
-1.138352076063415,-1.1694887790396478,-1.119614360017881,-1.118562497685423,-1.1188790135689428,-1.1319810963477261,-1.1171681041872827,-1.1292794842691973,-1.1526297964354841,-1.154098283887855,-1.1610964879937828,-1.1558125224259972,-1.143712565727631,-1.1101610014663807,-1.1242687791084391,-1.1253820351093768,-1.1075275910779057,-1.0992059864055002,-1.1256754226012455,-1.1279198353703095,-1.1250632053849277,-1.1314974723621454,-1.1585229921114326,-1.1471807871797413,-1.0988225113840626,-1.1072994951996677,-1.093139315216304,-1.0895367565078555,-1.0913831713982642,-1.0657978684677982,-0.7084085992040723,-0.6599764228610085,-0.6821614868586775,-0.6225113480897009,-0.6079099842039156,-0.5357147395101741,-0.4884765983481119,-0.5281324490986976,-0.46609446676678623,-0.5931701622346323,1
-1.1705357870518998,-1.1185036934686814,-1.1167284916158746,-1.115654595903164,-1.12291812522737,-1.107262596160965,-1.1219160501666456,-1.1483952939486524,-1.1509891201900782,-1.1551283983462013,-1.1535442200233461,-1.140036258505579,-1.1053795496891858,-1.1205485681034548,-1.1210151448929988,-1.1078930538036966,-1.1001226518119596,-1.1257640825902442,-1.1281369736214522,-1.1224416001175703,-1.1314334135698285,-1.1592260236810263,-1.148148456333779,-1.0988904579626648,-1.107376196135413,-1.0932839920084352,-1.089145953543728,-1.0901476360507538,-1.0655996849309015,-0.7109989507179084,-0.6624517427432128,-0.6848559535348925,-0.625627039937606,-0.6110070312526581,-0.5386239304645184,-0.4904081108873505,-0.5307558471801846,-0.46849533108016317,-0.5958179358456873,-0.580663154670288,1
-1.1198582827834163,-1.1156447167076928,-1.1138502577863603,-1.1196462117448591,-1.0986522350900758,-1.1119176884283657,-1.140717267507641,-1.1467751703333784,-1.1520077588767934,-1.1476769556454605,-1.1379090998171277,-1.1021196876930142,-1.1156371889160528,-1.1173306325665229,-1.1037279784845884,-1.1005276064027263,-1.1265558757723506,-1.1282120859531029,-1.1226903327446516,-1.1287512707375043,-1.158994123945205,-1.1488993669208136,-1.1000749032232422,-1.1073941770796243,-1.0934407386841598,-1.0893130924371668,-1.089752905981297,-1.0645585707537968,-0.7130429933148453,-0.6652098815766795,-0.6872311429092464,-0.6284385709554043,-0.6141394468417722,-0.5418618114732301,-0.49335485005540797,-0.532693300427371,-0.47113816804060726,-0.5981820014698284,-0.5833224621072174,-0.577143218409664,1
-1.1170165535720995,-1.1127933033772885,-1.1178011490510118,-1.0956656636253805,-1.1032220899229435,-1.1303512177570905,-1.1391238065598275,-1.1477810486085105,-1.144639327392972,-1.132250569453672,-1.100331752895669,-1.1122658891743997,-1.1124595032321551,-1.1002331399060112,-1.096447524999764,-1.1268198572539494,-1.1289923689869286,-1.1227954217957328,-1.128963613889432,-1.1560500652937338,-1.1487299744466934,-1.1010476757361658,-1.108540449000919,-1.0935401224380747,-1.0894925178273283,-1.0899166308521002,-1.0643283427631336,-0.714660343682678,-0.6675432977943803,-0.689898812779949,-0.6310408185184083,-0.6169747649061479,-0.5450947429624026,-0.4966847470401219,-0.5356049954223788,-0.47306724433621394,-0.6007825667113865,-0.5856900723255496,-0.5798057718933964,-0.5416293083077954,1
-1.114182342162929,-1.1167073787048327,-1.094065263173134,-1.100181781645308,-1.121318090657365,-1.1287889194982619,-1.1401131309141952,-1.1405049209215925,-1.1293847955845397,-1.0951748925143492,-1.1103871805050323,-1.1091227254814426,-1.0955758655600183,-1.093032567118014,-1.12243637522337,-1.1292433562146125,-1.1236011731800455,-1.1290341766346599,-1.1561049693547698,-1.1458834583870907,-1.1011679295873928,-1.1094741525836633,-1.0947485854455283,-1.089614964783309,-1.090092609296521,-1.064635077248776,-0.716679474355625,-0.6695037400116178,-0.6920762021216055,-0.6339136378411135,-0.6196231498636493,-0.548073030017184,-0.49998335209730066,-0.5388490128547129,-0.4760283548795652,-0.6027298594968987,-0.5882947093449978,-0.5821743796921297,-0.5443246123318252,-0.5918620440782019,1
-1.1180728047736603,-1.0931926730172294,-1.098535305367247,-1.118064991942835,-1.1197843989841652,-1.129758896025372,-1.1329567477770683,-1.1254414815062963,-1.092722152360223,-1.1050960768467801,-1.1072721373988126,-1.092422509596337,-1.0884653573470113,-1.1187362692433696,-1.1248319081072655,-1.123880912618817,-1.1298105943201822,-1.1560261540124477,-1.1459969958557499,-1.0987734066647579,-1.1095434009637342,-1.0957459391895779,-1.0908410478900195,-1.0902115508683519,-1.0649554444203366,-0.7189416851396662,-0.6718131648039061,-0.6938516532214165,-0.6364448372314344,-0.6225376548055971,-0.5509987178626153,-0.5030550500821811,-0.5420863240271926,-0.47939347048038294,-0.6055835111598906,-0.5902402474466981,-0.584780162661044,-0.5467032850800523,-0.594511024021544,-0.5077580351275514,1
-1.0946999579006869,-1.0976210616245283,-1.1162360616901355,-1.11654933491309,-1.1207366146794853,-1.1227424674583675,-1.1181412101096115,-1.0892381085054392,-1.1025328118429314,-1.1020226205940098,-1.0907213314443374,-1.0853892490800914,-1.1138475582424292,-1.121105518484847,-1.1195313446738697,-1.1300572178058799,-1.1566756594286793,-1.145973811845187,-1.0991586397828255,-1.1070692839952128,-1.0958982844563987,-1.091856435121329,-1.0914349558900125,-1.0652212226393363,-0.721236386232726,-0.674327742308791,-0.6960045548155802,-0.6386397783442389,-0.6251407471053496,-0.5541637688687054,-0.5061619179206106,-0.5450708405332385,-0.4827172117397765,-0.6086852871027448,-0.593104249970849,-0.5867252069295756,-0.5493206299476221,-0.5968754603776922,-0.5104845748700368,-0.4995798002411661,1
-1.0991016310573694,-1.1151568754349843,-1.1147358681954416,-1.1174903535269776,-1.113848660981781,-1.1082166714335322,-1.0825336425683951,-1.0989258705815055,-1.0994935947776496,-1.0856927733608852,-1.083750994603634,-1.110495700830839,-1.1161871729767274,-1.1158631125139662,-1.1256363781055885,-1.1567790067191606,-1.1466705818815046,-1.099393240394077,-1.107406672678891,-1.093553840192924,-1.092032323559413,-1.0924476022052847,-1.0665568096680873,-0.7235099705953719,-0.6768772438195431,-0.6983830591325677,-0.6411476154581641,-0.6274209270564108,-0.5571989642732018,-0.509490666948333,-0.5480086110325442,-0.485824662251881,-0.6118210777943415,-0.5962313918232317,-0.5895921225703402,-0.5512606917546948,-0.5994764514898321,-0.5128728470302373,-0.5023138818626067,-0.47638816346017615,1
-1.1165316553336606,-1.1136706613251053,-1.1156672860394754,-1.1106833951109467,-1.0995888406920298,-1.0733054670848448,-1.0920619713911985,-1.0959247255638984,-1.0833456667439836,-1.0788154928172555,-1.1086328293051009,-1.1128098982751038,-1.1110103388818064,-1.1219011618868355,-1.152049809717198,-1.1468272880392738,-1.1003090253600896,-1.1075958785278346,-1.0939691758782855,-1.0897246184184544,-1.0926199123085327,-1.0676842699106899,-0.7263795052277089,-0.6794099484041914,-0.7007951752345104,-0.6438346823923911,-0.6300008857713836,-0.55999146132127,-0.5128081833848115,-0.5511845788429822,-0.4890008757506657,-0.6146611964424474,-0.5993852866512711,-0.5927264033313926,-0.5541569988826545,-0.6014235607515285,-0.5155012190200451,-0.504704471805356,-0.4791436321559427,-0.4736820564342781,1
-1.1150544072119046,-1.1145933998564297,-1.1089297758152146,-1.0965912557046142,-1.0653168807071924,-1.0826474541287316,-1.0891102167601343,-1.0799790814318881,-1.0765450010855446,-1.1033651468143135,-1.110926322581109,-1.1076893046764131,-1.1169728644919767,-1.148024786918796,-1.1422129293488137,-1.1007129859874039,-1.1084730959074434,-1.0942323377820804,-1.090162038199645,-1.090306623175491,-1.0680064724842957,-0.7290769012670952,-0.6824774487837891,-0.7031881652223264,-0.6465583367331869,-0.6327506515022641,-0.5630048976625901,-0.5159354104774944,-0.5542386018633453,-0.4923922793089523,-0.6173188926200137,-0.6022511557538612,-0.5958853933355567,-0.557363306675434,-0.6042782950195599,-0.5174365288211378,-0.5073355062990297,-0.4815407948092781,-0.4764400206724094,-0.4566665347659008,1
-1.1159715790737583,-1.107918672365497,-1.0949814118721837,-1.0627222988719895,-1.0744878105596598,-1.0797534258019446,-1.0734269929786011,-1.0732636072097979,-1.1008211648693524,-1.1056280211982212,-1.1058515408174048,-1.1135870541332524,-1.1427697359093316,-1.138295836208924,-1.096630765388271,-1.108833516086939,-1.0951723885457747,-1.0904461534764651,-1.090740686387231,-1.0659270905751894,-0.731448694516287,-0.6853774550768992,-0.7061489247835063,-0.6492681466789334,-0.6355376092751557,-0.5661315064634184,-0.5192320659150625,-0.55705342161495,-0.49581785259028976,-0.6202418103468302,-0.6049587975551164,-0.5987585095720436,-0.5605737037544554,-0.6073827240036501,-0.5203608679818728,-0.509269668726037,-0.4841793795657459,-0.47883795025989717,-0.4594401905324074,-0.4683297561911738,1
-1.1093371186796124,-1.0941002846873846,-1.0614580040594586,-1.0717853879811523,-1.0716467735670656,-1.0643769126590703,-1.066822036530794,-1.0972356652831279,-1.1030588301811532,-1.1006209894457686,-1.1116965255469324,-1.1391036714758005,-1.1331624746589768,-1.0932137970040225,-1.1046575882604284,-1.0956037437755584,-1.0914040063165116,-1.0910216169535552,-1.0665017567516886,-0.7325676991838028,-0.6880137611091366,-0.7089396859945677,-0.6524709541174811,-0.6383117958790205,-0.5692989413899778,-0.5226048907769072,-0.5600857454628538,-0.4990731957933688,-0.622859411716896,-0.6079268416761433,-0.6014802079260734,-0.5635199389461304,-0.6105204082216931,-0.5236358713156669,-0.5122007762343083,-0.4861102882976209,-0.48147741601581273,-0.4618429424660043,-0.4710926562621744,-0.42597069344630484,1
-1.0956020941582478,-1.0608892609902902,-1.070428626737653,-1.0689777586741436,-1.0565518132822387,-1.0579011267465206,-1.09039958210722,-1.0994452995268607,-1.0981075782039225,-1.1063879417002795,-1.1369848562581393,-1.1296007823436605,-1.0886443204143736,-1.1011525500594204,-1.091580481509909,-1.0918554590024434,-1.0919767640497893,-1.0669160913021225,-0.7350649337511062,-0.6895455380168445,-0.7114333698240507,-0.6555094419303684,-0.6415637865620563,-0.5724600556347714,-0.5260209161474831,-0.5632287740868334,-0.5024782518050265,-0.6251567941474152,-0.6106222700721928,-0.6044609522897822,-0.5663834589453892,-0.6133632201309067,-0.5268952977206874,-0.5154923661388839,-0.4890605893188995,-0.4834079450915495,-0.46448794779040264,-0.47349210273787484,-0.42877265658266206,-0.33959994540016075,0
-1.0625914249336652,-1.0697762919272262,-1.0676496423505357,-1.054060299663828,-1.0501946027589752,-1.0810175755380962,-1.0925728520004212,-1.0945560715174074,-1.1038102849500413,-1.1313386648512016,-1.1275669855482635,-1.0855662679144473,-1.0964837757554176,-1.0882189245359828,-1.0878754502398542,-1.0924251621163308,-1.0679845790002715,-0.7373033997022982,-0.6922908923290827,-0.7127425847615798,-0.6583265390702792,-0.6446526115154972,-0.5760076558961732,-0.5294348353587076,-0.5664127871810031,-0.5059453145297758,-0.6277513080861084,-0.6130119270445586,-0.6071782841003301,-0.5694923406512209,-0.6160261401621283,-0.529911269871732,-0.518763630697794,-0.4923992150118025,-0.4863604857003524,-0.4664160896555881,-0.47613331098716294,-0.43118410798335977,-0.3424815586977161,-0.3932677395355444,0
-1.0714248424556156,-1.0670232031944222,-1.0528843791508522,-1.0477778434260296,-1.072887775989655,-1.0831483436468297,-1.0877640869009129,-1.1001873408773677,-1.1284830498618736,-1.1220465258232526,-1.0839264297236273,-1.093320556365753,-1.0837119236797526,-1.0845545446457128,-1.0884385792386806,-1.0685609316790552,-0.7399216773284877,-0.6947647741021766,-0.7153541558057203,-0.660140440530388,-0.6475354250586683,-0.5793990257721813,-0.5331755765633513,-0.5695907606543273,-0.5094564865454808,-0.6305137273770741,-0.6156845155772984,-0.609593910554533,-0.5724306639331553,-0.6189537776954451,-0.5329100517915918,-0.5217964408705732,-0.49570404991553363,-0.48970459974573616,-0.46938271239406354,-0.47806308915629436,-0.4338391066372863,-0.3449174883159441,-0.39609986097907823,-0.5202600498745046,1
-1.0686883624743475,-1.052395528443755,-1.0466660198560527,-1.0702041681791283,-1.0749795285006858,-1.0784336216748933,-1.0933026814421678,-1.1245510318856875,-1.1192944279378563,-1.0789885858205022,-1.0916113437604,-1.080687456138292,-1.080093377756743,-1.085111495027105,-1.0648497311767384,-0.7422476481136615,-0.6975830620289033,-0.7177011041176169,-0.6630553815181959,-0.6494518769765616,-0.5826768193225028,-0.5367646186935562,-0.5731512412295404,-0.5129671654874467,-0.6333134607345763,-0.6185148088897064,-0.6122884721766153,-0.5751083058828291,-0.6215795190578493,-0.536141144059628,-0.5248278818449648,-0.498784608935051,-0.4930133517919631,-0.47276133622774,-0.481020059355182,-0.4357629419970523,-0.3476006058064856,-0.3985205806799565,-0.5229750603954374,-0.48589448777255595,0
-1.0541489331233245,-1.0462351142325768,-1.0688635393767765,-1.0722713238227501,-1.0703511358176958,-1.0838639001012549,-1.1172654147795156,-1.1154775151497633,-1.0767161657829023,-1.0865709037188196,-1.0790912666604016,-1.0771082216582628,-1.0806433618174176,-1.0617814623843487,-0.7423019546268452,-0.7001348322188563,-0.7204115488266822,-0.6656901669977776,-0.652428461628722,-0.5852096376046425,-0.5403004783443218,-0.5765557936064887,-0.5167818303413253,-0.6361006395162031,-0.6213830708113399,-0.6151378677585311,-0.5780245619510006,-0.6238865525582143,-0.5392902372195163,-0.5280884819108917,-0.5019086636507738,-0.4960994823669018,-0.4760947185721694,-0.4843750285921884,-0.4387549687652304,-0.34951232369109675,-0.40118622609842597,-0.5253597893764542,-0.4886411898397936,-0.4914165438069532,1
-1.0480256832751298,-1.0682257886573778,-1.0709096048046542,-1.0676973562978704,-1.0756819827021513,-1.1073580036882216,-1.108341222550158,-1.0734326277396355,-1.0842140144769212,-1.0742179737798014,-1.0755440541122476,-1.0776522307589669,-1.0576051406091602,-0.7427726605981216,-0.7006751014913912,-0.7228415706152179,-0.6686451594094968,-0.6551217345693173,-0.58855672358948,-0.543236008817424,-0.579850797243403,-0.5204465304554736,-0.639362556117638,-0.6242399399683282,-0.6180254161622852,-0.5810666872393111,-0.6264892323825922,-0.5422177755731371,-0.5312884655572317,-0.5052529412021726,-0.49923434368064434,-0.47921588210075367,-0.48769152819700484,-0.44219584793295136,-0.3525758313164361,-0.4031054733627954,-0.5279840912138323,-0.4910356583185421,-0.4941581534943837,-0.48300364650319255,1
-1.0698836930156157,-1.0702527880540578,-1.0663823033168505,-1.0729655178821753,-1.0987458956502711,-1.0986083383760534,-1.0669882754591917,-1.0808365514369187,-1.0719986997337705,-1.070718117689765,-1.0760831961883242,-1.0548642939850295,-0.7425864925227803,-0.7016025347863311,-0.7231198144446068,-0.671351260607698,-0.6581264181808908,-0.5916015279076802,-0.5468251673942974,-0.5824104718684198,-0.5240811635075098,-0.6424615398630577,-0.6275550994511124,-0.6209018987782076,-0.5841488239371435,-0.6292587506730062,-0.5453454719790379,-0.5342763415154612,-0.5085972388348179,-0.5025883851065589,-0.48241869338876026,-0.4907886785273156,-0.44557366310406743,-0.356191882088522,-0.40612456525695806,-0.5299211549982643,-0.4936711481987215,-0.49655105697465896,-0.4857530144726982,-0.5018715034236144,1
-1.071898463990835,-1.0657676737173745,-1.0715967163289413,-1.0957582228333038,-1.0901564417756837,-1.058064114605584,-1.0742703514446192,-1.0687742570392293,-1.0685378330481683,-1.0712500620412062,-1.0534991336682307,-0.743267970192864,-0.7019313215614869,-0.7238009857018145,-0.672223679217363,-0.6608886177066269,-0.5949048740981533,-0.5500996500004108,-0.5857737013539477,-0.527170829889071,-0.6453576159647088,-0.630708575217745,-0.6242320427844854,-0.5872231938344813,-0.6320656514891121,-0.5485714125813063,-0.537455090290643,-0.5117562186840164,-0.5059495219599959,-0.48583412832823514,-0.49394491377662475,-0.44875802575208046,-0.35969472059549584,-0.40963177045558197,-0.5328351474299207,-0.49560339063038805,-0.49918474909581784,-0.4881483022408825,-0.5046034716613917,-0.45025575723591393,1
-1.067440407318055,-1.0709334968066742,-1.0941568780430388,-1.0872697721399986,-1.0503546062159757,-1.0652037778952952,-1.062406568408227,-1.065356744374949,-1.0690638513863902,-1.0489675042086226,-0.7446905334266385,-0.7030544720662152,-0.7238521148369449,-0.6734632798026658,-0.6618817704611425,-0.598004245421363,-0.5535981318577275,-0.5888338226131048,-0.5308526404385538,-0.6472947641072283,-0.6336757920238765,-0.6274008546289445,-0.5907045221182194,-0.63486011924413,-0.5518391372148939,-0.5407254131871717,-0.5150797405088374,-0.5091284669994862,-0.48930114721941786,-0.4973182667772273,-0.4520834181556316,-0.36305691043397686,-0.41305692378785586,-0.5360847949802978,-0.4985458241707698,-0.5011177662501574,-0.4907847332625383,-0.5069934121156247,-0.4530353249514915,-0.4243080852551166,1
