0,1,2,3,4,5,6,7,8,9,10,11,12,13,14,15,16,17,18,19,20,21,22,23,24,25,26,27,28,29,30,31,32,33,34,35,36,37,38,39,transaction
-0.8453028026024878,-0.8459720173779879,-0.8464757900416773,-0.8471938583862515,-0.8478581038613551,-0.8485169148565377,-0.849209721477412,-0.8497035786514521,-0.8503635282435792,-0.8510648205532245,-0.8515791848045635,-0.8520099078940541,-0.8528006300120903,-0.8533359558455487,-0.8540510526275493,-0.8548246951599952,-0.8552151601907282,-0.855647000928691,-0.8566248034645622,-0.8567890799931028,-0.8574687481430098,-0.8584201054299087,-0.8574281596366669,-0.8575647900864368,-0.8569962214988746,-0.8585954412572423,-0.8589765779022107,-0.8592468522512478,-0.8601688297089694,-0.8610987498353732,-0.8623983356181201,-0.863530229648733,-0.8633970089167706,-0.8637888639764688,-0.8643371313016807,-0.8652148946242186,-0.8659741075176038,-0.8651294693525446,-0.8650561278046981,-0.8626117367940582,1
-0.8453428159061386,-0.8458443062674518,-0.8465397883445107,-0.8472096701254915,-0.8478555903859553,-0.8485494625183195,-0.8490450695719844,-0.849703416840058,-0.8503179223643824,-0.8508412199491718,-0.8512847413880208,-0.8520467234791257,-0.8525796741524236,-0.8532622830452046,-0.8540142055626387,-0.8544192584422593,-0.8548464739423102,-0.8558682773616967,-0.8560345653284346,-0.8567152792652969,-0.8576533023442028,-0.8566847982410971,-0.8568003180682665,-0.8562348623889137,-0.8578091874553362,-0.8581888402084363,-0.8584589348360087,-0.8593947934030184,-0.8603168136171566,-0.8616168441934632,-0.8627685107687082,-0.8626785819103346,-0.8630636626910154,-0.8636036197969721,-0.8644853684256918,-0.8652519643249094,-0.8643796645288676,-0.8643134741630448,-0.8618654209432596,-0.8611272634779208,1
-0.8452151367580397,-0.8459082885020366,-0.8465555960171302,-0.8472071572933261,-0.8478881296033024,-0.8483848533161475,-0.8490449078025168,-0.849657822802266,-0.8500943844007673,-0.8505468585424643,-0.8513215468150886,-0.8518258299686958,-0.8525060221992014,-0.8532254466450326,-0.8536088878486222,-0.8540506796079542,-0.855067685691361,-0.8552782068736815,-0.8559607855614186,-0.8568997810848118,-0.855918492852989,-0.856057133938761,-0.8554707712175363,-0.8570475959818444,-0.8574027044771054,-0.8576713479645015,-0.8586068328549235,-0.8595427345547891,-0.8608347572958114,-0.861986911592099,-0.8619171079223553,-0.862345328447483,-0.8628784703433736,-0.8637518151405695,-0.8645224277066945,-0.8636579671952087,-0.8635639029997468,-0.8611236747859095,-0.8603813712402648,-0.8553007057120813,0
-0.8452791029797017,-0.8459240922057756,-0.8465530838312398,-0.8472396881834218,-0.8477235631087038,-0.8483846915886356,-0.8489993255784302,-0.8494343428794896,-0.8498001054577338,-0.8505836537183027,-0.8511007142526815,-0.8517521987985526,-0.8524691962225902,-0.8528202462431403,-0.8532404171995165,-0.8542718269085373,-0.854477787693892,-0.8552044480626796,-0.8561452349789586,-0.8551654639813716,-0.855291008568933,-0.8547279624749904,-0.8562832720707603,-0.8566412291853791,-0.8568853625048115,-0.85781920289134,-0.8587547308738384,-0.8600605285859864,-0.8612047170662791,-0.8611357565752367,-0.8615839502868259,-0.8621601876347876,-0.8630266242214871,-0.8637888639764688,-0.8629288786235763,-0.8628424337800131,-0.8603750170222747,-0.8596400471686371,-0.8545564761560108,-0.8570078500256393,0
-0.8452949027282257,-0.8459215806506274,-0.846585606354717,-0.8470751638037444,-0.8477234014231517,-0.8483391211865158,-0.8487759035607246,-0.8491401403449388,-0.8498368903256129,-0.850362882663272,-0.8510271033985458,-0.851715383213481,-0.8520641104798679,-0.8524518822414201,-0.85346149958898,-0.853682100773649,-0.8544040504442084,-0.8553888450901844,-0.8544114104540838,-0.854538157795021,-0.8539622183203438,-0.8555402339250724,-0.8558770216441484,-0.8561240350807867,-0.8570331744968954,-0.8579670578181786,-0.8592723739400403,-0.860430381465413,-0.8603538095942033,-0.8608026959164645,-0.8613988627115318,-0.862308300284944,-0.8630636626910154,-0.8621957640327977,-0.8621135744415157,-0.859654439520612,-0.858891814242055,-0.8538168087708433,-0.8562631333144546,-0.8576016393520943,0
-0.8452923918016481,-0.8459540950085757,-0.8464211242890591,-0.84707500215957,-0.8476778428441941,-0.8481157571143743,-0.8484817772559238,-0.8491769156617577,-0.8496161811183378,-0.850289292311595,-0.850990297971478,-0.8513104117776928,-0.8516958507137568,-0.8526729006424523,-0.8528719465504107,-0.8536083850067879,-0.8545883935684175,-0.85365551303164,-0.8537842824344483,-0.8532097446945135,-0.8547742568055927,-0.8551340982000315,-0.8553599756466421,-0.8562718048249559,-0.8571809864889794,-0.8584845500621133,-0.8596421189873275,-0.8595797198427317,-0.8600208458007823,-0.8606176622171465,-0.8615469327717671,-0.862345328447483,-0.8614710085012963,-0.8613806896430126,-0.8589264762752792,-0.8581716514929836,-0.853070243329693,-0.8555229805307064,-0.8568567531956526,-0.8581583168456458,0
-0.8453248980221827,-0.8457896542399305,-0.8464209626864581,-0.8470294552397049,-0.8474545367234755,-0.8478217070926309,-0.8485185430440239,-0.8489562637608445,-0.8495426113825794,-0.8502524971357566,-0.8505854382737316,-0.8509422559269765,-0.8519168065734235,-0.8520835182397,-0.8527982524205894,-0.8537926744239406,-0.8528555682008524,-0.8530285631381239,-0.8524562466281612,-0.854021552700379,-0.8543682375629683,-0.8546171981863429,-0.855507703074501,-0.8564195745691252,-0.8576983284612733,-0.8588541873792096,-0.8587917053785671,-0.8592468522512478,-0.8598358659155484,-0.8607656891766009,-0.8615839502868259,-0.8607531174583032,-0.8606561621716725,-0.8581944897556707,-0.8574441050351692,-0.8523517084845421,-0.8547759265269455,-0.8561164315776154,-0.8574132718342754,-0.8579727576811287,0
-0.8451604984083574,-0.8457894926779034,-0.8463754274808035,-0.8468062062662185,-0.8471605629925026,-0.8478584633453488,-0.8482979483154232,-0.8488827131272069,-0.8495058265147002,-0.8498477502015335,-0.8502173840030531,-0.8511631494374063,-0.8513275909476455,-0.8520098454393559,-0.8529824877451424,-0.8520603539027062,-0.8522288015785418,-0.8517009045400898,-0.8532678240653366,-0.8536156486974463,-0.853851485799628,-0.8547648839045395,-0.85565543050236,-0.8569367686737175,-0.858067858441483,-0.8580040215498882,-0.8584589348360087,-0.8590619258115344,-0.8599838498237355,-0.8608026959164645,-0.8599921971392965,-0.8599384978824437,-0.8574708537922343,-0.8567125363196977,-0.8516257979177374,-0.8540569147163147,-0.8553692076390333,-0.8566727919340924,-0.8572277656214012,-0.861572605472762,0
-0.8451603368867646,-0.8457439689049115,-0.8461522359247129,-0.8465123077673308,-0.8471973097088742,-0.8476379258290412,-0.8482244167392229,-0.848845937810388,-0.8491011929680289,-0.8494797984431489,-0.8504382165654601,-0.8505741000762601,-0.8512539389944233,-0.852194027440216,-0.851250675694345,-0.8514337698843875,-0.8509015310842365,-0.8525122514611106,-0.852862035346749,-0.8530990436028045,-0.8539991291605823,-0.8549125696227363,-0.8561724764998662,-0.8573061930341406,-0.8572179394870004,-0.8576713479645015,-0.858274062312365,-0.8592098669633051,-0.8600208458007823,-0.8592114061023307,-0.8591778118080025,-0.856754075904084,-0.8559893150111002,-0.8508958690835036,-0.8533305248438638,-0.8546500299273662,-0.8559254086816157,-0.8564873384819335,-0.8608265861511633,-0.8636508681153544,1
-0.8451148245070708,-0.845520833386204,-0.8458584130135699,-0.8465490450796918,-0.8469768294106446,-0.8475644133236053,-0.8481876509511228,-0.8484414093253806,-0.848733344289237,-0.8497005694981796,-0.8498493297323746,-0.8505004689061167,-0.851438068877479,-0.8504627166321309,-0.8506242755908651,-0.8501068860808888,-0.8517126408307564,-0.8521065780006003,-0.8523455769776372,-0.8532466450584164,-0.8541467725215368,-0.8554294696364249,-0.8565417950695133,-0.8564565170051676,-0.8568853625048115,-0.8574865293059533,-0.8584219603312799,-0.8592468522512478,-0.858430018787771,-0.858397257825332,-0.8559943055129436,-0.8552729494025214,-0.8501742752951489,-0.8526001155348725,-0.8539234733399079,-0.8552060754377268,-0.8557400083340883,-0.8600851354538188,-0.8629042557353558,-0.8612757108095345,1
-0.8448917448327997,-0.8452270842460733,-0.8458951408774628,-0.8463286212055259,-0.8469033359779014,-0.8475276570708874,-0.8477832272820215,-0.8480736561571922,-0.8489540534965122,-0.8491118466847644,-0.8497757188782389,-0.850684546831475,-0.8497072479767563,-0.8498364978292067,-0.8492977812540841,-0.8509177595163602,-0.8513070859574965,-0.851590266323587,-0.8524931365116691,-0.8533942465140284,-0.854663524284877,-0.8557986839319167,-0.8556923623593247,-0.8561240350807867,-0.8567005975147066,-0.8576343842327919,-0.8584589348360087,-0.8576564848697131,-0.857616107292742,-0.8552146781970644,-0.8545136049105907,-0.8494595278838881,-0.851878044893453,-0.8531928969092618,-0.854479362554949,-0.8550207269342732,-0.8593367750761209,-0.8621622141180001,-0.8605297762105643,-0.8600139084908176,0
-0.8445980692096747,-0.8452638028885896,-0.8456747736941054,-0.8462551465808039,-0.8468665892615297,-0.8471233382909902,-0.8474155694010204,-0.8482943080581052,-0.8483654956104449,-0.8490382563330874,-0.8499597460135782,-0.8489542143331079,-0.8490812063743673,-0.8485103874230138,-0.8501084166821169,-0.8505123227986245,-0.8507909252097111,-0.8517377839455907,-0.8526406960457011,-0.8539108516086701,-0.8550326326872628,-0.8549494910522855,-0.8553599756466421,-0.8559393229005752,-0.8568484095067906,-0.8576713479645015,-0.8568690311326739,-0.8568428085349745,-0.8544344532667194,-0.8537344086025214,-0.8487018550463555,-0.851162823360685,-0.8524706604059068,-0.8537486294477515,-0.8542940661499354,-0.8586164879012722,-0.8614132589684285,-0.8597884099303643,-0.8592683339630188,-0.861498381806955,1
-0.8446347786625653,-0.8450434910334915,-0.8456013179663195,-0.8462184092684429,-0.846462375381442,-0.8467557757638109,-0.8476361641296211,-0.8477059029890037,-0.8482919258746865,-0.8492222322122797,-0.8482298909413892,-0.8483283493868901,-0.8477554712163671,-0.8493207882267982,-0.8497030989681005,-0.8499963124305971,-0.8509383997090783,-0.8518853015675947,-0.8531571544148127,-0.8542798552476999,-0.8541836833617753,-0.8546171981863429,-0.8551753163618184,-0.8560870926447445,-0.8568853625048115,-0.8560819075009873,-0.8560555920286421,-0.8536620737719055,-0.8529546141848484,-0.8479243504439399,-0.8504046607390613,-0.8517552739613102,-0.853026237448832,-0.853563385268255,-0.8578888164072022,-0.860692391139952,-0.859040134520077,-0.8585273264556829,-0.8607523836660135,-0.8603479149869485,1
-0.8444145219452215,-0.8449700537484588,-0.8455645901024267,-0.8458142988324723,-0.8460949082177258,-0.8469763132801185,-0.8470479115200192,-0.847632352355366,-0.8484758502140826,-0.8474928589478722,-0.8476041986812358,-0.847002988324311,-0.8485656427018117,-0.8489155878249061,-0.8491872400593522,-0.8501437439643192,-0.8510858742084456,-0.8524016132446078,-0.8535260532498924,-0.8534311468779313,-0.853851485799628,-0.8544325910385969,-0.8553230437896774,-0.8561240350807867,-0.8552963835899092,-0.8552687054033755,-0.8528757846219728,-0.8521826622541989,-0.8471462457885048,-0.8496266604776643,-0.8509969409800026,-0.852310696399396,-0.8528410451011903,-0.8571571223504896,-0.8599641361433562,-0.8583199302957464,-0.8577794121568902,-0.8600109540729551,-0.8596022451461927,-0.8567480671953153,1
-0.8443411030394402,-0.8449333351059425,-0.8451605835996049,-0.8454469257088626,-0.8463153885159556,-0.8463882132366316,-0.846974379943819,-0.8478162289394603,-0.8467469614237602,-0.8468673409586185,-0.8462792033067932,-0.8478129311958871,-0.8481605569590894,-0.8483998782224977,-0.8493346283189945,-0.8502911754980413,-0.8516020349562309,-0.8527704072996173,-0.8526775859292091,-0.8530990436028045,-0.853666931598435,-0.8545802767567937,-0.8553599756466421,-0.8545355103309674,-0.8544834176334475,-0.8520898244763473,-0.8513968044328242,-0.8463759720472006,-0.8488480607326564,-0.8502187683154817,-0.8515522037058848,-0.8521255555867008,-0.8564337766454404,-0.8592318571608518,-0.8575923421591801,-0.8570595604722623,-0.8592626149371099,-0.8588611426695691,-0.8560034246164305,-0.8568594026940255,1
-0.8443043935865496,-0.8445294300382626,-0.8447933049606761,-0.8456673495830284,-0.8457274410540098,-0.8463147007311957,-0.8471582088843196,-0.8460877890489744,-0.8461216186698138,-0.8455427146284339,-0.8470889227022859,-0.8474079597600991,-0.8476449932865338,-0.8485472238231858,-0.849482016578637,-0.8508071858660686,-0.851970721204649,-0.8519221809730956,-0.8523455769776372,-0.8529145417832895,-0.8538145749593894,-0.8546171981863429,-0.8537719057971588,-0.8537227767380366,-0.8513054598036429,-0.850611275207962,-0.845591807190416,-0.8480772952925631,-0.8494399963654049,-0.8507738694134352,-0.8513671161305908,-0.8557172873529902,-0.8585079309390281,-0.8568607316632949,-0.8563323266050866,-0.8585423484998906,-0.8581131327824396,-0.8552633456976838,-0.8561147283441551,-0.8544471335553021,0
-0.8439005896047527,-0.8441622436130992,-0.8450136721440333,-0.8450795525852529,-0.8456539476212664,-0.8464984819947854,-0.8454302168436143,-0.8454626086630541,-0.8447973634261626,-0.84635220849688,-0.8466840630045396,-0.8468925415690961,-0.8477922971929782,-0.8486945694238739,-0.849997875487385,-0.8511757647003737,-0.8511227428332874,-0.851590266323587,-0.8521611275600974,-0.8530621432389015,-0.853851485799628,-0.853029576715728,-0.8529594049439347,-0.8505457272383982,-0.8498273398828035,-0.84480796932955,-0.8472926344079368,-0.8486690598996458,-0.8499949360211064,-0.8505888357141174,-0.8549578150912966,-0.8577908644551779,-0.8561374688892136,-0.8556010712427179,-0.8578146978451967,-0.8573931877784786,-0.854516366040407,-0.8553746177689792,-0.8537031475767888,-0.8549666992159504,1
-0.8435334950758464,-0.8443825554681973,-0.8444260263217472,-0.845006077960531,-0.8458376812031245,-0.8447709381170427,-0.8448051984459124,-0.8441386972575755,-0.845606630519505,-0.845947461562657,-0.8461687870255896,-0.8470398039093826,-0.8479396010994227,-0.8492102790262822,-0.8503663461364909,-0.8503280333814719,-0.8507909252097111,-0.8514058692960823,-0.8523086870941293,-0.8530990436028045,-0.8522643196693686,-0.8522173052656459,-0.8497832652449683,-0.8490680297967058,-0.8440257191935089,-0.846508300988193,-0.8478842264835963,-0.8492238392187857,-0.8498099561358726,-0.8541784894808844,-0.8570307959345908,-0.8554210620526776,-0.8548781609252496,-0.8570830246786909,-0.8566658601341114,-0.8537974268114797,-0.8546276062489235,-0.8529637228909117,-0.854222564972837,-0.8556347122082122,1
-0.8437537517931902,-0.8437950571879358,-0.8443525705939614,-0.8451897645223359,-0.8441105855336588,-0.8441460818208381,-0.8434816300743082,-0.8449477542275902,-0.8452019969728338,-0.8454323291009185,-0.846316008733861,-0.8471870662496692,-0.8484551647719784,-0.8495786430280023,-0.8495188636435476,-0.8499963124305971,-0.850606582085502,-0.8515533869180861,-0.8523455769776372,-0.8515123279549761,-0.8514522811841196,-0.8490420623244163,-0.8483059909663792,-0.8432680673380634,-0.8457255571024741,-0.8470997206955472,-0.848438844054527,-0.8490389127790724,-0.8533985659094098,-0.8562508669132446,-0.854661674970826,-0.8541621045263494,-0.8563596997063837,-0.8559345107658118,-0.8530711098768446,-0.8539086359135519,-0.8522174017310665,-0.853482992556957,-0.8548903873391845,-0.8537420087301368,0
-0.8431664005469401,-0.8437216199029031,-0.8445362099134258,-0.8434631108413703,-0.8434858913553415,-0.8428228567229925,-0.8442904774125107,-0.8445432257425829,-0.844687008822525,-0.8455795098042723,-0.8464632304421325,-0.8477024844406721,-0.8488234245380895,-0.8487314058240459,-0.8491872400593522,-0.8498120230134446,-0.8507540565848694,-0.851590266323587,-0.8507593119867944,-0.8507005199491106,-0.848277948923601,-0.8475652051424489,-0.8425076894229169,-0.8449674193960095,-0.84631680507081,-0.8476541766711916,-0.8482539715308834,-0.8526264857095108,-0.8554703406240292,-0.8538824355619756,-0.853403079458826,-0.8556432310279121,-0.8552115071510048,-0.8523407736835772,-0.8531822877198528,-0.8514991053686557,-0.8527365227041435,-0.8541506249847296,-0.8529982239678663,-0.8535935613985232,1
-0.8430929816411589,-0.8439052131154848,-0.8428100003104602,-0.8428385765312338,-0.8421630095659633,-0.8436314942827869,-0.8438860537434095,-0.844028371307119,-0.8448341482940418,-0.8457266905076262,-0.8469785064210823,-0.8480706402913885,-0.8479764270760338,-0.8483998782224977,-0.8490030047347993,-0.8499594545471667,-0.8507909252097111,-0.8500044518870463,-0.849947734549619,-0.8475270886534539,-0.8468015153140573,-0.8417685407032272,-0.8442065548432943,-0.8455584983726865,-0.8468711000411246,-0.8474693580126434,-0.8518404984895688,-0.8546976618343001,-0.8531025980930355,-0.8526242064066141,-0.8548837800611789,-0.854495357989201,-0.8516187756067546,-0.8524519201912752,-0.850773434454674,-0.8520180811783257,-0.8534039639552423,-0.8522589997727074,-0.8528498189975668,-0.8540760152262679,1
-0.843276528905612,-0.8421794369172166,-0.8421856266242811,-0.8415160332862389,-0.8429714373261388,-0.8432271755028898,-0.8433713327100079,-0.8441754725743944,-0.8449812877655586,-0.8462418229693646,-0.8473465606917608,-0.8472238818347408,-0.8476449932865338,-0.8482156962216375,-0.8491503929944417,-0.8499963124305971,-0.8492055743415132,-0.8491931049660256,-0.8467752045679334,-0.8460510740973346,-0.8410065133965987,-0.8434669264624896,-0.84479746455473,-0.8461126349133211,-0.8466863350510199,-0.8510548399884776,-0.8539110707543768,-0.8523306034059696,-0.8518447348734451,-0.8541044760011571,-0.8537362370943554,-0.8509036262229116,-0.8517298910153397,-0.850043745857819,-0.8512922643887126,-0.8526853357907584,-0.8515128804104622,-0.8521106370109801,-0.8533321351510401,-0.8492143651159176,1
-0.8415511846197524,-0.8415552199944388,-0.8408634235241371,-0.8423242541581802,-0.8425672234460511,-0.8427125879648387,-0.8435183958624083,-0.8443225738416699,-0.8454962759158674,-0.8466097747277491,-0.8465000358692003,-0.8468925415690961,-0.847460863403478,-0.8483630418223257,-0.8491872400593522,-0.8484114234430848,-0.8483944645949935,-0.8460214760929443,-0.8452996092276145,-0.8402577169645662,-0.8427044120475738,-0.8440576693352766,-0.8453514424092008,-0.8459279227331096,-0.8502707758590553,-0.8531248089642169,-0.851544702451739,-0.8510731036159189,-0.8533245739553161,-0.8529572670653862,-0.8501455381336496,-0.8510147107105288,-0.8493223904959967,-0.8505624295604096,-0.8519593314467622,-0.8507947810555322,-0.8513645601324403,-0.8525928159865936,-0.8484718723737326,-0.8461711948178359,1
-0.8409271239206118,-0.8402333488638504,-0.8416714365297806,-0.8419201437222097,-0.8420527694168485,-0.8428596129757104,-0.8436654590148088,-0.8448374282771337,-0.8458641245946593,-0.8457634856834646,-0.8461687870255896,-0.8467084636437378,-0.8476081673099226,-0.8483998782224977,-0.8476028162681971,-0.8476005500076135,-0.8452237628585979,-0.8445462998729065,-0.8395078975168627,-0.8419551337041034,-0.8432949854913914,-0.8446114907785142,-0.8451667831243773,-0.8495113390292135,-0.8523401437482305,-0.8507591301348005,-0.8502875692909627,-0.8525525151336255,-0.8521776986668661,-0.8493676132986193,-0.8502565906788261,-0.8486078801454895,-0.8498409290693937,-0.8512293086065975,-0.8500693081156218,-0.8506465022527694,-0.8518466010360117,-0.8477339355400267,-0.8454295704825935,-0.8431280245197541,1
-0.8396055836165491,-0.84104115899921,-0.8412674300269589,-0.8414058213491561,-0.8421997562823349,-0.8430066379865823,-0.8441801800482104,-0.8452051814453221,-0.8450180726334378,-0.8454323291009185,-0.8459847598902503,-0.8468557259840245,-0.8476449932865338,-0.8468159130151007,-0.8467921808401643,-0.844430772032589,-0.8437490178649255,-0.8387562332092582,-0.8412048321582294,-0.8425455395265512,-0.8438486480949701,-0.8444268836307683,-0.8487491732499559,-0.8515801154475828,-0.8499751518748874,-0.849502363256673,-0.8517665494801113,-0.8514059712074029,-0.8485890888933291,-0.8494786335182101,-0.8478504522000025,-0.8491262744210365,-0.8505076215209041,-0.8493398179757319,-0.8499210709916108,-0.8511284083617486,-0.8469891119307923,-0.8446924989246186,-0.8423872685914544,-0.8389714992345693,1
-0.8404131915801429,-0.8406372539315302,-0.8407532399324584,-0.8415527705985999,-0.8423467431478214,-0.8435212255246332,-0.8445478379292115,-0.8443593491584886,-0.844687008822525,-0.8452483532217262,-0.8461319815985219,-0.8468925415690961,-0.8460614762922556,-0.8460055122113163,-0.8436233332578541,-0.8429564566953682,-0.8379606437647614,-0.8404526858623016,-0.8417950702943571,-0.8430990449850958,-0.8436640938937772,-0.8480082622970391,-0.8508173572399806,-0.849215799540875,-0.8487187499421739,-0.8509809125250584,-0.8506203398335211,-0.8478183982769645,-0.8487000768244694,-0.8470731954270776,-0.8483686974108261,-0.8497927813467397,-0.8486186595749581,-0.8491916226321345,-0.8504028416446465,-0.8462722775712654,-0.8439485462313421,-0.8416510623092104,-0.8382319294230693,-0.8367819010932664,0
-0.8400093875983461,-0.8401231929363013,-0.84090015138803,-0.8416997198480438,-0.8428611971770239,-0.8438887880518124,-0.8437022248029089,-0.844028371307119,-0.8445030844831289,-0.84539553392508,-0.8461687870255896,-0.8453094714110155,-0.845251304806811,-0.8428375817965224,-0.8421494506614308,-0.8371697689967769,-0.8396566005074846,-0.8410427563503168,-0.8423484185469766,-0.842914543165581,-0.8472444453969205,-0.8500758623517933,-0.848453718394238,-0.8479597567154366,-0.8501968698630133,-0.8498350368420597,-0.8470338128748358,-0.8479293541407925,-0.846295338316429,-0.8475912897851677,-0.849035012681885,-0.8479043450572472,-0.8484705056968447,-0.8496732574988258,-0.8455480758332863,-0.8432325621146273,-0.8409079805318919,-0.8374969049808478,-0.8360429561111522,-0.8353716514429359,0
-0.8394954552578772,-0.8402700675063667,-0.8410470628436016,-0.8422140422210973,-0.8432286643407401,-0.8430433942393001,-0.8433713327100079,-0.8438444947230247,-0.8446502239546458,-0.8454323291009185,-0.8445861536616721,-0.8444995285394394,-0.8420842708182549,-0.8413641257896415,-0.8363644614704692,-0.8388652316345806,-0.8402464985049536,-0.841595947432831,-0.8421639691294368,-0.8464938784641705,-0.8493114524502815,-0.8477128908606456,-0.8471980352574372,-0.8494374541571289,-0.8490513269243628,-0.8462495548662256,-0.847144736389022,-0.8455253104245193,-0.8468132819950839,-0.8482574111027121,-0.8471471194138849,-0.847756232407091,-0.8489520058007132,-0.8448198599960142,-0.8425092147910608,-0.840192846657989,-0.8367550127472768,-0.8353085542453712,-0.8346331088933072,-0.8421631168642647,1
-0.8396422930694397,-0.8404169420764321,-0.841561252938102,-0.842581415344707,-0.842383489864193,-0.8427125879648387,-0.8431875037695072,-0.8439915959903002,-0.844687008822525,-0.8438501365398647,-0.8437764342661794,-0.8413333882232784,-0.8406112317538101,-0.835580810962634,-0.8380594264563559,-0.839454957769469,-0.8407995278775806,-0.8414115504053262,-0.8457422878297102,-0.8485602988427375,-0.8469491586750116,-0.8464575622559734,-0.8486753095360263,-0.8482922386398173,-0.8454668861163273,-0.8463604460613545,-0.8447413935816556,-0.8460431044557166,-0.8474792095819259,-0.8463700673696697,-0.8469990493536497,-0.8482375985200988,-0.8440999662924991,-0.8417818554522695,-0.8394703537488352,-0.8360410401806294,-0.8345672886464528,-0.8338991080089625,-0.8414226362845079,-0.8410497618771616,1
-0.8397891308810023,-0.8409310030716609,-0.8419285315770308,-0.8417364571604048,-0.8420527694168485,-0.8425288067012491,-0.8433345669219078,-0.844028371307119,-0.8431052595037194,-0.8430406426714186,-0.8406111675383444,-0.8398607648204128,-0.8348295534258645,-0.837275285370547,-0.8386489794949253,-0.8400078260209267,-0.8406151847533717,-0.8449888527389179,-0.8478081213061567,-0.8461986755529465,-0.8456941901068996,-0.8479344194379407,-0.8475304219701197,-0.8447088223437134,-0.8455777451103902,-0.8439578035002284,-0.8452590366478576,-0.8467088396386846,-0.8455924147525403,-0.8462220404102153,-0.8474802770494143,-0.8433869092274813,-0.8410628117911741,-0.8387438509085249,-0.8353197142765272,-0.8338539278398774,-0.8331582460052441,-0.8406867043579833,-0.8403095990072619,-0.8334418361319572,0
-0.8403030632214711,-0.8412981894968243,-0.8410837907074945,-0.8414058213491561,-0.8418690358349904,-0.8426758317121209,-0.8433713327100079,-0.8424470326839085,-0.842295992410377,-0.8398762575493113,-0.8391389504556304,-0.8340807179641653,-0.8365235483499759,-0.8378646677732995,-0.839201685468584,-0.8398235366037742,-0.8441914413630272,-0.8470540994469709,-0.8454471687616463,-0.8449440631802451,-0.8471706237164432,-0.8467898551219161,-0.8439480318445411,-0.8448196496518403,-0.8431758002390262,-0.8444752957441634,-0.8459245777329745,-0.8448225899536087,-0.8454444308443532,-0.8467031280284418,-0.8426309825767085,-0.8403505998992779,-0.8380256572898493,-0.8345943812878004,-0.8331332166973648,-0.8324452792136305,-0.839943898724749,-0.8395739836450291,-0.8327038442794141,-0.8356685461061634,1
-0.8406701577503773,-0.8404536607189484,-0.8407532399324584,-0.8412221347873512,-0.8420160227004769,-0.8427125879648387,-0.8417904038217029,-0.841637975713894,-0.8391324937727659,-0.838404450515773,-0.833360498405978,-0.8357742348774607,-0.837112763975754,-0.8384172137758797,-0.8390174501440312,-0.8433987512965344,-0.8462560843541685,-0.8446938174949103,-0.8441929127223752,-0.8464200777363644,-0.8460263876690469,-0.8432084764556452,-0.8440588274154354,-0.8424183913090902,-0.8436931422113201,-0.8451406429149367,-0.84403887799181,-0.8446746488018381,-0.8459253785459613,-0.8418552451063133,-0.839595546341885,-0.8373142905710744,-0.8338773487026738,-0.8324084999697402,-0.8317249640192603,-0.8392290344400305,-0.8388314966395843,-0.8319703921065085,-0.8349299188339061,-0.8364850064300389,1
-0.8398258403338928,-0.8401231929363013,-0.840569600612994,-0.8413690840367951,-0.8420527694168485,-0.8411320690979678,-0.8409815564835004,-0.8384752984674732,-0.8376610990575979,-0.832627607909135,-0.835053548051099,-0.8363632842386071,-0.8376651536249206,-0.8382330317750196,-0.8425916154403578,-0.8454627927686434,-0.8438964923642926,-0.8434399177078782,-0.8456685080626941,-0.845276166455372,-0.8424460361659037,-0.8433192407442929,-0.8416582567127281,-0.8429355854136826,-0.8443582961756978,-0.8432554925977455,-0.8438909799728951,-0.8451554575450927,-0.8410789055528338,-0.8388206924375,-0.8365601101070615,-0.833167136366699,-0.831692079000501,-0.8310006442055659,-0.8385068124427636,-0.8381169434193092,-0.8312300823909586,-0.8341958335324169,-0.8357461461705532,-0.827392607368697,0
-0.8394954552578772,-0.8399395997237196,-0.8407165120685656,-0.8414058213491561,-0.8404726606128691,-0.8403234315381733,-0.8378196987068907,-0.8370042857947192,-0.8318858748005635,-0.8343201859977041,-0.8356424348841847,-0.8369155180146816,-0.8374810237418651,-0.8418061625917058,-0.8446550510753504,-0.8431038882290902,-0.8426429591196711,-0.844915093927916,-0.844524921673947,-0.8416968311567825,-0.8425567686866194,-0.8409193478235959,-0.8421753027102343,-0.8436005492624442,-0.8424736932766275,-0.843107637670907,-0.8443716485343684,-0.8403103848246036,-0.8380452354349983,-0.8357861397686868,-0.8324141484204735,-0.8309824747768941,-0.8302846171584237,-0.8377805811751423,-0.8373950340126812,-0.8305176547777136,-0.8334548865612881,-0.8350118287219167,-0.8266563417397108,-0.823904095075774,0
-0.839311907993424,-0.840086474293785,-0.8407532399324584,-0.8398261169176343,-0.8396642328526936,-0.8371623938044316,-0.836349067182886,-0.8312305610541603,-0.8335779787230067,-0.8349089088111195,-0.8361945162902024,-0.8367314400893234,-0.8410531434731435,-0.843869001001339,-0.8422968389210731,-0.8418507201924526,-0.8441177041133435,-0.8437718323573866,-0.8409466029736736,-0.8418075322484915,-0.8401575640711111,-0.8414362478372845,-0.8428400761355994,-0.8417164850242863,-0.8423258812845436,-0.8435881661831321,-0.8395279884149068,-0.8372775912133053,-0.8350115653171628,-0.8316413849039662,-0.8302301150320028,-0.8295754046004097,-0.8370626570821121,-0.8366691160981626,-0.8297978814071173,-0.8327418368191561,-0.8342706480904089,-0.8259246095661238,-0.8231688249376734,-0.8314006853222682,1
-0.8394587458049866,-0.8401231929363013,-0.8391739417850643,-0.8390178960456931,-0.836504015244735,-0.8356921436957144,-0.8305768384511681,-0.8329222256278271,-0.8341665366090739,-0.8354608364486963,-0.8360104891548632,-0.8403025518412724,-0.8431153981633662,-0.8415114713903296,-0.8410440387141133,-0.8433250355296733,-0.8429747767432474,-0.840194530023795,-0.8410572726241975,-0.8394090085947975,-0.8406743158344514,-0.8421008335691699,-0.8409565514303983,-0.8415687152801171,-0.8428062702588164,-0.8387459173291706,-0.8364960790271523,-0.8342447976020068,-0.8308680158879241,-0.8294579872520152,-0.8288234494597676,-0.8363515583450587,-0.8359515029962616,-0.8290741047388008,-0.8320214382672823,-0.8335573702343517,-0.8251860310615635,-0.8224380846655339,-0.8306632759377965,-0.8293224226796758,0
-0.8394954552578772,-0.8385442913080985,-0.8383659287794207,-0.8358584871826498,-0.8350341465898705,-0.8299214120189996,-0.8322680647037733,-0.8335106306969288,-0.8347183096272618,-0.835276860569504,-0.8395806155804446,-0.8423642246052844,-0.8407585356602546,-0.8402590337844807,-0.8425179213105366,-0.8421824411433273,-0.839398520133592,-0.8403051682402979,-0.8386594301961793,-0.8399256136894393,-0.841338710958746,-0.8402178406621614,-0.8408088240025393,-0.8420489669486672,-0.8379654275180674,-0.8357148913289808,-0.8334641696393977,-0.8301024453524284,-0.8286852532421644,-0.8280517311371993,-0.8355976547155322,-0.8352407134688867,-0.8283586167429493,-0.8312970348927604,-0.8328367424493428,-0.8244752935651277,-0.8217005045280474,-0.8299304041327591,-0.8285856063536039,-0.8311409024919441,0
-0.8379169487835801,-0.8377364811727389,-0.8352073324846325,-0.834388994688211,-0.8292649121195274,-0.8316121996440242,-0.8328563173133753,-0.8340622604492114,-0.8345343852878659,-0.8388459926258345,-0.8416417194962442,-0.8400080271606993,-0.8395064524554765,-0.8417324897913617,-0.8413756622983085,-0.838607226450567,-0.8395091260081173,-0.8379080068827364,-0.8391758885652909,-0.840589820239693,-0.8394562581065779,-0.8400701549439648,-0.8412889381430808,-0.8372095078271248,-0.8349352816803467,-0.8326838653287911,-0.8293230251097816,-0.8279203133638112,-0.827279406114387,-0.8348239645322337,-0.8344871292637676,-0.8276499401483782,-0.8305809249146504,-0.8321121092825455,-0.823757218603669,-0.8209907417002009,-0.8291906785681566,-0.8278533254685778,-0.8304035672397724,-0.8364850064300389,0
-0.8371093408199863,-0.8345786779163333,-0.833738217928917,-0.828621236647539,-0.8309552610726215,-0.8322002996875112,-0.8334078041348769,-0.8338783838651173,-0.8381025174721483,-0.8409065224727882,-0.8392861721639018,-0.8387562972682635,-0.8409794915199212,-0.8405905613860291,-0.8378014970019819,-0.8387178001008586,-0.8371126653933997,-0.8384243185597496,-0.8398399064684344,-0.8387079016806408,-0.8393086147456236,-0.8405501335281041,-0.8364508648807014,-0.8341802280716555,-0.8319051358426259,-0.8285439273773125,-0.8271415293307874,-0.82651487242199,-0.8340496699139467,-0.8337137623363265,-0.8268985386767087,-0.8298716299007222,-0.8313957712442742,-0.8230351444872108,-0.8202736461894105,-0.8284788212397245,-0.8271141946758491,-0.8296707692997364,-0.8357461461705532,-0.8367819010932664,0
-0.8339523278713922,-0.8331099322156795,-0.8279719432977337,-0.8303111530161434,-0.8315432085345674,-0.83275164347828,-0.8332239751943764,-0.8374455895965454,-0.8401624700733835,-0.8385516312191268,-0.8380347876435948,-0.8402289206711292,-0.8398378862449766,-0.8370174305693429,-0.8379120381967137,-0.8363220376778748,-0.8376288261411851,-0.8390881478587667,-0.8379585224095277,-0.8385603002250289,-0.8397884556687253,-0.8357134262571612,-0.8334224526095938,-0.8311509483161862,-0.8277664000642757,-0.8263630672064443,-0.8257364981510964,-0.8332831801154974,-0.8329397906025435,-0.8261273806642933,-0.8291195895802381,-0.8306862494765815,-0.8223213462098279,-0.8195525539126742,-0.8277596209519661,-0.8264029180010447,-0.8289311180816181,-0.8350118287219167,-0.8360429561111522,-0.838526157239728,1
-0.832483949755767,-0.8273451053406135,-0.8296614250368065,-0.830898950013919,-0.8320944092801414,-0.8325678622146905,-0.8367902566400874,-0.8395050073384008,-0.8378082385291146,-0.8373005952406192,-0.8395070047263088,-0.8390876375339084,-0.8362657665136981,-0.8371279397698589,-0.8355169789775256,-0.8368380480459021,-0.8382924613883377,-0.8372072981782185,-0.837810962875496,-0.8390400049557677,-0.83495313559747,-0.8326858690341281,-0.8303940403384861,-0.8270133954794476,-0.8255861731810376,-0.8249584454014783,-0.8325028325164511,-0.8321736214772176,-0.8253556153079546,-0.8283477850561078,-0.8299339749115322,-0.8216143496545105,-0.8188397300741628,-0.8270364187643381,-0.825684301215812,-0.8282193333348894,-0.8342706480904089,-0.8353085542453712,-0.8377867145121709,-0.8393055057307002,1
-0.8267205656519383,-0.8290341628963652,-0.8302490708590927,-0.8314500096993335,-0.8319106756982835,-0.8361332187283296,-0.8388491407736939,-0.8371513870619945,-0.8365575530212218,-0.8387724022741575,-0.8383660364872055,-0.8355165257819592,-0.8363762444435314,-0.8347335737586775,-0.8360328378862739,-0.8375014899476515,-0.8364121615214053,-0.8370597805562147,-0.8382905313610995,-0.8342060572844767,-0.8319264466979056,-0.8296583118110952,-0.8262576723584366,-0.8248337917529514,-0.8241819592562402,-0.8317228083043406,-0.8313935973745896,-0.8245916374489713,-0.8275753739307611,-0.8291619333331065,-0.8208646837221206,-0.8181337023758383,-0.82632150091889,-0.8249616839539758,-0.8275002059849468,-0.8335573702343517,-0.8345672886464528,-0.8370518166956662,-0.8385658406062432,-0.833590283463571,0
-0.8284092004849072,-0.8296216611766268,-0.830799988817486,-0.8312663231375287,-0.8354751071863299,-0.8381915688805336,-0.8364961303352865,-0.8359010262901537,-0.8380289477363898,-0.8376317518231653,-0.8347959100616241,-0.8356269725371741,-0.8339825559638088,-0.8352492833610858,-0.8366960850546644,-0.835621737892695,-0.8362646870220382,-0.8375392128277269,-0.8334579566215551,-0.8311802274444321,-0.8288997577983412,-0.8255231117015867,-0.8240786927975177,-0.8234299791833437,-0.8309443578940803,-0.8306138963530518,-0.8238138239052032,-0.8268107547255312,-0.8283892854257902,-0.8200952820665304,-0.8173850373065913,-0.8256133912087297,-0.8242473466253023,-0.8267770769130427,-0.8328367424493428,-0.8338539278398774,-0.836310051913211,-0.8378307211947341,-0.8328522492497137,-0.8357798816048736,1
-0.8289965517311573,-0.8301724408143719,-0.8306163494980215,-0.8348298424365427,-0.8375329233031402,-0.835839168706586,-0.8352460935398826,-0.8373720389629077,-0.8368886168321347,-0.8340626197668348,-0.8349063263428277,-0.8332339595075176,-0.8344981196363644,-0.8359123385641822,-0.8348168847442246,-0.835474306358973,-0.8367439791449817,-0.8327080107071032,-0.8304329861739013,-0.8281543976043875,-0.8247657436916191,-0.8233447473581849,-0.822675282232858,-0.8301904449790861,-0.8298357679534508,-0.8230363313525775,-0.826032294188926,-0.8276244310602698,-0.8193252710493305,-0.8166166485193542,-0.8248625753484735,-0.823539814106542,-0.8260622316321915,-0.8321121092825455,-0.8331332166973648,-0.8355962037723409,-0.8370887333728262,-0.8321187548682358,-0.8350412225616307,-0.8315120208209785,0
-0.8295471935245167,-0.8299888476017903,-0.8341789522956317,-0.836887131928757,-0.8351811334553569,-0.8345894561141765,-0.8367167250638872,-0.8362320041415234,-0.8333204846478522,-0.8341730052943502,-0.8325139735834174,-0.8337493776985205,-0.8351609872153646,-0.8340336821554091,-0.8346694964845822,-0.8359534588435696,-0.8319141892907046,-0.8296838994560257,-0.8274080157262476,-0.8240215568472532,-0.8225880041175424,-0.8219417330353159,-0.8294338120574031,-0.8290821718978169,-0.822260403359149,-0.8252541552551553,-0.8268457332929577,-0.8185630355143171,-0.8158476492069336,-0.8240920099717967,-0.8227895945051794,-0.8253541940709561,-0.8313957712442742,-0.8324084999697402,-0.8348750029044941,-0.8363746674868459,-0.8313784026689806,-0.8343071056037124,-0.8307745796655212,-0.8359283289364875,0
-0.8293636462600635,-0.8335505559258757,-0.8362357126736334,-0.8345359439376548,-0.8339317450987221,-0.8360597062228936,-0.8355769856327836,-0.8326647984100952,-0.8334308392514899,-0.8317813188648504,-0.8330292495623673,-0.8344120582298101,-0.8332828624081975,-0.833886336554721,-0.8351485083284198,-0.8311250761141717,-0.8288909620536762,-0.8266597882049482,-0.8232763487733545,-0.8218444353769772,-0.821185392188476,-0.8286983546428164,-0.8283258563484613,-0.8215089725091436,-0.824477583240408,-0.8260673573527672,-0.8177869796344227,-0.8150864184477067,-0.8233208365703821,-0.8220196325394363,-0.8246034527430617,-0.8306862494765815,-0.831692079000501,-0.8341497952570085,-0.835653247805552,-0.8306659335804764,-0.8335661267698046,-0.8300416762040546,-0.8351896275319303,-0.8377468087487557,0
-0.8329244631904547,-0.835606799906791,-0.8338851293844886,-0.8332868753173819,-0.8354016137535867,-0.8349202623886378,-0.8320107041870726,-0.8327751243605518,-0.8310398228393419,-0.8322964513265889,-0.8336917472495886,-0.8325344633911563,-0.833135558501753,-0.8343652097569573,-0.8303215428251334,-0.8281027296728694,-0.8258677348166478,-0.8225292947888424,-0.8210998456463842,-0.8204422215486639,-0.8279400759521378,-0.8275907117563409,-0.8207548256706921,-0.8237255186716821,-0.8252905491968696,-0.8170112430839077,-0.8143113761899236,-0.8225574466121249,-0.8212490618557627,-0.8238329627927515,-0.8299339749115322,-0.8309824747768941,-0.8334328870683336,-0.8349278208108943,-0.8299461185311282,-0.8328530459212282,-0.8293019187766731,-0.8344554683654397,-0.8370075884180986,-0.8368932365919768,1
-0.8349801925523298,-0.8332568067857449,-0.8326363820121303,-0.8347563678118207,-0.8342624655460666,-0.8313549058749987,-0.8321210015513729,-0.8303847287673267,-0.8315548109896507,-0.8329587644916812,-0.8318146704691283,-0.8323872010508698,-0.8336142961976976,-0.8295396413344224,-0.8273000835024655,-0.8250803832315668,-0.8217384488343651,-0.8203534098642866,-0.8196980300730812,-0.8271949881429098,-0.8268327507449802,-0.8200218186987583,-0.8229707370885757,-0.8245382522646129,-0.8162370646817284,-0.8135366523032024,-0.8217802261451239,-0.8204862704873357,-0.8230618647310547,-0.8291619333331065,-0.8302301150320028,-0.8327227984162302,-0.834210694928429,-0.8292223000823982,-0.8321326161102905,-0.8285900303417967,-0.8337144470478266,-0.8362729121965982,-0.8361542598388768,-0.8389343874016658,1
-0.8326307875673296,-0.8320083729401891,-0.8341054965678458,-0.8336175111286306,-0.8306980340580202,-0.8314651746331525,-0.8297312253248654,-0.8308995832027906,-0.8322169386114763,-0.8310822105239197,-0.8316674487608569,-0.8328658036568012,-0.8287900932616411,-0.8265190565203165,-0.8242786241797977,-0.8209523002873488,-0.8195631999686983,-0.8189519924552507,-0.8264488787550401,-0.8260879772258204,-0.8192660284960692,-0.8222371044717093,-0.8237832379417998,-0.8154873554342473,-0.8127634828677559,-0.8210033261085479,-0.8197096538803159,-0.8222985495965262,-0.8283892854257902,-0.8294579872520152,-0.8319699382397675,-0.8335003898295507,-0.8285067706210627,-0.8314081814004584,-0.8278707987949744,-0.8330013247239911,-0.8355313704535956,-0.8354198263166667,-0.8381948281804945,-0.8342954082887363,1
-0.8313826661690481,-0.833477118640843,-0.8329669327871664,-0.8300539918296167,-0.8308082742071351,-0.8290760182064871,-0.8302459463582671,-0.8315615389055299,-0.8303409103496371,-0.830935029820566,-0.832145919312739,-0.8280429620124162,-0.8257703631795293,-0.8234984717062108,-0.8201517529098123,-0.8187776851649482,-0.8181621922247095,-0.8257009236619236,-0.825342182249801,-0.8185234026257087,-0.8214806789103846,-0.8230493759217913,-0.8147349329854415,-0.8120147664462704,-0.8202279884679948,-0.8189333571328086,-0.8215214046120228,-0.8276244310602698,-0.8286852532421644,-0.8311973040256033,-0.8327473060560028,-0.8277980527985346,-0.8306920403232355,-0.827147565272036,-0.8322808532343017,-0.8348177400578359,-0.8346785288549693,-0.837459814290416,-0.8335571728586362,-0.8343325201216397,1
-0.8328510442846733,-0.8323388407228363,-0.8294043299895563,-0.8301642037666995,-0.8284197376429803,-0.8295906057445382,-0.8309077305440692,-0.8296859977477686,-0.8301937708781203,-0.8314133671064659,-0.8273244083668506,-0.8250240840365418,-0.8227506330974177,-0.8193727948869443,-0.8179777760800878,-0.8173770855945884,-0.8249091505707606,-0.8245945414968953,-0.8177797561306666,-0.8207374244598876,-0.8222927173956336,-0.8140036256822415,-0.811263338430757,-0.8194771385268167,-0.8181586205788197,-0.8207445799865803,-0.8268457332929577,-0.8279203133638112,-0.8304240641633628,-0.8319744455627385,-0.8270466087369441,-0.8299827143883394,-0.8264326163274751,-0.8315563767440557,-0.8340967580034363,-0.8339651369419496,-0.8367179326777714,-0.8328234779864401,-0.833594274101211,-0.8332562769674401,0
-0.8317130512450638,-0.8287771323987508,-0.829514513581235,-0.8277762784632365,-0.8289341916721829,-0.830252218293461,-0.8290326753509633,-0.8295388964804932,-0.8306719741605498,-0.8265931990716279,-0.8243063633472869,-0.8220052060606673,-0.8186261237169724,-0.8171994472767949,-0.8165775876134856,-0.8241220782623733,-0.8238030918255065,-0.8170342633692015,-0.8199931491411449,-0.8215492324657533,-0.8132495615371791,-0.8105330113046183,-0.8187235735376321,-0.8174083621084474,-0.8199693174818479,-0.8260673573527672,-0.8271415293307874,-0.8296586218971164,-0.8312009796813451,-0.8262754076237477,-0.8292306421254145,-0.8257244756963469,-0.830840194201349,-0.8333717697031227,-0.8332443945403731,-0.8360039704799387,-0.8320829239895849,-0.8328605686768719,-0.8325183380665399,-0.835297427777129,1
-0.8281522343146728,-0.8288872883262999,-0.8271272024281973,-0.8282906008362902,-0.829595632566872,-0.8283776494048465,-0.8288856121985629,-0.8300169755991382,-0.8258531564683746,-0.8235759946528742,-0.8212883183277233,-0.8178818605326436,-0.8164533910969164,-0.8157996640702582,-0.8233206004921224,-0.8230163417594578,-0.8162450237329354,-0.8192470276992582,-0.8208047265783203,-0.8125086433095223,-0.8097799425547517,-0.8179911400735533,-0.8166553895476074,-0.8192185414745204,-0.8252905491968696,-0.8263630672064443,-0.828879331053037,-0.8304353129439124,-0.8255035992161419,-0.8284588052756986,-0.82497362789365,-0.8301308270384957,-0.8326550792082382,-0.8325196464774381,-0.8352826549955245,-0.8313702578936,-0.8321200040590904,-0.8317849386543495,-0.8345589064081574,-0.8343325201216397,0
-0.8282623626733446,-0.8265005765627375,-0.8276413925226977,-0.8289518724587877,-0.8277215500319196,-0.8282306243939749,-0.8293635674438643,-0.8251994090958692,-0.8228367973022803,-0.8205587902341207,-0.8171661104961241,-0.8157097410134169,-0.8150540039856939,-0.8225407253017382,-0.822215188544805,-0.8154604756562015,-0.818457141223444,-0.820058374620279,-0.811766705118867,-0.8090400091026418,-0.8172359322829469,-0.8159235400187991,-0.818465050538879,-0.8245382522646129,-0.8255861731810376,-0.8281003625967969,-0.82965579565234,-0.824739578600742,-0.8276863618619015,-0.8242030301913874,-0.82937871218565,-0.8319452070029099,-0.8318031944090861,-0.8345573324519011,-0.8306502448701806,-0.8314073275942906,-0.8310446820434312,-0.8338249266280988,-0.833594274101211,-0.8345551911190603,0
-0.8258762482354537,-0.8270146375579663,-0.8283024940727697,-0.8270782695283782,-0.8275745631664332,-0.828708455679308,-0.8245472492027494,-0.8221838331167238,-0.819820438136186,-0.8164377305402134,-0.814994590299121,-0.8143107487806945,-0.8217931577055285,-0.8214356332965775,-0.8146615402381353,-0.8176719486620325,-0.8192682509699638,-0.8110229202725475,-0.8082990560691174,-0.8164938826110446,-0.8151689252295858,-0.817732690066709,-0.8237832379417998,-0.8248337917529514,-0.8273229640880239,-0.8288766009626992,-0.8239617219241181,-0.8269217105893591,-0.8234318245015225,-0.828606832235153,-0.8311925704235322,-0.8310935592645113,-0.8338403102331455,-0.8299262279644855,-0.8306873041511833,-0.83033230627426,-0.8330840858662332,-0.8328605686768719,-0.8338168815566601,-0.8344809674532534,0
-0.8263901805759226,-0.8276755731232606,-0.8264293730142324,-0.8269313202789343,-0.8280522704792641,-0.8238933865732593,-0.8215324545785401,-0.8191682571375783,-0.8157005329337156,-0.8142668151657443,-0.8135959840705427,-0.8210480008488046,-0.8206883784071951,-0.813884171261313,-0.8168723641327703,-0.818482822097504,-0.8102354378837205,-0.8075562561554587,-0.8157508125377281,-0.8144274622324775,-0.8169775564012767,-0.8230493759217913,-0.8240786927975177,-0.8265700862469398,-0.8280989770464645,-0.8231841862794159,-0.8261432177031122,-0.8226684024759529,-0.8278343457700886,-0.8304201624884682,-0.8303411675771794,-0.83313010820416,-0.8292105015421015,-0.8299632768003847,-0.8296125850021036,-0.8323711398122491,-0.8321200040590904,-0.8330831128194628,-0.8337426790715105,-0.8361881117668115,0
-0.827050950727954,-0.8258029223549268,-0.8262824615586609,-0.827408905339627,-0.8232384506345829,-0.8208793738503891,-0.8185176599543307,-0.8150494216538674,-0.8135302257288428,-0.8128685984838829,-0.8203313772239591,-0.8199435332966555,-0.8131390532019157,-0.8160943552716343,-0.8176829995608031,-0.809452640657027,-0.8067697871485904,-0.8150058960666496,-0.8136849790612816,-0.8162355800637237,-0.8222927173956336,-0.8233447473581849,-0.8258144900748599,-0.8273458774038284,-0.8224082153512329,-0.8253650464502842,-0.8218911496593101,-0.8270696517411299,-0.8296471486453805,-0.8295690074716059,-0.8323771309054147,-0.8285015878867767,-0.8292475400116298,-0.8288888605593043,-0.8316508454572548,-0.8314073275942906,-0.8323424844761234,-0.8330089314385991,-0.8354493362299543,-0.8388601637358589,0
-0.8251787686305317,-0.8256560477848615,-0.8267599237892684,-0.82259631742034,-0.8202252198921107,-0.817865361127519,-0.8143998916871179,-0.8128796779615555,-0.8121324007494333,-0.8196021156623208,-0.8192272144119237,-0.8123963383569692,-0.8153486117985829,-0.8169047560754188,-0.8086554686577102,-0.8059879996145582,-0.814217249366636,-0.8129406493585967,-0.8154925833531722,-0.8215492324657533,-0.8225880041175424,-0.8250800545469964,-0.8265900590711192,-0.8216567422533129,-0.8245884422344709,-0.8211142173036767,-0.8262911157220271,-0.8288819308503204,-0.8287962411733047,-0.8316043781641027,-0.8277499415230617,-0.8285386160493158,-0.8281734243953076,-0.8309265465337672,-0.8306873041511833,-0.8316297457984348,-0.8322683243371124,-0.8347151031984623,-0.8381206256953447,-0.837932367913273,0
-0.8250319308189693,-0.8261333901375739,-0.8219485736193002,-0.8195838578067406,-0.8172119891496386,-0.8137486608231109,-0.8122307101892111,-0.8114822159224393,-0.8188640315713267,-0.8184982603871671,-0.8116821018630145,-0.8146052734612675,-0.8161587832840275,-0.8078798380332733,-0.8051918445561153,-0.813433292067523,-0.8121526063754946,-0.8147477402281429,-0.8208047265783203,-0.8218444353769772,-0.824322813608756,-0.8258554045675293,-0.820902553098551,-0.823836345979809,-0.8203388474620578,-0.8255129013771227,-0.828102866453734,-0.8280312692276391,-0.8308310199108774,-0.8269785356811556,-0.8277869590381205,-0.827464799335683,-0.8302105402193669,-0.8299632768003847,-0.8309096598371999,-0.8315556063970534,-0.833974007534365,-0.8373856329095525,-0.837193094630973,-0.840233301553286,0
-0.8255091537065474,-0.8213232479679328,-0.8189368887800834,-0.8165713981931412,-0.8130963569160179,-0.8115800419127531,-0.8108336102414069,-0.8182120989002882,-0.8177604855349507,-0.8109552493402831,-0.8138904274870855,-0.8154152163328436,-0.8071364190143034,-0.8044172164171033,-0.8126349516680532,-0.811369250595414,-0.8139591689927432,-0.820058374620279,-0.8210998456463842,-0.8235787524804175,-0.8250979412537665,-0.8201695044169551,-0.8230815326594699,-0.8195879658349436,-0.8247362542265549,-0.8273241242308946,-0.8272524528449736,-0.8300654600644858,-0.8262065227800306,-0.8270155424210192,-0.8267134511014147,-0.8295013482753315,-0.8292475400116298,-0.8301855698157807,-0.8308355412751943,-0.8332608126288261,-0.8366437725387603,-0.8364583656487572,-0.8394933716706148,-0.8415322157049063,0
-0.8207002153778751,-0.8183123192815925,-0.8159252039408667,-0.8124568192087126,-0.8109283006500928,-0.8101833043094718,-0.8175617494637276,-0.8171088393957229,-0.8102195876197148,-0.8131629598905905,-0.8147001468825782,-0.8063953979902918,-0.8036747772128583,-0.8118581692518518,-0.8105715160330605,-0.8131752868835094,-0.8192682509699638,-0.8203534098642866,-0.8228336701712589,-0.8243536601223801,-0.8194136718570236,-0.8223478687603568,-0.8188343691085264,-0.8239841157239783,-0.8265469511295831,-0.8264739584015731,-0.829286050605053,-0.8254422990716527,-0.8262435187570774,-0.8259423469649755,-0.8287494144296499,-0.8285386160493158,-0.8294697708287999,-0.830111472143982,-0.8325402682013209,-0.8359298310785572,-0.835716770801123,-0.8387579884555294,-0.8407919151607351,-0.8436475901804021,0
-0.8176900402408435,-0.8153013905952523,-0.8118116831848633,-0.8102893177794155,-0.8095319254279715,-0.8169096985568528,-0.8164587758207243,-0.8095698994478592,-0.8124266796924667,-0.8139724537590366,-0.805682817250955,-0.8029347329935577,-0.8111136244883043,-0.8097953308422186,-0.8123770222136791,-0.818482822097504,-0.8195631999686983,-0.822086741922831,-0.8236083577249264,-0.8186710040813207,-0.8215914114311004,-0.8181019043622009,-0.8232292600873289,-0.8257942950900513,-0.8256970321751005,-0.828506963645603,-0.8246642375139637,-0.8254792843595954,-0.8251706354227208,-0.8279777176574721,-0.8277869590381205,-0.8287607850245502,-0.8293956938897432,-0.831815718595351,-0.8352085364335189,-0.8350030885612895,-0.8380157351104636,-0.8400561626206426,-0.8429066859875025,-0.8444269386713744,0
-0.8146798651038119,-0.8111889026334217,-0.8096447392151829,-0.8088932999096986,-0.8162565745239765,-0.8158070109753149,-0.8089217892602009,-0.81177641845699,-0.8132359467858091,-0.8049576356786143,-0.8022231071065772,-0.810371481178029,-0.8090513697980817,-0.8116003144506476,-0.8176829995608031,-0.8187776851649482,-0.8212960253362633,-0.8228612094383508,-0.8179273156646985,-0.8208481255515966,-0.8173466648036627,-0.8224955544785537,-0.8250389210786006,-0.8249446190610783,-0.8277294470662547,-0.8238864971818991,-0.8247012120186924,-0.8244067110092581,-0.8272054141602934,-0.8270155424210192,-0.8280090641284735,-0.828686728699472,-0.8310994634880474,-0.8344832347801024,-0.8342820544084502,-0.8373014100041136,-0.8393135375431557,-0.8421703319752556,-0.8436858120815748,-0.8455402936584774,0
-0.8105684063800614,-0.8090225027249573,-0.8082490803872532,-0.8156162280717559,-0.8151541730328282,-0.8082719791681395,-0.8111277365462077,-0.8125854754270047,-0.8042236541554052,-0.8014988891497993,-0.8096578033742828,-0.8083098084140172,-0.8108558426520264,-0.8169047560754188,-0.8179777760800878,-0.8205100056861825,-0.8220702664579415,-0.8171817809912053,-0.8201038187916688,-0.8166045837027536,-0.8217390547920548,-0.8243047045264635,-0.8241894883684118,-0.8269764530434053,-0.8231103223136317,-0.8239234609136087,-0.8236289513815597,-0.8264409018461046,-0.8262435187570774,-0.8272375828602007,-0.8279350290983558,-0.8303900241762691,-0.8337662332940888,-0.8335570138826193,-0.8365797298306207,-0.8385988495282884,-0.8414271015049687,-0.8429492364743236,-0.8447988493588207,-0.8499937136068898,1
-0.8084025486595142,-0.8076271943093363,-0.8149702794796515,-0.8145141087009269,-0.8076210961766477,-0.8104773543312153,-0.8119365838844101,-0.8035755228063871,-0.8007658765747605,-0.8089315146691679,-0.8075966994584832,-0.8101137720825274,-0.8161587832840275,-0.8171994472767949,-0.8197095881308852,-0.8212840212382234,-0.8163924982323026,-0.8193576659157611,-0.815861482188252,-0.8209957270072086,-0.8235476859637456,-0.8234555116468324,-0.8262207405014719,-0.8223586485381168,-0.8231472753116525,-0.8228515126940293,-0.8256625491416388,-0.8254792843595954,-0.8264654946193579,-0.8271635693804734,-0.8296378347910617,-0.8330560518790818,-0.83284027155588,-0.8358540417083775,-0.8378768046657169,-0.840711822467659,-0.842205782964584,-0.8440619571872778,-0.8492509984678048,-0.8477670036326836,1
-0.8070075894496703,-0.8143467058898273,-0.813868443562865,-0.8069829596669282,-0.8098258991589443,-0.8112859918910097,-0.8029289657998823,-0.8001186430254155,-0.8081964198863588,-0.8068709848222142,-0.8094001653848077,-0.8154152163328436,-0.8164533910969164,-0.81893075808488,-0.8204833764940076,-0.8156079071899236,-0.8185677470979694,-0.8151165342831524,-0.8202513783257008,-0.8228038448384547,-0.8226987366382581,-0.8254861902720375,-0.8216042583808809,-0.822395590974159,-0.8220756383690441,-0.8248845179380591,-0.8247012120186924,-0.8257011960872513,-0.8263915026652644,-0.828865879414198,-0.8323030958752969,-0.8321303478156052,-0.8351366566666378,-0.8371507509648538,-0.8399891836828737,-0.8414902861821638,-0.8433181850497488,-0.8485128400390948,-0.8470249239133127,-0.8464680894810633,1
-0.8137254193286555,-0.813245146614337,-0.806339231464823,-0.8091871984085863,-0.8106343269191199,-0.8022807099751171,-0.7994729817184715,-0.8075472570228226,-0.8061364672851237,-0.8086739484382987,-0.8147001468825782,-0.8157097410134169,-0.818184211997639,-0.8197043224884926,-0.8148089284977778,-0.8177825223123241,-0.8143278552411614,-0.8195051835377649,-0.8220589826175914,-0.8219551364686861,-0.8247288328513807,-0.8208710115783896,-0.8216411902378457,-0.8213242603289321,-0.8241080532601981,-0.8239234609136087,-0.8249230590470646,-0.825627225511366,-0.8280933176094161,-0.8315303646843755,-0.8313776579988263,-0.8344260938930274,-0.8364330031001301,-0.8392625346111153,-0.8407674285839315,-0.8426023772028852,-0.8477677933904076,-0.8462873986131864,-0.8457263804231924,-0.8470247669746148,1
-0.8126241357419366,-0.8057178248984863,-0.8085429032983963,-0.8099954192805277,-0.8016313814080748,-0.7988256222196319,-0.8068996709146946,-0.8054878392809672,-0.8079389258112044,-0.8139724537590366,-0.814994590299121,-0.8174400735117839,-0.8189575575064725,-0.814031516862001,-0.8169829053275021,-0.8135438657178146,-0.8187152215973368,-0.8213122744073111,-0.821210515296908,-0.8239846564833503,-0.8201149778215568,-0.8209079330079387,-0.8205701663858685,-0.823356094311259,-0.8231472753116525,-0.8241452433038664,-0.8248491100376072,-0.8273285487567286,-0.8307570279567837,-0.830605196187786,-0.8336727439324734,-0.8357220795818946,-0.8385441958632462,-0.8400405601650013,-0.841879207014014,-0.8470507412857704,-0.8455429892200782,-0.844989224448073,-0.8462828990618154,-0.8456516291571878,1
-0.8050986978993576,-0.807920943449467,-0.8093509163040398,-0.8009947777520904,-0.7981771900691432,-0.8062503852686536,-0.8048407867810883,-0.8072898298050907,-0.8132359467858091,-0.8142668151657443,-0.81672444537131,-0.8182132007982884,-0.8132863571083603,-0.8162048644721503,-0.812745492862785,-0.8179299538460463,-0.8205217842145853,-0.8204640480807894,-0.8232394588898466,-0.8193721109954774,-0.8201518886617954,-0.8198372115510125,-0.8226014185189285,-0.822395590974159,-0.8233689932997785,-0.8240713158404471,-0.826549937255128,-0.8299914894886004,-0.8298321285306144,-0.8328996140593279,-0.8349683569595322,-0.8378326848466213,-0.8393220037233416,-0.8411520252419811,-0.846326320734344,-0.8448265592443278,-0.844245186787386,-0.8455455848045501,-0.8449101530865454,-0.8430538008539472,0
-0.8073012650727953,-0.8087287535848265,-0.8003525896502824,-0.7975414703901593,-0.805600026776209,-0.8041920351164495,-0.8066423103979937,-0.8125854754270047,-0.8135302257288428,-0.8159961884301519,-0.8174973593397348,-0.8125436006972558,-0.8154590897284162,-0.8119686784523679,-0.8171302935871445,-0.8197359901341416,-0.8196738058432238,-0.8224924153833415,-0.81862822345135,-0.8194090113593803,-0.8190814742948763,-0.8218678901762175,-0.8216411902378457,-0.8226172455904129,-0.8232950873037365,-0.8257716474990902,-0.8292121015955956,-0.8290668572900338,-0.8321258791075145,-0.834194849954553,-0.8370783553178851,-0.8386102762599418,-0.8404331578091923,-0.8455978855499,-0.844102763874179,-0.843529119720153,-0.8448013878299684,-0.8441732292585733,-0.8423130661063046,-0.8440558203423401,0
-0.8081088730363892,-0.799732686168322,-0.796900170444351,-0.804962407487075,-0.8035422106593987,-0.805993091499628,-0.8119365838844101,-0.8128796779615555,-0.8152591145191652,-0.8167688871227595,-0.8118293235712859,-0.8147157202164825,-0.8112241024181377,-0.8163522100728385,-0.818935799767763,-0.8188882588152397,-0.8217015802095233,-0.8178824896957233,-0.8186651133348579,-0.8183389008061938,-0.8211115705079988,-0.8209079330079387,-0.821862781379634,-0.8225433607183282,-0.8249949252127018,-0.8284330361821836,-0.8282877389773776,-0.831359945142479,-0.8334207383041515,-0.8363042341267768,-0.8378557231341204,-0.8397211211361136,-0.8448777741525945,-0.8433749553959405,-0.8428056890390828,-0.8440851652305136,-0.8434294252582651,-0.8415768809283467,-0.8433147996558261,-0.8452805108281534,0
-0.7991150570781851,-0.7962811337717857,-0.8043191989507142,-0.8029051179948608,-0.8053427997616076,-0.8112859918910097,-0.8122307101892111,-0.8146081178520412,-0.8160315967446284,-0.811102430043637,-0.814000843768289,-0.8104819279332439,-0.8156063936348608,-0.8181571936812675,-0.8180883172748196,-0.8209154424039182,-0.8170930021042971,-0.8179193691012242,-0.8175953067131267,-0.8203684208208578,-0.8201518886617954,-0.8211294615852339,-0.8217889176657045,-0.8242427127762745,-0.8276555410702127,-0.8275089428894429,-0.830580158270558,-0.8326544302204721,-0.8355295089958177,-0.8370813756639119,-0.838966248585885,-0.8441645006408016,-0.8426554659808934,-0.8420782461394641,-0.843361578254124,-0.8427135863049573,-0.8408338203928808,-0.8425783295700056,-0.8445391406607966,-0.8461711948178359,0
-0.7956643685064659,-0.8036982995600873,-0.8022624385727126,-0.8047052463005482,-0.8106343269191199,-0.8115800419127531,-0.8139587022299165,-0.8153803995052371,-0.8103667270912316,-0.8132733454181059,-0.8097682196554864,-0.8148629825567691,-0.8174108664888055,-0.8173099564773111,-0.8201149058449018,-0.8163082069751034,-0.8171298707291389,-0.8168498663416969,-0.8196242503060652,-0.8194090113593803,-0.820373353703227,-0.8210556187261355,-0.823487783086082,-0.8269025681713207,-0.8267317161196881,-0.8298006942554399,-0.831874265936063,-0.834762591633204,-0.8363064245138,-0.8381915778598192,-0.8434083503929438,-0.8419428108884577,-0.8413591195474011,-0.842633978677954,-0.8419903848570222,-0.8401187072566075,-0.8418349822695291,-0.8438023223542551,-0.8454295704825935,-0.8475443326352631,0
-0.803079677990373,-0.801642055579172,-0.804062103903464,-0.8099954192805277,-0.8109283006500928,-0.8133075857904958,-0.814730783780019,-0.8097170007151346,-0.8125370342961044,-0.8090419001966833,-0.8141480654765605,-0.8166669462252795,-0.8165638690267498,-0.8193359584867723,-0.8155090227310787,-0.816345064858534,-0.8160606806087265,-0.8188782336442487,-0.8186651133348579,-0.8196304135427982,-0.8202995320227497,-0.8227540044853979,-0.8261468767875424,-0.825979007270263,-0.8290228019969892,-0.831094424865277,-0.8339818127055997,-0.83553928268,-0.8374163038252032,-0.8426323866434484,-0.8411872994894145,-0.8406468251995903,-0.8419146965903263,-0.8412631717496789,-0.8393962351868297,-0.8411195891752568,-0.8430586245632102,-0.8446924989246186,-0.8468023164578636,-0.8485834639565593,1
-0.8010239486284978,-0.8034412690624728,-0.8093509163040398,-0.8102893177794155,-0.8126553963195585,-0.8140794670975723,-0.8090688524126013,-0.8118867444074466,-0.8083067744899964,-0.8134205261214599,-0.815951531402885,-0.8158201877686317,-0.8185892977403614,-0.8147314084652696,-0.8155458697959893,-0.815276186239049,-0.8180884549750259,-0.8179193691012242,-0.8188864526359058,-0.8195566128149921,-0.8219974306737249,-0.8254123474129391,-0.8252235803634242,-0.8282694383048861,-0.8303161569277236,-0.833201357572726,-0.8347582773049027,-0.83664884131828,-0.8418558210708161,-0.8404119822516338,-0.8398916864623556,-0.8412022476376764,-0.8405442732177772,-0.8386697532367262,-0.840396835773904,-0.8423428892980501,-0.8439485462313421,-0.8460648544705954,-0.8478411512499598,-0.8468392078100978,0
-0.8028227118201385,-0.8087287535848265,-0.8096447392151829,-0.812015971460381,-0.8134270773633624,-0.8084190041790112,-0.8112380339105081,-0.8076575829732792,-0.8126841737676213,-0.8152234897375442,-0.8151050065803246,-0.817845044947572,-0.8139860506639716,-0.8147682448654415,-0.8144773049135824,-0.8173033698277274,-0.8171298707291389,-0.8181406455342299,-0.8188126728688898,-0.8212540295545294,-0.8246550111709035,-0.8244893116742095,-0.8275133554952373,-0.8295624235663669,-0.8324224778149197,-0.8339775959386282,-0.835867512446764,-0.8410870758713996,-0.8396360624480097,-0.8391167463564086,-0.8404469491882379,-0.839832205623731,-0.8379515803507925,-0.839670071806008,-0.8416197920469947,-0.8432325621146273,-0.8453205088030453,-0.8471033938026861,-0.8460973928489411,-0.8479154509642973,0
-0.8081088730363892,-0.8090225027249573,-0.8113709488181486,-0.8127874550199613,-0.8077680830421342,-0.810587623089369,-0.807009968278995,-0.812033845674722,-0.814486632293702,-0.8143772006932597,-0.8171293050690563,-0.813243096813617,-0.8140228766405826,-0.813699989260453,-0.8165038934836645,-0.816345064858534,-0.8173510824781898,-0.818066886723228,-0.8205096075102566,-0.8239108557555443,-0.8237322401649386,-0.8267784403062589,-0.8288059704890028,-0.8316681424207785,-0.8331984907733604,-0.8350865078899171,-0.8403044530142099,-0.8388679585948398,-0.8383412032513725,-0.8396718474543623,-0.8390773011310616,-0.8372402342459963,-0.8389516190280581,-0.8408926833906857,-0.8425092147910608,-0.8446041410401836,-0.846358750749199,-0.8453601313523912,-0.8471733288836122,-0.849585483444952,1
-0.8084025486595142,-0.8107482789232255,-0.8121422339598993,-0.807129908916372,-0.8099361393080592,-0.8063606540268073,-0.8113850970629085,-0.8138358361988455,-0.8136405803324804,-0.816400935364375,-0.8125286266855751,-0.8132799123986886,-0.8129549233188602,-0.8157259912699141,-0.8155458697959893,-0.8165662121591171,-0.8172773452285061,-0.8197633393762714,-0.8231656791228307,-0.8229883466579697,-0.8260207122597313,-0.8280706903404803,-0.8309110863359923,-0.832443933577667,-0.83430708071399,-0.8395221556950728,-0.838085982730487,-0.8375734735168465,-0.8388961429070741,-0.8383025980794101,-0.836486075076944,-0.8382399946345511,-0.8401738885224938,-0.8417818554522695,-0.8438804081881626,-0.8456420926595235,-0.8446159874824409,-0.8464357613749135,-0.8488428847994812,-0.8501421609385036,1
-0.8101278929453738,-0.8115193704160688,-0.8064861429203947,-0.8092974103456693,-0.8057102669253239,-0.8107346481002409,-0.8131866206798141,-0.8129900039120119,-0.8156637480658364,-0.8118015383845677,-0.8125654321126429,-0.8122122604316111,-0.8149803520324717,-0.8147682448654415,-0.8157669521854528,-0.816492496392256,-0.8189733019712294,-0.8224186565723395,-0.8222434320351313,-0.8252761692199547,-0.8273125916680819,-0.8301752118247837,-0.8316866553322516,-0.8335522066589361,-0.8387414404765081,-0.837304331792495,-0.8367918750649819,-0.8381282528359865,-0.8375272917563436,-0.8357121262889596,-0.8374855479835321,-0.8394619239983402,-0.8410628117911741,-0.8431526623805445,-0.8449180680562395,-0.84389981672706,-0.8456913094981001,-0.8481048424443448,-0.8493994034381043,-0.8488061349539798,0
-0.8108987914560771,-0.8058646994685517,-0.8086530868900749,-0.805072619424158,-0.8100831261735457,-0.8125357044834193,-0.8123410075535115,-0.8150126463370486,-0.8110656395809365,-0.8118383335604061,-0.8114980747276753,-0.8142371176105512,-0.8140228766405826,-0.8149892632664737,-0.8156932580556316,-0.8181879590300599,-0.8216278429598397,-0.8214966714348159,-0.8245306048126256,-0.8265676819565592,-0.8294165095616814,-0.8309505618453166,-0.8327946110411935,-0.8379852989840132,-0.8365242605952491,-0.8360106011826579,-0.8373464926359127,-0.8367597971821079,-0.8349375733630693,-0.8367113082652762,-0.8387071259804733,-0.8403505998992779,-0.8424332351637233,-0.8441900297857257,-0.8431762818491103,-0.8449748380470906,-0.8473599126258472,-0.848661202800822,-0.8480637587054091,-0.8509957330952826,1
-0.8052455357109202,-0.808031099377016,-0.8044293825423929,-0.8094443595951132,-0.8118837152757546,-0.8116903106709069,-0.8143631258990178,-0.8104157317346927,-0.8111024244488156,-0.8107712734610908,-0.813522373216407,-0.8132799123986886,-0.8142438325002493,-0.8149155904661296,-0.8173882230415185,-0.8208417266370572,-0.8207061273387944,-0.8237831945758745,-0.8258217507354046,-0.8286710026990292,-0.8301916372066919,-0.8320582047317919,-0.8372264338769607,-0.8357687528214748,-0.8352309056645146,-0.8365650571583023,-0.8359784359609503,-0.8341708270261214,-0.8359364647433323,-0.8379325306807742,-0.839595546341885,-0.8417206419132233,-0.8434703123105171,-0.8424487344984574,-0.84425100099819,-0.8466429745781726,-0.8479161136684296,-0.847325937945277,-0.8502527320173262,-0.8499194899410829,1
-0.8074113934314673,-0.8038084554876364,-0.8087999983456465,-0.8112444879008006,-0.8110385407992076,-0.8137119045703931,-0.8097674023865036,-0.8104525070515115,-0.8100356632803188,-0.812795008132206,-0.8125654321126429,-0.8135008059091184,-0.8141701805470271,-0.8166100648740426,-0.8200412117150805,-0.8199202795512942,-0.8229919820789866,-0.8250739737684075,-0.8279244740953591,-0.8294459103409919,-0.8312989624138495,-0.836488776277694,-0.8350105224590771,-0.8344757675599939,-0.8357852006348293,-0.835197399085046,-0.8333902206299402,-0.8351694298005734,-0.8371573319858757,-0.8388206924375,-0.8409651943990615,-0.8427574304643172,-0.8417295042426846,-0.8435231507395378,-0.8459186686433138,-0.8471990200885332,-0.846581231166232,-0.8495142886807536,-0.849176795982655,-0.844909392499119,1
-0.8031898063490449,-0.8081779739470815,-0.8105996636763979,-0.8103995297164983,-0.8130596101996463,-0.809117372980652,-0.8098041681746037,-0.809386022863765,-0.8120588310136748,-0.8118383335604061,-0.81278626467505,-0.8134271747389751,-0.8158641754711385,-0.8192622856864282,-0.8191200350923159,-0.8222054683239863,-0.82428238394845,-0.8271760998819614,-0.8286991616490266,-0.8305529212580813,-0.8357282632424804,-0.8342734905047431,-0.8337179074653116,-0.8350299041006285,-0.8344179397080528,-0.8326099378653719,-0.8343885322576156,-0.8363899443026812,-0.8380452354349983,-0.8401899418124524,-0.8420016848207086,-0.8410171068249811,-0.8428036198590068,-0.8451903483550074,-0.846474557858355,-0.8458645108636678,-0.848768955267056,-0.8484386586582311,-0.844168128235048,-0.8447609451675053,1
-0.8075582312430298,-0.8099771874303823,-0.8097549228068616,-0.8124200818963517,-0.8084662706531948,-0.8091541292333698,-0.8087379603197004,-0.8114086652888015,-0.8111024244488156,-0.8120591046154368,-0.8127126538209143,-0.8151206916522706,-0.8185156457871391,-0.8183413756821277,-0.8214045531167722,-0.8234954942440545,-0.8263838955644331,-0.8279505673974813,-0.8298058581542658,-0.8349809649264395,-0.833513612828165,-0.8329812404705216,-0.8342718853197825,-0.8336630339670632,-0.831831229846584,-0.8336079586215319,-0.8356086909136631,-0.8372775912133053,-0.839414086585729,-0.8412261305286326,-0.8402618616129439,-0.8420909235386139,-0.8444703509877826,-0.8457460808934973,-0.8451404237422561,-0.8480516232044196,-0.8476936332513967,-0.843431415449937,-0.8440197232647486,-0.8398992950571551,0
-0.8093569944346706,-0.8091326586525064,-0.8117749553209704,-0.8078279178512305,-0.8085030173695663,-0.80808819790455,-0.8107600786652066,-0.8104525070515115,-0.8113231336560909,-0.8119855142637599,-0.8144057034660354,-0.8177714137774287,-0.8175949963718611,-0.8206252324927931,-0.8226942003886426,-0.825596393599594,-0.8271581366861112,-0.8290569495625096,-0.8342326441752226,-0.8327669430922604,-0.8322217334198143,-0.8335350619137594,-0.8329054066120876,-0.8310770634441015,-0.8328289607931506,-0.8348277617679497,-0.8364960790271523,-0.8386460468671838,-0.8404499739430387,-0.8394868137550444,-0.8413353695496497,-0.8437571908528718,-0.8450259280307079,-0.8444123228011217,-0.8473269213214183,-0.846976601884389,-0.8426878238681553,-0.8432830526882099,-0.839159460487441,-0.8430538008539472,1
-0.8085126770181862,-0.8111521839909054,-0.8071839723343595,-0.8078646551635915,-0.8074373625947896,-0.810109791804036,-0.8098041681746037,-0.8106731589524246,-0.8112495639203324,-0.813678092352329,-0.8170556942149205,-0.8168510241506377,-0.8198782069217505,-0.8219145064988138,-0.8247944830885459,-0.826370409151635,-0.8282641954313654,-0.833482478222623,-0.8320192511647442,-0.831475430355656,-0.8327753960233931,-0.8321689690204397,-0.8303201766245566,-0.8320745092172439,-0.834048409727843,-0.8357148913289808,-0.8378641357021147,-0.8396816349295784,-0.8387111630218403,-0.8405600092110882,-0.8430011577272968,-0.8443126132909579,-0.8436925431276873,-0.8465982041191819,-0.8462522021723385,-0.8419721922911431,-0.8425395035901334,-0.8384241722416431,-0.8423130661063046,-0.8426826825249129,1
-0.8105316969271708,-0.8065623536763623,-0.8072207001982523,-0.8067992731051234,-0.8094584319952283,-0.8091541292333698,-0.8100247629032044,-0.8105996083187869,-0.8129416678427756,-0.816327345012698,-0.8161355585382243,-0.8191335904250794,-0.8211671161031396,-0.824014181308619,-0.8255682714516681,-0.8274761456545504,-0.8326884304123826,-0.8312697138925663,-0.8307281052419652,-0.8320289358142007,-0.8314096949345654,-0.8295844689519968,-0.8313173367626043,-0.83329360960664,-0.8349352816803467,-0.8370825494022371,-0.8388994218345187,-0.8379433263962732,-0.8397840463561967,-0.842225312504949,-0.8435564204531791,-0.8429795994395516,-0.8458778128298601,-0.8455237878781013,-0.8412491992369672,-0.8418239134883803,-0.8376820144849141,-0.8415768809283467,-0.841942053680556,-0.8411239855429685,0
-0.8059430153158421,-0.8065990723188786,-0.8061555921453587,-0.8088198252849766,-0.8085030173695663,-0.8093746667496774,-0.8099512313270041,-0.8122912728924538,-0.815590178330078,-0.8154074656167365,-0.818417495016431,-0.8204221359025867,-0.8232661967699733,-0.8247877457122316,-0.8266736833989855,-0.8318990916662127,-0.8304763129218741,-0.8299789347000333,-0.8312814534945847,-0.8306636223497904,-0.828825936117864,-0.8305813475498247,-0.8325360880424403,-0.8341802280716555,-0.8363025426071231,-0.8381175338901069,-0.8371616201122691,-0.8390158997466104,-0.8414488653233015,-0.8427804136029027,-0.8422237899110615,-0.8451642610293565,-0.8448036972135378,-0.8405221950316925,-0.8411009621129563,-0.8369677826978972,-0.8408338203928808,-0.8412059740240286,-0.8403838014924115,-0.8429053535223335,1
-0.8059797247687327,-0.8055342316859045,-0.8081756246594674,-0.8078646551635915,-0.808723497667796,-0.8093011542442415,-0.8116424575796093,-0.8149390957034108,-0.814670556633098,-0.817688766518721,-0.8197056849638057,-0.8225206242516703,-0.8240395422788068,-0.8258928377173923,-0.8310953311882556,-0.8296876186603817,-0.8291859110524107,-0.8305321257825474,-0.8299165278047896,-0.8280805968765814,-0.829822528804306,-0.8317997547249477,-0.8334224526095938,-0.8355470982052209,-0.8373372265517107,-0.8363802384997542,-0.8382338807494019,-0.8406802377040302,-0.8420038049790032,-0.841448170967814,-0.8444078232995321,-0.8440904443157234,-0.8398035038272103,-0.8403739996880951,-0.8362461963015959,-0.8401187072566075,-0.8404630196978259,-0.8396481650258927,-0.8421646611360052,-0.8428311298565265,1
-0.8049151506349045,-0.8075537570243035,-0.8072207001982523,-0.8080850790377574,-0.8086500042350527,-0.8109919418692663,-0.8142895943228176,-0.8140197127829397,-0.8169512184416083,-0.818976597673067,-0.8218035943066732,-0.8232937515381747,-0.8251443215771403,-0.8303132057380349,-0.8288845072936206,-0.8283975927403134,-0.8297389404250377,-0.8291675877790124,-0.8273342359592316,-0.8290769067019621,-0.8310405865321794,-0.8326858690341281,-0.8347889313172887,-0.8365814864144056,-0.8356004356447244,-0.8374521867193335,-0.839897733462194,-0.8412350170231703,-0.8406719498053193,-0.8436315686197651,-0.8433343153628261,-0.8390916423729495,-0.8396553499490969,-0.8355206021852836,-0.8393962351868297,-0.8397480102497005,-0.8389056567785952,-0.8414285181666195,-0.8420904586508554,-0.8424228996945888,0
-0.806934170543889,-0.8065990723188786,-0.8074410673816097,-0.8080116044130353,-0.810340353188147,-0.8136383920649571,-0.8133704496203147,-0.8162997824257082,-0.8182386888173804,-0.8210739226958591,-0.822576508275098,-0.8243982190903238,-0.8295634387704746,-0.8281030217277136,-0.8275948600217501,-0.8289504609917712,-0.8283748013058908,-0.8265860293939463,-0.8283302628139468,-0.8302946187107605,-0.8319264466979056,-0.8340519619274479,-0.8358230233123011,-0.8348451919204171,-0.836672072587333,-0.8391155546462669,-0.8404523510331247,-0.8399035466572344,-0.842854712451079,-0.8425583731637213,-0.838336950829885,-0.8389435297227934,-0.8348033104408826,-0.8386697532367262,-0.8390256423768022,-0.8381910828206905,-0.8406855001148589,-0.8413543367857559,-0.8416823449825319,-0.8430909126868507,1
-0.8059797247687327,-0.8068193841739767,-0.8073676116538239,-0.8097015207816399,-0.812986116766903,-0.8127194857470089,-0.8156499284825218,-0.8175869185143679,-0.8203354262864947,-0.8218466213884668,-0.8236806710871336,-0.8288160892989207,-0.8273538801738075,-0.8268137477216928,-0.828147565995409,-0.8275867193048421,-0.8257939975669641,-0.8275817733424718,-0.8295476289697099,-0.8311802274444321,-0.8332921477867334,-0.8350857619548251,-0.8340872260349589,-0.835916522565644,-0.8383349574982772,-0.8396700106219113,-0.839121268862891,-0.8420856786458516,-0.8417818291167225,-0.8375624632821385,-0.8381888807696498,-0.8340928404301757,-0.8379515803507925,-0.838299264877733,-0.8374691525746866,-0.8399704284538447,-0.8406113399758478,-0.840946339191006,-0.8423501673488795,-0.8428682416894301,1
-0.8061999814860765,-0.806745946888944,-0.8090570933928968,-0.8123466072716297,-0.8120674488576127,-0.8149983734155205,-0.8169367310660258,-0.8196831115730422,-0.8211079085119579,-0.8229504766636204,-0.8280973223352754,-0.8266071541946224,-0.8260649709924183,-0.8273662937242731,-0.8267842245937174,-0.8250066674647057,-0.826789450437693,-0.828798793724003,-0.8304329861739013,-0.8325455409088425,-0.834325651313414,-0.8333504547660134,-0.835158249886936,-0.8375789321875478,-0.838889252468592,-0.8383393162803646,-0.8413027646418851,-0.8410131052955143,-0.836787372215408,-0.8374144363226842,-0.8333395862969439,-0.8372402342459963,-0.837581195655509,-0.8367432137699612,-0.8392479980628187,-0.8398962890524633,-0.8402034592112875,-0.8416139716187785,-0.8421275598934304,-0.8404930843836101,1
-0.8061265625802952,-0.8084350044446958,-0.8117014995931846,-0.8114281744626055,-0.8143457452726528,-0.816284842260648,-0.8190323809877322,-0.820455393226238,-0.822211454548334,-0.8273658977642355,-0.8258889967112045,-0.8253186087171148,-0.8266173606415851,-0.8260033469179082,-0.8242049300499765,-0.8260018303173298,-0.8280061150574727,-0.8296838994560257,-0.8317979118636963,-0.8335787510981261,-0.8325908418222002,-0.8344211762229398,-0.8368201834503487,-0.8381330687281824,-0.8375589445398366,-0.8405201764512329,-0.8402305040047524,-0.8360200914232546,-0.836639388307221,-0.8325665534005556,-0.836486075076944,-0.8368699526206056,-0.8360255799353182,-0.8385215578931289,-0.8391738795008131,-0.8394885223448655,-0.8408709004623862,-0.8413914274761878,-0.8397530803686388,-0.8402704133861895,1
-0.8078151974132642,-0.8110787467058727,-0.8107833029958624,-0.8137058878289856,-0.8156318803456591,-0.81837994866557,-0.8198044625378347,-0.8215586527308033,-0.8266256386938379,-0.825158187213928,-0.8246008067638299,-0.8258708424931894,-0.8252547995069738,-0.8234247989058667,-0.8251998008025623,-0.8272181404705369,-0.8288909620536762,-0.8310484374595607,-0.8328308286019196,-0.8318444339946859,-0.8336612561891193,-0.8360826405526529,-0.8373741613048197,-0.8368031410306593,-0.8397391714230747,-0.8394482282316535,-0.8352389458663759,-0.835872150271484,-0.8317929153140935,-0.8357121262889596,-0.8361158999263557,-0.8353147697939648,-0.8378034264726792,-0.8384474602213302,-0.838766227409783,-0.8401557769572983,-0.8406484200453533,-0.839017623288552,-0.8395304729131896,-0.8386003809055349,0
-0.8104582780213895,-0.810160780642964,-0.8130604305572214,-0.8149916937616195,-0.817726443178841,-0.8191518299726465,-0.8209074361808382,-0.8259716907490651,-0.8244185466210859,-0.8238703560595819,-0.8251528881698474,-0.8245086658455388,-0.8226769811441954,-0.8244193817105113,-0.8264157539446115,-0.8281027296728694,-0.8302551011728232,-0.8320810608135871,-0.8310970040770449,-0.8329145445478724,-0.8353222439998559,-0.8366364619958907,-0.8360446144540895,-0.8389827447571556,-0.838667534480466,-0.8344581244508534,-0.8350910478474611,-0.831027077550995,-0.8349375733630693,-0.8353420588903239,-0.834561164293885,-0.83709212159584,-0.8377293495336224,-0.8380399230264377,-0.8394332944678324,-0.839933358753154,-0.838275295597002,-0.8387950791459611,-0.8378609169973207,-0.8396024003939276,1
-0.8095405416991238,-0.8124373364789774,-0.8143459057934725,-0.8170857205661947,-0.8184981242226449,-0.8202545175541843,-0.8253193307528518,-0.8237651717399342,-0.823131076245314,-0.8244222836971588,-0.823791087368337,-0.821931574890524,-0.8236712825126956,-0.825634982916188,-0.8273000835024655,-0.8294664713597985,-0.8312874226683938,-0.8303477287550427,-0.8321668106987761,-0.8345750609235065,-0.8358759066034347,-0.8353072905321202,-0.8382235940150085,-0.8379114141119286,-0.8336788797476332,-0.8343102695240149,-0.8302473877279996,-0.8341708270261214,-0.8345676135926016,-0.8337877758160536,-0.8363380050167086,-0.8370180652707618,-0.8373219263688106,-0.8387068020726255,-0.8392109387818159,-0.8375608979089485,-0.838052815179969,-0.8371259980765298,-0.8388626505468421,-0.8406415317152238,1
-0.8118165277783428,-0.8137224889670495,-0.816439394035367,-0.817857204125775,-0.8196005257137933,-0.8246652678803358,-0.8231133834668449,-0.8224780356512745,-0.8236828492635019,-0.823060862191136,-0.8212147074735876,-0.8229255956874584,-0.8248865397408626,-0.8265190565203165,-0.8286634249041571,-0.830498492095853,-0.8295545973008288,-0.8314172315145701,-0.8338268554566348,-0.8351285663820514,-0.8345471163548455,-0.837485654875522,-0.8371525701630312,-0.8329241852462169,-0.8335310677555493,-0.8294680206700532,-0.8333902206299402,-0.8338009741466947,-0.8330137825566369,-0.8355640993295054,-0.836263969986591,-0.8366107554828323,-0.8379886188203209,-0.8384845090572295,-0.8368391447976399,-0.8373384797048042,-0.8363842120522219,-0.8381274467181885,-0.8399014853389383,-0.8361509999339081,1
-0.8131013586295148,-0.8158154515904811,-0.8172106791771178,-0.8189593234966042,-0.8240101316783868,-0.82245989271726,-0.821826580883341,-0.8230296654035573,-0.8223218091519715,-0.8204851998824437,-0.8222084540044196,-0.8241405099948224,-0.8257703631795293,-0.8278820033266814,-0.8296951427216535,-0.8287661715746186,-0.8306237874212412,-0.8330768047621125,-0.8343802037092544,-0.833800153281544,-0.8367248559289223,-0.8364149334185956,-0.832166769472793,-0.8327764155020477,-0.8286902250148003,-0.8326099378653719,-0.8330204755826531,-0.8322475920531028,-0.8347895894548822,-0.8354900858497781,-0.835856777320944,-0.8372772624085353,-0.8377663880031507,-0.8361133835596727,-0.8366167891116234,-0.8356703431737224,-0.8373853739288701,-0.8391659860502791,-0.8354122349873795,-0.8323284811448541,1
-0.8151937974442807,-0.8165865430833243,-0.8183125150939042,-0.8233678009799204,-0.8218053286960901,-0.8211734238721325,-0.8223780677048427,-0.82166897868126,-0.8197468684004275,-0.8214786696300822,-0.8234230330976585,-0.8250240840365418,-0.8271329243141408,-0.828913422531498,-0.827963330670856,-0.8298350501941036,-0.8322828755391226,-0.8336299958446268,-0.8330521679029674,-0.83597727475182,-0.8356544415620032,-0.8314305404294559,-0.8320190420449342,-0.8279369563805054,-0.831831229846584,-0.8322403005482756,-0.8314675463840471,-0.8340228858743508,-0.8347155975007886,-0.8350830117112789,-0.8365230925920027,-0.837055093433301,-0.8353959259533362,-0.8358910905442768,-0.8349491214664997,-0.8366712250923715,-0.8384236158750239,-0.8346780125080305,-0.8315908070021681,-0.8272812718699868,1
-0.8159646959549839,-0.8176881023588147,-0.8227198587610508,-0.8211635622382623,-0.8205191936230836,-0.8217247676629015,-0.8210177335451384,-0.8190947065039406,-0.820740059833166,-0.8226929104327513,-0.8243063633472869,-0.8263862606841925,-0.8281640516592521,-0.827182111723413,-0.829031895553263,-0.8314936549484769,-0.8328359049117497,-0.8323023372465929,-0.8352286710299378,-0.8349071641986334,-0.8306714781297936,-0.8312828547112592,-0.8271809687825548,-0.8310770634441015,-0.8314616998663741,-0.830687823816471,-0.8332423226110254,-0.8339489152984654,-0.8343086417532741,-0.8357491330288231,-0.8363009875016498,-0.8346852910308007,-0.8351736951361661,-0.8342238929288072,-0.8359497220535739,-0.8377091767117113,-0.8339369274648595,-0.8308576713935543,-0.8265450380119862,-0.8227907400886709,0
-0.8170659795417027,-0.822094339460776,-0.8205161869274776,-0.8198777563056283,-0.8210703943686578,-0.820364786312338,-0.8184441283781304,-0.8200876400580496,-0.8219539604731795,-0.8235759946528742,-0.8256681641487974,-0.8274170970661984,-0.8264332307585296,-0.8282503673284016,-0.8306900134742392,-0.8320465231999348,-0.8315086344174447,-0.8344782221711486,-0.8341588644082065,-0.8299256150717307,-0.8305238347688392,-0.8264461474403162,-0.8303201766245566,-0.8307076390836784,-0.8299096739494927,-0.8324620829385333,-0.8331683736015679,-0.8335420771310962,-0.834974569340116,-0.8355270925896419,-0.8339318665378851,-0.8344631220555664,-0.8335069640073903,-0.8352242114980889,-0.8369873819216509,-0.8332237429281355,-0.8301176803057939,-0.8258133374948284,-0.8220557876604273,-0.8269843772067592,1
-0.8214711138885783,-0.8198912209097954,-0.8192307116912264,-0.8204288159910428,-0.8197107658629081,-0.8177918486220831,-0.8194368046568336,-0.8213012255130714,-0.8228367973022803,-0.8249374161588973,-0.8266987161066972,-0.8256867645678313,-0.827501184080252,-0.8299080053361426,-0.831242719447898,-0.8307196393964361,-0.8336838832831115,-0.8334087194116211,-0.8291787301346302,-0.8297780136161187,-0.825688514697584,-0.8295844689519968,-0.8299508580549094,-0.8291560567699015,-0.8316834178545001,-0.832388155475114,-0.8327616540495522,-0.834207812314064,-0.8347525934778355,-0.8331586612383729,-0.8337097614475322,-0.8327968547413084,-0.8345070026846558,-0.83626157890327,-0.8325032089203181,-0.8294055637569923,-0.8250747908530471,-0.8213253639525796,-0.8262482280713872,-0.8255741275564287,0
-0.8192685467151405,-0.8186060684217233,-0.8197816296496198,-0.819069535433687,-0.8171384957168952,-0.8187842674454672,-0.8206500756641373,-0.8221838331167238,-0.8241978374138107,-0.8259676810823741,-0.8249688610345083,-0.8267544165349089,-0.8291583530277522,-0.8304605513387229,-0.829916225111117,-0.8328942545188367,-0.8326146931626989,-0.8284299996689936,-0.8290311706005984,-0.8249440659448278,-0.828825936117864,-0.8292152546565049,-0.8283997200623907,-0.8309292936999323,-0.831609511858458,-0.8319815544263082,-0.8334271951346689,-0.8339859005864081,-0.8323848509468419,-0.8329366207991914,-0.8320439732698852,-0.8337966151298631,-0.8355440798314496,-0.8317786697594517,-0.8286861029770348,-0.8243640844630555,-0.8205881024428826,-0.8255166119713739,-0.8248383808535423,-0.8245721080680359,0
-0.8179837158639685,-0.8191568480594684,-0.818422698685583,-0.8164979235684192,-0.8181306570589288,-0.8199972237851588,-0.8215324545785401,-0.8235445198390211,-0.8252278137144283,-0.8242383078179666,-0.8260362184194758,-0.8284111178631326,-0.829710742676919,-0.8291344409325302,-0.8320902019408415,-0.8318253758993516,-0.8276374288090547,-0.8282824820469898,-0.8241985958610539,-0.8280805968765814,-0.8284568277154781,-0.8276645546154392,-0.8301724491966977,-0.8308554088278477,-0.8312030288802272,-0.8326469015970814,-0.8332053481062968,-0.8316188421580776,-0.8321628750845612,-0.8312713175053305,-0.8330434461764733,-0.8348334036809569,-0.8310624250185191,-0.8279626396618212,-0.8236460407606607,-0.8198786506794795,-0.8247781502970032,-0.8241071657349652,-0.823836647304021,-0.827652390199021,0
-0.8185343576573278,-0.8177982582863637,-0.8158517482130808,-0.8174898310021653,-0.819343298699192,-0.8208793738503891,-0.8228927887382443,-0.8245742287099489,-0.8234989249241059,-0.8253053679172818,-0.827692462637529,-0.8289633516392073,-0.8283850075189189,-0.8313077885426795,-0.8310216370584345,-0.8268495616362317,-0.8274899543096874,-0.823451279926366,-0.8273342359592316,-0.8277115932375516,-0.8269065724254573,-0.8294367832338001,-0.8300985854827683,-0.8304490420313824,-0.831868182844605,-0.8324251192068236,-0.830838979803659,-0.8313969304304216,-0.8304980561174564,-0.832270499481647,-0.8340799365981204,-0.83035299601373,-0.8272474626570988,-0.8229239979795129,-0.8191618677593279,-0.8240675268575299,-0.8233691076557944,-0.8231057170933065,-0.8269160504377349,-0.830361554000972,0
-0.8171761079003746,-0.8152279533102196,-0.8168434005381888,-0.8187021623100773,-0.8202252198921107,-0.8222393552009525,-0.8239222308050475,-0.822845788819463,-0.8245656860926027,-0.8269611508300124,-0.8282445440435469,-0.8276379905766282,-0.8305577401389749,-0.8302395329376908,-0.8260472832955057,-0.8267021301025096,-0.8226601644554103,-0.8265860293939463,-0.8269653371241519,-0.8261617779536262,-0.8286782927569097,-0.8293629403747017,-0.8296923350561562,-0.8311140058801438,-0.831646464856479,-0.8300594403774073,-0.8306171327752866,-0.8297325924730018,-0.8314969474977192,-0.8333066881978272,-0.8296008172760029,-0.8265390952722063,-0.8222102308012429,-0.8184410888356944,-0.8233495665126388,-0.8226588782312828,-0.8223679457791463,-0.8261842443991465,-0.8296244411457002,-0.8311037906590407,0
-0.8146064461980306,-0.8162193566581609,-0.8180554200466541,-0.8195838578067406,-0.8215848483978604,-0.8232685302770545,-0.8221942387643422,-0.8239122730072096,-0.8262210051471667,-0.8275130784675893,-0.8269195486691043,-0.829810110095855,-0.8294897868172523,-0.8252666189144678,-0.8258998950358634,-0.8218737473731117,-0.8257939975669641,-0.8262172353389369,-0.8254159620168169,-0.8279329954209695,-0.8286044710764325,-0.8289568046496607,-0.8303571084815213,-0.83089235126389,-0.829281472983136,-0.8298376579871496,-0.8289532800624946,-0.8307311952474536,-0.8325328348550289,-0.8288288726743345,-0.8257880132249441,-0.8215032651668933,-0.8177285759883122,-0.8226276072923183,-0.8219413138345342,-0.8216579963126337,-0.8254455915481019,-0.8288918648006685,-0.8303664659971975,-0.8314749089880751,0
-0.8155976014260776,-0.8174310718612002,-0.8189368887800834,-0.8209431383640964,-0.8226137564562656,-0.8215409863993118,-0.8232604466192454,-0.8255671622640577,-0.8267727781653547,-0.8261884521374049,-0.8290910688661075,-0.8287424581287774,-0.8245182799747514,-0.8251192733137798,-0.8210729295325769,-0.8250066674647057,-0.8254253113185461,-0.8246683003078972,-0.8271866764251997,-0.8278591946931635,-0.828198451833808,-0.8296213903815459,-0.8301355173397329,-0.8285280353571822,-0.8290597549950101,-0.8281742900602163,-0.8299515916901697,-0.8317667833098482,-0.8280563216323693,-0.8250171784683861,-0.8207536311769441,-0.8170228574996663,-0.8219139230450161,-0.8212197515281439,-0.82094071324746,-0.8247347814699627,-0.8281524366220029,-0.8296336786093046,-0.8307374784229462,-0.8356685461061634,1
-0.8168090133714683,-0.8183123192815925,-0.8202958197441202,-0.8219717831102036,-0.8208866607867997,-0.8226069177281318,-0.8249149070837505,-0.8261187920163404,-0.8254485229217036,-0.8283593675118739,-0.8280237114811397,-0.823772354144106,-0.8243709760683069,-0.8202937048912449,-0.8242049300499765,-0.8246380886304006,-0.82387682907519,-0.8264385117719425,-0.8271128966581838,-0.8274532906902308,-0.8288628469581026,-0.829399861804251,-0.8277718784939904,-0.8283063807409283,-0.8273968700840658,-0.8291723108163762,-0.8309868778225737,-0.827291563468786,-0.8242457359965515,-0.8199842618469396,-0.8162745118548266,-0.8212070398665807,-0.8205064612029386,-0.8202194329588621,-0.8240166335706882,-0.8274408696203845,-0.8288940380121127,-0.8300045855136227,-0.8349299188339061,-0.8334789479648606,1
-0.8176900402408435,-0.8196709090546973,-0.8213241999331211,-0.820245129429238,-0.8219523155615766,-0.8242609491004385,-0.8254663939052522,-0.8247948806108619,-0.8276188301265763,-0.8272923074125585,-0.8230549788269801,-0.8236250918038195,-0.8195467731322504,-0.8234247989058667,-0.8238364594008707,-0.8230900575263188,-0.8256465230675969,-0.8263647529609406,-0.8267071079395961,-0.8281174972404844,-0.8286413819166711,-0.8270368903131031,-0.827550287352202,-0.8266439711190245,-0.8283946010306323,-0.8302072953042459,-0.8265129627503994,-0.8234820788106915,-0.8192142831181901,-0.8155064463234468,-0.8204574910564735,-0.8197999696900962,-0.8195064225256732,-0.8232944863385061,-0.8267219610838891,-0.8281822636341988,-0.8292648387071676,-0.8341958335324169,-0.832740945521989,-0.8317718036513025,1
-0.8190482899977968,-0.820699031045155,-0.8195979903301555,-0.8213105114877061,-0.8236059177982991,-0.8248122928912075,-0.8241428255336481,-0.826964624303174,-0.8265520689580795,-0.8223249586743667,-0.8229077571187087,-0.8188022501594346,-0.8226769811441954,-0.8230564349041465,-0.8222888826746261,-0.8248592359309836,-0.8255727858179133,-0.8259590795004302,-0.8273711258427395,-0.8278960950570666,-0.8262790881414014,-0.826815361735808,-0.8258883537887893,-0.8276414168921667,-0.82942928497522,-0.8257346837673806,-0.8227045887633418,-0.8184520796504892,-0.8147377698955304,-0.819688207928031,-0.8190508254842382,-0.8188002093015415,-0.8225806154965264,-0.825999051359157,-0.827463146703944,-0.8285529606411058,-0.8334548865612881,-0.8320074827969403,-0.8310342883635452,-0.830361554000972,1
-0.8200761546787344,-0.8189732548468868,-0.8206630983830491,-0.8229636905439497,-0.8241571185438732,-0.8234890677933621,-0.8263120070315549,-0.8258981401154273,-0.8215861117943876,-0.8221777779710129,-0.8180862461728203,-0.821931574890524,-0.8223087213780843,-0.8215093060969215,-0.8240575417903342,-0.8247855201641227,-0.8251672309446534,-0.8266229087994472,-0.8271497865416917,-0.8255344717672756,-0.8260576230999698,-0.8251538974060948,-0.826885513926837,-0.8286758051013514,-0.8249579722146808,-0.8219274194012887,-0.8176760561202365,-0.8139768598094267,-0.8189183153018159,-0.8182819518132151,-0.81805135257765,-0.8218735467922839,-0.8252844237720961,-0.8267400280771434,-0.8278337395139715,-0.8327418368191561,-0.8312671624604642,-0.8303013110370772,-0.8296244411457002,-0.825351456559008,0
-0.8183508103928748,-0.8200380954798607,-0.822315852258229,-0.8235147502293642,-0.8228342367544952,-0.8256576867037199,-0.8252457991766515,-0.820933472344883,-0.8214389723228708,-0.8173576099361748,-0.8212147074735876,-0.8215634190398077,-0.8207620303604173,-0.8232774533051787,-0.823983847660513,-0.824380083446387,-0.8258308661918059,-0.8264016323664415,-0.8247888339971814,-0.8253130695838576,-0.8243966352892333,-0.8261507760039227,-0.8279196059218493,-0.8242057703402321,-0.8211518134185194,-0.8169003518887787,-0.8132021410480621,-0.8181561973469479,-0.8175124681740384,-0.8172827698368986,-0.8211238063275323,-0.8245766026576358,-0.8260251931626631,-0.8271105164361366,-0.8320214382672823,-0.8305547244784043,-0.8295614792632116,-0.8288918648006685,-0.8246157733980931,-0.8256483512222356,0
-0.819415384526703,-0.8216904343930962,-0.8228667702166224,-0.8221922069843693,-0.8250022930204204,-0.8245917553748999,-0.8202824177831362,-0.8207863710776077,-0.8166201546306956,-0.8204851998824437,-0.8208466532029091,-0.8200171644667987,-0.822529677237751,-0.8232037805048346,-0.8235785299464966,-0.8250435253481362,-0.825609654442755,-0.8240413504143811,-0.8245674946961336,-0.8236525532082234,-0.8253932279756752,-0.8271845760312998,-0.8234508512291173,-0.8204006994278744,-0.8161262056876655,-0.8124277403519135,-0.8173802600824068,-0.8167507564051265,-0.8165135767937757,-0.8203543292455754,-0.8238260849268265,-0.8253171659084171,-0.8263955778579466,-0.8312970348927604,-0.8298349406881201,-0.8288495182466316,-0.8281524366220029,-0.8238846215923744,-0.8249125833386921,-0.8266132588777249,1
-0.8210673099067813,-0.8222412140308414,-0.8215445671164784,-0.8243597084136666,-0.8239366382456436,-0.8196296612579795,-0.8201353546307357,-0.8159688045743386,-0.8197468684004275,-0.8201172481240592,-0.8193008252660593,-0.8217843125502374,-0.8224560252845287,-0.8227985801029424,-0.824241777114887,-0.8248223780475532,-0.8232500624528793,-0.8238200739813755,-0.8229074499382748,-0.824648863033604,-0.8264267315023557,-0.8227170830558488,-0.8196468699617503,-0.8153765281261204,-0.8116548929271263,-0.8166046420351017,-0.8159752289027157,-0.8157521536306747,-0.8195842428886578,-0.8230558212556165,-0.8245664352280029,-0.8256874475338077,-0.8305809249146504,-0.8291111535747003,-0.8281302137619936,-0.8274408696203845,-0.8231466272387615,-0.8241813471158289,-0.8258772156456387,-0.8262050287157872,1
-0.8216179517001407,-0.820919342900253,-0.8237115110861588,-0.8232943263551984,-0.8189758315354759,-0.8194826362471078,-0.8153190363896208,-0.8190947065039406,-0.8193790197216355,-0.8185718507388439,-0.8210674857653162,-0.8217106813800942,-0.8220509395418064,-0.8234616353060387,-0.8240206947254236,-0.822463473508,-0.8230288507038285,-0.822160500733833,-0.82390347679299,-0.8256820732228874,-0.8219605198334864,-0.8189141758122829,-0.8146241374145473,-0.810906493365001,-0.8158305817034976,-0.8152000202301357,-0.8149769172750405,-0.8188219325299158,-0.8222849492130725,-0.823795956052888,-0.8249366103785911,-0.8298716299007222,-0.8283956552124777,-0.8274069071233313,-0.8267219610838891,-0.8224364600271385,-0.8234432677948055,-0.8251457050670559,-0.8254691019773152,-0.8266132588777249,1
-0.8202964113960781,-0.8230857428087174,-0.822646403033265,-0.8183347891864676,-0.8188288446699895,-0.8146675671410591,-0.8184441283781304,-0.8187269533357522,-0.8178340552707091,-0.82033801917909,-0.8209938749111805,-0.8213057099443062,-0.8227138071208066,-0.8232406169050066,-0.8216624825711463,-0.8222423262074169,-0.8213697625859471,-0.8231562446823584,-0.8249363935312133,-0.8212171291906265,-0.8181587032889116,-0.813892861393594,-0.8101553827218152,-0.8150809886377819,-0.8144263677787001,-0.8142019994739758,-0.8180458011675237,-0.8215218585497303,-0.8230248687540079,-0.8241660234515238,-0.8291195895802381,-0.8276869683109173,-0.8266918856141735,-0.825999051359157,-0.8217189581485177,-0.8227330176326643,-0.8244073496019482,-0.824737707472306,-0.8258772156456387,-0.8257596867209459,1
-0.8224622691166253,-0.8220209021757433,-0.8176881414077253,-0.8181878399370238,-0.8140150248253082,-0.8177918486220831,-0.8180764704971293,-0.8171823900293606,-0.8195997289289108,-0.820264428827413,-0.8205890152134342,-0.8219683904755957,-0.8224928512611399,-0.8208830872939972,-0.8214414001816827,-0.8205837214530436,-0.8223652154566758,-0.8241888680363848,-0.8204727176267487,-0.8174163917086191,-0.8131388290164633,-0.8094253684181428,-0.8143286825588295,-0.8136771760681741,-0.8134286368321336,-0.8172699892058751,-0.8207449400127199,-0.8222615643085835,-0.8233948285244757,-0.8283477850561078,-0.8269355561917675,-0.8259836728341202,-0.8252844237720961,-0.820997458512748,-0.8220154323965397,-0.8236968298506228,-0.8239994688373878,-0.8251457050670559,-0.8250238870664167,-0.8259081340525596,1
-0.821397694982797,-0.8170638854360368,-0.8175412299521537,-0.8133752520177369,-0.8171384957168952,-0.8174242860949038,-0.8165323073969245,-0.8189476052366652,-0.8195261591931523,-0.81985968189319,-0.8212515129006553,-0.8217474969651659,-0.8201359887580283,-0.8206620688929651,-0.8197832822607065,-0.8215788843056675,-0.8233975369522465,-0.8197264599707705,-0.8166730596254275,-0.8123979422178134,-0.8086726173475939,-0.8135974899572005,-0.8129252719941698,-0.8126797302950319,-0.8164957356678753,-0.8199683416206782,-0.8214844301072942,-0.8226314171880101,-0.8275753739307611,-0.8261643874041569,-0.8252327504990618,-0.8245766026576358,-0.8202842303857685,-0.8212938491999425,-0.8229789737026112,-0.823289063143025,-0.8244073496019482,-0.8242926191871243,-0.8251722920367162,-0.8237556477441603,0
-0.816441918842562,-0.8169170108659715,-0.8127298797821855,-0.8164979235684192,-0.8167710285531792,-0.8158805234807508,-0.81829706522573,-0.8188740546030275,-0.8191215256464812,-0.8205219950582822,-0.8210306803382483,-0.8193912995205809,-0.8199150328983615,-0.8190044308852241,-0.8207781530132922,-0.8226109050417221,-0.8189364333463877,-0.8159278812041733,-0.8116560354683431,-0.8079329981855523,-0.8128435422945546,-0.8121944756343316,-0.8119281118561222,-0.8157459524865435,-0.8191933045234072,-0.8207076162548708,-0.8218541751545813,-0.8268107547255312,-0.8253926112850014,-0.8244620773704324,-0.8238260849268265,-0.8195778007148617,-0.8205805381419954,-0.822257118933325,-0.822571321611581,-0.8236968298506228,-0.823554508003322,-0.8244409819488515,-0.823020419967374,-0.8240896542402912,0
-0.8162950810309996,-0.8121068686963303,-0.8158517482130808,-0.8161305504448095,-0.8152276664655714,-0.8176448236112114,-0.8182235336495297,-0.8184695261180203,-0.8197836532683067,-0.8203012240032516,-0.818675133005906,-0.819170406010151,-0.8182578639508613,-0.8199990136898686,-0.8218098708307885,-0.8181511011466294,-0.8151389649876812,-0.8109122820560447,-0.8071923595638782,-0.8121027393065894,-0.8114409303654881,-0.8111975970365036,-0.8149934559841946,-0.818442750317632,-0.8199323644838269,-0.821077253571967,-0.826032294188926,-0.8246286227369141,-0.8236907963408499,-0.8230558212556165,-0.8188287203938853,-0.8198740260151743,-0.8215435383497325,-0.8218495817384325,-0.8229789737026112,-0.8228442267347365,-0.8237028282813439,-0.8222897219038067,-0.8233543311505477,-0.824163877906098,0
-0.8114861427023271,-0.8152279533102196,-0.815484469574152,-0.8145875833256487,-0.8169915088514088,-0.8175713111057755,-0.8178191099804285,-0.8191314818207595,-0.8195629440610315,-0.8179463327495902,-0.8184543004434989,-0.8175137046819272,-0.8192521653193614,-0.8210304328946852,-0.817351375976608,-0.814354739153286,-0.810124832009195,-0.8064498739904303,-0.8113609164002793,-0.8107005254782761,-0.8104443376790463,-0.8142620756890858,-0.8176894815426198,-0.8191815990384782,-0.8203018944640367,-0.8252541552551553,-0.8238507984099318,-0.8229272994915515,-0.8222849492130725,-0.8180599113740336,-0.819124860514356,-0.8208367582411901,-0.8211361151849207,-0.822257118933325,-0.8221266102395479,-0.8229925055374993,-0.8215521842500255,-0.822623538117693,-0.8234285336356973,-0.8259823577183665,1
-0.8146064461980306,-0.8148607668850562,-0.8139418992906506,-0.8163509743189753,-0.8169180154186656,-0.8171669923258783,-0.8184808941662305,-0.8189108299198464,-0.8172087125167627,-0.8177255616945595,-0.8167980562254457,-0.8185077254788614,-0.8202832926644728,-0.8165732284738707,-0.8135561282908178,-0.8093420670067355,-0.8056637284033361,-0.8106172468120372,-0.8099591008269762,-0.8097042156528955,-0.8135079374188492,-0.8169573400461763,-0.8184281186819142,-0.8195510233989012,-0.824477583240408,-0.8230732950842872,-0.8221499711924111,-0.8215218585497303,-0.8172904923117579,-0.8183559652929423,-0.8200873159058854,-0.8204294484532604,-0.8215435383497325,-0.8214049957076406,-0.8222748473635589,-0.8208424628974381,-0.8218859048755749,-0.8226977194985565,-0.8252464945218659,-0.8249432263970703,1
-0.8142393516691243,-0.8133185838993696,-0.8157048367575094,-0.8162774996942533,-0.8165138015385779,-0.817828604874801,-0.8182602994376298,-0.8165572096434401,-0.8169880033094875,-0.8160697787818288,-0.8177918027562775,-0.8195385618608674,-0.8158273494945275,-0.8127790792561523,-0.8085449274629783,-0.8048822631116427,-0.8098298830104607,-0.8092158294030012,-0.8089630739722611,-0.8127669458568432,-0.8162024287562664,-0.8176957686371599,-0.8187974372515615,-0.8237255186716821,-0.8222973563571699,-0.8213729634256441,-0.8207449400127199,-0.8165288446774706,-0.8175864601281321,-0.8193181405293952,-0.8196801232402383,-0.8208367582411901,-0.8206916535505804,-0.8215531910512378,-0.8201254090653994,-0.8211760902036546,-0.8219600650145859,-0.8245151633297152,-0.8242076597297696,-0.8191908922970376,1
-0.8126975546477179,-0.8150810787401542,-0.8156313810297235,-0.8158733892582828,-0.8171752424332669,-0.8176080673584935,-0.8159072889992226,-0.8163365577425271,-0.8153326842549237,-0.8170632485294671,-0.8188223547141773,-0.815083876067199,-0.8120342739035823,-0.8077693288327573,-0.8040864326087978,-0.8090472039392913,-0.8084288752664718,-0.8082200854544757,-0.8120249343034227,-0.815460672421761,-0.8169406455610381,-0.8180649829326516,-0.8229707370885757,-0.8215459149451858,-0.8205975184482046,-0.8199683416206782,-0.8157533818743434,-0.8168247269810119,-0.8185483555313482,-0.818911066390896,-0.8200873159058854,-0.8199851105027915,-0.8208398074286938,-0.819404358569077,-0.8204589425944242,-0.8212502296050359,-0.823776988420355,-0.8234766239976246,-0.8184569671306652,-0.8122880913769984,1
-0.8144596083864681,-0.8150076414551215,-0.8152273745269019,-0.8165346608807801,-0.8169547621350373,-0.815255667184546,-0.8156866942706219,-0.814681668485679,-0.8163258756876619,-0.818093513452944,-0.8143688980389676,-0.81129187080482,-0.8070259410844701,-0.8033121244119427,-0.8082501509436937,-0.8076466043689315,-0.807433422395743,-0.811281076111054,-0.8147178957995048,-0.8161986796998206,-0.817309753963424,-0.8222371044717093,-0.8207917575276569,-0.8198465628872398,-0.8191933045234072,-0.814978237839878,-0.8160491779121731,-0.8177863444675212,-0.8181413997838337,-0.8193181405293952,-0.8192359130595324,-0.8201332231529478,-0.8186915761960494,-0.819737798092171,-0.8205330611564297,-0.8230666449388807,-0.8227387464742012,-0.8177275669806943,-0.81155613601174,-0.8075006649324551,1
-0.8143861894806869,-0.8146037363874418,-0.8158884760769737,-0.8163142370066143,-0.814602972287254,-0.8150351296682384,-0.8140322338061168,-0.8156746020397878,-0.8173558519882795,-0.8136412971764906,-0.8105779390509791,-0.8062849512350769,-0.8025699979145248,-0.8074746376313812,-0.8068499624770915,-0.8066514415163076,-0.8104935182576132,-0.8139732727126231,-0.8154556934696643,-0.8165676833388504,-0.8214806789103846,-0.8200587401283075,-0.8190928921072794,-0.818442750317632,-0.8142046497905743,-0.815273947693555,-0.8170105150351197,-0.8173795063001519,-0.8185483555313482,-0.818466985512533,-0.8193839831197677,-0.817985589725682,-0.8190249224218046,-0.8198118957639695,-0.8223489659255645,-0.8220286933195409,-0.81699133570085,-0.8108286985603781,-0.8067700757195821,-0.8095047039092408,0
-0.8139823854988899,-0.8152646719527359,-0.8156681088936165,-0.8139630490155123,-0.8143824919890243,-0.8133810982959316,-0.8150249100848198,-0.8167043109107155,-0.8129048829748965,-0.8098513940651294,-0.8055724009697515,-0.8018302654414085,-0.8067313332715811,-0.8060748544248443,-0.8058550917245059,-0.8097106458410406,-0.8131849278710653,-0.814710860822642,-0.8158245923047439,-0.8207374244598876,-0.8193029393363078,-0.8183603543690452,-0.8176894815426198,-0.8134555214519202,-0.8145002737747422,-0.8162350047180054,-0.8166037954831039,-0.8177863444675212,-0.8176974480592724,-0.8186150124719873,-0.817236967246356,-0.8183188431885337,-0.8190989993608613,-0.8216272887230365,-0.8213113060574875,-0.8162828897124806,-0.8100944427728287,-0.8060439994946748,-0.808773542818625,-0.801191653338871,0
-0.8146431556509212,-0.8150443600976378,-0.8133175256044717,-0.8137426251413465,-0.8127288897523018,-0.8143735171193157,-0.816054352151623,-0.8122544975756351,-0.8091160415833388,-0.804847250151099,-0.8011189442945417,-0.8059904265545038,-0.8053319461603586,-0.8050802716201998,-0.8089133981120842,-0.8124012713314686,-0.8139223003679015,-0.8150796548776514,-0.8199931491411449,-0.8185603029896116,-0.8176050406853328,-0.8169573400461763,-0.8127036808523814,-0.8137510609402588,-0.8154610517232878,-0.8158284036691995,-0.8170105150351197,-0.81693568284484,-0.8178454319674595,-0.8164686215598999,-0.8175701248818854,-0.8183928995136117,-0.8209138843677506,-0.8205899213178554,-0.8155671175020611,-0.8093879253840085,-0.8053111138066203,-0.8080468967779925,-0.8004628644818548,-0.8205269182815613,0
-0.8144228989335776,-0.8126943669765918,-0.8130971584211143,-0.8120894460851029,-0.8137210510943352,-0.8154026921954177,-0.8116056917915092,-0.8084666399432938,-0.8041132995517677,-0.8003950338746455,-0.8052779575532087,-0.8045914343217815,-0.8043376447918585,-0.8081376928344776,-0.8116032338505569,-0.8131384290000788,-0.8142909866163195,-0.8192470276992582,-0.8178166460141746,-0.8168628862500744,-0.8162024287562664,-0.8119729470570364,-0.8129991357080992,-0.8147115642773588,-0.815054568745057,-0.8162350047180054,-0.8161601014263593,-0.8170836239966105,-0.8156996652987466,-0.8168016822186721,-0.817644159912003,-0.820207279478026,-0.8198768072209567,-0.8148473517534599,-0.8086740912355496,-0.8046059339949069,-0.8073134375599169,-0.7997385821212675,-0.8197926118633605,-0.835557210607453,1
-0.8120734939485772,-0.8124740551214937,-0.8114444045459345,-0.813081353518849,-0.8147499591527404,-0.8109551856165484,-0.8078188156171975,-0.8034651968559305,-0.7996623305383844,-0.8045528887443912,-0.8038793513246304,-0.8035974135248473,-0.8073942008505812,-0.8108267500470352,-0.8123401751487686,-0.813507007834384,-0.818457141223444,-0.8170711427747025,-0.8161197113728078,-0.815460672421761,-0.8112194653240566,-0.81226831849343,-0.8139593639891821,-0.8143051974808935,-0.8154610517232878,-0.815384838888684,-0.8163079994452741,-0.814938477295936,-0.8160326290921676,-0.8168756956983991,-0.8194580181498854,-0.8191704909269322,-0.8141358444440621,-0.8079562682761855,-0.8038934439861948,-0.8066076978322052,-0.7990075019906868,-0.8190628318362394,-0.8348186151061815,-0.8322171456461438,1
-0.8118532372312334,-0.8108217162082583,-0.8124360568710424,-0.8141099982649562,-0.8103036064717754,-0.8071692915866018,-0.8028186684355819,-0.79901538352085,-0.8038190206087341,-0.8031546720625299,-0.8028856047937984,-0.8066531070857933,-0.810082497143193,-0.8115634780504756,-0.8127086457978744,-0.8176719486620325,-0.8162818923577774,-0.8153746901216591,-0.8147178957995048,-0.8104791232948582,-0.8115147520459653,-0.8132282756617086,-0.8135531135625702,-0.8147115642773588,-0.8146111327688051,-0.8155326938155224,-0.8141634781710088,-0.81527134488742,-0.8161066210462611,-0.8186890259517144,-0.8184215277282383,-0.8134311257333768,-0.8072466891117885,-0.8031769684451725,-0.8058946451603433,-0.798304084877486,-0.8183262182030477,-0.8340845614611215,-0.8314795032744435,-0.8336645071293778,1
-0.8102013118511551,-0.8118131195561995,-0.8134644370600431,-0.8096647834692791,-0.8065186946854993,-0.8021704412169633,-0.7983700080754681,-0.8031709943213797,-0.8024211956293245,-0.8021612023148916,-0.8059404552404299,-0.8093406447960231,-0.8108190166754153,-0.8119318420521958,-0.8168723641327703,-0.8154973335396319,-0.8145859356150541,-0.8139732727126231,-0.8097377615259284,-0.810774326206082,-0.8124744338921687,-0.8128221399366677,-0.8139593639891821,-0.8138618882483858,-0.8147589447608891,-0.8133887973763639,-0.8144962487135672,-0.8153453154633054,-0.817919423921553,-0.8176528372355343,-0.8126838128941207,-0.8065438875011106,-0.8024687265426311,-0.8051776055837361,-0.7975933662157271,-0.8176173989373463,-0.8333436463527716,-0.8307463993222589,-0.8329264517348633,-0.8282090676925726,1
-0.811192467079202,-0.8128412415466572,-0.8090203655290039,-0.8058808402960992,-0.80152114125896,-0.797722934638094,-0.8025245421307811,-0.8017735322822636,-0.8014280041965861,-0.8052152019094836,-0.808627251416383,-0.8100769564974559,-0.8111872764415264,-0.8160943552716343,-0.8146983873030459,-0.8138018709018282,-0.8131849278710653,-0.8089945529699955,-0.8100328805939923,-0.8117337356675596,-0.8120684146495443,-0.8132282756617086,-0.8131099312789934,-0.814009657992555,-0.812615670875672,-0.8137214709617506,-0.8145701977230245,-0.8171575945724959,-0.8168835365642434,-0.8119167925566799,-0.8057985550931797,-0.8017672545335711,-0.8044688038971621,-0.7968786663422871,-0.8169012516181602,-0.832630627717084,-0.8300064400972774,-0.8321929362490993,-0.8274725690763579,-0.8289884161835448,1
-0.8122203317601396,-0.8083982858021795,-0.8052373955480365,-0.8008845658150074,-0.7970747885779949,-0.80187639119522,-0.8011274421829766,-0.8007805987281548,-0.8044811482305596,-0.8079012497456911,-0.80936335995774,-0.8104451123481723,-0.8153486117985829,-0.8139210076614851,-0.813003422317159,-0.8124012713314686,-0.8082076635174209,-0.8092895882140031,-0.8109920175651995,-0.8113278316646269,-0.8124744338921687,-0.8123790827820775,-0.8132576587068523,-0.811866996702101,-0.8129482478578608,-0.8137953984251698,-0.8163819484547316,-0.8161220065101014,-0.8111491601219933,-0.8050335389420548,-0.8010232956505914,-0.8037667753106807,-0.7961721867228112,-0.8161811098458357,-0.8319102604242741,-0.8292943546549201,-0.8314525628079915,-0.8267406047556236,-0.8282516951704302,-0.8268359298751455,1
-0.8077784879603737,-0.8046162656229959,-0.8002424060586038,-0.7964393510193302,-0.8012271675279871,-0.8004796535919386,-0.8001347659042736,-0.803832950024119,-0.8071664435857413,-0.8086371532624602,-0.8097314142284184,-0.8146052734612675,-0.8131758791785269,-0.8122265332535721,-0.8116032338505569,-0.8074254570683485,-0.8085026125161554,-0.8102484527570276,-0.8105862288466118,-0.8117337356675596,-0.8116254845666812,-0.8125267685002742,-0.8111156110028982,-0.8121994786264819,-0.8130221538539028,-0.8156066212789417,-0.8153466623223276,-0.8103892868789884,-0.8042679083912934,-0.8002596694996533,-0.803022241463768,-0.79547246690193,-0.8154692293470828,-0.8311858883850624,-0.8285749251340265,-0.8307400729818578,-0.8260017925906844,-0.8275195092546915,-0.8260998231010878,-0.8244236607364221,0
-0.8039974143126388,-0.799622530240773,-0.7957983345275643,-0.8005906673161197,-0.7998307923058657,-0.7994872347685547,-0.803186326316583,-0.8065175481518949,-0.8079021409433252,-0.8090051050208448,-0.8138904274870855,-0.8124331539420407,-0.8114818842544155,-0.8108267500470352,-0.806628880087628,-0.8077203201357926,-0.8094611967620424,-0.8098427792965173,-0.8109920175651995,-0.810885027297791,-0.8117731279276355,-0.8103853255864216,-0.8114479977155807,-0.8122733634985665,-0.814832850756931,-0.814571636791072,-0.8096156140893768,-0.8035100233216529,-0.7994954273522593,-0.8022580334522865,-0.7947303180905916,-0.8147641395847833,-0.8304698095060654,-0.8278514931541232,-0.8300202370931338,-0.8252908269803233,-0.8267804740502998,-0.8253682492096467,-0.8236882423337214,-0.8246092199009393,0
-0.7990049287195131,-0.7951795744962953,-0.7999485831474606,-0.7991946494464028,-0.7988386309638323,-0.8025380037441426,-0.8058702288478914,-0.8072530544882718,-0.8082699896221172,-0.8131629598905905,-0.8117189072900824,-0.8107396370287454,-0.810082497143193,-0.8058538360238121,-0.8069236566069127,-0.8086786251049861,-0.8090556418887827,-0.8102484527570276,-0.8101435502445161,-0.8110326287534029,-0.8096322991937973,-0.8107176184523643,-0.8115218614295101,-0.8140835428646396,-0.8137981668123434,-0.8088422583760793,-0.802738356209836,-0.7987389211770491,-0.8014932101127852,-0.7939685237228453,-0.8140164434362384,-0.829760545413105,-0.8271363472485137,-0.8292963977541968,-0.8245725227857295,-0.8260692906948283,-0.8246298300189812,-0.8229573543315791,-0.8238737485465958,-0.8262050287157872,0
-0.794563084919747,-0.7993287811006423,-0.798552924319531,-0.7982027420126567,-0.8018886084226761,-0.8052212101925516,-0.8066055446098936,-0.8076208076564603,-0.8124266796924667,-0.8109920445161215,-0.8100258576449613,-0.8093406447960231,-0.8051109903006919,-0.8061485272251884,-0.8078816802945878,-0.8082731883872505,-0.8094611967620424,-0.8094002264305059,-0.810291109778548,-0.8088924076470299,-0.8099644967559446,-0.8107914613114626,-0.8133315224207819,-0.8130491546554549,-0.8080704521190908,-0.801967004278088,-0.7979686450998318,-0.8007361267259531,-0.7932061112543077,-0.8132490351917687,-0.8290085370350616,-0.826428010784589,-0.8285808475601194,-0.823850218876996,-0.8253507676867873,-0.823919248054767,-0.8222196255011243,-0.8231428077837383,-0.8254691019773152,-0.8260936932170768,0
-0.7987112530963881,-0.7979334726850211,-0.7975612719944231,-0.8012519389386171,-0.8045711187178038,-0.80595633524691,-0.8069732024908948,-0.81177641845699,-0.8102563724875941,-0.8092994664275525,-0.808627251416383,-0.8043705408113516,-0.8054055981135809,-0.8071062736296609,-0.8074763625805715,-0.8086786251049861,-0.8086132183906809,-0.8095477440525096,-0.8081514965350857,-0.8092245109221567,-0.8100383184364218,-0.8126006113593726,-0.8122974304257694,-0.807323077068897,-0.8011971944871877,-0.7971986828875457,-0.7999652683551824,-0.7924514222267962,-0.8124810152956772,-0.8282367648365171,-0.8256769606797677,-0.8278721091236126,-0.8231361925394517,-0.8246282444308819,-0.8232013293886277,-0.8215097175098708,-0.8224050258486517,-0.824737707472306,-0.8253577982495905,-0.8324027048106609,1
-0.7973162938865442,-0.7969420693370799,-0.8006096846975326,-0.8039337627409678,-0.8053060530452361,-0.8063238977740893,-0.8111277365462077,-0.809606674764678,-0.8085642685651508,-0.8079012497456911,-0.8036585187622233,-0.8046650654919247,-0.80636307350547,-0.8067010732277687,-0.8078816802945878,-0.8078308937860842,-0.808760692890048,-0.807408738533455,-0.8084835054866574,-0.8092983116499627,-0.8118469496081128,-0.8115668113319955,-0.8065729925962366,-0.8004517839650277,-0.7964302577424807,-0.7991947243998657,-0.7916829792959503,-0.8117207572449243,-0.8274643859996208,-0.8249061582487953,-0.8271206437670617,-0.8224289692303699,-0.8239140003995471,-0.822479411948721,-0.8207924761234489,-0.8216950660133244,-0.8239994688373878,-0.8246264354010105,-0.8316650094873178,-0.8308068959958133,0
-0.7963251386584973,-0.7999897166659364,-0.8032908187617135,-0.8046685089881872,-0.8056735202089522,-0.8104773543312153,-0.808958555048301,-0.8079150101910111,-0.8071664435857413,-0.8029339010074992,-0.8039529621787661,-0.8056222707037873,-0.8059579877627477,-0.8071062736296609,-0.8070341978016445,-0.8079783253198063,-0.8066223126492232,-0.8077406531829634,-0.8085572852536733,-0.8111064294812089,-0.8108134460814322,-0.8058439897518721,-0.7997036672007972,-0.7956862097155699,-0.7984257196356138,-0.7909148484969084,-0.8109466962596106,-0.8266997988617032,-0.8241347480654112,-0.8263494211034748,-0.8216790690534147,-0.8232065606436904,-0.8217657691669026,-0.8200712376152648,-0.8209777725284627,-0.823289063143025,-0.8238882286288713,-0.8309318527744178,-0.8300696560565987,-0.8313635734893647,0
-0.7993720232484195,-0.8026701775696297,-0.8040253760395711,-0.8050358821117969,-0.8098258991589443,-0.8083087354208576,-0.8072673287956957,-0.8065175481518949,-0.8022004864220492,-0.8032282624142069,-0.8049099032825301,-0.8052172992679993,-0.80636307350547,-0.8062590364257044,-0.8071815860612868,-0.8058405680808363,-0.8069541302727995,-0.8078144119939653,-0.810364889545564,-0.8100732192919253,-0.8050922658444507,-0.7989766038557241,-0.7949394576523474,-0.7976811012618547,-0.7901482480789133,-0.810172952717626,-0.8259213706747399,-0.8233711229468635,-0.8255775911702353,-0.820909430343529,-0.82245643686965,-0.8210589272164245,-0.8193582686475597,-0.8202564817947614,-0.822571321611581,-0.8231778540409529,-0.8301918404448049,-0.8293369530858502,-0.8306261746952216,-0.8323284811448541,0
-0.8020518133094354,-0.8034045504199565,-0.8043926546785,-0.8091871984085863,-0.8076578428930192,-0.8066179477958328,-0.8058702288478914,-0.8015528803813504,-0.8024947653650829,-0.8041849369860067,-0.8045050435847838,-0.8056222707037873,-0.8055160760434142,-0.8064063820263925,-0.805044456296473,-0.8061722890317109,-0.807027867522483,-0.8096215028635116,-0.8093319728073407,-0.8043536628869629,-0.7982268495600731,-0.7942137394438794,-0.7969337779284427,-0.7894059955883774,-0.8094007600478463,-0.8251432640600264,-0.8225936652491557,-0.8248135491766274,-0.8201391825443595,-0.8216865718806642,-0.8203094209962383,-0.8186520966513852,-0.8195434609952015,-0.8218495817384325,-0.8224601437685727,-0.8294797031583736,-0.8285973974560688,-0.8298933134423272,-0.8315908070021681,-0.8325882639751782,0
-0.802786002367248,-0.8037717368451199,-0.8085429032983963,-0.8070196969792893,-0.8059674939399251,-0.8052212101925516,-0.8009068474543759,-0.8018470829159012,-0.803451171929942,-0.8037801900517837,-0.8049099032825301,-0.8047755122471397,-0.8056633799498587,-0.8042698708164153,-0.8053760798806683,-0.8062460047985719,-0.8088344301397318,-0.8085888795094851,-0.8036140408636049,-0.797490195201008,-0.7934653511692948,-0.7962074966395354,-0.7886610419683436,-0.8086530047664202,-0.824366724246345,-0.8218165282061597,-0.8240356709335754,-0.8193767118490557,-0.8209160980623418,-0.8195401809685767,-0.8179032825174147,-0.8188372374640805,-0.8211361151849207,-0.8217384352307345,-0.8287602215390403,-0.8278857060286731,-0.8291535984986511,-0.8308576713935543,-0.8318505157001922,-0.834109849124219,0
-0.8031530968961542,-0.807920943449467,-0.8063759593287159,-0.8053297806106847,-0.8045711187178038,-0.800259116075631,-0.8012009737591769,-0.8028032411531912,-0.8030465383832709,-0.8041849369860067,-0.8040633784599697,-0.8049227745874262,-0.8035274733064139,-0.8046013984179635,-0.8054497740104893,-0.8080520410866673,-0.807802108644161,-0.8028725716568386,-0.7967525225311219,-0.7927300482575229,-0.7954585365421788,-0.7879370964205183,-0.8079025394469669,-0.8236146913635551,-0.8210409544244565,-0.8232581137428353,-0.8186004187384545,-0.8201534028958517,-0.8187703313936289,-0.8171347428774441,-0.8180883700927088,-0.8204294484532604,-0.8210249997763356,-0.8280367373336198,-0.827166672455922,-0.8284417515390338,-0.8301176803057939,-0.831117306226577,-0.8333716666457618,-0.835037644946805,0
-0.8073012650727953,-0.8057545435410026,-0.8046864775896432,-0.8039337627409678,-0.7996103120076361,-0.8005531660973746,-0.8021568842497798,-0.802398712668184,-0.803451171929942,-0.8033386479417223,-0.804210600168241,-0.8027874706532712,-0.803858907095914,-0.8046750712183075,-0.807255280191108,-0.8070200203506128,-0.8020874717936806,-0.7960130022336629,-0.7919937275585934,-0.794722667908284,-0.7871905083287346,-0.8071731612156426,-0.8228599415176816,-0.8202898721197475,-0.8224821213472748,-0.8178244451815195,-0.8193768833377575,-0.8180082561951771,-0.8163655928855885,-0.8173197765767621,-0.8196801232402383,-0.8203183639656432,-0.8273215395961554,-0.8264436373899487,-0.8277225616709633,-0.8294055637569923,-0.8303772407923323,-0.832638024534281,-0.8342991977101334,-0.8382292625765005,0
-0.8051354073522482,-0.8040654859852507,-0.8032908187617135,-0.798974225572237,-0.799904285738609,-0.8015088286680406,-0.8017524605806786,-0.8028032411531912,-0.8026051199687204,-0.803485828645076,-0.8020758853983058,-0.8031188109189159,-0.8039325590491362,-0.8064800548267366,-0.8062235623736116,-0.8013070484188825,-0.795229907573104,-0.791255558924041,-0.793985781268024,-0.7864569863940157,-0.80642105609304,-0.8221263401830617,-0.8195360743908562,-0.8217306271253975,-0.81705003063819,-0.8186006835474219,-0.817232362063492,-0.8156042124789039,-0.8165505727708224,-0.818911066390896,-0.8195690706950618,-0.8266131515972843,-0.8257288854064363,-0.8269993699284387,-0.8286861029770348,-0.8296650516618272,-0.8318975236420575,-0.8335652917950762,-0.837489904571572,-0.838526157239728,1
-0.8034467725192793,-0.8026701775696297,-0.7983325571361736,-0.7992681240711248,-0.8008597003642709,-0.8011045098881435,-0.8021568842497798,-0.8019574088663578,-0.8027522594402372,-0.8013517084464455,-0.8024071342419165,-0.8031924420890592,-0.805737031903081,-0.8054486356219199,-0.8005122673124712,-0.7944514821008061,-0.7904738549685105,-0.793247046821092,-0.785722447362238,-0.8056820759874703,-0.8213699463896689,-0.8188034115236353,-0.8209764168124805,-0.8163000890271781,-0.8178260435966308,-0.8164567871082632,-0.8148290192561255,-0.8157891389186174,-0.8181413997838337,-0.8188000461713052,-0.8258620482550617,-0.8250209406081046,-0.8262844624493616,-0.8279626396618212,-0.828945517944054,-0.8311849093901463,-0.8328245253796948,-0.8367550911722118,-0.8377867145121709,-0.8400848542216723,1
-0.8020518133094354,-0.797713160829923,-0.7986263800473167,-0.8002232941925099,-0.8004554864841833,-0.8015088286680406,-0.8013112711234772,-0.8021045101336332,-0.8006187371032437,-0.8016828650289917,-0.802480745096052,-0.8049964057575696,-0.8047059045579696,-0.7997389935952565,-0.7936587132391026,-0.7896968151382692,-0.7924647607099683,-0.7849860599888803,-0.8049420766698919,-0.8206267233681787,-0.8180479707681958,-0.8202433472760534,-0.8155474338386655,-0.8170758801840666,-0.8156827697114136,-0.8140541445471372,-0.8150138917797691,-0.8173795063001519,-0.8180304118526934,-0.8250911919481132,-0.8242702951075324,-0.8255763630461905,-0.8272474626570988,-0.8282219815131164,-0.8304649484651668,-0.8321116519074141,-0.8360134113571669,-0.8370518166956662,-0.8393449667003153,-0.8353345396100323,0
-0.7970960371692004,-0.7980069099700539,-0.7995813045085317,-0.7998191837565394,-0.8008597003642709,-0.8006634348555284,-0.8014583342758776,-0.7999715417581401,-0.8009498009141565,-0.8017564553806685,-0.8042842110223768,-0.8039655693755636,-0.7989978781832463,-0.7928874231632604,-0.7889054418656373,-0.7916871408435172,-0.7842061887454028,-0.8042002302548726,-0.819882479490621,-0.8173056906169103,-0.8194874935375008,-0.8148158971323236,-0.8163230028349248,-0.8149332188936127,-0.8132808248400496,-0.8142389632056853,-0.8166037954831039,-0.817268550436324,-0.824319727950645,-0.8234999021339795,-0.8248255578334146,-0.8265390952722063,-0.8275067319437972,-0.8297409837849887,-0.8313914304902356,-0.8352996461668152,-0.836310051913211,-0.8386096256938022,-0.8345960076507323,-0.8368932365919768,0
-0.7973897127923255,-0.7989615946754788,-0.79917729800571,-0.8002232941925099,-0.8000145258877239,-0.8008104598664,-0.799325918566071,-0.8003025196095097,-0.8010233706499148,-0.803559418996753,-0.803253659064477,-0.7982591536894593,-0.7921482465335783,-0.7881355275410696,-0.7908951833708088,-0.7834309749550811,-0.8034147422879857,-0.8191363894827554,-0.8165623899749035,-0.8187448048091266,-0.8140616000224281,-0.8155912471528565,-0.8141809551309706,-0.8125319605508626,-0.8134655898301546,-0.8158284036691995,-0.8164928719689177,-0.8235560493865768,-0.8227289009376337,-0.824055003231933,-0.8257880132249441,-0.8267982924099797,-0.8290253091944597,-0.8306672046824719,-0.8345785286564721,-0.8355962037723409,-0.8378674148324414,-0.8338620173185306,-0.8361542598388768,-0.8369674602577837,0
-0.7983441585674819,-0.798557689607799,-0.7995813045085317,-0.7993783360082077,-0.8001615127532103,-0.7986785972087602,-0.7996568106589721,-0.8003760702431474,-0.8028258291759957,-0.8025291540732762,-0.7975488178689603,-0.7914114548661343,-0.7873976955507439,-0.7901246931503587,-0.7826414408308381,-0.8026339322223811,-0.8183465353489185,-0.8158172429876704,-0.8180010954317144,-0.8133204513153879,-0.8148367276674385,-0.8134498042390038,-0.8117803844282632,-0.8127166727310742,-0.815054568745057,-0.8157175124740706,-0.8227785377727992,-0.8219656820050422,-0.8232838405933353,-0.8250171784683861,-0.8260471358303558,-0.8283164470740814,-0.8299512709326685,-0.8338534045698138,-0.8348750029044941,-0.8371531312013507,-0.8331211659357387,-0.8354198263166667,-0.8362284623240266,-0.838785940070052,1
-0.7979403545856849,-0.7989615946754788,-0.7987365636389954,-0.7995252852576515,-0.7980302032036568,-0.7990094034832216,-0.7997303422351723,-0.8021780607672709,-0.801795852875378,-0.796825901818315,-0.7907030084343403,-0.7866622443918927,-0.7893862982877444,-0.7818733395118258,-0.8018387616492522,-0.817561375011741,-0.8150283591131557,-0.8172555398022072,-0.8125782825560424,-0.8140953589573506,-0.8126958989336003,-0.8110499113183068,-0.8119650437130869,-0.8143051974808935,-0.814943709750994,-0.8220013468647078,-0.8211886340694645,-0.8225204613241822,-0.8242457359965515,-0.8252762256474311,-0.8275648539477676,-0.8292421511375581,-0.8331365793121067,-0.8341497952570085,-0.8364314927066095,-0.8324082095129398,-0.8346785288549693,-0.8354940076975302,-0.838046423210195,-0.8385632690726313,1
-0.7983441585674819,-0.7981170658976029,-0.7988834750945669,-0.7973945211407154,-0.7983609236510014,-0.7990829159886573,-0.8015318658520779,-0.8011483518963431,-0.7960941983541021,-0.7899819991123619,-0.7859551083425876,-0.7886502859857614,-0.7811372795268539,-0.8010651040014494,-0.8167618229380386,-0.8142441655029944,-0.8164662354819863,-0.8118342671935683,-0.8133529701097099,-0.8119551378509775,-0.8102966943180919,-0.8112345184660528,-0.8135531135625702,-0.8141943701727665,-0.8212257194145614,-0.8204119064011937,-0.8217432516403952,-0.8234820788106915,-0.8245047078358789,-0.8267935019818377,-0.8284902918242382,-0.8324265731159178,-0.8334328870683336,-0.8357058463647801,-0.8316879047382576,-0.8339651369419496,-0.8347526889939804,-0.8373114515286888,-0.8378238157547457,-0.8386374927384382,1
-0.7974998411509974,-0.7982639404676682,-0.7967532589887795,-0.7977251569519641,-0.7984344170837445,-0.800883972371836,-0.8005024237852747,-0.7954481777894218,-0.789252212928571,-0.7852354214292007,-0.7879426014042515,-0.7804035949297139,-0.8003236133412466,-0.8159838460711182,-0.813445587096086,-0.8156816229567846,-0.8110465476302403,-0.8126087347090881,-0.8112133568662473,-0.8095566141972835,-0.8104812485192848,-0.8128221399366677,-0.813442317991676,-0.8204745842999589,-0.819636740499659,-0.8209663623768382,-0.8227045887633418,-0.8237409758262901,-0.8260215428947967,-0.8277186704784271,-0.831673798119297,-0.8327227984162302,-0.8349885027885243,-0.8309635953696666,-0.8332443945403731,-0.8340392763433311,-0.8365696123997494,-0.837088907386098,-0.8378980182398955,-0.8348891976151912,1
-0.7976466789625599,-0.7961342592017203,-0.7970838097638155,-0.7977986315766861,-0.8002350061859536,-0.7998547972957339,-0.794803726629757,-0.7886079688611163,-0.7845069649721542,-0.7872223609244775,-0.7796981857410532,-0.7995845147520384,-0.8152381338687494,-0.8126685700556363,-0.8148826226275988,-0.8102635140924984,-0.8118207887519183,-0.8104697291900334,-0.8088155144382291,-0.8097411160167985,-0.8120684146495443,-0.8127113756480201,-0.8197207336756798,-0.8188860595501397,-0.8201910354699737,-0.8219274194012887,-0.8229634102964428,-0.8252573726319393,-0.826946442320966,-0.8309012501066948,-0.8319699382397675,-0.8342779812428711,-0.8302475786888953,-0.8325196464774381,-0.8333185131023787,-0.8358556916771758,-0.8363471319827164,-0.8371630887669615,-0.834150792739834,-0.8332562769674401,0
-0.7955175306949034,-0.7964647269843674,-0.7971572654916012,-0.7995987598823735,-0.7992060981275484,-0.7941575781244549,-0.7879652900431358,-0.7838639529914849,-0.786493347837631,-0.7789802415366628,-0.7988738132434029,-0.8144948267060527,-0.8119237959737489,-0.8141051896623451,-0.809466104085743,-0.8110375296445393,-0.8096824085110933,-0.8080725678324718,-0.808999963855769,-0.8113278316646269,-0.8119576821288285,-0.8189880186713813,-0.8181326638261964,-0.8194401960907743,-0.8211518134185194,-0.822186165523256,-0.82447936499032,-0.826182004830506,-0.8301280963469887,-0.8311973040256033,-0.8335246738722382,-0.8295383764378705,-0.8318031944090861,-0.8325937441492368,-0.8351344178715133,-0.8356332734730315,-0.8364212921217273,-0.8334169290333491,-0.8325183380665399,-0.8343696319545431,0
-0.7958479157709191,-0.7965381642694,-0.7989569308223528,-0.7985701151362664,-0.7935103570899484,-0.7873209151189202,-0.7832225033782211,-0.7858498200997027,-0.7782535374326902,-0.7981505281484996,-0.813780011205882,-0.8111814240496051,-0.8133600090615825,-0.8086902388370579,-0.8102398924488653,-0.8088997724055692,-0.8072859478963756,-0.8082569648599767,-0.8105862288466118,-0.8112171305729179,-0.8182325249693887,-0.8174003972007664,-0.8186866416806673,-0.8204006994278744,-0.8214104844046664,-0.8237016785233509,-0.8254037276085379,-0.829362739593575,-0.8304240641633628,-0.8327515870998736,-0.8287864319447087,-0.8310935592645113,-0.8318772713481428,-0.8344091371083038,-0.8349120621854969,-0.835707412874413,-0.8326762051016728,-0.8317849386543495,-0.8336313753437858,-0.8361881117668115,1
-0.7959213346767003,-0.798337377752701,-0.7979285506333519,-0.7928758317203162,-0.7866754678448286,-0.7825793585183075,-0.7852078559356273,-0.7776121491322809,-0.7974184535977533,-0.8130525743630752,-0.8104675227697755,-0.8126172318673991,-0.807946590499748,-0.8094638032406704,-0.8081027626840513,-0.8065040099825855,-0.8074702910205848,-0.8098427792965173,-0.8104755591960879,-0.8174901924364251,-0.8166453588391295,-0.8179542186440041,-0.8196468699617503,-0.8206592964801706,-0.8229255573235267,-0.8246257718160916,-0.8285835350152074,-0.8296586218971164,-0.8319778951993274,-0.8280147243973357,-0.8303411675771794,-0.8311676155895895,-0.833692156355032,-0.8341868440929078,-0.8349861807475024,-0.8319633731046513,-0.8310446820434312,-0.8328976593673036,-0.8354493362299543,-0.8366705655945561,1
-0.7977200978683412,-0.7973092557622433,-0.7922357317299543,-0.786042691621176,-0.7819351414328906,-0.7845641961650756,-0.7769723194012016,-0.7967720891949004,-0.8123163250888291,-0.809741008537614,-0.8119029344254216,-0.8072053408618679,-0.8087199360085816,-0.8073272920306931,-0.8057077034648634,-0.8066882993997382,-0.8090556418887827,-0.8097321410800145,-0.8167468393924433,-0.8159034767885969,-0.8171990214427082,-0.8189141758122829,-0.8199053929605034,-0.8221739363579051,-0.8238493822740512,-0.8278046527431198,-0.828879331053037,-0.8312120039907083,-0.8272424101373401,-0.8295690074716059,-0.830415202607297,-0.8329819955540037,-0.8334699255378619,-0.8342609417647064,-0.8312431933662247,-0.83033230627426,-0.8321570841285959,-0.8347151031984623,-0.8359316523834276,-0.8344809674532534,1
-0.7966922331874036,-0.7916178661722099,-0.7854043490458773,-0.7813035783266111,-0.7839194641169577,-0.7763307955562595,-0.7961272950013611,-0.8116660925065334,-0.8090056869797012,-0.8111760203953138,-0.8064925366464477,-0.8079784681483724,-0.8065840293651366,-0.8049329260195116,-0.8058919387894163,-0.8082731883872505,-0.8089450360142572,-0.8160016400151751,-0.8151605744016004,-0.8164569822471416,-0.8181587032889116,-0.8191726258191272,-0.8214195990960572,-0.8230974972589629,-0.8270273401038559,-0.8281003625967969,-0.8304322602516432,-0.8264778871340474,-0.8287962411733047,-0.8296430209513331,-0.8322290608451792,-0.8327598265787692,-0.8335440024769186,-0.8305190093388747,-0.8296125850021036,-0.8314443972949813,-0.833974007534365,-0.8351972821740757,-0.8337426790715105,-0.8314006853222682,1
-0.791002267989356,-0.7847881986641698,-0.7806664546036948,-0.7832873931941033,-0.7756881996497165,-0.7954808032223004,-0.8110174391819074,-0.8083563139928372,-0.81044029682699,-0.8057671295470604,-0.8072654506148725,-0.8058431642142172,-0.804190340885414,-0.8051171080203717,-0.8074763625805715,-0.8081626147369589,-0.8152127022373648,-0.8144158255786343,-0.81571392265422,-0.8174163917086191,-0.8184170791705817,-0.8206864044306437,-0.8223428955201755,-0.8262745467586015,-0.8273229640880239,-0.8296528393286013,-0.8256995236463676,-0.8280312692276391,-0.8288702331273983,-0.8314563512046483,-0.8320069557548263,-0.8328338829038474,-0.8298031170545551,-0.8288888605593043,-0.830724363432186,-0.8332608126288261,-0.8344560484379363,-0.8330089314385991,-0.8306632759377965,-0.8306584486641995,1
-0.784174309751699,-0.7800514937795613,-0.7826497592539108,-0.7750582352252463,-0.7948332388793266,-0.8103670855730615,-0.8077085182528971,-0.8097905513487722,-0.8050329212487476,-0.8065398282396681,-0.8051307358449372,-0.8034501511845606,-0.8043744707684696,-0.8067010732277687,-0.8073658213858398,-0.8144284549201469,-0.813627351369167,-0.8149690166611486,-0.8166730596254275,-0.8176746942559401,-0.8199304236203638,-0.8216094401693732,-0.8255190352191419,-0.8265700862469398,-0.8288749900049052,-0.8249214816697688,-0.8272524528449736,-0.8281052398035246,-0.8306830360026902,-0.8312343107654668,-0.832080990784944,-0.8290940384874018,-0.8281734243953076,-0.830000325636284,-0.8325402682013209,-0.8337427187378054,-0.8322683243371124,-0.8299304041327591,-0.8299212510862991,-0.8231989702506087,0
-0.7794387903288077,-0.7820343004754439,-0.774422717741904,-0.7941983749653111,-0.8097156590098296,-0.807059022828448,-0.8091423839888016,-0.8043845797764018,-0.8058054034742108,-0.8044057080410375,-0.802738383085527,-0.8036342291099189,-0.8059579877627477,-0.8065905640272526,-0.813629822420639,-0.8128435659326347,-0.8141803807417941,-0.8159278812041733,-0.8169312888099832,-0.8191876091759623,-0.8208531946263287,-0.824784683110603,-0.8258144900748599,-0.8281216685607169,-0.8241450062582192,-0.8264739584015731,-0.8273264018544311,-0.829917518912715,-0.8304610601404095,-0.8313083242451941,-0.8283422217640029,-0.827464799335683,-0.8292845784811581,-0.831815718595351,-0.8330220388543566,-0.8315556063970534,-0.8291906785681566,-0.8291885903241228,-0.8224639013287509,-0.8245349962351324,0
-0.7814211007849018,-0.7738093245517826,-0.7935579348300983,-0.8090769864715034,-0.8064084545363844,-0.8084925166844471,-0.8037378131380848,-0.8051568614295975,-0.8036718811372172,-0.8020140216115377,-0.8029224102208663,-0.8052172992679993,-0.8058475098329143,-0.8128527520564963,-0.8120453986294839,-0.8133964341840925,-0.8151389649876812,-0.8161860370426798,-0.8184437740338101,-0.820110118273537,-0.8240275268868474,-0.8250800545469964,-0.8273656280673783,-0.8233930367473012,-0.8256970321751005,-0.8265478858649925,-0.829138152586138,-0.829695607185059,-0.8305350520945032,-0.8275706435189728,-0.8267134511014147,-0.8285756442118548,-0.8310994634880474,-0.8322973534620423,-0.8308355412751943,-0.8284788212397245,-0.8284490771780467,-0.8217333615473296,-0.823799546061446,-0.8302873303351651,1
-0.7731981833374009,-0.7929397373027983,-0.8084327197067176,-0.8057706283590164,-0.8078415764748773,-0.8030893475349116,-0.8045098946881872,-0.8030238930541044,-0.8012808647250692,-0.80219799749073,-0.8045050435847838,-0.8051068525127845,-0.8121079258568045,-0.8112687868490994,-0.8125981046031426,-0.814354739153286,-0.8153970453615739,-0.8176980926682186,-0.8193660211215094,-0.8232835495691936,-0.824322813608756,-0.8266307545880622,-0.8226383503758933,-0.8249446190610783,-0.8257709381711426,-0.8283591087187643,-0.8289163055577657,-0.8297695777609444,-0.826798458412779,-0.8259423469649755,-0.8278239765531793,-0.8303900241762691,-0.831580963591916,-0.830111472143982,-0.8277596209519661,-0.8277374272259103,-0.820995983207443,-0.8230686264028746,-0.8295502386605504,-0.8262421405486905,0
-0.7923238082934186,-0.8078107875219179,-0.8051272119563578,-0.8072033835410941,-0.8024398091682503,-0.8038612288419882,-0.8023774789783805,-0.8006334974608793,-0.8014647890644653,-0.8037801900517837,-0.8043946273035804,-0.8113655019749633,-0.8105244088625264,-0.8118213328516798,-0.8135561282908178,-0.8146127443372996,-0.816908658980088,-0.8186200778057422,-0.8225385511031951,-0.8235787524804175,-0.8258730688987769,-0.8219048116057667,-0.8241894883684118,-0.825018503933163,-0.8275816350741707,-0.8281373263285065,-0.8289902545672232,-0.8260340636787353,-0.8251706354227208,-0.8270525491608827,-0.8296378347910617,-0.8308713902892769,-0.8293956938897432,-0.8270364187643381,-0.827018435331911,-0.8202864173870774,-0.8223308657096408,-0.8288176834198049,-0.82550620321989,-0.8331078296358262,1
-0.8071911367141235,-0.8045061096954469,-0.8065595986481804,-0.8018029986240316,-0.8032114902120542,-0.8017293661843482,-0.799987702751873,-0.8008173740449736,-0.8030465383832709,-0.8036698045242684,-0.8106515499051147,-0.8097824318168828,-0.8110767985116931,-0.8127790792561523,-0.8138140577451919,-0.8161239175579509,-0.8178303746011333,-0.8217917066788234,-0.8228336701712589,-0.8251285677643428,-0.8211484813482373,-0.8234555116468324,-0.8242633520823414,-0.826828683299236,-0.8273599170860447,-0.8282112537919258,-0.8252558295896231,-0.8244067110092581,-0.826280514734124,-0.828865879414198,-0.8301190624868263,-0.828686728699472,-0.82632150091889,-0.8262954420463515,-0.8195695198503582,-0.821620926611943,-0.8280782764829919,-0.8247747981627378,-0.8323699330962403,-0.8294708700112895,0
-0.8038872859539669,-0.8059381367535844,-0.8011606026559259,-0.802574482183612,-0.8010801806625006,-0.7993402097576828,-0.8001715316923736,-0.802398712668184,-0.8029361837796333,-0.8099249844168063,-0.8090689165411972,-0.8103346655929573,-0.8120342739035823,-0.8130369340573566,-0.8153247874065258,-0.8170453646437138,-0.8210010763375288,-0.822086741922831,-0.8243830452785936,-0.8204053211847607,-0.8226987366382581,-0.8235293545059308,-0.8260730130736129,-0.8266070286829822,-0.8274338230820868,-0.8244779168892531,-0.8236289513815597,-0.825516269647538,-0.8280933176094161,-0.8293469670324245,-0.8279350290983558,-0.8256133912087297,-0.8255807315283229,-0.8188486260305871,-0.8209036539664571,-0.8273667302190031,-0.8240365489068934,-0.8316365758926222,-0.8287340113239033,-0.8299533238390342,0
-0.8053189546167014,-0.8005404963036816,-0.8019318877976765,-0.8004437180666758,-0.7986916440983458,-0.7995239910212726,-0.8017524605806786,-0.8022883867177275,-0.8091896113190972,-0.8083427918557526,-0.8096209979472149,-0.81129187080482,-0.8122920557398601,-0.8145472264644094,-0.8162459640292904,-0.8202151426187384,-0.8212960253362633,-0.8236356769538706,-0.8196611401895733,-0.8219551364686861,-0.8227725583187353,-0.8253385045538407,-0.8258514219318245,-0.8266809135550668,-0.8237015702819673,-0.8228515126940293,-0.824738186523421,-0.8273285487567286,-0.8285742653110241,-0.8271635693804734,-0.8248625753484735,-0.8248728279579483,-0.8181359991531241,-0.8201823841229627,-0.8266478425218835,-0.8233261328437157,-0.8308963617654092,-0.8280016882303051,-0.8292163274773766,-0.8301388830035514,0
-0.7999226650417789,-0.8013115877965249,-0.7998016716918891,-0.7980557927632128,-0.7988753776802039,-0.8011045098881435,-0.8016421632163783,-0.8085401905769314,-0.8076078620002916,-0.8088947194933294,-0.8105779390509791,-0.8115495799003215,-0.813801920780916,-0.81546813646871,-0.8194148116116007,-0.8205100056861825,-0.8228445075796194,-0.8189151130497498,-0.821210515296908,-0.8220289371964922,-0.8245811894904261,-0.8251169759765455,-0.8259252856457541,-0.8229497275147937,-0.8220756383690441,-0.8239604246453183,-0.826549937255128,-0.8278093574999832,-0.8263915026652644,-0.8240920099717967,-0.824122225047297,-0.817430167287596,-0.8194693840561448,-0.8259249536873583,-0.8226083808925837,-0.8301840274714971,-0.827262514953871,-0.8284838672059186,-0.829401833690251,-0.8313635734893647,0
-0.8006935635524821,-0.7991819065305769,-0.7974143605388514,-0.7982394793250177,-0.8004554864841833,-0.8009942411299897,-0.8078923471933976,-0.8069588519537211,-0.8081596350184795,-0.8098513940651294,-0.810835577040454,-0.8130590188882587,-0.8147225701961939,-0.8186360668835038,-0.8197095881308852,-0.8220580367902643,-0.8181253235998678,-0.8204640480807894,-0.8212842950639241,-0.8238370550277383,-0.8243597244489946,-0.8251908188356439,-0.8221951680923165,-0.8213242603289321,-0.8231842283096735,-0.8257716474990902,-0.8270306058166014,-0.825627225511366,-0.8233208365703821,-0.823351875174525,-0.8166817045204736,-0.8187631811390024,-0.8252103468330394,-0.8218866305743318,-0.8294643478780925,-0.8265511968038075,-0.8277445558574424,-0.8286693206580776,-0.8306261746952216,-0.8335160597977641,0
-0.7985644152848256,-0.7967951947670144,-0.7975979998583159,-0.7998191837565394,-0.8003452463350684,-0.8072428040920375,-0.8063114183050927,-0.8075104817060037,-0.8091160415833388,-0.8101089602959985,-0.8123445995502359,-0.8139794085150498,-0.8178896041847501,-0.81893075808488,-0.8212571648571299,-0.8173402277111579,-0.8196738058432238,-0.8205378068917913,-0.8230918993558146,-0.8236156528443204,-0.8244335461294718,-0.8214617544511765,-0.8205701663858685,-0.8224325334102013,-0.8249949252127018,-0.8262521760113154,-0.8248491100376072,-0.8225574466121249,-0.8225809170294466,-0.8159135204619462,-0.8180143350625912,-0.8245025463325576,-0.821173153654449,-0.828740665215707,-0.8258325383398231,-0.8270331029127868,-0.8279299562049699,-0.8298933134423272,-0.8327780467645639,-0.8370045720906871,0
-0.7961783008469346,-0.7969787879795962,-0.79917729800571,-0.7997089718194564,-0.8065921881182425,-0.8056622852251666,-0.8068629051265944,-0.8084666399432938,-0.8093735356584932,-0.8116175625053753,-0.8132647352269321,-0.8171455488312108,-0.818184211997639,-0.8204778868921049,-0.8165407405485751,-0.8188882588152397,-0.8197475430929074,-0.8223448977613376,-0.8228705600547668,-0.8236894535721264,-0.8207055512653743,-0.8198372115510125,-0.8216781220948103,-0.8242427127762745,-0.8254753141869746,-0.8240713158404471,-0.8217802261451239,-0.8218177408532715,-0.815144725643045,-0.8172457630970349,-0.8237520498967088,-0.8204664766157994,-0.8280252705171941,-0.8251098792975731,-0.8263143089928587,-0.8272184514162403,-0.8291535984986511,-0.8320445734873722,-0.8362655635666014,-0.8449836161649259,1
-0.7963618481113879,-0.798557689607799,-0.7990671144140313,-0.8059543149208211,-0.8050120793142632,-0.8062136290159355,-0.8078188156171975,-0.8087240671610257,-0.8108817152415404,-0.8125374419013368,-0.8164300019547671,-0.8174400735117839,-0.819730903015306,-0.8157628276700862,-0.8180883172748196,-0.8189619745821007,-0.8215541057101561,-0.8221236213283319,-0.8229443398217828,-0.8199625168179251,-0.8190814742948763,-0.8209448544374879,-0.823487783086082,-0.8247229644448244,-0.8232950873037365,-0.8210033261085479,-0.8210407360505496,-0.8143836979767961,-0.8164765808167288,-0.8229818077758894,-0.8197171407552971,-0.8273166866855266,-0.8243955005034157,-0.8255915141642644,-0.8264996053978726,-0.8284417515390338,-0.8313042425299696,-0.835531098387962,-0.8442423307201977,-0.8394168412294105,1
-0.7979403545856849,-0.79844753368025,-0.8053108512758221,-0.8043746104892994,-0.8055632800598373,-0.8071692915866018,-0.8080761761338983,-0.8102318551505985,-0.8118013369385204,-0.8157018270234443,-0.81672444537131,-0.8189863280847929,-0.8150171780090828,-0.8173099564773111,-0.8181620114046408,-0.8207680108701961,-0.8213328939611052,-0.8221973801393339,-0.8192184615874776,-0.8183389008061938,-0.820188799502034,-0.8227540044853979,-0.8239678972266234,-0.8225433607183282,-0.8202279884679948,-0.8202640514743552,-0.813608860600078,-0.8157151683427319,-0.8222109572589789,-0.8189480731307595,-0.8265653810411794,-0.8236879267566982,-0.8248770006072842,-0.825776758343761,-0.8277225616709633,-0.830591794179095,-0.8347897690634858,-0.8435055968308007,-0.8386771443339678,-0.8366334537616528,0
-0.797830226227013,-0.8046897029080285,-0.8037315531284281,-0.804925670174714,-0.8065186946854993,-0.8074265853556272,-0.809583573446003,-0.8111512380710696,-0.8149648355761315,-0.8159961884301519,-0.8182702733081596,-0.8142739331956228,-0.8165638690267498,-0.8173836292776552,-0.8199675175852593,-0.820546863569613,-0.8214066312107888,-0.8184725601837385,-0.8175953067131267,-0.8194459117232832,-0.8219974306737249,-0.8232339830695373,-0.8217889176657045,-0.8194771385268167,-0.819488928507575,-0.8128343414007194,-0.8149399427703117,-0.8214478879738449,-0.8181783957608805,-0.8257943200055211,-0.8229376645654147,-0.824169292869706,-0.825062192954926,-0.8269993699284387,-0.8298719999691229,-0.8340763460440217,-0.8427619840071664,-0.8379419932660296,-0.8358945511408528,-0.8370416839235905,0
-0.80407083321842,-0.8031108012798257,-0.8042824710868214,-0.8058808402960992,-0.8067759217001006,-0.8089335917170623,-0.8105027181485058,-0.8143139153174905,-0.8152591145191652,-0.8175415858153672,-0.8135591786434749,-0.8158201877686317,-0.8166375209799721,-0.8191886128860841,-0.8197464351957958,-0.820620579336474,-0.817682900101766,-0.8168498663416969,-0.8187020032183658,-0.8212540295545294,-0.8224772715968266,-0.8210556187261355,-0.8187235735376321,-0.8187382898059704,-0.8120613759053572,-0.8141650357422661,-0.8206709910032625,-0.8174164915880945,-0.8250226515145337,-0.8221676594988907,-0.8234188922611794,-0.8243544336824014,-0.8262844624493616,-0.8291482024105996,-0.8333555723833813,-0.8420463316925245,-0.8371999735813427,-0.835160191483644,-0.8363026648091763,-0.8372272430881077,1
-0.802492326744123,-0.8036615809175709,-0.8052373955480365,-0.806138001482626,-0.8082825370713367,-0.8098524980350105,-0.8136645759251155,-0.8146081178520412,-0.8168040789700916,-0.8128318033080444,-0.8151050065803246,-0.8158938189387751,-0.8184419938339168,-0.818967594485052,-0.819820129325617,-0.8168979331099917,-0.8160606806087265,-0.8179562485067251,-0.8205096075102566,-0.8217337342852682,-0.8202995320227497,-0.8179911400735533,-0.8179849363983375,-0.8113128601614664,-0.8133916838341125,-0.8198944141572588,-0.8166407699878325,-0.8242587698574874,-0.8213970457639499,-0.8226487471171171,-0.8236039798364736,-0.8255763630461905,-0.8284326936820061,-0.8326307929851362,-0.8413233177989727,-0.8364858765889179,-0.8344189683684309,-0.8355681890783938,-0.8364881710220505,-0.8371159075893974,1
-0.8030429685374824,-0.8046162656229959,-0.8054944905952867,-0.8076442312894258,-0.809201204980627,-0.8130135357687523,-0.8139587022299165,-0.8161526811584329,-0.8120956158815541,-0.8143772006932597,-0.8151786174344603,-0.8176977826072853,-0.81822103797425,-0.8190412672853961,-0.8160985757696481,-0.815276186239049,-0.8171667393539807,-0.8197633393762714,-0.8209891759958602,-0.8195566128149921,-0.8172359322829469,-0.8172527114825696,-0.8105616331484272,-0.8126427878589895,-0.8191193985273653,-0.8158653674009091,-0.8234810533626448,-0.8206342116391063,-0.8218779934655579,-0.8228337808164351,-0.8248255578334146,-0.8277239964734564,-0.8319143098176711,-0.8405962927034911,-0.8357644256485601,-0.8337056490371146,-0.8348268491329912,-0.835753642530553,-0.8363768672943259,-0.8358541052706806,1
-0.8039974143126388,-0.8048732961206103,-0.807000333014895,-0.8085626640984499,-0.8123614225885857,-0.8133075857904958,-0.8155028653301213,-0.8114454406056203,-0.8136405803324804,-0.8144507910449367,-0.8169820833607848,-0.8174768890968556,-0.8182946899274723,-0.8153207908680219,-0.8144773049135824,-0.8163819227419644,-0.8189733019712294,-0.8202427716477838,-0.8188126728688898,-0.8164938826110446,-0.816497715478175,-0.8098315041431838,-0.8118911799991574,-0.8183688654455473,-0.8150915217430779,-0.8227036577671908,-0.8198575518992307,-0.821115020382361,-0.8220629733507918,-0.824055003231933,-0.8269725737068264,-0.8312046437521285,-0.839877580766267,-0.8350389673185923,-0.8329849795733538,-0.8341134157447124,-0.8350122494805188,-0.8356423704592575,-0.8351154250467805,-0.8321800338132403,0
-0.8042543804828731,-0.8063787604637805,-0.8079185296122172,-0.8117220729614932,-0.8126553963195585,-0.8148513484046488,-0.8107968444533068,-0.8129900039120119,-0.8137141500682389,-0.816253754661021,-0.8167612507983777,-0.8175505202669988,-0.8145752662897494,-0.813699989260453,-0.8155827168608999,-0.8181879590300599,-0.8194525940941729,-0.818066886723228,-0.8157508125377281,-0.8157558753329849,-0.8090786365902185,-0.8111606756069544,-0.8176156178286903,-0.8143421399169357,-0.82192782637696,-0.819081212059647,-0.820338220460704,-0.8212999468220743,-0.8232838405933353,-0.8262013941440205,-0.8304522201223558,-0.8391656986980277,-0.8343218103370141,-0.8322603046261429,-0.833392631664384,-0.8342987642481661,-0.8349010092720023,-0.834381286984576,-0.8314424020318686,-0.8325511521422747,0
-0.805759468051389,-0.8072967265266892,-0.8110771259070055,-0.812015971460381,-0.8141987584071664,-0.810146548056754,-0.8123410075535115,-0.8130635545456497,-0.8155166085943195,-0.8160329836059903,-0.8168348616525135,-0.8138321461747632,-0.8129549233188602,-0.8148050812656136,-0.8173882230415185,-0.8186671115146565,-0.8172773452285061,-0.8150058960666496,-0.8150130148675686,-0.8083389021884851,-0.8104074268388076,-0.8168834971870779,-0.813590045419535,-0.8211764905847628,-0.8183064325709036,-0.8195617405718721,-0.8205230929843477,-0.8225204613241822,-0.8254296072620483,-0.8296800276911966,-0.8384109858600027,-0.8336114743171679,-0.8315439251223876,-0.8326678418210355,-0.8335779280693979,-0.8341875551460939,-0.8336402869088155,-0.830709308631827,-0.8318134144576173,-0.8342211846229294,0
-0.8066772043736546,-0.8104545297830947,-0.8113709488181486,-0.8135589385795416,-0.8094951787115998,-0.8116903106709069,-0.8124145391297117,-0.8148655450697732,-0.8152958993870444,-0.8161065739576673,-0.8131175135186607,-0.8122122604316111,-0.8140597026171937,-0.8166100648740426,-0.8178672348853561,-0.816492496392256,-0.814217249366636,-0.8142683079566306,-0.807598148282466,-0.8096673152889925,-0.8161286070757892,-0.8128590613662169,-0.8204224389580096,-0.8175561318526166,-0.8187868215451763,-0.8197465592304204,-0.8217432516403952,-0.8246656080248568,-0.828907229104445,-0.8376364767618656,-0.8328583586011793,-0.8308343621267379,-0.8319513482871995,-0.8328530860005321,-0.8334667502263896,-0.8329271853226097,-0.8299693600277719,-0.8310802155361451,-0.8334829703734864,-0.8338871781267985,0
-0.8098342173222488,-0.8107482789232255,-0.8129135191016499,-0.8088565625973377,-0.8110385407992076,-0.8117638231763429,-0.8142160627466173,-0.81464489316886,-0.8153694691228027,-0.812390261197983,-0.8114980747276753,-0.8133167279837602,-0.8158641754711385,-0.8170889380762789,-0.8156932580556316,-0.813433292067523,-0.8134798768697997,-0.8068555474509407,-0.8089261840887529,-0.8153868716939551,-0.8121053254897829,-0.8196895258328157,-0.8168031169754663,-0.8180363835211666,-0.8189715865352813,-0.8209663623768382,-0.8238877729146606,-0.8281422250914672,-0.8368613641695016,-0.8320854657823292,-0.8300820449717676,-0.8312416719146676,-0.8321365406348413,-0.8327419394928341,-0.8322067346722961,-0.8292572849542293,-0.8303401607228269,-0.8327492966055765,-0.8331490591903126,-0.8346665266177706,0
-0.8101278929453738,-0.812290461908912,-0.8082123525233602,-0.8103995297164983,-0.8111120342319509,-0.8135648795595213,-0.8139954680180166,-0.8147184438024978,-0.8116541974670036,-0.8107712734610908,-0.8126022375397107,-0.8151206916522706,-0.8163429131670831,-0.8149155904661296,-0.8126349516680532,-0.8126961343989126,-0.806069283276596,-0.8081832060489746,-0.8146441160324889,-0.8113647320285298,-0.8189338309339219,-0.8160712257369958,-0.8172832311160076,-0.8182210957013781,-0.8201910354699737,-0.8231102588159968,-0.8273633763591598,-0.8360940619991399,-0.8313119676124854,-0.829309960292561,-0.8304892376374146,-0.831426812727363,-0.8320254252262562,-0.831482279072257,-0.8285378658530238,-0.8296279819611365,-0.832008763850574,-0.8324154803916902,-0.8339281852843847,-0.8360767762681012,0
-0.8116696899667803,-0.80759047566682,-0.8097549228068616,-0.8104730043412204,-0.8129126233341598,-0.8133443420432137,-0.8140689995942169,-0.8110041368037942,-0.8100356632803188,-0.8118751287362446,-0.8144057034660354,-0.8155992942582019,-0.8141701805470271,-0.8118581692518518,-0.8118980103698415,-0.8052876998293784,-0.8073965537709011,-0.8138995139016212,-0.8106231187301198,-0.8181912993505818,-0.8153165685905401,-0.8165512043211351,-0.8174678904008313,-0.8194401960907743,-0.8223343093551909,-0.8265848495967021,-0.8353128948758334,-0.8305462688077404,-0.8285372693339773,-0.8297170344310603,-0.8306743252127088,-0.8313157282397458,-0.8307661172622922,-0.8278144443182238,-0.8289084586630513,-0.8312961184922185,-0.8316750432250245,-0.8331943848907581,-0.8353380325022297,-0.8359654407693908,0
-0.8069708799967796,-0.8091326586525064,-0.8098283785346474,-0.8122731326469077,-0.8126921430359302,-0.8134178545486496,-0.8103556549961054,-0.809386022863765,-0.8111392093166948,-0.813678092352329,-0.8148841740179175,-0.8134271747389751,-0.8111136244883043,-0.8111214412484113,-0.8044917503228142,-0.8066145836328771,-0.8131111906213816,-0.8098796587020182,-0.8174477471790947,-0.8145750636880894,-0.8157964095136419,-0.8167358114688811,-0.8186866416806673,-0.8215828573812283,-0.8258078911691634,-0.8345320519142727,-0.8297667191665262,-0.8277723722120406,-0.8289442250814918,-0.8299020681303781,-0.8305632726675323,-0.8300567707134175,-0.8270993087789853,-0.8281849326772172,-0.8305761263081751,-0.8309624911860021,-0.8324537246846399,-0.8346038311271669,-0.8352267287745051,-0.8362623354326183,0
-0.8085126770181862,-0.8092060959375391,-0.8116280438653988,-0.8120527087727419,-0.8127656364686734,-0.8097054730241389,-0.8087379603197004,-0.8104892823683304,-0.8129416678427756,-0.814156429638229,-0.8127126538209143,-0.810371481178029,-0.8103771049560818,-0.803717324813835,-0.8058182446595952,-0.8123275555646075,-0.8090925105136244,-0.816702348719693,-0.8138325385953135,-0.8150547684188282,-0.8159809637148348,-0.8179542186440041,-0.8208286893846216,-0.8250554463692052,-0.8337527857436752,-0.8289874921578281,-0.8269936313118726,-0.8281792103794098,-0.8291292049667257,-0.8297910479107874,-0.8293046771555322,-0.8263909826220499,-0.8274696934742689,-0.8298521302926868,-0.8302425927791504,-0.831740954900507,-0.8338627673258485,-0.8344925590558714,-0.835523538715104,-0.8377096969158524,1
-0.8085860959239675,-0.8110053094208399,-0.8114076766820415,-0.8121261833974639,-0.8090542181151406,-0.80808819790455,-0.8098409339627037,-0.8122912728924538,-0.8134198711252052,-0.8119855142637599,-0.8096578033742828,-0.8096351694765962,-0.8029750836572471,-0.8050434352200276,-0.8115295397207357,-0.8083100462706809,-0.8159132061093591,-0.8130881669806004,-0.8143121070809171,-0.8152392702383431,-0.8171990214427082,-0.8200956615578567,-0.824300283939306,-0.8329980701183016,-0.8282098360405274,-0.8262152122796058,-0.8274003508638884,-0.8283641368191231,-0.8290182170355854,-0.8285328187554258,-0.8256399431647088,-0.8267612642474406,-0.8291364246030447,-0.8295186907695928,-0.8310208376802081,-0.8331496035267539,-0.833751527117332,-0.8347892845793259,-0.8369704871755238,-0.837672585082949,1
-0.8103848591156082,-0.8107849975657418,-0.8114811324098273,-0.8084157148490061,-0.8074373625947896,-0.8091908854860878,-0.8116424575796093,-0.8127693520110989,-0.8112495639203324,-0.8089315146691679,-0.8089216948329258,-0.8022352368771966,-0.8043008188152473,-0.8107530772466911,-0.807513209645482,-0.8151287547053268,-0.8123000808748618,-0.8135675992521127,-0.814496556498457,-0.8164569822471416,-0.8193398501765464,-0.8235662759354799,-0.8322406331867225,-0.8274567047119553,-0.8254383611889536,-0.8266218133284117,-0.827585223387532,-0.8282531809552952,-0.827760353815995,-0.8248691515089317,-0.8260101183152969,-0.8284275315616986,-0.8288030783772896,-0.8302967163234787,-0.8324290903583126,-0.8330383944246819,-0.834048167673376,-0.8362358215061664,-0.836933385932949,-0.8377096969158524,1
-0.8101646023982644,-0.8108584348507746,-0.8077716181566457,-0.8067992731051234,-0.808539764085938,-0.8109919418692663,-0.8121204128249108,-0.8105996083187869,-0.8081964198863588,-0.8081956111523987,-0.8015238039922881,-0.8035605979397755,-0.8100088451899707,-0.8067379096279407,-0.8143299166539401,-0.8115166821291361,-0.8127793729978053,-0.8137519962796175,-0.81571392265422,-0.8185972033535146,-0.8228094691589739,-0.8315043832885544,-0.8267008546420134,-0.8246860220087822,-0.8258448441671844,-0.8268066319869598,-0.827474299873346,-0.8269956811652446,-0.8240977520883643,-0.8252392189075675,-0.8276759064929441,-0.8280942780988471,-0.829580886237385,-0.831704572087653,-0.8323179125153043,-0.8333349520302076,-0.8354942903840901,-0.8361987308157346,-0.8369704871755238,-0.8358541052706806,0
-0.8102380213040458,-0.8071498519566238,-0.8061555921453587,-0.8079013924759525,-0.810340353188147,-0.8114697731545993,-0.8099512313270041,-0.8075472570228226,-0.8074607225287748,-0.8007997808088686,-0.8028487993667306,-0.8092670136258798,-0.8059948137393588,-0.8135526436597648,-0.8107189042927029,-0.8119958346137328,-0.8129637161220145,-0.8149690166611486,-0.8178535358976825,-0.8220658375603951,-0.8307452998102708,-0.8259661688561769,-0.8239309653696587,-0.8250923888052475,-0.8260296091572894,-0.826695740791831,-0.8262171667125696,-0.8233341376589208,-0.824467711858832,-0.8269045222014284,-0.8273427488574147,-0.8288718695121674,-0.8309883480794623,-0.8315934255799551,-0.8326143867633264,-0.8347806703571452,-0.8354572103145846,-0.8362358215061664,-0.8351154250467805,-0.8361138881010046,0
-0.8065303665620922,-0.8055342316859045,-0.8072574280621452,-0.8097015207816399,-0.8108180605009779,-0.8093011542442415,-0.8068996709146946,-0.8068117506864456,-0.8000669640850557,-0.8021244071390531,-0.8085536405622473,-0.805254114853071,-0.8128076194124156,-0.8099426764429066,-0.8111979161365405,-0.8121801240308854,-0.8141803807417941,-0.8171080221802034,-0.821321184947432,-0.8299994157995366,-0.8252086737744823,-0.8231970616399882,-0.8243372157962707,-0.8252771009854591,-0.8259187501632265,-0.8254389739137035,-0.8225566907444268,-0.8237039905383475,-0.826132530825937,-0.8265714615426563,-0.8281201166736499,-0.830278939688652,-0.8308772326708773,-0.8318898162671496,-0.8340596987224336,-0.8347436006564546,-0.8354942903840901,-0.834381286984576,-0.8353751337448045,-0.8363365590984252,0
-0.8049151506349045,-0.8066357909613949,-0.8090570933928968,-0.8101791058423325,-0.8086500042350527,-0.8062503852686536,-0.8061643551526922,-0.7994199120058574,-0.8013912193287068,-0.8078276593940141,-0.8045418490118517,-0.8120649980913244,-0.8091986737045261,-0.8104215496451429,-0.8113821514610934,-0.8133964341840925,-0.8163187609826191,-0.8205746862972922,-0.8292525099016462,-0.8244643612140891,-0.822440360756588,-0.8236031973650291,-0.8245218750810944,-0.8251662736773322,-0.824662348230513,-0.82177956447445,-0.822926435791714,-0.8253683284957674,-0.825799567032516,-0.8273486030797914,-0.8295267822458852,-0.8301678552010348,-0.8311735404271041,-0.8333347208672234,-0.8340226394414308,-0.8347806703571452,-0.8336402869088155,-0.8346409218175986,-0.8355977412002538,-0.8366705655945561,1
-0.8060164342216234,-0.8084350044446958,-0.8095345556235043,-0.8080116044130353,-0.805600026776209,-0.8055152602142949,-0.7987744317445694,-0.8007438234113358,-0.8070928738499829,-0.8038169852276221,-0.8113508530194038,-0.8084570707543037,-0.8096774114004707,-0.810605731646003,-0.8125981046031426,-0.8155341914230626,-0.8197844117177492,-0.8285037584799955,-0.8237190273754502,-0.8216968339213653,-0.8228463799992125,-0.823787804512775,-0.8244110795102002,-0.8239102308518936,-0.8210040014264354,-0.8221492017915464,-0.8245902885045062,-0.8250354609042834,-0.8265764825504983,-0.8287548591946072,-0.8294157297007088,-0.8304640805013471,-0.8326180407387098,-0.833297672031324,-0.8340596987224336,-0.8329271853226097,-0.8338998473953539,-0.8348634659601895,-0.8359316523834276,-0.8366334537616528,1
-0.8078151974132642,-0.8089123467974083,-0.8073676116538239,-0.804962407487075,-0.8048650924487767,-0.7981272534179913,-0.8000980001161734,-0.8064439975182571,-0.8030833232511501,-0.810624092757737,-0.8077439211667546,-0.808935673360235,-0.8098615412835263,-0.8118213328516798,-0.8147352343679565,-0.8189988324655313,-0.8277111660587383,-0.8229718476548538,-0.8209522861123523,-0.8221027379242981,-0.8230309342004054,-0.8236770402241275,-0.8231553963733994,-0.8202529296837051,-0.8213735314066454,-0.8238125697184797,-0.8242575179619478,-0.8258121519510794,-0.8279823296782757,-0.8286438389750165,-0.8297118698211793,-0.8319081788403708,-0.8325810022691815,-0.8333347208672234,-0.8322067346722961,-0.8331866732274447,-0.8341223278123869,-0.8351972821740757,-0.8358945511408528,-0.8354458751087428,0
-0.8082924203008424,-0.806745946888944,-0.8043191989507142,-0.8042276612398556,-0.7974790024580827,-0.7994504785158366,-0.8057966972716911,-0.8024354879850029,-0.8098885238088019,-0.807018165525568,-0.8082223917186366,-0.8091197512855932,-0.8110767985116931,-0.813957844061657,-0.8181988584695513,-0.8269232774030927,-0.8221808723324668,-0.8202058922422828,-0.8213580748309399,-0.822287239743813,-0.8229202016796897,-0.8224217116194552,-0.8194991425338913,-0.8206223540441282,-0.8230364163175896,-0.823479896133093,-0.8250339825612508,-0.8272175928929005,-0.8278713417471354,-0.8289398928939251,-0.8311555529084734,-0.8318711506778318,-0.8326180407387098,-0.831482279072257,-0.8324661496393153,-0.8334090914315889,-0.8344560484379363,-0.835160191483644,-0.834707311378457,-0.8356685461061634,0
-0.8061265625802952,-0.8036982995600873,-0.8035846416728565,-0.7968434614553008,-0.7988018842474607,-0.8051476976871156,-0.8017892263687787,-0.8092389215964896,-0.8062836067566405,-0.807496502811468,-0.8084064188539759,-0.8103346655929573,-0.813212705155138,-0.8174204656778271,-0.8261209774253269,-0.821394594888515,-0.8194157254693312,-0.8206115657027931,-0.8215425242484798,-0.822176538652104,-0.8216652331115776,-0.8187664900940861,-0.8198684611035387,-0.8222847636660321,-0.8227038393354007,-0.8242561344989954,-0.826439013740942,-0.8271066370290726,-0.8281673095635095,-0.8303831557486047,-0.8311185353934146,-0.8319081788403708,-0.8307661172622922,-0.8317416209235523,-0.8326885053253318,-0.8337427187378054,-0.8344189683684309,-0.8339732893898262,-0.8349299188339061,-0.8362252235997149,0
-0.803079677990373,-0.8029639267097604,-0.7962023410303861,-0.7981660047002958,-0.8044976252850606,-0.8011412661408613,-0.8085908971672998,-0.8056349405482426,-0.80676181003907,-0.8076804786906603,-0.8096209979472149,-0.8124699695271125,-0.8166743469565831,-0.8253402917148119,-0.8205939176887393,-0.8186302536312261,-0.8198212803425909,-0.820795962730298,-0.8214318545979559,-0.8209219262794026,-0.8180110599279572,-0.819135704389578,-0.8215303946669514,-0.8219522817416514,-0.8234798522938415,-0.8256607563039613,-0.8263280902267558,-0.8274025193326139,-0.8296101526683337,-0.830346149008741,-0.8311555529084734,-0.8300567707134175,-0.8310253865489907,-0.8319639139389483,-0.8330220388543566,-0.8337056490371146,-0.8332324061442551,-0.8341958335324169,-0.8354864374725292,-0.8370416839235905,1
-0.8023454889325604,-0.7955834795639751,-0.7975245441305301,-0.8038602881162459,-0.8004922332005548,-0.8079411728936782,-0.8049878499334887,-0.8061130196668875,-0.8069457343784661,-0.8088947194933294,-0.8117557127171502,-0.8159306345238466,-0.8245919319279736,-0.8198148316890086,-0.8178303878204456,-0.8190356903489617,-0.8200056234668001,-0.8206853245137952,-0.8201775985586848,-0.8172687902530071,-0.8183801683303431,-0.8207971687192912,-0.8211980079542689,-0.8227280728985398,-0.8248840662186389,-0.8255498651088324,-0.8266238862645854,-0.8288449455623778,-0.8295731566912871,-0.8303831557486047,-0.8293046771555322,-0.830315967851191,-0.8312476173661608,-0.8322973534620423,-0.8329849795733538,-0.8325194186150119,-0.8334548865612881,-0.8347521938888941,-0.8363026648091763,-0.8368561247590733,1
-0.794966888901544,-0.7969053506945635,-0.8032173630339277,-0.7998559210689002,-0.8072903757293031,-0.8043390601273211,-0.8054658051787901,-0.8062968962509818,-0.8081596350184795,-0.81102883969196,-0.815215422861528,-0.8238459853142494,-0.8190680354363059,-0.817052101676107,-0.8182357055344619,-0.8192199797661144,-0.8198950175922747,-0.819431424726763,-0.8165255000913955,-0.817637793892037,-0.8200411561410796,-0.8204648758533486,-0.8219735769505282,-0.8241318854681475,-0.8247732072245759,-0.8258455749625094,-0.8280658919490054,-0.8288079602744352,-0.8296101526683337,-0.8285328187554258,-0.829563799760944,-0.8305381368264253,-0.831580963591916,-0.8322603046261429,-0.8317990825812658,-0.8327418368191561,-0.8340110876038704,-0.8355681890783938,-0.836117158596302,-0.8359283289364875,1
-0.7962884292056066,-0.8025967402845969,-0.7992140258696029,-0.8066523238556795,-0.8036891975248851,-0.8048168914126542,-0.8056496341192907,-0.8075104817060037,-0.8102931573554732,-0.8144875862207751,-0.8231285896811158,-0.8183236475535033,-0.8163060871904719,-0.8174573020779992,-0.8184199408590148,-0.8191094061158228,-0.818641484347653,-0.8157803635821694,-0.8168943989264753,-0.8192983102676713,-0.8197089585789323,-0.8212402258738815,-0.8233769875151878,-0.8240210581600206,-0.8250688312087439,-0.827287160499185,-0.8280289174442766,-0.8288449455623778,-0.827760353815995,-0.8287918659344709,-0.829785904851297,-0.8308713902892769,-0.8315439251223876,-0.8310747418773644,-0.8320214382672823,-0.8332978823295168,-0.8348268491329912,-0.8353827356262349,-0.8351896275319303,-0.8342954082887363,1
-0.8019783944036541,-0.7985944082503154,-0.806008680689787,-0.8030520672443046,-0.804166904837716,-0.805000672676244,-0.8068629051265944,-0.8096434500814969,-0.8137509349361179,-0.8223985490260436,-0.8176077756209383,-0.8155624786731303,-0.8167111729331942,-0.8176414840788593,-0.8183093996642831,-0.8178562380791852,-0.8149914904883139,-0.8161491576371789,-0.818554443684334,-0.8189662069925444,-0.8204840862239428,-0.8226432401967504,-0.8232661919442936,-0.824316597648359,-0.8265099981315621,-0.8272501967674755,-0.8280658919490054,-0.8269956811652446,-0.8280193256553224,-0.8290139063736522,-0.8301190624868263,-0.8308343621267379,-0.8303586940974803,-0.8312970348927604,-0.8325773274823236,-0.8341134157447124,-0.8346414487854639,-0.8344554683654397,-0.8335571728586362,-0.8331078296358262,0
-0.7979770640385756,-0.8053873571158392,-0.8024093500282841,-0.8035296523049972,-0.8043506384195742,-0.8062136290159355,-0.8089953208364011,-0.8131003298624685,-0.821659681530146,-0.8168792726502749,-0.8148473685908496,-0.8159674501089182,-0.8168953028162499,-0.8175309748783433,-0.8170565994573232,-0.8142073076195638,-0.8153601767367321,-0.8178087308847214,-0.8182224347327622,-0.8197411146345072,-0.8218866981530092,-0.8225324759081029,-0.8235616468000115,-0.8257573526540091,-0.8264730451335413,-0.827287160499185,-0.8262171667125696,-0.8272545781808432,-0.8282413015176031,-0.8293469670324245,-0.8300820449717676,-0.8296494609254879,-0.8305809249146504,-0.8318527674312503,-0.833392631664384,-0.8339280672412589,-0.8337144470478266,-0.8328234779864401,-0.8323699330962403,-0.832662487640985,0
-0.8047683128233419,-0.8017889301492374,-0.8028868122588916,-0.8037133388668021,-0.8055632800598373,-0.8083454916735754,-0.8124513049178118,-0.8210070229785207,-0.816141951348266,-0.8141196344623906,-0.8152522282885959,-0.8161515280342765,-0.8167848248864165,-0.8162785372724944,-0.8134087400311755,-0.814575886453869,-0.8170192648546135,-0.8174768162352128,-0.8189971222864297,-0.8211433284628206,-0.8217759656322934,-0.8228278473444962,-0.8250019892216358,-0.8257204102179668,-0.8265099981315621,-0.8254389739137035,-0.8264759882456706,-0.8274764899084992,-0.8285742653110241,-0.829309960292561,-0.8288974844898853,-0.8298716299007222,-0.8311365019575757,-0.8326678418210355,-0.8332073352593704,-0.8330013247239911,-0.8320829239895849,-0.8316365758926222,-0.831924718185342,-0.8339614017926054,0
-0.8011707864400603,-0.8022662725019498,-0.8030704515783561,-0.804925670174714,-0.8076945896093909,-0.8118005794290607,-0.8203559493593364,-0.8154907254556936,-0.813383086257326,-0.8145243813966135,-0.8154362554239352,-0.8160410812790616,-0.8155327416816385,-0.8126317336554643,-0.8137772106802812,-0.8162344912082424,-0.8166874472310371,-0.8182512837507327,-0.8203989378597326,-0.8210326273711116,-0.8220712523542021,-0.8242677830969144,-0.8249650573646712,-0.8257573526540091,-0.824662348230513,-0.8256977200356709,-0.826697835274043,-0.8278093574999832,-0.8285372693339773,-0.8281257446169266,-0.8291195895802381,-0.8304270523388081,-0.8319513482871995,-0.8324825976415389,-0.8322808532343017,-0.8313702578936,-0.8308963617654092,-0.8311914876074405,-0.8332232616754623,-0.8342582964558327,1
-0.8016480093276385,-0.8024498657145316,-0.8042824710868214,-0.8070564342916502,-0.8111487809483224,-0.8197031737634154,-0.8148410811443193,-0.8127325766942801,-0.8137877198039971,-0.8147083572758058,-0.8153258391427316,-0.8147893513866258,-0.8118869699971377,-0.8130000976571845,-0.8154353286012576,-0.8159027702573677,-0.8174616883527153,-0.8196527011597686,-0.8202882682092087,-0.8213278302823354,-0.8235107751235071,-0.8242308616673653,-0.8250019892216358,-0.8239102308518936,-0.8249210192166598,-0.8259195024259287,-0.8270306058166014,-0.8277723722120406,-0.8273533980684806,-0.8283477850561078,-0.8296748523061205,-0.8312416719146676,-0.8317661559395578,-0.8315563767440557,-0.8306502448701806,-0.8301840274714971,-0.8304514009313433,-0.8324896617725538,-0.8335200716160612,-0.834109849124219,0
-0.8018315565920917,-0.8036615809175709,-0.8064126871926088,-0.8105097416535813,-0.8190493249682191,-0.8141897358557261,-0.8120836470368107,-0.8131371051792874,-0.8139716441433932,-0.8145979717482905,-0.8140744546224248,-0.8111446084645334,-0.8122552297632488,-0.8146577356649255,-0.8151037050170623,-0.8166767858094086,-0.8188626960967039,-0.8195420629432658,-0.8205833872772725,-0.8227669444745518,-0.8234738642832685,-0.8242677830969144,-0.8231553963733994,-0.8241688279041898,-0.8251427372047857,-0.8262521760113154,-0.8269936313118726,-0.8265888429978752,-0.8275753739307611,-0.8289028861540615,-0.8304892376374146,-0.8310565311019723,-0.830840194201349,-0.8299262279644855,-0.8294643478780925,-0.8297391910632086,-0.8317492033640356,-0.8327863872960083,-0.8333716666457618,-0.8342211846229294,0
-0.8030429685374824,-0.805791262183519,-0.8098651063985403,-0.8184082638111896,-0.8135373175124773,-0.8114330169018814,-0.8124880707059119,-0.8133209817633816,-0.8138612895397556,-0.8133469357697829,-0.8104307173427076,-0.8115127643152498,-0.8139123987107493,-0.8143262080633773,-0.8158774933801846,-0.8180773853797683,-0.8187520902221785,-0.8198370981872735,-0.8220220927340834,-0.8227300441106489,-0.8235107751235071,-0.8224217116194552,-0.8234139193721525,-0.8243904825204437,-0.8254753141869746,-0.8262152122796058,-0.8258104471605539,-0.8268107547255312,-0.8281303135864627,-0.8297170344310603,-0.8303041500621205,-0.8301308270384957,-0.8292105015421015,-0.828740665215707,-0.8290196365060595,-0.8310366305873835,-0.8320458439200794,-0.832638024534281,-0.8334829703734864,-0.8347407502835774,0
-0.8051721168051389,-0.8092428145800554,-0.817761597135511,-0.8128976669570442,-0.8107813137846064,-0.8118373356817786,-0.8126718996464125,-0.8132106558129251,-0.8126106040318628,-0.8097042133617754,-0.8107987716133862,-0.8131694656434737,-0.8135809649212492,-0.8150997724669897,-0.8172776818467867,-0.8179668117294767,-0.819047039220913,-0.8212753950018102,-0.8219852028505755,-0.8227669444745518,-0.8216652331115776,-0.8226801616262995,-0.8236355105139409,-0.8247229644448244,-0.8254383611889536,-0.8250323728648975,-0.826032294188926,-0.8273655340446712,-0.8289442250814918,-0.8295320007317424,-0.82937871218565,-0.8285015878867767,-0.8280252705171941,-0.828296079184915,-0.8303167113411558,-0.8313331881929091,-0.8318975236420575,-0.8327492966055765,-0.8340023877695344,-0.8354829869416462,1
-0.808622805376858,-0.8171373227210695,-0.812252417551578,-0.8101423685299716,-0.811185527664694,-0.8120211169453683,-0.8125616022821122,-0.8119602950410842,-0.8089689021118219,-0.81007216512016,-0.8124550158314394,-0.8128381253778288,-0.8143543104300827,-0.8164995556735266,-0.817167140652055,-0.8182616747969208,-0.8204849155897436,-0.8212385155963093,-0.8220220927340834,-0.8209219262794026,-0.8219236089932477,-0.8229016902035946,-0.8239678972266234,-0.8246860220087822,-0.824255865252282,-0.8252541552551553,-0.8265869117598568,-0.8281792103794098,-0.828759245196258,-0.828606832235153,-0.8277499415230617,-0.8273166866855266,-0.8275808088828539,-0.8295927884413915,-0.8306131855891777,-0.8311849093901463,-0.832008763850574,-0.8332685662716217,-0.8347444126210318,-0.8343696319545431,1
-0.8165153377483434,-0.8116295263436178,-0.8094978277596114,-0.8105464789659422,-0.8113692612465522,-0.8119108481872145,-0.8113115654867082,-0.8083195386760184,-0.8093367507906141,-0.8117279480328907,-0.8121237669878287,-0.8136112526643333,-0.8157536975413052,-0.8163890464730105,-0.8174619171713396,-0.8196991322507111,-0.8204480469649018,-0.8212753950018102,-0.8201775985586848,-0.8211802288267235,-0.8221450740346793,-0.8232339830695373,-0.8239309653696587,-0.8235038640554283,-0.824477583240408,-0.8258086112307997,-0.8274003508638884,-0.8279942839396965,-0.8278343457700886,-0.8269785356811556,-0.8265653810411794,-0.8268723487350579,-0.8288771553163463,-0.8298891791285861,-0.8304649484651668,-0.8312961184922185,-0.8325278848236508,-0.834010380080258,-0.8336313753437858,-0.8324398166435645,0
-0.811008919814749,-0.808875628154892,-0.8099018342624331,-0.8107301655277471,-0.8112590210974373,-0.8106611355948049,-0.8076717524647969,-0.8086872918442068,-0.810992069845178,-0.8113967914503446,-0.8128966809562536,-0.8150102448970556,-0.8156432196114718,-0.8166837376743867,-0.8188989527028524,-0.8196622743672807,-0.8204849155897436,-0.819431424726763,-0.8204358277432406,-0.8214016310101414,-0.8224772715968266,-0.8231970616399882,-0.8227491459467874,-0.8237255186716821,-0.8250318782107228,-0.8266218133284117,-0.827215478340245,-0.8270696517411299,-0.8262065227800306,-0.8257943200055211,-0.8261211708604735,-0.8281683344239251,-0.8291734630725731,-0.8297409837849887,-0.8305761263081751,-0.8318150943018884,-0.8332694862137606,-0.8328976593673036,-0.8317021107298928,-0.8344067437874465,1
-0.8082557108479518,-0.8092795332225717,-0.8100854735818975,-0.8106199535906642,-0.8100096327408025,-0.80702226657573,-0.8080394103457982,-0.8103421811010549,-0.8106610060342652,-0.8121694901429523,-0.8142952871848319,-0.8148997981418408,-0.8159378274243607,-0.8181203572810956,-0.8188621056379419,-0.8196991322507111,-0.818641484347653,-0.8196895805652695,-0.8206571670442885,-0.8217337342852682,-0.822440360756588,-0.8220155758944143,-0.8229707370885757,-0.8242796552123167,-0.8258448441671844,-0.8264369946698635,-0.8262911157220271,-0.8254422990716527,-0.8250226515145337,-0.8253502391271583,-0.8274167838875324,-0.8284645597242376,-0.8290253091944597,-0.8298521302926868,-0.8310949562422135,-0.8325564883157026,-0.8321570841285959,-0.8309689434648497,-0.8336684765863607,-0.8334789479648606,1
-0.8086595148297486,-0.8094631264351535,-0.809975289990219,-0.8093708849703912,-0.8063717078200128,-0.8073898291029094,-0.8096938708103033,-0.8100112032496853,-0.8114334882597284,-0.8135677068248136,-0.8141848709036283,-0.8151943228224138,-0.8173740405121944,-0.8180835208809235,-0.8188989527028524,-0.8178562380791852,-0.8188995647215458,-0.8199108569982753,-0.8209891759958602,-0.8216968339213653,-0.8212592138689532,-0.8222371044717093,-0.8235247149430467,-0.8250923888052475,-0.8256600791770795,-0.8255129013771227,-0.8246642375139637,-0.8242587698574874,-0.8245786997899724,-0.8266454750223834,-0.8277129240080029,-0.8283164470740814,-0.8291364246030447,-0.8303708139952772,-0.8318361418622686,-0.8314443972949813,-0.8302289205143104,-0.8329347500577354,-0.832740945521989,-0.8333676124661503,1
-0.8088430620942019,-0.8093529705076045,-0.8087265426178607,-0.8057338910466553,-0.8067391749837289,-0.809043860475216,-0.8093629787174023,-0.8107834849028812,-0.812831313239138,-0.8134573212972982,-0.8144793143201712,-0.8166301306402078,-0.8173372145355833,-0.8181203572810956,-0.8170565994573232,-0.8181142432631988,-0.8191207764705966,-0.8202427716477838,-0.8209522861123523,-0.8205160222764698,-0.8214806789103846,-0.8227909259149471,-0.8243372157962707,-0.8249076766250361,-0.8247362542265549,-0.8238864971818991,-0.8234810533626448,-0.8238149464021755,-0.8258735589866096,-0.826941528941292,-0.8275648539477676,-0.8284275315616986,-0.8296549631764416,-0.8311117907132638,-0.830724363432186,-0.8295167728590644,-0.8321941641981014,-0.8320074827969403,-0.8326296417942645,-0.8333676124661503,1
-0.8087329337355299,-0.8081045366620487,-0.8050904840924649,-0.8061012641702651,-0.8083927772204516,-0.8087130542007547,-0.8101350602675047,-0.8121809469419974,-0.8127209586355004,-0.8137516827040059,-0.8159147259758173,-0.8165933150551362,-0.8173740405121944,-0.8162785372724944,-0.8173145289116973,-0.8183353905637819,-0.8194525940941729,-0.8202058922422828,-0.819771809840097,-0.8207374244598876,-0.8220343415139635,-0.8236031973650291,-0.8241525565114471,-0.8239841157239783,-0.8231103223136317,-0.8227036577671908,-0.8230373593059003,-0.8251094314801687,-0.8261695268029837,-0.8267935019818377,-0.8276759064929441,-0.8289459258372455,-0.8303957325670087,-0.830000325636284,-0.8287972808200431,-0.831481466995672,-0.8312671624604642,-0.8318962107256449,-0.8326296417942645,-0.8332933888003434,1
-0.8074848123372486,-0.8044693910529305,-0.8054577627313937,-0.8077544432265086,-0.808062056773107,-0.8094849355078312,-0.8115321602153089,-0.8120706209915408,-0.813015237578534,-0.8151866945617058,-0.8158779205487494,-0.8166301306402078,-0.8155327416816385,-0.8165363920736985,-0.8175356113011608,-0.8186671115146565,-0.8194157254693312,-0.8190257512662525,-0.8199931491411449,-0.8212909299184324,-0.8228463799992125,-0.8234185902172833,-0.8232292600873289,-0.8223586485381168,-0.82192782637696,-0.8222600929866752,-0.8243314669714052,-0.82540531378371,-0.8260215428947967,-0.8269045222014284,-0.8281941517037675,-0.8296864890880269,-0.8292845784811581,-0.8280737861695192,-0.8307614227131889,-0.8305547244784043,-0.8311559222519477,-0.8318962107256449,-0.8325554393091147,-0.8309924551603304,1
-0.8038505765010762,-0.804836577478094,-0.8071105166065737,-0.8074238074152599,-0.8088337378169109,-0.8108816731111125,-0.8114218628510086,-0.8123648235260915,-0.8144498474258228,-0.8151498993858673,-0.8159147259758173,-0.8147893513866258,-0.8157905235179163,-0.8167574104747307,-0.8178672348853561,-0.8186302536312261,-0.8182359294743932,-0.8192470276992582,-0.8205464973937645,-0.8221027379242981,-0.8226618257980196,-0.8224955544785537,-0.8216042583808809,-0.8211764905847628,-0.8214843904007082,-0.8235538235965124,-0.8246272630092348,-0.8252573726319393,-0.826132530825937,-0.8274226165595184,-0.828934502004944,-0.8285756442118548,-0.8273585780656839,-0.8300373744721834,-0.8298349406881201,-0.8304435153763322,-0.8311559222519477,-0.8318220293447812,-0.8302551622694729,-0.8304728894996823,1
-0.8042176710299824,-0.8064889163913296,-0.8067799658315377,-0.8081952909748402,-0.8102301130390321,-0.8107714043529587,-0.8117159891558096,-0.8137990608820266,-0.8144130625579437,-0.8151866945617058,-0.8140744546224248,-0.8150470604821273,-0.816011479377583,-0.8170889380762789,-0.8178303878204456,-0.8174508013614495,-0.818457141223444,-0.8198002187817724,-0.8213580748309399,-0.8219182361047832,-0.8217390547920548,-0.8208710115783896,-0.8204224389580096,-0.8207331813522551,-0.8227777453314428,-0.8238495334501893,-0.82447936499032,-0.8253683284957674,-0.8266504745045917,-0.8281627513567901,-0.8278239765531793,-0.8266501797598235,-0.8293216169506865,-0.8291111535747003,-0.8297237628451118,-0.8304435153763322,-0.8310817621129367,-0.8295224065380091,-0.8297357448734248,-0.8314749089880751,1
-0.8058695964100608,-0.8061584486086825,-0.8075512509732884,-0.8095913088445571,-0.8101198728899173,-0.8110654543747022,-0.813149854891714,-0.8137622855652078,-0.8144498474258228,-0.8133469357697829,-0.8143320926118996,-0.8152679539925571,-0.8163429131670831,-0.817052101676107,-0.8166512817433069,-0.8176719486620325,-0.8190101705960712,-0.8206115657027931,-0.8211736254134001,-0.8209957270072086,-0.8201149778215568,-0.8196895258328157,-0.8199792566744328,-0.822026166613736,-0.8230733693156106,-0.8237016785233509,-0.8245902885045062,-0.8258861225269646,-0.8273903940455273,-0.8270525491608827,-0.8258990657701206,-0.8286126723743938,-0.8283956552124777,-0.8290000070670023,-0.8297237628451118,-0.8303693759749508,-0.8287827978035962,-0.8290031368719639,-0.8307374784229462,-0.8286544096874139,1
-0.8055392113340452,-0.8069295401015257,-0.8089469098012181,-0.8094810969074742,-0.8104138466208901,-0.8124989482307013,-0.8131130891036139,-0.8137990608820266,-0.8126106040318628,-0.813604502000652,-0.8145529251743068,-0.8155992942582019,-0.8163060871904719,-0.8158733368706022,-0.8168723641327703,-0.8182248169134904,-0.8198212803425909,-0.8204271686752885,-0.8202513783257008,-0.8193721109954774,-0.8189338309339219,-0.8192464686782256,-0.8212718716681984,-0.8223217061020743,-0.8229255573235267,-0.8238125697184797,-0.8251079315707082,-0.826625828285818,-0.826280514734124,-0.8251281986879768,-0.8278609940682381,-0.8276869683109173,-0.8282845398038927,-0.8290000070670023,-0.8296496442831063,-0.8280710545321266,-0.8282636768305194,-0.8300045855136227,-0.8279177839872564,-0.8240525424073878,0
-0.8063101098447484,-0.8083248485171468,-0.8088367262095394,-0.8097749954063619,-0.8118469685593831,-0.8124621919779834,-0.813149854891714,-0.8119602950410842,-0.8128680981070172,-0.8138252730556829,-0.8148841740179175,-0.8155624786731303,-0.8151276559389162,-0.8160943552716343,-0.8174250701064291,-0.8190356903489617,-0.819636937218382,-0.8195051835377649,-0.81862822345135,-0.8181912993505818,-0.8184909008510589,-0.820538718712447,-0.8215673265239161,-0.8221739363579051,-0.8230364163175896,-0.8243300619624145,-0.8258474216652825,-0.825516269647538,-0.8243567239276919,-0.8270895559007463,-0.8269355561917675,-0.8275758838233002,-0.8282845398038927,-0.8289259093952036,-0.8273519688609358,-0.8275520787224567,-0.8292648387071676,-0.8271856930408054,-0.8233172299079728,-0.8265019233790145,0
-0.8077050690545923,-0.8082146925895978,-0.8091305491206824,-0.8112077505884396,-0.8118102218430115,-0.8124989482307013,-0.8113115654867082,-0.8122177222588162,-0.8130888073142923,-0.814156429638229,-0.8148473685908496,-0.8143843799508378,-0.8153486117985829,-0.8166469012742147,-0.8182357055344619,-0.8188514009318092,-0.8187152215973368,-0.8178824896957233,-0.8174477471790947,-0.817748494983746,-0.8197827802594095,-0.8208340901488403,-0.8214195990960572,-0.8222847636660321,-0.8235537582898833,-0.8250693365966072,-0.824738186523421,-0.8235930346745195,-0.8263175107111708,-0.8261643874041569,-0.8268245036465912,-0.8275758838233002,-0.8282104628648359,-0.8266288815694455,-0.8268331389268974,-0.8285529606411058,-0.8264467534247503,-0.8225864474272611,-0.825765911917914,-0.8284317386899933,0
-0.8075949406959204,-0.8085084417297286,-0.810562935812505,-0.8111710132760788,-0.8118469685593831,-0.8106611355948049,-0.811568926003409,-0.8124383741597293,-0.8134198711252052,-0.8141196344623906,-0.8136695949246784,-0.8146052734612675,-0.8159010014477496,-0.8174573020779992,-0.8180514702099091,-0.8179299538460463,-0.8170930021042971,-0.816702348719693,-0.8170050685769991,-0.8190400077203505,-0.8200780669813182,-0.8206864044306437,-0.8215303946669514,-0.8228019577706244,-0.8242928182503031,-0.8239604246453183,-0.8228155122775279,-0.8255532549354807,-0.8253926112850014,-0.8260533671845662,-0.8268245036465912,-0.827501827498222,-0.8259140777540781,-0.8261101978668549,-0.8278337395139715,-0.8257356633886119,-0.8218488248060694,-0.8250344329957604,-0.8276951765318071,-0.8281348440267657,0
-0.8078886163190454,-0.809940468787866,-0.8105262079486122,-0.8112077505884396,-0.8100096327408025,-0.8109184293638304,-0.8117895207320097,-0.8127693520110989,-0.813383086257326,-0.8129421888355599,-0.8138904274870855,-0.8151575072373421,-0.8167111729331942,-0.817273120077139,-0.8171302935871445,-0.8163082069751034,-0.8159132061093591,-0.8162597958536817,-0.8182962144997782,-0.8193352106315742,-0.8199304236203638,-0.8207971687192912,-0.8220474406644576,-0.8235408064914705,-0.8231842283096735,-0.8220383105964175,-0.8247751610281497,-0.8246286227369141,-0.8252816233538612,-0.8260533671845662,-0.8267504686164735,-0.8252060814207999,-0.8253955391806812,-0.8271105164361366,-0.8250172341577625,-0.8211390205029637,-0.8242961093934318,-0.8269631488982144,-0.8273983665912081,-0.8298048765074204,1
-0.80932028498178,-0.8099037501453497,-0.810562935812505,-0.8093708849703912,-0.8102668597554037,-0.811138966880138,-0.8121204128249108,-0.8127325766942801,-0.8122059704851915,-0.8131629598905905,-0.8144425088931032,-0.8159674501089182,-0.8165270430501387,-0.8163522100728385,-0.8155090227310787,-0.8151287547053268,-0.8154707826112574,-0.8175505750462148,-0.818591333567842,-0.8191876091759623,-0.8200411561410796,-0.8213140687329797,-0.8227860778037521,-0.8224325334102013,-0.8212626724125824,-0.823997388377028,-0.8238507984099318,-0.8245176668730861,-0.8252816233538612,-0.825979353704839,-0.8244553826828265,-0.824687687145253,-0.8263955778579466,-0.824294804907788,-0.8204218833134214,-0.8235856207485506,-0.8262242730077173,-0.8266664233747599,-0.8290679225070772,-0.8289884161835448,0
-0.8092835755288894,-0.809940468787866,-0.8087265426178607,-0.809628046156918,-0.8104873400536334,-0.8114697731545993,-0.8120836470368107,-0.811555766556077,-0.8124266796924667,-0.8137148875281675,-0.8152522282885959,-0.8157833721835601,-0.8156063936348608,-0.8147314084652696,-0.8143299166539401,-0.8146864601041607,-0.8167611844807209,-0.8178456102902223,-0.8184437740338101,-0.8192983102676713,-0.8205579079044198,-0.8220524973239635,-0.8216781220948103,-0.8205115267360014,-0.8232211813076946,-0.8230732950842872,-0.8237398748957458,-0.8245176668730861,-0.8252076313997676,-0.8236849358332973,-0.8239371374720029,-0.8256874475338077,-0.8235806541737919,-0.8197007492562716,-0.8228677958596029,-0.8255132451844676,-0.8259276324516733,-0.8283355044441914,-0.8282516951704302,-0.8300275475048411,1
-0.80932028498178,-0.8081045366620487,-0.8089836376651109,-0.8098484700310838,-0.8108180605009779,-0.8114330169018814,-0.810907141817607,-0.81177641845699,-0.8129784527106547,-0.8145243813966135,-0.8150682011532567,-0.8148629825567691,-0.8139860506639716,-0.8135526436597648,-0.813887751875013,-0.8159764860242288,-0.8170561334794553,-0.8176980926682186,-0.818554443684334,-0.819814915362313,-0.8212961247091918,-0.8209448544374879,-0.8197576655326445,-0.8224694758462435,-0.8222973563571699,-0.8229624038891583,-0.8237398748957458,-0.8244436962972007,-0.8229138808228675,-0.8231668414752072,-0.8249366103785911,-0.8228733071808387,-0.8189878839522762,-0.822145972425627,-0.824794878471746,-0.8252166875789418,-0.8275962355794205,-0.8275195092546915,-0.8292905299625264,-0.8289884161835448,1
-0.8074848123372486,-0.8083615671596631,-0.8092040048484682,-0.8101791058423325,-0.8107813137846064,-0.8102568168149077,-0.8111277365462077,-0.8123280482092727,-0.8137877198039971,-0.8143404055174213,-0.8141480654765605,-0.813243096813617,-0.8128076194124156,-0.8131106068577005,-0.8151773991468835,-0.8162713490916729,-0.816908658980088,-0.8178087308847214,-0.8190709020534456,-0.8205529226403728,-0.820188799502034,-0.8190249401009305,-0.8217150539517751,-0.8215459149451858,-0.822186497363107,-0.8229624038891583,-0.8236659258862883,-0.8221506084447555,-0.8223959371442128,-0.8241660234515238,-0.8221232792341207,-0.8182818150259945,-0.8214324229411474,-0.824072511892392,-0.8244984042237239,-0.826884824110024,-0.8267804740502998,-0.8285580485867822,-0.8282516951704302,-0.8283575150241863,0
-0.8077417785074829,-0.8085818790147612,-0.8095345556235043,-0.8101423685299716,-0.8096054188607148,-0.8104773543312153,-0.8116792233677094,-0.8131371051792874,-0.8136037954646013,-0.8134205261214599,-0.8125286266855751,-0.8120649980913244,-0.8123657076930824,-0.8143998808637214,-0.8154721756661681,-0.8161239175579509,-0.8170192648546135,-0.8183250425617346,-0.8198086997236051,-0.8194459117232832,-0.8182694358096274,-0.820981775867037,-0.8207917575276569,-0.8214350876370591,-0.822186497363107,-0.822888476425739,-0.821373506593108,-0.8216328144135583,-0.8233948285244757,-0.8213535112218919,-0.8175331073668265,-0.8207256737535729,-0.8233584233566218,-0.8237761212051973,-0.8261660718688478,-0.8260692906948283,-0.8278187159964535,-0.8275195092546915,-0.8276209740466574,-0.8290997516822551,1
-0.8079620352248267,-0.8089123467974083,-0.8094978277596114,-0.8089667745344206,-0.8098258991589443,-0.8110286981219842,-0.8124880707059119,-0.8129532285951931,-0.8126841737676213,-0.8118015383845677,-0.8113508530194038,-0.8116232110704649,-0.8136546168744715,-0.8146945720650974,-0.8153247874065258,-0.8162344912082424,-0.8175354256023988,-0.8190626306717536,-0.8187020032183658,-0.8175270928003281,-0.8202257103422725,-0.8200587401283075,-0.8206809619567628,-0.8214350876370591,-0.822112591367065,-0.8205967250597419,-0.8208558635269061,-0.8226314171880101,-0.8205831342689208,-0.8167646754788085,-0.8199762633607088,-0.8226511382056043,-0.8230621156003949,-0.825443318820667,-0.8253507676867873,-0.8271072423141682,-0.8267804740502998,-0.8268889675173507,-0.8283629988981548,-0.8285430741887035,0
-0.8082924203008424,-0.808875628154892,-0.808322536115039,-0.8091871984085863,-0.8103770999045186,-0.8118373356817786,-0.8123042417654114,-0.812033845674722,-0.8110656395809365,-0.810624092757737,-0.8109091878945897,-0.8129117565479722,-0.8139492246873603,-0.8145472264644094,-0.8154353286012576,-0.8167505015762696,-0.818272798099235,-0.8179562485067251,-0.8167837292759513,-0.8194828120871862,-0.8193029393363078,-0.8199479758396601,-0.8206809619567628,-0.8213612027649744,-0.819821505489764,-0.8200792328158071,-0.8218541751545813,-0.8198205353043677,-0.8159956331151208,-0.8192071203098045,-0.8219011741437676,-0.8223549129052917,-0.8247288467291708,-0.8246282444308819,-0.8263884275548643,-0.8260692906948283,-0.8261501128687063,-0.827630781325987,-0.8278064802595317,-0.8287286333532208,1
-0.8082557108479518,-0.8077006315943689,-0.8085429032983963,-0.8097382580940009,-0.811185527664694,-0.8116535544181891,-0.8113850970629085,-0.8104157317346927,-0.8098885238088019,-0.8101825506476755,-0.8121973778419644,-0.8132062812285452,-0.813801920780916,-0.8146577356649255,-0.8159511875100057,-0.81748765924488,-0.8171667393539807,-0.8160385194206761,-0.8187388931018739,-0.8185603029896116,-0.8191922068155921,-0.8199479758396601,-0.8206070982428332,-0.8190707717303513,-0.8193041635174702,-0.821077253571967,-0.8190441127951991,-0.8152343595994773,-0.8184373676002079,-0.8211314707827105,-0.821605034023297,-0.8240211802195497,-0.8239140003995471,-0.825665611836063,-0.8253507676867873,-0.8254391057830861,-0.8268917142588161,-0.8270744209695099,-0.8279919864724061,-0.8286172978545105,1
-0.8070810083554517,-0.807920943449467,-0.8090938212567896,-0.8105464789659422,-0.811001794082836,-0.8107346481002409,-0.8097674023865036,-0.8092389215964896,-0.8094471053942516,-0.8114703818020216,-0.8124918212585072,-0.8130590188882587,-0.8139123987107493,-0.8151734452673337,-0.8166881288082174,-0.8163819227419644,-0.8152495708622066,-0.8179931279122261,-0.8178166460141746,-0.8184496018979027,-0.8191922068155921,-0.8198741329805617,-0.8183173231110201,-0.818553577625759,-0.8203018944640367,-0.8182680099620352,-0.8144592742088385,-0.8176753886036932,-0.8203611584066401,-0.8208354168638018,-0.8232708222009442,-0.8232065606436904,-0.824951077546341,-0.8246282444308819,-0.8247207599097405,-0.8261804997969004,-0.8263355132162338,-0.8272598744216689,-0.8278806827446815,-0.8276895020319246,0
-0.8073012650727953,-0.8084717230872122,-0.8099018342624331,-0.8103627924041374,-0.8100831261735457,-0.809117372980652,-0.8085908971672998,-0.8087976177946634,-0.8107345757700236,-0.8117647432087292,-0.8123445995502359,-0.8131694656434737,-0.8144279623833048,-0.8159101732707742,-0.8155827168608999,-0.8144653128035776,-0.8172036079788225,-0.8170711427747025,-0.8177059763636506,-0.8184496018979027,-0.8191183851351149,-0.8175850043485123,-0.8178002771135139,-0.8195510233989012,-0.8174934666144419,-0.8136845072300409,-0.8168995915209335,-0.8195986235767118,-0.820065190590266,-0.8225007201576628,-0.82245643686965,-0.8242433491947841,-0.8239140003995471,-0.8239984142205933,-0.8254619455297956,-0.8256244542865397,-0.8265209135637613,-0.8271486023503736,-0.8269531516803098,-0.828320403191283,0
-0.8078519068661548,-0.8092795332225717,-0.8097181949429687,-0.8094443595951132,-0.8084662706531948,-0.8079411728936782,-0.8081497077100984,-0.8100847538833231,-0.8110288547130572,-0.8116175625053753,-0.8124550158314394,-0.8136848838344766,-0.8151644819155273,-0.8148050812656136,-0.8136666694855496,-0.816418780625395,-0.8162818923577774,-0.8169605045581997,-0.8177059763636506,-0.8183758011700967,-0.8168299130403224,-0.8170681043348238,-0.8187974372515615,-0.8167433982596858,-0.8129112948598398,-0.8161241135228765,-0.8188222657668267,-0.8193027412731704,-0.8217300095573709,-0.8216865718806642,-0.8234929272912971,-0.8232065606436904,-0.823284346417565,-0.8247393909385798,-0.8249060563147542,-0.8258098027899934,-0.8264096733552448,-0.8262213350895783,-0.8275838728040825,-0.8292110871809655,0
-0.8086595148297486,-0.8090959400099901,-0.8087999983456465,-0.8078279178512305,-0.8072903757293031,-0.807500097861063,-0.8094365102936025,-0.8103789564178738,-0.8108817152415404,-0.8117279480328907,-0.8129702918103893,-0.8144211955359094,-0.8140597026171937,-0.8128895884566685,-0.8156195639258105,-0.8154973335396319,-0.8161712864832519,-0.8169605045581997,-0.8176321965966347,-0.8160879786081117,-0.8163131612769822,-0.8180649829326516,-0.8159906161222422,-0.8121625361904395,-0.8153501927292248,-0.8180462275717774,-0.818526469728997,-0.8209670792305903,-0.8209160980623418,-0.8227227605968443,-0.82245643686965,-0.8225770818805261,-0.8240251158081321,-0.82418365840009,-0.8250913527197681,-0.8256985936879212,-0.8254826716176076,-0.8268518768269191,-0.8284743026258794,-0.8299162120061307,0
-0.8084759675652956,-0.8081779739470815,-0.8071839723343595,-0.8066523238556795,-0.8068494151328438,-0.8087865667061906,-0.8097306365984034,-0.8102318551505985,-0.810992069845178,-0.8122430804946291,-0.8137064003517462,-0.8133167279837602,-0.8121447518334156,-0.8148419176657856,-0.8146983873030459,-0.8153867598893405,-0.8161712864832519,-0.8168867457471978,-0.8153450238191403,-0.81557137351347,-0.817309753963424,-0.8152589542869138,-0.811411065858616,-0.8146007369692319,-0.817271748626316,-0.8177505177181003,-0.8201903224417892,-0.8201534028958517,-0.8219519854196515,-0.8216865718806642,-0.82182713911365,-0.8233176451313076,-0.8234695387652068,-0.8243689025795866,-0.8249801748767598,-0.8247718511706534,-0.8261130327992008,-0.8277420533972825,-0.8291792262348018,-0.8305842249983927,0
-0.8075582312430298,-0.8065623536763623,-0.806008680689787,-0.8062114761073479,-0.8081355502058503,-0.809080616727934,-0.809583573446003,-0.8103421811010549,-0.8115070579954867,-0.8129789840113983,-0.8126022375397107,-0.811402317560035,-0.8140965285938048,-0.8139210076614851,-0.8145878461083141,-0.8153867598893405,-0.8160975492335683,-0.8146002226061392,-0.8148285654500288,-0.8165676833388504,-0.8145045301052912,-0.8106806970228151,-0.813848568418288,-0.816521743643432,-0.8169761246421481,-0.8194138856450337,-0.8193768833377575,-0.8211889909582463,-0.8209160980623418,-0.8210574573029833,-0.8225674894148265,-0.8227622226932215,-0.8236547311128486,-0.8242577560718887,-0.824053692851691,-0.8254020360823955,-0.8270029544673326,-0.8284467765154868,-0.8298470486011494,-0.8322542574790472,0
-0.8059430153158421,-0.8053873571158392,-0.8055679463230725,-0.8074972820399818,-0.8084295239368231,-0.8089335917170623,-0.8096938708103033,-0.8108570355365188,-0.8122427553530708,-0.8118751287362446,-0.8106883553321826,-0.8133535435688318,-0.8131758791785269,-0.813810498460969,-0.8145878461083141,-0.8153130441224794,-0.813811694493376,-0.814083910929126,-0.8158245923047439,-0.8137632556822237,-0.809927585915706,-0.8131175113730611,-0.8157690249804539,-0.8162262041550934,-0.8186390095530924,-0.8186006835474219,-0.8204121694701615,-0.8201534028958517,-0.8202871664525466,-0.8217975921002549,-0.8220122266889441,-0.8229473635059169,-0.8235436157042636,-0.8233315351744055,-0.8246837006287377,-0.8262917088989725,-0.827707475787937,-0.8291144089432594,-0.8315166045170184,-0.8328851586384056,0
-0.8047683128233419,-0.804946733405643,-0.8068534215593235,-0.8077911805388696,-0.8082825370713367,-0.809043860475216,-0.8102085918437049,-0.8115925418728958,-0.8111392093166948,-0.8099617795926447,-0.8126390429667787,-0.8124331539420407,-0.8130654012486935,-0.813810498460969,-0.814514151978493,-0.8130278553497873,-0.8132955337455907,-0.8150796548776514,-0.813020961158138,-0.8091876105582537,-0.812363701371453,-0.8150374257096187,-0.815473570124736,-0.8178886137769974,-0.8178260435966308,-0.8196356680352915,-0.8193768833377575,-0.8195246530008263,-0.8210270859934822,-0.8212424910023013,-0.8221973142642383,-0.8228362790182997,-0.8226176539660548,-0.823961365384694,-0.8255731233728038,-0.826996033212096,-0.8283749170390359,-0.8307834900126907,-0.8321473256407911,-0.8339614017926054,1
-0.8043277993886545,-0.8062318858937152,-0.8071472444704666,-0.8076442312894258,-0.8083927772204516,-0.809558448013267,-0.8109439076057072,-0.8104892823683304,-0.8092263961869764,-0.8119119239120829,-0.8117189072900824,-0.812322707186826,-0.8130654012486935,-0.8137368256606249,-0.8122296339540368,-0.8125118449817601,-0.8142909866163195,-0.8122768200595797,-0.8084466156031493,-0.8116230345758506,-0.8142830650638596,-0.8147420542732251,-0.8171355036881488,-0.8170758801840666,-0.8188607275412184,-0.8186006835474219,-0.8187483167573693,-0.8202643587596797,-0.8204721463377805,-0.8214275247016192,-0.8220862617190619,-0.821910574954823,-0.8232473079480367,-0.8248505374462778,-0.826277249711856,-0.8276632878245289,-0.830043520166783,-0.8314140317500314,-0.8332232616754623,-0.833850066293895,1
-0.8056126302398264,-0.8065256350338459,-0.807000333014895,-0.8077544432265086,-0.808907231249654,-0.8102935730676256,-0.8098409339627037,-0.8085769658937504,-0.8111759941845741,-0.8109920445161215,-0.8116084910088789,-0.812322707186826,-0.8129917492954714,-0.8114529688499595,-0.8117137750452886,-0.813507007834384,-0.8114889711283421,-0.8077037737774624,-0.8108813479146756,-0.8135418534988058,-0.8139877783419509,-0.8164035186029385,-0.8163230028349248,-0.8181102683932513,-0.8178260435966308,-0.8179723001083581,-0.8194878068519437,-0.8197095794405397,-0.8206571262230145,-0.8213165044820284,-0.8211608238425913,-0.8225400537179871,-0.8241362312167172,-0.825554465328365,-0.8269443167699055,-0.8293314243556108,-0.8306738813483762,-0.8324896617725538,-0.8331119579477377,-0.8333305006332469,1
-0.8059063058629514,-0.8063787604637805,-0.8071105166065737,-0.8082687655995622,-0.8096421655770863,-0.8091908854860878,-0.8079291129814978,-0.8105260576851492,-0.8102563724875941,-0.8108816589886062,-0.8116084910088789,-0.8122490760166826,-0.8107085387455819,-0.8109372592475512,-0.8127086457978744,-0.8107058086936646,-0.8069172616479576,-0.8101378145405248,-0.8127996218570902,-0.8132466505875819,-0.8156487661526874,-0.8155912471528565,-0.8173570948299372,-0.8170758801840666,-0.817197842630274,-0.8187115747425507,-0.8189331892810129,-0.8198945058802531,-0.8205461382918741,-0.820391335985439,-0.8217901215985912,-0.8234287296189248,-0.8248399621377559,-0.8262213443745529,-0.8286119844150293,-0.8299616092673529,-0.8317492033640356,-0.8323783897012584,-0.8325925405516895,-0.8332191651345365,1
-0.805759468051389,-0.8064889163913296,-0.8076247067010741,-0.8090035118467815,-0.808539764085938,-0.8072795603447556,-0.8098776997508039,-0.809606674764678,-0.8101460178839565,-0.8108816589886062,-0.8115348801547432,-0.8099665097422409,-0.8101929750730263,-0.8119318420521958,-0.80990826886467,-0.8061354311482803,-0.809350590887517,-0.812055543626574,-0.8125045027890264,-0.8149071669632163,-0.8148367276674385,-0.8166250471802335,-0.8163230028349248,-0.8164478587713473,-0.8179369025906937,-0.8181571187669062,-0.8191180618046565,-0.8197835500164251,-0.8196212388657047,-0.8210204505631198,-0.822678541960003,-0.8241322647071669,-0.8255066545892663,-0.8278885419900225,-0.8292419921920761,-0.8310366305873835,-0.8316379631555191,-0.831859120035213,-0.8324812368239649,-0.8332933888003434,1
-0.8058695964100608,-0.8070029773865584,-0.8083592639789319,-0.8079013924759525,-0.8066289348346142,-0.8092276417388058,-0.808958555048301,-0.8094963488142215,-0.8101460178839565,-0.8108080686369292,-0.8092529436765364,-0.8094510915512381,-0.8111872764415264,-0.8091322756391222,-0.8053392328157576,-0.8085680514546946,-0.8112677593792912,-0.8117605083825663,-0.8141645475468853,-0.8140953589573506,-0.815870231194119,-0.8155912471528565,-0.8156951612665244,-0.8171867074921936,-0.817382607620379,-0.8183419374254545,-0.8190071382904703,-0.8188589178178585,-0.8202501704754999,-0.8219086123198457,-0.8233818747461206,-0.8247987716328702,-0.8271733857180421,-0.828518372200311,-0.8303167113411558,-0.8309254214853113,-0.8311188421824421,-0.8317478479639177,-0.8325554393091147,-0.8331449414687297,1
-0.8063835287505297,-0.8077373502368853,-0.8072574280621452,-0.8059910522331821,-0.8085765108023095,-0.8083087354208576,-0.8088482576840007,-0.8094963488142215,-0.810072448148198,-0.8085267677349448,-0.8087376676975866,-0.8104451123481723,-0.8083885022190815,-0.8045645620177914,-0.8077711390998561,-0.8104846613930815,-0.8109728103805567,-0.8134200816301089,-0.8133529701097099,-0.8151285691466341,-0.8148367276674385,-0.8149635828505203,-0.816433798405819,-0.8166325709515588,-0.817567372610484,-0.8182310462303255,-0.8180827756722525,-0.8194876677128837,-0.8211380739246225,-0.8226117403772536,-0.8240481900171794,-0.8264650389471281,-0.827803039700024,-0.8295927884413915,-0.8302055334981476,-0.8304064456756414,-0.8310076019739256,-0.8318220293447812,-0.8324070343388152,-0.8332562769674401,1
-0.8071177178083423,-0.8066357909613949,-0.8053475791397151,-0.8079381297883135,-0.8076578428930192,-0.8081984666627038,-0.8088482576840007,-0.8094227981805838,-0.8077917863396876,-0.8080116352732064,-0.8097314142284184,-0.8076471278827276,-0.8038220811193028,-0.8069957644291448,-0.8096871864752065,-0.8101897983256373,-0.8126318984984381,-0.8126087347090881,-0.8143858868479331,-0.8140953589573506,-0.8142092433833824,-0.815702011441504,-0.815879820551348,-0.8168172831317705,-0.817456513616421,-0.8173069529375848,-0.8187113422526406,-0.8203753146235077,-0.8218409974885111,-0.823277861694798,-0.8257139781948264,-0.8270945177102922,-0.8288771553163463,-0.8294816419336936,-0.829686703564109,-0.8302952365735693,-0.8310817621129367,-0.8316736665830541,-0.8325183380665399,-0.8330336059700194,1
-0.8060164342216234,-0.804726421550545,-0.807294155926038,-0.8070196969792893,-0.8075476027439045,-0.8081984666627038,-0.8087747261078004,-0.8071427285378152,-0.8072767981893789,-0.8090051050208448,-0.806934201771262,-0.8030819953338442,-0.8062525955756366,-0.80891125723809,-0.8093924099559218,-0.8118484030800107,-0.8118207887519183,-0.8136413580631147,-0.8133529701097099,-0.8134680527709999,-0.8149474601881542,-0.8151481899982662,-0.8160644798361717,-0.8167064558236435,-0.8165326886658963,-0.8179353363766485,-0.8195987303661297,-0.8210780350944183,-0.8225069250753532,-0.8249431649886588,-0.8263432759508264,-0.8281683344239251,-0.8287660399077612,-0.8289629582311029,-0.8295755257211008,-0.8303693759749508,-0.8309334418349147,-0.8317849386543495,-0.8322957306110906,-0.83088111966162,0
-0.8041075426713107,-0.8066725096039113,-0.8063759593287159,-0.8069094850422064,-0.8075476027439045,-0.8081249541572678,-0.8064952472455933,-0.8066278741023515,-0.8082699896221172,-0.806208671657122,-0.8023703288148485,-0.8055118239485725,-0.8081675463594148,-0.8086165660367138,-0.8110505278768981,-0.8110375296445393,-0.812853110247489,-0.8126087347090881,-0.8127258420900743,-0.8142060600490596,-0.8143937975845754,-0.8153327971460121,-0.8159536842652776,-0.8157828949225858,-0.8171608896322531,-0.8188224659376796,-0.8203012459559753,-0.8217437702773863,-0.824171744042458,-0.8255722795663396,-0.8274167838875324,-0.828057249936308,-0.8282475013343643,-0.8288518117234049,-0.8296496442831063,-0.8302210971721878,-0.8310446820434312,-0.8315623945117586,-0.8301438585417483,-0.832996494137116,1
-0.806053143674514,-0.8057545435410026,-0.8062657757370373,-0.8069094850422064,-0.8074741093111613,-0.8058460664887562,-0.8059805262121917,-0.8076208076564603,-0.8054743396632981,-0.8016460698531531,-0.8047994870013266,-0.8074262343722978,-0.8078729385465258,-0.8102742040444548,-0.8102398924488653,-0.8120695503805938,-0.8118207887519183,-0.811981784815572,-0.8134636397602337,-0.8136525545905148,-0.8145783517857684,-0.8152220328573646,-0.8150303878411593,-0.816410916335305,-0.8180477615847567,-0.8195247768401626,-0.8209667870410923,-0.8234081082348061,-0.824800675652253,-0.8266454750223834,-0.8273057313423559,-0.827538855660761,-0.8281363859257792,-0.8289259093952036,-0.8295014071590954,-0.83033230627426,-0.8308222016263983,-0.8294111344667138,-0.8322586293685157,-0.8326995994738885,1
-0.8051354073522482,-0.8056443876134536,-0.8062657757370373,-0.8068360104174844,-0.8051958128961212,-0.8053314789507053,-0.8069732024908948,-0.8048258835782279,-0.8009130160462773,-0.8040745514584914,-0.8067133692088548,-0.8071317096917247,-0.8095301074940262,-0.8094638032406704,-0.8112716102663616,-0.8110375296445393,-0.8111940221296076,-0.812719372925591,-0.8129102915076142,-0.8138370564100298,-0.8144676192650526,-0.8142989971186351,-0.8156582294095597,-0.8172975348003204,-0.8187498685471554,-0.8201901240109359,-0.8226306397538843,-0.8240368581298314,-0.8258735589866096,-0.8265344548027928,-0.8267874861315323,-0.8274277711731438,-0.8282104628648359,-0.8287777140516064,-0.8296125850021036,-0.8301098880701158,-0.8286715575950797,-0.8315253038213267,-0.8319618194279168,-0.8324027048106609,0
-0.8050252789935765,-0.8056443876134536,-0.8061923200092516,-0.8045582970511043,-0.8046813588669187,-0.8063238977740893,-0.8041790025952862,-0.8002657442926908,-0.8033408173263045,-0.8059879006020912,-0.806418925792312,-0.8087884110199485,-0.8087199360085816,-0.810495222445487,-0.8102398924488653,-0.8104109456262204,-0.8119313946264438,-0.8121661818430768,-0.813094740925154,-0.8137263553183208,-0.8135448482590879,-0.8149266614209711,-0.8165445939767132,-0.8179994410851243,-0.8194150225115332,-0.8218534919378693,-0.8232592063342724,-0.8251094314801687,-0.8257625710554692,-0.8260163604447026,-0.8266764335863558,-0.827501827498222,-0.8280623089867225,-0.8288888605593043,-0.8293902293160871,-0.8279598454300545,-0.8307851215568927,-0.8312285782978723,-0.8316650094873178,-0.8328109349725988,0
-0.8050252789935765,-0.805570950328421,-0.8039151924478924,-0.8040439746780508,-0.8056735202089522,-0.8035304225675268,-0.7996200448708719,-0.8026929152027347,-0.8052536304560228,-0.8056935391953834,-0.8080751700103652,-0.8079784681483724,-0.8097510633536928,-0.8094638032406704,-0.8096134923453853,-0.8111481032948309,-0.8113783652538166,-0.8123505788705816,-0.8129840712746301,-0.8128038462207462,-0.8141723325431438,-0.8158127757301515,-0.817246299259043,-0.8186644049338859,-0.8210779074224774,-0.822481875376933,-0.8243314669714052,-0.8249984756163408,-0.8252446273768144,-0.8259053402251119,-0.8267504686164735,-0.8273537148480657,-0.8281734243953076,-0.8286665675439083,-0.8272407910179275,-0.8300728183694249,-0.8304884810008488,-0.8309318527744178,-0.8320731231556414,-0.8329222704713091,0
-0.8049518600877951,-0.8032943944924075,-0.8034010023533921,-0.8050358821117969,-0.8028807697647097,-0.7989726472305035,-0.8020465868854795,-0.8046052316773148,-0.8049593515129891,-0.8073493221081142,-0.8072654506148725,-0.8090093045303783,-0.8087199360085816,-0.8088375844377459,-0.810350433643597,-0.810595235043373,-0.8115627083780257,-0.8122399406540787,-0.8120618241869307,-0.8134311524070968,-0.81505819270887,-0.816514282891586,-0.8179110726844081,-0.8203268145557897,-0.8217061083888342,-0.8235538235965124,-0.8242205434572191,-0.8244806815851434,-0.8251336394456741,-0.825979353704839,-0.8266023985562382,-0.827464799335683,-0.8279511935781375,-0.8265177350617474,-0.8293531700350842,-0.8297762607638993,-0.8301918404448049,-0.8313398503691678,-0.832184426883366,-0.8331820533016331,0
-0.8026758740085761,-0.8027803334971787,-0.8043926546785,-0.8022438463723632,-0.7983241769346296,-0.8013985599098868,-0.8039584078666855,-0.804311029142764,-0.8066146705675532,-0.8065398282396681,-0.8082960025727723,-0.8079784681483724,-0.8080938944061925,-0.8095743124411865,-0.8097977276699383,-0.8107795244605257,-0.8114521025035003,-0.8113179555165551,-0.8126889522065662,-0.8143167611407686,-0.8157594986734032,-0.8171788686234713,-0.8195730062478208,-0.8209548359685089,-0.8227777453314428,-0.8234429324013834,-0.823702900391017,-0.8243697257213154,-0.8252076313997676,-0.8258313267453847,-0.8267134511014147,-0.8272426303604485,-0.825802962345493,-0.8286295187080089,-0.8290566957870623,-0.8294797031583736,-0.8305997212093653,-0.8314511224404633,-0.8324441355813901,-0.8352603159442256,1
-0.8021619416681073,-0.8037717368451199,-0.8016013370226406,-0.7976884196396031,-0.8007494602151561,-0.8033098850512191,-0.8036642815618845,-0.8059659183996122,-0.8058054034742108,-0.807570093163145,-0.8072654506148725,-0.8073526032021545,-0.8088304139384149,-0.8090217664386061,-0.8099819629944912,-0.8106689508102342,-0.810530386882455,-0.8119449054100711,-0.8135743094107577,-0.8150178680549252,-0.8164238937976979,-0.8188403329531845,-0.8202008478162212,-0.822026166613736,-0.8226668863373798,-0.8229254401574486,-0.8235919768768308,-0.8244436962972007,-0.8250596474915806,-0.8259423469649755,-0.8264913460110618,-0.8250949969331827,-0.8279141551086091,-0.8283331280208144,-0.8287602215390403,-0.8298874698659715,-0.8307109614178818,-0.8317107572734859,-0.8345218051655826,-0.8348149739493843,0
-0.8031530968961542,-0.8009811200138778,-0.7970470818999226,-0.8001130822554271,-0.8026602894664799,-0.8030158350294757,-0.8053187420263896,-0.8051568614295975,-0.8068353797748284,-0.8065398282396681,-0.8066397583547191,-0.8080889149035874,-0.8082780242892481,-0.8092059484394662,-0.8098714217997595,-0.8097475037244712,-0.8111571535047657,-0.8128300111420939,-0.8142752171974091,-0.8156820746051789,-0.8180848816084344,-0.8194679972555206,-0.8212718716681984,-0.821915339305609,-0.8221495443650859,-0.8228145489623196,-0.8236659258862883,-0.8242957551454301,-0.8251706354227208,-0.825720306525794,-0.82434433013765,-0.8272056021979094,-0.8276178473523823,-0.8280367373336198,-0.8291678736300706,-0.8299986789680436,-0.8309705219044202,-0.8337878359376671,-0.8340765902546842,-0.8349263094480947,0
-0.8003631784764664,-0.796428008341851,-0.7994711209168531,-0.8020234224981975,-0.802366315735507,-0.8046698664017826,-0.8045098946881872,-0.8061865703005253,-0.8058054034742108,-0.8059143102504143,-0.8073758668960761,-0.8075366811275128,-0.8084621541723038,-0.8090954392389502,-0.8089502451769949,-0.81037408774279,-0.8120420005009692,-0.8135307198466117,-0.8149392351005527,-0.8173425909808132,-0.8187123658924904,-0.820538718712447,-0.8211610760973042,-0.8213981452010166,-0.822038685371023,-0.822888476425739,-0.8235180278673735,-0.8244067110092581,-0.8249486595604403,-0.8235739156137065,-0.8264543284960029,-0.8269093768975969,-0.8273215395961554,-0.8284442745285124,-0.8292790514730788,-0.8302581668728786,-0.8330470057967277,-0.8333427476524854,-0.8341878939824088,-0.8364478945971355,0
-0.7958112063180284,-0.7988514387479297,-0.8013809698392833,-0.8017295239993096,-0.8040199179722296,-0.8038612288419882,-0.8055393367549903,-0.8051568614295975,-0.8051800607202644,-0.8066502137671835,-0.8068237854900584,-0.807720759052871,-0.8083516762424704,-0.8081745292346496,-0.8095766452804748,-0.8112586769451224,-0.8127425043729636,-0.8141945491456288,-0.8165992798584114,-0.8179698971671638,-0.8197827802594095,-0.8204279544237995,-0.8206440300997979,-0.8212873178928898,-0.822112591367065,-0.8227406214989005,-0.8236289513815597,-0.8241847992816022,-0.8228028928917273,-0.8256832997859304,-0.8261581883755323,-0.8266131515972843,-0.8277289627609674,-0.8285554210362104,-0.8295384664400981,-0.8323340701115584,-0.8326020449626618,-0.8334540197237809,-0.8357090449279784,-0.8388601637358589,1
-0.7982340302088099,-0.8007608081587797,-0.8010871469281401,-0.8033827030555534,-0.8032114902120542,-0.8048904039180902,-0.8045098946881872,-0.8045316810436771,-0.8059157580778484,-0.8060982861296065,-0.8070078126253977,-0.807610312297656,-0.8074310268271925,-0.808800748037574,-0.8104609748383288,-0.8119589767303023,-0.8134061396201162,-0.8158541223931713,-0.8172264078780469,-0.8190400077203505,-0.8196720477386937,-0.8199110544101108,-0.8205332345289037,-0.8213612027649744,-0.8219647793749811,-0.8228515126940293,-0.8234071043531873,-0.8220396525809276,-0.8249116635833934,-0.8253872458670218,-0.8258620482550617,-0.8270204613852141,-0.8278400781695524,-0.8288147628875057,-0.8316137861762521,-0.8318892337032698,-0.8327132851711783,-0.8349747380314849,-0.8381206256953447,-0.8361138881010046,0
-0.8001429217591227,-0.8004670590186489,-0.8027399008033201,-0.802574482183612,-0.8042403982704593,-0.8038612288419882,-0.8038848762904852,-0.8052671873800541,-0.8053639850596604,-0.8062822620087989,-0.8068973963441941,-0.806689922670865,-0.8080570684295815,-0.8096848216417025,-0.8111610690716299,-0.8126224186320516,-0.8150652277379976,-0.8164810722866873,-0.8182962144997782,-0.8189293066286415,-0.8191552959753535,-0.8198002901214633,-0.8206070982428332,-0.8212134330208052,-0.8220756383690441,-0.8226297303037716,-0.8212625830789219,-0.8241478139936594,-0.8246156957670192,-0.8250911919481132,-0.8262692409207089,-0.8271315458728313,-0.8280993474562509,-0.8308894976978679,-0.8311690748042191,-0.8320004428053419,-0.8342335680209034,-0.8373856329095525,-0.8353751337448045,-0.8367819010932664,0
-0.7998492461359976,-0.8021193979318845,-0.8019318877976765,-0.8036031269297191,-0.8032114902120542,-0.8032363725457833,-0.8046201920524876,-0.8047155576277714,-0.8055479093990565,-0.8061718764812835,-0.8059772606674979,-0.8073157876170829,-0.8089408918682482,-0.810384713244971,-0.8118243162400204,-0.8142810233864249,-0.8156919943603083,-0.8175505750462148,-0.8181855448492543,-0.8184127015339997,-0.8190445634546377,-0.8198741329805617,-0.8204593708149743,-0.8213242603289321,-0.8218539203809181,-0.8204858338646129,-0.8233701298484586,-0.8238519316901182,-0.824319727950645,-0.8254982660866126,-0.8263802934658853,-0.8273907430106048,-0.8301735017498386,-0.8304449116670759,-0.8312802526472274,-0.8335203005336611,-0.8366437725387603,-0.8346409218175986,-0.8360429561111522,-0.8376354732500455,1
-0.801501171516076,-0.8013115877965249,-0.8029602679866774,-0.802574482183612,-0.8025867960337367,-0.803971497600142,-0.8040687052309858,-0.8048994342118656,-0.8054375547954189,-0.8052519970853221,-0.8066029529276513,-0.8081993616588022,-0.8096405854238595,-0.8110477684480674,-0.8134824341609966,-0.8149076074047437,-0.8167611844807209,-0.8174399368297119,-0.8176690864801426,-0.8183020004422907,-0.8191183851351149,-0.819726447262365,-0.8205701663858685,-0.8211026057126782,-0.819710646495701,-0.8225927665720619,-0.8230743338106289,-0.8235560493865768,-0.8247266836981596,-0.8256092863062033,-0.826639416071297,-0.8294643201127925,-0.8297290401154984,-0.830556058174774,-0.8327996831683401,-0.8359298310785572,-0.8338998473953539,-0.8353085542453712,-0.836896284690374,-0.8377096969158524,1
-0.8006935635524821,-0.8023397097869825,-0.8019318877976765,-0.8019499478734755,-0.803321730361169,-0.8034201538093729,-0.8042525341714865,-0.804789108261409,-0.8045179330984389,-0.8058775150745758,-0.8074862831772797,-0.8088988577751635,-0.8103034530028597,-0.8127054064558082,-0.8141088342644766,-0.8159764860242288,-0.8166505786061954,-0.8169236251526987,-0.8175584168296187,-0.8183758011700967,-0.8189707417741606,-0.8198372115510125,-0.8203485752440801,-0.8189599444222243,-0.8218169673828971,-0.8222970567183849,-0.8227785377727992,-0.8239628875539461,-0.8248376716292999,-0.8258683334852482,-0.8287123969145911,-0.8290199821623236,-0.8298401555240834,-0.8320750604466463,-0.8352085364335189,-0.8331866732274447,-0.8345672886464528,-0.8361616401253027,-0.8369704871755238,-0.8375241377513352,1
-0.8017214282334197,-0.8013115877965249,-0.8013075141114975,-0.8026846941206949,-0.8027705296155948,-0.8036039350729627,-0.8041422368071861,-0.8038697253409379,-0.8051432758523852,-0.8067605992946989,-0.8081855862915688,-0.8095615383064529,-0.81196062195036,-0.8133316252587326,-0.8151773991468835,-0.8158659123739372,-0.81613441785841,-0.8168129869361959,-0.8176321965966347,-0.8182281997144848,-0.8190814742948763,-0.8196156829737173,-0.8182065275401259,-0.8210656632766359,-0.8215213433987293,-0.8220013468647078,-0.8231852573248151,-0.8240738434177741,-0.8250966434686273,-0.8279407109176086,-0.8282681867338852,-0.8291310666499409,-0.8313587327747458,-0.8344832347801024,-0.8324661496393153,-0.8338539278398774,-0.8354201302450791,-0.8362358215061664,-0.8367849809626494,-0.8364478945971355,0
-0.8006935635524821,-0.800687370873747,-0.8020420713893552,-0.8021336344352804,-0.8029542631974529,-0.8034936663148089,-0.8032230921046832,-0.8044949057268582,-0.806026112681486,-0.8074597076356296,-0.8088480839787902,-0.8112182396346768,-0.812586663552749,-0.8143998808637214,-0.8150668579521517,-0.81534990200591,-0.8160238119838846,-0.8168867457471978,-0.8174846370626028,-0.8183389008061938,-0.8188600092534448,-0.8174742400598647,-0.8203116433871154,-0.8207701237882975,-0.8212257194145614,-0.8224079479135138,-0.8232961808390012,-0.8243327404333728,-0.8271684181832467,-0.8274966300392457,-0.8283792392790617,-0.8306492213140425,-0.8337662332940888,-0.8317416209235523,-0.8331332166973648,-0.8347065309557637,-0.8354942903840901,-0.8360503680540073,-0.8357090449279784,-0.8367819010932664,0
-0.8000695028533414,-0.8014217437240739,-0.8014911534309619,-0.8023173209970853,-0.8028440230483381,-0.8025747599968607,-0.8038481105023851,-0.8053775133305107,-0.8067250251711908,-0.8081220208007218,-0.8105043281968434,-0.8118441045808945,-0.8136546168744715,-0.8142893716632053,-0.8145509990434036,-0.8152393283556184,-0.8160975492335683,-0.8167392281251941,-0.8175953067131267,-0.8181174986227758,-0.8167191805196066,-0.8195787615441681,-0.8200161885313976,-0.8204745842999589,-0.8216322023927922,-0.8225188391086427,-0.8235550023721022,-0.8264039165581619,-0.8267244664586854,-0.8276076502588364,-0.8298969573964734,-0.8330560518790818,-0.8310253865489907,-0.8324084999697402,-0.8339855801604281,-0.8347806703571452,-0.8353088900365626,-0.8349747380314849,-0.8360429561111522,-0.8372643549210111,0
-0.8008036919111541,-0.8008709640863287,-0.8016747927504264,-0.8022071090600024,-0.8019253551390477,-0.8031996162930654,-0.8047304894167879,-0.8060762443500687,-0.8073871527930164,-0.8097778037134524,-0.8111300204569968,-0.8129117565479722,-0.8135441389446381,-0.8137736620607969,-0.8144404578486718,-0.8153130441224794,-0.815950074734201,-0.8168498663416969,-0.8173739674120789,-0.8159772775164028,-0.8188230984132061,-0.8192833901077747,-0.8197207336756798,-0.8208809510964243,-0.8217430613868552,-0.8227775852306101,-0.8256255746369102,-0.82596009310285,-0.8268354543898256,-0.829124926593243,-0.8323030958752969,-0.830315967851191,-0.831692079000501,-0.8332606231954246,-0.8340596987224336,-0.8345953218536917,-0.8342335680209034,-0.8353085542453712,-0.8365252722646254,-0.8374870259184317,0
-0.8002530501177946,-0.8010545572989105,-0.8015646091587477,-0.8012886762509781,-0.8025500493173652,-0.8040817663582958,-0.80542903939069,-0.8067382000528079,-0.8090424718475804,-0.8104033217027061,-0.8121973778419644,-0.8128013097927573,-0.8130285752720824,-0.8136631528602808,-0.814514151978493,-0.8151656125887574,-0.8160606806087265,-0.8166285899086911,-0.8152343541686164,-0.8180805982588728,-0.8185278116912975,-0.8189880186713813,-0.8201269841022918,-0.8209917784045513,-0.822001732373002,-0.8248475542063494,-0.8251818805801656,-0.8260710489666779,-0.8283522894487434,-0.8315303646843755,-0.829563799760944,-0.8309824747768941,-0.8325439637996531,-0.8333347208672234,-0.8338744023174198,-0.8335203005336611,-0.8345672886464528,-0.8357907332209847,-0.8367478797200746,-0.8374128022526248,0
-0.8004365973822478,-0.8009444013713615,-0.8006464125614255,-0.8019132105611145,-0.8034319705102839,-0.8047801351599364,-0.8060908235764921,-0.808393089309656,-0.8096678146015268,-0.8114703818020216,-0.8120869615607609,-0.8122858916017542,-0.8129180973422491,-0.8137368256606249,-0.8143667637188506,-0.815276186239049,-0.8158394688596756,-0.8144895843896364,-0.8173370775285709,-0.817785395347649,-0.8182325249693887,-0.8193941543964223,-0.820237779673186,-0.8212503754568474,-0.8240711002621772,-0.8244039894258338,-0.8252928040943518,-0.8275874457723272,-0.8307570279567837,-0.8287918659344709,-0.8302301150320028,-0.8318341225152927,-0.8326180407387098,-0.8331494766877267,-0.8327996831683401,-0.8338539278398774,-0.8350493295500242,-0.8360132773635756,-0.8366736772349248,-0.8380437034119833,0
-0.8003264690235758,-0.8000264353084529,-0.8012707862476046,-0.8027949060577778,-0.8041301581213445,-0.8054417477088591,-0.8077452840409972,-0.8090182696955764,-0.8107345757700236,-0.8113599962745062,-0.8115716855818109,-0.8121754448465394,-0.8129917492954714,-0.8135894800599368,-0.8144773049135824,-0.8150550389384659,-0.8137010886188506,-0.8165917105031901,-0.8170419584605071,-0.8174901924364251,-0.8186385442120133,-0.8195049186850698,-0.8204963026719391,-0.8233191518752168,-0.8236276642859254,-0.8245148806209627,-0.826808758788229,-0.8299914894886004,-0.8280193256553224,-0.8294579872520152,-0.8310815178783557,-0.8319081788403708,-0.832432848391068,-0.8320750604466463,-0.8331332166973648,-0.8343358339488567,-0.8352718099670572,-0.8359390959827119,-0.8373043983586976,-0.8385632690726313,0
-0.7994087327013102,-0.8006506522312307,-0.8021522549810339,-0.8034929149926362,-0.8047915990160336,-0.8070957790811658,-0.8083703024386991,-0.8100847538833231,-0.810624221166386,-0.8108448638127677,-0.8114612693006074,-0.8122490760166826,-0.8128444453890269,-0.813699989260453,-0.8142562225241189,-0.8129172816994957,-0.8158026002348338,-0.8162966752591827,-0.8167468393924433,-0.8178960964393579,-0.818749276732729,-0.8197633686919141,-0.8225644866619638,-0.822875842642709,-0.8237385232799883,-0.8260303936210576,-0.8292121015955956,-0.8272545781808432,-0.8286852532421644,-0.8303091422688774,-0.8311555529084734,-0.8317230380276754,-0.8313587327747458,-0.8324084999697402,-0.8336149873504006,-0.834558252153001,-0.8351976498280461,-0.8365696377200527,-0.8378238157547457,-0.8394168412294105,0
-0.8000327934004507,-0.801531899651623,-0.8028500843949988,-0.8041541866151337,-0.8064452012527561,-0.8077206353773706,-0.8094365102936025,-0.8099744279328666,-0.8101092330160772,-0.8107344782852524,-0.8115348801547432,-0.8121018136763961,-0.8129549233188602,-0.8134789708594208,-0.812119092759305,-0.8150181810550352,-0.8155076512360993,-0.8160016400151751,-0.8171526281110311,-0.8180067975310669,-0.8190076526143991,-0.8218309687466684,-0.822121304378387,-0.8229866699508359,-0.8252535961988486,-0.8284330361821836,-0.8264759882456706,-0.8279203133638112,-0.8295361607142402,-0.8303831557486047,-0.8309704653331793,-0.8306492213140425,-0.831692079000501,-0.8328901348364314,-0.8338373430364171,-0.8344841127516195,-0.8358280110096395,-0.837088907386098,-0.8386771443339678,-0.8409384263784514,1
-0.8009138202698259,-0.8022295538594335,-0.8035111859450708,-0.8058073656713772,-0.8070698954310734,-0.8087865667061906,-0.8093262129293022,-0.8094595734974026,-0.8099988784124396,-0.8108080686369292,-0.8113876584464718,-0.8122122604316111,-0.8127339674591935,-0.8113424596494435,-0.8142193754592083,-0.8147233179875911,-0.8152127022373648,-0.8164073134756855,-0.8172632977615549,-0.8182651000783878,-0.8210746596677602,-0.8213879115920781,-0.8222320999492813,-0.8245013098285706,-0.8276555410702127,-0.8256977200356709,-0.8271415293307874,-0.8287709749864924,-0.8296101526683337,-0.8301981220492867,-0.8298969573964734,-0.8309824747768941,-0.8321735791043696,-0.8331124278518274,-0.8337632244744115,-0.8351142976633616,-0.8363471319827164,-0.8379419932660296,-0.8401982952795373,-0.8401219660545758,0
-0.8016112998747479,-0.8028904894247277,-0.8051639398202507,-0.8064318999815137,-0.8081355502058503,-0.8086762979480369,-0.8088114918959005,-0.809349247546946,-0.810072448148198,-0.8106608879335755,-0.8114980747276753,-0.8119913669211812,-0.8105980608157486,-0.8134421344592487,-0.8139245989399236,-0.8144284549201469,-0.8156182571106247,-0.8165179516921883,-0.8175215269461108,-0.8203315204569549,-0.820631729584897,-0.8214986758807257,-0.823746306084835,-0.8269025681713207,-0.8249210192166598,-0.8263630672064443,-0.8279919429395479,-0.8288449455623778,-0.8294251727830999,-0.829124926593243,-0.8302301150320028,-0.831463840889902,-0.8323958099215397,-0.8330383301800287,-0.8343932322514583,-0.8356332734730315,-0.8371999735813427,-0.8394627115737336,-0.8393820679428902,-0.8406044198823204,1
-0.8022720700267792,-0.8045428283379632,-0.8057883135064297,-0.8074972820399818,-0.8080253100567354,-0.8081617104099857,-0.8087011945316002,-0.8094227981805838,-0.8099253086766812,-0.8107712734610908,-0.8112772421652682,-0.8098560629870261,-0.8126971414825823,-0.8131474432578726,-0.813629822420639,-0.8148338916378827,-0.8157288629851501,-0.816776107530695,-0.8195873604225572,-0.819888716090119,-0.8207424621056129,-0.8230124544922421,-0.8261468767875424,-0.8241688279041898,-0.8255861731810376,-0.8272132330357658,-0.8280658919490054,-0.8286600191226644,-0.8283522894487434,-0.8294579872520152,-0.8307113427277675,-0.8316860098651364,-0.832321732982483,-0.8336681603903172,-0.8349120621854969,-0.8364858765889179,-0.8387202564310678,-0.8386467163842339,-0.8398643840963634,-0.8396766240597345,0
-0.8039239954068575,-0.8051670452607411,-0.8068534215593235,-0.8073870701028989,-0.8075108560275328,-0.808051441651832,-0.8087747261078004,-0.8092756969133085,-0.8100356632803188,-0.8105505024060601,-0.8091425273953329,-0.8119545513361095,-0.8124025336696934,-0.8128527520564963,-0.8140351401346554,-0.8149444652881743,-0.8159869433590428,-0.8188413542387478,-0.8191446818204615,-0.819999417181828,-0.822255806555395,-0.8254123474129391,-0.8234139193721525,-0.8248337917529514,-0.8264360921355202,-0.827287160499185,-0.8278810194253617,-0.8275874457723272,-0.8286852532421644,-0.8299390748702417,-0.8309334478181205,-0.8316119535400582,-0.832951386964465,-0.8341868440929078,-0.8357644256485601,-0.8380057343172371,-0.8379044949019471,-0.8391288953598474,-0.8389368530319918,-0.8402704133861895,0
-0.8045480561059981,-0.8062318858937152,-0.8067432379676448,-0.8068727477298453,-0.8074006158784179,-0.8081249541572678,-0.8086276629554,-0.809386022863765,-0.8098149540730436,-0.8084163822074294,-0.8112404367382002,-0.8116600266555364,-0.8121079258568045,-0.8132579524583886,-0.8141456813293871,-0.8152024704721879,-0.8180515863501842,-0.8183988013727365,-0.8192553514709855,-0.8215123321018504,-0.8246550111709035,-0.8226801616262995,-0.8240786927975177,-0.8256834677819245,-0.8265099981315621,-0.8271023418406368,-0.826808758788229,-0.8279203133638112,-0.8291662009437725,-0.8301611153094232,-0.8308594127880028,-0.8322414323032225,-0.8334699255378619,-0.8350389673185923,-0.8372838561696729,-0.8371902009020414,-0.8383865358055184,-0.8382016280990522,-0.8395304729131896,-0.8405301962165135,0
-0.8056126302398264,-0.8061217299661662,-0.8062290478731444,-0.8067625357927625,-0.8074741093111613,-0.8079779291463962,-0.8087379603197004,-0.8091653709628519,-0.80768143173605,-0.8105137072302215,-0.8109459933216575,-0.8113655019749633,-0.8125130115995268,-0.8133684616589048,-0.8144036107837612,-0.8172665119442969,-0.8176091628520824,-0.8185094395892394,-0.8207678366948123,-0.8239108557555443,-0.8219236089932477,-0.8233447473581849,-0.8249281255077063,-0.8257573526540091,-0.8263252331414572,-0.8260303936210576,-0.8271415293307874,-0.8284011221070658,-0.8293881768060531,-0.8300871018296959,-0.8314887105440029,-0.8327598265787692,-0.8343218103370141,-0.8365579695904647,-0.8364685519876124,-0.8376721070110207,-0.8374595340678811,-0.8387950791459611,-0.8397901816112137,-0.8424228996945888,1
-0.8055025018811546,-0.8056076689709373,-0.8061188642814657,-0.8068360104174844,-0.8073271224456748,-0.80808819790455,-0.8085173655910997,-0.8070324025873588,-0.8097781692051643,-0.810219345823514,-0.8106515499051147,-0.8117704734107514,-0.8126234895293601,-0.8136263164601089,-0.8164670464187539,-0.8168242173431307,-0.8177197687266079,-0.8200214952147781,-0.8231656791228307,-0.8211802288267235,-0.8225880041175424,-0.824193940237816,-0.8250019892216358,-0.8255726404737975,-0.8252535961988486,-0.8263630672064443,-0.8276221978922608,-0.8286230338347218,-0.8293141848519595,-0.8307162164073768,-0.8320069557548263,-0.8336114743171679,-0.8358403875876765,-0.8357428952006795,-0.8369503226406482,-0.8367453644937529,-0.838052815179969,-0.8390547139789838,-0.8416823449825319,-0.8417548867023269,0
-0.8049885695406858,-0.8054975130433882,-0.8061923200092516,-0.8066890611680405,-0.8074373625947896,-0.8078676603882424,-0.806384949881293,-0.809128595646033,-0.8094838902621309,-0.8099249844168063,-0.8110564096028611,-0.8118809201659662,-0.8128812713656379,-0.8156891548697421,-0.8160248816398269,-0.8169347909934223,-0.819231382345122,-0.8224186565723395,-0.8204358277432406,-0.8218444353769772,-0.8234369534430299,-0.8242677830969144,-0.8248173299368121,-0.8245013098285706,-0.8255861731810376,-0.8268435957186694,-0.827844044920633,-0.8285490632588364,-0.8299431164617548,-0.8312343107654668,-0.8328583586011793,-0.8351296289812695,-0.8350255412580527,-0.8362245300673707,-0.8360238406155794,-0.8373384797048042,-0.8383123756665074,-0.840946339191006,-0.8410145226161844,-0.8420517813655544,1
-0.8048784411820138,-0.805570950328421,-0.80604540855368,-0.8067992731051234,-0.80721688229656,-0.8057357977306024,-0.8084805998029995,-0.8088343931114823,-0.8091896113190972,-0.8103297313510294,-0.8111668258840646,-0.8121386292614677,-0.8149435260558606,-0.8152471180676778,-0.8161354228345586,-0.8184459642140735,-0.8216278429598397,-0.8196895805652695,-0.8210998456463842,-0.8226931437467457,-0.8235107751235071,-0.8240831759491685,-0.823746306084835,-0.8248337917529514,-0.8260665621553104,-0.8270653781089272,-0.8277700959111756,-0.8291778131538617,-0.8304610601404095,-0.8320854657823292,-0.834376076718591,-0.8343150094054101,-0.8355070413619213,-0.8352983091698876,-0.8366167891116234,-0.8375979676096392,-0.8402034592112875,-0.8402787067632335,-0.8413113325567833,-0.8419033340339407,1
-0.8049518600877951,-0.8054240757583555,-0.8061555921453587,-0.8065788492309577,-0.8050855727470064,-0.8078309041355244,-0.8081864734981986,-0.8085401905769314,-0.8095942448657685,-0.8104401168785447,-0.8114244638735396,-0.8142003020254795,-0.8145016143365271,-0.8153576272681939,-0.8176461524958926,-0.8208417266370572,-0.8188995647215458,-0.8203534098642866,-0.8219483129670675,-0.8227669444745518,-0.8233262209223141,-0.8230124544922421,-0.8240786927975177,-0.8253140434215014,-0.8262882801434362,-0.8269914506455079,-0.8283986624915638,-0.829695607185059,-0.8313119676124854,-0.8336027421167358,-0.833561691387297,-0.8347963755184179,-0.8345810796237125,-0.8358910905442768,-0.8368762040786426,-0.8394885223448655,-0.8395360179601886,-0.8405754322866879,-0.8411629275864838,-0.8408270908797411,0
-0.8048050222762326,-0.8055342316859045,-0.8059352249620013,-0.8044480851140214,-0.8071801355801883,-0.8075368541137811,-0.8078923471933976,-0.8089447190619388,-0.8097045994694061,-0.8106976831094139,-0.8134855677893391,-0.8137585150046199,-0.8146120922663606,-0.8168679196752467,-0.8200412117150805,-0.8181142432631988,-0.8195631999686983,-0.8212016361908083,-0.8220220927340834,-0.8225824426550369,-0.822255806555395,-0.8233447473581849,-0.824558806938059,-0.8255356980377553,-0.8262143741473943,-0.8276198340845717,-0.8289163055577657,-0.8305462688077404,-0.8328288026714031,-0.8327885938397371,-0.8340429190830616,-0.8338706714549413,-0.8351736951361661,-0.8361504323955721,-0.838766227409783,-0.8388212677324327,-0.8398326585162326,-0.8404270695249606,-0.8400869915518127,-0.8410868737100651,0
-0.8049151506349045,-0.8053139198308065,-0.8038050088562139,-0.8065421119185966,-0.8068861618492155,-0.8072428040920375,-0.808296770862499,-0.8090550450123953,-0.8099620935445604,-0.8127582129563675,-0.813043902664525,-0.8138689617598348,-0.8161219573074163,-0.8192622856864282,-0.8173145289116973,-0.8187776851649482,-0.8204111783400599,-0.8212753950018102,-0.8218376433165435,-0.8215123321018504,-0.8225880041175424,-0.8238247259423243,-0.8247803980798475,-0.8254618131656706,-0.826842575113751,-0.8281373263285065,-0.8297667191665262,-0.8320626656133896,-0.8320148911763742,-0.8332696814579635,-0.833117481206591,-0.8344631220555664,-0.8354329644228646,-0.8380399230264377,-0.8380991603517334,-0.8391178253379583,-0.8396843382382105,-0.8393514395024383,-0.8403467002498367,-0.8433506955171748,1
-0.8046948939175608,-0.8031842385648584,-0.8058984970981083,-0.8062482134197089,-0.8065921881182425,-0.8076471228719349,-0.8084070682267993,-0.8093124722301273,-0.8120220461457957,-0.812316670846306,-0.8131543189457285,-0.815378400747772,-0.8185156457871391,-0.8165363920736985,-0.8179777760800878,-0.81962541648385,-0.8204849155897436,-0.8210909979743054,-0.8207678366948123,-0.8218444353769772,-0.823067845040644,-0.8240462545196193,-0.824706534365918,-0.8260898345783899,-0.8273599170860447,-0.8289874921578281,-0.8312826738604036,-0.831248989278651,-0.8324958388779822,-0.8323445129613741,-0.8337097614475322,-0.8347223191933397,-0.8373219263688106,-0.8373730439802498,-0.8383956345997554,-0.8389695465351955,-0.8386090162225514,-0.8396110743354609,-0.8426098760469036,-0.8427197943578163,0
-0.8025657456499042,-0.8052772011882902,-0.8056046741869654,-0.8059543149208211,-0.8069964019983302,-0.8077573916300886,-0.8086644287435001,-0.8113718899719827,-0.8115806277312452,-0.8124270563738214,-0.8146633414555103,-0.8177714137774287,-0.8157905235179163,-0.8171994472767949,-0.8188252585730312,-0.8196991322507111,-0.8203005724655344,-0.8200214952147781,-0.8210998456463842,-0.8223241401077159,-0.8232893100820755,-0.8239724116605209,-0.8253343759343184,-0.8266070286829822,-0.8282098360405274,-0.830503005157923,-0.8304692347563718,-0.8317297980219056,-0.8315709394518128,-0.8329366207991914,-0.8339688840529439,-0.8366107554828323,-0.8366552339173002,-0.8376694346674444,-0.8382473974757444,-0.8378945252151649,-0.8388685767090898,-0.8418736064518012,-0.8419791549231308,-0.8429795771881403,0
-0.8046581844646701,-0.8049834520481594,-0.8053108512758221,-0.8063584253567918,-0.8071066421474451,-0.808014685399114,-0.8107233128771065,-0.8109305861701566,-0.8116909823348828,-0.8139356585831982,-0.8170556942149205,-0.8150470604821273,-0.8164533910969164,-0.8180466844807515,-0.8188989527028524,-0.8195148428335585,-0.819231382345122,-0.8203534098642866,-0.8215794141319878,-0.8225455422911339,-0.8232154884015983,-0.8246000759628571,-0.8258514219318245,-0.8274567047119553,-0.8297249089593879,-0.829689803060311,-0.8309499033178451,-0.830805165823339,-0.8321628750845612,-0.8331956679782364,-0.835856777320944,-0.835944248557129,-0.836951541673527,-0.837521239323847,-0.8371726783266646,-0.8381540131199999,-0.8411304609489247,-0.8412430647144604,-0.8422388636211549,-0.8442042676739537,0
-0.8043645088415451,-0.8046897029080285,-0.805714857778644,-0.8064686372938747,-0.8073638691620464,-0.810073035551318,-0.8102821234199051,-0.811040912120613,-0.81319916191793,-0.816327345012698,-0.8143320926118996,-0.8157097410134169,-0.8173003885589721,-0.8181203572810956,-0.8187147173782995,-0.8184459642140735,-0.8195631999686983,-0.8208328421357989,-0.8218007534330356,-0.8224717415633279,-0.8238429726856544,-0.8251169759765455,-0.8267008546420134,-0.8289713445896899,-0.8289119430029261,-0.8301703315725363,-0.8300255406996272,-0.8313969304304216,-0.8324218469238885,-0.8350830117112789,-0.8351904620498851,-0.8362404738574415,-0.8368033877954136,-0.8364468230827666,-0.8374320932936838,-0.8404152648621332,-0.8405000997673314,-0.841502699547483,-0.8434632046261256,-0.8452433989952499,0
-0.80407083321842,-0.8050936079757084,-0.8058250413703226,-0.8067257984804015,-0.8094216852788567,-0.8096319605187029,-0.8103924207842055,-0.8125487001101858,-0.815590178330078,-0.813604502000652,-0.814994590299121,-0.8165564994700645,-0.8173740405121944,-0.8179361752802354,-0.8176461524958926,-0.8187776851649482,-0.8200424920916418,-0.8210541185688045,-0.8217269736660197,-0.8230990477496787,-0.8243597244489946,-0.8259661688561769,-0.8282150607775671,-0.8281586109967591,-0.829392331977199,-0.8292462382797955,-0.8306171327752866,-0.8316558274460202,-0.8343086417532741,-0.8344168903937345,-0.8354866021703556,-0.8360923612072853,-0.8357292721790914,-0.8367061649340619,-0.8396927094348517,-0.8397850799503912,-0.8407596602538698,-0.8427266923317328,-0.8445020394182218,-0.8472845498049391,1
-0.804474637200217,-0.8052037639032574,-0.8060821364175729,-0.8087830879726158,-0.8089807246823973,-0.8097422292768567,-0.8118998180963101,-0.8149390957034108,-0.8128680981070172,-0.8142668151657443,-0.8158411151216814,-0.8166301306402078,-0.8171899106291387,-0.8168679196752467,-0.8179777760800878,-0.8192568376495448,-0.8202637038406927,-0.8209803597578026,-0.8223541016856553,-0.8236156528443204,-0.8252086737744823,-0.8274799474676934,-0.8274025599243432,-0.8286388626653092,-0.8284685070266744,-0.8298376579871496,-0.8308759543083876,-0.8335420771310962,-0.8336427141664322,-0.834712944312643,-0.8353385321101204,-0.8350185444936523,-0.8359885414657899,-0.8389661439239208,-0.8390627016578049,-0.8400445678552261,-0.841983302547551,-0.8437652316638233,-0.8465426077598396,-0.8457258528229946,0
-0.8045847655588888,-0.8054607944008719,-0.8081388967955745,-0.8083422402242841,-0.8090909648315121,-0.8112492356382918,-0.8142895943228176,-0.8122177222588162,-0.8135302257288428,-0.8151131042100288,-0.8159147259758173,-0.8164460527148496,-0.8161219573074163,-0.8171994472767949,-0.8184567879239254,-0.819477984950128,-0.8201899665910091,-0.8216073096513188,-0.8228705600547668,-0.8244643612140891,-0.8267220182242645,-0.8266676760176114,-0.8278826740648846,-0.8277153017642515,-0.8290597549950101,-0.8300964041091169,-0.8327616540495522,-0.8328763419481282,-0.8339386819828063,-0.8345649173531887,-0.8342650241734145,-0.8352777416314258,-0.8382478881070194,-0.8383363137136323,-0.8393221166248241,-0.8412678679780196,-0.8430215444937048,-0.8458052196375728,-0.844984355571695,-0.8462454184836428,0
-0.8048417317291232,-0.8075170383817872,-0.8076981624288598,-0.808452452161367,-0.8105975802027483,-0.8136383920649571,-0.811568926003409,-0.8128796779615555,-0.8143762776900644,-0.8151866945617058,-0.8157306988404779,-0.815378400747772,-0.8164533910969164,-0.8176783204790312,-0.8186778703133889,-0.8194042691832669,-0.8208167332133198,-0.8221236213283319,-0.8237190273754502,-0.8259772761341114,-0.8259099797390155,-0.8271476546017507,-0.8269593776407664,-0.8283063807409283,-0.829318425981157,-0.8319815544263082,-0.8320961129644352,-0.8331722242516695,-0.8337906980746193,-0.833491721897145,-0.8345241467788262,-0.8375364595463088,-0.8376182341250374,-0.8385956555649274,-0.8405450728979149,-0.8423058195973595,-0.8450609483165069,-0.8442474106394369,-0.8455037729677433,-0.8488061349539798,0
-0.8068974610909985,-0.8070764146715911,-0.8078083460205385,-0.8099586819681667,-0.812986116766903,-0.8109184293638304,-0.8122307101892111,-0.8137255102483889,-0.8144498474258228,-0.8150027186825135,-0.8146633414555103,-0.8157097410134169,-0.8169321287928609,-0.8178993388800634,-0.8186041761835677,-0.8200308532015858,-0.8213328939611052,-0.8229718476548538,-0.8252315125992772,-0.8251654681282458,-0.8263898206621171,-0.8262246188630211,-0.827550287352202,-0.8285649777932245,-0.8312030288802272,-0.8313162072555348,-0.8323919090022649,-0.8330242830998988,-0.8327178147402629,-0.8337507690761901,-0.8367822151974146,-0.8369069807831446,-0.8378775034117358,-0.8398182671496053,-0.8415827327659919,-0.8443446531353486,-0.8435035853972762,-0.8447666803054822,-0.8480637587054091,-0.8482123456275249,0
-0.8064569476563109,-0.8071865705991401,-0.8093141884401469,-0.8123466072716297,-0.8102668597554037,-0.8115800419127531,-0.8130763233155137,-0.8137990608820266,-0.8142659230864268,-0.8139356585831982,-0.814994590299121,-0.8161883436193481,-0.8171530846525277,-0.8178256660797193,-0.8192305762870477,-0.820546863569613,-0.8221808723324668,-0.8244839032803924,-0.8244199351621018,-0.8256451728589845,-0.8254670496561524,-0.826815361735808,-0.8278088103509551,-0.8304490420313824,-0.8305378749158495,-0.8316119171092118,-0.8322440109833501,-0.8319517097495616,-0.8329767865795902,-0.8360081802078683,-0.8361529174414145,-0.8371661779209181,-0.8390997729061715,-0.8408556345547864,-0.8436209932211433,-0.8427877257063388,-0.8440227063703531,-0.847325937945277,-0.8474701388242112,-0.8499937136068898,0
-0.8065670760149828,-0.8086920349423102,-0.8117014995931846,-0.809628046156918,-0.8109283006500928,-0.8124254357252655,-0.813149854891714,-0.8136151842979323,-0.81319916191793,-0.8142668151657443,-0.815473060851003,-0.816409237129778,-0.8170794326993054,-0.8184518848826438,-0.8197464351957958,-0.821394594888515,-0.823692485950981,-0.8236725563593716,-0.8248995036477054,-0.8247226637614099,-0.8260576230999698,-0.8270738117426523,-0.8296923350561562,-0.8297840781826208,-0.8308334989000173,-0.8314640621823732,-0.8311717503462174,-0.8322106067651602,-0.8352335411794435,-0.8353790656301874,-0.8364120400468262,-0.8383881072847074,-0.8401368500529653,-0.8428933205292494,-0.8420645034190277,-0.8433067015160087,-0.846581231166232,-0.846732486898368,-0.8492509984678048,-0.8522946472469028,1
-0.8080721635834985,-0.8110787467058727,-0.8089836376651109,-0.8102893177794155,-0.8117734751266398,-0.8124989482307013,-0.8129660259512134,-0.8125487001101858,-0.8135302257288428,-0.8147451524516443,-0.8156938934134101,-0.8163356059596346,-0.8177054743016945,-0.818967594485052,-0.8205939176887393,-0.8229057681091663,-0.8228813762044612,-0.8241519886308839,-0.8239772565600061,-0.8253130695838576,-0.8263159989816399,-0.8289568046496607,-0.8290275616307912,-0.8300796176709592,-0.8306856869079334,-0.830392113962794,-0.8314305718793183,-0.8344667093296628,-0.8346046095696483,-0.8356381128092324,-0.8376336180437675,-0.8394248958358012,-0.8421739658770248,-0.8413372694214776,-0.8425833333530662,-0.8458645108636678,-0.8459879500541442,-0.8485128400390948,-0.8515512755074466,-0.848397904792042,1
-0.8104582780213895,-0.8083615671596631,-0.8096447392151829,-0.8111342759637177,-0.8118469685593831,-0.8123151669671117,-0.8118998180963101,-0.8128796779615555,-0.8140084290112723,-0.8149659235066751,-0.8156202825592744,-0.8169614709058526,-0.81822103797425,-0.8198148316890086,-0.8221046473500733,-0.8220948946736948,-0.8233606683274047,-0.8232300034933603,-0.8245674946961336,-0.8255713721311785,-0.828198451833808,-0.8282922189177754,-0.829323016486509,-0.82993184792679,-0.8296140499653248,-0.8306508600847614,-0.83368601666777,-0.8338379594346375,-0.8348635814089757,-0.8368593352247305,-0.8386701084654145,-0.8414614447754498,-0.840618350156834,-0.8418559531240682,-0.8451404237422561,-0.8452713956526163,-0.8477677933904076,-0.8508124628458669,-0.8476556450370855,-0.8465052013139668,0
-0.8077417785074829,-0.8090225027249573,-0.8104894800847193,-0.8112077505884396,-0.811663234977525,-0.8112492356382918,-0.8122307101892111,-0.8133577570802004,-0.8142291382185476,-0.8148923331549981,-0.8162459748194278,-0.8174768890968556,-0.8190680354363059,-0.8213251240960615,-0.8212940119220404,-0.8225740471582915,-0.8224389527063595,-0.8238200739813755,-0.8248257238806894,-0.8274532906902308,-0.8275340567095134,-0.8285875903541687,-0.82917528905865,-0.8288605172815631,-0.8298727209514718,-0.832905647719049,-0.8330574500873817,-0.834096856450236,-0.8360844486515193,-0.8378955239409106,-0.8407060717936498,-0.839906261948809,-0.841136888730231,-0.8444123228011217,-0.8445474752462121,-0.8470507412857704,-0.8500667576997482,-0.846917940350527,-0.8457634816657673,-0.8470618788075184,1
-0.8084025486595142,-0.8098670315028332,-0.810562935812505,-0.8110240640266347,-0.8105975802027483,-0.8115800419127531,-0.8127086654345126,-0.8135784089811136,-0.8141555684827891,-0.8155178511442519,-0.8167612507983777,-0.8183236475535033,-0.8205779004773617,-0.820514723292277,-0.821773023765878,-0.8216526000725286,-0.8230288507038285,-0.824078229819882,-0.8267071079395961,-0.8267890841399771,-0.8278293434314221,-0.8284399046359721,-0.828104265206673,-0.8291191143338592,-0.8321268538307519,-0.8322772642799852,-0.8333162716204827,-0.835317370952344,-0.837120336008829,-0.8399308946334074,-0.8391513361611792,-0.840424656224356,-0.8436925431276873,-0.8438195414267324,-0.846326320734344,-0.8493490627285946,-0.8461733504016715,-0.8450263151385049,-0.8463200003043904,-0.8462454184836428,0
-0.8092468660759987,-0.809940468787866,-0.8103792964930406,-0.8099586819681667,-0.8109283006500928,-0.8120578731980862,-0.8129292601631133,-0.8135048583474758,-0.8147809112367356,-0.8160329836059903,-0.8176077756209383,-0.8198330865414405,-0.8197677289919171,-0.8209935964945133,-0.8208518471431133,-0.8222423262074169,-0.8232869310777211,-0.8259590795004302,-0.8260430900364525,-0.8270842870512009,-0.8276817000704677,-0.8273691831790458,-0.8283627882054261,-0.83137260293244,-0.8314986528643951,-0.8325360104019526,-0.8345364302765303,-0.8363529590147386,-0.8391551147464016,-0.8383766115591371,-0.8396695813720028,-0.8429795994395516,-0.8430999276152336,-0.8455978855499,-0.8486239961565146,-0.8454567441560699,-0.8442822668568916,-0.845582675494982,-0.8455037729677433,-0.8474329971365527,1
-0.80932028498178,-0.8097568755752842,-0.8093141884401469,-0.8102893177794155,-0.8114060079629237,-0.8122784107143938,-0.812855728586913,-0.8141300387333963,-0.8152958993870444,-0.8168792726502749,-0.8191167981307201,-0.8190231436698645,-0.8202464666878616,-0.8200726864902127,-0.8214414001816827,-0.8225003313914304,-0.8251672309446534,-0.8252952502014133,-0.8263382091045163,-0.826936685595589,-0.8266112857035487,-0.82762763318589,-0.8306156314802745,-0.8307445815197207,-0.8317573238505419,-0.8337558135483704,-0.8355717164089344,-0.8383871498515851,-0.8376012837104371,-0.8388947059172273,-0.8422237899110615,-0.8423871488389265,-0.8448777741525945,-0.8478949133756583,-0.8447327716512257,-0.8435661894208437,-0.8448384678994739,-0.8447666803054822,-0.846691012730139,-0.847210326139132,1
-0.8091367377173267,-0.8086920349423102,-0.8096447392151829,-0.810766902840108,-0.8116264882611534,-0.8122048982089579,-0.813480746984615,-0.81464489316886,-0.816141951348266,-0.8183878748596517,-0.8183070787352275,-0.8195017462757958,-0.8193258172725837,-0.8206620688929651,-0.8216993296360567,-0.824380083446387,-0.8245035956975009,-0.8255902854454208,-0.8261906495704844,-0.8258665750424025,-0.8268696615852188,-0.8298798403883902,-0.829987789911874,-0.8310031785720169,-0.8329767727852345,-0.8347907980362401,-0.8376053141690137,-0.8368337677579932,-0.838119227389092,-0.841448170967814,-0.8416315096701203,-0.8441645006408016,-0.8471741592633524,-0.844004785606229,-0.8428427483200855,-0.8441222349312043,-0.8440227063703531,-0.8459535823993001,-0.8464684052746898,-0.8459856356533186,0
-0.8080721635834985,-0.8090225027249573,-0.8101222014457904,-0.8109873267142739,-0.8115529948284101,-0.8128297545051627,-0.8139954680180166,-0.8154907254556936,-0.8176501309313132,-0.8175783809912056,-0.8187855492871096,-0.8185813566490048,-0.8199150328983615,-0.8209199236941692,-0.8235785299464966,-0.8237166415446376,-0.8247985446962353,-0.825442767823417,-0.8251208429487532,-0.8261248775897233,-0.8291212228397729,-0.8292521760860541,-0.8302463129106271,-0.8322222789614131,-0.834011456729822,-0.8368238032802698,-0.8360523849704077,-0.8373515617891906,-0.8406719498053193,-0.8408560631299968,-0.8434083503929438,-0.8464602467182237,-0.8432851199628754,-0.8421152949753634,-0.8433986375351268,-0.8433067015160087,-0.8452092685945288,-0.8457310382567091,-0.8452440642697191,-0.8463567539823531,0
-0.8084025486595142,-0.8094998450776698,-0.8103425686291478,-0.8109138520895519,-0.8121776890067276,-0.8133443420432137,-0.8148410811443193,-0.8169985134452663,-0.8168408638379708,-0.8180567182771056,-0.8178654136104133,-0.819170406010151,-0.8201728147346393,-0.8227985801029424,-0.8229152827781061,-0.8240115046120817,-0.824651070196868,-0.8243732650638896,-0.825379072133309,-0.8283757997878054,-0.8284937385557167,-0.8295106260928984,-0.8314650641904632,-0.8332566671705978,-0.8360438716209763,-0.8352713265484653,-0.8365700280366097,-0.8399035466572344,-0.8400800141725709,-0.8426323866434484,-0.8457034363265908,-0.8425722896516218,-0.8413961580169294,-0.8426710275138534,-0.8425833333530662,-0.8444929319381115,-0.8449867881774958,-0.8445070454724595,-0.8456150766954679,-0.8469134314759046,0
-0.8088797715470925,-0.8097201569327679,-0.8102691129013619,-0.8115383863996884,-0.8126921430359302,-0.8141897358557261,-0.816348478456424,-0.8161894564752517,-0.8173190671204004,-0.8171368388811441,-0.8184543004434989,-0.8194281151056525,-0.8220509395418064,-0.822135524899846,-0.8232100592973907,-0.8238640730783596,-0.8235818800764556,-0.8246314209023962,-0.8276293550272954,-0.8277484936014546,-0.8287521144373868,-0.8307290332680214,-0.8324991561854755,-0.8352885011529247,-0.8344918457040948,-0.8357888187924002,-0.839121268862891,-0.8393117820501518,-0.8418558210708161,-0.8449268045149902,-0.8418165972454145,-0.8406838533621295,-0.8419517350598547,-0.8418559531240682,-0.8437692303451543,-0.8442705137339671,-0.8437631458838146,-0.8448779523767777,-0.8461715953340908,-0.8485463521236557,1
-0.8091000282644362,-0.8096467196477352,-0.8108934865875411,-0.8120527087727419,-0.8135373175124773,-0.8156967422171612,-0.8155396311182215,-0.8166675355938967,-0.8163994454234204,-0.8177255616945595,-0.8187119384329737,-0.8213057099443062,-0.8213880719628063,-0.8224302161012221,-0.8230626710377483,-0.8227951944588746,-0.8238399604503482,-0.8268810646379539,-0.8270022270076598,-0.8280067961487755,-0.8299701721652604,-0.8317628332953986,-0.8345304083185356,-0.8337369188391477,-0.8350091876763887,-0.8383393162803646,-0.8385296767872316,-0.8410870758713996,-0.8441495716477161,-0.8410410968293146,-0.8399287039774145,-0.8412392758002154,-0.841136888730231,-0.8430415158728466,-0.8435468746591377,-0.8430472136111736,-0.8441339465788695,-0.8454343127332546,-0.8478040500073849,-0.8484350166249455,1
-0.8090266093586549,-0.8102709365705131,-0.8114076766820415,-0.8128976669570442,-0.8150439328837134,-0.8148881046573667,-0.816017586363523,-0.8157481526734255,-0.8169880033094875,-0.8179831279254286,-0.8205890152134342,-0.8206430294130166,-0.8216826797756952,-0.8222828705005341,-0.8219941061553415,-0.8230531996428883,-0.8260889465656986,-0.8262541147444378,-0.8272604561922156,-0.829224508157574,-0.8310036756919409,-0.8337935119206037,-0.832979270326017,-0.8342541129437401,-0.8375589445398366,-0.8377478965730105,-0.8403044530142099,-0.8433801637238448,-0.8402649940578047,-0.8391537530962723,-0.8404839667032968,-0.840424656224356,-0.8423221197551382,-0.8428192228574506,-0.8423239183860469,-0.8434179106180808,-0.8446901476214519,-0.8470663031122542,-0.8476927462796603,-0.8483607929591386,0
-0.8096506700577957,-0.8107849975657418,-0.812252417551578,-0.814403896763844,-0.8142355051235379,-0.8153659359426998,-0.8150984416610201,-0.8163365577425271,-0.8172454973846419,-0.81985968189319,-0.8199265175262128,-0.8209375540935897,-0.8215353758692507,-0.8212146148955454,-0.8222520356097155,-0.8253015305321499,-0.8254621799433879,-0.8265122705829444,-0.8284778223479787,-0.8302577183468575,-0.8330337719050633,-0.832242811879538,-0.8334963163235233,-0.8368031410306593,-0.8369676965715008,-0.8395221556950728,-0.8425968723073901,-0.839496708489865,-0.8383781992284193,-0.8397088541942259,-0.8396695813720028,-0.8416095574256061,-0.842099888937968,-0.8415966112727729,-0.8426945111960745,-0.8439739561284414,-0.8463216706796934,-0.8469550310409588,-0.8476185437945106,-0.848397904792042,0
-0.8101646023982644,-0.8116295263436178,-0.8137582599711863,-0.8135956758919026,-0.8147132124363688,-0.8144470296247516,-0.8156866942706219,-0.8165939849602589,-0.8191215256464812,-0.8191973687280978,-0.8202209609427555,-0.8207902917533032,-0.8204674225475284,-0.8214724696967496,-0.8244997065692612,-0.8246749465138311,-0.8257202603172805,-0.8277292909644756,-0.829510739086202,-0.8322872383615216,-0.8314835166150425,-0.8327597118932265,-0.8360446144540895,-0.8362120620539825,-0.8387414404765081,-0.84181390706107,-0.8387145493108751,-0.8376104588047892,-0.8389331388841209,-0.8388947059172273,-0.8408541418538851,-0.8413873884503716,-0.8408776194435323,-0.8419670996317662,-0.8432504004111157,-0.8456050229588327,-0.8462104304711769,-0.8468808496600952,-0.8476556450370855,-0.8492514769488212,1
-0.811008919814749,-0.813134990686788,-0.8129502469655427,-0.8140732609525952,-0.8137945445270786,-0.8150351296682384,-0.8159440547873227,-0.8184695261180203,-0.8184593980246556,-0.8194917301348054,-0.8200737392344842,-0.8197226397862256,-0.8207252043838061,-0.823719490107243,-0.8238733064657812,-0.8249329516978446,-0.8269369249370603,-0.8287619143185021,-0.8315396826791406,-0.8307374230775962,-0.8320002683783828,-0.8353072905321202,-0.8354537047426539,-0.8379852989840132,-0.8410325263538092,-0.8379327152315587,-0.8368288495697107,-0.8381652381239292,-0.838119227389092,-0.8400789215928617,-0.8406320367635322,-0.8401654590865825,-0.841248004138816,-0.842522832170256,-0.8448810087752368,-0.8454938138567606,-0.8461362703321661,-0.846917940350527,-0.8485089736163075,-0.8491772532830142,1
-0.8125140073832647,-0.8123271805514284,-0.8134277091961503,-0.813154828143571,-0.8143824919890243,-0.8152924234372639,-0.8178191099804285,-0.817807570415281,-0.8187536769676891,-0.8193445494314515,-0.8190063818495166,-0.8199803488817271,-0.8229715889570844,-0.8230932713043185,-0.8241312359201552,-0.8261492618510519,-0.8279692464326309,-0.8307902816210541,-0.8299903075718056,-0.8312540281722381,-0.8345471163548455,-0.8347165476593332,-0.8372264338769607,-0.8402757300186364,-0.8371524615616057,-0.8360475649143675,-0.8373834671406414,-0.8373515617891906,-0.8393030986545886,-0.8398568811536802,-0.8394104587665909,-0.8405357407119732,-0.8418035811817411,-0.8441529809498263,-0.8447698309322285,-0.8454196744553792,-0.8461733504016715,-0.8477710262304586,-0.8484347711311577,-0.8482494574604283,0
-0.8117063994196709,-0.8128045229041408,-0.8125095125988281,-0.8137426251413465,-0.8146397190036256,-0.8171669923258783,-0.8171573257946264,-0.8181017729498317,-0.8186065374961723,-0.8182774893321363,-0.8192640198389916,-0.8222260995710972,-0.8223455473546953,-0.8233511261055226,-0.8253471890622046,-0.8271812825871063,-0.8299970207989306,-0.8292413465900144,-0.8305067659409173,-0.833800153281544,-0.833956542911028,-0.836488776277694,-0.8395162090087739,-0.8363967742341939,-0.8352678586625355,-0.836602020890012,-0.8365700280366097,-0.8385350910033558,-0.8390811227923081,-0.8386356587381821,-0.8397806339171793,-0.8410911631500592,-0.8434332738409887,-0.8440418344421283,-0.844695712370223,-0.8454567441560699,-0.8470261920002979,-0.8476968448495951,-0.847507240066786,-0.8494741479462417,0
-0.812183622307249,-0.8118865568412322,-0.8130971584211143,-0.8139997863278733,-0.8165138015385779,-0.8165053797769556,-0.8174514520994273,-0.8179546716825563,-0.8175397763276756,-0.8185350555630054,-0.8215091508901304,-0.8216002346248792,-0.8226033291909731,-0.8245667273111994,-0.826378906879701,-0.8292084661757849,-0.8284485385555744,-0.8297576582670276,-0.8330521679029674,-0.8332097474590963,-0.8357282632424804,-0.8387779049097434,-0.8356383640274774,-0.8345127099960362,-0.8358221536328504,-0.8357888187924002,-0.8377532121879285,-0.8383131792756998,-0.8378602555497644,-0.839005726136818,-0.8403358966430615,-0.842720402301778,-0.8433221584324037,-0.8439677367703298,-0.8447327716512257,-0.8463093472719563,-0.8469520318612869,-0.8467695775887998,-0.8487315810717566,-0.8509957330952826,1
-0.8112658859849834,-0.8124740551214937,-0.8133542534683645,-0.8158733892582828,-0.8158523606438889,-0.816799429798699,-0.8173043889470268,-0.8168881874948098,-0.8177972704028299,-0.8207795612891515,-0.8208834586299769,-0.8218579437203807,-0.8238185864191401,-0.825598146516016,-0.828405495449783,-0.8276604350717031,-0.8289646993033598,-0.8323023372465929,-0.8324619297668399,-0.8349809649264395,-0.8380167353372729,-0.834901154807079,-0.8337548393222763,-0.8350668465366708,-0.8350091876763887,-0.8369716582071083,-0.8375313651595563,-0.8370926647735919,-0.8382302153202322,-0.8395608272347715,-0.8419646673056497,-0.8426093178141608,-0.843248081493347,-0.844004785606229,-0.845585135114289,-0.8462352078705748,-0.8460250301236496,-0.8479935703730495,-0.8502527320173262,-0.8506246147662482,0
-0.8118532372312334,-0.8127310856191081,-0.8152273745269019,-0.8152121176357853,-0.8161463343748617,-0.8166524047878273,-0.8162381810921236,-0.8171456147125417,-0.8200411473434612,-0.8201540432998976,-0.8211410966194518,-0.8230728580277449,-0.8248497137642514,-0.8276241485254773,-0.8268579187235385,-0.8281764454397303,-0.8315086344174447,-0.8317122667585777,-0.8342326441752226,-0.8372687874884245,-0.834141097112221,-0.8330181619000708,-0.8343088171767473,-0.8342541129437401,-0.8361916836130602,-0.8367498758168505,-0.8363112065035087,-0.8374625176530186,-0.8387851549759338,-0.8411891237887689,-0.8418536147604733,-0.8425352614890828,-0.8432851199628754,-0.8448569088319136,-0.8455110165522836,-0.8453084653533071,-0.8472486724173307,-0.8495142886807536,-0.8498817195915774,-0.8509586212623791,1
-0.8121102034014678,-0.8146037363874418,-0.8145662729768298,-0.815506016134673,-0.8159993475093753,-0.8155864734590074,-0.8164955416088244,-0.8193889090384914,-0.8194158045895147,-0.8204116095307669,-0.822355675712691,-0.8241036944097508,-0.826875142477863,-0.8260770197182523,-0.8273737776322867,-0.8307196393964361,-0.8309187364199757,-0.833482478222623,-0.8365198169527169,-0.8333942492786112,-0.8322586442600529,-0.8335719833433086,-0.8334963163235233,-0.8354362708970939,-0.8359699656249342,-0.8355300726704327,-0.8366809515507959,-0.8380172969721584,-0.8404129779659919,-0.8410781035691782,-0.8417795797303557,-0.8425722896516218,-0.8441370047620275,-0.8447828111601149,-0.8445845345272147,-0.8465317654761004,-0.848768955267056,-0.8491433817764354,-0.8502156307747513,-0.8506246147662482,1
-0.8139823854988899,-0.8139428008221475,-0.8148600958879728,-0.8153590668852291,-0.8149336927345986,-0.8158437672280329,-0.8187382546829314,-0.818763728652571,-0.8196732986646691,-0.8216258503334359,-0.8233862276705907,-0.826128551588691,-0.825328451460196,-0.8265927293206606,-0.829916225111117,-0.8301299132615478,-0.8326884304123826,-0.8357690013636816,-0.8326463791843797,-0.831512330719559,-0.8328123068636318,-0.8327597118932265,-0.8346781357463945,-0.83521461628084,-0.8347505166902417,-0.835899709987529,-0.8372355691217265,-0.8396446496416357,-0.8403019900348515,-0.8410040900894511,-0.8418165972454145,-0.8434239373900203,-0.8440629278229708,-0.8438565902626317,-0.8458074908003055,-0.8480516232044196,-0.848398154572001,-0.8494771979903217,-0.8498817195915774,-0.8509957330952826,1
-0.8133216153468585,-0.8142365499622782,-0.8147131844324014,-0.8142936848267611,-0.8151909197491998,-0.8180858986438265,-0.8181132362852294,-0.8190211558703029,-0.8208871993046828,-0.8226561152569128,-0.8254105261593225,-0.8245822970156821,-0.8258440151327516,-0.8291344409325302,-0.8293266720725476,-0.8318990916662127,-0.8349742851525748,-0.8318966637860824,-0.8307649951254731,-0.8320658361781037,-0.8320002683783828,-0.8339411976388004,-0.8344565446046062,-0.8339955158914438,-0.8351200466704516,-0.8364541659631735,-0.8388624473297899,-0.8395336937778076,-0.840227998080758,-0.8410410968293146,-0.8426680000917675,-0.8433498810649422,-0.843136966084762,-0.8450792018473094,-0.8473269213214183,-0.8476809261975125,-0.8487318751975504,-0.8491433817764354,-0.8502527320173262,-0.8496968189436623,1
-0.8136152909699835,-0.8140896753922129,-0.8136480763795076,-0.8145508460132879,-0.8174324694478682,-0.8174610423476217,-0.8183705968019301,-0.8202347413253249,-0.8219171756053003,-0.8246798499280281,-0.8238646982224728,-0.8250977152066851,-0.8283850075189189,-0.8285450585297779,-0.8310953311882556,-0.8341842804389048,-0.8311030795441847,-0.8300158141055342,-0.8313183433780927,-0.8312540281722381,-0.8331814152660176,-0.8337196690615053,-0.8332377933247701,-0.834364940251867,-0.8356743416407664,-0.8380805701583972,-0.8387515238156038,-0.8394597232019224,-0.8402649940578047,-0.841892251846177,-0.8425939650616497,-0.8424241770014655,-0.8443592355791975,-0.8465982041191819,-0.8469563285113908,-0.8480145535037289,-0.848398154572001,-0.8495142886807536,-0.8489541885272058,-0.8468763196430011,0
-0.8134684531584211,-0.8130248347592389,-0.8139051714267578,-0.8167918220673069,-0.8168077752695507,-0.8177183361166472,-0.819583867809234,-0.8212644501962526,-0.8239403433386564,-0.8231344525428128,-0.8243799742014227,-0.8276379905766282,-0.8277957918931409,-0.8303132057380349,-0.8333798492127119,-0.8303142026787004,-0.8292227796772524,-0.8305690051880484,-0.8305067659409173,-0.8324348398171336,-0.8329599502245861,-0.8325012618863822,-0.8336071118944175,-0.8349190767925015,-0.8373002735536896,-0.8379696789632682,-0.8386775748061465,-0.839496708489865,-0.8411159015298807,-0.8418182383664498,-0.8416685271851791,-0.8436461063652546,-0.8458778128298601,-0.8462277157601885,-0.8472898620404156,-0.8476809261975125,-0.848768955267056,-0.8482161145156403,-0.846134494091516,-0.8473216616378424,0
-0.8124038790245929,-0.8132818652568533,-0.816145571124224,-0.8161672877571704,-0.817065002284152,-0.8189312924563389,-0.8206133098760372,-0.8232870926212893,-0.82239537888773,-0.8236495850045512,-0.8269195486691043,-0.827048941215482,-0.8295634387704746,-0.8325970625487003,-0.8295109073971005,-0.828434450623744,-0.8297758090498797,-0.8297576582670276,-0.8316872422131724,-0.8322134376337157,-0.8317418924967126,-0.8328704761818742,-0.8341610897488883,-0.8365445439783632,-0.8371894145596267,-0.8378957514998491,-0.8387145493108751,-0.8403473701125463,-0.8410419095757871,-0.8408930698698603,-0.8428901051821203,-0.8451642610293565,-0.8455074281345765,-0.8465611552832825,-0.8469563285113908,-0.8480516232044196,-0.8474711528343637,-0.8453972220428229,-0.8465797090024144,-0.8480267864630077,1
-0.8126608451948273,-0.8155217024503504,-0.8155211974380449,-0.8164244489436971,-0.8182776439244153,-0.8199604675324409,-0.8226354282215436,-0.8217425293148976,-0.8229103670380388,-0.8261884521374049,-0.8263306618360188,-0.8288160892989207,-0.8318466493203639,-0.8287292405306379,-0.8276317070866608,-0.8289873188752018,-0.8289646993033598,-0.8309377992430579,-0.8314659029121245,-0.8309957256249172,-0.8321110008990986,-0.8334242976251117,-0.8357860914553363,-0.8364337166702362,-0.8371155085635847,-0.8379327152315587,-0.8395649629196356,-0.840273399536661,-0.8401170101496177,-0.8421142922853583,-0.8444078232995321,-0.8447939794039657,-0.8458407743603316,-0.8462277157601885,-0.8473269213214183,-0.8467541836802447,-0.8446530675519464,-0.8458423103280046,-0.8472846326113368,-0.8472845498049391,1
-0.8149001218211557,-0.8148974855275725,-0.8157782924852951,-0.8176367802516092,-0.8193065519828204,-0.821982061431927,-0.8210912651213387,-0.8222573837503615,-0.8254485229217036,-0.8255997293239895,-0.8280973223352754,-0.8310986555733625,-0.8279799217761965,-0.8268505841218649,-0.8281844130603195,-0.8281764454397303,-0.8301444952982977,-0.8307165228100521,-0.8302485367563615,-0.8313647292639471,-0.8326646635026773,-0.8350488405252758,-0.8356752958844421,-0.8363598317981517,-0.8371524615616057,-0.8387828810608803,-0.8394910139101781,-0.8393487673380944,-0.8413378773921613,-0.8436315686197651,-0.8440376481489438,-0.8451272328668173,-0.8455074281345765,-0.8465982041191819,-0.846029846486322,-0.8439368864277508,-0.8450980283860123,-0.846547033446209,-0.8465426077598396,-0.8465052013139668,1
-0.8142760611220149,-0.8151545160251868,-0.8169903119937604,-0.8186654249977163,-0.8213276213832591,-0.820438298817774,-0.8216059861547403,-0.8247948806108619,-0.8248599650356364,-0.8273658977642355,-0.8303792588134822,-0.8272330191408401,-0.8261017969690295,-0.8274031301244451,-0.8273737776322867,-0.8293558977095069,-0.8299232835492468,-0.8294995024285209,-0.8306174355914412,-0.8319182347224917,-0.8342887404731754,-0.8349380762366283,-0.8356014321705127,-0.8363967742341939,-0.8380023805160884,-0.8387089535974609,-0.8385666512919603,-0.8405692818402023,-0.842854712451079,-0.8432615012211292,-0.8443708057844732,-0.8447939794039657,-0.8458778128298601,-0.8453014948627053,-0.8432133411301129,-0.8443817228360393,-0.8458025497066166,-0.8458052196375728,-0.8457634816657673,-0.8414951038720029,1
-0.8145330272922493,-0.8163662312282263,-0.8180186921827612,-0.8206859771775696,-0.8197842592956514,-0.820952886355825,-0.8241428255336481,-0.8242064755417604,-0.8266256386938379,-0.8296471986662199,-0.8265146889713579,-0.8253554243021866,-0.8266541866181962,-0.8265927293206606,-0.8285528837094254,-0.8291347504089238,-0.8287066189294671,-0.8298682964835304,-0.8311707838440607,-0.833541850734223,-0.8341780079524596,-0.8348642333775299,-0.8356383640274774,-0.8372464502631671,-0.8379284745200465,-0.8377848603047202,-0.8397868099480078,-0.8420856786458516,-0.8424847526806112,-0.8435945618799015,-0.8440376481489438,-0.8451642610293565,-0.8445814663963677,-0.8424857833343566,-0.843658052502146,-0.8450860471491628,-0.8450609483165069,-0.8450263151385049,-0.8407548139181603,-0.8358541052706806,0
-0.8157444392376401,-0.8173943532186839,-0.8200387246968701,-0.819143010058409,-0.8202987133248539,-0.8234890677933621,-0.8235545729240463,-0.8259716907490651,-0.8289063005023484,-0.8257837052031818,-0.8246376121908976,-0.8259076580782612,-0.8258440151327516,-0.8277714941261654,-0.8283318013199619,-0.8279184402557167,-0.8290753051778853,-0.8304214875660445,-0.8327939387184116,-0.8334311496425141,-0.8341041862719825,-0.834901154807079,-0.8364877967376663,-0.8371725653910824,-0.8370046495695218,-0.8390046634511379,-0.8413027646418851,-0.8417158257664249,-0.8428177164740323,-0.8432615012211292,-0.8444078232995321,-0.843868275340489,-0.8417665427122129,-0.8429303693651486,-0.8443621788411982,-0.8443446531353486,-0.8442822668568916,-0.8400190719302109,-0.8351154250467805,-0.8395652885610242,0
-0.8167723039185777,-0.8194138785570829,-0.8184961544133688,-0.8196573324314625,-0.8228342367544952,-0.8229009677498752,-0.8253193307528518,-0.8282517603918336,-0.8250438893750323,-0.8239071512354205,-0.8251896935969154,-0.8250977152066851,-0.8270224463843074,-0.8275504757251332,-0.8271158481779126,-0.8282870190900219,-0.8296283345505123,-0.8320441814080861,-0.8326832690678876,-0.8333573489147081,-0.834141097112221,-0.8357503476867104,-0.8364139330237368,-0.8362490044900247,-0.8382240985042143,-0.8405201764512329,-0.840933019594598,-0.8420486933579089,-0.8424847526806112,-0.8436315686197651,-0.8431122102724732,-0.8410541349875201,-0.8422110043465532,-0.8436342972472358,-0.8436209932211433,-0.8435661894208437,-0.8392764574736502,-0.834381286984576,-0.8388255493042672,-0.8395652885610242,0
-0.8187913238275624,-0.8178716955713964,-0.8190103445078692,-0.8221922069843693,-0.8222462892925494,-0.8246652678803358,-0.8275988096150589,-0.8243903521258545,-0.8231678611131932,-0.8244590788729973,-0.8243799742014227,-0.8262758139289775,-0.8268014905246407,-0.8263348745194564,-0.8274843188270185,-0.8288398873414796,-0.831250554043552,-0.8319335431915833,-0.8326094893008718,-0.8333942492786112,-0.8349900464377086,-0.835676504827612,-0.8354906365996185,-0.8374681048794208,-0.8397391714230747,-0.8401505391341365,-0.8412657901371564,-0.8417158257664249,-0.842854712451079,-0.8423363327245398,-0.8402988791280027,-0.8414984729379889,-0.8429147352675918,-0.8428933205292494,-0.8428427483200855,-0.8385617798275977,-0.8336402869088155,-0.8380903560277568,-0.8388255493042672,-0.8409755382113547,1
-0.8172495268061559,-0.8183857565666253,-0.8215445671164784,-0.8216044099865939,-0.8240101316783868,-0.8269441555488474,-0.8237384018645468,-0.8225148109680934,-0.8237196341313812,-0.8236495850045512,-0.8255577478675938,-0.8260549204185477,-0.8255862332964737,-0.8267032385211768,-0.8280370248006772,-0.8304616342124225,-0.8311399481690265,-0.8318597843805815,-0.8326463791843797,-0.8342429576483799,-0.8349162247572314,-0.8347534690888824,-0.8367093878794545,-0.8389827447571556,-0.8393696414428647,-0.8404832127195232,-0.840933019594598,-0.8420856786458516,-0.8415598532544418,-0.839523820494908,-0.8407430893087086,-0.8422020080262311,-0.8421739658770248,-0.8421152949753634,-0.8378397453847142,-0.8329271853226097,-0.8373482938593646,-0.8380903560277568,-0.8402353965221121,-0.8394168412294105,1
-0.8177634591466247,-0.820919342900253,-0.8209569212941923,-0.8233678009799204,-0.8262884280934268,-0.8230847490134648,-0.8218633466714411,-0.8230664407203762,-0.8229103670380388,-0.8248270306313819,-0.8253369153051867,-0.8248400061111836,-0.8259544930625851,-0.827255784523757,-0.8296582956567429,-0.8303510605621308,-0.831066210919343,-0.8318966637860824,-0.8334948465050631,-0.8341691569205738,-0.8339934537512667,-0.8359718762640054,-0.8382235940150085,-0.8386133203967324,-0.8397022184250537,-0.8401505391341365,-0.8413027646418851,-0.8407911935678583,-0.838748158998887,-0.8399679013732709,-0.8414464220948262,-0.8414614447754498,-0.8413961580169294,-0.8371137021289545,-0.8322067346722961,-0.8366341553916807,-0.8373482938593646,-0.8394998022641654,-0.8386771443339678,-0.8392683938977966,0
-0.8202964113960781,-0.8203318446199915,-0.8227198587610508,-0.8256455143463004,-0.8224300228744075,-0.8212101801248505,-0.8224148334929429,-0.8222573837503615,-0.8240874828101732,-0.8246062595763511,-0.8241223362119476,-0.8252081619619,-0.8265068827117518,-0.828876586131326,-0.8295477544620111,-0.8302773447952699,-0.8311030795441847,-0.8327448901126042,-0.8334210667380472,-0.8332466478229992,-0.8352115114791401,-0.837485654875522,-0.8378542754453611,-0.8389458023211133,-0.8393696414428647,-0.8405201764512329,-0.84000865697638,-0.8379803116842158,-0.8391921107234483,-0.8406710294306788,-0.8407060717936498,-0.8406838533621295,-0.8363959646306018,-0.831482279072257,-0.8359126627725711,-0.8366341553916807,-0.8387573365005733,-0.8379419932660296,-0.8385287393636682,-0.838451933573921,0
-0.8197090601498281,-0.822094339460776,-0.8249969863224098,-0.8217880965483987,-0.8205559403394552,-0.8217615239156194,-0.8216059861547403,-0.8234341938885646,-0.823866773602898,-0.823392018773682,-0.8244903904826263,-0.8257603957379746,-0.828127225682641,-0.8287660769308098,-0.82947406033219,-0.8303142026787004,-0.8319510579155465,-0.8326711313016022,-0.8324988196503478,-0.8344643598317976,-0.8367248559289223,-0.8371164405800301,-0.8381866621580436,-0.8386133203967324,-0.8397391714230747,-0.8392264458413957,-0.8371985946169979,-0.8384241351395278,-0.839895034287337,-0.8399308946334074,-0.8399287039774145,-0.8356850514193556,-0.8307661172622922,-0.8351871626621896,-0.8359126627725711,-0.8380428040179277,-0.8371999735813427,-0.8377936305043022,-0.8377125120270211,-0.8415322157049063,1
-0.8214711138885783,-0.8243708952967894,-0.8211405606136566,-0.8199144936179893,-0.8211071410850295,-0.820952886355825,-0.822782491373944,-0.8232135419876515,-0.8226528729628843,-0.8237599705320666,-0.8250424718886439,-0.8273802814811267,-0.8280167477528075,-0.8286924041304659,-0.8295109073971005,-0.8311619339976024,-0.8318773206658627,-0.8317491461640786,-0.8337161858061108,-0.83597727475182,-0.8363557475265363,-0.8374487334459727,-0.8378542754453611,-0.8389827447571556,-0.8384458164923402,-0.8364172022314638,-0.8376422886737424,-0.8391268556104384,-0.8391551147464016,-0.8391537530962723,-0.8349313394444734,-0.8300567707134175,-0.8344699642151274,-0.8351871626621896,-0.8373209154506757,-0.8364858765889179,-0.8370516533033207,-0.8369776353148025,-0.8407919151607351,-0.8410126500442583,0
-0.8237470999677973,-0.8205154378325732,-0.8192674395551194,-0.8204655533034039,-0.8202987133248539,-0.8221290864427987,-0.8225618966453433,-0.8219999565326295,-0.8230207216416764,-0.8243118981696435,-0.8266619106796292,-0.8272698347259118,-0.8279430957995854,-0.8287292405306379,-0.8303583898900441,-0.8310882182307413,-0.8309556050448176,-0.8329661665456097,-0.8352286710299378,-0.8356082711127901,-0.8366879450886837,-0.8371164405800301,-0.8382235940150085,-0.8376897594956747,-0.8356373886427454,-0.8368607670119794,-0.8383448042635879,-0.8383871498515851,-0.8383781992284193,-0.8341578432146894,-0.8293046771555322,-0.8337595869673241,-0.8344699642151274,-0.836595018426364,-0.8357644256485601,-0.836337597786155,-0.8362358917741999,-0.8400561626206426,-0.840272497764687,-0.8413466565403891,1
-0.8198926074142812,-0.8186427870642397,-0.8198183575135127,-0.8196573324314625,-0.8214746082487455,-0.8219085489264911,-0.8213486256380395,-0.8223677097008181,-0.8235724946598643,-0.8259308859065355,-0.8265514943984257,-0.8271962035557686,-0.8279799217761965,-0.8295764777345944,-0.8302846957602228,-0.8301667711449784,-0.8321722696645972,-0.8344782221711486,-0.8348597721948581,-0.835940374387917,-0.8363557475265363,-0.837485654875522,-0.8369309790212429,-0.8348821343564593,-0.8360808246189972,-0.8375630779144624,-0.8376053141690137,-0.8376104588047892,-0.8333837423271048,-0.8285328187554258,-0.8330064286614146,-0.8337595869673241,-0.8358774260572048,-0.8350389673185923,-0.8356161885245491,-0.8355220643709594,-0.8393135375431557,-0.8395368929545973,-0.8406064089478608,-0.8417919985352303,1
-0.8180204253168591,-0.8191935667019848,-0.8190103445078692,-0.8208329264270136,-0.8212541279505159,-0.8206955925867995,-0.8217162835190407,-0.8229193394531007,-0.825191028846549,-0.8258205003790202,-0.8264778835442901,-0.8272330191408401,-0.8288269192382522,-0.8295028049342504,-0.8293635191374582,-0.8313830812981854,-0.8336838832831115,-0.8341094281161391,-0.8351917811464298,-0.8356082711127901,-0.8367248559289223,-0.8361934048413004,-0.8341241578919236,-0.835325443588967,-0.8367829315813959,-0.8368238032802698,-0.8368288495697107,-0.8326174449325295,-0.827760353815995,-0.8322334927417835,-0.8330064286614146,-0.8351666571438086,-0.8343218103370141,-0.834890771974995,-0.8348008843424886,-0.8385988495282884,-0.8387944165700788,-0.8398707091684835,-0.8410516238587592,-0.8408642027126444,1
-0.8185710671102185,-0.8183857565666253,-0.8201856361524416,-0.8206125025528477,-0.8200414863102526,-0.8210631551139788,-0.8222677703405423,-0.82453745339313,-0.8250806742429114,-0.8257469100273434,-0.8265146889713579,-0.828079777597488,-0.82875326728503,-0.8285818949299498,-0.8305794722795075,-0.8328942545188367,-0.8333151970346933,-0.8344413427656475,-0.8348597721948581,-0.83597727475182,-0.8354329765205716,-0.8333873761955626,-0.8345673401755004,-0.8360273498737709,-0.8360438716209763,-0.8360475649143675,-0.8318372914313342,-0.8269956811652446,-0.8314599515206725,-0.8322334927417835,-0.8344130942336498,-0.8336114743171679,-0.8341736564589006,-0.8340756975852098,-0.8378768046657169,-0.8380798737186185,-0.8391281371956282,-0.8403157974536652,-0.8401240927943875,-0.8418291103681338,1
-0.8177634591466247,-0.8195607531271483,-0.8199652689690843,-0.8194001712449357,-0.8204089534739688,-0.8216144989047477,-0.8238854650169473,-0.8244271274426734,-0.8250071045071531,-0.8257837052031818,-0.8273612137939185,-0.8280061464273446,-0.827832617869752,-0.8297974961356265,-0.8320902019408415,-0.8325256756845315,-0.8336470146582696,-0.8341094281161391,-0.8352286710299378,-0.8346857620152155,-0.8326277526624388,-0.8338304333501528,-0.8352690454578302,-0.8352885011529247,-0.8352678586625355,-0.8310574611335674,-0.8262171667125696,-0.830694209959511,-0.8314599515206725,-0.8336397488565993,-0.8328583586011793,-0.8334633616670115,-0.8333588101292768,-0.8371507509648538,-0.8373579747316784,-0.8384135010248348,-0.8395730980296942,-0.8393885301928701,-0.841088725101334,-0.839379729396507,1
-0.8189381616391249,-0.8193404412720502,-0.8187532494606189,-0.8197675443685455,-0.8209601542195429,-0.8232317740243364,-0.8237751676526469,-0.8243535768090358,-0.8250438893750323,-0.8266299942474664,-0.8272876029397828,-0.8270857568005536,-0.8290478750979189,-0.8313077885426795,-0.8317217312917355,-0.8328573966354061,-0.8333151970346933,-0.8344782221711486,-0.8339375251071587,-0.8318813343585888,-0.8330706827453019,-0.8345319405115873,-0.8345304083185356,-0.8345127099960362,-0.8302792039297027,-0.8254389739137035,-0.829914617185441,-0.830694209959511,-0.8328657986484499,-0.8320854657823292,-0.832710288540944,-0.832648742091152,-0.8364330031001301,-0.8366320672622632,-0.8376915082607032,-0.8388583374331234,-0.8386460962920568,-0.840352888144097,-0.8386400430913928,-0.8396395122268311,1
-0.8187179049217811,-0.8181287260690108,-0.8191205280995479,-0.82031860405396,-0.8225770097398939,-0.8231215052661827,-0.8237016360764468,-0.8243903521258545,-0.8258899413362539,-0.8265564038957894,-0.8263674672630865,-0.8283006711079177,-0.8305577401389749,-0.8309394245409591,-0.8320533548759308,-0.8325256756845315,-0.8336838832831115,-0.8331874429786155,-0.8311338939605528,-0.8323241387254247,-0.8337719887098352,-0.8337935119206037,-0.8337548393222763,-0.8295254811303246,-0.824662348230513,-0.8291353470846665,-0.829914617185441,-0.8320996509013322,-0.8313119676124854,-0.8319374388228747,-0.8318959032096498,-0.8357220795818946,-0.8359144645267331,-0.8369655067853572,-0.8381362196327361,-0.8379315949158557,-0.8396101780991997,-0.8379049025755977,-0.838899751789417,-0.8390086110674726,1
-0.8175064929763902,-0.8184959124941743,-0.8196714460579411,-0.8219350457978425,-0.822466769590779,-0.8230479927607469,-0.8237384018645468,-0.8252361844126882,-0.8258163716004955,-0.8256365244998279,-0.8275820463563255,-0.829810110095855,-0.8301894803728636,-0.8312709521425075,-0.8317217312917355,-0.8328942545188367,-0.8323934814136481,-0.8303846081605436,-0.8315765725626485,-0.8330252456395812,-0.8330337719050633,-0.8330181619000708,-0.8287690386320381,-0.8239102308518936,-0.8283576480326114,-0.8291353470846665,-0.8313196483651322,-0.8305462688077404,-0.8311639837042982,-0.8311232905458761,-0.8349683569595322,-0.8352036853063477,-0.8362478107524883,-0.8374100928161491,-0.8372097376076674,-0.8388954071338142,-0.8371628935118371,-0.8381645374086204,-0.8382690306656442,-0.838266374409404,1
-0.8178735875052966,-0.8190466921319194,-0.8212874720692281,-0.8218248338607597,-0.8223932761580358,-0.8230847490134648,-0.8245840149908495,-0.8251626337790504,-0.8248967499035156,-0.826850765302497,-0.8290910688661075,-0.8294419542451386,-0.8305209141623636,-0.8309394245409591,-0.8320902019408415,-0.8316042285987685,-0.8295914659256706,-0.830827161026555,-0.8322774803492999,-0.8322872383615216,-0.8322586442600529,-0.8280337689109312,-0.8231553963733994,-0.8276044744561245,-0.8283576480326114,-0.8305399688896326,-0.8297667191665262,-0.8303983276559697,-0.8303500722092693,-0.834194849954553,-0.8344501117487088,-0.8355369387691992,-0.8366922723868286,-0.8364838719186659,-0.8381732789137389,-0.8364488068882272,-0.8374224539983757,-0.8375339956712796,-0.8375270058141469,-0.8371159075893974,0
-0.818424229298656,-0.8206623124026385,-0.8211772884775494,-0.8217513592360377,-0.8224300228744075,-0.8239301428259772,-0.8245104834146493,-0.8242432508585792,-0.8261106505435291,-0.8283593675118739,-0.8287230145954289,-0.8297732945107833,-0.8301894803728636,-0.8313077885426795,-0.830800554668971,-0.8288030294580492,-0.8300338894237723,-0.831527869731073,-0.8315396826791406,-0.831512330719559,-0.8272756808278433,-0.8224217116194552,-0.8268485820698722,-0.8276044744561245,-0.8297618619574088,-0.8289874921578281,-0.8296188211476113,-0.829584651321231,-0.8334207383041515,-0.833676755596463,-0.8347832693842381,-0.835981276719668,-0.8357663106486198,-0.8374471416520485,-0.8357273663675573,-0.8367082947930622,-0.8367920928167822,-0.8367921818626435,-0.8363768672943259,-0.8378952560803696,1
-0.8200394452258437,-0.8205521564750895,-0.8211038327497637,-0.8217880965483987,-0.8232751973509546,-0.8238566303205413,-0.8235913387121464,-0.8254568363136011,-0.8276188301265763,-0.8279914157534892,-0.8290542634390395,-0.8294419542451386,-0.8305577401389749,-0.8300185145366586,-0.8280001777357666,-0.8292453240592154,-0.8307343932957667,-0.8307902816210541,-0.8307649951254731,-0.8265307815926561,-0.8216652331115776,-0.8261138545743736,-0.8268485820698722,-0.8290082870257323,-0.8282098360405274,-0.8288396372309895,-0.8288053820435796,-0.8326544302204721,-0.8329027946254968,-0.8340098162552351,-0.8352274795649439,-0.8350555726561913,-0.836729310856357,-0.8350019184826929,-0.8359867813345767,-0.8360781098813201,-0.8360504914266725,-0.8356423704592575,-0.8371559933883982,-0.8374499140855284,0
-0.8199293168671717,-0.8204787191900569,-0.8211405606136566,-0.822633054732701,-0.8232017039182113,-0.8229377240025931,-0.8248046097194501,-0.826964624303174,-0.8272509814477843,-0.8283225723360353,-0.8287230145954289,-0.829810110095855,-0.8292688309575856,-0.827218948123585,-0.8284423425146936,-0.8299456238443952,-0.8299970207989306,-0.8300158141055342,-0.8257848608518967,-0.8209219262794026,-0.8253563171354366,-0.8261138545743736,-0.8282519926345319,-0.8274567047119553,-0.8280620240484435,-0.8280264351333776,-0.831874265936063,-0.8321366361892748,-0.8332357584189176,-0.834453897133598,-0.8343020416884733,-0.8360183048822071,-0.8342847718674856,-0.8352612603339883,-0.8353567735575299,-0.8353367158675059,-0.8349010092720023,-0.8364212749583255,-0.8367107784774998,-0.8381550389106937,0
-0.8198558979613906,-0.8205154378325732,-0.8219853014831932,-0.822559580107979,-0.822283036008921,-0.8241506803422847,-0.8263120070315549,-0.8265968711349854,-0.827582045258697,-0.8279914157534892,-0.8290910688661075,-0.8285215646183476,-0.8264700567351406,-0.8276609849256493,-0.8291424367479947,-0.8292084661757849,-0.8292227796772524,-0.8250370943629066,-0.8201775985586848,-0.8246119626697009,-0.8253563171354366,-0.8275168688972425,-0.8267008546420134,-0.827308934967786,-0.8272490580919818,-0.831094424865277,-0.831356622869861,-0.8324695037807588,-0.833679710143479,-0.8335287286370086,-0.8352644970800027,-0.8335744461546287,-0.8345440411541842,-0.8346314301236997,-0.8346155879374749,-0.8341875551460939,-0.8356796907316176,-0.8359761866731438,-0.8374157020864222,-0.8383777099081142,0
-0.8198926074142812,-0.8213599666104492,-0.8219118457554073,-0.8216411472989549,-0.8234956776491842,-0.8256576867037199,-0.8259443491505537,-0.8269278489863551,-0.8272509814477843,-0.8283593675118739,-0.8278028789187326,-0.8257235801529029,-0.8269119684544741,-0.8283608765289177,-0.828405495449783,-0.828434450623744,-0.8242455153236082,-0.819431424726763,-0.8238665869094821,-0.8246119626697009,-0.826758929064503,-0.8259661688561769,-0.8265531272141543,-0.8264962013748552,-0.8303161569277236,-0.8305769326213421,-0.8316893934124193,-0.8329133272360708,-0.8327548107173096,-0.8344909038734616,-0.8328213410861204,-0.8338336432924023,-0.8339143871722021,-0.8338904534057132,-0.8334667502263896,-0.8349660188605988,-0.8352347298975517,-0.8366809097913481,-0.8376383095418715,-0.8383034862423073,0
-0.8207369248307658,-0.8212865293254165,-0.8209936491580851,-0.8228534786068668,-0.8250022930204204,-0.8252901241765405,-0.8262752412434547,-0.8265968711349854,-0.8276188301265763,-0.8270715363575277,-0.8250056664615761,-0.8261653671737627,-0.8276116620100853,-0.8276241485254773,-0.8276317070866608,-0.823458636360624,-0.818641484347653,-0.8231193652768575,-0.8238665869094821,-0.8260141764980143,-0.8252086737744823,-0.82581848313798,-0.8257406263609304,-0.8295624235663669,-0.8297988149554297,-0.8309096062067288,-0.8321330874691639,-0.8319886950375042,-0.8337167061205256,-0.8320484590424655,-0.8330804636915322,-0.8332041645292381,-0.8331736177816351,-0.8327419394928341,-0.8342449951274474,-0.8345211824523103,-0.835939251218156,-0.836903453933939,-0.8375641070567217,-0.8384890454068246,0
-0.8206635059249844,-0.8203685632625078,-0.8222056686665503,-0.8243597084136666,-0.8246348258567041,-0.8256209304510019,-0.8259443491505537,-0.826964624303174,-0.8263313597508043,-0.824275102993805,-0.8254473315863903,-0.8268648632901238,-0.826875142477863,-0.8268505841218649,-0.822657353323732,-0.8178562380791852,-0.8223283468318341,-0.8231193652768575,-0.8252684024827851,-0.8244643612140891,-0.8250610304135279,-0.825006211687898,-0.8288059704890028,-0.8290452294617746,-0.8301313919376186,-0.8313531709872444,-0.8312087248509461,-0.8329503125240135,-0.8312749716354386,-0.8323075062215106,-0.8324511659355321,-0.8324636012784569,-0.8320254252262562,-0.83351996504672,-0.8338002837554144,-0.8352255067654338,-0.8361617316351889,-0.8368292725530753,-0.8377496132695961,-0.8384148217410177,0
-0.8197457696027187,-0.8215802784655472,-0.8237115110861588,-0.8239923352900568,-0.8249655463040487,-0.8252901241765405,-0.8263120070315549,-0.8256774882145143,-0.8235357097919851,-0.8247166451038666,-0.8261466347006794,-0.826128551588691,-0.8261017969690295,-0.8218776700986419,-0.8170565994573232,-0.8215420264222371,-0.8223283468318341,-0.8245207826858933,-0.8237190273754502,-0.8243167597584771,-0.8242489919282788,-0.8280706903404803,-0.8282889244914966,-0.8293777113861552,-0.8305748279138705,-0.8304290776945036,-0.8321700619738926,-0.8305092835197976,-0.8315339434747661,-0.8316783916438297,-0.8317108156343558,-0.8313157282397458,-0.8328032330863516,-0.8330753790159281,-0.8345044100944666,-0.8354479249695781,-0.836087571496178,-0.8370147260052344,-0.8376754107844463,-0.8387117164042452,1
-0.8209571815481094,-0.8230857428087174,-0.8233442324472299,-0.8243229711013055,-0.8246348258567041,-0.8256576867037199,-0.8250252044480508,-0.8228825641362819,-0.8239771282065356,-0.8254157534447972,-0.8254105261593225,-0.8253554243021866,-0.8211302901265285,-0.8162785372724944,-0.8207413059483816,-0.8215420264222371,-0.8237293545758229,-0.8229718476548538,-0.8235714678414183,-0.8235049517526114,-0.8273125916680819,-0.8275537903267918,-0.8286213112041791,-0.829821020618663,-0.8296510029633458,-0.8313901347189541,-0.8297297446617975,-0.8307681805353964,-0.8309050118649709,-0.8309382568465583,-0.8305632726675323,-0.8320933196530662,-0.8323587714520114,-0.8337793068980153,-0.8347267657804831,-0.8353737855681966,-0.8362729718437054,-0.8369405446243707,-0.8379722207250453,-0.8383777099081142,1
-0.8224622691166253,-0.8227185563835538,-0.8236747832222658,-0.8239923352900568,-0.8250022930204204,-0.8243712178585922,-0.8222310045524422,-0.8233238679381081,-0.8246760406962403,-0.8246798499280281,-0.8246376121908976,-0.8203853203175152,-0.8155327416816385,-0.8199621772896967,-0.8207413059483816,-0.8229426259925967,-0.8221808723324668,-0.8228243300328498,-0.8227598904042429,-0.8265676819565592,-0.8267958399047417,-0.8278860831927343,-0.8290644934877559,-0.8288974597176053,-0.8306117809118915,-0.8289505284261184,-0.8299885661948986,-0.830139430640371,-0.8301650923240355,-0.8297910479107874,-0.8313406404837675,-0.8316489817025974,-0.8330625023730501,-0.8340015999134112,-0.8346526472184777,-0.8355591340716502,-0.8361988117046945,-0.8372372701478252,-0.8376383095418715,-0.8377839205816593,1
-0.822095174587719,-0.823049024166201,-0.8233442324472299,-0.8243597084136666,-0.8237161579474138,-0.8215777426520298,-0.8226721940096436,-0.8240225989576662,-0.8239403433386564,-0.8239071512354205,-0.819668879536738,-0.8147893513866258,-0.8192153393427503,-0.8199621772896967,-0.8221414944149837,-0.821394594888515,-0.8220333978330996,-0.8220129831118291,-0.8258217507354046,-0.8260510768619174,-0.8271280374668889,-0.8283291403473245,-0.8281411970636376,-0.8298579630547053,-0.8281728830425065,-0.8292092745480859,-0.8293599996145103,-0.8293997248815178,-0.8290182170355854,-0.8305681894479225,-0.8308964303030617,-0.8323525167908397,-0.8332847331902202,-0.8339275022416125,-0.8348379436234914,-0.8354849946702687,-0.8364954522607384,-0.836903453933939,-0.8370446896606736,-0.8377839205816593,1
-0.8224255596637347,-0.8227185563835538,-0.8237115110861588,-0.8230739024810325,-0.8209234075031714,-0.8220188176846449,-0.8233707439835457,-0.8232870926212893,-0.8231678611131932,-0.8189398024972285,-0.8140744546224248,-0.8184709098937898,-0.8192153393427503,-0.8213619604962334,-0.8205939176887393,-0.8212471633547929,-0.8212222880865797,-0.8250739737684075,-0.825305292366293,-0.8263831801370441,-0.827570967549752,-0.827406104608595,-0.8291014253447206,-0.827419762275913,-0.8284315540286534,-0.8285808911090221,-0.828620509519936,-0.8282531809552952,-0.8297951325535676,-0.8301241085695596,-0.8315997630891793,-0.832574685766074,-0.8332106562511635,-0.8341127464211092,-0.8347638250614858,-0.8357815522757944,-0.8361617316351889,-0.8363100028870301,-0.8370446896606736,-0.8374499140855284,1
-0.822095174587719,-0.8230857428087174,-0.8224260358499077,-0.820281866741599,-0.8213643680996308,-0.8227171864862856,-0.8226354282215436,-0.8225148109680934,-0.8182019039495012,-0.8133469357697829,-0.8177549973292098,-0.8184709098937898,-0.8206147264539728,-0.8198148316890086,-0.8204465294290969,-0.8204362899193214,-0.82428238394845,-0.8245576620913943,-0.8256373013178647,-0.82682598450388,-0.8266481965437872,-0.8283660617768737,-0.8266639227850485,-0.8276783593282092,-0.8278033530622966,-0.8278416164748296,-0.827474299873346,-0.8290298720020911,-0.8293511808290064,-0.8308272366269676,-0.8318218681795323,-0.8325006294409959,-0.8333958485988053,-0.8340386487493106,-0.8350602993095079,-0.8354479249695781,-0.8355684505231011,-0.8363100028870301,-0.8367107784774998,-0.8363736709313287,1
-0.8224622691166253,-0.8218005903206452,-0.8196347181940482,-0.8207227144899306,-0.8220625557106913,-0.821982061431927,-0.8218633466714411,-0.817550143197549,-0.8126106040318628,-0.8170264533536287,-0.8177549973292098,-0.8198699021265121,-0.8190680354363059,-0.8196674860883204,-0.8196358940010641,-0.8234954942440545,-0.8237662232006646,-0.8248895767409028,-0.8260799799199605,-0.8259034754063054,-0.8276078783899905,-0.8259292474266277,-0.8269224457838017,-0.8270503379154899,-0.827064293101877,-0.826695740791831,-0.828250764472649,-0.8285860485467792,-0.8300541043928951,-0.8310492770661491,-0.8317478331494146,-0.8326857702536912,-0.8333217716597485,-0.8343350394365051,-0.8347267657804831,-0.8348548097585267,-0.8355684505231011,-0.8359761866731438,-0.8356348424428287,-0.8351860922784187,0
-0.8211774382654532,-0.8190099734894031,-0.820075452560763,-0.821420723424789,-0.8213276213832591,-0.8212101801248505,-0.8168999652779257,-0.8119602950410842,-0.8162890908197827,-0.8170264533536287,-0.819153603557788,-0.8183236475535033,-0.8189207315298613,-0.8188570852845359,-0.8226942003886426,-0.8229794838760273,-0.8240980408242409,-0.8253321296069142,-0.8251577328322611,-0.8268628848677829,-0.8251717629342437,-0.826187697433472,-0.8262946042154012,-0.8263114891946437,-0.8259187501632265,-0.8274719791577332,-0.8278070704159044,-0.8292887690176898,-0.8302760802551757,-0.8309752635864218,-0.8319329207247087,-0.832611713928613,-0.8336180794159754,-0.8340015999134112,-0.8341338172844391,-0.8348548097585267,-0.8352347298975517,-0.8349005566506214,-0.8344476026804328,-0.8354829869416462,1
-0.8183875198457654,-0.8194505971995992,-0.8207732819747278,-0.8206859771775696,-0.8205559403394552,-0.8162480860079301,-0.8113115654867082,-0.815637826722969,-0.8162890908197827,-0.8184246700354901,-0.8176077756209383,-0.8181763852132167,-0.8181105600444167,-0.8219145064988138,-0.8221783414798944,-0.8233112048269019,-0.8245404643223426,-0.8244101444693905,-0.8261168698034685,-0.824427460850186,-0.8254301388159139,-0.8255600331311358,-0.8255559670761068,-0.8251662736773322,-0.8266947631216671,-0.8270284143772176,-0.82850958600575,-0.8295106807453457,-0.8302020883010821,-0.8311602972857398,-0.8318588856945911,-0.8329079392289256,-0.8332847331902202,-0.833408818539022,-0.8341338172844391,-0.8345211824523103,-0.8341594078818924,-0.8337136545568035,-0.8347444126210318,-0.8353345396100323,1
-0.818828033280453,-0.8201482514074098,-0.8200387246968701,-0.8199144936179893,-0.8155951336292876,-0.8106611355948049,-0.8149881442967197,-0.815637826722969,-0.8176869157991924,-0.8168792726502749,-0.8174605539126669,-0.8173664423416406,-0.8211671161031396,-0.8213987968964055,-0.8225099650640896,-0.8237534994280681,-0.8236187487012974,-0.8253690090124152,-0.8236821374919422,-0.824685763397507,-0.8248026545318577,-0.8248216045401522,-0.8244110795102002,-0.8259420648342207,-0.8262513271454153,-0.8277307252797006,-0.8287314330341222,-0.8294367101694604,-0.830387068186316,-0.8310862838060126,-0.8321550258150616,-0.832574685766074,-0.8326921176777666,-0.833408818539022,-0.8338002837554144,-0.8334461611322797,-0.8329728456577167,-0.834010380080258,-0.8345960076507323,-0.8348520857822878,0
-0.8195255128853749,-0.8194138785570829,-0.8192674395551194,-0.8149549564492585,-0.8100096327408025,-0.8143367608665978,-0.8149881442967197,-0.8170352887620852,-0.816141951348266,-0.816732091946921,-0.8166508345171741,-0.8204221359025867,-0.820651552430584,-0.8217303244979537,-0.8229521298430166,-0.8228320523423052,-0.8245773329471845,-0.8229349682493527,-0.8239403666764981,-0.8240584572111562,-0.8240644377270859,-0.8236770402241275,-0.8251866485064595,-0.8254987556017129,-0.826953434107814,-0.8279525076699584,-0.8286574840246648,-0.8296216366091738,-0.8303130762322225,-0.8313823377249212,-0.8318218681795323,-0.831982235165449,-0.8326921176777666,-0.8330753790159281,-0.8327255646063345,-0.8322599307101769,-0.8332694862137606,-0.8338620173185306,-0.834113691497259,-0.8351860922784187,0
-0.8187913238275624,-0.8186427870642397,-0.8143091779295797,-0.8093708849703912,-0.8136843043779637,-0.8143367608665978,-0.8163852442445241,-0.8154907254556936,-0.8159948118767492,-0.8159225980784749,-0.8197056849638057,-0.8199067177115839,-0.8209829862200839,-0.8221723613000179,-0.822030953220252,-0.8237903573114986,-0.822144003707625,-0.8231931240878594,-0.8233132386568625,-0.8233204499330966,-0.8229202016796897,-0.8244523902446603,-0.8247434662228827,-0.8262006618865169,-0.82717515209594,-0.8278785802065391,-0.8288423565483084,-0.8295476660332884,-0.8306090440485967,-0.8310492770661491,-0.8312295879385911,-0.831982235165449,-0.8323587714520114,-0.8320009627748476,-0.8315396676142466,-0.8325564883157026,-0.8331211659357387,-0.8333798383429172,-0.8344476026804328,-0.8366705655945561,1
-0.8180204253168591,-0.8136857703245332,-0.8087265426178607,-0.8130446162064882,-0.8136843043779637,-0.8157334984698791,-0.8148410811443193,-0.8153436241884181,-0.8151855447834068,-0.818976597673067,-0.8191904089848558,-0.8202380579772285,-0.8214248979394174,-0.8212514512957174,-0.8229889769079272,-0.8213577370050844,-0.8224020840815177,-0.8225661741943433,-0.8225754409867031,-0.822176538652104,-0.8236953293247001,-0.8240093330900702,-0.8254451715052126,-0.8264223165027706,-0.8271012460998979,-0.8280633988650873,-0.828768407538851,-0.8298435483368297,-0.8302760802551757,-0.8304571692283318,-0.8312295879385911,-0.8316489817025974,-0.8312846558356891,-0.8308154000260691,-0.8318361418622686,-0.8324082095129398,-0.8326391250321672,-0.8337136545568035,-0.8359316523834276,-0.8357427697719703,1
-0.8130646491766242,-0.8081045366620487,-0.8123993290071495,-0.8130446162064882,-0.815080679600085,-0.8141897358557261,-0.8146940179919188,-0.8145345672184036,-0.8182386888173804,-0.8184614652113287,-0.8195216578284664,-0.8206798449980882,-0.8205042485241394,-0.8222091977001901,-0.8205570706238287,-0.821615742189098,-0.8217753174592068,-0.8218285860843244,-0.8214318545979559,-0.8229514462940668,-0.823252399241837,-0.8247108402515047,-0.825666762647001,-0.826348431630686,-0.8272860110900029,-0.827989471401668,-0.8290642035766806,-0.8295106807453457,-0.8296841446224273,-0.8304571692283318,-0.8308964303030617,-0.8305751649889644,-0.8300994248107819,-0.8311117907132638,-0.8316879047382576,-0.8319263034039605,-0.8329728456577167,-0.8351972821740757,-0.8350041213190559,-0.8354829869416462,0
-0.8074848123372486,-0.8117764009136832,-0.8123993290071495,-0.8144406340762049,-0.8135373175124773,-0.8140427108448544,-0.8138851706537162,-0.8175869185143679,-0.8177237006670716,-0.8187926217938747,-0.8199633229532807,-0.8197594553712972,-0.8214617239160285,-0.8197779952888365,-0.8208150000782028,-0.8209891581707792,-0.8210379449623707,-0.8206853245137952,-0.8222065421516234,-0.8225086419272309,-0.8239537052063702,-0.8249323688287997,-0.8255928989330714,-0.8265331438108976,-0.8272121050939609,-0.8282851812553451,-0.8287314330341222,-0.8289189161382632,-0.8296841446224273,-0.8301241085695596,-0.8298229223663558,-0.8293902637877143,-0.8303957325670087,-0.8309635953696666,-0.8312061340852218,-0.8322599307101769,-0.8344560484379363,-0.8342700149132806,-0.8347444126210318,-0.835297427777129,1
-0.8111557576263114,-0.8117764009136832,-0.8137949878350792,-0.8128976669570442,-0.8133903306469907,-0.8132340732850599,-0.8169367310660258,-0.8170720640789041,-0.8180547644779843,-0.8192341639039362,-0.8190431872765844,-0.8207166605831598,-0.8190312094596947,-0.8200358500900408,-0.8201885999747228,-0.820252000502169,-0.8198950175922747,-0.821459792029315,-0.8217638635495277,-0.8232097488413876,-0.8241751702478017,-0.8248585259697013,-0.8257775582178951,-0.8264592589388129,-0.8275077290781288,-0.8279525076699584,-0.8281398409584628,-0.8289189161382632,-0.8293511808290064,-0.829050913113516,-0.8286383618844734,-0.8296864890880269,-0.8302475786888953,-0.8304819605029752,-0.8315396676142466,-0.8337427187378054,-0.833529046700299,-0.834010380080258,-0.8345589064081574,-0.8357798816048736,1
-0.8111557576263114,-0.8131717093293043,-0.812252417551578,-0.8127507177076003,-0.8125819028868153,-0.816284842260648,-0.8164220100326242,-0.8174030419302736,-0.8184961828925348,-0.8183142845079747,-0.8200001283803486,-0.8182868319684315,-0.8192889912959725,-0.8194096312871163,-0.8194516586765113,-0.8191094061158228,-0.8206692587139527,-0.8210172391633036,-0.8224647713361791,-0.8234311510248056,-0.8241013485673245,-0.8250431331174473,-0.8257036945039656,-0.8267547984271515,-0.82717515209594,-0.8273610879626043,-0.8281398409584628,-0.8285860485467792,-0.82827829749465,-0.8278666974378814,-0.828934502004944,-0.8295383764378705,-0.8297660785850267,-0.8308154000260691,-0.8330220388543566,-0.8328159762205376,-0.8332694862137606,-0.8338249266280988,-0.8350412225616307,-0.8292481990138689,0
-0.8125507168361553,-0.8116295263436178,-0.8121055060960063,-0.811942496835659,-0.8156318803456591,-0.815770254722597,-0.8167529021255252,-0.8178443457320997,-0.8175765611955548,-0.8192709590797747,-0.8175709701938704,-0.8185445410639332,-0.8186629496935836,-0.8186729032836759,-0.8183093996642831,-0.8198834216678638,-0.8202268352158509,-0.8217179478678216,-0.822686110637227,-0.8233573502969995,-0.8242859027685175,-0.8249692902583489,-0.8259991493596835,-0.8264223165027706,-0.8265839041276042,-0.8273610879626043,-0.8278070704159044,-0.8275134751964418,-0.8270944262291531,-0.8281627513567901,-0.8287864319447087,-0.8290570103248627,-0.8300994248107819,-0.8322973534620423,-0.8320955568292878,-0.8325564883157026,-0.8330840858662332,-0.8343071056037124,-0.8285114038684542,-0.8296564291758067,0
-0.811008919814749,-0.8114826517735524,-0.8112974930903628,-0.8149916937616195,-0.8151174263164567,-0.8161010609970584,-0.8171940915827265,-0.8169249628116286,-0.818532967760414,-0.8168424774744364,-0.8178286081833455,-0.8179186761177152,-0.8179264301613611,-0.8175309748783433,-0.8190831880274054,-0.8194411270666975,-0.8209273390878453,-0.8219392243008272,-0.822612330870211,-0.8235418521165144,-0.8242120810880403,-0.8252646616947424,-0.825666762647001,-0.8258312375260938,-0.8265839041276042,-0.8270284143772176,-0.8267348097787717,-0.8263299459822766,-0.8273903940455273,-0.8280147243973357,-0.828305204248944,-0.8293902637877143,-0.831580963591916,-0.8313711325645591,-0.8318361418622686,-0.8323711398122491,-0.8335661267698046,-0.8277791440877142,-0.8289195175367777,-0.8297306528416135,0
-0.8108620820031863,-0.8106748416381928,-0.8143459057934725,-0.8144773713885658,-0.8154481467638011,-0.8165421360296735,-0.8162749468802237,-0.8178811210489186,-0.8161051664803868,-0.8171000437053056,-0.8172029159231919,-0.8171823644162824,-0.8167848248864165,-0.8183045392819557,-0.8186410232484784,-0.8201414268518773,-0.8211485508368962,-0.8218654654898253,-0.8227967802877509,-0.8234680513887085,-0.824507367809949,-0.8249323688287997,-0.8250758529355653,-0.8258312375260938,-0.8262513271454153,-0.8259564661576383,-0.8255516256274528,-0.826625828285818,-0.8272424101373401,-0.8275336367791092,-0.8286383618844734,-0.8308713902892769,-0.8306550018537072,-0.8311117907132638,-0.8316508454572548,-0.8328530459212282,-0.8270400345368382,-0.8281871416824641,-0.8289937200219274,-0.8305471131654891,1
-0.8100544740395925,-0.8137224889670495,-0.8138317156989722,-0.8148080071998146,-0.8158891073602604,-0.8156232297117253,-0.8172308573708267,-0.8154539501388747,-0.8163626605555412,-0.8164745257160518,-0.816466807381835,-0.8160410812790616,-0.81755817039525,-0.8178625024798915,-0.8193411174817795,-0.8203625741524605,-0.8210748135872126,-0.8220498625173301,-0.822723000520735,-0.8237632542999324,-0.8241751702478017,-0.8243416259560128,-0.8250758529355653,-0.8254987556017129,-0.8251796902028067,-0.8247736267429301,-0.8258474216652825,-0.8264778871340474,-0.8267614624357321,-0.8278666974378814,-0.8301190624868263,-0.8299456862258003,-0.8303957325670087,-0.8309265465337672,-0.8321326161102905,-0.8263287785996632,-0.8274479153013986,-0.8282613230633277,-0.8298099473585745,-0.8300646593377444,0
-0.8131013586295148,-0.8132084279718206,-0.814162266474008,-0.8152488549481463,-0.8149704394509701,-0.8165788922823916,-0.8148043153562191,-0.8157113773566067,-0.8157373178015948,-0.8157386221992827,-0.8153258391427316,-0.8168142085655661,-0.8171162586759165,-0.8185623940831598,-0.819562199871243,-0.8202888583855994,-0.8212591567114216,-0.8219761037063281,-0.8230181195887988,-0.8234311510248056,-0.8235845968039843,-0.8243416259560128,-0.8247434662228827,-0.824427424956486,-0.8239971942661352,-0.8250693365966072,-0.8256995236463676,-0.8259970783907926,-0.8270944262291531,-0.8293469670324245,-0.8291936246103558,-0.8296864890880269,-0.8302105402193669,-0.8314081814004584,-0.8256101826538065,-0.8267365453072612,-0.8275220754404095,-0.8290773182528275,-0.8293276312051012,-0.8302502185022617,0
-0.812587426289046,-0.8135388957544677,-0.8146030008407227,-0.814330422139122,-0.815925854076632,-0.8141529796030081,-0.81506167587292,-0.8150861969706863,-0.8150016204440108,-0.8145979717482905,-0.8160987531111565,-0.8163724215447064,-0.8178159522315278,-0.818783412484192,-0.8194885057414217,-0.820473147802752,-0.821185419461738,-0.8222711389503358,-0.822686110637227,-0.8228407452023578,-0.8235845968039843,-0.8240093330900702,-0.8236724423709055,-0.823245267003132,-0.8242928182503031,-0.8249214816697688,-0.8252188550848943,-0.8263299459822766,-0.8285742653110241,-0.8284217985358351,-0.828934502004944,-0.8295013482753315,-0.8306920403232355,-0.8248875862821772,-0.8260178347448368,-0.8268106847086425,-0.8283378369695303,-0.828595139277214,-0.8295131374179756,-0.8314749089880751,1
-0.8129178113650616,-0.8139795194646638,-0.8136848042434005,-0.8152855922605072,-0.8135005707961056,-0.8144102733720336,-0.814436657475218,-0.8143506906343093,-0.8138612895397556,-0.8153706704408982,-0.8156570879863423,-0.8170719176610676,-0.8180369080911946,-0.8187097396838479,-0.8196727410659748,-0.8203994320358909,-0.8214803684604725,-0.8219392243008272,-0.8220958725010994,-0.8228407452023578,-0.823252399241837,-0.8229386116331439,-0.8224906229480343,-0.8235408064914705,-0.8241450062582192,-0.8244409531575434,-0.8255516256274528,-0.8278093574999832,-0.8276493658848547,-0.8281627513567901,-0.8287494144296499,-0.8299827143883394,-0.8241732696862455,-0.8252951234770698,-0.8260919533068423,-0.8276262181238381,-0.8278557960659589,-0.8287805927293731,-0.8307374784229462,-0.8305842249983927,1
-0.8133583247997492,-0.8130615534017552,-0.8146397287046155,-0.8128609296446833,-0.813757797810707,-0.8137854170758289,-0.8137013417132157,-0.8132106558129251,-0.8146337717652188,-0.8149291283308366,-0.8163563911006314,-0.8172928111714973,-0.8179632561379723,-0.8188939216847081,-0.8195990469361535,-0.8206942951033351,-0.8211485508368962,-0.8213491538128121,-0.8220958725010994,-0.8225086419272309,-0.8221819848749179,-0.82175712588757,-0.8227860778037521,-0.8233930367473012,-0.8236646172839464,-0.8247736267429301,-0.8270306058166014,-0.8268847253014165,-0.8273903940455273,-0.8279777176574721,-0.8292306421254145,-0.8234657577814638,-0.8245806928510574,-0.8253692211488683,-0.8269072574889027,-0.8271443120148588,-0.8280411964134864,-0.8300045855136227,-0.8298470486011494,-0.8308440078287167,1
-0.8124405884774835,-0.8140162381071803,-0.812215689687685,-0.8131180908312101,-0.8131331036323894,-0.8130502920214703,-0.8125616022821122,-0.8139829374661209,-0.8141923533506684,-0.8156282366717673,-0.8165772236630385,-0.8172191800013541,-0.8181473860210279,-0.818820248884364,-0.8198938234554383,-0.8203625741524605,-0.8205586528394272,-0.8213491538128121,-0.8217638635495277,-0.8214385313740444,-0.821000837987283,-0.8220524973239635,-0.8226383503758933,-0.8229127850787513,-0.8239971942661352,-0.8262521760113154,-0.8261062431983834,-0.826625828285818,-0.8272054141602934,-0.8284588052756986,-0.8227155594750618,-0.8238730675693935,-0.8246547697901141,-0.8261842955386535,-0.826425486835867,-0.8273296605183125,-0.8292648387071676,-0.8291144089432594,-0.8301067572991735,-0.8289141925177379,1
-0.8133950342526398,-0.8115928077011014,-0.8124727847349352,-0.8124935565210736,-0.8123981693049573,-0.8119108481872145,-0.8133336838322146,-0.8135416336642947,-0.8148912658403732,-0.815849007726798,-0.8165036128089028,-0.8174032579267123,-0.8180737340678056,-0.8191149400857402,-0.819562199871243,-0.8197728480175722,-0.8205586528394272,-0.8210172391633036,-0.8206940569277964,-0.8202577197291488,-0.8212961247091918,-0.8219048116057667,-0.8221582362353518,-0.823245267003132,-0.8254753141869746,-0.8253280827185746,-0.8258474216652825,-0.8264409018461046,-0.8276863618619015,-0.8219456190597092,-0.8231227521407088,-0.8239471238944716,-0.8254696161197378,-0.8257026606719623,-0.8266107832408808,-0.8285529606411058,-0.8283749170390359,-0.829374043776282,-0.8281774926852804,-0.8290997516822551,1
-0.8109722103618583,-0.8118498381987159,-0.8118484110487562,-0.8117588102738542,-0.8112590210974373,-0.8126827294942911,-0.8128924943750132,-0.8142403646838527,-0.8151119750476484,-0.8157754173751212,-0.8166876399442421,-0.817329626756569,-0.8183683418806946,-0.818783412484192,-0.8189726468326737,-0.8197728480175722,-0.8202268352158509,-0.8199477364037762,-0.8195135806555413,-0.8205529226403728,-0.8211484813482373,-0.8214248330216273,-0.8224906229480343,-0.8247229644448244,-0.8245514892364499,-0.8250693365966072,-0.8256625491416388,-0.8269217105893591,-0.8211750699016692,-0.8223526931982086,-0.8231967871708264,-0.824761743470331,-0.8249881160158693,-0.8258879048514589,-0.8278337395139715,-0.8276632878245289,-0.8286344775255743,-0.827445327873828,-0.8283629988981548,-0.8273183837028901,1
-0.8112291765320927,-0.811225621275938,-0.8111138537708984,-0.8106199535906642,-0.8120307021412412,-0.8122416544616758,-0.8135910443489154,-0.8144610165847659,-0.81503840531189,-0.8159593932543134,-0.8166140290901064,-0.8176241514371422,-0.8180369080911946,-0.8181940300814396,-0.8189726468326737,-0.8194411270666975,-0.8191576450954384,-0.8187675954277459,-0.8198086997236051,-0.8204053211847607,-0.8206686404251357,-0.82175712588757,-0.8239678972266234,-0.8237994035437667,-0.8242928182503031,-0.8248845179380591,-0.8261432177031122,-0.8204122999114504,-0.8215820256491838,-0.8224267066779356,-0.8240111725021205,-0.8242803773573232,-0.8251733083635111,-0.8271105164361366,-0.8269443167699055,-0.8279227757293638,-0.8267063139112887,-0.827630781325987,-0.826582139254561,-0.8237185359112568,1
-0.810605115832952,-0.8104912484256112,-0.809975289990219,-0.8113914371502445,-0.8115897415447818,-0.8129400232633165,-0.8138116390775161,-0.8143874659511282,-0.815222329651286,-0.8158858029026365,-0.8169084725066492,-0.8172928111714973,-0.8174476924654167,-0.8181940300814396,-0.8186410232484784,-0.8183722484472125,-0.8179778491005005,-0.8190626306717536,-0.8196611401895733,-0.819925616454022,-0.821000837987283,-0.8232339830695373,-0.8230446008025053,-0.8235408064914705,-0.8241080532601981,-0.8253650464502842,-0.8196357048708585,-0.8208191380788197,-0.8216560176032772,-0.8232408549549344,-0.8235299448063559,-0.8244655181700186,-0.8263955778579466,-0.8262213443745529,-0.8272037317369247,-0.8259951512934468,-0.8268917142588161,-0.8258504281852602,-0.822983318724799,-0.8204526946157544,1
-0.8098709267751395,-0.8093529705076045,-0.8107465751319696,-0.8109505894019129,-0.8122879291558425,-0.8131605607796241,-0.8137381075013158,-0.8145713425352225,-0.8151487599155276,-0.8161801643093441,-0.8165772236630385,-0.8167037618103511,-0.8174476924654167,-0.8178625024798915,-0.8175724583660715,-0.8171927961774358,-0.818272798099235,-0.8189151130497498,-0.8191815717039695,-0.8202577197291488,-0.8224772715968266,-0.8223109473308077,-0.8227860778037521,-0.823356094311259,-0.8245884422344709,-0.8188594296693892,-0.8200424244228743,-0.820893108654705,-0.8224699290983063,-0.8227597673367079,-0.82371503238165,-0.8256874475338077,-0.8255066545892663,-0.8264806862258481,-0.8252766491247817,-0.8261804997969004,-0.8251118709225526,-0.8222526312133748,-0.8197184093782107,-0.8188939976338101,1
-0.8087329337355299,-0.8101240620004477,-0.8103058407652549,-0.8116485983367713,-0.8125084094540721,-0.8130870482741882,-0.8139219364418164,-0.8144977919015847,-0.8154430388585612,-0.815849007726798,-0.815988336829953,-0.8167037618103511,-0.8171162586759165,-0.8167942468749027,-0.8163933522889327,-0.81748765924488,-0.8181253235998678,-0.8184356807782374,-0.8195135806555413,-0.8217337342852682,-0.8215545005908619,-0.8220524973239635,-0.8226014185189285,-0.823836345979809,-0.8180847145827777,-0.8192660307181953,-0.8201163734323317,-0.8217067849894436,-0.8219889813966982,-0.8229448010360257,-0.8249366103785911,-0.8247987716328702,-0.8257659238759647,-0.8245541467590832,-0.8254619455297956,-0.8244011541637463,-0.8215151041805199,-0.8189886504553757,-0.8181601571900663,-0.8132158871995844,1
-0.8095038322462331,-0.8096834382902516,-0.8110036701792197,-0.8118690222109372,-0.8124349160213289,-0.8132708295377779,-0.8138484048656162,-0.8147919944361355,-0.8151119750476484,-0.8152602849133828,-0.815988336829953,-0.8163724215447064,-0.8160483053541941,-0.815615482069398,-0.8166881288082174,-0.8173402277111579,-0.8176460314769242,-0.8187675954277459,-0.8209891759958602,-0.8208112251876937,-0.8212961247091918,-0.8218678901762175,-0.8230815326594699,-0.8173344772363628,-0.8184911975610085,-0.8193399581816144,-0.8209298125363634,-0.821225976246189,-0.8221739612819321,-0.8241660234515238,-0.8240481900171794,-0.8250579687706436,-0.8238399234604903,-0.8247393909385798,-0.8236831000416635,-0.8208053931967473,-0.8182520580640367,-0.8174308414572399,-0.8124836670761117,-0.8069810992718071,1
-0.8090633188115456,-0.8103810924980621,-0.8112240373625771,-0.8117955475862152,-0.812618649603187,-0.813197317032342,-0.8141425311704171,-0.8144610165847659,-0.8145234171615813,-0.8152602849133828,-0.8156570879863423,-0.8153047695776289,-0.8148698741026383,-0.8159101732707742,-0.8165407405485751,-0.8168610752265612,-0.8179778491005005,-0.8202427716477838,-0.8200669289081609,-0.8205529226403728,-0.8211115705079988,-0.8223478687603568,-0.8165815258336778,-0.8177408440328282,-0.8185651035570505,-0.8201531602792262,-0.8204491439748902,-0.8214109026859023,-0.8233948285244757,-0.823277861694798,-0.8243073126225912,-0.8231325043186122,-0.8240251158081321,-0.8229610468154122,-0.8200883497843966,-0.8175432595359649,-0.8166946951448061,-0.8117559658211733,-0.806250658323534,-0.8053852904569593,0
-0.8097607984164675,-0.8106014043531602,-0.8111505816347913,-0.8119792341480201,-0.8125451561704438,-0.8134913670540854,-0.8138116390775161,-0.8138726115156644,-0.8145234171615813,-0.8149291283308366,-0.8145897306013746,-0.8141266708553363,-0.8151644819155273,-0.8157628276700862,-0.8160617287047375,-0.8171927961774358,-0.8194525940941729,-0.8193207865102601,-0.8198086997236051,-0.8203684208208578,-0.8215914114311004,-0.8158496971597007,-0.81698777626029,-0.8178147289049127,-0.8193780695135121,-0.8196726317670011,-0.8206340164985337,-0.8226314171880101,-0.8225069250753532,-0.823536908873843,-0.8223824018395324,-0.8233176451313076,-0.8222472692707712,-0.8193673097331776,-0.8168271330561546,-0.815986332106955,-0.811021444510466,-0.8055247298286295,-0.8046553048928148,-0.8085026844208479,1
-0.8099810551338114,-0.8105279670681275,-0.8113342209542558,-0.811905759523298,-0.8128391299014166,-0.8131605607796241,-0.8132233864679143,-0.8138726115156644,-0.8141923533506684,-0.8138620682315213,-0.8134119569352034,-0.8144211955359094,-0.8150171780090828,-0.8152839544678498,-0.8163933522889327,-0.8186671115146565,-0.8185308784731277,-0.8190626306717536,-0.8196242503060652,-0.8208481255515966,-0.8150951035491086,-0.8162558328847418,-0.8170616399742193,-0.8186274624978435,-0.8188976805392393,-0.8198574504255493,-0.8218541751545813,-0.8217437702773863,-0.8227658969146805,-0.8216125584009369,-0.8225674894148265,-0.8215402933294323,-0.818654537726521,-0.816107012174037,-0.8152706432540392,-0.8103146679012763,-0.8047919928335434,-0.8039298301400618,-0.8077718092691035,-0.8059790797834142,0
-0.8099076362280301,-0.8107115602807092,-0.81126076522647,-0.8121996580221859,-0.8125084094540721,-0.8125724607361373,-0.8132233864679143,-0.8135416336642947,-0.8131255921821715,-0.8126846226046905,-0.8137064003517462,-0.8142739331956228,-0.8145384403131383,-0.815615482069398,-0.8178672348853561,-0.8177456644288936,-0.818272798099235,-0.8188782336442487,-0.8201038187916688,-0.8143536615046715,-0.8155011227917331,-0.8163296757438401,-0.8178741408274434,-0.8181472108292935,-0.8190824455293443,-0.821077253571967,-0.8209667870410923,-0.8220026672929849,-0.8208421061082483,-0.8217975921002549,-0.8207906486920029,-0.8179485615631429,-0.815395152408026,-0.8145509610662653,-0.8096005732606183,-0.8040869581852369,-0.8031975498448073,-0.8070454481363336,-0.8052489247740126,-0.8048286129634078,0
-0.8100911834924832,-0.8106381229956765,-0.811554588137613,-0.8118690222109372,-0.8119204619921263,-0.8125724607361373,-0.8128924943750132,-0.8124751494765482,-0.8119484764100372,-0.8129789840113983,-0.8135591786434749,-0.8137953305896914,-0.8148698741026383,-0.8170889380762789,-0.8169460582625915,-0.81748765924488,-0.8180884549750259,-0.8193576659157611,-0.8136111992942656,-0.8147595655076043,-0.8155749444722102,-0.8171419471939221,-0.8173940266869019,-0.8183319230095051,-0.8203018944640367,-0.8201901240109359,-0.8212256085741932,-0.8200794323199664,-0.8210270859934822,-0.8200212685868031,-0.8171999497312971,-0.8146900832597052,-0.8138395366878353,-0.8088824891736686,-0.8033746140521562,-0.8024929610555364,-0.8063122756832686,-0.8045232811869707,-0.8040987862541918,-0.8075006649324551,0
-0.8100177645867019,-0.8109318721358073,-0.8112240373625771,-0.8112812252131616,-0.8119204619921263,-0.8122416544616758,-0.8118262865201098,-0.8112983393383449,-0.8122427553530708,-0.8128318033080444,-0.8130807080915927,-0.8141266708553363,-0.8163429131670831,-0.8161680280719784,-0.8166881288082174,-0.8173033698277274,-0.8185677470979694,-0.8128668905475948,-0.8140169880128534,-0.8148333662354103,-0.8163869829574593,-0.8166619686097827,-0.8175786859717256,-0.8195510233989012,-0.8194150225115332,-0.8204488701329034,-0.8193029343283,-0.8202643587596797,-0.8192512790952369,-0.8164316148200362,-0.8139424084061208,-0.8131349004330644,-0.8081726508499973,-0.8026582847425819,-0.8017810649690379,-0.805606815913556,-0.8037908309568952,-0.8033734697835847,-0.8067700757195821,-0.8158137155028249,1
-0.810311440209827,-0.8106014043531602,-0.8106363915402909,-0.8112812252131616,-0.8115897415447818,-0.8111757231328559,-0.8106497813009063,-0.8115925418728958,-0.8120956158815541,-0.8123534660221444,-0.8134119569352034,-0.8155992942582019,-0.8154222637518052,-0.8159101732707742,-0.8165038934836645,-0.8177825223123241,-0.812078869125811,-0.8132725640081052,-0.8140907677798692,-0.8156451742412759,-0.8159071420343575,-0.8168465757575286,-0.8187974372515615,-0.8186644049338859,-0.81967369349768,-0.8185267560840025,-0.8194878068519437,-0.8184890649384318,-0.8156626693216997,-0.8131750217120415,-0.8123876727736502,-0.8074695915645873,-0.8019501879692341,-0.8010651847989109,-0.804894044573269,-0.8030860762665877,-0.8026413488022249,-0.8060439994946748,-0.8150807540563524,-0.8117314138834469,1
-0.8099810551338114,-0.8100139060728987,-0.8106363915402909,-0.8109505894019129,-0.8105240867700051,-0.8099995230458822,-0.8109439076057072,-0.8114454406056203,-0.8116174125991243,-0.8126846226046905,-0.8148841740179175,-0.8146789046314109,-0.8151644819155273,-0.8157259912699141,-0.8169829053275021,-0.8112955348285529,-0.812484423999071,-0.813346322819107,-0.8149023452170446,-0.8151654695105371,-0.8160916962355506,-0.8180649829326516,-0.8179110726844081,-0.8189230019861821,-0.8177521376005888,-0.8187115747425507,-0.8177130306249653,-0.8149014920079933,-0.8124070233415837,-0.8116207386377714,-0.8067239929696502,-0.8012488602580242,-0.8003575337795149,-0.8041772870144542,-0.8023740134650819,-0.8019369155451757,-0.8053111138066203,-0.8143523141513997,-0.810999617373117,-0.8058677442847039,1
-0.8093937038875613,-0.8100139060728987,-0.8103058407652549,-0.8098852073434447,-0.8093481918461134,-0.8102935730676256,-0.8107968444533068,-0.8109673614869753,-0.8119484764100372,-0.814156429638229,-0.8139640383412212,-0.8144211955359094,-0.8149803520324717,-0.8162048644721503,-0.8104978219032394,-0.8117009715462887,-0.8125581612487545,-0.8141576697401278,-0.814422776731441,-0.815349971330052,-0.817309753963424,-0.8171788686234713,-0.8181695956831612,-0.8170019953119819,-0.8179369025906937,-0.8169373156204884,-0.8141265036662799,-0.8116467866690389,-0.8108531923056191,-0.8059587074386442,-0.8005050504397679,-0.7996566492688444,-0.8034687652198965,-0.8016579661733001,-0.8012251757539967,-0.8046059339949069,-0.8136170493758503,-0.810272338203901,-0.8051376210462879,-0.7979258120433685,1
-0.8093937038875613,-0.8096834382902516,-0.8092407327123612,-0.8087096133478938,-0.8096421655770863,-0.810146548056754,-0.8103188892080052,-0.8112983393383449,-0.8134198711252052,-0.8132365502422675,-0.8137064003517462,-0.8142371176105512,-0.8154590897284162,-0.8097216580418745,-0.8109031396172558,-0.8117746873131496,-0.8133692709952743,-0.8136782374686156,-0.814607226148981,-0.8165676833388504,-0.8164238937976979,-0.8174373186303155,-0.8162491391209953,-0.8171867074921936,-0.8161631586856865,-0.8133518336446542,-0.8108727472501531,-0.8100934045754471,-0.8051928078174627,-0.7997415751415633,-0.7989132972922386,-0.8027670149221259,-0.8009501492919686,-0.800509452260421,-0.8038934439861948,-0.812909546949626,-0.8095382417302464,-0.8044120091156752,-0.7971979551352666,-0.7906147809613916,1
-0.8090633188115456,-0.8086185976572775,-0.8080654410677888,-0.8090035118467815,-0.8094951787115998,-0.8096687167714208,-0.8106497813009063,-0.8127693520110989,-0.8125002494282252,-0.8129789840113983,-0.813522373216407,-0.8147157202164825,-0.8089777178448594,-0.8101268584437668,-0.810976833747077,-0.8125855607486211,-0.8128899788723308,-0.8138626344961203,-0.8158245923047439,-0.8156820746051789,-0.816682269679368,-0.8155174042937581,-0.816433798405819,-0.8154134705621626,-0.8125787178776509,-0.8100990252542067,-0.8093198180515472,-0.8044346555202194,-0.7989774836736045,-0.7981502853274295,-0.8020227685571797,-0.8002490998694693,-0.7998019567365896,-0.8031769684451725,-0.8121947229308109,-0.8088318798736479,-0.8036795907483788,-0.7964746013632684,-0.7898890103480177,-0.7715021870161218,1
-0.8079987446777174,-0.8074436010967545,-0.8083592639789319,-0.8088565625973377,-0.8090174713987689,-0.8099995230458822,-0.8121204128249108,-0.8118499690906277,-0.8122427553530708,-0.812795008132206,-0.814000843768289,-0.8082361772438739,-0.8093828035875817,-0.8102005312441107,-0.8117874691751098,-0.8121064082640244,-0.8130743219965398,-0.8150796548776514,-0.8149392351005527,-0.8159403771524998,-0.8147629059869613,-0.815702011441504,-0.8146610692715119,-0.8118300542660587,-0.8093268540518043,-0.8085465485224023,-0.8036627188280538,-0.7982211271458518,-0.7973866566605933,-0.8012588514759699,-0.7995055775331797,-0.7991012268307585,-0.8024687265426311,-0.8114759076866214,-0.8081182020205083,-0.8029748671645156,-0.7957444558742036,-0.7891677353482023,-0.7707818704219613,-0.7712795160187013,1
-0.8068240421852172,-0.8077373502368853,-0.8082123525233602,-0.808378977536645,-0.8093481918461134,-0.8114697731545993,-0.8112012681224079,-0.8115925418728958,-0.8120588310136748,-0.8132733454181059,-0.8075230886043475,-0.808641148679662,-0.8094564555408039,-0.8110109320478952,-0.8113084573312722,-0.812290697681177,-0.8142909866163195,-0.8141945491456288,-0.8151974642851084,-0.8140215582295446,-0.8149474601881542,-0.8139297828231431,-0.8110786791459333,-0.8085791198943356,-0.807774828134923,-0.8028910975708288,-0.7974510020336297,-0.7966307597643173,-0.8004943187325223,-0.7987423931652466,-0.7983580345663563,-0.8017672545335711,-0.810765343716982,-0.8074005357376955,-0.8022628356220738,-0.7950419512167035,-0.7884396821816219,-0.7700660297758213,-0.7705592629665121,-0.7474908311275985,1
-0.8071177178083423,-0.80759047566682,-0.8077348902927527,-0.8087096133478938,-0.8108180605009779,-0.8105508668366511,-0.8109439076057072,-0.8114086652888015,-0.8125370342961044,-0.8067973944705373,-0.8079279483020939,-0.8087147798498052,-0.8102666270262485,-0.8105320588456589,-0.8114926926558251,-0.813507007834384,-0.8134061396201162,-0.8144527049841354,-0.8132791903426938,-0.8142060600490596,-0.8131757398567019,-0.8103484041568724,-0.8078286757330374,-0.8070275375805587,-0.8021210194377123,-0.7966811906436108,-0.7958610983302951,-0.7997375239515011,-0.7979785922933416,-0.797595184229476,-0.8010232956505914,-0.8100615629423219,-0.8066911120688632,-0.8015468196656022,-0.7943321494874851,-0.7877392201806336,-0.7693434463862939,-0.7698434856332305,-0.7467773664760224,-0.7055915717796188,0
-0.8069708799967796,-0.8071131333141074,-0.8080654410677888,-0.8101791058423325,-0.8098993925916876,-0.8102935730676256,-0.8107600786652066,-0.8118867444074466,-0.8060628975493652,-0.8072021414047604,-0.8080015591562295,-0.8095247227213812,-0.809787889330304,-0.8107162408465192,-0.8127086457978744,-0.8126224186320516,-0.8136642199940088,-0.8125349758980862,-0.8134636397602337,-0.8124348425817163,-0.8095953883535587,-0.8070993183565442,-0.8062775377405188,-0.8013753448660854,-0.7959129157701869,-0.7950917501800966,-0.7989669567275071,-0.7972225243713998,-0.7968317170048916,-0.8002596694996533,-0.8093152190237678,-0.8059884650630247,-0.8008390338833836,-0.7936183687831465,-0.7870314711299432,-0.7686483243249176,-0.7691209659692609,-0.7460683530664417,-0.7048900636089978,-0.7038102038002538,0
-0.8064936571092015,-0.8074436010967545,-0.8095345556235043,-0.8092606730333083,-0.8096421655770863,-0.810109791804036,-0.8112380339105081,-0.8054142886473294,-0.8064675310960365,-0.8072757317564372,-0.8088112785517222,-0.80904612011545,-0.8099720192133596,-0.8119318420521958,-0.8118243162400204,-0.8128804238160653,-0.8117470515022347,-0.812719372925591,-0.811692925351851,-0.8088555072831268,-0.8063472344125627,-0.8055486183154786,-0.8006269636249155,-0.7951690156109776,-0.7943239368552845,-0.7981967036437057,-0.7964526904059545,-0.7960759804451772,-0.7994954273522593,-0.8085491792290945,-0.8052432923672973,-0.8001380153818521,-0.7929128014043162,-0.7863197481109794,-0.7679459414135267,-0.7684259061207733,-0.7453526414162411,-0.7041929635689307,-0.7031092039654041,-0.7508308960889079,1
-0.8068240421852172,-0.8089123467974083,-0.8086163590261821,-0.8090035118467815,-0.8094584319952283,-0.810587623089369,-0.804767255204888,-0.8058188171323368,-0.8065411008317949,-0.8080852256248833,-0.8083328079998402,-0.8092301980408082,-0.8111872764415264,-0.8110477684480674,-0.8120822456943945,-0.8109638138776782,-0.8119313946264438,-0.8109491614615456,-0.8081146066515776,-0.8056082752596643,-0.804796979122542,-0.7998996395944536,-0.7944224116548412,-0.7935804908611583,-0.7974279886890472,-0.7956831698874507,-0.7953064807593644,-0.7987389211770491,-0.8077825262107369,-0.8044784378441011,-0.7993945249880032,-0.7922139885984921,-0.7856162229072308,-0.7672395976228268,-0.7677235857275102,-0.7446642279780279,-0.7034892429445417,-0.7024126104282039,-0.7501164783077605,-0.711566576877072,0
-0.8082924203008424,-0.8079943807344997,-0.8083592639789319,-0.8088198252849766,-0.8099361393080592,-0.8041185226110136,-0.8051716788739892,-0.8058923677659744,-0.8073503679251371,-0.8076068883389834,-0.8085168351351795,-0.8104451123481723,-0.8103034530028597,-0.8113056232492715,-0.8101661983190441,-0.8111481032948309,-0.8101617006340368,-0.807371859127954,-0.804868296902876,-0.804058459975739,-0.7991496205660378,-0.7936968394301909,-0.7928343418053578,-0.7966836554887122,-0.7949151848236202,-0.7945372942044522,-0.7979686450998318,-0.8070236256762059,-0.8037129687355917,-0.798631372945656,-0.7914727767654152,-0.7849194405782961,-0.7665414111001293,-0.7670173046074309,-0.7439685866047472,-0.7028125358982157,-0.7017093996082782,-0.7494065152053044,-0.7108633636635513,-0.7165766743190359,0
-0.8073746839785766,-0.8077373502368853,-0.8081756246594674,-0.8092974103456693,-0.8034687172266555,-0.8045228413909109,-0.8052452104501895,-0.806701424735989,-0.8068721646427076,-0.8077908642181757,-0.8097314142284184,-0.8095615383064529,-0.8105612348391374,-0.8093901304403263,-0.810350433643597,-0.8093789248901659,-0.8065854440243813,-0.8041264714438707,-0.8033189217955412,-0.7984127042985825,-0.7929485994059546,-0.792109217959576,-0.795936617790395,-0.7941715698378352,-0.7937696418849697,-0.7971986828875457,-0.8062509341590638,-0.8029552440025128,-0.7978676043622013,-0.7907119306148507,-0.7841803262988271,-0.7658499368706772,-0.7663191802829592,-0.7432690007959633,-0.7021286583526419,-0.7010331902650616,-0.7486898476717354,-0.7101645647284517,-0.7158720314111583,-0.7174673583087184,0
-0.8071177178083423,-0.8075537570243035,-0.8086530868900749,-0.8028316433701388,-0.8038729311067432,-0.8045963538963466,-0.8060540577883919,-0.8062233456173441,-0.8070560889821037,-0.8090051050208448,-0.8088480839787902,-0.8098192474019544,-0.8086462840553593,-0.8095743124411865,-0.8085817745278889,-0.8058037101974057,-0.8033410050383021,-0.8025775364128311,-0.7976747696188213,-0.7922134431628812,-0.7913614332756953,-0.7952106180417073,-0.7934252515167934,-0.7930263543205237,-0.7964302577424807,-0.8054785587905029,-0.8021837386389052,-0.7971115685075719,-0.7899504652741915,-0.783421602861726,-0.7651163060435332,-0.7656277678954427,-0.7425775213152853,-0.701440865065625,-0.7003498128645099,-0.7480005010401919,-0.7094591341349257,-0.7151718079367457,-0.7167624612329551,-0.7204734167738968,1
-0.806934170543889,-0.808031099377016,-0.8021889828449268,-0.8032357538061095,-0.8039464245394864,-0.8054049914561411,-0.8055761025430904,-0.8064072222014383,-0.8082699896221172,-0.8081220208007218,-0.809105721968265,-0.8079048369782291,-0.8088304139384149,-0.8078061652329294,-0.8050076092315623,-0.80256021645552,-0.8017925227949461,-0.7969349873711865,-0.7914772691894818,-0.7906267275150528,-0.7944619438557369,-0.7926999608323629,-0.7922803639508869,-0.7956862097155699,-0.8047077292991812,-0.8014125483024435,-0.7963417668917683,-0.7891967168878418,-0.7826622577959771,-0.7643631318319841,-0.7648942009531802,-0.7418927157079015,-0.7007610892177756,-0.6996625209424574,-0.7473039218949947,-0.7087807577094201,-0.7144649435181671,-0.7160619845071091,-0.7197676618815193,-0.7155004311648363,1
-0.8074113934314673,-0.8015686182941393,-0.8025929893477486,-0.8033092284308313,-0.8047548522996618,-0.804927160170808,-0.805759931483591,-0.8076208076564603,-0.8073871527930164,-0.8083795870315911,-0.8071918397607368,-0.8080889149035874,-0.8070627670610812,-0.8042330344162432,-0.801765067519431,-0.8010121853514384,-0.7961516231941492,-0.7907392472470277,-0.7898910041986389,-0.7937263580829035,-0.7919520067195127,-0.7915553965163383,-0.7949394576523474,-0.803961315389047,-0.800642899516873,-0.7955722786923219,-0.7884292228798234,-0.781910615163137,-0.7636093296168882,-0.7641410913928027,-0.7411659738004747,-0.7000879202012961,-0.6989832426804148,-0.7466033960269026,-0.7080952025940846,-0.7137851673026661,-0.7153548651862988,-0.7190663304320856,-0.7147960953764871,-0.6805039727368959,0
-0.8009505297227165,-0.8019725233618191,-0.8026664450755343,-0.8041174493027726,-0.8042771449868309,-0.8051109414343978,-0.8069732024908948,-0.8067382000528079,-0.8076446468681708,-0.8064662378879911,-0.8073758668960761,-0.8063217668201486,-0.8034906473298027,-0.8009914312011053,-0.8002174907931865,-0.795372929186569,-0.7899576942207251,-0.7891534328104871,-0.7929897544133087,-0.7912171333375005,-0.7908077706721165,-0.7942137394438794,-0.8032121936124463,-0.7998976474243931,-0.7948043258295574,-0.7876620401064609,-0.7811452454482667,-0.7628631918726648,-0.7633873537546075,-0.7404197711402501,-0.6993731992990635,-0.6983105683994209,-0.7459109835728371,-0.7074057276454163,-0.713098205529456,-0.7146748401192431,-0.7183583508162436,-0.7140961779142233,-0.6798096236283877,-0.687406773656935,0
-0.8013543337045135,-0.8020459606468517,-0.8034744580811778,-0.8036398642420801,-0.804460878568689,-0.8063238977740893,-0.8060908235764921,-0.8069956272705399,-0.8057318337384525,-0.8066502137671835,-0.8056092063968193,-0.8027506550681994,-0.8002499613880243,-0.7994443023938803,-0.7945798898618672,-0.7891808047702419,-0.7883723433525274,-0.7922513028725665,-0.7904812423347665,-0.7900732220565082,-0.7934653511692948,-0.8024841396628964,-0.7991496893463264,-0.7940607425297083,-0.7868963842530666,-0.7803801849596637,-0.7621033755129788,-0.7626412801450089,-0.7396729324676251,-0.6986391618342723,-0.69759635857624,-0.7452252503364175,-0.7067242828118403,-0.7124073204918253,-0.713987628273522,-0.7176774858751906,-0.7133896215025077,-0.6791196568370287,-0.686710454747313,-0.6901159374588858,0
-0.8014277526102946,-0.8028537707822113,-0.8029969958505703,-0.803823550803885,-0.8056735202089522,-0.8054417477088591,-0.8063481840931929,-0.8050833107959599,-0.8059157580778484,-0.8048840453269375,-0.8020390799712379,-0.7995108835818951,-0.7987032703703574,-0.7938083331675609,-0.7883895829568891,-0.7875959157827296,-0.7914693078392394,-0.7897435032985022,-0.7893376559460193,-0.7927300482575229,-0.801733379382739,-0.7984227824124863,-0.7933144559458993,-0.7861550612166543,-0.7796166436429327,-0.7613438631292038,-0.7618815284846064,-0.7389337105737611,-0.6979044743818169,-0.6968628383208206,-0.7444975501557688,-0.7060494543700857,-0.7117244761981679,-0.7132964925534091,-0.7169894300347448,-0.7127101459826354,-0.6784231159588296,-0.6860185252573449,-0.6894188454552782,-0.693270443255678,1
-0.8022353605738886,-0.8023764284294989,-0.8031806351700348,-0.8050358821117969,-0.8047915990160336,-0.8056990414778846,-0.804436363111987,-0.8052671873800541,-0.8041500844196469,-0.801314913270607,-0.7988002023892671,-0.7979646290088863,-0.7930688959488562,-0.7876198179386612,-0.786805159165734,-0.7906919779908932,-0.7889622413499963,-0.7886002417279728,-0.7919937275585934,-0.8009957297717913,-0.7976731869564941,-0.7925891965437154,-0.7854110385554476,-0.7788774013163196,-0.7605858496621255,-0.7611220807389459,-0.7381808709535005,-0.6971773204864933,-0.6961286674835716,-0.743750377727972,-0.705333019223534,-0.7110482563128595,-0.7126133994668483,-0.7162974482612544,-0.7120234863803763,-0.6777534182312953,-0.685320008886851,-0.6887261456588668,-0.692572451074142,-0.6891881416362999,1
-0.8017581376863103,-0.8025600216420806,-0.8043926546785,-0.8041541866151337,-0.8050488260306348,-0.8037877163365522,-0.8046201920524876,-0.8035019721727493,-0.8005819522353644,-0.7980769377968226,-0.7972543744524174,-0.7923318444929254,-0.7868821318781883,-0.7860358527312643,-0.789900312618223,-0.7881856419176179,-0.7878193139799002,-0.791255558924041,-0.8002570614643794,-0.7969366897424631,-0.7918412741987969,-0.7846880106201902,-0.7781354627333962,-0.7598520467545306,-0.7603641316739996,-0.7374283287130727,-0.6964366551147819,-0.6954020266652455,-0.7430025704018348,-0.7045972469523081,-0.7103303837564751,-0.7119369322137972,-0.7156135154986448,-0.7113329042507448,-0.6770765843947825,-0.6846483825597676,-0.6880268539607518,-0.6918788543455706,-0.6884913143909065,-0.680429749071089,0
-0.8019416849507636,-0.8037717368451199,-0.8035111859450708,-0.8044113478016605,-0.803137996779311,-0.803971497600142,-0.802855434223682,-0.7999347664413212,-0.7973448838619949,-0.7965315404116075,-0.7916231441110365,-0.7861468262008897,-0.7852986148839102,-0.7891301103457141,-0.7873947122043033,-0.7870430475312719,-0.7904738549685105,-0.7995165457562526,-0.7961991742785023,-0.7911064322457916,-0.7839423543877387,-0.7774144889990012,-0.7591155563965614,-0.7596303921382768,-0.7366772599425485,-0.6956962756128996,-0.6946618788878036,-0.742262386488601,-0.7038608266863475,-0.7095931568338909,-0.7112188041178868,-0.7149362133794616,-0.7106503605818456,-0.6763958519976809,-0.6839696106612941,-0.6873544707101894,-0.6911786598687185,-0.6877988783980716,-0.6797354211432379,-0.6838440376982051,0
-0.8031530968961542,-0.8028904894247277,-0.803768280992321,-0.8025010075588901,-0.803321730361169,-0.8022071974696813,-0.799289152777971,-0.7966985385612626,-0.7957999194110685,-0.7909018785083233,-0.7854398323636377,-0.7845637560428093,-0.7883919969192442,-0.7866252351340166,-0.7862524531920753,-0.7896968151382692,-0.7987324269330759,-0.7954598111511487,-0.7903705726842427,-0.7832097543705532,-0.7766709188607366,-0.7583999527811719,-0.7588939652547729,-0.7359502906351569,-0.6949573251768568,-0.6939220164908374,-0.7415085763790848,-0.7031319518452622,-0.708855283587662,-0.7104813185906168,-0.7142172228376515,-0.7099744395992267,-0.6757230838166094,-0.6832869354749556,-0.6866749381744949,-0.6905053952688998,-0.6870998522231145,-0.679045475456165,-0.6831487354601257,-0.6918973054382508,0
-0.8022720700267792,-0.8031475199223421,-0.8018584320698908,-0.8026846941206949,-0.8015578879753316,-0.7986418409560422,-0.7960537634251609,-0.7951539752548711,-0.790171834625551,-0.7847202889674623,-0.7838571989997202,-0.787656265188827,-0.7858878305096881,-0.7854833067286839,-0.7889054418656373,-0.7979529810267053,-0.7946768782004768,-0.7896328650819995,-0.7824761376135364,-0.7759403826816653,-0.7576618361378628,-0.7581784242038768,-0.7352206449403824,-0.6942422803433906,-0.6931835812718496,-0.7407550645669395,-0.702389550376105,-0.7081249657175219,-0.7097431870367846,-0.7134788645195664,-0.7092568758197693,-0.6750568823248876,-0.6826122391488829,-0.6859915004956062,-0.6898249770597287,-0.6864277281929216,-0.6783489558198187,-0.6824578189758913,-0.6911997050988719,-0.689447924466624,0
-0.8025290361970137,-0.8012381505114922,-0.8020420713893552,-0.8009213031273683,-0.7979934564872851,-0.7954072907168644,-0.7945096003249561,-0.7895273517815875,-0.7839919768218454,-0.7831380964064086,-0.7869488548734195,-0.7851528054039555,-0.7847462252347435,-0.7881355275410696,-0.7971591844056081,-0.7938986138493482,-0.788851635475471,-0.7817406723047972,-0.7752088305624657,-0.7569366952716287,-0.7574403710964311,-0.7345117878628505,-0.6935245784272047,-0.6924690434133598,-0.7400030297644371,-0.7016474364181501,-0.7073811085144813,-0.7090126126281459,-0.7127398611775734,-0.7085199613778472,-0.6743493591192993,-0.6819441205571538,-0.6853160474244526,-0.6891406515470488,-0.6857484561494261,-0.677679278829914,-0.6817603222143238,-0.6905064987995937,-0.6887510230889305,-0.6966847318827941,0
-0.8006201446467008,-0.8014217437240739,-0.8002791339224966,-0.7973577838283544,-0.7947597454465832,-0.7938635281027115,-0.7888844347456386,-0.7833490985560211,-0.7824102275030398,-0.7862288911768391,-0.7844460858328057,-0.7840115222667347,-0.7873976955507439,-0.7963868811796024,-0.7931060072654438,-0.7880750682673263,-0.7809617497593236,-0.774475429421111,-0.7562105405558596,-0.7567152930882107,-0.733780522503495,-0.692827493901823,-0.6917518492928978,-0.7392751098789647,-0.7009067578582353,-0.7066375401989503,-0.7082684966279705,-0.7120084209515016,-0.7077824002533056,-0.6736226056864947,-0.6812346169202402,-0.6846471764225055,-0.6884643173343625,-0.6850652795981231,-0.677002465832777,-0.6810896912934593,-0.6898066972970155,-0.6880585132310942,-0.6959857653910296,-0.7129768265274027,1
-0.8008036919111541,-0.7996592488832893,-0.7967165311248865,-0.7941249003405891,-0.7932163833589756,-0.7882398214368684,-0.7827077823448194,-0.7817677599328107,-0.7855001564048926,-0.7837268192198239,-0.7833051175937024,-0.7866622443918927,-0.7956467143116345,-0.7923348771606801,-0.7872841710095716,-0.7801874812131955,-0.7736986306654872,-0.7554825355881243,-0.7559892012548117,-0.7330621598263981,-0.6921081838741271,-0.6910552652834621,-0.738544512067208,-0.7001900125462023,-0.7058954125910684,-0.7075246697599814,-0.7112634315109964,-0.7070523923671846,-0.6728951938981974,-0.6805058593011198,-0.6839368955195343,-0.6877945702383262,-0.6843900856862438,-0.6763217543258824,-0.6804119196850301,-0.6891338163433435,-0.6873594127096531,-0.6952911978652968,-0.7122732108813963,-0.7119376952061064,0
-0.7990416381724038,-0.7960975405592039,-0.7934844791023125,-0.7925819332214284,-0.7875941357541189,-0.7820647709802564,-0.7811268534565146,-0.7848568865455938,-0.7829987853891069,-0.7825861687688318,-0.7859551083425876,-0.7949089354479401,-0.7915958568844115,-0.7865147259335007,-0.7793988991187067,-0.7729264781773834,-0.7547112888719552,-0.7552612591551185,-0.7323427859262011,-0.6914016489799294,-0.6903364635426747,-0.7378347165222771,-0.6994706073985258,-0.7051772414119138,-0.7067822845435718,-0.7105187320284615,-0.7063088478773486,-0.6721752658372523,-0.6797764456288974,-0.6832073513111608,-0.6870833842995343,-0.6837214723590289,-0.6756490068775527,-0.6797302472286202,-0.688453783662627,-0.6866872160977566,-0.6945900262632237,-0.7115740109648605,-0.7112343760892998,-0.7094883142344797,0
-0.7954808212420127,-0.7928663000177656,-0.7919419088188112,-0.7869611244302003,-0.781420687403688,-0.7804842521133855,-0.7842151796569241,-0.7823561650019122,-0.7818584544848517,-0.7852354214292007,-0.7941995240057859,-0.7908592210900597,-0.7857773525798547,-0.7786317362966878,-0.7721400273313217,-0.7539446682106664,-0.7544900771229043,-0.7316215602290128,-0.6906941074456995,-0.6896304315125861,-0.7371024981249682,-0.6987718440592413,-0.7044564080887642,-0.7060638598769293,-0.7097754773832716,-0.705565591979371,-0.671441889918171,-0.6790545293945879,-0.6824771519533118,-0.686352924199565,-0.6830114576430637,-0.6749828259998094,-0.6790565460741611,-0.6877698446187739,-0.6860078711164455,-0.6939158077324452,-0.7108681767761343,-0.7105354716327698,-0.7087856940793588,-0.7171333518125875,0
-0.7922503893876374,-0.7913241170320792,-0.7863225456431995,-0.7807892559535575,-0.7798405785997087,-0.7835717773416915,-0.7817151060661163,-0.781216130180528,-0.7845069649721542,-0.7934775408170154,-0.7901509270283225,-0.7850423586487405,-0.7778965935850755,-0.7713749654627995,-0.753163788902371,-0.7537235209100832,-0.7308572885993043,-0.6899847114184459,-0.6889233930373169,-0.7363831925776667,-0.69805082915254,-0.703756237048381,-0.7053427726559176,-0.7090561971963564,-0.7048237756484597,-0.6707087929771892,-0.6783191477977119,-0.6817544554144023,-0.6856218100022878,-0.6822821828145714,-0.6742753240891816,-0.6783894169534034,-0.6870938939618136,-0.6853246214494184,-0.6932344309119818,-0.7101894063356671,-0.7098299348299807,-0.7080874860642706,-0.7164285500497812,-0.7211414297661587,1
-0.790708592366231,-0.7857061647270784,-0.7801522645091944,-0.7792095515220357,-0.7829273027749241,-0.7810723521568723,-0.7805753666350128,-0.7838639529914849,-0.7927467753770949,-0.789430071474785,-0.7843356695516023,-0.7771638234434096,-0.7706418761926851,-0.7524042193742081,-0.7529427065129075,-0.730097617631121,-0.6892326111529012,-0.6882144999544005,-0.7356628754419187,-0.6973426075683098,-0.7030337925847496,-0.7046423513575615,-0.7083342530700605,-0.7041059107666869,-0.6699770985146711,-0.6775840470751805,-0.681018286642908,-0.6848982048895288,-0.6815522525271425,-0.6735485922067674,-0.6776809354745932,-0.6864245282243808,-0.6846493549729424,-0.6925491444497869,-0.7095034552721892,-0.7091514547163272,-0.7073826502426181,-0.7157281682932228,-0.720435484247867,-0.7131623856919198,0
-0.7850920460739648,-0.7795374327843324,-0.7785729663618002,-0.7822954857603572,-0.7804285260616545,-0.7799329083226165,-0.7832225033782211,-0.7921016239589067,-0.788700439910383,-0.7836164336923085,-0.7764593081590824,-0.7699111531842965,-0.7516764982379591,-0.7521832009731759,-0.7293237379052234,-0.6884850672380658,-0.6874629171604945,-0.734940706724098,-0.6966333786904831,-0.7023241566952125,-0.7039196527504759,-0.7076329871510453,-0.703385384236787,-0.6692691935787901,-0.6768503561465743,-0.6802823994899836,-0.6841611195448488,-0.6808298232158357,-0.6728212019441038,-0.6769532122742165,-0.6857137362423579,-0.6839806694968024,-0.691871856530971,-0.7088135834095907,-0.7084657954041123,-0.7067048544707403,-0.7150211445607494,-0.7197339628598581,-0.7124587170942706,-0.7170220163138772,1
-0.778924857988339,-0.7779585311561296,-0.7816581069288028,-0.7797973485198113,-0.7792893778541345,-0.7825793585183075,-0.7914580399126466,-0.7880563391088335,-0.7828884307854694,-0.7757422660628785,-0.769208639026716,-0.7509511268724017,-0.7514555423782924,-0.7285710684629098,-0.6877234016211744,-0.6867158888334008,-0.7341754648350672,-0.695922295704098,-0.7016135129640595,-0.7032097654288841,-0.7069094308098016,-0.7026855155914548,-0.6685586431190486,-0.6761404866826595,-0.6795479250021061,-0.6834243166853021,-0.68009392402469,-0.672101295261367,-0.676224831832407,-0.6849836748246126,-0.6832705802484754,-0.6912011611919202,-0.7081317446539177,-0.7077762160044097,-0.7060198828579306,-0.7143412128130266,-0.7190257920673425,-0.7117594644170194,-0.7163172463220566,-0.7163911151545188,1
-0.7773463515140419,-0.7810428971275025,-0.7791606121840864,-0.7786584918366213,-0.7819351414328906,-0.7908127591271235,-0.7874138032216341,-0.7822458390514556,-0.7750164690593206,-0.7684936164227022,-0.7502538440867734,-0.7507302333619719,-0.7278500913705654,-0.6869827726686969,-0.6859547425054663,-0.7334148271398677,-0.6951684597524326,-0.7009010154467257,-0.7024988701682509,-0.7061986949050258,-0.7019633782178305,-0.6678686075265753,-0.675427968514488,-0.6788372845137479,-0.6826889298338898,-0.6793583061972428,-0.6713679409087135,-0.675503941752092,-0.6842529588515571,-0.6825412299936164,-0.690488995684946,-0.7074565245465703,-0.7070946675071239,-0.7053309928350541,-0.7136540947444973,-0.7183447404876234,-0.7110535771236618,-0.7156168962219275,-0.715686525198284,-0.7165024506532292,1
-0.7804299455568547,-0.7785460294363911,-0.7780220484034069,-0.7813035783266111,-0.7901664059001318,-0.7867695713281513,-0.781604808701816,-0.7743759212522224,-0.7677698500871183,-0.7495441008658962,-0.7500330115243663,-0.7271314433310505,-0.6862735637766129,-0.6852146254604399,-0.7326399737471759,-0.6944191864703793,-0.700145724106077,-0.7017861211787483,-0.7054869507323966,-0.701254046142026,-0.6671564558728403,-0.6747359934227233,-0.6781239940729131,-0.6819773915773443,-0.6786241000515816,-0.6706348655137699,-0.6747695953437552,-0.6835297492356502,-0.6818112243664699,-0.689757544267014,-0.7067396847957693,-0.7064197359954763,-0.7046501285182526,-0.7129630530303152,-0.7176564970927943,-0.7103747548391206,-0.7149099043522329,-0.7149863544845868,-0.7157978289260086,-0.7058142427770395,1
-0.777933702760292,-0.7774077515183844,-0.7806664546036948,-0.789532736295468,-0.7861242670992544,-0.7809620833987186,-0.7737369300483916,-0.7671311838389095,-0.7488256431293304,-0.7493233298108654,-0.7264407327738747,-0.6855666477851688,-0.6845059168992791,-0.7318863444783918,-0.6936557790717783,-0.6993950007334991,-0.7010305711022803,-0.7047733530243249,-0.7005437063423282,-0.6664570029815123,-0.674021872157218,-0.6774312577798135,-0.681263201914915,-0.6779137236126902,-0.6699031925186293,-0.674035528831056,-0.6827930628698863,-0.6810887202314344,-0.689025439890591,-0.7060035030671241,-0.7057031943741222,-0.7039758772678981,-0.7122800532410931,-0.7169643273074423,-0.709688751677203,-0.7142300037109545,-0.7142795431706396,-0.7150976265558822,-0.705112671064447,-0.691229292445989,0
-0.7767957097206826,-0.7800514937795613,-0.7888934961157016,-0.7854916319357615,-0.7803182859125396,-0.7730962453170818,-0.7664940697926691,-0.7481918956772032,-0.7486049339220552,-0.7257376220984136,-0.6848874056142724,-0.68379949970173,-0.7311644292655661,-0.6929134330963924,-0.6986301328347071,-0.7002795899358316,-0.7040169297144669,-0.6998315126871982,-0.6657565461943097,-0.6733204706674673,-0.676716363494635,-0.6805695792914942,-0.6772006976487949,-0.6691953087067054,-0.6733028683365597,-0.6820566586120459,-0.6803527455577911,-0.6883008513802539,-0.705266673814125,-0.7049673143509438,-0.70326003838024,-0.7116036787509455,-0.7162802079501552,-0.7089988275890873,-0.713542916901489,-0.7135998187992124,-0.7143907833791561,-0.7044155077115216,-0.6905318827325242,-0.7010639281653996,1
-0.7794387903288077,-0.7882764697032225,-0.784853431087484,-0.7796871365827285,-0.7724544886090146,-0.7658552635316499,-0.7475596889211102,-0.7479712437762901,-0.7250258336114881,-0.6841958685767943,-0.6831207451150157,-0.7304448459874981,-0.6922025460110028,-0.6978863471196155,-0.6995144623925612,-0.7032650784937037,-0.6990765339856644,-0.665054233299807,-0.6726180645267927,-0.6760141972323851,-0.6798537849149153,-0.676508222041084,-0.6684847794051192,-0.6725940128225978,-0.6813216689071135,-0.6796170523192103,-0.6875627739798904,-0.7045373927870834,-0.7042307864568152,-0.702524869519948,-0.7108856464823574,-0.7156027203051647,-0.7083169370015595,-0.7128519065226171,-0.7129129091244423,-0.7137110279012846,-0.7037117233615746,-0.6898388663718211,-0.700363712014864,-0.6953858177311738,0
-0.7876617077763087,-0.7842374190264245,-0.7790504285924077,-0.7718253517374811,-0.765215385483807,-0.7469257933819166,-0.7473390941925095,-0.724398265695409,-0.6834957177758716,-0.6824297001365482,-0.7297532212099812,-0.6914939569817028,-0.6971740528535038,-0.698770420723744,-0.7024990746503185,-0.6983261221140141,-0.6643094207598379,-0.6719138027229828,-0.6753110260228747,-0.6791507281641388,-0.6757935924886703,-0.6677947646674769,-0.6718825102458741,-0.6806105214437788,-0.6788827710377285,-0.6868249800025882,-0.7037945815557961,-0.7035018047246889,-0.7017890519717283,-0.7101482579318446,-0.7148835381087104,-0.7076416653592655,-0.7121689378325081,-0.7122220763123286,-0.7130240869674506,-0.7030349541023599,-0.6891392560459166,-0.6996678993362502,-0.6946872219009094,-0.6967960673815045,1
-0.7836236679583395,-0.7784358735088421,-0.7711906657193299,-0.7645881012023702,-0.7462908265524265,-0.746705255865609,-0.7237722240203364,-0.6828789330069306,-0.68173004411767,-0.729049187923875,-0.6908130793721962,-0.6964640609663743,-0.6980578762921706,-0.7017541691376777,-0.6975615679523002,-0.6635691380390354,-0.6711669849804145,-0.6746059993245518,-0.6784466661210524,-0.6750916881348105,-0.6670826341923631,-0.6711915361860016,-0.6798967232072202,-0.6781723206649863,-0.6860886056518205,-0.7030520582231161,-0.702759295423392,-0.701060775720473,-0.7094102232433637,-0.7141449858371108,-0.7069247723710634,-0.7114925942633283,-0.7115392838505261,-0.7123332228200266,-0.7023510140386584,-0.6884665617309107,-0.6989654744648718,-0.6939930237001836,-0.6960970691187542,-0.6983547643634488,1
-0.7778235744016201,-0.7705780840103443,-0.7639552765324311,-0.7456683853364713,-0.7460703462541969,-0.7231444978734167,-0.6822636492553075,-0.6811137177996258,-0.7283364717206161,-0.690119891886786,-0.695781812026356,-0.6973476350080936,-0.7010407803976713,-0.6968180915146267,-0.6628147857416199,-0.6704247043571118,-0.6738583945938665,-0.6777407487921321,-0.6743887789351753,-0.6663832022537064,-0.6704784314943134,-0.6792034863981744,-0.677459220647548,-0.6853760956932365,-0.7023109717830327,-0.7020170737352465,-0.700318978111297,-0.7086797450366619,-0.7134057887644153,-0.7061885367664419,-0.710774593937181,-0.7108631155001642,-0.7116503992591112,-0.701663158081021,-0.6877867166045775,-0.698290032413949,-0.6932922238305316,-0.6954024699365923,-0.6976553213068988,-0.6894108126337205,0
-0.7699677514830254,-0.7633445114346243,-0.7450404266275941,-0.7454479614623054,-0.7225157010599933,-0.6816466885548752,-0.6804988914265021,-0.7277080442091053,-0.6894180815044227,-0.6950872406249778,-0.6966651422759843,-0.7003296973988965,-0.6961060995317814,-0.6620813661524099,-0.6696683398149884,-0.6731153298475396,-0.6769922277054203,-0.6736840141870282,-0.6656827664272937,-0.6697780357327808,-0.6784880838260874,-0.6767666720479283,-0.68466093275567,-0.70159382511581,-0.7012762878384452,-0.6995774674424108,-0.7079357260854121,-0.7126741561344696,-0.7054516536993588,-0.7100372377122538,-0.710145296181181,-0.7109741999877814,-0.7009833200349458,-0.687102965572586,-0.6976074260703063,-0.6926183682082703,-0.6947012664717402,-0.6969602789347282,-0.6887139218463557,-0.6983176525305453,1
-0.7627359892635716,-0.7444344105387068,-0.7448200594442368,-0.7218993442389244,-0.6810286582764429,-0.6798823884244147,-0.7270811449493467,-0.6887997590147649,-0.6943840386681147,-0.6959703248451009,-0.6996463818684802,-0.6953964089992967,-0.6613792035874968,-0.668932936584406,-0.6723581755534609,-0.6762482499391337,-0.6729366789728214,-0.6649804744888052,-0.6690766357100273,-0.6777854146997284,-0.6760519683703404,-0.683966350810019,-0.7008740179631855,-0.7005594369066254,-0.6988373899690602,-0.7071919961745947,-0.7119289725961133,-0.7047223192267968,-0.7092992353122233,-0.7094081231345731,-0.7102563487263575,-0.7003100891765305,-0.6864272015103032,-0.6969209070859073,-0.6919373560768856,-0.6940270168345173,-0.6962586293909708,-0.6880214225406625,-0.6976182200643238,-0.693270443255678,0
-0.7438306210248975,-0.7442140986836088,-0.721277498688896,-0.6804229185833907,-0.6792648158906054,-0.7264525606180303,-0.6881829411394258,-0.6937644267853093,-0.6952668754972154,-0.698950734088016,-0.6947144546413883,-0.6606793122767401,-0.6682288352371648,-0.6716219937969636,-0.6754901760708606,-0.6721938827617766,-0.6642356835101543,-0.6683733797948921,-0.6770817404312575,-0.6753499906821313,-0.6832495822168655,-0.7001748583821104,-0.6998399259681731,-0.6981212361278331,-0.706449707561383,-0.7111840791992349,-0.7039794540794396,-0.7085687891728338,-0.7086703037024282,-0.7095191433541638,-0.6995953043894165,-0.6857580212986776,-0.6962423959353167,-0.6912524351933105,-0.6933456087549901,-0.6955839442635271,-0.6873223326401475,-0.6969231882442963,-0.692572451074142,-0.6986516590266763,1
-0.7436103643075537,-0.7206774488306317,-0.6798117403538263,-0.6786595275900642,-0.7258229055334384,-0.6875644452424617,-0.6931463225329413,-0.6946470343889616,-0.6982464497954307,-0.6940201805256626,-0.660006936916406,-0.6675270111000651,-0.6709171315297764,-0.6747530878115855,-0.6714369989306963,-0.6634954222721744,-0.6676275969956008,-0.6763762107885972,-0.6746470081197312,-0.6825455616432132,-0.6994534410816066,-0.6991410583547332,-0.697402423408501,-0.7057313779525486,-0.7104406313476493,-0.7032368768816643,-0.7078248025712259,-0.7079400392778086,-0.7087812916335685,-0.6988612022734538,-0.685047420971299,-0.69557048437153,-0.6905755100974788,-0.6926602909574848,-0.6949020985571055,-0.6866501463970659,-0.6962215493214654,-0.6918788543455706,-0.6979521312474976,-0.6974269685408628,1
-0.7200796050046604,-0.6792221014296784,-0.6780488028869677,-0.7252057023514117,-0.6869448796122725,-0.6925265393593821,-0.694028701447344,-0.6976258350512883,-0.6933172774996179,-0.6593223297099965,-0.6668527463510261,-0.6702145488102949,-0.6740473395417216,-0.670701083792663,-0.6627410916117986,-0.666886347547782,-0.6756280885862735,-0.6739421700255348,-0.681840535403786,-0.6987448213966232,-0.6984199375549259,-0.6967042440044872,-0.705010385943235,-0.709721161045118,-0.7024957367731377,-0.7070811049794659,-0.7071962359908378,-0.7080509951416366,-0.6981264502440975,-0.6843175535070682,-0.6948570624618872,-0.689905175503053,-0.6919829719395562,-0.6942163420652564,-0.6859708118354426,-0.6955468745628364,-0.6911786598687185,-0.6972570044581826,-0.6967277902425271,-0.6976496395382834,1
-0.67863463269114,-0.6774596065888939,-0.7245830064392559,-0.6863376258735066,-0.6919056863224401,-0.6934086894246124,-0.6970067302834533,-0.6926979425975627,-0.6586291470895325,-0.6661662324159496,-0.6695395425269791,-0.6733438735413844,-0.6699964821144985,-0.6620076933520659,-0.6661310215835723,-0.6748845082522046,-0.6731947593467141,-0.6811336540982191,-0.698035194263786,-0.6977116112073396,-0.6959838220991791,-0.7043100584916188,-0.7089990264954257,-0.7017785372960216,-0.7063388485673201,-0.7064527215404022,-0.707307159505024,-0.6973992322141493,-0.6835870312647151,-0.694124339570916,-0.6891933826578872,-0.6913122456795374,-0.6935385876597469,-0.685287572613519,-0.6948650392761028,-0.6905053952688998,-0.6965552699470148,-0.696033011673933,-0.6969503976979762,-0.6919344172711542,1
-0.6768725789523897,-0.7239821266571028,-0.6857249264405811,-0.6912971630422374,-0.6927876075153588,-0.6963859458947647,-0.692080114678038,-0.6580188188373899,-0.6654711325150637,-0.6688522802521571,-0.6726680038277463,-0.6692941591835038,-0.6613055516342745,-0.6653966421678918,-0.674126834669169,-0.6724518879457902,-0.680384141190867,-0.6973237131131339,-0.6970022775255629,-0.6952761871897427,-0.7035874551883285,-0.7082975728829306,-0.7010586772480092,-0.7056205506444216,-0.7057106476009634,-0.706563612735531,-0.6966585021431543,-0.6828640140526823,-0.6933909651821104,-0.6884623083717888,-0.6906000482301224,-0.6928674285061783,-0.6846123165034139,-0.6941792932293571,-0.6898249770597287,-0.6958805018690528,-0.6953316276533336,-0.6962555558165238,-0.6912368063414467,-0.6924539829318023,1
-0.723383455764817,-0.68513380287481,-0.6906831880661208,-0.6921788585389006,-0.6957640915414595,-0.6914606080305622,-0.6574099764996302,-0.6648590277656954,-0.6681564278702452,-0.6719798701984261,-0.6686194068502829,-0.6606056811065968,-0.6646935414824974,-0.6733901410052208,-0.6716949283850704,-0.6796391752147414,-0.6965694674964213,-0.6962910897591076,-0.6945675452140366,-0.7028776621537574,-0.7075738259340962,-0.7003594655298563,-0.7048995903723408,-0.7049925292317024,-0.7058215065950263,-0.6959180580031574,-0.6821275217847694,-0.6926651153574883,-0.6877305806939539,-0.6898685644866047,-0.6921547838625931,-0.6839436413342633,-0.6935015491902186,-0.6891406515470488,-0.6951985728051275,-0.6946572017462593,-0.6955541080703666,-0.6905435894900255,-0.6917562237374948,-0.6819513342201299,1
-0.6845448546065313,-0.6900908196145166,-0.6915646567995501,-0.6951545808401391,-0.6908400315476634,-0.6567994617175553,-0.6642484130862515,-0.6675436258934713,-0.6712831416399772,-0.6679324008561957,-0.6599333260622704,-0.6639927149331877,-0.6726847784071102,-0.6709589385938672,-0.6788801060426343,-0.695819786040739,-0.6955371460008507,-0.6938570489960451,-0.702166861216679,-0.7068629014552796,-0.6996379952827995,-0.7041992942029712,-0.7042717488039405,-0.7051033565398294,-0.6951790431649828,-0.6813913114412725,-0.6919257655378788,-0.6870063663022606,-0.6891364278217313,-0.691422847560875,-0.6832335627334166,-0.6928304003436392,-0.6884643173343625,-0.6945127327524511,-0.6939756165320368,-0.6948796199504036,-0.6898437773665209,-0.6910628591560707,-0.6812565720888075,-0.6468806521263825,1
-0.6895006307467662,-0.6909720670349088,-0.694539613774874,-0.6902317809837692,-0.656187878009233,-0.6636361247230902,-0.6669323156175598,-0.6706695278230733,-0.6672368061732652,-0.6592487393583195,-0.6633194253525125,-0.6719816968937337,-0.6702542639507763,-0.6781420366274116,-0.6950559675383806,-0.6947877653046843,-0.6931038167612912,-0.7014542065292397,-0.7061509686355402,-0.6989293232161381,-0.7034767226676127,-0.7035716299006352,-0.7043825443748346,-0.6944639349596445,-0.6806565149427357,-0.6911867003443247,-0.6862686663143854,-0.6884118072440819,-0.6906902588576959,-0.6825042232537529,-0.6921177663475342,-0.6877945702383262,-0.6938348954159738,-0.6932901211677733,-0.6941979722180532,-0.6891708860440342,-0.6903628983395979,-0.6805661937638692,-0.6461958978555583,-0.6172282976365369,1
-0.6903816576161413,-0.6939462770787327,-0.6896180800132271,-0.6555884954273756,-0.6630227672543528,-0.6663193311714989,-0.6700574076060695,-0.666624242973,-0.6585555773537741,-0.6626338955354577,-0.671306203026236,-0.6695518682790053,-0.6774353293899443,-0.6943132163029292,-0.6940242497208842,-0.6923551449982702,-0.700698753478704,-0.7054371823233418,-0.6982196436813259,-0.7027669610620484,-0.7028492383835567,-0.7036823941892827,-0.693746169568993,-0.6799455575950172,-0.6904490594182967,-0.6855312493927511,-0.6876736974940766,-0.6899651893376737,-0.6817742283894231,-0.6913858408210113,-0.6870833842995343,-0.6931636538064908,-0.692612625921538,-0.6935124141831692,-0.6884908429436297,-0.6896898618537042,-0.6798692386695439,-0.6455154913058109,-0.6165520050382397,-0.6238342038933485,1
-0.6933551233002823,-0.6890259789815425,-0.6549837043622345,-0.6624216355265159,-0.6657052775494805,-0.6694436126525228,-0.666013170915057,-0.6579452682037522,-0.6619397851986605,-0.6706184486924032,-0.6688770448397579,-0.6767309073679751,-0.6936019331222254,-0.6932817970981127,-0.6915923434367858,-0.699947868984957,-0.7046805649616195,-0.6975081101406386,-0.7020561915661552,-0.7021396548756976,-0.7029599709042725,-0.693049022479118,-0.679231949781855,-0.689735303146229,-0.684795250721086,-0.6869358711977172,-0.6892266266926826,-0.6810517349434917,-0.6906532628806491,-0.686352924199565,-0.6924509239830636,-0.6919417244427016,-0.6928348567387081,-0.6878068934546732,-0.6890096728776682,-0.679199136558233,-0.6448285729868546,-0.6158800296507964,-0.623156026216566,-0.5843472136840921,0
-0.6884360566129379,-0.6544002990886293,-0.6618150870463115,-0.6651034593288666,-0.6688287484410675,-0.6654004248535507,-0.65733644492343,-0.6613285973510861,-0.6699221015284469,-0.6681899670870648,-0.6760541031179885,-0.6928929492144252,-0.692570805777114,-0.6908505946867591,-0.6991828388083658,-0.703928520395453,-0.6967538106206304,-0.7013435683127369,-0.7014290635465197,-0.7022503559674066,-0.6923296489155587,-0.6785389006662891,-0.6890188918775079,-0.6840831104317557,-0.6861994646458834,-0.6884883479295215,-0.6803157710530624,-0.6899282040497311,-0.6856218100022878,-0.6917189014797835,-0.6912293459861225,-0.6921638934179359,-0.6871309324313419,-0.6883255771572638,-0.6785218963538898,-0.6441682694055115,-0.6152015974519673,-0.6224821725476581,-0.5836803041169075,-0.594441632233827,1
-0.6538190425370747,-0.6612299665966695,-0.6644962211104922,-0.668226130879549,-0.6647866096401901,-0.6567259492121196,-0.6607188974286405,-0.6693088411007759,-0.6674943002484197,-0.6753650263755643,-0.6922116856007745,-0.6918621128324193,-0.6901402913207803,-0.6984388931221956,-0.703162321818709,-0.6960040754578916,-0.7005881476041785,-0.700716618419221,-0.7015397331970435,-0.6916230511633473,-0.6778236887017928,-0.6883230794968226,-0.6833683177619045,-0.6854869230013635,-0.6877514905627647,-0.6795800885875005,-0.6891896521879539,-0.6848982048895288,-0.6909862266740701,-0.6904976790642856,-0.6914514510764753,-0.6864615563869199,-0.6876494710047389,-0.6778407565977547,-0.6435008758062906,-0.6145495785536339,-0.6218018498239447,-0.5830176779282147,-0.5937718420972714,-0.5908788962750969,1
-0.6606470007747316,-0.6639104275003627,-0.6676180895413877,-0.6641850265198423,-0.6561143845764896,-0.6601075244621689,-0.6686970734463654,-0.666881670190732,-0.6746673494848636,-0.6915181085686475,-0.6911811336428748,-0.6894322842176911,-0.6977264425026706,-0.7024172243407741,-0.6952402028629334,-0.6998372953346654,-0.6999613809818679,-0.7008272566357238,-0.6909154467467473,-0.6771212081494746,-0.6876050613650191,-0.6826741007757976,-0.6847717283265642,-0.6870385053151405,-0.6788458180397074,-0.6884513841978119,-0.6841611195448488,-0.6902610716412151,-0.6897653594315265,-0.6907197195034669,-0.6857507537574167,-0.6869799506624666,-0.6771675841282152,-0.6428296066728921,-0.613890510285093,-0.6211479852765803,-0.5823486558701022,-0.5931063457256665,-0.5902101228100841,-0.5817493853808516,1
-0.6633267908357475,-0.6670315121142519,-0.66357802451317,-0.6555150208026538,-0.659495082482678,-0.6680836313019596,-0.6662705314317579,-0.6740528569704072,-0.6908159064838323,-0.6904878436451706,-0.6887519754563967,-0.6970162947424489,-0.7017036479766714,-0.6944973983037893,-0.6990722976136341,-0.6992107113163466,-0.7000719868563933,-0.6902059878514516,-0.6764177225281139,-0.6868998045837654,-0.6819577028085149,-0.6840771150986665,-0.6863228663190827,-0.6781353782289441,-0.6877145375647438,-0.6834243166853021,-0.6895224227305123,-0.6890405571391072,-0.6899873352938071,-0.6850206815644762,-0.6862689989682401,-0.6765009806639111,-0.6421662304239222,-0.6132275867893312,-0.6204870623035825,-0.5817058237416644,-0.5924344347755957,-0.5895456394442128,-0.5810832171366669,-0.5176943617895204,0
-0.6664470943314511,-0.662992461437454,-0.6549102486344487,-0.6588948535398629,-0.6674691199353179,-0.6656577186225763,-0.6734398601112801,-0.6901972210538811,-0.6897859301832148,-0.6880593620398324,-0.6963338934323736,-0.7009923779301861,-0.693786063005281,-0.6983283839216796,-0.6984458975101543,-0.6993212849666381,-0.6894538229019521,-0.6757123814895801,-0.6861935416577268,-0.6812540489066089,-0.6833603147375813,-0.6856278151397323,-0.6774222887905833,-0.6870015628790981,-0.6826889298338898,-0.6887840577831986,-0.6883022640744648,-0.6892624688667631,-0.6842899548286039,-0.6855387759225662,-0.6757930422065933,-0.6415093670644938,-0.6125724932707688,-0.6198222795794112,-0.5810559873166561,-0.5917887823295376,-0.5888747481030686,-0.5804213295979882,-0.5170464724524467,-0.527269214678607,1
-0.6624090545134818,-0.6543268618035967,-0.6582892121125943,-0.6668668503221932,-0.6650438366547914,-0.6728251879025723,-0.6895800410872301,-0.6891675121829534,-0.6873581289031875,-0.6956391682625548,-0.7003088795557014,-0.6930770271397834,-0.6976159645728373,-0.6977021651187553,-0.698556438704886,-0.6887062145386489,-0.6749644533391209,-0.6854854239473306,-0.680549389481007,-0.6826562627349222,-0.6849105700276021,-0.676729750618379,-0.6862859344621179,-0.6819773915773443,-0.6880471145469327,-0.6875642546367808,-0.688524111102837,-0.6835667345235928,-0.6848078985072586,-0.6750658685411741,-0.6408114904760056,-0.6119238651957801,-0.6191653408468154,-0.580402318182529,-0.5911361117494042,-0.5882300910632294,-0.5797530510047177,-0.516402797912688,-0.5266185930367623,-0.5146140796585351,0
-0.6537456236312934,-0.6577049769151003,-0.6662591585773509,-0.6644421877063692,-0.6722094463472559,-0.6889611828457429,-0.688550599020427,-0.6867403412729096,-0.6949358116863027,-0.6996130472531082,-0.6923957127361138,-0.696905847987234,-0.6969899229704483,-0.6978126743192714,-0.6879444840106379,-0.6742210663504552,-0.6847346389222005,-0.6798428749056861,-0.6819512050543098,-0.6842060780188476,-0.6760150575301018,-0.685590893710183,-0.681263201914915,-0.6873340448034789,-0.6868276656122402,-0.6877860370270386,-0.682830037374615,-0.6840845285547903,-0.6743380370030215,-0.6400944993700943,-0.611234495944006,-0.6185148781277339,-0.5797564092686487,-0.5904796015471454,-0.5875784207731402,-0.5791109446933146,-0.51575285103824,-0.5259721960440943,-0.5139670693187327,-0.528716576161841,0
-0.6571228932972312,-0.6656729223411473,-0.6638351195604202,-0.6716059636167582,-0.6883412548343938,-0.687932007769641,-0.6861240570058195,-0.694316056537592,-0.6989085774172563,-0.6917020844478398,-0.6962234771511701,-0.6962799830410161,-0.6971004009002816,-0.6872037910697291,-0.6734635875007785,-0.6839884054595425,-0.6790937393214036,-0.6812442923147219,-0.6835005801616447,-0.6753130903182284,-0.6848736591873634,-0.6805695792914942,-0.6866183211748006,-0.6861149444140828,-0.687049383600366,-0.6820936223437555,-0.683347680440817,-0.6736176920670163,-0.6393768386938198,-0.6105261142190967,-0.6178236136244765,-0.5791169131861676,-0.5898308729803604,-0.5869229133008103,-0.5784618376464635,-0.5151286413011481,-0.5253195089706567,-0.5133242706068478,-0.5280655414971821,-0.5383285408838311,0
-0.6650888445744978,-0.6632494919350685,-0.6709970530195333,-0.6877336437432234,-0.6873123467759885,-0.6855060950902577,-0.6936978093544429,-0.6982877907540276,-0.6909998308232284,-0.6955287827350394,-0.6955977848910168,-0.696390429796231,-0.6864945196362795,-0.6727270858021243,-0.6832280597020832,-0.6783491492946733,-0.6804947470653924,-0.6827932273457615,-0.6746101182362232,-0.6841691776549446,-0.6798537849149153,-0.6859231865761257,-0.6853995698949645,-0.6863365990303365,-0.6813586219051344,-0.6826111145876904,-0.6728838956025909,-0.6386665949611985,-0.609817053033447,-0.6171133139148134,-0.5784369776018887,-0.5891885733967936,-0.5862751799056386,-0.5778088996695762,-0.5144975186357161,-0.5246926240793515,-0.5126752052692843,-0.5274187329709348,-0.5376747633240727,-0.5392934485393204,0
-0.6626660206837162,-0.6704096272257557,-0.6871205852685109,-0.6867049989971163,-0.6848870634954622,-0.693077883150151,-0.6976685144692554,-0.6903810976379754,-0.6948254570826651,-0.6949032647457856,-0.6957082011722202,-0.6857875412955987,-0.67202191082811,-0.6824887318477102,-0.6775904587707638,-0.6797497488650329,-0.6820432293087483,-0.6739052906200338,-0.6834636902781368,-0.6791507281641388,-0.6852058567495107,-0.6847047794010027,-0.6856211610367529,-0.6806474638798211,-0.6818759638774283,-0.6721503785138648,-0.6379429886339557,-0.6091153498950099,-0.6164023369477728,-0.5777381426999679,-0.5885057416978887,-0.5856338697930432,-0.5771637164016639,-0.5138626089073405,-0.5240588131344258,-0.5120518561438192,-0.5267656316813709,-0.5370252217927731,-0.5386393956310191,-0.5453797891354839,0
-0.669824363997389,-0.686529111290431,-0.68609220507951,-0.6842803363812924,-0.6924568870680143,-0.6970475584436874,-0.6897638700277308,-0.6942057305871354,-0.6942001143287188,-0.695013650273301,-0.6851082381766795,-0.6713190163624441,-0.6817807946300564,-0.6768527626213908,-0.678990647237366,-0.6812977799691148,-0.6731578907218723,-0.6827563479402606,-0.6784466661210524,-0.6845012809300715,-0.6839877990216374,-0.6849263079782977,-0.6799336550641848,-0.6811646579844133,-0.6714182654374896,-0.6372196520482637,-0.6084003593557128,-0.6156987311488041,-0.5770386173700048,-0.5878039759428608,-0.5849520602522416,-0.5765249418084331,-0.5132353179957277,-0.5234212085693665,-0.5114215983124879,-0.5261383424062892,-0.5363693696832931,-0.5379895797440001,-0.5447239994132973,-0.5440437631509603,0
-0.6859398138163753,-0.6855009892999735,-0.6836681660625795,-0.6918482227276519,-0.6964255324361485,-0.6891449641093327,-0.6935875119901426,-0.6935805502012151,-0.6943104689323564,-0.684416639631825,-0.6706437053390146,-0.6810751464064287,-0.6761464202085553,-0.6782525458279276,-0.6805382239636106,-0.6724150300623598,-0.6820063606839065,-0.6777407487921321,-0.6837956992297085,-0.683283568921273,-0.6842092640630688,-0.6792404078277235,-0.680450701061691,-0.6707099485844401,-0.636497682307659,-0.6076856304122689,-0.6149818211974241,-0.5763463847778095,-0.5871015231267275,-0.5842513289159573,-0.5758457515477712,-0.5126143332660053,-0.5227912431340427,-0.5107875555276965,-0.5255041250935331,-0.5357393948851832,-0.5373334514904359,-0.5440724529748164,-0.5433883546806022,-0.5485714067651795,1
-0.6849119491354375,-0.6830775588938947,-0.6912341060245142,-0.6958158524626366,-0.6885249884162518,-0.6929676143919972,-0.6929624935924407,-0.6936908761516717,-0.6837164269831468,-0.6699561355273109,-0.6803971435119948,-0.6754423618904678,-0.6775458073197778,-0.6797996746351525,-0.6716580813201598,-0.6812609220856842,-0.6769922277054203,-0.6830882625897692,-0.6825783330739453,-0.6835049711046908,-0.678524994666326,-0.6797573078414121,-0.669998985540673,-0.6357993465244585,-0.6069722368888923,-0.6142651746565831,-0.5756409481660718,-0.586406383098214,-0.5835499093302371,-0.5751476709095176,-0.5119535205562428,-0.5221675992010842,-0.5101611250248745,-0.5248661131694402,-0.5351024788732454,-0.5367032071031418,-0.5434145828893365,-0.5427371881192714,-0.5479147062747359,-0.5404810271922303,1
-0.6824891252446561,-0.6906415992522617,-0.6952007153249461,-0.6879173303050283,-0.6923466469188995,-0.6923427580957925,-0.693072790956741,-0.6830995849078436,-0.6692599739066213,-0.6797068571245024,-0.6747659131706139,-0.6768413541231901,-0.6790924983374448,-0.6709221021936952,-0.6805013768986999,-0.6762482499391337,-0.6823381783074829,-0.6818712422082379,-0.6827996723749932,-0.6778223150636313,-0.6790417464296662,-0.6693085432789934,-0.6350983807090052,-0.6062823401266539,-0.6135498705366277,-0.574935764117536,-0.5856980134522822,-0.5828557954557184,-0.5744488989767306,-0.5112740379049846,-0.521504039441419,-0.5095409957752628,-0.5242357434456485,-0.5344617616673654,-0.5360660201793169,-0.5427826380164184,-0.5420797003871388,-0.547262252351952,-0.5398266353934149,-0.5406665863567476,1
-0.6900512725401257,-0.6946072126440269,-0.6873042245879752,-0.691738010790569,-0.6917219527405821,-0.6924530268539463,-0.6824842439839082,-0.6686468853980366,-0.6790079638946093,-0.6740771952212182,-0.6761645193991921,-0.6783876086961991,-0.6702174379741651,-0.6797628382349805,-0.6754901760708606,-0.6815926430365589,-0.6811215136877031,-0.6820925186412437,-0.6771186303147654,-0.678338920158273,-0.6685959786421454,-0.6344177923550154,-0.6055898269941876,-0.6128580937421849,-0.5742318806423,-0.5849898991425555,-0.5821484609983255,-0.573757414621823,-0.510593842593998,-0.5208217767897872,-0.5088810668063604,-0.5236116975401077,-0.5338287070534916,-0.5354250314007479,-0.542143742263768,-0.5414481287915527,-0.5466034688668087,-0.5391764818378179,-0.5400121416062893,-0.5346544694263908,0
-0.6940158934523136,-0.6867127045030128,-0.6911239224328355,-0.6911134764804325,-0.6918321928896969,-0.6818672260711828,-0.6680352892605633,-0.6783923443550313,-0.6733798791090917,-0.6754754119030796,-0.6777103473360417,-0.6695150526939336,-0.6790556723608336,-0.6747530878115855,-0.6808330004828952,-0.6803763328833519,-0.681342725436754,-0.6764130901940981,-0.6776350886838771,-0.6678961171737287,-0.6337152346166779,-0.6049175701452182,-0.6121636975339092,-0.5735513417931685,-0.5842830961040077,-0.581441380898431,-0.5730527328350619,-0.5099208076327845,-0.5201388046720657,-0.5082024784963077,-0.522947722528713,-0.533201991637726,-0.5347917072612288,-0.5415010404882373,-0.540809608147669,-0.5459706322758193,-0.5385200137146116,-0.539361935289977,-0.5340017403091608,-0.5456766837987115,1
-0.6861233610808283,-0.6905314433247126,-0.6904995487466565,-0.6912236884175155,-0.6812491385746726,-0.6674220187530369,-0.6777782231070936,-0.6727657208817476,-0.6747777040885012,-0.6770208092882949,-0.66884023941269,-0.6783507931111273,-0.6740473395417216,-0.6800943658365287,-0.679617047340846,-0.6805974801839348,-0.6756649572111153,-0.6769294018711114,-0.6671952516511207,-0.633025273285409,-0.6042234732660445,-0.6114895846049727,-0.5728682017234388,-0.5835996843966765,-0.5807356082939933,-0.5723483028978619,-0.5092347376733007,-0.519463011921992,-0.5075231764991157,-0.5222650396444667,-0.5325352589289483,-0.5341647238637417,-0.5408660162638788,-0.5401672823958615,-0.5453308404300046,-0.5378894375252444,-0.538705414062139,-0.5333532434400241,-0.5450208093538963,-0.5441179868167672,1
-0.6899411441814537,-0.6899072264019348,-0.6906097323383351,-0.6806433424575565,-0.6668076790406289,-0.6771624257232879,-0.6721530575277761,-0.6741631829208637,-0.6763226685394276,-0.6681531719112264,-0.6776735419089739,-0.6733438735413844,-0.6793871061503337,-0.678878764630852,-0.6798381297303094,-0.674921366135635,-0.6761811179589007,-0.666492530114344,-0.6323343117360861,-0.6035418825269249,-0.6107936028285136,-0.572205183564642,-0.5829136668178447,-0.5800532105366147,-0.571645170780831,-0.5085489019670391,-0.518774159893309,-0.5068510287335435,-0.5215816477768899,-0.5318497852691332,-0.5334977143204777,-0.5402373425201484,-0.5395326313608579,-0.5446872403755793,-0.537251917171405,-0.538074786028698,-0.5326984428022495,-0.544369178498271,-0.543462557165752,-0.5179541446198445,1
-0.689317083482313,-0.6900173823294838,-0.6800321075371836,-0.6662055786996958,-0.6765455588791062,-0.6715387190574449,-0.6735501574755804,-0.6757077462272554,-0.6674575153805404,-0.6769840141124565,-0.6726680038277463,-0.6786821333767721,-0.6781718489221669,-0.6790997830318841,-0.6741636817340796,-0.6754373765036622,-0.6657472971286685,-0.6316414919159508,-0.6028592948132158,-0.610110147301656,-0.5715204688146539,-0.5822478124020198,-0.5793682085492309,-0.570965371270207,-0.5078642961966114,-0.5180855447481238,-0.5061658537808174,-0.5209054381517558,-0.5311636058320046,-0.5328119605055861,-0.5395685867901246,-0.538904328668742,-0.544051324643317,-0.5366105941495263,-0.5374372135764186,-0.532069494516803,-0.5437112234453804,-0.5428113695001351,-0.5173061811504708,-0.39689534568883494,1
-0.689427211840985,-0.6794424132847765,-0.6655980570272789,-0.6759409664753525,-0.6709233112742495,-0.6729354566607261,-0.6750943205757851,-0.6668448948739132,-0.6762858836715484,-0.6719798701984261,-0.6780047907525846,-0.677467219069408,-0.6783928047818334,-0.6734269774053927,-0.6746795406428276,-0.6650065954928256,-0.6309064466531583,-0.6021748469206958,-0.6094256940776349,-0.5708481601088812,-0.5815602173595504,-0.5787033551652981,-0.5702829717359078,-0.5072027266611824,-0.5173981696860256,-0.5054809122351398,-0.5202161655777288,-0.5304846277289058,-0.5321255012352207,-0.5388810658432126,-0.538235956248007,-0.5434217644985081,-0.5359769382861361,-0.5367958383290229,-0.5314336100539732,-0.543079195621944,-0.5421538605261497,-0.5166624327457106,-0.39628192787125494,-0.4080660073927693,1
-0.6788548894084837,-0.665011986775853,-0.675330940958894,-0.6703201576841242,-0.6723196864963707,-0.6744792192748791,-0.6662337656436577,-0.6756709709104365,-0.6712831416399772,-0.6773151706950026,-0.6767902116593455,-0.6776881125798377,-0.6727216043837212,-0.6739426870078011,-0.6642518212731325,-0.6301758956509858,-0.6014484154045525,-0.608739381099864,-0.5701748580251517,-0.5808850590904929,-0.5780167766966456,-0.5696206834961992,-0.5065385866147875,-0.5167338751600979,-0.5047971973608698,-0.5195271302847996,-0.529792562302466,-0.5314462452154152,-0.5381928414708916,-0.5375488232081239,-0.5427520930851835,-0.5353496250649917,-0.5361621306337778,-0.5307939269133323,-0.5424402165117901,-0.541522268192934,-0.5160124115247785,-0.3956726005571536,-0.40744940188628986,-0.2914606284101722,1
-0.6644280744224664,-0.6747424270426844,-0.6697115777832823,-0.671716175553841,-0.6738630485839785,-0.6656209623698582,-0.675057554787685,-0.6706695278230733,-0.6766169474824613,-0.6761009298923335,-0.6770110442217526,-0.6720185124788052,-0.6732371680562769,-0.6635179857591188,-0.629431344932631,-0.6007264467900016,-0.6080110306263946,-0.5694996936468585,-0.5802089063393202,-0.5773426241558063,-0.5689367099979526,-0.5058942960943094,-0.5160670057116873,-0.5041365044696707,-0.518839336608844,-0.5291007367975938,-0.5307538994254125,-0.5375118324380121,-0.5368609862972078,-0.5420636454714802,-0.53468227480236,-0.5355347658776871,-0.5301618985701848,-0.5417974311754319,-0.5408837267096744,-0.5153881292059832,-0.3950572247978664,-0.4068368983771278,-0.29087729771605814,-0.23089411711176402,1
-0.6741560794384832,-0.6691244747376837,-0.671107236611212,-0.6732591426730017,-0.6650070899384198,-0.6744424630221612,-0.6700574076060695,-0.6760019487618061,-0.6754030468424476,-0.6763217009473641,-0.6713430084533037,-0.6725339306698082,-0.6628154166753304,-0.6287075875965579,-0.5999905400690746,-0.6072871500406338,-0.5687828137947092,-0.5795308919431155,-0.5766674775225549,-0.5682651346356724,-0.5052285997461465,-0.5154200249179985,-0.5034732424867151,-0.5181746301657479,-0.528410163096279,-0.5300617938220443,-0.5368177182009216,-0.5361803620720762,-0.5413744954969143,-0.5339961761812205,-0.5348673623776542,-0.5295362035463584,-0.5411623240201054,-0.5402413800676601,-0.5147569336027354,-0.39446676555288535,-0.4062183257190193,-0.2902979490403877,-0.23032806983387538,-0.20235511760902145,1
-0.668539533146217,-0.6705197831533047,-0.6726498068947133,-0.6644054503940082,-0.6738263018676068,-0.6694436126525228,-0.6753884468805861,-0.6747883633067843,-0.6756237560497228,-0.6706552438682416,-0.6718582844322537,-0.662115120094534,-0.6280148687778235,-0.5992753038591122,-0.6065493176231584,-0.5680703620705623,-0.5788110797516813,-0.5759904690150248,-0.5675925661795935,-0.5045751065391223,-0.5147515965277026,-0.5028298174417272,-0.5175073481333118,-0.527742721100706,-0.5293709410448246,-0.5361238458224238,-0.5354866360306879,-0.5406925672010812,-0.5333093725007174,-0.5341812098805384,-0.5288705249381248,-0.540533567820461,-0.5396067082999146,-0.5141219507586358,-0.39386955897176334,-0.40562474546078925,-0.28971274733276614,-0.22976594225567742,-0.20179721429380276,-0.1722945329572379,0
-0.6699344923560608,-0.6720619661389912,-0.6637983916965273,-0.6732224053606407,-0.6688287484410675,-0.6747732692966225,-0.6741751758732824,-0.6750090152076972,-0.6699588863963261,-0.67117037632998,-0.6614423485720522,-0.6273243922018341,-0.5985909134655398,-0.6058321830897322,-0.5673440405582973,-0.5780957063636634,-0.5752716917668677,-0.5669181352617924,-0.503920627244832,-0.5140954004260921,-0.5021650000063435,-0.5168599606704166,-0.5270726990871761,-0.5287032244378059,-0.5354312327202662,-0.534793151480877,-0.5399975256075911,-0.5326297744295804,-0.5334943523859513,-0.528186118022639,-0.5398647269105953,-0.5389783849938202,-0.5134945872824263,-0.39326864805503636,-0.40502440255359123,-0.2891517458905767,-0.22919807389980462,-0.20124320131361725,-0.1717452078081605,-0.23018899228659875,0
-0.6714762893774673,-0.6632127732925521,-0.6726130790308203,-0.668226130879549,-0.6741570223149513,-0.6735603129569309,-0.674395770601883,-0.6693456164175947,-0.6704738745466349,-0.6607573415676963,-0.6266612199929342,-0.5979087397295936,-0.6051459373023189,-0.5666382533067007,-0.5773664422139761,-0.5745573495543335,-0.5662020100557825,-0.5032642813671611,-0.513438217189889,-0.5015123763351746,-0.5161911192970076,-0.5264226109236552,-0.5280329273682591,-0.5347617839487445,-0.5341009247915106,-0.539302726749452,-0.5319370835767313,-0.5328147008692936,-0.527501004104374,-0.5391771197621212,-0.5383099912781247,-0.5128735304037787,-0.392675099680941,-0.4044203476607333,-0.2885841416429492,-0.22865399436333708,-0.20068350045008196,-0.17119974206385288,-0.22962314622495292,-0.2823311175159268,1
-0.6626293112308256,-0.6720252474964749,-0.6676180895413877,-0.6735530411718895,-0.6729443806746882,-0.6737808504732384,-0.6687338392344655,-0.6698604708530586,-0.6600637569368213,-0.6259859004003533,-0.5972536837657224,-0.6044619138723455,-0.5659630981880889,-0.5766577541534906,-0.57382912398256,-0.5654903102304261,-0.5025667635788189,-0.512779167986405,-0.5008587669136703,-0.5155345146183085,-0.5257510269188025,-0.5273825680919338,-0.5340897519104746,-0.5334318562512215,-0.5386091905500707,-0.5312446332367524,-0.5321219561003749,-0.5268230842225822,-0.538488809287266,-0.537622836687851,-0.5122126431616545,-0.39208766420134566,-0.4038236790089751,-0.28801290526505297,-0.22810339504646043,-0.2001473945321807,-0.17064864415063405,-0.2290612191374731,-0.28175039204264085,-0.29212864140243405,1
-0.6714395799245766,-0.6670315121142519,-0.6729436298058563,-0.6723407098639774,-0.6731648609729178,-0.6681203875546774,-0.669248560267867,-0.6594530561933248,-0.6253020567909775,-0.596586554905425,-0.6038050497837997,-0.5652901313561203,-0.5759797638263132,-0.5731214597369766,-0.5647647460145565,-0.5018736034293514,-0.5120788687880059,-0.5002032907105828,-0.5148769226467,-0.5250917088691813,-0.5267107087650058,-0.5334376825379998,-0.5327602050597443,-0.5379388334483831,-0.530553436981496,-0.5314294518953006,-0.5261320863343232,-0.5378077147415534,-0.5369349782513014,-0.5115330850840296,-0.3914615090397738,-0.4032331411256045,-0.2874488077508921,-0.22754920507735396,-0.19960480795534533,-0.17012093697270506,-0.2284935525792003,-0.28117363919416294,-0.29154512008240574,-0.24481105445055268,1
-0.6664470943314511,-0.672355715279122,-0.6717316102973911,-0.6725611337381433,-0.6675058666516895,-0.6686349750927285,-0.6588438422355347,-0.6247003817995143,-0.5959109473554969,-0.6031360962046707,-0.5646440753836077,-0.5753039704956066,-0.5724444700716457,-0.5640597052946591,-0.5011667119788891,-0.5113829373544251,-0.49950666771694885,-0.5142174648009419,-0.524431402475265,-0.5260511183306589,-0.5327640865641344,-0.5321085110742293,-0.5372658916094412,-0.5298853823911598,-0.5307382019716009,-0.5254413273583405,-0.5371135142387514,-0.5362543326479614,-0.5108528144333254,-0.3908170996490431,-0.40260378107247957,-0.2868906544278593,-0.22700202548062112,-0.19905865027077274,-0.16958679034311736,-0.2279496700502136,-0.2805910502344153,-0.29096558146816026,-0.24424103579945047,-0.15425818216616788,1
-0.6717699650005923,-0.6711440000760825,-0.6719519774807483,-0.6669035876345542,-0.668020320680892,-0.6582329555735547,-0.6241001724809268,-0.5953169036612553,-0.6024586538379945,-0.5639860291125509,-0.5746551515460627,-0.5717696743287289,-0.5633852798253106,-0.5004800785977489,-0.5106732547258196,-0.49881439910461833,-0.5135167451568365,-0.5237692308256866,-0.5253905394464724,-0.5321027780107481,-0.5314352963155453,-0.5366129254792296,-0.5292147467911305,-0.5300700945713714,-0.5247518162922016,-0.5364195556761008,-0.5355605850401454,-0.5101797046483832,-0.39017193730674726,-0.4019561283479796,-0.28629474875765765,-0.22646069316410378,-0.19851944241331818,-0.1690490931923191,-0.22739926870740818,-0.28003259952066184,-0.290380188583865,-0.24367495116760535,-0.15371400391677523,-0.016944400423453236,0
-0.6705585530552016,-0.6713643119311806,-0.6662958864412437,-0.6674179100076078,-0.6576209999477257,-0.6234982967551119,-0.5947243077889356,-0.6018629100550101,-0.563319554414526,-0.5739943169406118,-0.5711218305475492,-0.5627130404011056,-0.4998236441945203,-0.5099838698421306,-0.49810840559131053,-0.5128203948082153,-0.5230657189908652,-0.5247280953687112,-0.5314404803417799,-0.5307743649102408,-0.5359384188246532,-0.5285640538375077,-0.529399406075954,-0.5240854199325174,-0.535726856704434,-0.5348670789442962,-0.5094935592064017,-0.3895336953794127,-0.40130772639782636,-0.2856809516966223,-0.22588216418165855,-0.19798603617156207,-0.16851828209535272,-0.2268452771952668,-0.2794675585162726,-0.2898190005030095,-0.2431030999643638,-0.15317366651399436,-0.016439406389767753,-0.021546267703479383,0
-0.6707788097725452,-0.6657096409836636,-0.6668100765357441,-0.6570212506094535,-0.6228953529765521,-0.594130050833487,-0.6012686180707559,-0.5627339729597567,-0.5733250384776682,-0.5704619800601196,-0.5620676954888582,-0.49916934056745466,-0.5093247461601887,-0.49742265738347113,-0.5121102902573323,-0.5223665866167196,-0.5240243032367523,-0.5307763178708662,-0.5301124445354929,-0.5352762093064048,-0.5278918556526406,-0.5287486609852536,-0.5234164452476682,-0.535057323437083,-0.5341748307875526,-0.5088076480890066,-0.3888827247813352,-0.4006662670501546,-0.2850663665168611,-0.22528595223926548,-0.19741569510142368,-0.1679932245149186,-0.22629829455958242,-0.27889889163381887,-0.28925120870099874,-0.24255513212235355,-0.15262773037096541,-0.015938111916305567,-0.02103996046905128,-0.052831542841076176,1
-0.6651255540273884,-0.6662237019788925,-0.6564160910540571,-0.6223044904283379,-0.5935347265956337,-0.6006726638172784,-0.5621498195322345,-0.5727368591344832,-0.5697936911612651,-0.5614103668038589,-0.4985415283697496,-0.5086677615159377,-0.4967670881357974,-0.5114204894488396,-0.5216536800691736,-0.5233248915859131,-0.5300707577108091,-0.5294486592728321,-0.5346130103234656,-0.5272319299755543,-0.5280764098538336,-0.522767389398286,-0.5343852067661924,-0.5335057411233062,-0.5081229671827584,-0.3882319552521911,-0.4000120507046782,-0.28445849233430376,-0.2246889319765253,-0.19682776928417517,-0.16743150790377695,-0.22575715807586152,-0.27833734424691736,-0.28867978431124086,-0.24200062542249187,-0.1521050624370198,-0.015431473200648216,-0.020537357529849764,-0.05231630795966399,-0.047116320573947004,1
-0.6656394863678572,-0.6558323261467668,-0.6217082596752785,-0.5929513778519239,-0.6000756421097807,-0.5615640109254022,-0.5721501138954654,-0.5692064287198737,-0.5607446136629819,-0.49790189330667994,-0.5080373285532548,-0.49611364700650845,-0.5107609592480223,-0.5209611170933932,-0.5226117037568487,-0.529369584468518,-0.5287434872165039,-0.5339479467439474,-0.5265710157187274,-0.5274164317950693,-0.522096853735182,-0.5337330539743933,-0.5328340687736737,-0.5074613237134785,-0.3875822876383065,-0.39935803849678997,-0.28383815684705743,-0.22409850241187587,-0.1962390256275558,-0.16685230999467815,-0.22517883139554093,-0.2777817264432491,-0.28811550020240245,-0.24144251853960097,-0.15157597977578066,-0.014947169881390759,-0.020029401819329152,-0.051804809563863644,-0.04660271660313452,-0.044889610599740844,1
-0.6552507111998092,-0.621133208968821,-0.5923626964248616,-0.5994906194521763,-0.5609771358903851,-0.5715617116646787,-0.5686205982378545,-0.5601597007824374,-0.49725393170348303,-0.5073950486730021,-0.4954866779231181,-0.5101035693337317,-0.5202988871903022,-0.5219188634978659,-0.5286546224021844,-0.5280427006650195,-0.5332414594472047,-0.5259082363447414,-0.5267554651362673,-0.5214385728427859,-0.5330593732860432,-0.5321823539333277,-0.5067971096135406,-0.386955097343468,-0.39870514004262286,-0.2832179934651302,-0.22349576512979547,-0.19565681598396711,-0.16627228421966844,-0.22458282418185754,-0.27718844005318716,-0.2875571613535626,-0.24089145155375324,-0.151043358945247,-0.014456640065603862,-0.019543812767038902,-0.05128790041245809,-0.046092843237365275,-0.04437664204864252,0.032859679332958455,1
-0.6205602782181646,-0.5917950135982615,-0.5989002561977955,-0.5604021191001055,-0.5709722427434637,-0.5680331114037577,-0.5595762143652264,-0.4966855039531072,-0.5067444276163167,-0.4948478937120878,-0.509472740208901,-0.5196388058672866,-0.5212563625821912,-0.5279600331260775,-0.5273281280654034,-0.5325393624435426,-0.5252040992316901,-0.5260926333722461,-0.5207793040079757,-0.5323979809219721,-0.5315091179960225,-0.5061527461011537,-0.3863253921945984,-0.3980747705922029,-0.2825988202606891,-0.22289318331501284,-0.19506237099341406,-0.16569873275040906,-0.2239860084126366,-0.27657729369018247,-0.2869610640287165,-0.2403462541162535,-0.15051758590457356,-0.013962666117743073,-0.019051990909944957,-0.050793570449307816,-0.04557756970861249,-0.043867401811456826,0.03335046114570367,0.04447568303173403,1
-0.5912294253585518,-0.5983309319661709,-0.5598218090157634,-0.570394668062289,-0.5674445579717888,-0.5589910732351472,-0.4961184641044292,-0.5061735356923697,-0.49420078766950953,-0.5088300605307019,-0.519005345819474,-0.5205960110791492,-0.5272958227464145,-0.5266339227198846,-0.5318234699844947,-0.5245043438556897,-0.5253884423558991,-0.520118169681093,-0.5317355994098437,-0.5308481656380468,-0.5054869756278166,-0.38571504291171865,-0.39744188114098145,-0.2820016365472694,-0.22229152749044218,-0.19446807363030683,-0.1651130221631553,-0.22339578194096527,-0.2759653561633546,-0.2863470730141667,-0.23976373232871717,-0.1499975375209326,-0.013475248649669971,-0.018556721769259453,-0.05029296479526354,-0.04508483654293842,-0.043352765538283045,0.033837594643180535,0.04496315007163699,0.10389172751013576,0
-0.5977637079730838,-0.5592622963287801,-0.5698117879946288,-0.566867886075636,-0.5584048657443722,-0.49554978104400216,-0.5056040374342587,-0.4936331526571428,-0.5081790374636055,-0.5183600110728628,-0.5199622869232381,-0.5266337670308981,-0.5259700875884143,-0.5311279635408713,-0.5237908098339874,-0.5246886332728423,-0.519415725131526,-0.5310713531148737,-0.5301862243025088,-0.5048334090864431,-0.38508381476953635,-0.39682839320602276,-0.2814019865578065,-0.22171158092622184,-0.193874672012305,-0.16452745094550583,-0.22279324953994992,-0.27536011150040834,-0.2857322941037031,-0.23916347968810667,-0.14944099558518903,-0.012993336126388652,-0.01806801887118569,-0.049788890432390674,-0.04458583552083999,-0.04286065450149581,0.034329980075720946,0.04544698074833635,0.10436223943399894,0.08014015445193634,1
-0.5587048500974543,-0.5692497670932257,-0.5662859130609115,-0.5578305072348376,-0.4949800332869692,-0.5050328942452278,-0.4930669036921198,-0.5076077730483046,-0.5177063182443181,-0.5193166856446626,-0.5259983769623655,-0.5253084059683192,-0.5304628567349707,-0.5230976283033705,-0.5239750451585403,-0.5187176561570983,-0.5303657067095435,-0.529522418083834,-0.5041788564293879,-0.38446442203490994,-0.3961939776813519,-0.2808212615624897,-0.2211291959913707,-0.19330284760968658,-0.16394274361530733,-0.22219087241252988,-0.2747424286837936,-0.28512422751727173,-0.23856242336906572,-0.14886703442098,-0.012476189867543933,-0.01758482828123286,-0.04929144868358662,-0.04408336970389459,-0.04236227866067498,0.03480036844554286,0.045936041830939654,0.10482917612966068,0.080617444186084,0.09350041429717353,1
-0.5686898212837055,-0.5657247774116567,-0.5572508585432613,-0.4944219060998054,-0.5044606861108452,-0.4924990120684141,-0.5070379031701633,-0.5171325801043862,-0.5186627248091774,-0.5253510944821698,-0.5246733815879229,-0.5297999073470593,-0.5224347938337469,-0.5232818103042306,-0.5180058206430258,-0.5296644475359622,-0.5288172244661874,-0.5035224372056678,-0.3838440564263798,-0.3955714315697081,-0.28022011765170246,-0.22056548853822308,-0.192728597985495,-0.16337947441541656,-0.22158942052804348,-0.274124915464561,-0.2845036979321743,-0.23796798539037492,-0.14829223937493613,-0.011942096925747008,-0.01706636173483802,-0.04879956930166536,-0.04358752437622039,-0.04186043954993509,0.03527691504008735,0.046403184761735244,0.10530123310923102,0.08109113425330357,0.09397389151303617,0.16798386293437034,1
-0.565165713806205,-0.5566919913526359,-0.49385856546413787,-0.5039001326889354,-0.4919300558281254,-0.5064663881012271,-0.5165602422880927,-0.5180887383416762,-0.5246954431413662,-0.5240264681519853,-0.5291636436902005,-0.5217741098014417,-0.5226189237168025,-0.517314313476363,-0.5289493989214692,-0.5281164164318805,-0.5028248439527118,-0.3832218164615851,-0.39494791136227975,-0.2796304881865329,-0.21998162638232377,-0.19217290921490138,-0.16281379384406533,-0.221009674641418,-0.27350838274752687,-0.2838833406359036,-0.23736120440306338,-0.14772388281027432,-0.011407124301870785,-0.016530932668830527,-0.04827212692942573,-0.04309723227064924,-0.04136521620451927,0.03575687165915166,0.04687646999394823,0.1057517755675629,0.08156998862571657,0.09444378280875446,0.168436085360794,0.37555034436329005,1
-0.5561351883951102,-0.49331561436942467,-0.5033343543485027,-0.49137270917384507,-0.505893808049338,-0.5159862575551705,-0.5175161527786958,-0.5241198902999671,-0.523371187897715,-0.5285154796042772,-0.5211400605894093,-0.5219581877267999,-0.5166531155058014,-0.5282547243274536,-0.5274018221952247,-0.502131608613365,-0.38255938971872866,-0.3943225175173696,-0.27903989738022844,-0.21940909429686334,-0.19159719023884814,-0.16226655128006304,-0.22042749070904089,-0.27291379728086146,-0.28326397422506683,-0.23675458270612437,-0.14714341286500013,-0.010878317422416867,-0.015994625455670847,-0.047727614373825424,-0.042571429610367015,-0.0408755425183053,0.0362303774573789,0.047353157295640484,0.10620837887935183,0.08202716712550802,0.09491881364769347,0.16888479850539265,0.37594333508202454,0.38646122323690035,1
-0.49277467270588426,-0.5027890241386417,-0.49081015276102813,-0.5053328878710133,-0.5154112075895857,-0.5169419201258367,-0.5235457420271146,-0.5227959788944887,-0.5278589417789773,-0.5204941312714932,-0.5213240877247485,-0.5159940629451941,-0.5275904305593035,-0.5267075955202286,-0.5014246414332632,-0.38190119286301416,-0.3936568457961134,-0.27844742543340023,-0.2188356074952165,-0.19103271445546877,-0.16169940964559024,-0.21986398137678861,-0.27231674974448344,-0.282666600396031,-0.23614890174831143,-0.14656307733462537,-0.010337745368756668,-0.01546449312730726,-0.047182234106101596,-0.04202857643483468,-0.04035037870683766,0.03669845800103789,0.04782341841975316,0.1066683435704605,0.0824904390375914,0.09537225937416391,0.16933851314521414,0.37633303009049357,0.38685110039903536,0.612398061953021,0
-0.5022457115516665,-0.49026796704056813,-0.5047667410403253,-0.514847851772504,-0.5163666222152477,-0.522969945571577,-0.5222221736555104,-0.527282567546388,-0.5198398405813117,-0.5206781071506856,-0.515361608539757,-0.5269282917114713,-0.5260437395416366,-0.5007379333989531,-0.381229515694939,-0.3929954157756002,-0.27781562654314745,-0.21826023565585798,-0.19046728707758526,-0.1611434196940518,-0.21928032041779058,-0.27173858989339067,-0.28206675998317166,-0.23556499444208756,-0.14598358657710886,-0.009797270008991627,-0.014922583955117294,-0.04664309086297308,-0.04148485364089837,-0.03980817204302011,0.03720131534139659,0.04828827287576551,0.1071220081346453,0.08295708859489213,0.09583178019858166,0.16977114866041995,0.3767273418894261,0.38723769307744504,0.612723465194825,0.5977388879561637,0
-0.48972778811596196,-0.5042210511967792,-0.5142792577885832,-0.5158030218938894,-0.522393083700192,-0.5216467204737316,-0.5267075998037244,-0.5192655484798793,-0.5200237649207077,-0.5147172886648553,-0.5262928203789082,-0.5253820371384624,-0.5000814260307981,-0.380577596037817,-0.3923204822330247,-0.27718794603691155,-0.21764603080131414,-0.18989997282563126,-0.16058648143612703,-0.21870798738270664,-0.2711400509530093,-0.28148584729437504,-0.23497864235314364,-0.14542545049885466,-0.009257493899465645,-0.014380772740985872,-0.04609209144142349,-0.04094735651980283,-0.039265095018091924,0.037720947971172696,0.04878779755480818,0.10757036110081014,0.08341738763649968,0.09629466951864935,0.17020975717110187,0.3771019846235641,0.38762888232404047,0.6130458164262907,0.5980684743777526,0.45489544311083707,1
-0.503677380214401,-0.5137311796085124,-0.5152341822497982,-0.5218279411210883,-0.521070201910814,-0.5261309833053189,-0.5186926579978994,-0.5194494250639736,-0.5140646163242775,-0.5256454558888775,-0.5247469924420586,-0.4994270496629561,-0.37995509032532976,-0.39166535248959566,-0.27654700428397067,-0.2170358802783056,-0.18929405829796253,-0.16002765436986569,-0.21813469970856503,-0.27055299866639887,-0.2808845127759971,-0.2344110246191667,-0.14486491135920765,-0.008738437142312976,-0.013839665654067775,-0.045541198572204504,-0.0403980177132015,-0.038728239243243,0.03824147689490054,0.04930405754847212,0.10805283916398387,0.08387233707580781,0.09675123666670661,0.17065168316859539,0.3774823158194854,0.38800047662663295,0.6133723454734704,0.5983949937057268,0.4552657917070899,0.4655836509870267,1
-0.5131851285130741,-0.5146858643139375,-0.5212575519282318,-0.5205053978760934,-0.5255533013081507,-0.5181181202128105,-0.5188764869383999,-0.5134918237393203,-0.5249897220843998,-0.5241000585036623,-0.4987991663592246,-0.3793346111592658,-0.3910397092852764,-0.2759253831491022,-0.21641259434989804,-0.188692167920237,-0.15943047217609665,-0.21755952695134004,-0.2699649860372671,-0.28029469473678664,-0.23382319147179498,-0.14432273651916017,-0.00821704058971459,-0.013319299211559272,-0.044991042985757755,-0.0398487838889214,-0.03817954742947865,0.03875593899663852,0.04982121771054092,0.10855184807005815,0.08436162952633702,0.09720247558987163,0.1710874450101097,0.3778658223535223,0.388377744434294,0.6136808144316788,0.5987257180188015,0.4556329262336986,0.4659509495686516,0.49638647229687893,1
-0.5141395742882304,-0.520707721686618,-0.5199353488280878,-0.5249873499841315,-0.5175425171391392,-0.5183019014764,-0.5129204292661815,-0.5244140928345179,-0.5234447576334733,-0.4981594595375491,-0.37873986326389897,-0.3904161022658295,-0.27533249077314237,-0.21580837806836217,-0.18807720143365916,-0.15883728234151706,-0.21694552692931976,-0.26937509168016777,-0.279703915283372,-0.23324673076048227,-0.14376074128963562,-0.007713447187183034,-0.012796590853340877,-0.044461772795225306,-0.03930028129052615,-0.037630959986343575,0.039282039977178176,0.05033233412269238,0.10905177696242682,0.08486753455736908,0.09768793494751339,0.17151799780577692,0.37824360508218424,0.38875818010792396,0.613994647179039,0.5990382826588482,0.4560045304921661,0.4663150450780592,0.4967449809057911,0.5304551349022336,0
-0.5201599245622935,-0.5193858505560296,-0.5244161482230201,-0.5169786158894403,-0.5177262507209973,-0.5123473885360956,-0.5238398683319154,-0.5228695295281264,-0.4975114257786375,-0.3781335959524981,-0.38981829681132174,-0.2747415339707361,-0.21523249694379712,-0.1874811863360772,-0.15823107885608628,-0.21633558049312576,-0.26874594483206227,-0.27911125473241727,-0.23266931381070638,-0.1432098428372017,-0.007190632406853002,-0.01229170445128176,-0.04393014627460638,-0.03877263764470982,-0.03708310140926709,0.03980805794533288,0.05085505995726578,0.1095457801188978,0.08537435165249108,0.0981899609082567,0.17198208767057113,0.37861651088677273,0.38913291512351983,0.6143114930630169,0.5993562311829526,0.4563570047003032,0.46668359050974756,0.4971003181364597,0.530803921589519,0.5009512277440015,0
-0.5188383842582309,-0.5238655249430236,-0.5164094738943706,-0.5171623024512451,-0.5117732826687961,-0.5232639955933205,-0.5222957052317105,-0.49694293117083904,-0.37751918675668783,-0.3892089438798741,-0.2741756449641381,-0.21465849913381935,-0.18691332092984705,-0.1576437021967392,-0.21571250011659696,-0.268120906713004,-0.2784792617903001,-0.23209001271871235,-0.14265799805125218,-0.006678496396161564,-0.011767576596438184,-0.043416469561242954,-0.03824264030203832,-0.03655609148217133,0.04033342944469581,0.05137770597044729,0.11005124202793769,0.08587519583559261,0.09869290338932996,0.1724624878144547,0.3790210493945682,0.3895027906732581,0.6146231176121287,0.5996772028827834,0.45671505860336586,0.4670330784992278,0.4974600481993052,0.5311495719528593,0.5013084337424996,0.4957555711375205,0
-0.5233169375108877,-0.5158608608744605,-0.516593113213835,-0.5112108578487682,-0.522687057431165,-0.5217202329791674,-0.4963758246211301,-0.37698184770775944,-0.38859143198832696,-0.2735985013954381,-0.2141091879894075,-0.18634731421372808,-0.15708427987484105,-0.21510848646509376,-0.26748262631596703,-0.2778513879386609,-0.23147176511699277,-0.14210426329640646,-0.006165429071751978,-0.011254141520131591,-0.04288341491756938,-0.0377305694106688,-0.03602672888415467,0.04083831202646517,0.051899717825263994,0.11055664043756618,0.08638755900156031,0.09918989949495179,0.17294382932220617,0.379441183871438,0.38990419882186217,0.6149302442110914,0.5999929221484296,0.45707623350627996,0.467388131532158,0.49780093007251763,0.5314995520053462,0.5016624730595719,0.49611425978201834,0.45470988394631984,0
-0.5153142767807305,-0.5160444540870421,-0.5106431992631874,-0.5221218396199759,-0.5211436953435573,-0.4958070748130277,-0.3764458238385576,-0.38805121807023246,-0.2730133771118813,-0.21354877442707418,-0.18580581457423112,-0.15652669030569943,-0.21453280338818587,-0.26686362870678476,-0.27721025145236117,-0.23085758656474997,-0.1415123205029772,-0.005650462942909822,-0.010739774626740667,-0.04236114829034687,-0.03719914552082657,-0.035515283637717845,0.04134551145695025,0.05240129450770773,0.1110614676568605,0.08689985214340237,0.0996983807038976,0.17341937239587876,0.37986232894481553,0.3903211653913295,0.6152668304999765,0.6003041200081605,0.45743185293380145,0.46774629824528563,0.49814733476444095,0.53183091530659,0.5020208967484805,0.49646977639911893,0.45508028549421553,0.3725813977310151,1
-0.5154978240451837,-0.5100960339993943,-0.5215513748393749,-0.5205788725008152,-0.4952372603015705,-0.3759081784471443,-0.387512326056692,-0.2725031726254145,-0.21298047273302728,-0.18525328420729978,-0.15599341864927282,-0.21395900301745818,-0.2662733005268072,-0.27658843835219865,-0.23023024369136694,-0.14092435099428519,-0.005098408588281538,-0.010223509225027039,-0.04183794642396185,-0.036678492249287396,-0.0349844951065112,0.04183511126782062,0.05290518268691005,0.11154613461144382,0.08741154892343019,0.10020679555886952,0.17390621169442746,0.38027808785919953,0.3907391461965672,0.6156181976807832,0.6006449120517415,0.45778272239529566,0.46809893215796694,0.4984968320417258,0.5321677547249659,0.5023605032574748,0.4968296870177118,0.4554474727815395,0.37297523567603513,0.3707258060858433,0
-0.5095508926769018,-0.5210014708267487,-0.5200088045558736,-0.49467906728633226,-0.37536947149737077,-0.3869718105152409,-0.2719942198461332,-0.2124858555770559,-0.18469290933392266,-0.15544919177814845,-0.21340988487511836,-0.26568490004311257,-0.2759953583521425,-0.22962202813287047,-0.14032340530954263,-0.0045501823013672895,-0.009670118068665967,-0.041312848062323625,-0.03615690436373403,-0.03446447041510839,0.04234371519333469,0.05339151871671489,0.11203308568743942,0.0879029755443662,0.10071462821098474,0.1743930051000984,0.3807046166421274,0.3911517625143428,0.6159706544573298,0.6010005354346705,0.45816449659033176,0.4684468332065466,0.4988408618664994,0.5325076633973065,0.5027056263277792,0.4971707451607755,0.4558191301446386,0.3733657748559489,0.37112017354729177,0.39065486035498864,0
-0.5204536001854186,-0.5194592878410622,-0.49411566051138806,-0.37484195436485196,-0.3864302331252261,-0.2714836644755089,-0.21199245366674688,-0.18420563694336242,-0.15489716635177075,-0.2128496660861435,-0.2651215099054471,-0.2754042145020256,-0.2290422381729665,-0.1397412117131365,-0.003989265140382866,-0.009120559846751598,-0.04075036881031142,-0.035633419615178116,-0.03394351135325567,0.04284179196164278,0.05389680818801332,0.11250272742495696,0.08839669723001346,0.10120225251959737,0.17487929523910092,0.38113115655206314,0.3915751210323694,0.6163181955092822,0.601357243523854,0.4585615936997645,0.46882554092727274,0.4991802081139714,0.5328421768935269,0.5030538388573427,0.49751732698739415,0.45617165619684963,0.37376093632898677,0.3715112403343585,0.3910435408099953,0.32370511379718936,0
-0.5189118031640123,-0.49357264486703917,-0.3743093684927896,-0.38589988538550357,-0.2709720502856199,-0.2114974600398493,-0.18371956261775907,-0.1544176303200961,-0.21228156024332248,-0.2645468881391773,-0.2748381426513594,-0.22846434353568443,-0.13918685524183755,-0.0034465310766547278,-0.008558301189295282,-0.04019175557867849,-0.03507260058467276,-0.03342065528512144,0.04334079459594788,0.0543916058632767,0.1129910634099958,0.0888730125134797,0.10169216573731558,0.17534572165651063,0.3815574131704681,0.3919984936746946,0.6166759058207829,0.60170900677193,0.4589597278708192,0.4692195347804745,0.4995500784260959,0.533172061324834,0.5033965936184865,0.4978670018314372,0.45652976219835206,0.3741364085683072,0.3719069328537122,0.3914289410962393,0.32411289920493536,0.24781141550966196,0
-0.4930316388761186,-0.37379643297872245,-0.38536445552454873,-0.2704712499473395,-0.21100140916714846,-0.18323190169976214,-0.15393927425666648,-0.21178712455749782,-0.26396429961359813,-0.27426081456053036,-0.22791122313985113,-0.13863431596088238,-0.0029307417806993877,-0.008014244697985501,-0.03962037690891728,-0.03451564153037869,-0.0328604830941642,0.043841699239358475,0.054887328133943425,0.11346908847195387,0.08936812565729815,0.10216472715118567,0.17581440266552437,0.3819647664411424,0.39242159458863757,0.6170336923229265,0.6020709764529408,0.4593526334806155,0.4696145692602902,0.49993512886724306,0.5335321572500954,0.5037346721062764,0.49821120788451734,0.4568909893267833,0.3745175733392653,0.3722829235337717,0.39181893017816094,0.32451733555725804,0.24824085813933264,0.13439765415676036,1
-0.37328540354688605,-0.38484874437614225,-0.26996550717309675,-0.2105159561742384,-0.1827431842773785,-0.1534593369982398,-0.2112939036928447,-0.2634564446879781,-0.2736755047337069,-0.22734696536649604,-0.13810598109429795,-0.0024166511958137182,-0.007497162880478105,-0.03906733004300005,-0.03394592891268741,-0.032304168524547615,0.04437928594942706,0.05538495316115426,0.11394803163020832,0.0898528555740441,0.1026560281431906,0.17626603625639595,0.3823742786692473,0.39282584263758114,0.6173914465403921,0.6024330182976224,0.45975610775211884,0.47000439640810276,0.500321230209113,0.5339073160620063,0.504103232778331,0.49855072935080724,0.45724666058615965,0.3749019154815762,0.37266460928912776,0.39218935280468326,0.3249264847902549,0.24866687362421114,0.13485946083053943,0.2101057932797705,1
-0.3843349488669655,-0.2694787695897869,-0.2100256332999047,-0.18226496296865338,-0.1529783440163724,-0.21079909123820867,-0.2629498359735051,-0.2731651283281538,-0.2267747981877272,-0.13756673632065777,-0.0019259009432542067,-0.006981783744697133,-0.038541461163650856,-0.033394524416508684,-0.03173510501805241,0.044913097262388395,0.05591916552491346,0.11442888136816733,0.09033850618510546,0.10313698657911836,0.17673608450204048,0.38276759172497654,0.3932322446168773,0.6177313932631556,0.6027950123221032,0.46015961494725366,0.4704047651139886,0.5007021854005141,0.534283537138052,0.5044869578704628,0.4989207806700959,0.4575975815826003,0.37528052751991603,0.37304947368660996,0.3925654431876048,0.32531561275864135,0.24909774265152554,0.13531772366460657,0.2105459956832678,0.339403419115343,0
-0.26899384788460845,-0.2095539450031122,-0.18178190596627436,-0.15250773995626854,-0.21030322155608783,-0.26244162630689843,-0.2726560040319353,-0.22627659938412362,-0.1370197205624797,-0.0014245857183620802,-0.006489773899667598,-0.03801732196008972,-0.032870260765538645,-0.031184340406187377,0.045459495969620546,0.05644961477614062,0.11494583389665076,0.09082606184756238,0.10361886424797583,0.17719601693240689,0.3831784139564738,0.3936224920124363,0.6180733898181404,0.6031391310264438,0.46056292293933326,0.47080516967962727,0.5010936040388216,0.5346546797318799,0.5048717353858662,0.49930601428956223,0.4579794090150376,0.3756542578836474,0.37342860404349837,0.3929446985645477,0.32571050025864284,0.24950807484613832,0.13578105024274462,0.21098273214549434,0.3398067248141041,0.2464382776922348,0
-0.2090840207671016,-0.18131730890804307,-0.15203233621303555,-0.20981794723938002,-0.2619323580582032,-0.27214527702443164,-0.22577962420428968,-0.1365448263461364,-0.00091570940944054,-0.005987187522330943,-0.03751674891786478,-0.03234772185905716,-0.030660702168871564,0.045987917954198994,0.056992627286633235,0.11545908614840057,0.09134991399789247,0.10410264782790267,0.17765686044847767,0.3835797522417954,0.39403020098661923,0.6184001551078625,0.603485306317073,0.4609476946995981,0.4712053863693768,0.5014850669986208,0.5350361993797815,0.5052513758174616,0.4996922985993178,0.4583765600004466,0.3760596481898623,0.3738028497566941,0.3933182621802236,0.3261085986021646,0.2499242706080181,0.13622306953532687,0.21142439203394645,0.3402066976099128,0.24686811216406254,0.21689725870109952,0
-0.18085445149420773,-0.15157520846980369,-0.20932780388593986,-0.26143387110654115,-0.27163349118030894,-0.22528105480907257,-0.13607110124001104,-0.0004761541164017237,-0.005477033026461345,-0.03700552075415121,-0.03184871314941596,-0.030138786754758774,0.04648971883142159,0.057517711208041895,0.11598477820847784,0.0918700407528687,0.10462261894094403,0.17811961466829934,0.38398197890857083,0.39442845922927267,0.6187433963591544,0.6038161904359352,0.4613345888598354,0.47158711627978295,0.5018763747267941,0.5354177727080619,0.5056414681204534,0.5000734355054888,0.45877474798558526,0.3764806446823519,0.3742087724369212,0.3936869730401725,0.32650086315107596,0.25034372918804426,0.13667110786361264,0.2118452589443763,0.3406113541910777,0.24729451807823424,0.21733552307446857,0.1414860142413168,1
-0.15111979465279798,-0.20885629079530166,-0.26093045265544645,-0.27113252156983697,-0.22478142780650312,-0.1355957981773265,-3.7685269588520286e-05,-0.005036293401938811,-0.036486676648626676,-0.03133906367502866,-0.029640387525345004,0.04698986397032746,0.05801624951070164,0.11649278788344936,0.09240265666570413,0.1051388787878554,0.17861794899845596,0.38438612963508495,0.3948276046599149,0.6190778746706381,0.6041636144649115,0.46170560810112976,0.47197096366567703,0.5022493381948991,0.5357992269100581,0.5060316059989053,0.5004650374584334,0.45916770704090215,0.37690265078107354,0.37463030768917305,0.3940871780235091,0.32688816781969754,0.2507571929655955,0.13712248667970586,0.21227204110922354,0.34099609615081194,0.24772578007982235,0.21777032849451533,0.1419457981623391,0.19117875849901808,0
-0.20838654116217967,-0.26044598353076603,-0.2706266087231688,-0.2242924483096017,-0.1351194398597688,0.00040233687900965867,-0.004596642994002714,-0.03603788548022693,-0.03082180699522994,-0.029131353124721183,0.047466982181800094,0.05851314209775081,0.1169746380651023,0.09291749177335508,0.10566760003351436,0.1791126508329057,0.3848241677386973,0.3952286748523628,0.6194132154564547,0.6045022309289596,0.462093790386579,0.47233897981129447,0.5026244049464011,0.5361624944817384,0.5064215934833751,0.500856683559557,0.45957123522847526,0.37731926482378636,0.3750528519287348,0.3945029269959136,0.32730758085739237,0.2511655754273077,0.1375676300869508,0.21270211191432956,0.3413865761228064,0.248136495920582,0.2182100447534515,0.14240204553708194,0.1916243619700858,0.17228883555116883,0
-0.25996332247351367,-0.2701397051550811,-0.22379858225973745,-0.13465340614883775,0.0008434107151971444,-0.004155438458013533,-0.0355902023623989,-0.030374486690124488,-0.028614714922477975,0.04795454025684901,0.05898708085403702,0.11745489379744681,0.0934060130339864,0.10617859583528312,0.17961965930905585,0.38525879285979486,0.39566354344218935,0.6197504955421161,0.6048417114708053,0.4624727302663748,0.4727241123752928,0.5029837663371164,0.5365278496400214,0.5067932578281029,0.5012481737604373,0.45997479628870547,0.3777466562638302,0.3754700004266531,0.3949196916028527,0.32774276828202153,0.25160676256209935,0.13800751070792222,0.21312610792478945,0.34178025618757935,0.24855307721091635,0.2186290141707765,0.14286334351829352,0.19206648002527252,0.17273982949947844,0.13666147596387002,0
-0.2696546180366398,-0.2233234359467415,-0.1341825943610924,0.0012746495867469048,-0.0037131821148828287,-0.035140959499227346,-0.029928270994981344,-0.028167967680993677,0.04844958328444562,0.05947143029428645,0.1179125695896644,0.09389291935159697,0.1066633646139891,0.18010925098053146,0.38570529335395065,0.3960950105883672,0.6201197314791265,0.6051831303692429,0.4628525498486172,0.47310003507043413,0.5033601097733225,0.5368776386632664,0.5071670233530625,0.5016213167821798,0.4603781579492283,0.37817405801529264,0.37589793102739444,0.39533110005186384,0.32817894901047157,0.25206398526100765,0.13848123654233627,0.21354496228761663,0.342168135761569,0.2489729222597692,0.21905388953272703,0.14330338236725268,0.1925135565861461,0.17318731859548223,0.13712263662760635,0.11984981565861323,0
-0.22285006560108755,-0.13372994820686018,0.0017105020425906682,-0.003280777146013263,-0.03469066401615202,-0.029480496580666354,-0.02772232370897451,0.048876321054491294,0.05996324693063513,0.11838050681165825,0.09435709626624049,0.10714652997738752,0.18057309967250376,0.3861352371426511,0.39653833043766223,0.6204858049133629,0.6055566246666116,0.46323429859610543,0.47347683629891335,0.5037273371099108,0.537244261112348,0.5075251021716658,0.5019965633780008,0.4607629825193865,0.3786011733287893,0.3763258714298111,0.39575324006671414,0.32860964060329756,0.2525221759498179,0.1389713882379179,0.2139969672623351,0.34255108057372247,0.24938676959304643,0.21948204888390627,0.14374943053513806,0.19293971159211404,0.173639801207851,0.13758025578094688,0.12031577374119154,0.126455721915425,0
-0.13327900054795225,0.0021290291036155694,-0.0028437530801273918,-0.0342503314663099,-0.029031669694923736,-0.027275121417590652,0.049302002360764784,0.06038699521879045,0.11885582040523404,0.09483159427504481,0.10760705001066645,0.1810354092161693,0.3865407868584891,0.3969651387932256,0.620863261613296,0.6059269409583082,0.4636492876504863,0.4738555673803776,0.504095439610531,0.53760187117285,0.507900143122669,0.5023561020347802,0.4611499295750117,0.3790093715577577,0.37675352342774004,0.3961753953578828,0.3290512335361132,0.2529747267605494,0.13946247009487528,0.21446513755961388,0.34296598972727455,0.24979553341336228,0.21990414784847806,0.1441988143364771,0.19337180779782093,0.17407123394054225,0.13804293448257965,0.12077817301533786,0.12691979491951796,0.03530906030458524,1
0.0025459751473758886,-0.0024240825684112184,-0.033805342341831315,-0.028592785362720734,-0.02682686671262701,0.04972922802647003,0.06080969403610051,0.1192642774457649,0.09531350496254606,0.10807785757688988,0.1814755421358407,0.38694497652185283,0.3973676239821579,0.6212251430404961,0.6063086709736154,0.46406094763424305,0.47426745160492745,0.504465473946162,0.5379603526708503,0.5082660818699777,0.5027326254892664,0.46152100095338383,0.37941973011206903,0.3771622497556423,0.3965972833650088,0.3294928233537089,0.2534383713658922,0.13994768680776765,0.21493426327029502,0.34339661924431447,0.2502371145049229,0.22032111603226587,0.1446419777668662,0.19380720560567374,0.1745086337674208,0.13848432127746027,0.12124566299659205,0.12738031591219975,0.03579914315564487,0.05649991689244734,0
-0.0020059970110621684,-0.0333778982096898,-0.0281492513023267,-0.026388546621062627,0.05015750408590107,0.06123393512718169,0.1196717207843834,0.09572807468170257,0.10855605739905806,0.18192577548467567,0.3873282957263238,0.39776875853291505,0.6215641695906469,0.6066747649725475,0.46448431813277863,0.47467601806223236,0.5048684102236295,0.5383207681960296,0.5086328952820116,0.5031000309235599,0.461909236185386,0.37981387736104183,0.3775731372638326,0.397000337910362,0.3299340749351524,0.25390199200751407,0.14044428491494085,0.21539767421080247,0.3438282473012572,0.25069473588605534,0.22077117251809986,0.1450798897528839,0.19423648846532987,0.17494934813291702,0.13893172400478046,0.12169174686456827,0.12784591536856957,0.03628558021167983,0.05698395266589379,0.02102100463676215,0
-0.03295206579786252,-0.027723227262172735,-0.02594557946875348,0.05057612277516713,0.06165922631021574,0.12008069572858561,0.0961416164003102,0.10896718873648764,0.182383287232612,0.3877211939491729,0.3981490912842716,0.6219020404490604,0.6070179088292551,0.46489146071043436,0.4750962728270267,0.5052680613095626,0.5387138078284108,0.5090016408227781,0.5034683115908954,0.46228822844685985,0.38022554673738657,0.3779678058835827,0.3974055444538915,0.3303561832900373,0.2543651939822389,0.14094082790288254,0.21587227456151822,0.3442544174030446,0.25115332479908725,0.22123737095464852,0.14555158191857157,0.19466059939269315,0.17538390747539845,0.13938246566956475,0.12214386971053438,0.12829015358751486,0.03677726466308334,0.057464364448241996,0.021515164764321033,-0.0783644838786404,0
-0.027298810052705652,-0.025520108711192067,0.0509992953868455,0.06207490154415036,0.12049071922116729,0.09655669398911111,0.10937730011635138,0.18277524959191396,0.38812105328097635,0.3985389756456797,0.6222205312733403,0.6073598843457626,0.46527472485306026,0.4755003439599767,0.5056793367028113,0.5391035982987785,0.509403251079172,0.5038385240526458,0.46266810043107726,0.38062772312955667,0.3783800047254571,0.397794613551494,0.33078047448952236,0.2548089015835163,0.14143683203010976,0.21634684059052917,0.34469144903635945,0.2516062711066708,0.22170452706985488,0.14603967555186112,0.1951180345823355,0.17581326466030847,0.13982697672818034,0.12259934300717025,0.12874042172902408,0.03724696869112974,0.05794998435071871,0.022005664395433753,-0.07784196285117238,-0.14501733577321219,1
-0.02509624287926792,0.051405447360550346,0.06249511678531921,0.12089133863406153,0.09697282074333521,0.10978894496756553,0.18316623683328054,0.38845959655972645,0.3989358044374611,0.6225480061502138,0.6076823875815398,0.4656566974050195,0.47588060611706234,0.5060745561027551,0.5395049422907271,0.5098015809715162,0.5042416436013187,0.46304990156860065,0.38103078822793296,0.37878270493440747,0.39820112593357987,0.33118835464476776,0.2552548269966539,0.14191281703822134,0.21682094799291837,0.3451284818668828,0.2520703146909298,0.22216598190431017,0.14652870171080928,0.19559170022918998,0.1762761194173945,0.1402662286228053,0.12304855003183662,0.12919403579725028,0.03772282758626887,0.058413767785525386,0.022501437903469174,-0.07732320458094738,-0.14447579451563336,-0.021175149374444934,0
0.051810060926600364,0.06289838246816624,0.12129642687783186,0.09737945872304135,0.11020163863711577,0.18355874417244838,0.38879728967721927,0.3992715397044675,0.6228820800860293,0.6080139116940227,0.4660182987973864,0.47625958590565187,0.5064461667042907,0.5398903714606714,0.5102115256868129,0.5046414772912438,0.46346494452627723,0.3814357771950093,0.3791862940525343,0.3985982003503098,0.3316139701431636,0.25568403121668853,0.14239107211244562,0.21727538656453071,0.345565193098029,0.2525343339342577,0.22263860892687312,0.1470118768048166,0.1960663149764402,0.17675526963862945,0.14073930496092452,0.12349247099260832,0.12964139760788346,0.03820209482850712,0.05888367703883932,0.022975133925206094,-0.07679898823223598,-0.14393808459647417,-0.020668948043302528,-0.09925844580327517,0
0.0633001196813673,0.12168492913683433,0.09779059398638386,0.1106048911729902,0.18395229839494187,0.3891364656238236,0.3996064313786528,0.6231596684976093,0.6083520572737454,0.4663892798917968,0.4766182617929271,0.5068165215151132,0.5402524132332974,0.5106054333239136,0.5050529365993313,0.46387665821709045,0.3818746777513525,0.379591806919962,0.39899616149631584,0.33202994386932694,0.2561313018552473,0.14285214251438527,0.21773206032049036,0.34598283373593386,0.2529979330554624,0.22311120349339172,0.1475064153181254,0.1965351773600439,0.17723536265963188,0.14122879936959615,0.1239703706392776,0.13008348392456218,0.038674916446250145,0.05935698012702184,0.02345500440020985,-0.07629752452451666,-0.14339479306409808,-0.0201664506255316,-0.09872996242082253,-0.13663006153703558,0
0.12207195375926475,0.09818499792637354,0.11101262498782338,0.18433667708145463,0.3894766830613702,0.39994280392289466,0.623436549332148,0.6086334183541647,0.46676710080670547,0.47698629053327274,0.5071667662592423,0.540613228610879,0.5109757618274581,0.5054483372998306,0.46430008280822566,0.38231016218535335,0.380031246509262,0.3993960476739696,0.33244681164793244,0.25656869968772505,0.14333177408611658,0.21817185879471854,0.34640264998560233,0.25344203144995087,0.2235833466307587,0.1480009006594221,0.197015277149874,0.1777096657972277,0.14171922469472858,0.12446474621139587,0.1305594883197482,0.039142316728616226,0.05982388254693924,0.02393829300726676,-0.07578975012515586,-0.14287470696503282,-0.019658601124274155,-0.09820526329405524,-0.13609091369371346,-0.2442543769570011,1
0.09857790390926192,0.11140370923225776,0.18472544782084818,0.3898084651163533,0.4002802176746242,0.6237148704696446,0.608914063032603,0.4670852239184218,0.477361142755915,0.5075262864791932,0.5409541483075283,0.5113448384789249,0.5058201251019017,0.4647072787095742,0.3827575281611039,0.3804672680138274,0.3998296980493138,0.3328656001502646,0.2570069998741276,0.14380118760020646,0.2186298881728399,0.34680611934407224,0.253888348288959,0.22403585236027335,0.14849485465211792,0.1974953374186176,0.17819525424295823,0.1422037893722702,0.12496004709253966,0.1310519459071126,0.039644471335278895,0.0602853975384228,0.024415105677834413,-0.07527848953112652,-0.14234821880609574,-0.019173115760131712,-0.09767506736382757,-0.13555558855888566,-0.24368451716082745,-0.29361311471857143,1
0.11179330694988852,0.18509802476256174,0.39014439057376693,0.4006092349504781,0.6239942269450006,0.6091961506460627,0.4674025446352634,0.47767651516224974,0.5078925830956509,0.5413042578988979,0.5116938337885877,0.5061906565688953,0.46509059497000466,0.3831883251288893,0.3809151749155747,0.4002599514160158,0.3333186988346891,0.2574472159008321,0.14427151587376202,0.2190779299622934,0.34722725556408723,0.25431793832336874,0.2244905901450357,0.14896882232230235,0.1979749190022163,0.17868079797841543,0.14269972970339248,0.12544945393424323,0.1315453310068656,0.04016339280216873,0.06078147243386676,0.024886474151075758,-0.07477391571909299,-0.14181819880631494,-0.018681398099917368,-0.09716776601338678,-0.1350146973558571,-0.24311859081112822,-0.29302916978540033,-0.15978784526877993,1
0.18546917890138134,0.3904653923564782,0.4009423825582758,0.6242659926040564,0.6094792739782137,0.4677213339347551,0.4779910916080963,0.508200028121893,0.5416610918087562,0.5120520931073234,0.5065410739990889,0.4654726194796613,0.3835947087295996,0.38134650512028817,0.4007020487725582,0.33376832970736064,0.25792236103318844,0.14474375268994405,0.21952687823002692,0.34763879780028917,0.25476560076641946,0.22492848040221916,0.14944505679270872,0.19843474418295348,0.17916584300953503,0.14319561553717006,0.12595027906128473,0.13203283518803757,0.04068321137998764,0.061294241264270834,0.02539272803763196,-0.07427494512854271,-0.1412950069920138,-0.018186233410266116,-0.09665412532970447,-0.13449695460893227,-0.2425468989217814,-0.2924492090854325,-0.15924208906043044,-0.00774066586340105,0
0.3907851489186706,0.40126067325628356,0.6245416179381738,0.6097547542214737,0.46804116266387746,0.4783071347175186,0.5085066957311911,0.5419597689615947,0.5124171218447923,0.5069007684899394,0.4658342716620471,0.3839997297161216,0.38175340989904366,0.4011276520126641,0.3342299436738651,0.25839395809195065,0.14525184351661818,0.21997773991187183,0.3480512323718051,0.2552033862233146,0.225384571936502,0.14990413555827933,0.19889681326847927,0.1796310442374183,0.14369096490938987,0.1264510450727072,0.132531740902996,0.04119696800085434,0.06180791427369576,0.0259157979546917,-0.07374017728989593,-0.14077752504870514,-0.017697634175902085,-0.09613698414244681,-0.1339728212994742,-0.24199908661199288,-0.29186339136408457,-0.15870017938833375,-0.007238298231200803,-0.13648161420542188,1
0.4015777280685156,0.6248037688957907,0.6100341117004833,0.4683528389441046,0.47862421697890184,0.5088148244733994,0.5422576892070959,0.512723392090611,0.5072672403417043,0.46620530401260446,0.3843838615608958,0.38215895046253956,0.4015289593392143,0.33467478610233614,0.25887769593172144,0.14575626632828656,0.22046383819390977,0.34846558867716443,0.2556420741843326,0.2258306965565396,0.15038174457168735,0.19934192972463533,0.18009849807343267,0.14416630563680222,0.12695125680588373,0.1330305893170216,0.041722357289273315,0.062315567416115505,0.026439760216979406,-0.07318825139996603,-0.14022363433554208,-0.017214546655842117,-0.09562657406355544,-0.13344516189306743,-0.2414447362074506,-0.2913017885306378,-0.15815266072728362,-0.006739620689217274,-0.13594250872341404,-0.034201402723551176,0
0.6250648772666663,0.6102999051018345,0.46866856357676,0.4789331849040636,0.5091239915673402,0.542557064468458,0.513028887667505,0.5075748477359725,0.46658317646730946,0.38477757988209627,0.38254359020750334,0.40192891964601035,0.33509489753275656,0.259344347750551,0.14627306556497754,0.2209463485265439,0.3489141271427747,0.2560826778972971,0.22627772691198614,0.15084915710567648,0.19980535965115917,0.18054892208410106,0.14464391538729407,0.12743138210963634,0.1335288904536191,0.0422476642381685,0.0628347994893692,0.026957632142928546,-0.07263546631428239,-0.13965235619494945,-0.016696186584249706,-0.09512180063803692,-0.1329243128786062,-0.24088678600111108,-0.29073357994110866,-0.1576284478399357,-0.006235615963286453,-0.13540722579715844,-0.03369148418708088,-0.0674164931721267,1
0.6105646433748678,0.4689698500564234,0.47924618837791155,0.5094251541636678,0.5428574771964804,0.5133358435577046,0.5078816773334891,0.4669013473343275,0.38517826385064036,0.3829378210901733,0.40230810454293864,0.33551360417677145,0.25978577536301944,0.1467723088248514,0.22144107798256826,0.34935921439846995,0.2565582219140415,0.22672667111854491,0.15131748362378497,0.20025874437177177,0.1810177419697168,0.1451043497168855,0.12791378418227223,0.13400713572516737,0.04277232731408079,0.06335395504436758,0.027487172968718172,-0.07208896896752602,-0.13908024109028927,-0.01616086527019468,-0.09458103826801338,-0.1324091603148763,-0.24033587451082794,-0.29016173774721377,-0.15709781264519052,-0.005753884110094581,-0.1348663770778352,-0.033185282967096205,-0.0668970962915867,-0.025962575818988302,0
0.4692699591988359,0.47954481910113067,0.509730315409008,0.5431500069110372,0.5136438376810484,0.5081899681771946,0.46721871569476275,0.38551757121421865,0.38333902045668033,0.40269683051542543,0.33591111411253777,0.26022573270526733,0.14724559083944153,0.2219185651757764,0.34981625213104206,0.25703021640502144,0.2272107965399611,0.15178771914062464,0.20071303764096082,0.18147645914515287,0.14558333534067064,0.12837894213110548,0.1344876547219939,0.043276512805257523,0.06387248918406295,0.02801662752996058,-0.07153055069477901,-0.1385145461125509,-0.015624665685203017,-0.09402304594315969,-0.13185767593224812,-0.23979083167816748,-0.28959703898353645,-0.1565636354942465,-0.005265938376921779,-0.13434867580616947,-0.03267370552070161,-0.06638145090356412,-0.02545500833546043,-0.03906305283390135,0
0.4798422816313371,0.5100212923896968,0.5434464944626786,0.5139438435840669,0.5084992973890228,0.4675375526711655,0.3858560266292101,0.38367880537327625,0.40309249450781065,0.3363183333028466,0.26064401575878526,0.14771730472633493,0.22237058312612304,0.3502565833751015,0.2575143545300298,0.2276913411943289,0.15229375086140393,0.20116924310638998,0.18193608693540242,0.14605210979828853,0.1288627247125893,0.13495095659086015,0.043783014016622275,0.06437064378541564,0.028545423076001615,-0.07097224598843044,-0.1379367611875502,-0.015094640247880533,-0.09346420139161647,-0.13128883298578117,-0.23920846960283482,-0.28903828785512514,-0.15603631786429809,-0.004774554814710414,-0.1338245841754632,-0.032184580702571186,-0.06586036772811614,-0.02495114969123488,-0.03855174696438845,-0.04366492011392739,0
0.5103111275305594,0.5437290062197014,0.5142478426678331,0.5088006198535313,0.4678574290820194,0.3861959654063893,0.38401773722420435,0.4034271505049972,0.3367325928537342,0.2610721987131994,0.1481666306394367,0.22282109827248078,0.35067228563925973,0.25798140094418615,0.22818409086120522,0.15279612206351564,0.201660839524587,0.18239762570640886,0.14652179876774843,0.12933624495023677,0.1354328542750584,0.044271925618066685,0.06487110434348181,0.029053674928968643,-0.07041470562419518,-0.13735910813892727,-0.014552838907830065,-0.09291168607924603,-0.13071915027771827,-0.238608378590153,-0.28844176463106935,-0.15551473373925345,-0.004289708206638633,-0.13329696654947018,-0.03168920573188286,-0.06536196282075708,-0.024441930090482587,-0.03804416341366303,-0.04315230104367187,-0.11046621934011289,0
0.544010405284157,0.5145376854192072,0.5091059417228289,0.4681691523822997,0.3865369457516411,0.38435815277049284,0.4037609654339657,0.3370844789637968,0.2615075380407707,0.14862614135087085,0.22324970185784992,0.3510865966620753,0.258423214228408,0.22865962640725662,0.15331085496289915,0.20214882797697967,0.18289470948010575,0.14699339642550174,0.12981068153863656,0.13590450972496798,0.044779830649081614,0.06535406189065011,0.029564249085201968,-0.06987816879233358,-0.13678229006988366,-0.01401113542388948,-0.09234719685704533,-0.13015587103750884,-0.23800748371336408,-0.2878273426087097,-0.1549566053289537,-0.003810351816700339,-0.13277615900049283,-0.0311903748109294,-0.0648572622293445,-0.02395510714923345,-0.03753119462592096,-0.042643409027207126,-0.10993453767843227,-0.12070908522146141,0
0.5148263902361067,0.5093970754669189,0.46848492425729554,0.38686948012747574,0.3846996099330605,0.40409626048002056,0.3374354837013596,0.26187895606925427,0.14909298180193614,0.2236883000613257,0.35147980976223825,0.25886355605761663,0.22910973684595787,0.1538080612577077,0.2026490748781707,0.1833881653108457,0.14750082963196862,0.13028702573357354,0.13637708080305586,0.045277215979239706,0.06585592042531636,0.030057175241631144,-0.06933926386633912,-0.13622678392431978,-0.013470135673857846,-0.09178282694095263,-0.12958052311886076,-0.23741320607123495,-0.287212133185574,-0.15438103866065295,-0.0032958461329558666,-0.13226104766472005,-0.03069813698035382,-0.06434908294082557,-0.023462045349272254,-0.037040711493054275,-0.04212912324460179,-0.10940665180446113,-0.1201744806290956,-0.11933594740403425,0
0.5096870668314186,0.4687862568438416,0.38720616146233594,0.38503261450942733,0.4044325966246164,0.33778798057687714,0.26224944703662617,0.1494935878708572,0.22413411227550362,0.35188269268251454,0.2592822149572748,0.2295583503405911,0.15427935237216525,0.20313200108804527,0.18389391883868345,0.14800459721754822,0.13079934257862874,0.13685155991274184,0.04577552690747409,0.0663473237678434,0.030569157157224424,-0.06881841309108085,-0.1356688789749904,-0.012949874851136101,-0.09121924351000962,-0.12900530477255076,-0.23680658683213265,-0.28660363903497826,-0.15380463995490554,-0.002764425439580077,-0.13170960587201286,-0.030211431707054332,-0.06384756720822911,-0.022965533241279167,-0.03654397154324318,-0.041637354378702314,-0.10887324835448584,-0.11964368236364015,-0.11880173465382551,-0.16090120025588295,1
0.4690864119343827,0.3875279009551706,0.38536976826769154,0.40476055124726756,0.3381415202902275,0.262621443768713,0.14989319860267716,0.22451523418130542,0.35229259196663576,0.25971077720717645,0.22998509501126657,0.15474908147501829,0.20358933505445276,0.1843822734004859,0.14852073652452322,0.1313079760235233,0.13736195780047097,0.04627574000242084,0.06683965039052661,0.031070575876590848,-0.06827807300171922,-0.13512930056141356,-0.012427272283693514,-0.09067676028415339,-0.12843091251714114,-0.2362001267304799,-0.2859826781213228,-0.1532346907137313,-0.0022321219942707674,-0.1311408060263269,-0.02968933436989665,-0.0633516371795183,-0.022475596745059608,-0.036043772313741035,-0.04113932238758417,-0.1083628156219813,-0.11910734753800145,-0.11827132681766324,-0.16035512633767637,-0.1138805079672291,0
0.3878483926874202,0.38569196882935336,0.40509263117817207,0.33848643974807974,0.26299448531028013,0.1502943354627229,0.22489540632691005,0.35264043797816924,0.2601464979292403,0.23042181723976374,0.1551964672093961,0.20404514988594444,0.18484491295939337,0.1490193292353448,0.13182901612002867,0.13786867927415566,0.04681261518898649,0.06733388054346037,0.03157292175690439,-0.06774859865559973,-0.13456994207022668,-0.011922490155789845,-0.090131899337481,-0.12787779337875807,-0.23559460677799662,-0.28536188990428873,-0.1526526140695786,-0.0017059660126361902,-0.1305711663695312,-0.029150230962310095,-0.0628200103475432,-0.0219911796233817,-0.03555017648856798,-0.040637827965257306,-0.10784602819253504,-0.11859405301261748,-0.11773538496629826,-0.1598129001012879,-0.11334785199532008,-0.14286484946481293,1
0.3860129200428888,0.40540987986063054,0.33883556471540327,0.26335863596989856,0.1506965200786326,0.22527709100729734,0.352987412067708,0.26051826934695693,0.23086574309739732,0.1556540199360165,0.2044789340532467,0.18530601708447947,0.1494919754127198,0.1323324399574187,0.1383877936741127,0.04734571756880259,0.06786459997365972,0.03207716888455691,-0.06721818627744727,-0.1340216522253587,-0.0113984681940522,-0.08960517792727096,-0.12732227930096193,-0.2350108579014529,-0.2847420941459062,-0.15207067335936036,-0.0011680681960355242,-0.1300079298857382,-0.02861025362862091,-0.06227126314021101,-0.021471446026837947,-0.03506212099967198,-0.040142946710083595,-0.107325732584043,-0.11807438974929425,-0.11722247408706117,-0.1592650628124483,-0.1128189953241875,-0.14232392244629113,-0.12100597988468884,1
0.4057258962451567,0.3391694487611444,0.26372708305444875,0.15108940939477777,0.22565982147672184,0.35333587547656103,0.2608891128769219,0.2312451171591546,0.1561188915668634,0.2049227603837121,0.18574497167571113,0.149963055415705,0.13280980800788306,0.13888931918803873,0.04789140225371906,0.0683915690076285,0.03261819462488969,-0.06668587904697379,-0.13347241705776686,-0.01088513788110167,-0.08905887605604541,-0.12678505748329824,-0.2344246644986727,-0.2841442978377232,-0.1514895832822356,-0.0006302645450032412,-0.12943262509994594,-0.02807647631575573,-0.06172165308548397,-0.02093473471259612,-0.03453862884260247,-0.039653613154516085,-0.10681219186111778,-0.11755121129225689,-0.11670319635219246,-0.15874053886065695,-0.11228461474899107,-0.14178682455142938,-0.12047129056969448,-0.03601988253581949,0
0.3395020432304615,0.26407982481521936,0.15148673099778512,0.2260335266111541,0.3536853813154196,0.2612614624181496,0.2316235455492311,0.15651767338325712,0.20537382965711184,0.1861940158819367,0.15041176169057557,0.1332855953782519,0.13936483184466225,0.04841912036555244,0.0689310763176623,0.03315543244805295,-0.06611598270147644,-0.1329212913266711,-0.010370875791660853,-0.0885235035329797,-0.1262280921763054,-0.23385720317592895,-0.28354403426176067,-0.15092987346915865,-9.31503902614895e-05,-0.12885744984571226,-0.027530890067608907,-0.061178309024440124,-0.020397146724236995,-0.03399811388443862,-0.03912880070989645,-0.10630430572483476,-0.11703480945094309,-0.11618040436398183,-0.15820959107527297,-0.11177322808552673,-0.14124414903277965,-0.11994040788709455,-0.03550944507324928,-0.061330152575963186,1
0.2644312120691248,0.15186765328526966,0.22641157333927517,0.3540263228767696,0.26163485680453047,0.23200348525467845,0.15691546412979906,0.20575982260369347,0.18665033190659905,0.15087064707701686,0.13373890322883958,0.13983876952100396,0.048920233287755396,0.06945270486377698,0.033705282263144246,-0.06554997937887509,-0.1323320329173666,-0.009854715170017505,-0.08798719069243618,-0.1256821699832844,-0.23326952886821611,-0.2829627044763423,-0.15036775804695213,0.0004232869961795093,-0.12828310052505723,-0.02698540525396994,-0.0606230717998083,-0.019865742392484287,-0.03345672662174837,-0.03858694962752204,-0.10576032781577785,-0.11652407858561703,-0.11566438607839404,-0.15767510057122622,-0.11125548204478815,-0.1407246643249717,-0.11940398809404533,-0.03500272679825471,-0.060812492509308584,-0.04132687464101092,1
0.15224712403536186,0.22677368401861295,0.3543714511420947,0.26199935541254266,0.23238447057272707,0.15731477973184735,0.20614485439585192,0.18704118634290012,0.1513368587425674,0.13420243242219515,0.14029026924691693,0.04941969258505569,0.06994786593270394,0.03423710629932385,-0.06497115756739887,-0.13174673802008607,-0.009301431820247787,-0.08744898434400594,-0.125135303384965,-0.23269322530193748,-0.2823609463855406,-0.14982402952198845,0.0009420599375378806,-0.12773002363458888,-0.026440637979223528,-0.06006794513408941,-0.019322550017834304,-0.032921549036244745,-0.03804422777554832,-0.10519908138195971,-0.11597716197201308,-0.11515403657167157,-0.15714747195014858,-0.110734225486781,-0.1401987805079363,-0.11889061061814311,-0.03449062892647061,-0.0602985776727477,-0.04081492276145527,-0.04975126071009101,1
0.2271344079322454,0.35470143454555836,0.2623681520904119,0.23275645477321155,0.15771514290561064,0.20653140212115384,0.18743106825289368,0.15173688219680692,0.1346733135932898,0.14075197372144083,0.049896140368278157,0.07044139166096217,0.03474223229247472,-0.06441077336135125,-0.13114848614680724,-0.008751981012446331,-0.08687301848741535,-0.12458654568345756,-0.23211596555808678,-0.28177070929290593,-0.14926045648518554,0.0014430673410143146,-0.12717455187310303,-0.02591666990198648,-0.05951357120800475,-0.01877945681443192,-0.03237455018707051,-0.037507724741135035,-0.10463698645974227,-0.1154129415843069,-0.1146075139148366,-0.15662557861542536,-0.11021973105772624,-0.13966936632415414,-0.1183708639973162,-0.03400099603641593,-0.05977923632921564,-0.04030669553000325,-0.0492369048259501,0.07435070851900026,1
0.35503014180319775,0.2627212350421146,0.23313277243167368,0.15810623605572294,0.20691899612719963,0.18782246948772802,0.15213591167678417,0.13507766367786903,0.14122102007578746,0.05038302186218725,0.07091203922402024,0.03524569233247414,-0.06387773307210032,-0.13056894807030298,-0.00818983054018936,-0.08630096775025702,-0.12399972370311764,-0.23153682163619815,-0.28117951062369084,-0.14870799705874632,0.0019632559723172537,-0.12663737176510154,-0.025390354078313065,-0.0589801501598526,-0.01823707241856494,-0.03182765410793158,-0.03695938877343103,-0.10408124303793055,-0.11484787612465208,-0.11404369220935455,-0.15606713078071832,-0.10971089667842888,-0.13914677575936943,-0.11784760197945143,-0.03350511050101756,-0.059282531907480604,-0.039793078865755865,-0.048726282258023654,0.07482965034440477,0.09312929596813907,1
0.2630729623121715,0.2334931955991042,0.15850175300132668,0.20729749730706012,0.18821491749404878,0.15253646687851657,0.13548100966743234,0.14162367007162396,0.05087738456447279,0.07139306726594687,0.03572605094715595,-0.06334644448937815,-0.13001718706566903,-0.007645880696265197,-0.08571605511205758,-0.12341685636478897,-0.2309187357443656,-0.280586430952455,-0.14815459069394019,0.002472793851778386,-0.12608044881535108,-0.024881911927553152,-0.058444366061744454,-0.017715449100593982,-0.031281480719972526,-0.03641115683992572,-0.10351349728511704,-0.11428918251010593,-0.11347902497392141,-0.1554912408565602,-0.10916593920118962,-0.13862989162143938,-0.11733111720716985,-0.03300576776999627,-0.05877954014489347,-0.039301963235187566,-0.04821025464350239,0.07530498654594155,0.09360287908728743,0.12137140080765421,1
0.23385223781123068,0.1588809140058916,0.20768036275390275,0.1885982053153269,0.15293806977730098,0.13588588439729476,0.14202531994925277,0.051303491964535194,0.07188154412349579,0.03621687916438072,-0.06283888274054533,-0.12946723527804394,-0.007128903114366838,-0.08514966665819977,-0.12282104947701537,-0.2303047183132922,-0.27995400678397236,-0.1475992947160473,0.0029832620382252957,-0.1255345685276725,-0.024354173117797324,-0.057926591374071905,-0.017191481832143484,-0.030756129023528908,-0.03586365247457455,-0.10294587391726105,-0.11371846059024229,-0.11292072685622734,-0.15491451926630873,-0.10860370144940881,-0.1380766184621304,-0.1168203038859295,-0.03251302198724301,-0.058273073853336264,-0.038804587684410904,-0.0477167852919789,0.07578549778285995,0.09407287590443629,0.12183692468676117,0.2237629477882351,0
0.15925862953747214,0.20804717633527722,0.188985880032423,0.15333038544879693,0.13629180726096046,0.1424284973810862,0.05172854437537231,0.07230219786809687,0.03671521043098079,-0.0623206017310105,-0.12894142975440334,-0.006613627893980648,-0.08461075790416007,-0.12224392163142601,-0.22967753771770816,-0.2793257032758815,-0.14700574560440688,0.0034956296213245093,-0.12498774385093313,-0.023837165611049062,-0.05738937513133524,-0.01668535456763453,-0.03022842734069242,-0.0353369910927751,-0.10237904891234692,-0.1131478638691192,-0.11235040391527984,-0.1543442493520112,-0.10804061634804557,-0.13750596528286205,-0.1162733020924836,-0.03202581167146849,-0.057773258205579374,-0.03830375130359982,-0.047217044472035306,0.07624429381775717,0.09454801295263847,0.12229889132304206,0.22419925295081883,0.2210166721533808,1
0.20841258695802461,0.1893573872944576,0.1537271306952513,0.13668838294927796,0.14283272277510758,0.05215514070585331,0.07272180938053743,0.03714499498927894,-0.06179466574951611,-0.12840473753688164,-0.006121719628989017,-0.08407361888471165,-0.1216945163515563,-0.2290694821302901,-0.27868413404878445,-0.14641617562543247,0.0040450103724872155,-0.12443902806145381,-0.023319224902959457,-0.05686299130421954,-0.016159966584830373,-0.029718619198496134,-0.034807977604318606,-0.10183337596893051,-0.11257807636613876,-0.11178020579586284,-0.15376184921143998,-0.10748388952865572,-0.1369344744215764,-0.11570899550321545,-0.0315031926077789,-0.057279018523111534,-0.03780952312979742,-0.046713837052746725,0.07670919120116232,0.09500156236725672,0.12276594584631727,0.22463210622439964,0.22145376100027864,0.22049710649273274,1
0.18972747543669422,0.15410749047876673,0.13708940835177325,0.1432276245495305,0.05258278736642748,0.07314296100779052,0.03757371595682826,-0.061339303451593795,-0.12786028846055894,-0.005619235763946276,-0.08356033817974477,-0.12114691305185328,-0.22848984852379972,-0.27806189435907946,-0.14581361798121964,0.0045905727894012234,-0.12385224920375043,-0.022799386500849284,-0.05633567064259527,-0.015645284824586658,-0.02918949318905261,-0.03429687646259476,-0.10128532014082875,-0.11202948831660774,-0.11121081543936231,-0.15317958531064924,-0.10691515172015882,-0.13636939941187645,-0.11514384394102622,-0.03096356121562527,-0.056749137877896275,-0.03732083891455495,-0.046217255712733434,0.07717747019459736,0.09546118738855407,0.12321160459288749,0.2250698576119672,0.22188739513244582,0.22093434360423056,0.26863115376848984,0
0.1544864006616903,0.13747394541886243,0.1436269681247073,0.05300078539099106,0.0735651624146181,0.03800398340945068,-0.060885064575277446,-0.12738777245824343,-0.005109184347669264,-0.08303628572806261,-0.12062340323706935,-0.2279121097596098,-0.27746839741658713,-0.14522983533876785,0.005148806957441859,-0.12326942483106693,-0.022242319139723042,-0.05580645442419505,-0.01512967076418945,-0.02867111328233995,-0.03376643737863769,-0.10075544965112417,-0.1114785126630937,-0.11066261818304231,-0.15259817322286506,-0.10634653723454714,-0.13579223991328482,-0.11458506481364719,-0.030423056503912783,-0.056202157802584515,-0.03679669726119062,-0.045726231810922946,0.07763938639007671,0.09592418115965601,0.12366330023164723,0.22548690879855782,0.22232593246856083,0.22136812546640056,0.26905465522383304,0.2750886126936878,0
0.13785701850223514,0.1440098637867719,0.05342333440377605,0.07397779074910418,0.03843530156335661,-0.06042926136916227,-0.12691642000308256,-0.004668540233750256,-0.08250454636550567,-0.12008902779739009,-0.22735914173383337,-0.27687683790489115,-0.14467392575689422,0.005688896166006716,-0.12267366121737307,-0.021689098096558345,-0.05523973837314263,-0.014612158479639491,-0.02815179964250393,-0.033246758406309876,-0.10020594980809949,-0.11094576420669876,-0.11011203395539876,-0.15203814655042786,-0.10577872473027757,-0.13521521169976874,-0.11401425662807195,-0.029888755424946203,-0.055654312849813016,-0.03625552501611674,-0.04519967317954348,0.07809594371971353,0.096380851971423,0.12411834527904268,0.22590985651823575,0.2227437509474452,0.221806811495484,0.26947475095645534,0.2755102714318599,0.2285503742327785,0
0.14439130111676726,0.05382887776662909,0.07439494468661463,0.038856920132017976,-0.05997240487982135,-0.12644349125056223,-0.004228985113001488,-0.08204380682060486,-0.11954690831985981,-0.22679503772891915,-0.27631035973407336,-0.1441198381365568,0.0062021004188579434,-0.12209657603073795,-0.021123150323804317,-0.054676903766872224,-0.014057484424841307,-0.027630588621473093,-0.032726145197492514,-0.09966741343168076,-0.11039334171395038,-0.10957967131337897,-0.15147571375589391,-0.10523208008482296,-0.1346390161846666,-0.11344357372279619,-0.029342640799315842,-0.055112721801843255,-0.03571348122160155,-0.044656054965148635,0.07858689717716062,0.0968321939644809,0.12456712728249916,0.22633608352528134,0.22316746972403217,0.2222247751377753,0.2698996616441061,0.27592853109158993,0.22898531324297672,0.2361211881450796,0
0.05423288481738188,0.07479522264346189,0.03928310680501435,-0.05952560237065644,-0.12596950748323726,-0.0037878759308341624,-0.08158420327564182,-0.11907655085718398,-0.22622302516953918,-0.27573262159406864,-0.14358998972740758,0.006713613901953008,-0.12154721244511185,-0.020575457156645025,-0.054101273418776706,-0.013506647974983275,-0.027072108994000112,-0.032203634903590204,-0.09912793551184397,-0.10985191386890436,-0.10902764062512253,-0.1509316724084639,-0.10468305098158376,-0.13408412263386596,-0.11287370035030658,-0.028796628107741775,-0.054559253024299176,-0.035177651600747206,-0.04411156801121938,0.07909448313865114,0.09731775979692507,0.12501062565671012,0.22675626471122312,0.22359446966873123,0.22264863978999372,0.27030417693362696,0.2763515937380616,0.22941680529010292,0.23655396672824966,0.19797022392034688,1
0.07519398241793109,0.03969220039783626,-0.05907411270013777,-0.12550581537095648,-0.0033457149511666212,-0.08112303164935622,-0.11860735189245679,-0.22572496963184088,-0.2751468994488748,-0.1430492175205881,0.007201844969572471,-0.12099965071156675,-0.020054820904869475,-0.05354403531060477,-0.012943101913654735,-0.026517480825956254,-0.03164381847438444,-0.09858656480529127,-0.1093095433600446,-0.10848660040449394,-0.1503677816923432,-0.10415222116964906,-0.13352683127103623,-0.11232502780494615,-0.028251334882251705,-0.05400589313371002,-0.034629994975522035,-0.043573311963732014,0.07960297923319426,0.09781989350962085,0.12548808875668943,0.22717132610199292,0.224015417966125,0.22307578596614072,0.2707145272505612,0.27675430485381064,0.22985318657817566,0.23698330613819177,0.19841388936128637,0.24417445588512512,0
0.04009974545448955,-0.058640324260935,-0.1250373562517634,-0.0029134040224034915,-0.08066080619703922,-0.11813657813631039,-0.22522813738278796,-0.2746361410009076,-0.14250066587648053,0.00770061788957554,-0.12047618152879798,-0.01953589825412642,-0.05301406997182042,-0.012397776318456124,-0.025950115827090794,-0.03108785837134046,-0.0980073431896418,-0.10876528072355217,-0.10794461767024957,-0.14981500797583577,-0.10360174711004982,-0.132987857647561,-0.11177396751881147,-0.027726849268059527,-0.05345327953256332,-0.034082441742219,-0.043023207548940255,0.08010549091653699,0.09832294361886212,0.1259820225458026,0.22761941280398199,0.224431242074102,0.22349687939272814,0.27112812612756587,0.27716284214503983,0.23026890018765955,0.2374175207572959,0.19885407637429328,0.24460493636699562,0.24116839741994678,0
-0.05820816938661541,-0.12458700622029029,-0.002476474441198435,-0.08020870922988198,-0.1176647495832529,-0.2247297110183036,-0.27412663555593975,-0.14202434855214466,0.008206937824600967,-0.11994184709403628,-0.01904042452980432,-0.052485846893244335,-0.01187945409720119,-0.02540102557917993,-0.030519151876003105,-0.09743204854627349,-0.10818308364598132,-0.10740074272001719,-0.14926128719917933,-0.10306224691075533,-0.13242911333638854,-0.11124113564309215,-0.02720001506958466,-0.052921590648914045,-0.033535613599252535,-0.04247320884030521,0.08061953626388085,0.09882004661552507,0.1264768821514575,0.22808361782941006,0.22488011668962907,0.22391284779855514,0.2715357743710012,0.2775746235740485,0.23069050376759062,0.23783111912856458,0.19929920930565093,0.2450319859618939,0.24159973571843138,0.2193837515056296,1
-0.12413834677818553,-0.002056896143247687,-0.07975190007183341,-0.11720318277737757,-0.2242302270609289,-0.2736155271331487,-0.14154920366692808,0.008644124454672346,-0.11939976884834305,-0.01853434248324521,-0.05198128175552972,-0.011362838368222305,-0.024879023840925996,-0.0299687392005106,-0.09684386871505381,-0.10760482437309662,-0.10681894452683435,-0.14870567688107558,-0.10252180479457755,-0.1318814311189857,-0.11068862843585904,-0.02669106197546305,-0.05238754151952913,-0.033009617622109674,-0.04192394415001609,0.08113350999669997,0.09932863565661036,0.12696585073989256,0.22854878282350802,0.22534511907950536,0.2243618714788056,0.27193837461172377,0.2779804680689345,0.2311153833562944,0.2382505970921518,0.19972346681851402,0.24546389583998734,0.24202764003691749,0.21982130632698452,0.22636077609147584,1
-0.0016389024821557925,-0.07931291999763722,-0.11673685901197091,-0.22374138862418716,-0.27310335983517336,-0.14107247983229793,0.009080230179239762,-0.11892944958990861,-0.018020672973268457,-0.051466024858665346,-0.0108696197207417,-0.02435873989851129,-0.02944544494070461,-0.09627425951015038,-0.10701365863037499,-0.10624108268616743,-0.14811180434966112,-0.10197947011137827,-0.13133280381430448,-0.11014711678012817,-0.026162804289488157,-0.05187147692800594,-0.032481270615540764,-0.041395550603713756,0.08164688123215658,0.09983715824177314,0.1274662337551621,0.22900826017370293,0.22581108052204668,0.22482702472141533,0.27237358851009913,0.27838127489352127,0.23153422728038064,0.23867334587975683,0.2001536562213242,0.2458752441784486,0.24246041021004255,0.2202554047534463,0.2267963399310597,0.24105706192123658,1
-0.07887559136403975,-0.1162885930115964,-0.2232476643013441,-0.27260201406427564,-0.1405947005991391,0.009517887553055937,-0.11846028874005636,-0.0175766764371657,-0.05094312972515221,-0.010365813447107472,-0.023861935475692632,-0.028923872447394604,-0.09573220284071776,-0.10644110595762855,-0.10565031722868337,-0.14752191212834795,-0.10139925667508834,-0.13078228580761636,-0.10960466242810832,-0.0256452834422952,-0.05133599733220655,-0.031970826400996244,-0.04086480214653403,0.08213995552176606,0.10034509823077482,0.12796655807280216,0.22947889230168517,0.22627134886594574,0.2252931368433919,0.2728247663244741,0.27881463613033436,0.2319479590695325,0.2390900750641646,0.20058714257525023,0.2462924610697485,0.24287259842250106,0.22069440941031923,0.22722845455462634,0.24148843199070688,0.3158745170545642,0
-0.11584201042490336,-0.22277265630899631,-0.27209572327888415,-0.14012726569062214,0.009956596375356987,-0.1179895531254387,-0.01713377673614164,-0.05049058499003391,-0.00985443230408611,-0.023354510518083255,-0.028425808432105917,-0.09519192557634693,-0.10589617238538652,-0.10507815915126373,-0.1469190299285371,-0.10082297382188124,-0.13019365267654168,-0.10906031596755968,-0.025126829194850063,-0.05081133162413025,-0.031441054443606536,-0.040351990908660824,0.08263532754351591,0.1008328281591742,0.1284663297247442,0.22994949385967328,0.22674277895176026,0.2257535548347485,0.2732769190730584,0.2792639390607365,0.23239467224657023,0.23950170422750203,0.2010145283890183,0.2467129432699103,0.2432906593085257,0.22111268411705393,0.22766546247735175,0.24191636796562216,0.3162845370216384,0.29063847068022763,1
-0.2222994238077281,-0.2716084508557348,-0.13965504608113263,0.010385503052267136,-0.11751776271776648,-0.016689320634827205,-0.0500391570857438,-0.009412556103381622,-0.022839490665443635,-0.027917112322052014,-0.0946755771542353,-0.10535302705611968,-0.10453361125077512,-0.14633492734392844,-0.10023379868682757,-0.12960898078111607,-0.10847803264471574,-0.02460647737039552,-0.05028572974728775,-0.03092203548042191,-0.039819815177766484,0.08311326950380714,0.10132284716766822,0.12894602198737107,0.23041965126464076,0.22721417771316058,0.22622513588555831,0.273723473296384,0.2797142190791972,0.2328574872718115,0.2399462453185702,0.20143675313734216,0.2471274229518169,0.24371198756206494,0.22153686135991116,0.22808178784690772,0.24234917000152617,0.3166911998761465,0.2910556920707291,0.3007700010628656,1
-0.27112299615226493,-0.1392010259417956,0.010819012288026683,-0.11705623352793372,-0.016243812397602652,-0.049586166817373344,-0.008971771777916294,-0.02239424294043469,-0.027400814282464336,-0.09414842883127694,-0.10483387502496187,-0.10399085040846898,-0.14577870505522772,-0.09966320832597647,-0.12901135638199346,-0.10789968744054071,-0.024048881756971643,-0.04975823192204011,-0.03040208253649023,-0.03929841808639928,0.08361003458007812,0.10179551285569376,0.12942799031782617,0.2308702030281003,0.22768512941108784,0.2266966854692258,0.27418106851870105,0.28015891339840765,0.233321263862542,0.24040686220398116,0.20189223983810006,0.2475368154984792,0.24412730692002035,0.2219643208891609,0.22850400618842845,0.242761389320429,0.3171025901245962,0.2914695303825174,0.3011843312936676,0.3307934738817458,1
-0.13874870902865602,0.011235252447669042,-0.11658994755639938,-0.01580820066110362,-0.04913212355019572,-0.00852943253144704,-0.02195009497725661,-0.026954382225971674,-0.09361357646502394,-0.10430389736269151,-0.10347207422345142,-0.14522430568870592,-0.09912019268894072,-0.12843243686032574,-0.1073084351496596,-0.02349513438465367,-0.0491932838990859,-0.029880232357030686,-0.038776086092800144,0.08409639880517862,0.10228691974080462,0.12989272074262206,0.23132298368351023,0.22813646276096944,0.22716778743879412,0.274638645496617,0.2806146323414974,0.23377936231830668,0.24086844318008405,0.20236393362422442,0.24797904608633464,0.24453753433281483,0.22238572530687753,0.22892950203823428,0.24317948146551757,0.3174939059129014,0.2918881428608624,0.30159528887040077,0.33119923653673505,0.35421104044381413,1
0.011649919464251899,-0.11614171844153105,-0.015367954667601953,-0.04868809522417068,-0.008086041363104698,-0.021504389740875873,-0.0265090527016707,-0.09314995249989665,-0.10376619999968315,-0.10294247585666853,-0.144694152539443,-0.09857895940293787,-0.1278812804222242,-0.10673579715900468,-0.02292865650442285,-0.048632210884267266,-0.029321095109350447,-0.03825185740574524,0.08458368435786165,0.10276798294008845,0.13037606916237157,0.2317589448688179,0.22859002626812033,0.22761926865637716,0.2750958258720113,0.28107033481409277,0.2342486034116894,0.24132436105861024,0.20283657877599984,0.2484373247543771,0.24498062736656998,0.2228020029223831,0.22934895757820795,0.24360084105436705,0.31789099196706244,0.2922865094432184,0.3020110018358613,0.3316016574297334,0.35461012060147606,0.36148495969288763,1
-0.11569517261334086,-0.014945139666484782,-0.048239392851736056,-0.007652517316968545,-0.021057632242283887,-0.02606216507789896,-0.09268747128187625,-0.10329993994189855,-0.10240515988815274,-0.1441530727957418,-0.09806167644447752,-0.12733193134388887,-0.10619078019827541,-0.022380440765074037,-0.048058354773441024,-0.02876581171521782,-0.037690272948441274,0.08507287458941494,0.10324996541289601,0.1308491598702592,0.232213077380641,0.22902675908217832,0.22807298027061418,0.27553360820325146,0.2815256475276627,0.23471781525021573,0.24179140237634725,0.20330348505355136,0.24889657019923395,0.24543977882542742,0.22325134602704086,0.2297632974797277,0.2440161915114354,0.31829129422740693,0.29269068088519223,0.3024065377317822,0.33200877806580376,0.3550058830922041,0.3618819641461499,0.41347863759060194,1
-0.01452392044676672,-0.047808324718613335,-0.007214368883380974,-0.020620788580390546,-0.025614225072363755,-0.09222341997017061,-0.10283482879750783,-0.10193925321960119,-0.14360421191285644,-0.09753358500841518,-0.12680671498446813,-0.10564755173669274,-0.021859293758814208,-0.04750286568239319,-0.028197786786636345,-0.037132551253945524,0.08559840852257015,0.10373385377289314,0.13132316676246353,0.23265726387859145,0.22948167520298532,0.2285098590684898,0.27597359875386634,0.2819615920746132,0.23518658800934783,0.24225841651898047,0.20378161151522867,0.2493501685421682,0.24589989605844523,0.22371682252550798,0.23021063885809978,0.24442644984519774,0.3186857460805935,0.2930980858158658,0.302807864598943,0.33239592559056713,0.35540630192376865,0.36227565841683834,0.4138608049935384,0.4129590719299539,1
-0.047378880783879834,-0.006793601027856241,-0.0201793048375702,-0.025176215313150608,-0.09175831454126611,-0.102368145720319,-0.10147449463780359,-0.14312760805671002,-0.09699778430991038,-0.12627061733825112,-0.10512831844150462,-0.02133986192263672,-0.04697460980759705,-0.027648045989673225,-0.03656207052133889,0.08612021093770783,0.10425393269252585,0.13179908135911236,0.23310235536096102,0.2299266369497706,0.2289649234396451,0.27639695319378027,0.282399741865729,0.23563577727755816,0.2427249996056288,0.20425970032147997,0.24981486990247811,0.2463543602188124,0.22418325753198862,0.23067408961986058,0.2448695748213936,0.31907522552395456,0.29349958680131416,0.3032124180163815,0.33278882293016826,0.3557869067264055,0.3626739955468449,0.414239715711801,0.4133413875974903,0.49801939294463016,1
-0.006374421905047037,-0.01975528183612596,-0.024733559960288153,-0.0913033775628945,-0.10190040825983121,-0.10100816436975563,-0.14265217730993143,-0.09653328164723066,-0.1257267661235654,-0.10459825876939911,-0.02084389045612888,-0.0464480909414954,-0.027125408414204164,-0.03600990882872228,0.08665451453965307,0.10477029995355013,0.13231095619714303,0.23354936113621963,0.230372503981371,0.2294100318551289,0.2768382832290963,0.2828212819353382,0.2360871932319602,0.24317203423018918,0.20473731764005645,0.2502795462999702,0.24681993501945224,0.22464399619646852,0.2311385012167824,0.24532875860583678,0.31949688517998065,0.2938960749973899,0.3036110889825542,0.33318492625893587,0.35617322924290384,0.3630525680617847,0.4146231729240379,0.41372044604575575,0.49837743557908526,0.5270408462751174,1
-0.01933285877543916,-0.024308393508152643,-0.09084371496748532,-0.10144287577452196,-0.10054077975408153,-0.14217516741383573,-0.09606992378708681,-0.12525480408275033,-0.10406047894271668,-0.020337306099329596,-0.04594519171640243,-0.026604490587881287,-0.035484905104928084,0.08717101334651962,0.10529912938440844,0.13281914924417465,0.23403149213569574,0.23082028512914965,0.22985604561225942,0.27726980383729904,0.28326076943061096,0.23652180928066258,0.24362129205276475,0.2051952099786959,0.2507438001761823,0.2472854840314901,0.22511590074369683,0.2315972303296896,0.245788908127305,0.31993434617080685,0.29432497493998117,0.30400476337055476,0.33357521083099134,0.3565627417114102,0.36343684831944284,0.41498721872947014,0.41410405195096106,0.49873230851545924,0.5273906072726311,0.543926730246181,0
-0.02388483093387711,-0.09040195003757327,-0.10098060540192229,-0.1000835952171661,-0.1416971020902874,-0.09560499522022012,-0.124784004293276,-0.10359414247644927,-0.019823131499349174,-0.045431616021158236,-0.026107066526831407,-0.03496162839914364,0.08766116068265191,0.10581023183356282,0.1333397457813627,0.23451004962897468,0.2313032138974018,0.2303039734521365,0.2777022245221005,0.2836904671564182,0.23697457577141917,0.24405378090869598,0.2056553430930244,0.25118854285137,0.24775060733648255,0.22558777351793682,0.23206710763269536,0.2462434043549845,0.3203727978536021,0.294769763063575,0.30443075655103974,0.3339605468646592,0.35694648510338167,0.3638243135476779,0.41535690100429623,0.4144682429198003,0.49909157125754683,0.5277372284331329,0.5442716726441956,0.5613692917107961,0
-0.08996184613700971,-0.10053629537208451,-0.09962167443788543,-0.14122938506145113,-0.09513901244745451,-0.12431162859292243,-0.10312895510230868,-0.01937866696128914,-0.0449104113929635,-0.025599016244229156,-0.034461898471233314,0.08814968808042109,0.10629510484787784,0.1338427323644717,0.2350007978696631,0.23178256625511628,0.2307870531496165,0.2781365623868623,0.2841210642524879,0.23741741082207646,0.2445043871800916,0.20609855133213575,0.2516355050141105,0.248196205531943,0.22605919749816453,0.2325369550793476,0.2467090115052662,0.3208057448473954,0.2952155334617957,0.30487260304633124,0.33437792623362766,0.3573253174268098,0.36420602513093864,0.41572973264263274,0.4148380710702578,0.4994319969029089,0.5280881856108408,0.5446134925796055,0.561709256654383,0.4175238273770766,0
-0.10009365513482345,-0.09917770559897973,-0.1407568819979192,-0.0946832103001037,-0.12383819793368382,-0.10266219574206238,-0.018935300353047167,-0.04445943303174302,-0.02508336760607477,-0.033951521159559225,0.08861544964365593,0.10677837412667103,0.13431967304893902,0.23547436043908057,0.23227411506627987,0.23126655588708908,0.2786056595694437,0.2845535789440268,0.23786115033348962,0.24494508505828522,0.20656004341482107,0.25206573112086855,0.2486440245999676,0.22651099557510787,0.23300636112610984,0.2471745928363613,0.3212496130383544,0.2956557490463839,0.3053154351955649,0.33481105559596475,0.357735978235745,0.36458283728446667,0.4160969209401602,0.41521104894004224,0.49977794312856194,0.5284205028430445,0.5449596172358394,0.5620461170825551,0.417904840434199,0.41195705244156117,0
-0.09873540537787015,-0.14030258521728586,-0.09422267844563101,-0.12337505125402035,-0.10219438199080405,-0.01849037701800564,-0.044009567837325125,-0.024637537266384315,-0.03343353261465316,0.0890915468442453,0.10723899573998787,0.13479503436618925,0.23592254251901465,0.23274846682635092,0.23175825615753173,0.2790712306964715,0.2850208002919186,0.2383068044458416,0.2453866865691162,0.20701151096601775,0.25251403951186546,0.24907509532738473,0.2269650245616723,0.23345617355106207,0.2476397483424197,0.32169347596297676,0.29610694982282876,0.3057527326547311,0.33524518062640557,0.3581623084498815,0.3649914111872742,0.416459293001698,0.4155783823667633,0.500126980821296,0.5287583008727128,0.5452872166573178,0.5623872499034201,0.41828260096886816,0.41233965404796896,0.21782505452368542,1
-0.13984999261537484,-0.09378006514907705,-0.12290714014597601,-0.10173677427340966,-0.01804440149981159,-0.043558141371633094,-0.02419280805136352,-0.03298553418426267,0.08957506557339089,0.10770990581850522,0.13524792573862152,0.2363692335788444,0.23319742024979184,0.23223275722394265,0.2795488993465589,0.2854845024133817,0.23878754474028926,0.24583020316803447,0.20746388632291982,0.2529524640252326,0.24952426145253964,0.22740221618201428,0.23390821367104134,0.24808537822381618,0.32213699235272464,0.29655813840042805,0.3062009896137676,0.3356738306003465,0.3585896421429202,0.36541562946314243,0.4168529497846852,0.41594089872615114,0.5004705545257468,0.5290991704945684,0.5456202737289644,0.5627099759819517,0.41866490050013655,0.412718997404097,0.21826305413884026,0.28395834075760906,1
-0.09333911580294765,-0.12245732495434235,-0.10127442831306532,-0.01760832896679102,-0.043105662065251335,-0.02374652115666947,-0.03253864195008948,0.08999112525796239,0.10818820872026598,0.13571103463157203,0.23679409901881862,0.233644880283543,0.23268185657723622,0.2800095682470554,0.28596028864100054,0.2392647165915116,0.24630874420801852,0.20791817431306286,0.25339179129034617,0.24996353454909087,0.22785759823248736,0.23434344493726086,0.2485332290290735,0.3225613292851101,0.2970089536984552,0.3066492371571571,0.33611336393929775,0.3590115472921676,0.3658408536440879,0.4172620720120131,0.41633470457386174,0.5008094472656903,0.5294346376969183,0.5459563908287616,0.563038135800257,0.4190278161047577,0.4131028900743129,0.2186975957553105,0.28437746840725303,0.3631921040064456,0
-0.12200919851052909,-0.10083004451221521,-0.01716761999835336,-0.04266317599697184,-0.02329918194095219,-0.032090190523639324,0.09040615345669237,0.1085994355682991,0.13618149317633707,0.2372289247698784,0.23407049741579772,0.2331294620925401,0.2804451482418569,0.28641910187698727,0.23975406924312848,0.24678372481133742,0.2084077978706381,0.2538330341617394,0.2504037107262004,0.22830302093803934,0.23479683619734246,0.24896433103873727,0.3229878526699647,0.29744047277634045,0.3070971221581839,0.33655289611024847,0.3594442764231166,0.36626066372892974,0.41767221748661887,0.41674397765392307,0.5011788490886842,0.5297654703712398,0.5462871413323187,0.5633693437014445,0.41939636263359614,0.4134673610011511,0.21913704649108875,0.284793206104792,0.3635886213045937,0.34497019405085844,0
-0.10038733075794842,-0.016744353149785604,-0.042216023173302586,-0.02286176463440959,-0.03164068655730824,0.09082271856511423,0.10900964223535016,0.13658545166744188,0.23767094365504915,0.23450608175783244,0.23355522143684787,0.2808792759304575,0.2868528681721916,0.24022625606127151,0.24727087048488763,0.20889382064476447,0.254309235798691,0.2508458023161628,0.2287493491070202,0.2352402893518005,0.24941352893182397,0.3233979330098901,0.29787418993395,0.30752575781589053,0.3369920975571606,0.35987701081902546,0.36669127934994455,0.41807705213660223,0.41715427380796405,0.5015634254212404,0.5301265458646837,0.5466132843265149,0.5636952220106443,0.41976805575565934,0.4138374704831836,0.21955575668804425,0.28521373034987396,0.36398183017670144,0.34537191120033417,0.2227609282998424,0
-0.01632268363840748,-0.04178646734593284,-0.02241970453503627,-0.03120113454034955,0.09124033298936367,0.10942138244038616,0.13698840697953713,0.23804855077064122,0.23494886343198834,0.23399094929609407,0.28129186034384895,0.28728518773292294,0.24067309350184898,0.2477408816963641,0.20939208775680745,0.25478188551575975,0.2513228771865045,0.2291975912871081,0.2356846472065193,0.24985283345738202,0.3238257828528211,0.2982913609164458,0.3079565868853205,0.3374121885741183,0.3603094393084019,0.367121902234113,0.41849256047487343,0.41755925810540495,0.501949053199171,0.5305026959945572,0.5469695152164482,0.5640165207198758,0.42013411411875073,0.4142107303707605,0.2199803715577958,0.28561396331889044,0.3643796787440974,0.34577030117468394,0.22319751940129748,0.21496744339012067,0
-0.04135853050981669,-0.021995119029622937,-0.030756929638721727,0.0916484379947302,0.10983417147339956,0.13739289075872996,0.23842521634775207,0.2353271773260465,0.23443387528167958,0.2817142923585746,0.28769600465365486,0.24111844405308605,0.2481855927305172,0.20987306231952527,0.25526668357048415,0.25179639695788775,0.22968099440436218,0.23613091952128595,0.25029304107567657,0.3242439670857973,0.29872641149058016,0.3083709111833726,0.3378344591697855,0.360722865716815,0.3675522269205148,0.41890809035930565,0.4179749174086715,0.5023295380699914,0.5308799072497487,0.5473407626324845,0.5643677472940949,0.4204953627184563,0.41457834368949786,0.2204082697813894,0.28602001030469715,0.3647577742935573,0.34617336461690135,0.2236306575827409,0.21540625846057534,0.1939992577996792,1
-0.021572135401767487,-0.030330250880833243,0.09206104721909343,0.11023751804938044,0.13779842263219666,0.23880339200749512,0.2357045480283436,0.23481232289058268,0.2821438489210018,0.28811665295446637,0.2415419991105713,0.24862882340770073,0.2103284887742874,0.25573438053369274,0.25228207131272684,0.2301608193841735,0.2366122958746226,0.2507351640996601,0.32466304622775005,0.29915171963176845,0.308803070875715,0.3382403476886618,0.3611384609145288,0.3679635831811074,0.4193233771479143,0.4183905981153709,0.502720482246885,0.5312520332411547,0.5477130768060311,0.5647339303683655,0.42088785892609704,0.4149411383375964,0.22083010958668686,0.2864292953539872,0.3651415752455693,0.34655655125441853,0.224068695735319,0.21584161259206117,0.19444405640577564,0.21544989721786534,0
-0.029905181207940355,0.09245688969382375,0.11064534634889442,0.13819461275607775,0.23918261310147523,0.23608342930636836,0.23518982699494204,0.2825099088046276,0.2885444159319826,0.2419755024530396,0.2490503062324127,0.21078240195405454,0.2561768296551298,0.25275063211975896,0.2306528442102142,0.23709010146911114,0.25121227131197915,0.32508404558956516,0.2995779254423286,0.3092255189772829,0.3386639406287344,0.36153776973419627,0.36837710487961534,0.4197199360763817,0.41880603517562054,0.5031114711938446,0.5316345449447397,0.5480803392550669,0.565101186018015,0.421295806657143,0.4153352316672736,0.2212468200957425,0.2868326622862107,0.36552855999904676,0.3469454682732189,0.22448602687990868,0.2162818811391658,0.19488537249808988,0.21588857461404862,0.20405656451651039,0
0.09285122925832376,0.11103652280709422,0.1385952507713817,0.23955285755999067,0.23646335608997587,0.2355688417683174,0.2828750541607903,0.28890881393110707,0.242416191611466,0.24948171832408514,0.21121432720666314,0.2566178053682465,0.25319392554962916,0.23112766521878195,0.23758009241340414,0.2516858233075963,0.32553941899306726,0.3000060498489227,0.30964886364000505,0.3390779133747969,0.3619546808192846,0.36877436992583607,0.42011863648719905,0.4192027419717894,0.5035023066397174,0.5320171093907757,0.5484579445963048,0.565463424588119,0.42170477898471737,0.4157447956776065,0.22169661039457045,0.287231005740358,0.36590979472924273,0.3473375815724781,0.22490925593116154,0.2167013897348594,0.1953316418685634,0.21632379156767464,0.2044984931435645,0.1508010843000793,0
0.11142621242098215,0.13897940976203266,0.23992742725185773,0.23683429644527895,0.23594890206077335,0.28324170154347106,0.28927230129021014,0.2427925666402726,0.24992030465882284,0.2116562775621499,0.25703708390613594,0.2536357429774436,0.23157707727890264,0.23805290845112229,0.2521715301179952,0.3259913163035212,0.3004687541006369,0.3100741275506806,0.33949277939795536,0.36236204299757974,0.36918920550604817,0.42050129272424147,0.4196015904896929,0.5038748053807607,0.5323995510921274,0.5488356073186578,0.5658359618188006,0.42210844852235274,0.4161553824277012,0.22216253945123793,0.287661822229393,0.3662861327612636,0.3477239061908219,0.2253357649559996,0.21712680692058386,0.195757008844608,0.21676392204273717,0.2049369496051097,0.15125821004863063,-0.08374569964963874,1
0.13936210607075103,0.24028614446462787,0.237209565323784,0.23631997407222544,0.28360939319475476,0.2896372895163907,0.2431680030126669,0.2502947312713175,0.21210546047900536,0.25746627148103046,0.2540558443136401,0.23202499454039083,0.2385003608817931,0.252640122919243,0.3264552129777319,0.3009279555707689,0.31053388868245074,0.33990956660094523,0.36277029589148635,0.36959451432256446,0.42090129268031257,0.41998439271055293,0.5042494066528492,0.532763790365846,0.5492131651916755,0.5662085612221842,0.4225227814903034,0.4165606553309531,0.22262942649602424,0.2881085498881312,0.36669421687998,0.34810530495458236,0.22575622603395767,0.2175555094171412,0.1961883131540299,0.2171832958438386,0.2053803407045514,0.15171180883546567,-0.08322164302452816,0.0518980496124213,0
0.24064348659599696,0.2375689649184183,0.23669537522928366,0.2839682682044021,0.2900033218434154,0.243544948608108,0.25066822378509024,0.21248970558154245,0.25790262098860905,0.2544858622381153,0.23245105862481233,0.2389463245338594,0.2530834476197959,0.3269023056660394,0.3013992088385351,0.31099015774730027,0.3403606061794749,0.3631804714720416,0.37000071305904897,0.42129192415064476,0.42038454091697236,0.5046083092372804,0.5331301187992663,0.5495725987650963,0.5665810742615383,0.4229371371156555,0.41697660578099627,0.22309061410287678,0.2885562575933762,0.3671179394968669,0.34851861698609804,0.22617156571343822,0.21797814743300362,0.19662291713402244,0.2176085775736196,0.2058028977317905,0.15217044096417176,-0.08270135469355956,0.05238339858661037,0.03727598744846738,1
0.23792698708209037,0.23705490392318954,0.2843314146983586,0.2903605605552107,0.24392293951341332,0.2510432241625655,0.21287299361817277,0.2582749750210072,0.25492304669039384,0.2328870940209403,0.23937047891356827,0.2535252962222288,0.3273246164678105,0.30185355354906457,0.3114584575591243,0.34080818544258973,0.3636247084546568,0.3704088349502267,0.42168343985371914,0.42077531905600307,0.5049841867438204,0.5334808671447415,0.5499341137182175,0.5669355437049813,0.42335125393220174,0.4173925773592109,0.223562971545091,0.28899839721670434,0.3675426685882395,0.34894763022385095,0.22661993989739385,0.2183956515802343,0.19705141214948463,0.21803714428383242,0.20623137830577523,0.152607877240621,-0.08217559831053226,0.052865118834697904,0.03776550901211282,0.05668547605696457,1
0.2374130547416216,0.28467898326688884,0.290722063015721,0.24429197085455573,0.2514192696532223,0.21325779636853473,0.2586463998028149,0.25529617435868057,0.23333032924530356,0.23980458707857064,0.25394542803243664,0.3277455157266553,0.30228295237225017,0.31190989079602643,0.34126773307178665,0.3640655098872468,0.3708509589236514,0.4220768820570507,0.42116698148460757,0.505350953121642,0.5338484638103977,0.5502801175896198,0.5672920864916396,0.4237466616049934,0.417808304229054,0.2240352967861325,0.2894515389716601,0.3679619869742922,0.34937764385827336,0.22708443585309354,0.21884626173504093,0.19747473974566213,0.21845964753687216,0.20666315166273955,0.1530513100668284,-0.08167263112466974,0.05335205573203788,0.03825138680456565,0.05716945887876816,0.2116273784288115,0
0.28502521514076784,0.2910680270647329,0.24466532169404026,0.25178638257619346,0.21364364522320464,0.2590193310023559,0.25566837096670564,0.23370906338601724,0.2402458844065933,0.25437547671060007,0.3281451690012214,0.30271091787794013,0.3123364439870854,0.34171053853519245,0.364518231030365,0.3712896550396283,0.42250390232702667,0.42156057038003747,0.5057185944848819,0.5342070376937754,0.5506428961189561,0.5676331894777358,0.4241442088963545,0.41820529619864716,0.22450717158128333,0.28990466669269443,0.36839210656746535,0.3498022105944442,0.2275498914432452,0.2193130204817424,0.19793136572680603,0.21887701769324214,0.20708883739166803,0.15349807214720773,-0.08116334587055474,0.053817124899877354,0.03874250834687438,0.05764981790040108,0.2120671466288374,0.1719177172221346,0
0.29141265994373733,0.2450228493492364,0.2521578059281893,0.21402042546911737,0.25939330710586206,0.2560420745322037,0.23408685335193857,0.2406228229479607,0.25481269208675633,0.32855455120093185,0.30311747859508387,0.31276157260249776,0.3421286590654803,0.3649543070437384,0.3717402557528393,0.4229275497257845,0.42198774157924135,0.5060881677882035,0.5345664833881167,0.550996703269633,0.5679909910310934,0.4245257285451025,0.4186044303516453,0.22495941326133104,0.29035741405467796,0.3688222338927559,0.35023762474566666,0.22800965739925105,0.21978073626342248,0.19840421245882175,0.2193274894308056,0.20750937179374893,0.1539386336184826,-0.08065057073652877,0.05428832619449833,0.0392116628277374,0.0581353846982462,0.21250345045319854,0.1723688170737299,0.1754062295150576,0
0.2453790060188882,0.25251345242257084,0.21440156184630108,0.25975837935852353,0.25641682307976144,0.23446615418677952,0.24099882151476024,0.2551858484082241,0.32897098573122296,0.3035338316307804,0.31316536018460667,0.3425453809254548,0.365365850307096,0.37217424147745465,0.4233629936925671,0.42241153935775727,0.5064906297166691,0.5349278628899425,0.5513513803842445,0.5683398743040354,0.42492457426631897,0.41898751411272506,0.2254138865691539,0.2907908342887249,0.36925206482948003,0.35067304162332735,0.22848058067400995,0.2202427469312915,0.198878009231995,0.21979410809996888,0.20796311230774697,0.15437395855018943,-0.08014449380070414,0.05476292447550556,0.03968696947941465,0.05859911628897898,0.2129446748836717,0.17281641169116427,0.17585633387576738,0.08203285793001157,1
0.2528677344085766,0.21476668791576828,0.2601277523929457,0.25678265705728504,0.23484650056962494,0.2413763296977503,0.2555580736024054,0.32932488711502,0.30395727557336727,0.31357891463467935,0.34294095068249714,0.36577601510565977,0.3725837417228752,0.4237820381184576,0.42284713478381897,0.5068898081805054,0.5353218943429643,0.5517079923928726,0.5686896256329917,0.4253140638160701,0.4193879482305305,0.22585151614094875,0.2912264556802989,0.3696629352390535,0.3511081428011767,0.22895147310351333,0.22071593468097983,0.1993460592436863,0.2202616839650305,0.20843303896185092,0.1548429781983361,-0.07964402869670734,0.055231112325423624,0.040165683131171366,0.05906897344385312,0.21336511667269553,0.1732690005127962,0.1763029365917542,0.08250960755740219,0.10329793818368067,1
0.2151304168370097,0.2604813978486175,0.25715279541762187,0.2352178547013963,0.24175488324748828,0.25593180577405,0.3296779024122355,0.30431767167820406,0.3139995445043887,0.34334621188799225,0.3661651751623103,0.37299186977970117,0.42417693495505204,0.42326632851604934,0.507300607558877,0.5357126730231707,0.5520971186459877,0.5690413129783167,0.42570443715608836,0.41977900923062256,0.22630734294246674,0.29164550359759284,0.37007597029999273,0.35152419914228017,0.22942192031807424,0.22118908944449078,0.19982533950925627,0.22072355567454613,0.2089039190116708,0.15532836725761878,-0.07910771697342533,0.05569390538357869,0.04063795533125282,0.05954222430651851,0.2137914716303364,0.17370053693363527,0.17675452704631237,0.08298275946532574,0.10376861955280098,0.18442440491059267,1
0.26083368568584303,0.2575071878047936,0.235593539312497,0.24212446942525864,0.25630658293064673,0.3300324112533941,0.304677166504158,0.3143573331697492,0.3437585026186614,0.3665639678420594,0.37337903886760876,0.424570504465069,0.4236613712824964,0.507695357710324,0.5361150123189534,0.5524830099840566,0.5694253723216381,0.4260967372566538,0.4201709546298924,0.22675320565411416,0.2920824602476339,0.3704727556850984,0.3519424285303115,0.22987275725495804,0.22166179073366737,0.2003045810285495,0.2211966032424531,0.20936907227614823,0.15581469194954964,-0.07855422868018469,0.056191300566572774,0.04110480934318673,0.060009074894581044,0.214221114186202,0.1741380409573934,0.17718508879856207,0.08346107217049659,0.10423572508275165,0.18487193582146005,0.17073013856922464,1
0.25786022000170206,0.23595334464769915,0.24249837772436,0.2566724451202022,0.33038796313581725,0.3050381594052028,0.31471422665548904,0.3441085644761967,0.3669697542504365,0.37377582230639717,0.42494344218966607,0.4240550862740661,0.5080665096751799,0.5365014226448453,0.552880426853269,0.5698062151964002,0.426522582434784,0.42056482643151205,0.22719997399968547,0.2925096541292313,0.3708871041570232,0.3523443337764497,0.23032582354546263,0.22211484568607315,0.20078334685181112,0.22166961795671597,0.2098454302907378,0.15629518407842527,-0.07799988298606474,0.05670540552118742,0.041606399633396525,0.060470538351118173,0.214644685175452,0.17457885977392387,0.17762161337165194,0.08391772186073423,0.10470795199714307,0.1853159743666835,0.17118157731133418,0.20728529397910936,1
0.2363117711549027,0.24285644944077217,0.2570426118259433,0.33073486683991526,0.30540019600312096,0.3150726163971972,0.34445774922848155,0.3673137893888893,0.37417958835475956,0.4253258636560772,0.4244281662107162,0.5084364072582654,0.5368644233850745,0.5532619847231154,0.5701985473612433,0.42694505901971114,0.4209922887085126,0.22764865625606853,0.2929377464108934,0.3712919310621017,0.3527638815998757,0.23076206627099002,0.2225701335828697,0.2012423693221689,0.22214217970794015,0.21032175232185935,0.1567870160050327,-0.07745183571921238,0.0572204131198958,0.04212475001493829,0.06096656000916091,0.21506311695171842,0.17501352278011503,0.17806145034846046,0.08438046236873165,0.10515866035651145,0.18576498393614674,0.17162950959734646,0.20772630124757793,0.18913760768932902,1
0.24321314829834118,0.2573970318772446,0.33108598543400397,0.30575349443445665,0.315432049572571,0.3448084248460016,0.3676569615196536,0.3745217514853833,0.42571518825351845,0.4248107311943389,0.5087862050502278,0.537226194784288,0.5536202427431334,0.5705750928039658,0.42737932376782084,0.42141637650513336,0.22813251216100633,0.29336775685875255,0.3716976477004157,0.35317385238573673,0.23121648469419914,0.2230085660656615,0.20170363439779856,0.22259509735462316,0.21079760931549787,0.1572787973185394,-0.07689185388044267,0.05772939171122522,0.04264399816346669,0.06147927496358876,0.21551468537974694,0.17544298303491793,0.17849513891578014,0.0848465792257577,0.10561543038330773,0.18619302606640475,0.17208243828862052,0.208163839672677,0.18958379362846808,0.25976142570456856,0
0.2577500916430303,0.33142181519019565,0.3061110379868408,0.315782780709001,0.34516014311720555,0.36800162031101463,0.37486305598727593,0.4260439703485882,0.4252002001032097,0.5091452742160854,0.5375680490172862,0.5539772859918843,0.570928451750359,0.4277972057372081,0.42185226403123327,0.22861278828009188,0.29383240162911106,0.3721052876032701,0.35358471489800103,0.23166095405321097,0.2234652082440952,0.2021479583703732,0.22305024772341114,0.21125376948963445,0.15777005715538503,-0.07633198708632695,0.05824996090300867,0.04315718826181554,0.06199289415892967,0.2159824138940206,0.17590594426680636,0.17892363031359013,0.08530634958244562,0.1060755621960712,0.18662701865532036,0.17251430651153257,0.20860630675152916,0.19002649205152303,0.26018745824843986,0.23259556401925296,0
0.33175634867053866,0.3064531382790813,0.3161377448295989,0.3455032664090249,0.36834732114769303,0.37520584584372857,0.42637192511553584,0.42552911591312437,0.5095111172823357,0.5379191017217597,0.5543145183331578,0.5712806109755552,0.42819096640566406,0.4222717457114048,0.22910526748396984,0.29429353655327556,0.37254691566637455,0.3539974995023062,0.23210632850624582,0.22391187763358428,0.20261058350929198,0.22348854464980086,0.21171216763523973,0.15824137376892178,-0.07577289033723801,0.058770452312373433,0.04368200603989519,0.06250049385582887,0.21645109832921286,0.1763852022399938,0.17938559068233573,0.08576077336530015,0.10652939262219156,0.18706431747199656,0.17295214396530542,0.20902796169188234,0.19047415276334406,0.26061007594325336,0.23302934868363712,0.204093676349414,1
0.30679392070491096,0.3164773276860433,0.34585058671894486,0.3686845105087962,0.37554967755652896,0.4267013559015466,0.4258572040821343,0.5098181420619222,0.5382768839638699,0.5546609067282583,0.571613069055047,0.4285834032378779,0.4226670699139963,0.22958053641155718,0.29476673715463,0.3729851176774321,0.35444442086904615,0.23255361718769418,0.2243594529695714,0.2030631720283985,0.22394504916719682,0.21215366577820172,0.15871495289085538,-0.07523482201846839,0.05929031742946093,0.04420674201877893,0.06301967201301281,0.2169140710164518,0.17686540288916427,0.17986383578716997,0.08624952279433697,0.10697791050018499,0.18749548701116978,0.1733932970251455,0.20945553575301454,0.19090087805412492,0.26103752503229377,0.23345969054716986,0.20453559438613955,0.24116839741994678,0
0.3168156013440526,0.3461827094817664,0.36902586883535676,0.37588502373154603,0.4270318271931579,0.42618676836349567,0.510124390407596,0.5385764398142607,0.5550139988489058,0.5719546393723336,0.42895523374006184,0.42306106547713185,0.23003038626123581,0.29522300151810055,0.3734352207387261,0.3548878969130477,0.23303603926496697,0.22480894203249563,0.20351666878756672,0.22439158236432305,0.21261342121394977,0.15917141437512422,-0.07469438312622473,0.05978978171616944,0.04473083620919298,0.06353877370291577,0.2173882292553956,0.17733981291780118,0.18034302473156105,0.08675487829041144,0.10746055892304261,0.18792147381058316,0.17382829175520778,0.20988640038598086,0.1913335473426696,0.2614445184685472,0.2338949141542741,0.20497404029554167,0.24159973571843138,0.24443423871544917,0
0.3465135487325718,0.36935217290957995,0.3762245301583626,0.42735399834926335,0.4265173731639554,0.5104320995929883,0.5388752367018854,0.5553092089668362,0.5723028867521296,0.4293365378224693,0.4234344196798844,0.2304787399673821,0.2956542765822488,0.3738687158853676,0.35534331186762963,0.23351488677635074,0.22529362804818684,0.2039720779244618,0.22483902145517504,0.21306317064610705,0.15964636547157338,-0.07417202037571245,0.060291554079855626,0.04523446191549988,0.06405725417416791,0.2178623535906241,0.1778255091956712,0.1808164299844116,0.08726114648187654,0.10795974023224084,0.18838084684162976,0.17425808183366784,0.2103111842406347,0.1917695196312108,0.2618573590909039,0.2343094975629469,0.20541742077405709,0.24202764003691749,0.24486464506501965,0.22639788792437923,0
0.3696772135065588,0.37654902684278346,0.42768026747229765,0.4268396759762098,0.5107408470876911,0.5391754892184085,0.5556036702874374,0.5725936078716944,0.4297247388523513,0.42381726144670057,0.2309052306879628,0.29608411256504485,0.37427773664698655,0.35578204340090486,0.2340059271170774,0.2257747312559418,0.20446285501256448,0.22528837430400792,0.21351382721822734,0.16011114844532537,-0.07363014483631482,0.06077580462655149,0.04574040243575286,0.06455535596562723,0.21833602091177884,0.17831116066131925,0.18130111264017035,0.08776144552066845,0.10845984132967834,0.18885647357401908,0.17472138378492405,0.21073082193464768,0.19219937264127046,0.2622734543476271,0.23472996539689034,0.2058399674324814,0.24246041021004255,0.24529162079491654,0.22683344117363452,0.20776774780685403,1
0.3768722662731221,0.4279918450081825,0.42716607737779727,0.5110415959075504,0.539476779290292,0.5558995842050661,0.572883590694491,0.43005247988184264,0.42420700867047134,0.23134169663572518,0.29649250172287084,0.3746853866929965,0.3561961821309275,0.23447977763443606,0.22626804348585475,0.20495002711769902,0.22577292017113035,0.2139663968152178,0.16057684438428618,-0.07309915142153245,0.061278976235731294,0.04622876138417339,0.0650557636283055,0.21879002644226547,0.1787963130293253,0.18178575144202455,0.08827325874272471,0.10895401551181508,0.18933304715392726,0.17520098656435937,0.2111836361178646,0.19262405045304448,0.26268358015372506,0.23515370646932077,0.20626843758677815,0.24287259842250106,0.24572345632652576,0.22726554524505813,0.20820861740105118,0.20850998446492292,1
0.42830220977289357,0.4274777840129537,0.5113463414202951,0.539770174173828,0.5561965352393757,0.5731750229824926,0.43037939601844843,0.4245361823590156,0.2317853647943773,0.29691069997985786,0.3750720885127298,0.3566089344228213,0.2349282411505145,0.22674413359831133,0.20544945181137503,0.22625388374053854,0.2144542523446948,0.1610444499213618,-0.07256721938610343,0.06177167864387347,0.046736105181726884,0.06553866903839607,0.21924626645604428,0.17926161987699535,0.18226989484329784,0.08878500246059351,0.10945964995227815,0.18980385495447902,0.1756815316236675,0.21165262532998208,0.1930820712541002,0.26308864376488705,0.23557142045897095,0.20670020049863905,0.2432906593085257,0.24613473208328357,0.22770254254685723,0.20864601864829047,0.2089506422525487,0.2203857709940225,1
0.4277882774324248,0.511636912660416,0.540067530984533,0.5564856512980689,0.5734674919340335,0.43070778744780097,0.4248645278034313,0.2321645000796258,0.2973359993551113,0.3754684003949662,0.3570006238224157,0.23537521278191018,0.22719478606217955,0.2059315675011189,0.2267470553296923,0.21493851352736942,0.16154777569669812,-0.07203339284461088,0.062265304835538035,0.04723293526609785,0.06604047462650936,0.21968563740623512,0.17972917950378553,0.18273420886497235,0.08929615182250038,0.10996522073021199,0.19028591728924799,0.17615628370363595,0.2121225690147402,0.19355632953669324,0.2635264024110405,0.2359840287862906,0.20712587586119655,0.24371198756206494,0.24655187603676773,0.2281188575475984,0.20908834765510054,0.2093878324569268,0.22082303987650606,0.2676291342800969,1
0.511926343457747,0.5403508911081977,0.5567787090557967,0.5737521881077242,0.4310372192776638,0.42519434954011165,0.23254269025173394,0.29769811465081153,0.3758716922772027,0.35740196905828325,0.23580035248798675,0.22764393991686566,0.20638810927689774,0.2272230068005476,0.21543500640214314,0.16204745080457572,-0.0714619333035389,0.06276083426134327,0.04773069073339667,0.06653182558735836,0.22014323262262217,0.18017970778860934,0.18320077405846993,0.0897870397825239,0.11047021968852465,0.19076793824746482,0.17664232504435237,0.21258679232716005,0.19403153623886754,0.2639801554970794,0.23642958138798187,0.20754639995628815,0.24412730692002035,0.24697228512120556,0.22854106546943115,0.20950986780086156,0.20982994904521052,0.22125685339510526,0.26805292167431144,0.2770184280046664,0
0.5406331356182191,0.5570578734531345,0.5740408050854536,0.43135836539660904,0.42552521182192193,0.23292239157262665,0.2980593246461374,0.3762134160590502,0.3578103221485157,0.23623545502224008,0.22807121280373824,0.20684313435138904,0.22767352375812408,0.21591423194773685,0.1625594682554556,-0.07089437247630032,0.0632928904932754,0.048230348493970926,0.06702409980806652,0.2205908448823158,0.18064863356733102,0.18365032216623253,0.09028022193521455,0.11095505563476678,0.19124947336239714,0.1771283212466111,0.21306221220213598,0.1945009865231973,0.26443488055887937,0.23689122191694123,0.20800012982280597,0.24453753433281483,0.24738669223851534,0.22896655087413356,0.20993730640605027,0.21025126181467593,0.22169557128696765,0.2684733023147964,0.2774395360457529,0.26770335794590394,0
0.5573359366834554,0.5743156354358165,0.4316836046366225,0.4258477685424637,0.23330313848201736,0.29842203391597555,0.3765542822398811,0.3581567355009963,0.23667775222231083,0.22850846809616376,0.20727614651040327,0.22812254252279698,0.21636794893851075,0.16305399770088524,-0.07031398197943356,0.0638211914622443,0.0487666523056024,0.06751827757096514,0.22103936345385392,0.18110745550612317,0.18411825254975847,0.090756005420488,0.11144217597600369,0.19171122082325334,0.1776138170926538,0.21353759698059724,0.19498167938979466,0.26488398947808733,0.2373538253606403,0.20847004570171468,0.24498062736656998,0.24779601263625262,0.22938599604773627,0.2103680352526721,0.21067849202610545,0.22211356603570326,0.2688984997674577,0.2778572469940439,0.2681271241594613,0.22606388142824818,1
0.5745893795420511,0.4319941770424642,0.4261744250526894,0.23367488758223579,0.29878578705623066,0.3768966334687532,0.3585022802827251,0.23705561721653243,0.2289529299676788,0.2077191937474349,0.22854968335562026,0.21682015790580347,0.16352267250155594,-0.06975205138629452,0.06436204026874998,0.04929918539062007,0.06804894309786881,0.22148979553741066,0.18156718810032282,0.18457608971300363,0.0912505785094662,0.11191198455216993,0.19217521530089882,0.1780794619236415,0.21401252014332356,0.19546233217458786,0.2653441618885384,0.237810758704057,0.20894091498871775,0.24543977882542742,0.2482381686917464,0.22980032564226674,0.21079268434450327,0.21110901197065876,0.22253746194698557,0.26930329501497763,0.27827975735234706,0.26854748369566017,0.22649952999046058,0.23526761598830048,1
0.4323035401379723,0.42648638066501243,0.23405096902899586,0.2991407782094822,0.37724002650962307,0.35884931338425036,0.23743254006904907,0.22933280068457443,0.208169479615931,0.2289868053820637,0.21725041724579044,0.16398979332799993,-0.06921749968071254,0.06488499124244632,0.04984429669398,0.06857585842478113,0.22197545181242406,0.18202883165139952,0.18503483715007227,0.09173477413309625,0.11240048996617828,0.19262222954668404,0.17854736008091426,0.2144677614253153,0.19594250411106212,0.26580431361801526,0.2382788244271192,0.20940605756409109,0.24589989605844523,0.24869637193342212,0.23024765637315855,0.2112121880476555,0.2115334537350705,0.22296463945844283,0.2697139266634868,0.2786819292897275,0.26897265990646885,0.22693172903117173,0.23570063814902764,0.24859076400063404,1
0.4267971222043779,0.2344111616620128,0.299500022486121,0.3775749401001505,0.3591973887711615,0.23781097318411112,0.229711724568025,0.20855474668192583,0.22943113325010836,0.21769068639965702,0.16443462940342632,-0.06868470432476603,0.06538144483292532,0.050371449574669616,0.06911531164221525,0.22245752174719524,0.1825260232316878,0.18549549576848834,0.09221989024401205,0.11287868264950604,0.19308758672773585,0.1789982220430355,0.21492523919117107,0.19640291020062647,0.26626405934499603,0.2387468620065654,0.2098824047954667,0.2463543602188124,0.24915554203856136,0.23071109635972412,0.21166486381362928,0.211952751298437,0.22338576398414317,0.2701278075582839,0.27908992475718275,0.2693774344163592,0.2273688219213077,0.23613022025826014,0.24901998423340477,0.25111436863806774,1
0.23476997413349643,0.2998437826261392,0.37791401189743534,0.35953691973091495,0.23819045175944176,0.23009216011334602,0.20893905429146056,0.22981087980321943,0.21813817881119407,0.1648896090714695,-0.06817566966538359,0.06587625911207885,0.05087201004814468,0.06963688686463713,0.2229518076439023,0.18301958647654065,0.18599167396681787,0.09270691152811054,0.11335779349408065,0.19354287814142873,0.17946748667969617,0.21536583014898064,0.1968655611354192,0.26670436598913977,0.23921446479363506,0.21035871605356918,0.24681993501945224,0.24960906555776685,0.23117549719382915,0.21213371294820857,0.2124052141148059,0.22380176331093804,0.2705357356937355,0.27950116304081335,0.26978804522549243,0.22778523024138186,0.23656467915866955,0.24944577812327903,0.25154286872849574,0.37959553414976455,0
0.30018621918459765,0.37823808439853523,0.3598806307260278,0.23856095012624456,0.23047364132140308,0.20932487732771637,0.23018967981332647,0.21852085753983336,0.1653518934045425,-0.06765590222758702,0.06634816626760695,0.05137091859385263,0.07013199581575957,0.2234288575828294,0.18352544818957775,0.18648422751900937,0.09323021386482473,0.11383881088015212,0.19399907884250975,0.1799266438612277,0.2158246643147071,0.1973112510994302,0.2671468849392964,0.2396625028061697,0.21083456231351905,0.2472854840314901,0.2500736914355791,0.23163421561763223,0.21260351671634825,0.21287384774548027,0.22425081893362922,0.27093861422316884,0.27990646848440875,0.2702019052300827,0.2282075319404063,0.23697851601267816,0.24987642411114078,0.251967945072642,0.37998737052268494,0.38282426361236355,0
0.3785609011060909,0.36020923092301005,0.23893577492674983,0.23084611453044104,0.20971174657144215,0.23056999139867906,0.21890258286659145,0.16574827790478772,-0.06712847159200014,0.0668304654619781,0.05184682800287419,0.0706254695863204,0.22388044816717897,0.1840139093987658,0.18698907229117262,0.09374979280782511,0.11435593589918172,0.19445719130521802,0.1803867118280677,0.21627350230566664,0.1977752634380367,0.2675727315315256,0.24011276564111544,0.21129071192567692,0.24775060733648255,0.2505382924219376,0.23210408213742403,0.21306760107041467,0.2133434362572839,0.2247160045018247,0.27137411560351077,0.2803067393455526,0.2706098126327924,0.22863311135103953,0.23739823362908846,0.25028653856064315,0.2523978688375142,0.38037591534756054,0.38321517862669835,0.3715793782426224,0
0.3605365597367921,0.2392947411166866,0.2312229235092434,0.21008953304649372,0.23095134863423403,0.21928582181427497,0.1661436769429277,-0.0666717243903267,0.06732022050647508,0.05233316618162554,0.07109606635935953,0.22433053726041813,0.18447665319328233,0.1874765310149359,0.09428185697614387,0.11486936001351218,0.19495074980337765,0.1808486906753693,0.216723247083421,0.1982292243571076,0.2680165924120734,0.24054624510152345,0.21174909949220463,0.248196205531943,0.25100247116232915,0.2325739188110572,0.21354288076360925,0.2138073068292681,0.22518214891225166,0.2718255843481574,0.2807395469133931,0.2710126705482471,0.22905264982198098,0.2378212226540723,0.2507025155090758,0.2528072782076115,0.3807690694655245,0.3836028054151278,0.3719735021265138,0.3596293680477158,0
0.23965233136795006,0.23158382618825413,0.21047168040976216,0.2313236995911336,0.21967010670814904,0.16654059916404743,-0.06621610384979407,0.0677420585825599,0.052826982562070385,0.0715770431451392,0.22475872436763186,0.18493786123376318,0.18793829499472745,0.09479614818212817,0.11539522516990841,0.19544069319262536,0.1813462272367499,0.21717490509380002,0.19868409404802226,0.26845061686448596,0.24099785735742538,0.21219058720775108,0.2486440245999676,0.25144713990366613,0.2330433141241308,0.21401812549282243,0.2142823708581837,0.2256425989709206,0.27227802769279535,0.2811882895336424,0.27144815063362854,0.22946707217941503,0.23823819026501242,0.25112175474193,0.25322254661726284,0.3811425819988514,0.38399503551250225,0.37236432621429016,0.36002690201740656,0.29913708041511444,0
0.23194334626091784,0.2108377931665194,0.2317003857398509,0.2200453446963162,0.16693856871488533,-0.06575891801326199,0.06816285165612335,0.0532525837559341,0.07206546846289183,0.2251969022707026,0.18537691740503276,0.18839852623049735,0.0952841378411534,0.1159034054806969,0.19594290906444448,0.1818401342067641,0.21766182270593226,0.19914087580383796,0.26888554236369505,0.2414395504875016,0.2126503320541885,0.24907509532738473,0.2518940280128636,0.23349311598710434,0.21449290911759636,0.21475740012701522,0.22611421237137228,0.27272487052193195,0.28163800988562937,0.2718995978278847,0.22991449873762904,0.23865005648910345,0.2515350008256908,0.2536410755830842,0.38152177744878507,0.3843676459589433,0.37275977445233854,0.36042112389524794,0.29955187662037347,0.288894214533766,0
0.2112025053777124,0.2320611685409666,0.22042493152473455,0.16732730145832606,-0.06530067875370521,0.06858518567076743,0.05367713114467837,0.07248607445219116,0.2256422918585509,0.18582606412355226,0.1888366275494106,0.09577051419025058,0.11638542243932432,0.19642777625673727,0.18234634211243908,0.21814514938582455,0.1996330651582874,0.26932238447213647,0.24188214763585858,0.2131000710100102,0.24952426145253964,0.2523241811277128,0.23394514552800605,0.2149480130938653,0.21523196907801623,0.226585794274097,0.2731827568910256,0.2820821483714261,0.27235201964688904,0.2303780357009518,0.2390948424722172,0.251943166840628,0.2540536167536188,0.38190414546654866,0.3847459348960244,0.3731355266496581,0.3608199920715703,0.29996329849140124,0.28931193366971025,0.2657735426349251,0
0.232420569148496,0.22078854528844877,0.16772044683844137,-0.06485251266299698,0.06900856958453822,0.054103222099903536,0.07290563832103805,0.22602302217087825,0.1862824832278072,0.18928481065236732,0.09623417304670079,0.11686584443630048,0.19688700731122924,0.18283514459326114,0.21864070104936392,0.2001216443883011,0.2697940582322513,0.24232665964544453,0.21355071710173548,0.24996353454909087,0.25277241539353557,0.23438036636681003,0.2154053533317125,0.21568686181471164,0.22705692844473127,0.2736406247404568,0.2825373065873905,0.27279884109781743,0.23084253340040806,0.23955570718711883,0.25238413037833457,0.25446108189328454,0.38228079826077455,0.38512739418979,0.3735169727521911,0.3611990830272492,0.3003794787776197,0.28972626793222234,0.2661978595455681,0.2506319148103231,0
0.22115076711107284,0.16809729327749412,-0.0643996529646065,0.06942236401634412,0.054530363334122936,0.07332674227138021,0.2264028036390148,0.18667343317471177,0.18974026080845194,0.09670814824280616,0.1173236827565787,0.19734471340290594,0.18329822194172654,0.21911899876270277,0.20062248630808854,0.2702621965565776,0.24280622484804643,0.21400327622071894,0.2504037107262004,0.2532107665725534,0.23483374703758103,0.21584580873312,0.21614399047100724,0.22750844134825032,0.27409809492544457,0.28299244886299346,0.2732567059004832,0.23130134802614813,0.24001753570800818,0.2528411267981427,0.25490132140233457,0.3826525806035308,0.3855031451097412,0.3739015969122945,0.3615838842693053,0.30077547090139095,0.2901453795941042,0.26661876779320604,0.25106055257502247,0.23645519464121043,0
0.16847270221302005,-0.06396452742580507,0.06984068956389668,0.05494786294612241,0.07374889599647619,0.2267840973687325,0.18706341037189267,0.19013031295568342,0.09718953322438521,0.11779178399824283,0.19778034632689812,0.18375976251147072,0.21957180890367806,0.201105999078584,0.27074245083292947,0.24328222588543802,0.21449112096953682,0.2508458023161628,0.253650020474902,0.23527718971570344,0.21630450523780875,0.21658423732410384,0.2279621846997201,0.274536162430109,0.2834472034247538,0.2737145522038762,0.2317713115948655,0.24047369943592892,0.2532990914678001,0.2553575851088659,0.3830559585359798,0.38587403074442955,0.3742804888426506,0.3619718717527116,0.301177256234822,0.29054423351075487,0.26704449629218313,0.2514857660970285,0.23688787791142335,0.21886418584498155,0
-0.06353104005575672,0.0702421109714352,0.05536991119009908,0.07416147731090907,0.22716643684795804,0.18745490696054884,0.19051939445330338,0.09760361583946374,0.11826726251916676,0.19822603838111272,0.1841991437388616,0.22002311380703618,0.2015639063408412,0.2712056686059422,0.24377039931838201,0.21497537141080011,0.2513228771865045,0.254091190000246,0.23572153709002724,0.21675320703640544,0.2170427220425807,0.22839909477984235,0.27497643861581855,0.28388259874881316,0.2741720009214867,0.2322412452256704,0.24094098876758674,0.2537514178073452,0.2558148179069808,0.38347491851656773,0.3862764823460974,0.37465449749509266,0.36235410165452103,0.3015822692368112,0.2909488946780629,0.2674498099804421,0.25191582793394285,0.23731712235207794,0.2193018889309364,0.18731912787706062,1
0.07064201025949314,0.055774965819995366,0.07457858400607911,0.22753975641795393,0.1878474503303328,0.19090999471603415,0.09801667159341598,0.11867587237666326,0.19867898370309753,0.18464861849672162,0.22045248940069337,0.20202029270700417,0.2716437398317997,0.24424142368002183,0.2154718534670539,0.25179639695788775,0.2545673161725837,0.23616779892678685,0.21720281556902465,0.21749121431446528,0.22885419091892945,0.27540007459595217,0.2843201984278948,0.27461004730219374,0.23271073714194182,0.2414082506896589,0.2542148359651951,0.25626641738744643,0.38389489044291386,0.3866945048846989,0.3750601752832742,0.3627314291575134,0.3019813963233067,0.2913567905285974,0.26786096261334924,0.25232537209863226,0.23775124138284523,0.21973613508740103,0.18776583274229958,0.2295523937211712,0
0.05617848582058523,0.07497881585604366,0.22791741575888363,0.18823083219171732,0.19130164166926436,0.09843126287772544,0.11908346817478149,0.19906671494266331,0.1851053674556728,0.2208918666976029,0.20245463556451496,0.27208035109833556,0.2446871249524608,0.21595106834790903,0.25228207131272684,0.2550398906997734,0.23664916449946435,0.2176543373653123,0.21794061323918426,0.22929933076342005,0.2758416905426542,0.2847411962718956,0.27505030232974814,0.23316063406272344,0.24187508065114607,0.25467823037341625,0.2567291022867477,0.3843094842449498,0.38711354044598323,0.37548146270603533,0.36314053543433306,0.30237552421883584,0.2917587787334815,0.2682753657633177,0.2527407759642271,0.23816474643478086,0.2201752884372424,0.1882090482203644,0.22998704679249807,0.22806792040503382,0
0.07537752968238427,0.22827914836178317,0.18861860139349426,0.19168413955364838,0.09884690327828742,0.11949259568509865,0.19945348096163115,0.1854966230365087,0.22133846231668447,0.20289902571259685,0.272495363274633,0.24513134282589474,0.21640477491512206,0.25275063211975896,0.2555246130248582,0.2371269593525416,0.21814111482887577,0.21839192547533137,0.2297453759617356,0.2762734940119183,0.2851801331230176,0.2754739174550507,0.23361275881532337,0.24232235820121603,0.2551412069406795,0.25719176412967115,0.38473483765755717,0.38752720429596166,0.37590375940081067,0.3635652924699636,0.30280198588845153,0.29215575135805366,0.2686838122173179,0.25315944071639296,0.23858413062117648,0.22059370830738403,0.18865722935757495,0.23041825393176166,0.22850299708950347,0.2228722637985526,1
0.2286394955007613,0.1889902008692943,0.19207102059942566,0.09925306165345073,0.1199027717592214,0.19984176412649082,0.18588690515268905,0.22172031010307308,0.2033506619237558,0.2729202453331831,0.24555379066096683,0.2168569734908753,0.25319392554962916,0.25599223533489684,0.23761693947831466,0.21862430187042126,0.21887848732571213,0.23019333523563373,0.27670619766738513,0.2856092860793733,0.27591551222313154,0.23404807350086726,0.24277185934257595,0.25558469274040474,0.25765401080610645,0.3851602033084128,0.38795161956895535,0.3763206620493345,0.3639910547917492,0.3032443064923339,0.2925851517322164,0.26908720609621556,0.2535721166497502,0.23900678540285067,0.2210180314258727,0.18908446272028007,0.23085434845482383,0.22893462631448944,0.22330882312902198,0.2261752169269586,1
0.18936038090778806,0.19244175326583068,0.09966371504492108,0.12030354163628593,0.2002310937475662,0.18627870687357515,0.22210120643130138,0.20373718017865683,0.2733522654978731,0.24598617661943145,0.21728722267285847,0.2536357429774436,0.25643461149140756,0.23808974485129428,0.2191197128932015,0.2193614595390318,0.23067644727509118,0.27714081843833666,0.2860393381949024,0.2763472947397244,0.23450154947543358,0.24320458802906472,0.25603039599291316,0.2580967783912817,0.38558528995475533,0.3883760479671507,0.376748344636155,0.3644113993317965,0.3036876122055069,0.2930304462899868,0.2695232398505696,0.2539797157802767,0.23942342128991967,0.2214456371865704,0.1895176425735348,0.23126978210630866,0.2293711456746043,0.22374192965403622,0.2266108337181853,0.2220186916417737,1
0.19281106947950719,0.1000576486947071,0.12070878105554558,0.20061130645736383,0.18667155540644123,0.22248361580073478,0.2041227360503456,0.2737206080849232,0.2464257422102987,0.21772748157549565,0.2540558443136401,0.25687551446374796,0.2385371868584042,0.21959787196493905,0.21985665419141334,0.23115598223679762,0.2776102066987147,0.2864713080300758,0.2767799774344012,0.23494508644057646,0.24365543785460395,0.25645938123722134,0.25854176226651465,0.38599149196975396,0.388800200782581,0.3771760372591327,0.3648425541135088,0.30412537998525385,0.29347672254059715,0.26997524735497863,0.25442009370656987,0.23983495769035354,0.22186718673348063,0.18995412667214384,0.23169110435466483,0.22978699407868033,0.2241799359438354,0.22704300110246728,0.22245549454980018,0.25463999276389415,1
0.10045008600668398,0.12109743085657274,0.2009958915253973,0.18705523819616635,0.22286707103247932,0.2045098082216677,0.274088030804863,0.24680107617352684,0.21817496367907344,0.2544858622381153,0.25729472189561087,0.238983140118931,0.2200505465996226,0.22033459996837965,0.2316477149628001,0.27807606784384736,0.28693796878369265,0.2772145772493387,0.23538952813845537,0.24409637668851653,0.25690642950025766,0.2589700384465658,0.3863998510784025,0.38920548390543486,0.37760344238222276,0.3652737156486315,0.30457411140570423,0.2939174405130786,0.27042822884045664,0.25487649749063945,0.24027940295409952,0.22228360864683624,0.19038448763438118,0.2321157019255761,0.2302087331145549,0.22459723598198073,0.22748006212982427,0.22288884377410478,0.25506748677310803,0.26451174031620833,0
0.12148460251301459,0.2013643833973025,0.18744330974892187,0.22324149087172052,0.2048979267267609,0.2744569571438861,0.24717547391557923,0.21855763285665236,0.25492304669039384,0.2577238377118996,0.23940728434063607,0.22050171641296748,0.22078706613184512,0.23212224802342668,0.27855402859397305,0.2874011123517686,0.27768394394839846,0.23583588427727822,0.24453821924843275,0.25734360732968764,0.25941636663648177,0.38679202754583736,0.38961292263433384,0.37801192578461545,0.3657045770194656,0.30502283296193333,0.29436914810057907,0.2708756061247988,0.25533387020537274,0.24073992286275325,0.2227331008162174,0.1908096704886302,0.2325342659576461,0.23063374848960316,0.2250204337741697,0.2278964393434541,0.22332709434520925,0.2554915606636637,0.26493641729802275,0.25757182756326574,0
0.2017314665319301,0.18781520430877127,0.22362025568341576,0.20527694512720682,0.2748269279819395,0.24755138015436215,0.21893934865469172,0.25529617435868057,0.2581601150637634,0.23984138225440907,0.22093095995257542,0.22123802811440046,0.232571378647403,0.27901498544241066,0.2878763360163508,0.2781497836107085,0.23631734687588796,0.24498197684151268,0.257781687427795,0.2598528320750906,0.38720169554248,0.39000419191661634,0.3784225699740214,0.366116461378992,0.3054711902452606,0.2948208430100753,0.2713340316545899,0.2557856086441918,0.24120140697350492,0.22319872816741798,0.19126821301621783,0.23294771945808723,0.23105272717651207,0.2254469114636975,0.22831870978341465,0.22374463286609453,0.2559204754405358,0.26535768431852463,0.2579984849365226,0.2049101366732895,1
0.18818567841528794,0.2239830671873708,0.2056603302397939,0.27518805055013057,0.24792833159791897,0.2193225780669931,0.25566837096670564,0.2585324022387391,0.24028266927447248,0.22137020398350285,0.22166706849393256,0.23301901533732527,0.2794508468733566,0.28833459468593237,0.2786277227237943,0.23679523840166683,0.24546076583665682,0.2582216834163518,0.2602901995063372,0.38760189190722055,0.39041293864323734,0.37881699876321395,0.36653051203137893,0.305900290630029,0.29527216279146884,0.2717924381549753,0.25624843372527445,0.24165722865009412,0.22366531385333382,0.19174299928337796,0.2333941451531584,0.23146659295652466,0.22586734144254264,0.22874425785873762,0.22416807031110658,0.256328899773229,0.26578377392899655,0.25842172520777656,0.20535182172278652,0.18910049585642563,1
0.22434448951255762,0.20602765099687823,0.2755534552279586,0.24829633790190123,0.21970685342452081,0.2560420745322037,0.2589037603195157,0.2406595982647795,0.22181666559911403,0.22210610750027218,0.23344480515564442,0.2798852551335231,0.28876781895596965,0.27908865824275486,0.2372853158941193,0.24593599349243545,0.2586966021548664,0.26072948299041615,0.3880029762109398,0.3908122235667802,0.3792289540509447,0.36692829844837693,0.3063315851788725,0.29570417828235185,0.2722504450243953,0.25671123561744597,0.24212417291890556,0.22412620216527127,0.19221873336357556,0.23385666924812798,0.23191344455080556,0.2262826502010553,0.22916376523056614,0.22459478823801315,0.25674317831252413,0.26618944015695806,0.2588498009314697,0.20579003548504135,0.18954669238589325,0.25694092640390725,0
0.20639356704903997,0.2759032277054825,0.24866865885836487,0.22008208200867735,0.25641682307976144,0.25927662477138136,0.24103558730286032,0.22219838922171808,0.2225523629566982,0.2338805637685788,0.2802981138130169,0.28919959815664814,0.279524498826579,0.23775821724974597,0.24642338799194413,0.25916797364399147,0.2612036686441095,0.38840598483468786,0.3912123960761335,0.37963141330417616,0.3673436634941187,0.3067463682832086,0.29613839265660763,0.27268904062799354,0.2571736218318337,0.24259109010436705,0.2245982576774949,0.19268870741400673,0.23432015524280483,0.232376399653585,0.22673099244257022,0.22957815666703235,0.22501545664339068,0.25716071499352006,0.26660094705925586,0.2592574061277952,0.20623318230317778,0.18998940136109127,0.25736776381274984,0.23749432596250675,0
0.27625165589990747,0.2490251813835179,0.2204616593886276,0.25678265705728504,0.25965053412046335,0.2414130859504682,0.22257916167660285,0.22293389555809517,0.2343235206780421,0.28072082261093606,0.28960988686118294,0.2799588863036665,0.23820575306890399,0.24689364449240753,0.2596514842948436,0.26167430971726674,0.38884284784645445,0.3916144931132701,0.38003476137321773,0.3677494961274153,0.3071789939052171,0.2965560537276341,0.27312984576758215,0.2576165267227317,0.24305757658781754,0.22507028127400205,0.1931699286580876,0.23477796509275856,0.23284031616093395,0.22719545607268418,0.2300255512828056,0.22543100246265693,0.2575722713588122,0.26701570534274066,0.25967086151174146,0.2066555008476769,0.19043707269383858,0.2577911834704358,0.23792671270351975,0.2218702443101599,1
0.2493803363839667,0.2208252639309653,0.25715279541762187,0.26001554054505027,0.24179162996385986,0.22296144708606785,0.2233144774386053,0.23470199694012625,0.2811506574882633,0.2900300020980661,0.2803717246671527,0.2386517998532861,0.24733859526846144,0.26011791215416336,0.2621570847087633,0.3892763021537213,0.39205041820769193,0.38044003324648384,0.36815621888365035,0.3076019029655516,0.2969916019993663,0.27355400311849304,0.2580616481259732,0.2435045161545699,0.2255418555258708,0.19365110932081592,0.23524691503936462,0.23329855357505205,0.2276608793743854,0.23048905592054264,0.22587958959621743,0.25797875733449577,0.267424504253354,0.2600875730295668,0.20708374176883856,0.19086380835343425,0.25821943974987627,0.2383556616841687,0.22230708957950066,0.23163065636376365,1
0.22118747656396365,0.2575071878047936,0.2603848474401959,0.2421612067376196,0.22334477834531027,0.2236965721404266,0.2350795296306418,0.2815169752505186,0.2904572290617009,0.28079441296261315,0.2390760354970253,0.24778206495105295,0.26055912087185285,0.26262278736586087,0.3897216234292042,0.3924829380121764,0.3808792248806237,0.36856486467517946,0.30802570876565427,0.2974174025283281,0.27399614853072474,0.2584900598624264,0.2439536787654472,0.2259938014705156,0.19413180720803386,0.2357158360063757,0.23376793485021613,0.22812061326307895,0.23095352133154848,0.22634430105582207,0.2584179853329227,0.2678282485698874,0.26049831045155214,0.20751527488842408,0.19129648806166688,0.258627221216053,0.2387894833289991,0.22274048101237748,0.23206471637669063,0.2159323510456102,1
0.25786022000170206,0.2607384283462319,0.24253510558825284,0.22371907593241308,0.22407971267274268,0.23545857301016374,0.28188237788208703,0.2908211304056871,0.2812242272240218,0.2395102256718628,0.2482037814098521,0.2609988599917717,0.26306328728140893,0.39015040476140145,0.392927318076425,0.38131499933272944,0.3690075276815609,0.308451433708639,0.2978441009174537,0.2744284758167691,0.2589365257133801,0.24438607377463856,0.22644797856416618,0.1945927308345533,0.23618431895591435,0.23423728673799055,0.228591504188196,0.23141230388997622,0.22680997190230973,0.2588732253959057,0.2682646443385697,0.26090398217508204,0.2079407221908202,0.19173247079531153,0.25904085373469465,0.23920269805412087,0.2231787740671872,0.2324953325959429,0.21637089076752208,0.2694105022594619,1
0.26109065185607744,0.24289316808328848,0.22409771791402328,0.22445382217963264,0.23583866191165861,0.2822492827200868,0.29118412227141605,0.28159052588415645,0.23995160546355956,0.24863542927980053,0.26141692972721003,0.26350231977664323,0.39055481830910094,0.39335517157636735,0.3817626574085182,0.3694467608681024,0.30891166918941115,0.29827271779037823,0.27486170349198646,0.2593731273443518,0.2448365847422388,0.22688531616832577,0.1950559001441475,0.23663322305070045,0.23470619903507506,0.22906236429864213,0.23188223510905173,0.22726995164039782,0.2593294357264243,0.2687170181996171,0.2613423690225698,0.2083610195321475,0.19216233417174214,0.25945774281927825,0.23962179048925358,0.22359635406333161,0.23293083234713136,0.21680597054328835,0.26983378131790514,0.3132395769184203,0
0.24324985775123178,0.22446040954008326,0.22483227519188118,0.2362097621351426,0.2826172318527211,0.29154861465772286,0.2819559094582874,0.24032862041340977,0.24907425269760117,0.26184489740580696,0.26391969876782384,0.3909578752946615,0.39375867827426825,0.38219374232424475,0.36989790250731014,0.30936841087635747,0.2987359287330717,0.27529684816328936,0.25981063102073354,0.245277188333412,0.22734084646914715,0.19550210105152022,0.23708435337000777,0.23515552560900818,0.2295327793121371,0.2323521364207994,0.2277410905794357,0.2597800197419995,0.2691703656208664,0.2617967578451283,0.20881451515409996,0.19258702229050545,0.2598686564695701,0.2400441528080319,0.2240198331870955,0.23334568534498845,0.21724596294630874,0.27025365545552327,0.3136503487988229,0.2329666823482874,1
0.22482171240013576,0.2251947823904103,0.23658519163760508,0.2829763607706558,0.2919141510947391,0.28232279522552284,0.24070469520995919,0.24944889898448394,0.2622800202662338,0.26434696936282215,0.3913400872767194,0.39416083119589423,0.38260040736109946,0.37033242146885353,0.30983718670305865,0.29919563504953445,0.27576677545662426,0.2602500507189039,0.24571869552068787,0.22778641584339762,0.19596663226634575,0.23751868787849045,0.23560707909141876,0.22998358456308485,0.23282159613600487,0.22821219846932075,0.26024168023597555,0.26961810633474825,0.2622521179131196,0.20928419397871326,0.1930450537390414,0.2602745034119179,0.24046049843671366,0.22444659289441576,0.23376642409081885,0.21766520195281805,0.27067834310372135,0.31405776085548825,0.2334003611093859,0.2902302405182898,0
0.22555590145794852,0.2369447479956406,0.2833397623732505,0.292270900797981,0.28269072528546446,0.24108227967600673,0.24982261065878755,0.26265123772245,0.2647813912820194,0.3917318681155648,0.3945421594316223,0.3830057089191874,0.3707424428923192,0.3102890891884575,0.29966739678773757,0.2762331736723214,0.260724376521166,0.24616211781754288,0.22823289073790862,0.19642110652586137,0.23797116845786104,0.2360418306965232,0.2304366191163567,0.23327146137085047,0.2286828603576546,0.260703318642086,0.2700768984938137,0.26270185748947006,0.2097548264837467,0.1935193227968297,0.26071307126656973,0.2408717462414475,0.2248673027652772,0.23419043673593834,0.21809034822665554,0.2710826406481318,0.3144699051897064,0.23383059745148804,0.2906475784024055,0.26510552964266343,1
0.23730292638294984,0.2836875799189474,0.2926319119381511,0.28304983539537787,0.24146090951651522,0.2501978303500531,0.26302152858672845,0.26515195926613166,0.392130603879809,0.3949330484135107,0.383390115030064,0.37115109052611917,0.3107161010161962,0.30012224274097943,0.2767116753484438,0.26119515723267,0.24664056183159472,0.2286812796100949,0.19687648975613153,0.23841372064745694,0.2364947348483175,0.23087283055963748,0.23372355438621767,0.2291339085341119,0.26116454561809993,0.2705356712768479,0.2631626661095441,0.21021973389882959,0.1939945402618208,0.2611676432674474,0.2413158933757467,0.2252828898125006,0.23460842025123382,0.21851877915052384,0.2714927721516189,0.314861957163861,0.2342657148493291,0.2910615327877675,0.2655300371792207,0.2978010544305909,1
0.2840340599127207,0.29297739647558274,0.2834132181010364,0.24183057092637075,0.25057409517667517,0.26339332507578944,0.2655216021775363,0.3924681060929807,0.3953308873852994,0.38378411013445796,0.3715387675142163,0.3111416868593456,0.3005521314715275,0.2771731654338096,0.2616780728649257,0.247115445762212,0.2291648336565769,0.19733378493429163,0.23885717718820482,0.23693770609133769,0.2313272172149148,0.2341588377895149,0.22958718640616813,0.261606309815301,0.27099404309168196,0.26362345344714694,0.2106958438994983,0.19446400123525467,0.2616231863033244,0.2417761115789335,0.22573151953598206,0.23502129656027493,0.21894114764074094,0.2719061516814516,0.3152597830158672,0.2346801945698541,0.29148026209630196,0.26595113536543363,0.29821623188767843,0.37540189703167626,0
0.29332155149405,0.2837610172039802,0.24220455481321673,0.2509414243918911,0.26376616635408395,0.2658927502606086,0.39280476058013164,0.39566755865622044,0.384185072417902,0.3719360635144743,0.3115459213936213,0.30098058537957295,0.2776095480428007,0.2621439141636246,0.2476024940690828,0.22964480901614628,0.1978265025410387,0.23930254839436707,0.237381581847886,0.23177165514491982,0.23461228199614947,0.23002363768000642,0.26205028867816377,0.27143299780255514,0.2640838324617578,0.21117191815118094,0.19494470488506596,0.2620731075944447,0.24223729433081473,0.22619627409636767,0.2354671259964525,0.21935838380625017,0.27231358223109653,0.3156608268785549,0.23510055820691791,0.2918787427356205,0.2663770550410845,0.2986280336358563,0.375794930111725,0.359555144381909,0
0.28410747881850207,0.24256270030064125,0.25131306505865286,0.2641301195294788,0.2662649430673536,0.3931428971700778,0.39600338414484154,0.3845246376601098,0.3723403449607996,0.3119599268977872,0.30138762352289483,0.2780444758799411,0.2625845495854644,0.2480724092979122,0.23013698530146606,0.19831560810020568,0.23978299761101807,0.23782737217432934,0.23221699815676963,0.23505578753228554,0.23047826788942738,0.26247757425373813,0.27187416263078146,0.26452476226264343,0.2116475282699806,0.19542536844287828,0.2625340995291559,0.24269281671248885,0.22666198799412257,0.23592904668048828,0.2198087171265705,0.27271596602504405,0.3160560147440806,0.2355241948283141,0.29228302879416196,0.26678255536800954,0.2990445962754222,0.37618466732876626,0.3599526995322569,0.3504998571534705,1
0.242919472675216,0.25166892364469484,0.2644983681961993,0.2666282567700247,0.3934820751458758,0.3963406911565376,0.38486335035050706,0.3726829856444409,0.31238101031770393,0.30180445836637276,0.2784578424596244,0.26302371717071193,0.2485170265200172,0.23061195561637368,0.1988169801274699,0.24025987944413554,0.23830825261734576,0.2326642554041969,0.2355001977889794,0.23092294677515132,0.2629228964591478,0.2722986745138209,0.26496790537837733,0.2121034455186076,0.19590555111304117,0.26299507000808314,0.2431594590513097,0.2271220104886271,0.23639192995742422,0.22027519571819557,0.27315095632633435,0.31644622598368094,0.23594180515425456,0.2926905486209732,0.26719389555529993,0.2994409616765255,0.37657902161140405,0.3603469425143844,0.3508999963439894,0.3559552965902755,1
0.25202341699209213,0.2648509163080625,0.2669958629409157,0.39381283216369883,0.3966790394702061,0.38520354658300526,0.3730247665822702,0.3127392192297199,0.3022283867830448,0.2788810638190132,0.2634412282159418,0.2489601636733454,0.23106151360634702,0.19930101547015489,0.24074893999571417,0.2387855641069149,0.2331466451394923,0.23594652249378117,0.2313685308360864,0.263358366645874,0.27274117996261277,0.26539436718812365,0.21256160034542854,0.1963659677645842,0.263455631495401,0.24362607459223684,0.22759319256052077,0.23684914121754774,0.2207426316666388,0.27360190786160915,0.3168686416108043,0.23635431041168134,0.2930921636365022,0.26760848671713,0.2998431221187231,0.3769537058208012,0.3607458319325594,0.35129681404902335,0.3563538790024947,0.4124395062693058,1
0.2652021105798279,0.26734778399917397,0.3941477277380916,0.3970089783391031,0.38554478440960765,0.37336803320783213,0.313096531979084,0.3025892317877181,0.27931141409430327,0.26386863207692224,0.24938155507602325,0.23150957634938793,0.19975943348689637,0.24122083886591603,0.2392750573992909,0.2336254604266422,0.2364279527504135,0.23181602907767532,0.26379473843959456,0.27317386344406774,0.26583885283799646,0.213002858657833,0.19682862927845451,0.26389674084992415,0.24409226053240524,0.22806434354248215,0.23731748730417265,0.22120436441780095,0.2740538345910406,0.317306867640493,0.23679975653857016,0.2934887652094601,0.2680171197658078,0.3002485111444356,0.3773340786954743,0.36112494362586783,0.3516982949732196,0.356749145542499,0.4128219702014422,0.4376013289778356,1
0.26769835337639075,0.3944677243907597,0.39734305189677277,0.38587757269372963,0.3737123417379484,0.3134553412776083,0.30294917446345254,0.2796782094095763,0.26430318799958985,0.24981287490663118,0.23193578264586248,0.2002163290384938,0.24166739487034913,0.23974738285903524,0.23411646831180905,0.2369058120519585,0.2322986667681308,0.2642330265130059,0.2736074474527155,0.26627349539420975,0.2134623705394374,0.19727432966988107,0.26434006380997693,0.24453890436375464,0.22853504836557056,0.23778580498211502,0.22167727180392657,0.2745001643431799,0.3177460834832812,0.23726128931557708,0.29391778227433407,0.26842069917051253,0.3006480114202862,0.3777176270099249,0.36150976570729987,0.35207993665733445,0.35714906519052664,0.4132011763797105,0.43797661266720184,0.4833973307806762,1
0.3947864792837491,0.3976622462896817,0.38621450913722805,0.3740481581134976,0.3138151940522201,0.30331061552746,0.28004408847708134,0.26467388014748666,0.25025136846973556,0.23237196155920192,0.20065116963819027,0.24211246485002028,0.24019435580590448,0.234590286834952,0.23739585708885116,0.23277772910774042,0.26470618800408136,0.27404294837625737,0.2667090392367245,0.21391187901587574,0.19773835259779812,0.2647667028857875,0.2449877707604597,0.2289861387899426,0.23825368684508952,0.22215014646894135,0.27495753311800397,0.3181797894034663,0.23772378513110815,0.2943626889250756,0.268856924579511,0.3010425103674296,0.37809545120407073,0.36189777408091306,0.35246730114262875,0.3575291826588688,0.41358493097788424,0.43834866449247606,0.4837595460045877,0.45990554055280086,1
0.39798020168523385,0.38653649760722936,0.3743881369637182,0.31416633896511836,0.3036731003336551,0.2804114700841904,0.2650436469322348,0.25062570912268706,0.2328153410949948,0.20109606209651237,0.24253574564140318,0.24063984144715475,0.23503871908034776,0.23786872645026214,0.23326898581886577,0.2651758086431659,0.2745132422120028,0.26714649954758063,0.21436229453891079,0.19819232399320466,0.26521136855394034,0.24541987380201577,0.22943945897830914,0.23870199946906973,0.22262256868221314,0.27541488386251917,0.31862442320261575,0.23818061158348372,0.2948085777142811,0.2693091260374344,0.30146935534633407,0.3784683982366164,0.3622800247154644,0.3528578581214777,0.357915015450033,0.41394926711013036,0.4387252181026071,0.48411857648532697,0.4602744594546968,0.5350570021822595,1
0.38685723745937334,0.37471309471696623,0.31452171881831187,0.304026840753491,0.28077989603414044,0.2654149189752755,0.2509991158779912,0.23319420895055343,0.201548203397675,0.2429689722006779,0.24106352855868926,0.235485659537125,0.23831623099873747,0.23374304963099565,0.26565755587526874,0.27498000563568387,0.2676188093665844,0.2148146231417396,0.1986472041645143,0.265646189207859,0.24587008826891943,0.2298759519618096,0.23915253736003256,0.22307534902317336,0.2758718388304519,0.31906905101159305,0.23864856947440644,0.29524891087901456,0.2697623012536149,0.3019120638572453,0.37887297933433284,0.3626573728324353,0.3532426381505464,0.35830403699867835,0.4143192411362193,0.439082524178432,0.4844820238723833,0.46064016944199254,0.5354044756688022,0.6446111329132039,1
0.3750367936285906,0.31486170741532415,0.304384828383875,0.28113949515260733,0.2657872357545227,0.2513740304370268,0.23357213231853705,0.2019351896545333,0.24340938304420434,0.24149716516713965,0.2359107687691902,0.23876224660850115,0.2341917216182922,0.2661222453822029,0.2754588751414841,0.26808758143417694,0.2153022307160565,0.19910399639833706,0.2660819112170889,0.24631039852269565,0.23033062452847294,0.2395862879332447,0.2235303618639528,0.2763093993601399,0.3195133294932348,0.23911649932366177,0.2957002302708128,0.27020987094183097,0.30235575703182316,0.3792931569119836,0.36306650040421545,0.3536225011729032,0.3586872931712141,0.41469236523745173,0.4394454336560841,0.48482653483076893,0.4610103398754073,0.5357488175664032,0.6449273437498094,0.8848731391300511,0
0.31520038541686496,0.304727362080813,0.28150336917860613,0.26615067170933215,0.25174999010056676,0.23395156664872857,0.20232121243343998,0.2437855001943814,0.24193798832903643,0.23634584054975535,0.23918645177822898,0.2346389010804774,0.26656175505946517,0.2759207278279609,0.26856847400320494,0.2157862448462714,0.19959619653344562,0.2665195496540645,0.2467516122589112,0.23077534531953933,0.24003817551122208,0.22396852323394045,0.27674916775012554,0.31993841632610626,0.239583994773845,0.29615153735162203,0.27066849056947323,0.3027939096193181,0.3797143450366283,0.36349127899023653,0.3540342267298627,0.3590656410661458,0.4150598437933664,0.4398114759771942,0.4851765864134783,0.461361414293549,0.5360974806240268,0.6452405357211,0.8851207881794977,0.8528456273343853,1
0.30506857641905133,0.28185164779313016,0.26651840071030813,0.25211701838744205,0.23433204654042242,0.20270875183848916,0.2441606792913699,0.2423144875216276,0.23678810682594834,0.2396206111993783,0.2350642439466298,0.266999800358449,0.27635746483802276,0.2690323209957928,0.21628248889508664,0.20008478650487063,0.26699204274427357,0.24719474117156945,0.23122097130205443,0.24048014102602405,0.2244248900902987,0.277172303214313,0.3203656908254691,0.24003192716659288,0.29660247072022433,0.27112709098420207,0.30324302923547064,0.3801301467074288,0.36391706283765574,0.35446163446352386,0.35947580144350955,0.41542250445060425,0.4401719261335892,0.4855297394769619,0.46171806153873707,0.5364275581922379,0.6455578458042368,0.8853656655766236,0.8531024158373874,0.8715871029506207,1
0.28219858726818925,0.2668704416464615,0.2524883567032252,0.23470353232834282,0.20309733762455187,0.24453736743149201,0.2426900477673654,0.23716594316698886,0.24006196006719727,0.23549955150547094,0.2674162143392695,0.27679274598750536,0.26947100721174355,0.21676146915169342,0.200585639243178,0.26746099741585805,0.24767288332716547,0.23166851145567147,0.24092301066465133,0.22487128709506204,0.2776134108741066,0.3207765115118982,0.2404820842107628,0.297034105979875,0.27158529106001783,0.3036921386203868,0.38055671862321244,0.36433742875591124,0.3548900444382428,0.3599016252234695,0.41581645936303824,0.44052759865209085,0.4858773975315761,0.46207782635268874,0.5367631055693068,0.6458573146312155,0.8856142157827864,0.8533563997339733,0.8718385433376953,0.9050990880624239,0
0.2672211304888126,0.25284392020521784,0.2350793492179966,0.2034768168215193,0.24491510085544677,0.24306711732277494,0.2375428374333493,0.24043894636386642,0.23594205486472689,0.26784251106747564,0.2772064579393176,0.26990823157910865,0.21721494640056654,0.20106916267841202,0.2679420738997249,0.24814746649826663,0.2321511922687635,0.24136779510241999,0.22531858994077889,0.27804471147926163,0.3212051131958813,0.24091545939701536,0.2974679395073379,0.2720240767792322,0.30414088231650527,0.38098330162522454,0.36476860510405146,0.3553130184979012,0.36032845306411854,0.41622588329583304,0.4409143345729202,0.48622035122529833,0.4624320463201289,0.5371017190488226,0.6461621030894263,0.8858465569028757,0.8536141157995474,0.8720871984020362,0.9053409653828002,0.8774136607164602,0
0.2531981194845922,0.23543928365247038,0.2038606649090424,0.2452838782883018,0.24344523220058237,0.2379212419422648,0.24081499257425962,0.23632011088015553,0.26827595373054336,0.27763002784050567,0.2703238430776297,0.21766691636245125,0.20152708036423012,0.2684061021928683,0.24863421188657925,0.23263029757401826,0.2418476406021594,0.22576780657552037,0.2784769120757679,0.3216240412486855,0.24136696575981137,0.29788522519140476,0.27246507234221723,0.30457036293250606,0.3814096011783841,0.36519978818521226,0.35574682595024515,0.36074985582547275,0.4166363301293093,0.44131645292333777,0.4865939481555078,0.46278152433806946,0.5374349471150424,0.6464698826236314,0.8860838883012331,0.8538554052067923,0.8723395508998204,0.9055800918619588,0.8776634384219493,0.7090001630006659,1
0.23579783881443395,0.2042284375135773,0.24565697401914816,0.24381438579386314,0.2383006919085565,0.2411925484341606,0.23669722430704682,0.2686456143639221,0.27806072858641057,0.2707493299587139,0.21809694206835106,0.20198347712193257,0.2688449656093545,0.2491038285027289,0.23312159755922335,0.24232392091624458,0.22625221229407408,0.27891102990238203,0.32204386449868405,0.24180855412653152,0.2983203922479556,0.27288941738660794,0.3050020383281425,0.3818169966969731,0.3656306710234237,0.3561806376480624,0.36118207814536607,0.4170414640742077,0.44171960256702225,0.4869827699149913,0.46316186112327273,0.537763553479678,0.6467725091627385,0.8863240462358639,0.8541017287958592,0.8725756040556012,0.9058228536632791,0.87791043679983,0.7092979996172034,0.7817022436584979,1
0.20459480385739912,0.24601425269717767,0.24418785946343274,0.2386711620633274,0.24157114966563017,0.23707584812975258,0.26901435204704705,0.2784278486377355,0.2711819582930002,0.21853697544394163,0.20241783013744713,0.26928236663289074,0.24954815386512863,0.2335957040303075,0.24281237563070687,0.22673303622513546,0.2793799006911217,0.32246560779899813,0.2422510464709384,0.29874581562883556,0.2733317534064303,0.3054171968194382,0.38222655124138827,0.3660425765069074,0.35661413950630344,0.361614306209378,0.41745727434246954,0.4421174892993339,0.48737263824274196,0.46355750358134723,0.5381223291173893,0.6470706892950008,0.8865595608892916,0.854350900854746,0.8728166657022483,0.9060495437793129,0.8781611218121825,0.7095928836202864,0.7819793338213678,0.8538105349898748,0
0.24637016124693514,0.24454550699652394,0.2390459585184284,0.24194078286345377,0.23745551743200957,0.2693845942688118,0.27879405168167753,0.2715508643926111,0.21898423077241572,0.20286223053675842,0.2696981508174762,0.24999100005535144,0.23404441771184764,0.24328367727554928,0.22722606717353008,0.2798452462485123,0.32292174662929884,0.24269545370045406,0.2991721367237408,0.2737642692665156,0.305850203656628,0.3826199060067797,0.36645664831744956,0.3570286221125841,0.36204623021538807,0.41787310587143606,0.4425259885485378,0.48775733462058163,0.4639541847721336,0.5384961518050896,0.647398033571035,0.8867910135729136,0.8545953616863232,0.8730605629839053,0.9062811964477321,0.8783955470640427,0.7098917663962638,0.7822535461761979,0.8540670481443341,0.8423429786227129,1
0.24490178313131006,0.23940489704423557,0.2423147384048955,0.23782620387902523,0.26975588112265675,0.2791617574917809,0.27191884930695615,0.2193666898266669,0.20331387705587667,0.2701238119694601,0.25041210703392314,0.2344916387401908,0.24372964956057175,0.22770188000278407,0.2803226877096811,0.3233744065799545,0.2431749110964646,0.2996003763884123,0.27419768558884317,0.3062734898650444,0.3830307705955194,0.36685445558927865,0.35744527521805597,0.3624591602108034,0.41828869320332684,0.4429345159705656,0.4881525273837716,0.46434564735287504,0.5388710382918518,0.6477400478823676,0.8870494260618551,0.8548357093016995,0.8732997887981412,0.9065156618009962,0.8786349728196801,0.7101732453295982,0.7825316225575211,0.8543207576852004,0.8426027641887002,0.8512498185195377,1
0.23976245972662183,0.2426728562281904,0.23820121764889213,0.2701183014443167,0.27953050767750576,0.2722883382335282,0.21974819599289414,0.20370040486183802,0.27055661553905375,0.25084313983010814,0.2349170222383583,0.24417413761403214,0.2281522614540688,0.2807831326506678,0.3238390713690805,0.2436508047197433,0.3000631992273769,0.27463301886427255,0.3066976729593674,0.3834321507861834,0.36726984181364153,0.357845626779278,0.36287425819187086,0.41868554786719714,0.4433428258615543,0.4885477609002501,0.46474766589049515,0.53924085543677,0.6480831625339301,0.8873216817591618,0.8551033105660907,0.8735349313839279,0.9067455267822435,0.8788772302200993,0.7104599556291984,0.7827927889827003,0.8545781976066903,0.8428597343417717,0.8515070624066683,0.8673934658325324,0
0.243029601033888,0.23856036826635976,0.27048501001073993,0.2798904265323345,0.2726588717160142,0.22013121562678742,0.2040859702622455,0.27092568400669065,0.25128134477035324,0.23535237080211704,0.24459684955720276,0.22860114512872848,0.28121849375069036,0.3242869212538259,0.24413886996748793,0.30052251885303316,0.27510314020947185,0.3071237751106051,0.3838344193745389,0.36767569539960937,0.35826359679542563,0.3632730769230078,0.41908454449218674,0.44373251950388226,0.4889428254194495,0.46514971872805366,0.5396210379661419,0.6484214254435148,0.8875951179347477,0.855384865256895,0.8737971556707963,0.9069713621567045,0.8791148285140925,0.7107496129089608,0.7830590871135866,0.854819217424751,0.8431204561294935,0.8517615000454057,0.8676461029267353,0.8417120774633544,0
0.2389181423101375,0.2708360550382267,0.28025462180624805,0.27302054912083334,0.22051528118469618,0.20447305196894983,0.2712938309092542,0.25165541799361485,0.23579491539321001,0.24502950204763158,0.2290281539075025,0.2816524032169619,0.32470997212842123,0.24460978768174213,0.30099389112451863,0.27556973177057226,0.3075843986951062,0.38423861201308107,0.36808243911663446,0.3586720066072813,0.36368949031049824,0.41946749269686445,0.44412434351427216,0.48931948558009114,0.46555157767216604,0.5400012754400559,0.6487697759253072,0.8878641795843227,0.8556675897433811,0.8740732688880012,0.9072239717689136,0.8793483529025612,0.7110342537944297,0.7833282824357394,0.8550652701019309,0.8433646799113212,0.8520196728108115,0.867895950383242,0.8419720430649273,0.7129711291213335,1
0.2711857514010005,0.28060321394757454,0.2733865112582781,0.22089030288061856,0.20486118001038933,0.27166348193732337,0.2520285579447945,0.23617300961288004,0.24546933564543952,0.22946514266796383,0.2820647743122737,0.3251316091865689,0.24505538471857208,0.3014483531471723,0.27604842818005354,0.308041527072859,0.38467669323933,0.3684911058641776,0.35908130754068907,0.36409636010101987,0.41986778915363215,0.4445002219312104,0.4896982550087464,0.46593492356530963,0.54038139866466,0.649118211446886,0.8881427195390045,0.8559458760898033,0.8743505581520022,0.9074903549848109,0.8796089055350315,0.71131455130028,0.783592615600472,0.8553141705881285,0.8436139522720809,0.8522614080770919,0.8681495030456999,0.842229192604431,0.7132678325727141,0.7345702158711337,1
0.2809504658699079,0.273736827797018,0.221269672394271,0.20524020781484587,0.2720341775376967,0.2524032055131289,0.2365501611546463,0.24584491793623686,0.22990933653253817,0.28248699105118213,0.32553198367940417,0.24549949867661125,0.3018778666295278,0.27651011023071337,0.30851069236627776,0.3851113613260727,0.36893379043187735,0.35949253092194705,0.364504120416361,0.42025871396136133,0.444893338835396,0.49006126599490235,0.46632038955007354,0.5407433565509845,0.6494666488226069,0.8884214105350354,0.8562337219581238,0.8746234465008488,0.9077579254252397,0.8798833270465827,0.7116234221980927,0.7838527217143103,0.8555583618940605,0.8438660802952369,0.8525081797127411,0.8683867278775509,0.8424900949479001,0.7135615874964898,0.7348607557512868,0.814805998608363,1
0.27408579817936024,0.22163307406632476,0.20562360237590105,0.2723960148106968,0.252778898158972,0.2369288231188808,0.2462195634249763,0.23028895892186463,0.2829163311464649,0.32594209371640137,0.2459218449316454,0.30230594644215203,0.2769466804638007,0.30896297878226486,0.3855579050943082,0.3693730451012414,0.3599378459704758,0.36491380353058583,0.420650523115496,0.4452771606875843,0.490441315689816,0.46669000109026937,0.5411073999036474,0.6497974277478795,0.8887003580104614,0.8565217100696239,0.8749058468461246,0.9080211615130747,0.8801589265483458,0.7119467415456726,0.7841407341983271,0.8557984415277154,0.8441134748097996,0.8527578009110751,0.8686289669489374,0.8427344949995791,0.7138593338333513,0.735148369327802,0.8150736421981488,0.8796403706906665,1
0.2219950845275574,0.20599093235436192,0.27276213757209894,0.2531456631335493,0.23730853056652304,0.24659571758369603,0.23066763505862814,0.2832821904578233,0.3263592601117999,0.24635412837781612,0.30271261889733747,0.2773817953486517,0.30939036585819607,0.38598789154196295,0.369824208377489,0.36037972154419495,0.3653575338222217,0.4210442587030243,0.44566186413390163,0.4908122097438664,0.4670767538187885,0.541455895927365,0.6501302416635242,0.8889627586857851,0.8568099207183515,0.8751883945829875,0.9082938246161538,0.8804301367078471,0.7122711827100835,0.784442944938419,0.8560657659576202,0.8443567393031439,0.8530027074966043,0.8688740445272816,0.8429839444950341,0.7141397033035042,0.7354399342855473,0.8153384420413703,0.8798895129764414,0.7616989657235457,1
0.20635685759614938,0.2731126108742401,0.2535167368922262,0.23767925462958128,0.2469729169722571,0.23104782268401233,0.28364713571089256,0.3267138396208819,0.24679359088909078,0.3031290846965573,0.2777953447724033,0.3098163257967667,0.38639348295204456,0.37025874866850955,0.3608335245393066,0.3657978304084811,0.4214715808314561,0.44604849563266497,0.49118398038274047,0.4674542793932775,0.541821205301933,0.6504479559565534,0.8892270836531724,0.8570814363812727,0.8754711847189488,0.9085666443167841,0.8807108440885327,0.712590900024037,0.7847463017447147,0.8563470404933482,0.8446273538044438,0.8532434983125199,0.8691144417414374,0.8432362500849483,0.7144252986964926,0.735714269105498,0.815607044556419,0.8801358782257386,0.7619817640735146,1.0341740429005757,1
0.2734617374802195,0.2538720421956756,0.2380543061933205,0.24734116778051607,0.23142905594706517,0.28401358285054745,0.32706753145712747,0.2471688293417154,0.3035526420266961,0.2782187506539211,0.31022092601917883,0.3867977141815662,0.37066879093909705,0.3612706670265362,0.3662500430811623,0.4218955289897301,0.44646850847420294,0.4915576820208312,0.46783268412219337,0.5421775162968198,0.6507820056862506,0.8894772908579641,0.8573548910926121,0.8757373665826386,0.9088397419318981,0.8809917004613995,0.7129205416296266,0.7850450791037162,0.8566294851465974,0.844911957875503,0.8535115574185614,0.8693507490170134,0.8434838208278176,0.7147138383501885,0.7359938002400936,0.815858961998814,0.8803859259825121,0.7622616640334535,1.034379087058187,1.53997121354151,1
0.25422598416552994,0.2384134936962943,0.24771373439714983,0.2318012846518264,0.2843810742385586,0.3274227173104213,0.24754313179658047,0.3039131431931967,0.2786492864724779,0.31063530056760286,0.38718107401805235,0.3710774593559759,0.36168325264598417,0.3666856178518233,0.42233127587507086,0.44688517395562144,0.4919643915289961,0.46821301833873286,0.5425346982258388,0.6511073905384281,0.8897427853908816,0.857614097157019,0.8760054788597996,0.9090963863288433,0.8812728054082434,0.7132502859630951,0.7853535963931783,0.8569074935763128,0.8451977282391441,0.8537935754427615,0.8696141764691493,0.8437272605399797,0.7149973700339634,0.7362762608435961,0.8161159657680399,0.8806197291054854,0.7625454650940614,1.034581513183786,1.5400319221110477,1.7305033636677525,0
0.23877130449857492,0.24807049667809297,0.23217784797045865,0.28473975176398236,0.32777894627343285,0.24791894268154152,0.3042727428350567,0.2790162537068372,0.3110567550740529,0.387574013245819,0.3714651566600806,0.3620944565984957,0.36709667120781847,0.4227506189136411,0.44731358588444653,0.4923678021088812,0.4686265520041305,0.5428938144781466,0.6514336343413752,0.8900003464463454,0.8578887302649782,0.8762594190793564,0.909354945698949,0.8815373290412809,0.7135801003890151,0.785662236382262,0.8571950590810705,0.8454790396020294,0.85407676273037,0.8698915072834171,0.8439980560484438,0.71527656469196,0.7365537592994646,0.8163758440579374,0.8808585296798451,0.7628122203104074,1.0347873354033772,1.540090533078894,1.7305097014904143,1.7047106397998646,0
0.24842589060881037,0.23253851089367927,0.28510269984010916,0.32812651766228657,0.24829579876163518,0.3046338406253055,0.27938230429127947,0.3114153078242416,0.3879739138094595,0.3718624731627974,0.3624846324555253,0.36750634760402673,0.4231458076099408,0.447725698230272,0.4927828639841069,0.46903676189736293,0.543285517308795,0.6517618195169365,0.8902587401719927,0.8581553323980702,0.8765287045854662,0.9095994699622688,0.8818037804032619,0.7138925542812847,0.7859710235121241,0.8574827670940744,0.8457699371198976,0.8543555087082689,0.8701700127457167,0.8442828432978221,0.7155842963093868,0.7368269552896966,0.8166309304197621,0.8811001603740589,0.7630841346531042,1.034977962781604,1.5401516026937156,1.7305141377557953,1.704724337900882,1.6625144857886573,1
0.23289779203607436,0.285450074759732,0.32847830709760906,0.248663711025511,0.3049959821230332,0.2797498575352679,0.3117729636074801,0.388312495292451,0.37226677522504126,0.3628844502582136,0.3678950302344991,0.4235396680830632,0.448113819752279,0.49318181604254735,0.4694586718957073,0.5436739758441625,0.6521216978418172,0.8905190907300546,0.8584227707046118,0.876790016169077,0.909859193320913,0.8820560835185782,0.714207013497327,0.7862627864881673,0.8577706986668973,0.8460609739957985,0.8546438182547892,0.8704441089633278,0.8445687966293488,0.7159064627110753,0.7371284900736219,0.816881842699157,0.8813371366857937,0.763358959886003,1.035173375775298,1.540200913495298,1.7305206795349073,1.7047361079056893,1.6625402250932584,1.7061580012830986,1
0.28579611365147095,0.3288147915715352,0.24903593749729383,0.30534938399848593,0.2801184551394516,0.31213211617976305,0.38865022652481873,0.3726094350108033,0.3632912674625165,0.3682933411064669,0.42391289023176637,0.4485006347616351,0.49355707489039924,0.4698643747336572,0.5440739783396393,0.6524784477310529,0.8908091750676929,0.8586921637827389,0.8770521618761382,0.9101110447734716,0.8823237065029248,0.7145066362243857,0.7865565212912289,0.8580419397183728,0.8463522222784129,0.85493226960611,0.8707277278117799,0.844850289707004,0.7162297522540884,0.737444385311677,0.8171603576307971,0.8815700426549052,0.7636288805246901,1.03537151305885,1.5402543165617844,1.7305167568414062,1.704750031228591,1.6625639928847238,1.7061712863613019,1.7943728280945668,1
0.32914997751530406,0.24939236780868143,0.30570703148401895,0.2804782235301101,0.3124923122628422,0.3889894406129518,0.37295123500607,0.3636362577070046,0.3686986430407588,0.4242955987326005,0.4488669697837684,0.4939310667400392,0.4702462316955611,0.544458085082002,0.6528465139556826,0.8910963850602287,0.8589915518292109,0.8773162635607161,0.910363726683838,0.8825833733018456,0.7148223135002039,0.7868357167112353,0.8583151193736952,0.8466267269812994,0.8552209418034493,0.8710114928997992,0.8451413705395094,0.716548325833902,0.7377614108953112,0.8174529568967291,0.881829956438561,0.7638945421057538,1.0355653238018527,1.5403100975307553,1.7305166652299055,1.7047533148613625,1.6625899922008478,1.7061826448325297,1.7943609399617604,2.0714497725516225,1
0.24974743091287308,0.3060492332114015,0.2808422676285343,0.31284379572012366,0.38932969619588365,0.3732945207023963,0.36398038270964217,0.369042229279375,0.42468521195290093,0.4492427279510751,0.49428486678549494,0.4706268013896908,0.544818834333076,0.6531991383898114,0.8913944121868017,0.8592880316596911,0.8776102073743248,0.9106183667280696,0.88284387358689,0.7151295219101049,0.7871306495276016,0.858574054325298,0.8469031755715941,0.8554929116314536,0.8712954959425776,0.8454325905567347,0.716876813635599,0.7380737634165329,0.8177467132704374,0.8821037314383974,0.7641882935816215,1.0357553114675757,1.5403626250037663,1.7305188210378921,1.7047604649329942,1.6626050651760247,1.7061961539393051,1.7943472159889367,2.0713588170257164,2.1908756508348812,0
0.306390116723114,0.28119071222783615,0.31319951571816806,0.38966151586690934,0.37363884830520516,0.36432599503922175,0.36938495356035883,0.4250142614776606,0.4496253523749983,0.49464797493573276,0.47098703145154597,0.5451783611597621,0.6535291172890977,0.8916779931034825,0.8595953951689678,0.877901262792103,0.9109025756064791,0.8831063302243646,0.7154375822277084,0.7874173347960504,0.8588484121111818,0.8471653325946003,0.855766821243129,0.8715628713098577,0.8457240213120562,0.7172054052560256,0.738395975387711,0.8180359559485726,0.8823786851711524,0.7644963121519515,1.0359708891434998,1.5404121387125054,1.7305181275623274,1.7047698800878612,1.6626240624328668,1.7061990331883001,1.7943354791538575,2.0712663107528133,2.1907506156316385,2.162188204000525,0
0.2815378171161581,0.3135398362847359,0.3899974791181953,0.3739746834887757,0.36467264951053174,0.3697291641887572,0.42534248304873273,0.44994792628083885,0.4950178793379309,0.4713566286299885,0.5455180212639416,0.6538579682912441,0.8919404898694784,0.8598881797550272,0.8782031629488125,0.9111839315298612,0.8833985814744889,0.715747588061076,0.7877048640198276,0.859114741859548,0.8474429624774574,0.8560264756864043,0.8718321790227854,0.8459987055685801,0.7175340711772604,0.738718297111031,0.8183348546111914,0.882649253984407,0.7648054701165033,1.03619979623033,1.5404826018801983,1.73051472518807,1.7047763912401226,1.6626453536703283,1.7062057768921013,1.794313711730119,2.071175278081854,2.1906241525623713,2.1620713551212662,2.1694992350825015,0
0.31387884511280245,0.39031851778641274,0.3743146812359325,0.3650107792726993,0.3700744168171587,0.4256721808254447,0.4502696873806101,0.49532866723529645,0.47173305797039733,0.5458668597028665,0.6541676419682338,0.8922020660450427,0.860159672054083,0.8784905618418984,0.9114760625630698,0.8836879504906944,0.7160887619423568,0.7879943434374274,0.8593819076758192,0.8477125294135258,0.8563015641347191,0.8720872975402988,0.8462753340031937,0.7178453949378117,0.7390407160254736,0.8186338850672524,0.8829293143722556,0.7651100089026204,1.0364299335939209,1.5405646538310138,1.7305305241921958,1.7047801522234194,1.6626636513863862,1.7062147846879347,1.7942956878356393,2.071076097086964,2.190498941750525,2.1619530488585834,2.1693802999085148,1.6269242380342617,1
0.390638311107108,0.3746396574319336,0.365353082446068,0.37041116418976167,0.4260029191347529,0.4505929201682003,0.49563866989615113,0.472049891688966,0.5462224154257769,0.6544862187779956,0.8924459768054925,0.860430216128217,0.8787567902426978,0.9117538311972345,0.8839881521397742,0.7164268754830021,0.7883143980074621,0.8596510283257637,0.8479829336718555,0.8565686167502421,0.8723577796385056,0.8465376682922641,0.7181587221925528,0.7393458927144355,0.8189330977468423,0.8832095243639774,0.7654243383444013,1.0366559929776606,1.5406481047644092,1.7305572562906155,1.704803351226314,1.6626791314165013,1.7062208915517283,1.794279867620631,2.0709802798021744,2.1903663939096707,2.16183604802278,2.1692599148736496,1.626960133463961,1.7921832299532638,1
0.37496337472280944,0.3656803086579455,0.3707520784383223,0.4263253536031563,0.450917192834706,0.4959501360221244,0.4723659260287787,0.5465199082471316,0.6548113454051747,0.8926981871561747,0.8606828932459382,0.8790220865893953,0.9120106471225379,0.8842738766689059,0.7167761715755453,0.7886314691233877,0.8599501360750982,0.8482552920259715,0.8568365057137691,0.87262027504804,0.8468154781934013,0.7184572291861483,0.7396530629460246,0.8192154394379064,0.8834899852895025,0.765738784990771,1.0368911520626225,1.5407284823482306,1.7305854509225491,1.7048375720854303,1.6627144366044322,1.7062242505624428,1.7942613336206217,2.0708864764449944,2.1902370460690257,2.161711515275752,2.1691408217153616,1.62699402076062,1.7921719666498432,1.6985129637049903,1
0.3660062682174959,0.371077949107848,0.42665188728329695,0.4512332513838931,0.49626264083727584,0.4726834280516754,0.5468166469315099,0.6550806434963687,0.8929565800551141,0.860943950407585,0.8792696339152023,0.9122665599090866,0.8845384685706433,0.7171102926882695,0.7889595717353789,0.8602463366288848,0.8485577309989789,0.8571063493461984,0.8728836050397373,0.847085223227175,0.718771773405733,0.739945501183773,0.819499737703766,0.8837538752038195,0.7660533575788134,1.0371265032028798,1.5408166770102716,1.7306109506458685,1.7048732468750412,1.6627609088605437,1.706247034313608,1.7942401929178025,2.0707905471192998,2.1901096303690237,2.1615902218538996,2.169014246311821,1.6270302055450816,1.79215886525346,1.6985284303908792,1.9645305819568226,1
0.37140255779241826,0.42696372301772495,0.4515533790026744,0.4965670948373287,0.47300196937404504,0.547114839805481,0.6553492534030472,0.8931640445815856,0.8612112390753646,0.8795255142060064,0.9125049345574706,0.8848021334456428,0.717422186709388,0.789272800625261,0.860553418856643,0.8488572506488545,0.8574062009610134,0.8731488907391094,0.8473558056522199,0.7190778608477242,0.7402538824245924,0.8197696318691065,0.8840196918211457,0.766350813461363,1.0373622690488826,1.540905202673437,1.7306437842874915,1.704906175525717,1.6628088209728586,1.7062808349401095,1.7942376676084302,2.0706924544344685,2.189980342061538,2.161470880218845,2.1688909002114407,1.627055222213633,1.7921477550530336,1.698541962603577,1.9644701371675253,1.9942571601124752,0
0.42727434509195605,0.4518589626438066,0.4968755630464975,0.4733123761128353,0.5474140700265602,0.6556192978288067,0.8933709655631865,0.8614269461669203,0.8797875973543605,0.9127515579881343,0.8850480859648546,0.7177330083905397,0.7895642748905691,0.8608459261595,0.8491676757992725,0.8577031426721791,0.8734440527672004,0.8476283421324554,0.7193847997630615,0.740553872639261,0.8200551190204236,0.8842713692915293,0.7666502503872407,1.0375821788839925,1.5409946790768823,1.7306770012706814,1.7049465035010354,1.6628539031349079,1.7063160899798655,1.794245855595831,2.0706104350376027,2.189849081485183,2.1613496051161216,2.168769500891012,1.627084211951229,1.7921265993893671,1.6985576596211738,1.9644080316187755,1.9941882324699935,1.953434143918695,0
0.4521633541518026,0.4971697675089762,0.47362682520229965,0.5477054336437972,0.6558903767555602,0.8935792779246771,0.8616420904327877,0.8799984811604381,0.913004333049278,0.8853023568126444,0.718025057930953,0.7898547395458829,0.8611171474459722,0.849463478506345,0.8580109713778128,0.8737363219644545,0.847930964376668,0.7196936844496771,0.740854711964702,0.8203324593975118,0.8845383569172403,0.7669350661842258,1.0378039442222724,1.5410706397046157,1.7307113709166175,1.7049872077324881,1.662906491624487,1.706348601755481,1.7942555274200482,2.0705381754172927,2.1897327984968955,2.161226311842485,2.168646183613207,1.627115520042875,1.7921091902564767,1.6985626748460136,1.9643475978365346,1.9941176746546534,1.95337686563764,1.8576113913620222,0
0.49746281901883915,0.4739268667961298,0.5480007495853965,0.6561539797333773,0.893788618545379,0.8618586318291044,0.8802088134233454,0.9132065922478573,0.8855628216113948,0.7183258488577207,0.7901268895568705,0.8613874213400798,0.8497379206731365,0.8583042145476304,0.8740394446139166,0.8482306666305357,0.7200337048004304,0.7411574984512272,0.8206106401089395,0.8847973951360246,0.7672357066390016,1.0380122019343274,1.5411482227945483,1.730733106345828,1.7050290372920336,1.662959444778638,1.7063885091854551,1.7942626311951937,2.070467492051266,2.189625864298282,2.161118259356425,2.1685208598626806,1.6271437591086961,1.7920939863025709,1.6985715650055346,1.9642782893970272,1.9940487335104329,1.953317915179665,1.8575814573093334,1.9191056984830164,0
0.4742257353390707,0.548282117891728,0.6564214037971999,0.8939913399582895,0.8620762023166773,0.8804205394516584,0.9134083200777486,0.8857722059009971,0.7186330911755863,0.7904075983252605,0.8616398343497024,0.8500114055529429,0.8585761550598051,0.8743280486224599,0.8485412756957926,0.7203706690100675,0.7414912444583638,0.8208907731442703,0.8850572665973684,0.7675280386523422,1.0382350956707287,1.5412143652601424,1.730756376451461,1.7050581132964238,1.663013478542174,1.7064287932691637,1.7942769069256093,2.070394790975124,2.189520546187786,2.1610196543837374,2.168410709823013,1.627169123541537,1.7920760639184488,1.6985827244926734,1.9642124912332506,1.9939711196502863,1.9532606570543927,1.857549752484737,1.919058216255888,1.7842784095448319,1
0.5485623774425948,0.656675550599978,0.8941975946397525,0.8622870393907732,0.8806332940843417,0.9136114356559482,0.8859810421550633,0.7188858181770685,0.7906946473509388,0.861900624979385,0.8502669573857368,0.8588471459701367,0.8745954548856415,0.8488372597034206,0.7207188075209777,0.7418219571666294,0.821201211366356,0.8853190945544213,0.7678212168090303,1.038450510428049,1.5412929372824702,1.7307689845656482,1.7050887358609756,1.663054563516319,1.7064702042148518,1.7942915835429558,2.0703285592301914,2.1894134475746174,2.1609226559306296,2.168309982136862,1.627214639663021,1.7920555313279976,1.6985909668288877,1.9641487802190383,1.9938969753164537,1.9531944488905049,1.8575199175912143,1.9190090265302426,1.7842694019813965,1.9307588140146954,1
0.6569286823757324,0.8943920422507943,0.8625014481001905,0.8808393821330626,0.9138155789679078,0.8861912711283733,0.7191378957567451,0.7909286638251903,0.8621676456402239,0.8505309156453014,0.8591002598820208,0.8748619254763,0.8491118790707475,0.7210517875066759,0.7421637992989376,0.8215087011434099,0.8856106989649977,0.7681163438724181,1.038666741524568,1.5413655700618156,1.7307931910673908,1.705108591028966,1.66309721449208,1.7064988683020736,1.7943074805107322,2.070262804487059,2.1893125154471944,2.1608238199949383,2.1682108634088437,1.6272714453313737,1.7920536342199596,1.698596449079395,1.964082716408117,1.9938248977743978,1.953131766213428,1.8574804817070898,1.9189615927618133,1.7842585481914848,1.9307080064243962,1.9898037401640627,1
0.8945856803896661,0.8627038537591885,0.8810490193660986,0.9140131751950175,0.8864025285546847,0.7193913962944128,0.791162074644869,0.8623831044042105,0.8508011214655511,0.8593617578465315,0.8751106206565352,0.8493855406067249,0.7213625662067776,0.742490572406793,0.8218271536356194,0.8858994234965255,0.7684422092177267,1.0388849390603563,1.5414389638547323,1.7308120383397345,1.7051401571015712,1.6631289256315451,1.7065290782826,1.794311038774641,2.0701985637354032,2.189212093128651,2.160731223291898,2.168109921719643,1.627329678985002,1.7920624579438797,1.6986214262114903,1.9640143181594198,1.9937505305003271,1.9530711782851398,1.857444702664326,1.9189049757515975,1.784249700248364,1.9306555033258304,1.9897360833610094,2.4047140320244815,1
0.8629054225450529,0.8812467682299426,0.914214280461376,0.8866071401737347,0.7196459296603076,0.7913968953688353,0.8625980009233909,0.8510195315071866,0.8596294897565592,0.8753676593362607,0.8496412651255832,0.7216722759932052,0.7427952845944488,0.8221308695787045,0.8861989760344092,0.7687650699543384,1.0391316528062928,1.541514356632736,1.7308316257846659,1.705166285427161,1.6631725317502943,1.7065485267813842,1.7943161022877578,2.0701232662665165,2.189113311366932,2.160639128517106,2.1680152007234548,1.627385011997893,1.7920727647742882,1.6986574465282127,1.9639629741531337,1.9936738763532116,1.9530082140191396,1.8574110839930815,1.9188519312858838,1.7842307531422457,1.9306047345865376,1.9896667918028363,2.4045279753480213,2.6952254599925816,1
0.8814436962548207,0.9144037024222021,0.8868152939972819,0.7198932166796581,0.7916327470322965,0.8628142943997708,0.8512373724004555,0.85984560754371,0.8756309072840109,0.8499053976560474,0.7219632386272128,0.7430989465048999,0.8224130460276866,0.8864840606792272,0.7690990037485743,1.039375650101204,1.5416141407753163,1.730853224474588,1.705193156746625,1.6632105716694685,1.706579679870876,1.7943107648197922,2.070049346386416,2.1890040254506657,2.160548643896711,2.1679209836639033,1.6274479415896497,1.7920804992065764,1.6986949187082296,1.9639217578703292,1.993614003715251,1.9529428975602392,1.857374885696934,1.9188010050782638,1.784215563402891,1.9305448617684802,1.9895991251697738,2.4043407108304478,2.694956502224079,2.7627689958768356,1
0.914592332215059,0.8870115951050087,0.7201442476513593,0.7918616115947962,0.8630316169423394,0.8514566123099306,0.860061161544483,0.8758428703599084,0.8501757787116045,0.7222629326724357,0.7433839971807015,0.8226942414297858,0.8867480271673106,0.7694179809325411,1.0396301543220798,1.5417117433757386,1.7308976607131672,1.7052220376514315,1.6632493591980597,1.7066053996193773,1.7943167471180042,2.0699661578339925,2.1888960620989106,2.1604475223899615,2.167828384506845,1.627511226069102,1.792095411146615,1.698729632439292,1.9638820821795089,1.9935641565010538,1.9528947371505456,1.8573361818843708,1.9187476297054138,1.7842025842560145,1.930488545520747,1.9895227555674009,2.404154302241165,2.6946866355306387,2.762480763710337,2.825116875154609,1
0.8872070803586495,0.720382395365836,0.7920941330175256,0.8632422095121586,0.8516768815835111,0.8602781129622337,0.8760542793680326,0.850394351121266,0.7225690720386606,0.7436777250104185,0.8229573305013922,0.8870110685499413,0.7697150734971763,1.0398708309955274,1.5418188019884254,1.7309401169080199,1.7052739664481098,1.663290153596857,1.7066318622034358,1.79431756461677,2.069893080339316,2.1887793181232635,2.1603477366651758,2.1677251822902956,1.6275755534400496,1.7921107233720877,1.6987717612113398,1.9638401764123088,1.9935158597939753,1.9528567426511199,1.8573155132686645,1.9186918472116032,1.7841868699089098,1.930434339550652,1.9894498615961234,2.4039620092895446,2.6944170863301493,2.7621916921165286,2.8248108512361134,2.9882604925981155,1
0.7206195831409741,0.7923142160553557,0.8634563725614057,0.8518903799926191,0.8604960935126982,0.8762670828945325,0.8506123540027535,0.7228207770766851,0.743977865144355,0.8232288951731652,0.8872564115889257,0.7700111391922689,1.0400913937760075,1.5419141289400164,1.7309916332393622,1.7053238879238097,1.6633543400029722,1.7066603344659683,1.7943191153018876,2.069815681516447,2.1886721642270985,2.160239053081745,2.1676233124872266,1.6276267673517448,1.7921272536274941,1.6988142645369795,1.963805011106765,1.9934653920543828,1.9528202850425234,1.857305340323365,1.9186535357211345,1.7841685327071766,1.9303777091373167,1.9893790374664786,2.4037726232068737,2.6941436262964267,2.761902812830143,2.824504052041966,2.9879079135952282,3.4020203176385277,1
0.7925334013537169,0.8636585384646136,0.8521074626185035,0.8607073349592518,0.8764809151343494,0.8508317560137258,0.7230718350834574,0.7442240114652544,0.8235067494991848,0.8875100673629519,0.7702887643672995,1.0403111647882508,1.5419926290089403,1.7310322074231779,1.705382923126507,1.6634164744633104,1.7067118428169403,1.7943226813417146,2.0697389855724144,2.188561052556249,2.1601400847226686,2.1675125747029336,1.6276795636629058,1.7921314350481448,1.6988578866225288,1.963770293431613,1.9934215893944653,1.9527815753174522,1.8572966723077515,1.9186255082773116,1.7841689035124304,1.9303186902488698,1.9893059141569247,2.403585022820937,2.6938726748964044,2.7616104815535203,2.8241973295993685,2.987554727180193,3.4015496670624192,3.384800427171333,1
0.8638598683202094,0.852312477927063,0.8609221499527965,0.876688065836273,0.8510521874051936,0.7233243153352311,0.744469523757724,0.8237322464276019,0.8877699136841469,0.7705749985483316,1.0405142098994515,1.5420707737296346,1.7310571929304224,1.7054309093036228,1.6634878103231732,1.7067613453776,1.7943485640659218,2.06966432281177,2.188450630701072,2.1600370712592425,2.1674115202496704,1.6277212746938785,1.7921371227268388,1.698888726477358,1.9637369764369468,1.9933782425310271,1.9527496341928794,1.8572855618494932,1.918599006274257,1.784180022352938,1.9302770354496048,1.9892304968485235,2.403396003483904,2.6936033102408556,2.76132056632141,2.8238875787139137,2.9872013151455077,3.401078834804418,3.3843346905076808,3.9459684525041947,0
0.8525166473770048,0.8611249521309858,0.8768987707462024,0.8512658456824825,0.7235778283120701,0.7447164544170658,0.8239571576301707,0.8879787249101281,0.77086760356405,1.0407251795542924,1.5421353754071745,1.7310819874874355,1.7054631391856954,1.6635479223080336,1.7068199586580195,1.794372534291942,2.0696097171348726,2.188342249713812,2.159934750749408,2.16730644294813,1.6277750359614866,1.7921324004763903,1.6989211157478656,1.963692108028626,1.9933363278517555,1.9527181376504332,1.8572814629833385,1.9185701839704878,1.7841926216633255,1.9302456245944746,1.9891719019081922,2.403205354035281,2.6933331429518463,2.7610321915776277,2.823580158406031,2.9868459829502774,3.4006070100622283,3.383868754444059,3.9453425794822437,3.7829732823923017,0
0.8613269160707561,0.8770975616255957,0.8514830889323243,0.7238241091022817,0.7449644172403487,0.8241834727932275,0.8881869894410703,0.7711067680598317,1.0409421035331348,1.5422066310566405,1.7310944379735147,1.7054951558626457,1.6635920037788536,1.7068675289103317,1.794405431950477,2.069553491984192,2.1882529518758163,2.159834469261581,2.1672020578004787,1.6278231226865068,1.7921390075439272,1.6989427122942524,1.9636486664710353,1.993282999298515,1.9526880300286724,1.8572777823761666,1.9185482173188186,1.7842026328747889,1.9302157430669442,1.9891233477174246,2.4030277202658334,2.693061810391089,2.760743157493447,2.8232742358884946,2.9864927576941223,3.4001360759510093,3.38340185781168,3.944717084463425,3.7823939220934273,3.4085520002295326,1
0.8772955280781796,0.8516882610042851,0.7240741290878983,0.7452052248963658,0.8244108180357745,0.888396646291449,0.7713453148589074,1.041111144143808,1.5422830678587482,1.7311130638112855,1.7055146661613594,1.6636358356361909,1.706899352273529,1.7944276521192282,2.069505618572895,2.1881621608636004,2.1597535048730974,2.1670997121452666,1.6278719609139134,1.7921404431464938,1.6989760467817263,1.9635955193027963,1.9932310838997822,1.9526463196519757,1.85727538913849,1.9185266858190249,1.7842198416393988,1.9301835643844847,1.9890763425483622,2.40285869939221,2.6928008281462996,2.7604530662121887,2.822967786301079,2.986140918501929,3.3996666815937875,3.3829357348305193,3.9440895888042116,3.7818147720869244,3.408079485755596,3.847473647978475,1
0.8518925866778642,0.724311290115085,0.7454497458735588,0.8246312942207802,0.8886073315369816,0.7715852751538718,1.0412797310899458,1.5423219370678765,1.73113657955056,1.705540416603557,1.6636668955852143,1.7069309636804397,1.7944346986781574,2.069448215803545,2.1880794734551534,2.1596710169718096,2.1670166239669335,1.6279228037214506,1.792142612174917,1.6990039246553625,1.963552949611939,1.993169584371692,1.9526060412385815,1.8572609497907349,1.9185065068592615,1.7842374485179362,1.930158211803635,1.9890271575012628,2.4026913659313003,2.6925474590442864,2.7601727055533574,2.8226603792778198,2.985788898347716,3.399198389943508,3.382471175208511,3.9434666789747537,3.781233923536094,3.407606796320416,3.846875881688547,4.304765653014618,0
0.7245474946002713,0.7456815400595977,0.824855387609981,0.8888113789153929,0.7718262669079974,1.0414496826089041,1.542360657106402,1.731126413615838,1.7055710963745165,1.66370430167523,1.7069500778170055,1.7944416093957283,2.0693774400567673,2.1879877515571122,2.159596692279272,2.1669320200076214,1.6279973287796767,1.7921467964171587,1.6990325462007931,1.9635057331119508,1.9931185326430494,1.9525560118675906,1.8572479865556542,1.9184745663128402,1.7842562650490243,1.930133297575849,1.9889846488270195,2.402522676700249,2.69229587425345,2.7598997255959956,2.8223621308521802,2.9854361817995536,3.398730795119316,3.3820077300862206,3.9428445632511013,3.7806565535411525,3.4071331022951945,3.8462783920574073,4.304037392696057,4.194729068455929,0
0.7459123961826177,0.825067245179935,0.8890189658308553,0.772060200232234,1.0416206585083756,1.5424006509015542,1.7311162132123883,1.7055675684267395,1.6637467015958662,1.706975428461257,1.7944365779572842,2.069306767540594,2.1878834327913466,2.1595132142241393,2.166855564066657,1.6280697642534432,1.7921733152002548,1.6990631769327735,1.963459231185944,1.9930629245982407,1.9525166083806005,1.8572248807715999,1.9184440735462083,1.7842626961711332,1.930109748237851,1.9889425947258712,2.402359611694047,2.692043510715424,2.7596285524785795,2.822071048566804,2.9850911270507665,3.3982631659475997,3.3815449452581605,3.9422231777199204,3.7800802010870207,3.4066603432725744,3.845679084336638,4.303309879558142,4.194032208461576,3.9169469991737076,0
0.825278233332158,0.8892147136559895,0.7722978143792595,1.041785547586467,1.542441655937081,1.7311072523554,1.7055639904828093,1.6637540332037102,1.7070057062218051,1.7944375614292722,2.06922589644585,2.187779320301132,2.159416952870952,2.166769985058027,1.6281514750739232,1.7921979191695414,1.6991169060995273,1.963414755563548,1.9930080278758304,1.9524725243049585,1.8572128188845611,1.9184036895345964,1.7842706371933519,1.930074491230125,1.988901968089237,2.4021971152395434,2.691796034710424,2.7593567347710724,2.821781793917161,2.9847526770070867,3.397799402441584,3.3810820985294727,3.941603642996376,3.7795046904500826,3.4061891150502714,3.845083693341608,4.3025797007832995,4.193335982427833,3.9163294077886976,3.0328318039151427,0
0.8894096475320873,0.7725228677390459,1.041953791080838,1.542478377754111,1.7310992977889392,1.70556165671644,1.6637612894129794,1.7070018057826746,1.794443337170663,2.0691503442392016,2.1876657607501904,2.159320873040754,2.166671670263342,1.6282218145430645,1.7922314551207525,1.699168621390913,1.9633912089656191,1.992955159369805,1.9524291560170601,1.8571957847074543,1.9183740811599048,1.7842681359824144,1.9300406766331328,1.988849906973438,2.4020364859638463,2.6915492070625326,2.759089633316684,2.821492018514749,2.984416109014781,3.397340819746101,3.38062327545429,3.9409849442826888,3.7789306848278525,3.4057189850617893,3.8444892314698014,4.3018565452525435,4.1926372946995185,3.9157121645457513,3.0324665059276437,2.886462734943989,1
0.7727470062456677,1.0421111410940491,1.542517848076999,1.731087739415325,1.705560329910669,1.663769797376155,1.7069978562187136,1.7944167338610744,2.0690791607567687,2.1875572200873608,2.159215165626742,2.166573543299867,1.628275892208791,1.7922543045090786,1.699229463286439,1.9633659298208688,1.9929229774639086,1.9523878133187653,1.8571794767994736,1.9183396876946985,1.7842769985731077,1.9299970184130397,1.9887992610640146,2.4018663419264477,2.691304554472114,2.7588231987740603,2.8212068012609244,2.9840793443107008,3.3968842571092694,3.380169692449401,3.9403651206587527,3.778357254411111,3.405249565756306,3.843895567243111,4.301133691985693,4.191944882704586,3.9150929744509178,3.0321006463887943,2.8861392052123684,2.9682201028302595,1
1.0422678093686675,1.5425495199493122,1.7310787013030826,1.705555307324452,1.6637793133961456,1.7069951505724392,1.794390134532685,2.0689812492305872,2.1874528655920336,2.1591145491642325,2.166465834759108,1.628329689552488,1.7922619660581012,1.699279230474895,1.9633492245655035,1.9928890944487139,1.952367490137918,1.8571651883153248,1.918306013772185,1.7842806656351582,1.929964084994822,1.9887390128257898,2.4016974219296725,2.691051731265639,2.7585590108703055,2.8209222680462402,2.9837467240483533,3.3964283195834635,3.3797181237595657,3.9397486059265407,3.7777841945204016,3.4047801225544756,3.843303544868129,4.300411323194598,4.191252923812538,3.914478173034618,3.0317344786216025,2.885814963325744,2.9678732426048,2.9786856397090284,1
1.542580942815053,1.7310630306282266,1.7055528358975263,1.6637849831700304,1.7069934518491618,1.7943647632829556,2.0688835084881374,2.187324218753638,2.1590181627214124,2.1663631988044085,1.6283704910271464,1.7922694898765015,1.6993132010916383,1.9633225469079496,1.992863723558881,1.9523454226751438,1.8571727007963652,1.9182743632303911,1.7842850669877188,1.9299264019602353,1.9886892318144185,2.401520595185656,2.690799998249562,2.7582869648626405,2.8206400475455604,2.983414832641777,3.3959754772687907,3.379267145978067,3.939134292683842,3.777215004445713,3.4043144850919367,3.842712200904008,4.299691566396486,4.190561524753098,3.9138642055069504,3.031366693479821,2.8854906844919452,2.9675257543470166,2.978335793010912,3.4093684605534085,0
1.7310472739555436,1.7055435740793672,1.6637932546513132,1.7069880625065297,1.7943403966644844,2.068786946075011,2.1871958145943053,2.158896898852669,2.166264781693614,1.6284177280461485,1.7922650577602808,1.6993469531556815,1.9632818014401354,1.9928285034457391,1.9523319521572389,1.857178367657545,1.918264012159244,1.7842914830454575,1.9298894371936886,1.9886348809298826,2.401352425681854,2.6905415456966604,2.7580159779253663,2.820350257413719,2.983085426845809,3.39552347747245,3.3788193070746666,3.9385216849590923,3.776647961494408,3.4038540059620903,3.8421206356926363,4.298973219710378,4.189872504244922,3.9132509880466473,3.0310009541784257,2.885163793955658,2.967178077612542,2.9779853290487863,3.4088957130922433,3.01757884059183,0
1.7055342041965564,1.6637944775382831,1.7069852225893487,1.7943126539885526,2.0686913810949425,2.1870685673213055,2.158775860392917,2.1661416362659818,1.6284700132997136,1.7922666460548031,1.6993681598410284,1.9632410669491986,1.9927794087056412,1.9523084632565149,1.8571928305581116,1.9182518805019142,1.7843202981089494,1.9298544965576874,1.9885812418548736,2.401180949365242,2.690290483069535,2.7577385474761735,2.8200614976261096,2.9827492062557077,3.3950744017817667,3.3783723059591813,3.9379107930775583,3.776082300314911,3.4033955490695016,3.841532718328609,4.2982504562474535,4.189184717782047,3.912639559825205,3.030636570417019,2.8848391499035775,2.9668283445772934,2.9776346572130903,3.408422791509916,3.017217895229373,2.8456768305831126,1
1.663795556259911,1.7069756011375046,1.7942873550627418,2.0685934280755456,2.1869423143787916,2.1586559839703465,2.1660187206486388,1.6284865043744357,1.79227302996579,1.6993956222385342,1.963189461063375,1.9927303505915823,1.952270834433411,1.8571968780123536,1.918248417114949,1.784347189998841,1.9298407603595722,1.9885296307096914,2.401010139474012,2.690036997997799,2.7574682123037686,2.819766549118801,2.982413940843053,3.394620425691406,3.3779282107000297,3.937300893140508,3.775518768309044,3.4029377302613724,3.840946969601703,4.297529766927599,4.188493524098043,3.9120289211771393,3.0302721002512674,2.8845159616300795,2.9664807459526368,2.9772820001720737,3.4079488638243154,3.0168563726213207,2.8453649396225895,2.7824753791485604,1
1.706965872859291,1.794255814398856,2.0684975868870383,2.1868140992531435,2.158537102623535,2.165896965755779,1.6285028986249697,1.792246990168762,1.6994280234386898,1.9631434426486036,1.9926706081447227,1.9522332070127781,1.8571861628235031,1.9182347930973944,1.784383030294798,1.929825255899097,1.9884987424828913,2.4008413842102567,2.689784147574425,2.7571956603012295,2.8194784239046,2.9820731534170095,3.3941672141428043,3.3774791353677744,3.9366944937753385,3.7749561834718093,3.4024829901010443,3.8403627307592614,4.296811398772057,4.187804783232094,3.911417423882753,3.029907005008972,2.8841923764314457,2.966134547116293,2.9769314631954122,3.40747587668777,3.016494570054845,2.8450522945411874,2.7821815235175915,3.0517217268629913,0
1.7942242423803165,2.0683971994258865,2.18668785289435,2.158416156798115,2.1657762057487426,1.6285205510196612,1.7922209530347781,1.6994260905179916,1.9631019563967942,1.9926163784952087,1.952184638370088,1.857175366357803,1.9182068060681265,1.7844081512724381,1.9298183954968722,1.9884661484370516,2.4006899682143232,2.689533370471654,2.7569237355589356,2.8191882716582426,2.9817384775934412,3.3937101714608513,3.37703083251117,3.9360857107635217,3.7743969264671735,3.402029094253345,3.8397804575275503,4.29609544878877,4.1871183268283705,3.9108093353532243,3.0295491626364126,2.8838679319548954,2.9657881248024056,2.9765823188399025,3.407004419232332,3.0161310464959383,2.84473968810541,2.7818868487358186,3.0513510383982503,3.041515972814546,1
2.068297017661754,2.186557791043484,2.158297214105148,2.165653407333225,1.6285392123957692,1.7921961443725978,1.69942410387009,1.9630315614754887,1.9925666355680334,1.9521416850729045,1.8571530256809,1.9181787908215109,1.784418033039933,1.9298014227514093,1.9884420757696109,2.400537285190247,2.6892975634760092,2.7566538884833744,2.8188987398523304,2.9814022713757597,3.39325743541348,3.3765786281500296,3.93547744167482,3.773834531665703,3.40157812943346,3.839199149183148,4.29538030479477,4.18643407003877,3.910203438633265,3.029197771583242,2.883552083244415,2.965440974028458,2.9762329732094006,3.4065340594515745,3.0157695896862946,2.8444241928965672,2.781592329737559,3.050979807818584,3.041148196690162,3.038324355184851,1
2.1864280370637994,2.1581742803783497,2.1655326032920463,1.6285539006158611,1.7921723403985592,1.6994233625125457,1.9629612729717087,1.9924885902473854,1.9521032809009136,1.857136541058005,1.9181396183323272,1.784427770256242,1.9297701627240176,1.9884081354250964,2.400392261469937,2.6890607966843443,2.7563984606881022,2.818611289724962,2.9810666677533804,3.3928044285301264,3.376130805542774,3.934867564363226,3.773272725885735,3.401122294434852,3.8386212370276453,4.294666251309218,4.185750898274131,3.909599189787929,3.0288482774479575,2.883243189561296,2.9651016689190017,2.975882915864474,3.40606441208593,3.0154094988623954,2.8441110000815546,2.781294492620287,3.050608233999897,3.040779867949837,3.037957489828724,3.2309347679536855,1
2.158051629979343,2.165407852954069,1.6285712331780342,1.7921451525592553,1.6994236282766093,1.9628921819946585,1.9924106692399002,1.9520357417466534,1.8571247520368193,1.9181061474223307,1.784425501794829,1.929738884534006,1.9883602915123069,2.400239089348304,2.688831085589986,2.7561421445278875,2.8183377504223426,2.9807331563071164,3.3923519789837715,3.3756826596791414,3.9342596207904914,3.772708645783214,3.400667220968596,3.838040485507235,4.293956078642219,4.185068786790162,3.908996730379704,3.0284986751298404,2.882936143975479,2.964769037480755,2.9755406081655895,3.4055947421303348,3.015049289275114,2.8437992909767207,2.780999044533871,3.050235171131392,3.040411214885887,3.037590068572702,3.2305129387922826,3.746566574314031,0
2.1652833921987966,1.6285812993651083,1.7921204110930613,1.69942017616017,1.9628240912283275,1.9923339404217193,1.9519683023297745,1.8570818737203898,1.9180772781126538,1.7844292736012115,1.9296965224316314,1.9883124803829852,2.400074710024611,2.6885944298948927,2.7558927437272485,2.818063388691159,2.9804122252269383,3.3919016482371527,3.375235073036072,3.93365306225616,3.7721472104626046,3.4002083430615073,3.8374602932904325,4.293245182420561,4.184390439509999,3.9083952549435765,3.028153104227539,2.8826286994839725,2.9644382814095227,2.9752049381222836,3.405128870423231,3.0146884302054153,2.843487098419786,2.7807051234401694,3.0498641282088252,3.0400410034414467,3.037222328908415,3.230090751913784,3.745997603127483,3.5103497578836578,0
1.6285911909377975,1.7920894144903916,1.6994192826274137,1.9627532311635947,1.9922582110419889,1.9519020624319978,1.8570390374552794,1.9180185736892197,1.7844378531075207,1.9296598326356065,1.9882539568965805,2.3999107214839226,2.688348454936446,2.755636678207973,2.8177958127770295,2.9800906442517174,3.391460523588274,3.3747896040847136,3.9330470015601318,3.771586663994255,3.399753743295472,3.836878090339695,4.292534634809809,4.183710859555116,3.907797249322929,3.0278082744250434,2.882325657577489,2.9641072888216615,2.974871146936713,3.404668154239089,3.014334963947236,2.8431739813244623,2.7804105848130023,3.0494944278897753,3.039672825933069,3.036853009182046,3.2296678896419135,3.7454288047733213,3.509848194138455,3.0975548404987356,1
1.7920583846597693,1.6994115607791374,1.9626846110116303,1.9921798183647308,1.9518368230332153,1.856997417914306,1.9179599483371688,1.7844138476863478,1.929627726626722,1.9882009573945936,2.3997386315151394,2.6881031214247217,2.755371732368681,2.81752183049697,2.9797755101239556,3.391019186618567,3.374353481661674,3.932443094664504,3.771026633193114,3.3992988925770513,3.836298250797274,4.291823945244728,4.183031678909391,3.907196725778437,3.0274659774690114,2.8820233165622597,2.963780491494847,2.974537140021493,3.4042094605645308,3.0139880014993117,2.8428698341947682,2.780115020520433,3.0491246812411985,3.039305998017461,3.036485727766833,3.229244755766833,3.7448583753512077,3.509346560174864,3.0971710729782114,3.272648468137148,0
1.699403725563821,1.9626107903362973,1.992103629989833,1.951768774767665,1.856956801361712,1.9179025286679139,1.7843898401694538,1.9295660231703378,1.988152451422529,2.3995710232685576,2.6878515146022663,2.755107486255107,2.8172393730753607,2.9794546456531794,3.3905834368120535,3.3739171287068057,3.931843957894677,3.770468745704353,3.398844598481175,3.835719496457641,4.291113624217179,4.1823519066314,3.906596729528403,3.0271170719425204,2.8817233532742477,2.963454417518576,2.9742073018283444,3.403751406596111,3.0136429308817325,2.8425727824512257,2.7798290060495927,3.048754339741356,3.0389391021209016,3.036119798130119,3.2288233961711073,3.7442911771635656,3.508843732948756,3.096786810501867,3.272214735446433,2.9701128063083346,0
1.9625370838838516,1.9920224229918895,1.9517029797076568,1.8569130342516433,1.9178461103894737,1.784367062543679,1.9295044058006046,1.9880755522291236,2.3994072743119825,2.687603659732009,2.754837391865753,2.8169576691754625,2.9791263662578373,3.390143671171054,3.3734863986935424,3.9312451840596734,3.7699169575894493,3.398392423605319,3.8351412507299716,4.290405780470208,4.18167298290976,3.905995006455765,3.0267691010576914,2.881416104191655,2.9631308079144767,2.9738781898606916,3.403296429205076,3.013297721785405,2.8422775652010737,2.7795503044635548,3.0483910778013534,3.038571595043113,3.0357537937414634,3.2284032564476175,3.743725046423323,3.508342532267193,3.096402119839179,3.2717806879591356,2.9697654059761183,2.5210596281767543,0
1.9919413556492456,1.9516319162239102,1.8568716351362218,1.9177867608337689,1.7843452898114058,1.9294439920213438,1.9879987746678862,2.3992235942638356,2.687359220070358,2.754570879758003,2.8166705093397404,2.9787989811503928,3.3896991794951963,3.373051581491235,3.9306508672064786,3.769365360032837,3.397949401560432,3.8345651524649957,4.289698395315216,4.1809962014978606,3.9053953437239146,3.0264157903055784,2.8811098571888043,2.9628002907928606,2.973551553356394,3.4028422963509573,3.012956582784037,2.8419818680349844,2.779273416290417,3.048034202173802,3.038211261160177,3.0353871730647537,3.227983450593612,3.7431597824328446,3.5078427228408158,3.09601625148442,3.2713458877660857,2.969417379559039,2.520840370820229,2.7000499982700283,0
1.9515609574695534,1.8568243812467076,1.9177297056067362,1.7843201050263688,1.92938457933016,1.9879231900955678,2.399040285627163,2.6871007743217716,2.754307679610502,2.816386775166613,2.9784671667300078,3.3892559391141095,3.3726119263476373,3.9300547884923813,3.768818558119195,3.397506174102338,3.8339946275645143,4.288993187047641,4.180319890714075,3.904796977684027,3.0260683967199875,2.8807976721636006,2.9624707380821,2.9732180577567915,3.402391095389922,3.0126161806923846,2.841690676880632,2.7789959226686274,3.047679229764765,3.0378573487113187,3.0350277548651188,3.2275633366425054,3.742595946220539,3.507343941933638,3.0956323402472226,3.270911099343192,2.969069161157322,2.5206200253341646,2.699779663758812,2.2200455514969817,0
1.8567771501059487,1.9176671718962912,1.7842973760838765,1.929322276915113,1.9878486050773954,2.3988580954820113,2.686842874874857,2.754031850932073,2.8161062576475575,2.978138368152476,3.3888108731094633,3.3721735076408677,3.9294575186843588,3.76826931893686,3.3970685202363162,3.833424361435078,4.288289822865294,4.179645749737338,3.9041991126568973,3.0257196084232434,2.880492042818989,2.9621355814604504,2.9728855217461527,3.401935028027783,3.0122782952823863,2.8414001754133755,2.7787230953276314,3.047324186692656,3.037505336076902,3.0346747690830513,3.2271486580204094,3.7420326269602877,3.506846087672576,3.0952497402254426,3.270478028018199,2.9687188993125195,2.520400320140879,2.6995084252867736,2.2199121922954834,1.7126154602082964,1
1.9176047135457215,1.7842683436344102,1.9292622548691027,1.9877713408814144,2.3986768941120222,2.686586041757957,2.7537566092170644,2.8158143831877367,2.9778125368445196,3.3883677835754473,3.3717331549499807,3.9288619695091396,3.7677178294083267,3.3966268776013298,3.8328587569337893,4.287587201065925,4.1789743502093275,3.903603399562765,3.025371417846456,2.880184573189875,2.9618066238646024,2.97254742459332,3.4014797218218202,3.011933730729131,2.8411120084491857,2.7784509403118745,3.0469731271344545,3.037153232508423,3.03432368205088,3.226739748975013,3.7414700122476967,3.5063483723991324,3.094867191108714,3.270046147998459,2.968370769283777,2.520175520954922,2.699237495365863,2.2197774352417716,1.7126269025693288,2.0658087739503004,0
1.7842392711940653,1.9291968256464231,1.9876962863226864,2.398494493077046,2.6863301898690044,2.7534824217045863,2.815523133225257,2.9774786759233893,3.387927028829718,3.3712948219864023,3.9282680176429357,3.7671679198744954,3.396180551378753,3.832290982435835,4.286888290762002,4.178303576694438,3.903012693268383,3.0250253223137515,2.8798777172910097,2.961476074868148,2.9722154808118844,3.4010206145115895,3.011590107845188,2.840816366981158,2.778181052819449,3.046622813865245,3.036805138334058,3.0339724977453546,3.226332802923639,3.740911392639545,3.505853528898288,3.094484120477103,3.2696146903434795,2.9680240377471585,2.519953469150496,2.698962687386219,2.2196438763818405,1.7126364249676642,2.065719428154337,1.9320206163334124,1
1.929131481753379,1.987616185889928,2.398313804645167,2.6860741742387098,2.7532092136653388,2.8152329262707076,2.977145537713359,3.387486683136717,3.3708588501337693,3.92767467583973,3.7666185819609397,3.395735482086718,3.8317213767584506,4.286189105355492,4.177636743302121,3.9024223192170084,3.0246914436619514,2.879572947018024,2.9611461306590745,2.9718819774887892,3.400565781780721,3.011241082760864,2.8405217463845687,2.7779033984011066,3.0462750534616925,3.0364577876450967,3.033625330927389,3.225926142167781,3.740354908011523,3.5053634934078803,3.094107708899,3.2691829913364154,2.9676770867483517,2.5197331233653215,2.6986903814267618,2.219503178652569,1.7126480860332607,2.065628525807179,1.9319694486719419,2.1574378893888846,1
1.98753622130237,2.3981306092226626,2.6858195231986883,2.752936082735673,2.8149436971696478,2.9768134132187223,3.387047309241532,3.3704229361327713,3.927082837335149,3.7660702635572214,3.395288628273405,3.8311534067290065,4.285491060560652,4.176969178845446,3.9018364624464024,3.02435696225177,2.879281587285854,2.960818277336606,2.9715490778083224,3.400110700582917,3.010898041381927,2.8402210210890484,2.777626793973637,3.045920771888055,3.0361129790059214,3.0332789067180688,3.2255230104694164,3.7397997328431574,3.5048755141088033,3.0937375259053197,3.2687563449465267,2.96732941031795,2.5195116054552886,2.698419658907768,2.219365640937187,1.7126491611084838,2.0655391075170195,1.931916586800512,2.1573223960716827,2.4025986575489857,0
2.397947904619605,2.6855641428406094,2.752664235483743,2.814654767502101,2.976482262339256,3.3866088747709093,3.3699879835630786,3.9265025017505595,3.7655236976097033,3.394843734523016,3.8305864142048627,4.284795045981757,4.176302039908686,3.9012487235578606,3.0240288350815665,2.8789894700018053,2.9605031678123606,2.971218269687872,3.3996561759183503,3.0105535588591166,2.8399270293967787,2.77734382656679,3.0455674162527373,3.03576160197642,3.032935021176117,3.225120674291052,3.739246779170175,3.5043883750880997,3.093369261417532,3.268335324581673,2.9669895621870017,2.519288643595252,2.6981481439905317,2.219230015385893,1.71265409178658,2.0654415025819763,1.9318654569497242,2.157205440483312,2.402413204521254,2.315571409390427,0
2.6853095018474504,2.752392072220357,2.814367046823794,2.97615199264092,3.386171403166363,3.36955397350979,3.9259234654249053,3.764985310282183,3.394401165576457,3.830020279164462,4.284102886534907,4.175636836244344,3.9006596049744644,3.023695162259778,2.878704011074224,2.9601873871992375,2.9709001200177507,3.3992037705263396,3.0102096757246786,2.8396310732604957,2.77706786847046,3.0452087979461124,3.0354111555874375,3.032584552476782,3.224721080905027,3.7386947626646614,3.5039040565719075,3.0930010173018467,3.2679162811242133,2.9666563812137974,2.5190776299752433,2.6978754715211672,2.2190925791108222,1.7126612821344174,2.0653472690897563,1.931805231591965,2.157089799126077,2.402226541475834,2.315410790683191,2.145747662024302,1
2.7521207061083954,2.8140793916478164,2.975822736496927,3.3857362881533613,3.3691209267699342,3.9253452708575898,3.7644481240892036,3.3939591388968338,3.829455797983753,4.283410435845945,4.1749747952787315,3.9000721819831172,3.0233543641677905,2.8784123999813227,2.95987809507224,2.970581310326643,3.398760511306952,3.0098678866528625,2.8393357353157476,2.776789753533714,3.0448560144014296,3.035055404820087,3.032235015888471,3.224315795536363,3.738146035408588,3.503420610332862,3.092636640474417,3.2674976058153358,2.9663250762389084,2.5188748288645217,2.6976131051039465,2.2189532172408883,1.7126655852496617,2.065255053388297,1.931748561074841,2.15696659358734,2.402040738279352,2.3152488724132447,2.1456355046606,2.346337118867376,1
2.8137925869646527,2.9754945441496683,3.3853016910387277,3.3686901752178713,3.924768025025086,3.763911808920447,3.393518087947152,3.828900810913339,4.282718939991253,4.1743127394849155,3.8994861736758772,3.023014498821433,2.878112712413539,2.959562989560287,2.970268967377024,3.3983170475378093,3.0095384388519673,2.8390424803724854,2.7765122637016697,3.0445018936498616,3.0347055333358175,3.0318801618788576,3.2239113535354083,3.737594001908198,3.5029402030050205,3.0922730225266397,3.2670823537844917,2.9659935385067375,2.5186737539729376,2.6973583352265513,2.21882856533313,1.7126671508442404,2.0651606997509906,1.9316939999712293,2.1568466338855465,2.4018490363501743,2.315087975288975,2.1455218729972927,2.3461677207777556,2.2593098707088175,1
2.9751673418718587,3.3848706895643965,3.3682599621924276,3.924195075428081,3.763376446720964,3.393077975249265,3.8283470638072026,4.2820462647551745,4.173651806729425,3.898900848334056,3.022670484638495,2.8778138312988837,2.9592403388878328,2.969950854408797,3.397879155664349,3.0092083721618264,2.8387629685847053,2.776236852804376,3.0441483685520137,3.0343542935765413,3.0315312010752993,3.223502381239117,3.737042574203337,3.502455396498904,3.091912006017609,3.2666679087326767,2.9656661912360116,2.518471554400501,2.697105351269531,2.218713161831053,1.7126880819338433,2.0650641737285307,1.9316370171012804,2.156728629223731,2.401660244189717,2.314920588230458,2.1454095772318476,2.345997054781214,2.2591653069396926,2.5498955223427244,1
3.384441032149484,3.367833239436812,3.923621992116776,3.7628447995387058,3.392638825247767,3.827794176144207,4.28137510477681,4.173007450387292,3.898317070653615,3.0223293743344644,2.877509880282896,2.958918565211707,2.969625264292168,3.397437278405114,3.008884691403316,2.838482656111666,2.7759757004791035,3.043796939713732,3.034003650587321,3.031180862280885,3.22309846191358,3.736488723395466,3.501971304622844,3.0915446804003066,3.266256250680614,2.965339567835767,2.5182746840185666,2.6968515981479704,2.2185993841465503,1.712720007676372,2.0649837727486617,1.9315776477751982,2.1566086810164924,2.401473239174675,2.314756230238267,2.145289637869767,2.345827352909027,2.2590193857186245,2.5496680363009,2.5996996020991365,1
3.3674078460082315,3.9230558329264618,3.762313213899215,3.392202055128892,3.8272422397748267,4.280704722134525,4.172364543059971,3.8977442039982213,3.0219911631674385,2.8772092008275845,2.9585922361133683,2.9693005602019094,3.396990722864198,3.008555401789076,2.8382090867374927,2.7757136806294933,3.043457573706432,3.033655103200972,3.0308311206056358,3.2226937509373705,3.735937676188548,3.501483824314916,3.091178259604177,3.2658390936479176,2.965015410813547,2.5180784141492354,2.6966027203251564,2.218483883897551,1.7127533899860041,2.0649131509580294,1.931535630961605,2.1564867070374842,2.401284810720788,2.3145937189907566,2.1451729603696807,2.345651370103057,2.2588745899186504,2.549439491799679,2.599457903836372,2.626531457288321,1
3.9224914831674362,3.761787554994675,3.3917657950838755,3.8266942484220703,4.280035278905835,4.171722432825866,3.8971726191306164,3.0216458314228247,2.8769116442518747,2.9582689731997083,2.968971366546502,3.396545424958294,3.0082188877806204,2.8379291961922704,2.7754585351947685,3.0431176249179037,3.0333187018749346,3.0304834743278914,3.222289616012015,3.735387407005428,3.501000178069923,3.0908067634393537,3.2654227607637623,2.9646843550310185,2.517884134759633,2.6963544921847844,2.2183744761639637,1.7127840418575047,2.0648441035401564,1.9315038537498361,2.1563800174288956,2.401094748770554,2.314429599676801,2.1450582459154437,2.345478374189547,2.2587229219833405,2.5492115341466457,2.5992151983591656,2.6262821022180005,2.737532949502499,0
3.7612635660717926,3.391333170647273,3.8261462413450533,4.279371411333928,4.171081264864004,3.89660188123217,3.021301249221596,2.876603981889291,2.9579487081897518,2.968645212786153,3.396098347668898,3.007883293356988,2.83764096411792,2.7751968066993165,3.0427839911210532,3.032981706974511,3.0301480001385395,3.2218875888777956,3.7348376574717927,3.5005165907629356,3.0904409020960886,3.265002068052399,2.964354262787301,2.517680878919085,2.696108444214842,2.21826558625242,1.7128220730082515,2.0647730272078393,1.9314736062865345,2.1562827916811993,2.40091772190748,2.314263707616444,2.144941563115061,2.3453072039512977,2.258574360238097,2.5489786783916037,2.598972987423015,2.6260317675413627,2.7372519187594273,2.551231548327248,0
3.3909018958582346,3.825604555688083,4.278706980233211,4.170445280183655,3.896032092822485,3.0209576727329543,2.8762969809547454,2.9576200048412113,2.9683220409316857,3.3956532283914624,3.007543454113608,2.837353503305151,2.774926325949185,3.042444889947337,3.0326510482706426,3.0298119289994867,3.2214961630675307,3.734290048907926,3.500033548943544,3.0900738430700474,3.264586246341755,2.9640185743674587,2.5174787935140936,2.695854247951139,2.2181583678114256,1.7128604825866396,2.064708434511427,1.931441064174535,2.156187170868642,2.400749315219986,2.3141116490945404,2.1448228358376786,2.345134490915806,2.2584276837673793,2.5487485304896333,2.598726216718538,2.6257818776754855,2.7369700226228995,2.5510036810335954,2.6252696549696037,0
3.8250645951957063,4.278051668774483,4.1698088637907995,3.895466497161804,3.0206150687015625,2.8759910120134435,2.957292012139297,2.967990644184126,3.3952104326697996,3.0072065570648574,2.837060715935329,2.774656561928148,3.0420987862628492,3.0323148799000306,3.029482200688333,3.2211043440038765,3.7337488366196343,3.4995526328944107,3.089707374684361,3.2641697599643242,2.9636890767167703,2.5172692768223444,2.6956011396549764,2.21804078017992,1.7129000258705032,2.064644317267195,1.9314153449644114,2.156089703138277,2.400582595239634,2.313968510239899,2.1447195001853663,2.34496005436133,2.25827927987182,2.548520068859097,2.598482085595325,2.6255276103179215,2.736688365566409,2.5507747566552244,2.6250206599704553,2.4452772653879373,0
4.27739847371404,4.169180893713521,3.8949008025525385,3.0202735047864433,2.875686019331923,2.9569650367510403,2.967659964383529,3.3947681958668485,3.006872582469087,2.836771302581119,2.774381073638781,3.0417536316228975,3.0319716426947916,3.029146949485237,3.220718467574262,3.733207776387499,3.4990800395015156,3.0893430055074,3.263753845074977,2.9633579934272003,2.5170679098298328,2.6953413315380543,2.217924501673186,1.7129268521734355,2.0645817080362137,1.9313900644539765,2.1559984866866224,2.4004145152875167,2.3138270290649476,2.144625668624173,2.3447991690783048,2.2581290132072205,2.548290496278818,2.598239606635992,2.6252759457603134,2.736403085083837,2.5505464166488436,2.624770684066681,2.445079633482351,2.2767895440063364,0
4.168554945893324,3.8943418544786805,3.0199329010322846,2.875381544834782,2.956639035498585,2.9673303000174958,3.3943269352853545,3.0065311762102778,2.836485074452634,2.7741091181282242,3.04140444701603,3.0316293457281964,3.028804608706236,3.2203278663780313,3.7326715874419123,3.498607348352249,3.0889903253860678,3.2633400406608577,2.963027514717981,2.516863590201096,2.695088892300552,2.217799561748921,1.7129552213944625,2.064508015988086,1.9313661501705643,2.1559077708582732,2.4002520649245103,2.313684015061969,2.1445334380989083,2.344647097586804,2.257993096265365,2.5480595258881067,2.5979961223858674,2.6250259149912045,2.7361202552395403,2.55031318761647,2.6245211553122987,2.4448808354724134,2.276639992192455,2.1390304202687807,1
3.8937846910069647,3.019593633811798,2.8750782058387365,2.9563138439659964,2.9670016095153793,3.3938866128090592,3.0061905103124484,2.836187908705378,2.7738404444543567,3.041058118836239,3.0312829545723714,3.0284632054120357,3.21993142731794,3.732132810368107,3.498140019286047,3.0886371109545943,3.262936497389725,2.962699127017154,2.5166599242715075,2.694834045305187,2.21768408465463,1.7129728555229422,2.0644357041277774,1.9313305340555638,2.155818660150025,2.400090182532094,2.313546851335675,2.1444393374363377,2.344496694036724,2.257866292606717,2.5478402391759487,2.5977513200155333,2.624774935854866,2.7358389831660865,2.550082664605733,2.624267240494438,2.4446828182106666,2.276489100912006,2.138920179754549,2.329562570395023,0
3.0192553947935044,2.8747753077273344,2.9559896899947673,2.9666737660517892,3.3934472530079423,3.005850852865885,2.8358913798327197,2.773559544162881,3.040714660917951,3.030939445480663,3.028117687844537,3.2195360919338474,3.7315915463528198,3.4976691232731856,3.088290116285625,3.2625326049797794,2.962383467679293,2.516458320455719,2.6945798324304615,2.2175647385839943,1.7130021660723906,2.064354100542517,1.9312963597699337,2.1557188905765456,2.3999301650766496,2.31341023167301,2.1443515176970775,2.344344818766438,2.257741127862038,2.5476290657385205,2.5975177443848896,2.624522681531278,2.735556998214167,2.549853826951473,2.62401593020622,2.4444791921444917,2.276339302655737,2.1388084580291356,2.329397959133916,2.241718861912589,1
2.8744733125928628,2.955666477190842,2.9663469476125615,3.393010276000833,3.0055121682728294,2.8355958902764398,2.7732792426982256,3.0403644676836175,3.030598822251171,3.027775060358556,3.219137854326676,3.7310518309192164,3.4971942052230505,3.0879378441597845,3.262134568533758,2.9620671392541937,2.5162731070933964,2.694327693186777,2.217446079138338,1.7130260629384966,2.064282632623051,1.931252347017712,2.1556204589736905,2.399760623072036,2.31327538471744,2.1442641953697397,2.344198715755779,2.257614318540891,2.5474196281382815,2.5972921106354407,2.6242814077724184,2.735273915685624,2.5496238811818386,2.623766254570627,2.44427841734288,2.2761827510086654,2.1386980846513537,2.329232062706037,2.241579317959206,2.257639838228163,1
2.9553442373109187,2.966021134380451,3.3925738080895194,3.005174469406085,2.835301378039521,2.7729999918978074,3.040015035364554,3.0302512555584347,3.0274353236135605,3.218742022960154,3.730512458007379,3.4967206319382265,3.087578867377581,3.261731980171384,2.9617572953826796,2.5160867497449217,2.6940904847054443,2.2173294624375544,1.7130507019338232,2.0642068262031934,1.9312190535629343,2.155513110099449,2.3995923060826825,2.313130610552822,2.1441784657734146,2.344053165260294,2.2574935021669438,2.547209123131951,2.597068229335053,2.6240479835568067,2.735000795313358,2.5493925397395127,2.6235156278909018,2.4440794004588993,2.2760292815903926,2.1385800220447484,2.3290671614925453,2.2414383984539477,2.2574957510238236,2.3486009406744857,0
2.965696303026076,3.392140980782633,3.0048377489723075,2.8350072385500775,2.772721720058665,3.0396666053663797,3.0299044436370224,3.0270885783120143,3.218348787906607,3.729974196059694,3.496245914720516,3.0872208791863733,3.261323825028837,2.9614416459690602,2.5159078099646166,2.693852321530312,2.217231691001478,1.7130773510231327,2.0641317232792025,1.931181014332937,2.155415497172129,2.3994160737013526,2.3129871015003958,2.1440820232232185,2.3439094200768373,2.2573732144012095,2.547003874192778,2.5968433795510064,2.623816320739871,2.7347351424887636,2.5491728697180664,2.6232637240049494,2.443879050678393,2.275877685475962,2.1384652305081833,2.328895865390856,2.2412986369730477,2.2573503046491927,2.348430896574823,2.381816031123061,0
3.391709503821829,3.00450227173758,2.8347142834204533,2.7724435955993476,3.0393191473347128,3.0295586358689492,3.0267425858604127,3.2179524726018305,3.7294377422202087,3.4957729018479067,3.086859149444825,3.260916809554371,2.961118463695,2.5157212038875927,2.693621204028362,2.217132457239987,1.7131269835394152,2.0640586531756266,1.9311436932329598,2.15531382467966,2.3992485077882537,2.312835321408518,2.143986924029801,2.3437558900318964,2.2572546397176283,2.546799233687618,2.5966236595387127,2.623583742733553,2.734471288086773,2.5489613083736096,2.6230228122604182,2.44367713569048,2.2757243990196736,2.138352406617666,2.328727579176304,2.241151883855944,2.257205986790903,2.348259586897554,2.3816365086793283,2.2961990326148336,1
3.0041678096554554,2.834421519601871,2.7721667312108664,3.038972796778176,3.0292138003325197,3.026397598135208,3.217557026100005,3.728908724482894,3.4953020581691017,3.0865001609967355,3.260507154350939,2.9607961600503607,2.515524146700467,2.6933831619172555,2.217041266474872,1.7131746170945101,2.0640056861589176,1.93110839634472,2.1552128456603876,2.3990776286227717,2.3126925874287605,2.1438828597914568,2.3436036109241556,2.257125877512683,2.546596614221938,2.596404561641943,2.6233562264575734,2.7342067389700606,2.5487514833119653,2.622789754401445,2.4434878642251268,2.2755692777631205,2.1382376001304295,2.3285611301248026,2.241008261042793,2.2570547854522585,2.348089237148862,2.381455754834022,2.2960439420591108,2.3592891485506757,0
2.834129623866061,2.771889671396536,3.038627383753764,3.02887003587891,3.026053582724561,3.2171625497412575,3.728380885962992,3.494833832930931,3.086143972748763,3.2600998006025814,2.960469312893829,2.5153275806835143,2.693135831895891,2.2169411620923216,1.7132313479524612,2.063951093702753,1.931094293604194,2.1551139053574593,2.3989074161140578,2.3125462752702743,2.143788582496973,2.3434431865047913,2.2569984063418684,2.5463851517239586,2.596187537566099,2.623129339668006,2.733946970101158,2.5485405934978864,2.6225584575202805,2.443307066063099,2.2754283458580704,2.138120738418108,2.328393102688991,2.240866535551099,2.256906692592973,2.347912621845191,2.3812758993562766,2.2958875320078413,2.3591160544363845,2.3023224850439004,1
2.7716134255933196,3.0382834228526177,3.0285272211832197,3.025710627015867,3.216769040693229,3.7278539250041587,3.4943666447057646,3.0857819839548943,3.2596949794028274,2.9601455271674695,2.515123645372848,2.692889147484035,2.2168286504076855,1.7132770625402636,2.0639048647064864,1.9310784239357346,2.1550343208933453,2.398739258096703,2.3124006392878607,2.1436902100502206,2.3432916739865517,2.256862434211957,2.5461748463756875,2.595961900892737,2.622904555135271,2.7336878612115116,2.5483349563630115,2.6223262429435015,2.4431279688434246,2.2752964670824616,2.1380193299597194,2.3282233248936723,2.240723045315381,2.2567604861519097,2.3477389903307153,2.3810900039633762,2.295732179007109,2.358941705741915,2.3021656470839633,2.3037327346942313,1
3.0379405063148344,3.0281857961606224,3.025368624888432,3.2163772781692948,3.7273279179604124,3.493900376454542,3.0854207836681953,3.259287928706215,2.9598247364515906,2.514923899522124,2.692636220121087,2.216716370167441,1.7133070722038637,2.0638490829773977,1.9310711957038322,2.154953207892703,2.3985884565983397,2.3122570521969865,2.143592532355376,2.343136676945848,2.2567357536270585,2.5459572275820594,2.595737398422352,2.622671282151326,2.733430972216036,2.548129928029165,2.622099093296797,2.4429475964215803,2.2751662330510687,2.1379274487088655,2.3280672522717167,2.240577664163703,2.2566125487430435,2.3475671829411566,2.380907046828176,2.295570204469907,2.358768297166444,2.30200749592909,2.3035754943018083,2.3388034167879783,0
3.027845406769911,3.025027992904217,3.2159862384925164,3.7268054961125956,3.4934350682550988,3.085060577473022,3.2588817719245333,2.9594955459989727,2.5147278351132734,2.6923870325910086,2.2165948264255197,1.713336875482905,2.0637798916118775,1.9310538603572582,2.154880267970717,2.398436385834707,2.312131531344296,2.143496892624662,2.3429823527159708,2.256605323593351,2.545747632695217,2.5955057860370636,2.6224391310078508,2.733166108353871,2.5479269221506926,2.6218725727898784,2.442772745362532,2.2750343891618856,2.1378371662534423,2.3279200511684675,2.2404467941274824,2.2564627458929625,2.347393837557035,2.3807258910710525,2.295411285554831,2.358588695644115,2.3018503904755145,2.3034169421654984,2.3386361685350576,2.290558034013511,0
3.0246883938213176,3.2155977475640465,3.726283179420293,3.4929725029350287,3.0847013420536546,3.2584765777962095,2.9591670673324026,2.5145142124909214,2.692141252894654,2.216478228296389,1.7133542221268114,2.0637107986097045,1.9310222459287958,2.15479815500212,2.3982919787700334,2.3120046491901416,2.143420704068175,2.34283007935727,2.2564755758897737,2.545535172953714,2.595281980295405,2.622199979601123,2.7329023151893517,2.5477150794214816,2.6216481532025573,2.4425984739981694,2.2749084938941686,2.1377450003187155,2.3277745124115823,2.2403250979113816,2.2563273080877173,2.3472187722762134,2.3805432677849105,2.295254226651309,2.358412063259507,2.3016867050838745,2.3032594331167235,2.3384676446235564,2.2904045531877304,2.1542462717591895,0
3.215210454323683,3.7257665666861413,3.492510325742065,3.0843433775439735,3.258072349894922,2.9588396056396546,2.514301031321021,2.6918815655082216,2.2163657717450844,1.7133777890571487,2.0636314715315365,1.930990614426442,2.1547032278647285,2.398139414538498,2.3118856115547146,2.14334297461209,2.3426956213381565,2.2563478734575537,2.5453233637572024,2.5950554613115187,2.6219685177879053,2.7326319753827293,2.5475043932264176,2.6214152393258874,2.442426112800782,2.274783132036446,2.1376591323411804,2.3276274686163543,2.2402050347418667,2.256200989312856,2.347057237496893,2.380358977748677,2.295095518583002,2.3582372476801625,2.3015260669202853,2.303095353710121,2.3383000987994125,2.2902497470622065,2.154131689210245,1.9162851991823553,0
3.7252515927860856,3.492052407069606,3.08398629566148,3.2576700172630235,2.958513118033537,2.5140889477527173,2.6916224273278715,2.2162296177732514,1.713406273232786,2.063557477511756,1.9309479069519389,2.1546084781515837,2.397975629357777,2.3117580561351065,2.1432734425238835,2.3425598345540415,2.2562386960841128,2.545113618529953,2.5948295874249023,2.621734424413376,2.7323688409415277,2.5472863990458303,2.62118344787105,2.442244424520691,2.274659501785512,2.1375737599302966,2.3274862396184006,2.2400832920560676,2.256076308894933,2.3469045087184823,2.3801879134745394,2.2949350067710523,2.358060916781201,2.301367284574698,2.3029343195983896,2.3381262208628426,2.2900960084422737,2.154015641106177,1.9162385218201983,1.7372948290890815,1
3.49159592513723,3.0836309463603038,3.257268357508122,2.958187446896406,2.513877849937027,2.6913643546112875,2.2160937240409946,1.713400710909154,2.0634878608391305,1.930910868614114,2.154504070962057,2.397812233134839,2.3116187142047044,2.143194688947933,2.342431828365589,2.256128097909476,2.5449200285954823,2.5946057807122216,2.621500973201167,2.732103412847201,2.5470764229438063,2.6209446509964507,2.44206394159212,2.2745257648886104,2.1374899731316166,2.327345558527541,2.239967586925533,2.2559499805834706,2.3467534486365773,2.380025540896383,2.294788506233835,2.357882883087464,2.3012068660551797,2.302775140338872,2.3379553401459887,2.2899356099649193,2.1539009131486053,1.9161901340574252,1.7372992288816151,1.8275508067102386,0
3.083276680634762,3.256869501752418,2.9578628110533045,2.513665967328683,2.691107262997314,2.215958981957597,1.7133951033481336,2.0633914010741226,1.9308784121346154,2.1544047666569095,2.397640722172272,2.3114796861418427,2.1431030452322264,2.3422954318777127,2.2560254611502697,2.5447253251704343,2.594397723133191,2.621269590889405,2.731838614773514,2.5468635860542217,2.6207135492197935,2.441875717682913,2.2743933109722554,2.1373954422995607,2.327206664971352,2.239852405570845,2.2558296494541517,2.3466009213309404,2.3798648480934403,2.2946509920311122,2.3577182818338343,2.3010446535899978,2.3026143278972575,2.3377862902637343,2.2897782748424134,2.1537785993279392,1.916143507479396,1.7373017341048163,1.8275294508236912,1.6715697730170955,1
3.25647187937275,2.9575391279591754,2.513455657949368,2.6908500248456355,2.2158252334468784,1.7133907385453588,2.06329510869692,1.9308163839421786,2.154309699632874,2.3974736982457654,2.311331995698165,2.1430115688540172,2.3421474488153216,2.255914073474321,2.54453797940014,2.59418860473419,2.6210537388938193,2.731575892742732,2.5466513995634896,2.6204798120406747,2.4416959740626325,2.274252427529622,2.1373022579191856,2.327057908940773,2.2397389186556813,2.255709846474276,2.346454160544231,2.379702754039625,2.2945151290465318,2.3575624497991923,2.300896396218541,2.3024517237664823,2.33761568160155,2.2896228035946113,2.1536595357193105,1.9160876784991034,1.7373063322544122,1.8275062932349726,1.6715929282815258,1.8068424039501214,0
2.957216419408341,2.513243553511403,2.6905941455047637,2.2156896267688646,1.7133873804978224,2.063199995661886,1.9307544425960086,2.154189658299856,2.3973105368428684,2.3111890109045805,2.1429103614356846,2.341999806166233,2.255790533662249,2.5443430868212538,2.5939867405101436,2.620836854454455,2.731327795795672,2.546441277127988,2.620246717161896,2.441513047111203,2.2741207593794344,2.137200081043055,2.3269104115760983,2.2396151628286285,2.2555917548066837,2.3463079528945814,2.3795463422764302,2.294377694755899,2.3574082900260485,2.300757104108602,2.302303061790776,2.3374433373658996,2.2894656712146917,2.1535424293363894,1.9160354259296748,1.7373005120678062,1.8274850612917664,1.6716141213500846,1.8068269574669158,1.7195924847941424,0
2.513032039431727,2.690337566367734,2.215555953914159,1.7133803548573383,2.0631058802064577,1.9306937046137531,2.1540698395161018,2.3971274012051613,2.3110500216661447,2.1428142862677952,2.341843694737412,2.2556672591732365,2.544137930527306,2.593777535852108,2.620627168440496,2.731078783795135,2.5462472990897873,2.620015691102373,2.4413307821482264,2.2739853949916564,2.1371077204137885,2.3267547003485607,2.239492706140587,2.255463467890779,2.346163552956117,2.379390492774701,2.2942461598672863,2.357252684258428,2.3006194652592495,2.3021633602234184,2.3372846135213634,2.2893067260651137,2.1534233726370546,1.915985293549915,1.737298513653409,1.827454024147614,1.6716375291601873,1.806809687974024,1.7196019361734036,1.6861918351810496,0
2.690081730723232,2.215418644061331,1.7133758709067113,2.0630093565966785,1.930633967686795,2.153951183622452,2.3969446357054562,2.3108892832649643,2.1427224662509263,2.341692211674663,2.255534968263304,2.543933290284179,2.5935583911394273,2.62041025317648,2.7308367395880517,2.5460522089739333,2.619800205649198,2.4411505744227897,2.273850711022029,2.1370112441837805,2.3266079741987093,2.239361676605644,2.2553364727784553,2.346009378630477,2.3792364861848982,2.294115163720583,2.357102817906101,2.300480267266438,2.302025312387027,2.3371347293944975,2.2891618439448935,2.153302285059125,1.915932706021259,1.7372987580074688,1.827426685052098,1.6716500721445577,1.8067943825077026,1.7196094747688442,1.6862108178560236,1.4021378661381474,0
2.2152816670358333,1.7133646449353486,2.0629149515753196,1.9305713455353861,2.1538335229279686,2.3967629890770885,2.3107288626106883,2.1426054335019193,2.341544677138001,2.255407524333478,2.543721462204567,2.59333980545032,2.6201835722292657,2.730587926090998,2.545864473736921,2.6195836864178172,2.440987375166421,2.273718073448499,2.1369154634404333,2.3264577124617,2.2392400153539667,2.2552009698822433,2.3458564541990037,2.3790728588883434,2.293985919750487,2.356953507626955,2.300346953147524,2.3018857082082596,2.3369865106962284,2.289025967571848,2.153196511133837,1.9158777068586341,1.737296167486016,1.8274015269146278,1.6716665269975377,1.8067691311621978,1.719619139100293,1.686227853380217,1.402237907187992,1.3910414281000198,0
1.7133533176622604,2.062815965763402,1.930511002241461,2.1537137808159104,2.3965823312788403,2.310569576453546,2.1424886162645658,2.3413760209077887,2.2552841619612773,2.543513751148606,2.5931143453296217,2.619957473457116,2.730330068273121,2.5456691972274466,2.6193743682335358,2.4408229517798032,2.2736038183846055,2.1368217202289914,2.326308125370367,2.2391145511033366,2.2550747658163215,2.3456953937072913,2.378910466182435,2.2938466589387376,2.356806016386161,2.300214179452672,2.301751984327215,2.3368368053140767,2.288891740535422,2.1531002120529323,1.9158402045766638,1.737290878932719,1.8273737253789686,1.6716852696297633,1.8067476062525634,1.7196182648383374,1.686247076545351,1.40233570881516,1.3911446356581068,1.3553027330140106,0
2.0627171808223785,1.9304452594919792,2.1535960475268583,2.3964004662724707,2.310411281387409,2.142372964016304,2.3412077009456835,2.255137902967592,2.5433096774554116,2.592892877123817,2.6197246690996767,2.730072888406392,2.5454636656853062,2.619157815570631,2.440666103417205,2.27348816100525,2.136747482971808,2.326160588070843,2.2389897711069944,2.2549448072177167,2.345543235241106,2.3787400731538098,2.293708672164808,2.356648800210662,2.300083164423949,2.301618801257638,2.33669289129585,2.2887559309886134,2.1530055168426196,1.9158129960476797,1.7373047294479604,1.8273433702277273,1.6717010379513038,1.8067282764828045,1.7196212366150971,1.6862555342166978,1.4024362245503217,1.3912455923760496,1.35541613905851,1.1738629819491102,0
1.9303796031516605,2.153474294136257,2.396220316403272,2.3102514687859985,2.1422583072709105,2.3410405099567093,2.2549919278509156,2.5430886336591656,2.592674970149298,2.619495789255023,2.7298097014596157,2.545258651346758,2.6189314890244875,2.4405012747363237,2.2733804287231547,2.136671697711166,2.3260310029096587,2.238867035250106,2.2548155311319147,2.3453875991439306,2.3785784372546437,2.293562335183845,2.3564928290048455,2.2999421608857182,2.301487378348747,2.3365495277232387,2.2886260351485213,2.1529089683752085,1.9157873120187021,1.7373294896856502,1.8273313260710178,1.6717140030760331,1.8067062593821481,1.7196264632834906,1.6862678837126217,1.4025240451299992,1.3913492837681798,1.3555272574902186,1.174028164109986,1.1213868502236513,1
2.153352820009342,2.3960376465992312,2.310093475574451,2.142141527422205,2.340874309259476,2.2548470973331662,2.5428680486748094,2.5924411088300587,2.6192704296259595,2.7295501601878516,2.54504645757901,2.6187057435646803,2.4403255024605635,2.2732640179553436,2.136604123775068,2.3259000712434474,2.238762967909095,2.254688300210011,2.345232635609957,2.3784134248371007,2.2934251288242167,2.356328765417456,2.299802428563988,2.301345973455326,2.3364079614785767,2.2884966765007184,2.1528186792799535,1.9157593020868453,1.737355714722109,1.827329881033868,1.6717467102787849,1.8066816555309286,1.719628817520992,1.6862825109740978,1.402616146917569,1.3914402046234766,1.3556411768343917,1.1741908719691105,1.1215670071091242,1.1885221559459678,1
2.3958554658048388,2.3099324298984025,2.142026770400599,2.340706700733242,2.2547032593680445,2.542648556114548,2.5922077363051628,2.6190296628900853,2.7292939694526464,2.5448383774787904,2.61847328457937,2.4401501559672254,2.2731355686460857,2.1365273005167973,2.325776955026005,2.23865746116341,2.2545796079662312,2.345079723092828,2.3782490813495927,2.293284285312917,2.3561735572298197,2.29965437105946,2.301205839128648,2.3362565755153075,2.2883690640512966,2.1527288899312453,1.9157381549594363,1.7373792583393761,1.8273299308998643,1.6717905533872561,1.8066755526681948,1.7196284454015847,1.6862941949454748,1.4027107210006609,1.3915354218977467,1.3557420828583224,1.1743567170220457,1.1217446356985343,1.1886831549270584,1.190192188426622,0
2.309771798776313,2.141907921743609,2.340540874741655,2.25455770324677,2.5424300485577698,2.5919754472620085,2.618789401101546,2.729024635495257,2.5446339326990635,2.618244753276515,2.4399669633002996,2.273007399741979,2.136437543465614,2.325645378999959,2.238559952382653,2.2544694931551024,2.344944607453507,2.378086791016173,2.293144120096699,2.35601490394799,2.299515417463584,2.301057385382329,2.336106443960315,2.288231408660306,2.152640702320221,1.915717442209093,1.7374101186528466,1.8273274786159353,1.6718358393722714,1.8066801201899927,1.719647374764902,1.6863030991164254,1.4028017491754659,1.3916331190667626,1.355847334292098,1.1745083161814385,1.1219254987412812,1.1888416946896747,1.1903527108429273,1.207078072397686,0
2.141789342348794,2.340372184544452,2.254414033912834,2.5422108590331556,2.5917441419284737,2.618550217977071,2.728755873308987,2.544412545064644,2.618019744118067,2.439788150459992,2.2728703244122617,2.1363479479560508,2.3255021073870963,2.2384536197927822,2.254367343229293,2.344808165443303,2.3779420266869264,2.2930060025254932,2.355856922060253,2.2993728453569093,2.3009180293926503,2.335948136306307,2.2880950299061693,2.1525418410769075,1.9156980790096667,1.7374413641735438,1.8273321141530798,1.6718783133929178,1.8066861757077644,1.7196772747707243,1.6863316112119613,1.4028895430424144,1.3917272467864885,1.3559550900957122,1.1746645094696508,1.122091759404774,1.1890033444767147,1.1905107757591058,1.207233776214492,1.1253207045114155,0
2.340203935222645,2.2542669678436233,2.5419932081941417,2.5915123322215763,2.6183120178651498,2.728488169856395,2.5441916170464136,2.6177793021182443,2.439613134903948,2.2727380521533918,2.1362485791364043,2.3253591617138514,2.2383350207485786,2.25425643546658,2.3446794993251343,2.377795971113617,2.2928861091768717,2.3557009918770997,2.2992309508755144,2.3007750591852227,2.3357987734181176,2.2879502778923686,2.152444319274724,1.915666941173625,1.737473769554458,1.8273371596913657,1.671928270778293,1.806689687943929,1.7197086336707978,1.6863712088935054,1.4029995509517297,1.3918181224432338,1.3560592006306853,1.1748233313839105,1.1222626861317617,1.1891508479542694,1.1906719476044616,1.2073870399055786,1.1254997388220602,1.125023809848188,0
2.2541202681941193,2.541773938746603,2.5912820015383966,2.6180734090585567,2.7282214465326424,2.543971781212393,2.6175393643061415,2.4394190155468354,2.2726098347323807,2.1361543594410346,2.325207641702744,2.238216671849279,2.2541333647147486,2.344542452288206,2.3776576224201067,2.2927648340394113,2.355562771407948,2.2990911044331495,2.3006327664488175,2.335645903073542,2.287814681107951,2.15233786715822,1.915637252416889,1.7374935721415705,1.8273434607414925,1.6719785953157877,1.8067003405144575,1.7197372759907255,1.6864122543287008,1.4031216219776907,1.3919313139491416,1.3561600019181133,1.1749781231065708,1.1224362774222645,1.1893029254657375,1.1908189844853512,1.2075433792294603,1.1256762488843062,1.1252029288814611,1.076110414081459,0
2.541555284327746,2.591050357003538,2.617836247132954,2.727954710330214,2.543752930347148,2.617300505384661,2.4392252920205877,2.272459077189269,2.1360644051647917,2.3250607921956794,2.2380891958331435,2.2540105578450125,2.3443938333886,2.377511030442166,2.29265144367139,2.3554232358712923,2.2989694322757703,2.3004925218421852,2.335493706363852,2.2876754299996636,2.1522411649116107,1.9155976608888585,1.7375149062760065,1.8273375765964648,1.672030010059294,1.8067113973973918,1.7197732798972498,1.6864505168423276,1.403245046012689,1.3920566067584814,1.3562834469474951,1.1751293152646198,1.1226057271934806,1.1894576215641441,1.190970593110861,1.2076856982996247,1.1258559861088635,1.1253795233608515,1.076303491167787,1.06813137000722,0
2.5908193701069706,2.617597935542855,2.7276892880365797,2.5435334022781504,2.617062629508515,2.4390326797027067,2.2723086140460693,2.1359491011577085,2.3249179168566028,2.2379666109860485,2.253878724045251,2.344245556855603,2.3773530824555507,2.2925294552453113,2.3552914540193823,2.298846384805447,2.3003704400197593,2.3353435600405783,2.2875368578034867,2.152140393384004,1.9155688573017722,1.7375256061731488,1.8273331824142245,1.672068517910642,1.806723687845783,1.71980966414805,1.6864962256414067,1.4033651229291757,1.3921832488757035,1.3564191162698571,1.1753048158249095,1.1227714934343807,1.1896083185702702,1.1911248191796135,1.2078325659671127,1.1260211476779893,1.1255593455528194,1.076493993371729,1.06832672401419,0.9406893358168192,0
2.617360304546896,2.727423395309243,2.5433154112942855,2.6168243404382836,2.4388410551061948,2.272159292363311,2.1358340086184455,2.32475357770567,2.2378481345865366,2.253751741420747,2.344088825788551,2.3771955054947207,2.2923955544137007,2.3551513355377485,2.2987312093816366,2.300246984375806,2.335211290495269,2.2874003328893497,2.1520403156787022,1.9155352600380717,1.7375478748310529,1.8273185228367617,1.6721085875914734,1.8067236972848568,1.7198471894984484,1.6865423056093825,1.4034933664478262,1.3923065218343191,1.3565561229796599,1.1754931650768319,1.1229620495317338,1.1897554394675511,1.1912750496990459,1.207982039513807,1.1261909699180535,1.1257245900724635,1.0766878139445824,1.06851949492889,0.9409210570120974,0.7928729053624322,0
2.7271582781427677,2.543095809877192,2.616587499760596,2.4386483754875847,2.272010962779074,2.1357200822743594,2.3245895647244317,2.2377064027954585,2.2536288429067133,2.343936717400809,2.377029683014276,2.292261950734447,2.3549997146526023,2.298607461273695,2.3001313978482387,2.335077684217646,2.2872820782009162,2.1519422764843785,1.9155023826255793,1.7375648049339807,1.8273150382913033,1.6721377544415454,1.8067252062279064,1.7198720301493895,1.686589491279562,1.4036219031038684,1.3924379895339405,1.3566896895455336,1.1756827911979797,1.1231656349097348,1.1899267342731448,1.191421706781809,1.2081275533344462,1.1263634540275933,1.1258944956700314,1.0768667245621073,1.0687155990009014,0.9411500639860624,0.7931468078364027,0.7786219615275125,0
2.5428768246318088,2.6163495016972997,2.4384573598800925,2.2718609773687866,2.135607151607649,2.3244266837282055,2.2375649442914614,2.2534830137107438,2.3437885540786327,2.3768683997762285,2.292119562768747,2.354848445356235,2.298471840554535,2.3000072444802315,2.33495187418874,2.2871624357579723,2.15186361915695,1.9154715284123194,1.7375824744666253,1.8273064899460372,1.6721787767685101,1.8067163651483178,1.7198984105038313,1.6866238377113119,1.4037512444269453,1.3925697473226888,1.3568315414801884,1.1758686167938486,1.1233704796538408,1.1901108273229446,1.1915925224507915,1.2082695207370842,1.1265318049634863,1.1260670633403984,1.0770503633084065,1.0688967389136041,0.941382640319045,0.793417843996172,0.7788999306876536,0.5548004972868879,1
2.6161121831486143,2.4382640854930275,2.271712857806384,2.13549207388487,2.3242647934595073,2.237424633544868,2.25333746738641,2.3436193152337386,2.376711010830516,2.2919819291169055,2.3546887887840917,2.2983365222712675,2.299871227665758,2.334817642642792,2.287050689804981,2.1517834299176783,1.9154619966712665,1.737602155681261,1.8272986711580155,1.6722142604617962,1.8067187894381704,1.7199140842781886,1.6866597392355762,1.4038664322434817,1.392702298018671,1.3569736736863145,1.1760631878615035,1.1235714196429214,1.1902962021314558,1.1917761306168053,1.2084354918025562,1.126696478663522,1.1262354972072592,1.0772366976250878,1.0690826178928148,0.9415993867417042,0.7936927234786738,0.7791750188703577,0.5551423367186317,0.5870135682470705,0
2.4380713366290623,2.271561448468822,2.1353790270359863,2.3241014355460843,2.2372853158079002,2.2531930659608594,2.3434504140197903,2.376533223786607,2.291848320633202,2.3545337280422847,2.2981924582349427,2.2997355145039897,2.3346717755632644,2.2869303224191633,2.1517114203884073,1.915450681361195,1.7376446190592185,1.8272928698595592,1.6722504907740048,1.8067160868881724,1.7199414040372456,1.6866847976839239,1.403983306027549,1.3928206438668314,1.3571165609244626,1.1762579893579297,1.1237812381751013,1.190477805531201,1.1919610210985603,1.2086141972547328,1.1268859061279692,1.1264002533632094,1.077418794368891,1.0692711979067324,0.9418210469293696,0.7939507688906041,0.7794539767885651,0.5554810648761251,0.5873462152736159,0.5937308100025924,0
2.271410420505606,2.1352618474481506,2.32393988026207,2.2371442171876708,2.253049657131322,2.3432826413725025,2.3763557943693923,2.2916925678855264,2.354382596027842,2.298053133130251,2.2995910644635207,2.3345262423966893,2.2867980059688104,2.1516302245873264,1.9154480401817446,1.7376851095758048,1.8273091146744993,1.6722887285390873,1.8067141161605667,1.7199633313522575,1.6867216478225147,1.4040881759144768,1.3929406807950953,1.3572450779580882,1.1764533535998687,1.123991272720512,1.1906681172293458,1.1921421434886206,1.208794190654843,1.1270883493352741,1.1265897660074986,1.0775971351367206,1.069455523420295,0.9420454954284492,0.7942139306954146,0.7797160038253712,0.5558240776009483,0.5876757841709341,0.5940615401796668,0.5311973715603022,1
2.1351449313755904,2.3237753581270644,2.2370050264276053,2.252904524190526,2.3431158589581442,2.376179487555049,2.2915371212224294,2.3542106064775665,2.2979178238332705,2.2994513498121125,2.3343721930426384,2.2866659818035573,2.151536193876173,1.9154352266843209,1.7377346461179992,1.8273234820788251,1.6723502844643736,1.8067141615900322,1.719986000033322,1.6867530038395722,1.4042060766363473,1.3930486684792711,1.3573753025380624,1.1766335081472419,1.1242018143981964,1.190858663383234,1.1923319699421377,1.208970449502533,1.127292053220799,1.1267922954163652,1.07780068115997,1.0696360801908211,0.9422654190599332,0.7944799820414362,0.7799831667903583,0.556148638959696,0.5880095779317144,0.5943891991390914,0.5315459464410163,0.5565076416004459,1
2.3236112625160805,2.236862331290876,2.252761280037654,2.342947676787261,2.376004170110737,2.291382812534788,2.3540389609926233,2.297760495160636,2.2993156488126796,2.3342227909794553,2.2865251378544342,2.151442337835423,1.9154080318456814,1.737773268654658,1.8273467079805386,1.6724097980203567,1.8067364220127697,1.7200106792573104,1.6867851048761464,1.4043176185261337,1.393169735405009,1.357493331823408,1.176815453837508,1.1243969035834176,1.1910497878181578,1.1925220313101672,1.2091553695937032,1.127491860164844,1.1269960854044248,1.0780174122761716,1.0698419154223227,0.9424813700316687,0.794741194928506,0.7802532290560952,0.5564786430627703,0.5883251391592327,0.5947210705122083,0.5318913857614954,0.5568489938770754,0.669550284624313,0
2.236719987523961,2.2526146289303877,2.342781274439121,2.375827571350328,2.291229495441428,2.3538684421552665,2.297603476258948,2.299157957199752,2.3340773489585236,2.2863890623894596,2.1513388042342223,1.9153808063560664,1.7377963466502573,1.8273593938730157,1.6724784941613553,1.8067567831245963,1.7200582850096755,1.68681921430646,1.4044299365061206,1.3932844097191415,1.357624596255247,1.1769844627574522,1.124593808089383,1.191225770383954,1.192712672729102,1.2093405292380495,1.1277005356763454,1.1271959778613025,1.0782353876567763,1.0700609632055023,0.9427237687103248,0.7949981986385691,0.7805184226296186,0.556811699747264,0.5886460989731575,0.5950347549842513,0.5322411533954559,0.5571872366359882,0.6698593787601199,0.5346487720203219,0
2.252468342814041,2.3426120217379496,2.375652712623255,2.2910745917335733,2.3536989132731687,2.2974475942332453,2.2990005762067525,2.3339106315935627,2.286257020715564,2.1512403815348025,1.9153424058751705,1.7378192395555456,1.827357121768497,1.6725360039500068,1.8067860457604332,1.7201038991794477,1.6868765226520468,1.4045442446022263,1.3933998613372365,1.357749359280568,1.177167498328781,1.1247775613749074,1.1914035373385756,1.1928881800058575,1.2095262868286503,1.127909428281733,1.1274047396385154,1.0784493683528713,1.0702812525917194,0.9429798185139807,0.7952830062310328,0.7807793842235676,0.5571394129041259,0.5889700893078782,0.5953538288346554,0.5325723093204041,0.5575297607982008,0.6701654796912747,0.5349963620004788,0.5446318550713463,0
2.3424432118489733,2.3754752067900777,2.2909215306223643,2.35352802274722,2.2972927036427437,2.298844331836527,2.33374424596136,2.2861027197290613,2.1511462009952633,1.915309714058608,1.7378298311269313,1.8273547424497745,1.6725775420719664,1.8068046825770276,1.720158596155651,1.6869318040919812,1.4046840681128354,1.3935173023574436,1.3578749035190585,1.1773434801588802,1.1249755702314148,1.1915684274293796,1.1930654709019881,1.209696988405108,1.128118832188421,1.127613718428056,1.07867234240607,1.070497531445198,0.9432370674130962,0.7955819736373556,0.7810682804484447,0.5574625359504612,0.5892888044547356,0.5956759286056561,0.5329089403450209,0.5578538451914686,0.6704756525119268,0.5353408199716535,0.5449765962531181,0.49660914329429956,1
2.375298172186086,2.2907652985048705,2.3533588992402725,2.297136248273133,2.298689078864865,2.3335789906549693,2.2859487214312115,2.1510269810534357,1.9152816281538345,1.7378465809897234,1.8273406297559416,1.6726188383936709,1.8068082268194932,1.7202023057726037,1.6869962377361256,1.4048215643147934,1.3936603492851343,1.3580024348600337,1.1775202630485786,1.125166365600061,1.1917472802230242,1.1932298917590927,1.2098694658209397,1.1283128018039026,1.127823208204253,1.0788955200347627,1.070722823889396,0.9434900526500896,0.7958820908357938,0.7813713855297421,0.5578156471286834,0.5896029810343703,0.5959927674393674,0.5332486401152929,0.5581833699888967,0.6707681534953729,0.5356895998594666,0.5453182156978098,0.49696758836124033,0.552351116315261,1
2.290609464367405,2.3531869907826564,2.2969816281646906,2.29853226614285,2.3334147258360383,2.285795862121662,2.1509079817394925,1.9152236496109873,1.7378682103724539,1.8273324486288538,1.6726474197897694,1.8068116459797994,1.7202303558067538,1.6870495456177839,1.4049688029105174,1.3938010571690684,1.3581558635624718,1.1776990213659135,1.1253579677683048,1.1919191239005589,1.1934082680337605,1.210029142203971,1.1285085849276442,1.128017262315564,1.0791191568125955,1.0709483177171917,0.9437523746509908,0.7961776507744581,0.7816756356498323,0.5581837374125125,0.5899468501997415,0.5963050784539412,0.5335829462840939,0.5585159461986329,0.6710659399232746,0.5360197914846402,0.5456641385564437,0.4973228622790506,0.5526936547086904,0.6087611023284842,1
2.3530155342814747,2.2968238745200678,2.2983772869926202,2.333249026323965,2.285643994552942,2.1507901458887106,1.9151657484415603,1.7378562965936872,1.8273290090546674,1.6726823245798137,1.8068032014520816,1.7202582054763735,1.6870869768567474,1.4051037387011263,1.393951530502253,1.3583069154254792,1.1779051567108643,1.1255515419875772,1.192091767034228,1.193579640276193,1.210202700342319,1.128691232907121,1.1282131300719263,1.0793271316118014,1.0711742622380835,0.9440148630263199,0.7964829223165213,0.781975300204475,0.5585528980807359,0.5903055876140967,0.5966470204253885,0.5339126245756153,0.5588431825024301,0.6713667003479779,0.5363554534782767,0.5459915409704413,0.49768252861633816,0.5530330793076258,0.6090875434224879,0.6014129594136037,1
2.2966665240943587,2.2982191829356884,2.3330851183713985,2.2854905202547053,2.15067330532001,1.9151090534613513,1.7378443524347094,1.8272938670971235,1.6727222093583909,1.8068007405109943,1.7202736424155671,1.6871241789118974,1.4052209518752465,1.3940896550496917,1.358467806993361,1.1781087233336751,1.1257729211845455,1.1922663865387868,1.1937518117920864,1.2103693058520508,1.1288881192967057,1.1283958614707275,1.079536942592415,1.0713845078627047,0.9442776670340223,0.7967883196268607,0.7822847125006949,0.5589170286222676,0.590665406157336,0.5970038075294041,0.5342725075512719,0.5591658314272582,0.6716623606857912,0.5366941818539303,0.5463244000680166,0.4980233482766619,0.5533767930135858,0.6094109287639735,0.6017414973926642,0.6597156489049024,1
2.2980614833042026,2.332918300113634,2.285338895310645,2.1505543719528672,1.9150533599452313,1.7378336466027813,1.827258749094187,1.6727272105075086,1.8068030527780743,1.7202952821147788,1.6871487580545024,1.405337690773563,1.394209984868522,1.3586162016840344,1.178322506645517,1.125991676162922,1.1924682635233794,1.1939259597863292,1.2105367087882146,1.1290778041737777,1.1285928325747967,1.0797334173249045,1.0715965933449982,0.9445241824934171,0.7970938759164404,0.7825942466503625,0.5592914744818182,0.5910202585564999,0.5973616780028022,0.5346474508592778,0.5595184528213891,0.6719536145212529,0.5370275239502307,0.5466603187108487,0.4983696904504575,0.5537020387141091,0.6097384986619323,0.6020669720584756,0.6600275494777803,0.7202079365375038,1
2.332751916285847,2.285184064842386,2.15043745123207,1.9149947250943353,1.7378239468849446,1.8272248532127837,1.672732141709407,1.806773240312207,1.7203218283940755,1.6871796238601664,1.405440019277181,1.3943298308371426,1.358746569392015,1.1785230412430183,1.1262207568619518,1.19266758728873,1.1941273516412605,1.2107060892892594,1.12926829542015,1.1287826012625537,1.0799443451403354,1.0717953099718298,0.944772596528123,0.7973824597369021,0.7829039246763823,0.5596659807095796,0.5913853445863422,0.5977145956741221,0.5350234566789874,0.5598860474462369,0.6722738036905639,0.5373562436917484,0.5469908722533574,0.49871912505712174,0.5540327305165886,0.610047983763989,0.6023966448998449,0.6603364467268457,0.7205025748748133,0.9517857738549467,1
2.285029627528029,2.1503164908798515,1.9149383879508768,1.7378106675773826,1.8271919611007057,1.6727383230393293,1.8067434393343234,1.7203144704710973,1.6872154473027958,1.4055493479926062,1.3944351965838937,1.358876422413153,1.1787043697402573,1.1264363713997791,1.1928770972851979,1.194326192043103,1.2109025759442842,1.1294607589706775,1.128973176352086,1.080147921638421,1.0720085144890383,0.9450071208999352,0.797673010237612,0.7831965642966555,0.560040393611824,0.5917504998335389,0.5980777299422395,0.535394385490733,0.5602547130248875,0.6726085770706909,0.5377151364517424,0.5473168194147571,0.4990630926836695,0.5543664765779084,0.6103628376407694,0.6027081830272283,0.6606494340929716,0.7207942721306925,0.9520143285419828,0.9510435371968782,1
2.150195807060748,1.914876555065049,1.7377999003954812,1.8271558112392585,1.6727455121908188,1.8067148641961797,1.720307071510955,1.6872166853341348,1.4056640685554005,1.3945475904169073,1.3589915703175546,1.1788850269979043,1.1266324388121358,1.1930734193109673,1.1945352152061737,1.2110965290039892,1.1296809954177776,1.12916572372667,1.0803523098885779,1.0722143433992792,0.9452566891097205,0.7979490670055394,0.7834911771631563,0.5603967325254928,0.5921155958940385,0.5984409352729821,0.5357756894743557,0.56061835186763,0.6729444591093623,0.5380890776665904,0.5476728480025658,0.4994023770892058,0.5546948739152546,0.610680707144883,0.6030251000022246,0.6609446828123348,0.7210899473869222,0.952240180425173,0.9512723036904852,0.9834792791544816,1
1.9148147951260337,1.7377825422087179,1.827122065382983,1.6727488873861065,1.8066872933653462,1.7203009140563295,1.6872178622208522,1.405738410402678,1.3946653930595196,1.359113836084472,1.1790498373828378,1.1268277897066052,1.1932506305016493,1.194731057318708,1.2113006297404896,1.1298986118065573,1.129386046419043,1.0805586672764245,1.0724209849343633,0.9454984937564331,0.7982408124394171,0.783771238058653,0.5607551478088829,0.5924627670102165,0.5988040885358368,0.5361570473422544,0.560992301699339,0.673275538940985,0.5384640825443374,0.5480438906898925,0.49977218351644886,0.5550186772228828,0.6109933475983501,0.6033450376368165,0.6612452304575458,0.721368294938193,0.9524695811011868,0.9514983666165366,0.983698789700919,1.0956312381886666,0
1.7377651038345288,1.8270822808084681,1.6727548534411776,1.806656390941838,1.7202957631756854,1.6872202866101935,1.405812520102578,1.3947425906738424,1.3592415652918504,1.1792222214102492,1.1270069635088984,1.1934271831012024,1.1949077994491493,1.2114916193969782,1.1301265457424738,1.129603748739113,1.080793198877538,1.072629595093721,0.945741124967984,0.7985243443308485,0.7840670497877985,0.5610980964475305,0.5928119996542665,0.5991493479338743,0.5365382868704777,0.5613663123682225,0.6736166431030031,0.5388340172694008,0.5484160003699198,0.5001571693064245,0.5553724911348009,0.6113014842822629,0.6036597306317363,0.6615487588346568,0.7216518584920292,0.9526832272482267,0.951727979711077,0.9839156300539367,1.0958187447621668,1.0193664215721046,1
1.8270424932645388,1.672753826312271,1.806627917330752,1.7202869695812004,1.6872237184412342,1.405887928307167,1.3948195494606437,1.3593279605772928,1.1794003462304425,1.1271938427746693,1.1935879810746384,1.195083884429426,1.2116636188072083,1.1303410298180137,1.129831769223189,1.08102505837769,1.0728664445365486,0.9459857166034759,0.7988087189557275,0.7843546045921026,0.5614577723088631,0.5931458972962211,0.5994966657648823,0.5369013432025845,0.5617402315207892,0.6739578391557577,0.5392143184141263,0.5487830597259775,0.5005432060713937,0.5557412925815164,0.6116391140242119,0.6039699080995278,0.6618471662607779,0.7219383613505572,0.9529017719491921,0.9519418332344125,0.9841359604588763,1.09600369653886,1.0195756912708152,0.9887120475938661,1
1.6727526627652243,1.8065932782843481,1.720280709318574,1.6872233884563286,1.4059643513329125,1.3948978087445063,1.3594140955202338,1.1795334366499488,1.1273865430492542,1.1937563158664406,1.1952442252926914,1.2118349756370226,1.1305359923329146,1.1300463386166375,1.0812673376710398,1.0731006134401282,0.9462595868297744,0.7990950444932118,0.7846430036886658,0.5618085098932073,0.5934963816359589,0.5998286760446233,0.5372664867793159,0.562096084583439,0.6742990634927084,0.5395946743912501,0.5491604601861504,0.5009240971281701,0.5561111635956488,0.6119915371741526,0.6043096460425649,0.6621411514484006,0.7222198715919922,0.9531230973623475,0.9521605863291371,0.9843407516380935,1.0961919305044707,1.0197823277014946,0.9889300649039751,1.0699869616523916,1
1.806558618551568,1.7202677497284213,1.6872256318149754,1.4060359996454728,1.3949770831378003,1.359501537377141,1.1796661574987755,1.127533138668099,1.1939303690427268,1.195412098779171,1.2119906946085632,1.1307302417241993,1.1302413845200254,1.0814959631899126,1.073345218715264,0.9465306417397281,0.7994118540848467,0.7849333527808489,0.5621601162520806,0.5938380257609971,0.6001772437191436,0.53761606725425,0.5624540132292603,0.6746227447683107,0.5399749156864293,0.5495379182211408,0.5013154510671939,0.5564759996180516,0.6123450487067459,0.6046642026811644,0.662464162199976,0.7224970563870781,0.9533399214489107,0.952382120644361,0.9845503979255411,1.0963653871254209,1.019992387670686,0.9891454174048215,1.0701817861429335,1.2299389614662026,1
1.7202546948056987,1.6872209714637112,1.4061105615788156,1.3950515432495432,1.3595899952719377,1.1798002178391875,1.1276793331252142,1.1940596867933935,1.1955856880972904,1.2121539037856697,1.1309083387780905,1.130435717043626,1.0817047473465715,1.0735761371529273,0.9468123978123193,0.7997256920359737,0.7852543021455917,0.5625136582046495,0.594180535137001,0.6005169916274372,0.5379824779171198,0.5627964822067928,0.6749484495438213,0.5403369897545193,0.5499152721540742,0.5017068493888787,0.556851157169723,0.6126936372909011,0.6050198452514844,0.6628017910068431,0.7228027117458574,0.9535527906308493,0.9525991520583437,0.9847628032203715,1.0965435451158532,1.0201871522060106,0.9893642502591504,1.0703740294504804,1.2300881416406098,1.407444858243339,0
1.6872161872041325,1.4061764816436078,1.3951289302748424,1.3596735114459302,1.1799352989311247,1.1278268764960364,1.1941886437983207,1.1957145760502415,1.2123228029823265,1.131094131413546,1.1306138953615477,1.0819127759192044,1.073787162375181,0.9470799389622035,0.8000505382734645,0.7855722647986545,0.5628996257246379,0.5945249821794696,0.6008576040519441,0.5383398784509096,0.5631556709598381,0.6752591566136043,0.5407011494770356,0.5502745050499003,0.50209809271492,0.5572263744167439,0.6130524043573689,0.6053705502782536,0.6631405251919672,0.7231227769844729,0.953792005712913,0.9528122273800682,0.9849707744261236,1.096724385308133,1.0203867226552006,0.9895675794354837,1.070569602476176,1.230234905211572,1.4075433848761982,1.3691454466869923,1
1.4062420347792561,1.3951976075312207,1.359759997345992,1.1800647913131537,1.1279754419816648,1.1943189376627696,1.1958431042628257,1.212447345202817,1.1312857390444495,1.1307997700068384,1.082104342486122,1.0739974251288016,0.9473267586926004,0.8003605570770396,0.7859012653478002,0.5632823698291985,0.5949015920873285,0.6012001545751406,0.5386981503410098,0.5635059266327445,0.6755860903265828,0.5410497602023241,0.5506358190005474,0.5024709928111529,0.5576014957424389,0.6134112466153826,0.6057314524210834,0.6634744376361791,0.7234439677782095,0.9540448337331899,0.9530516554117363,0.9851748414392119,1.0969010293408044,1.020589027535019,0.9897757565469288,1.0707502239481397,1.2303847020448428,1.4076396775469089,1.3692549025389356,1.4302315236460488,1
1.395265908364958,1.3598375547879806,1.1801974707736658,1.1281182316347438,1.1944502518979117,1.1959729690350762,1.212571537848378,1.131431322250897,1.1309914601014157,1.0823037282517505,1.0741911756665339,0.9475727059927894,0.8006488938505157,0.786215379410983,0.56367661687207,0.5952750126468883,0.6015748131836961,0.5390583563060484,0.5638570508934473,0.6759044350812332,0.5414151860593087,0.5509816247510543,0.5028459960881896,0.5579585317467004,0.6137700527343355,0.6060924277368757,0.6638183993498938,0.7237604569827217,0.954298864550082,0.9533046989359187,0.9854049635731477,1.0970739486322691,1.0207869744600402,0.9899866890821762,1.0709355819429522,1.2305206339251022,1.407738674489607,1.369362085021283,1.4303235478171665,1.5070159059232586,1
1.359914705231282,1.180320111525571,1.1282642712291233,1.1945760296957364,1.196103854134634,1.212697064021734,1.1315765066638264,1.131137119716346,1.0825090042366308,1.0743927654464815,0.9478013391155383,0.8009362306524466,0.7865077188318461,0.5640550499735179,0.5956598692144566,0.6019462895478122,0.539451180325247,0.5642101108576929,0.676223636058733,0.541771612293887,0.5513442020834893,0.5032052949144115,0.5583176452492107,0.6141110345310093,0.6064533591261805,0.6641624502527057,0.7240868420576985,0.9545486537449461,0.9535589450091463,0.9856485895766846,1.097271894080911,1.0209810746144885,0.9901931986296212,1.0711236397016988,1.230661083064807,1.407825012328771,1.36947204275994,1.4304133614720387,1.5070860187045658,1.7505066416027046,0
1.1804421900489959,1.1283999510074594,1.1947049770113565,1.1962292087519797,1.212823610083718,1.131723039284137,1.1312823803590253,1.0826672521491054,1.0746002576426024,0.9480381316172157,0.8012053231042932,0.7867990459849367,0.5644102538901912,0.5960290453228329,0.6023291879632722,0.5398407559673888,0.5645955824673611,0.6765447800135714,0.5421289095072512,0.5516978101837897,0.5035815748147541,0.5586612820972843,0.6144540678355971,0.6067964321946322,0.6645065190171475,0.7244133329394038,0.9548077515648766,0.9538089479860928,0.9858934289480271,1.097482957444413,1.0212009006350293,0.9903958123572201,1.0713074468967125,1.2308041224277912,1.4079156241009627,1.3695690812159576,1.4305058371659787,1.5071539999754489,1.7505072712382677,1.4063315032562356,1
1.128535023661646,1.1948239753195273,1.196357730886536,1.212944685876221,1.131870593917056,1.1314289892623937,1.082825071643075,1.074760559033053,0.9482810213454305,0.8014829462526365,0.7870720391102388,0.564764252417875,0.5963752015886418,0.6026964337539689,0.5402418835889388,0.5649778324670023,0.6768974137355132,0.5424881410176363,0.552052288170896,0.5039487392933286,0.559021656853116,0.6147818550120424,0.6071415601565808,0.664832999217099,0.7247399057913526,0.9550670188074996,0.9540682614703022,0.9861340896479814,1.0976952715833794,1.021434107024763,0.9906244331964416,1.0714874883177743,1.2309432505639113,1.4080087045342646,1.369670446106124,1.430585808552867,1.5072245009728396,1.7505060198985396,1.406430347598952,1.5822044793856207,1
1.1949424239407944,1.1964763142327626,1.2130689089578002,1.1320123867450067,1.1315766201860828,1.0829842481801637,1.0749204272015502,0.9484741210771316,0.8017668925825778,0.7873535987306683,0.5650985084640378,0.5967201802600585,0.6030407033552542,0.5406270994641118,0.5653715818579569,0.6772469453963611,0.5428799624355353,0.5524087010973905,0.5043167789115789,0.5593730858756103,0.6151261340157727,0.6074714119613042,0.6651615074481685,0.7250491699660621,0.9553266134422967,0.954327744173307,0.9863839786031986,1.0979036298107125,1.021668538752258,0.9908665398974488,1.0716927911752638,1.2310788688611487,1.4080982503180206,1.3697743058861607,1.4306700226366513,1.507283019281947,1.750506836998367,1.4065269568339542,1.5822531361612462,1.523642007063998,1
1.1965943493208726,1.2131832965776996,1.1321574248017694,1.1317184882461186,1.083144448008298,1.0750816538458088,0.948666710865758,0.8019980341876632,0.787641503316965,0.5654418932489266,0.5970456191589311,0.6033838011580253,0.5409889327655197,0.5657495243814309,0.6776077415755948,0.543268539126427,0.552797622517982,0.5046867503791677,0.5597253839405543,0.6154616390081457,0.6078177876485318,0.6654749777830707,0.7253604343006749,0.9555699708700672,0.9545875534818771,0.9866340456875242,1.0981209318933738,1.0218988630885375,0.9911098617116222,1.071911300198681,1.2312382810787912,1.4081845702855011,1.3698745497647606,1.4307566897764505,1.5073456750313419,1.750497325513699,1.406626272404442,1.5822997387902913,1.5237073753781063,1.6596568746550924,0
1.2132971503861092,1.1322921271141921,1.1318636018906263,1.0832987105543619,1.0752439039884008,0.9488606820124417,0.8022285768630033,0.7878763125292259,0.5657919651375113,0.5973801058767082,0.6037074014582119,0.5413495403123117,0.5661042488143025,0.6779531993054101,0.543668660625623,0.5531833097692365,0.5050896219726804,0.5600796174415871,0.6157980068726733,0.6081553669553548,0.6658047176633566,0.7256569079482391,0.9558152217605766,0.9548311221492214,0.9868844737522177,1.0983384429140284,1.0221383246758653,0.991349015247897,1.072131051444058,1.231410349010696,1.4082930556051416,1.369971506545185,1.4308398706084289,1.5074107312521545,1.750491617690388,1.4067129213080494,1.5823487217909644,1.5237706292888988,1.6596834294149934,1.6789550277648795,0
1.132426225668053,1.1319983779740612,1.0834562772798009,1.0754001883967534,0.9490556799682841,0.8024605274369317,0.7881105142325594,0.5660843767947585,0.5977212304566566,0.6040400327034692,0.5416902568488853,0.5664577693311703,0.6782761735717692,0.5440528846801099,0.5535805210865701,0.5054892086101457,0.5604662964850784,0.6161363138030235,0.6084938099380945,0.6661258386469425,0.7259693872522581,0.9560466283351409,0.9550765846212821,0.9871188112501991,1.0985564337716334,1.022377974250737,0.9915973837699472,1.0723467958423314,1.231583712515656,1.4084135857781823,1.370090980064436,1.4309198620844876,1.5074724640625896,1.7504881435876285,1.40680384567088,1.5823862328813265,1.5238363721112995,1.6597080097214743,1.6789760755539243,1.608590992579964,1
1.1321325500449277,1.083603207137519,1.07555978654283,0.9492442577491865,0.8026935086601518,0.788346126393247,0.5663760462007709,0.5980053517935177,0.6043792915427917,0.542040161415667,0.5667915581091587,0.6785980414593862,0.5444137485903539,0.5539618763263838,0.5059004190922748,0.5608497495227842,0.616506606244629,0.6088341915138363,0.6664478169291203,0.7262734318088062,0.956293030341059,0.9553081997441575,0.9873550276084543,1.0987588529700556,1.0226180228385098,0.991845931858582,1.0725715491258319,1.2317533868752142,1.408535470730378,1.3702226302389713,1.431021809851259,1.5075311303778147,1.7504818626381091,1.4068972394572847,1.5824277783429144,1.5238902451913854,1.6597348268489245,1.6789951687460145,1.6086321196319766,1.6222852589213321,1
1.0837494911350787,1.0757086989965046,0.9494363019346547,0.8029195426154477,0.7885827695734524,0.5666691662514193,0.5982887502716698,0.604661684137729,0.5423967891663403,0.5671344713374956,0.6789008889578287,0.5447733897239743,0.5543199362987447,0.5062955745037873,0.5612447105879714,0.616873732337172,0.6092066185259506,0.6667717375558211,0.7265783270471163,0.9565317025634252,0.9555548135362874,0.9875775291701435,1.098963099355862,1.0228421469031113,0.9920948464731764,1.0727965043026733,1.2319316645065912,1.408654019104977,1.3703556224181068,1.4311357240544182,1.5076110485079635,1.7504729047966263,1.4069870962321698,1.5824716727841877,1.5239482329205742,1.6597506982228396,1.67901646299178,1.6086712196873068,1.6223224781421026,1.672534680672585,1
1.075856958763593,0.9496168805953766,0.8031492200492847,0.7888124146688356,0.5669633231362582,0.5985735936105812,0.6049433579177904,0.5426952752979717,0.5674840690599544,0.6792125769414394,0.5451131615661954,0.5546767821082454,0.5066671225639574,0.5616238475621643,0.6172522492520587,0.6095758714179293,0.6671272281524337,0.7268851685223615,0.956771200136868,0.9557936952853654,0.987814887904815,1.0991540892677747,1.023068133293346,0.9923276947321644,1.0730219121391327,1.232110187971182,1.4087807206240326,1.3704852019481475,1.4312510006370975,1.507702668832158,1.7504829648089013,1.4070737254093288,1.5825124033270312,1.5240086097350523,1.6597704977956547,1.6790269425820092,1.6087126512093688,1.622357684456644,1.6725575605884724,2.0154109048674336,1
0.9497966975371722,0.8033665274527754,0.7890457203144159,0.5672496838198328,0.5988594729468175,0.6052264753525263,0.5429930049690982,0.5677760413684254,0.6795307766199968,0.5454621127686436,0.5550138214474469,0.5070374150255431,0.5619797394338573,0.6176151758236379,0.609956530399763,0.6674796062872739,0.7272230866445835,0.9570126588482585,0.9560334024667085,0.9880446133365733,1.0993594471058337,1.0232805515442034,0.9925624194404808,1.07323162966482,1.2322893336095766,1.408907716738346,1.370623031743999,1.4313629859017727,1.5077956771468737,1.7505038890770832,1.4071825301533767,1.5825501876819623,1.5240656984112915,1.6597925933060798,1.6790413239170852,1.6087427900724218,1.6223951968568953,1.6725784793013116,2.015335940737667,2.037974899272723,1
0.8035829466737962,0.7892665687264989,0.5675399731764127,0.5991376709491535,0.6055106286100794,0.5432921895228165,0.5680672724533761,0.679793656398634,0.5458177818791058,0.555360015069189,0.5073875988216494,0.5623344238031466,0.6179552238827571,0.6103215685895774,0.6678432693742902,0.7275579562790188,0.9572833056574755,0.9562750707382396,0.9882751606526771,1.0995575130513906,1.0235076704155313,0.9927834507365781,1.0734431861932348,1.23245352900717,1.4090355231439464,1.3707611456140067,1.4314830665274632,1.5078855466551446,1.7505262825507606,1.4073033835822748,1.582608534017139,1.5241197471953163,1.6598116892327026,1.679057987973729,1.60877692713587,1.6224215096272943,1.67260161096733,2.0152593682007836,2.0378934962231865,2.151165989628204,0
0.7894865167637944,0.5678164357104236,0.5994197590354386,0.6057871244864889,0.5435924115239126,0.5683599538764439,0.6800558630063238,0.5461153797621244,0.5557129113386106,0.5077470575342239,0.5626693502775596,0.6182941131120396,0.6106636805137556,0.6681915532598243,0.7279039851785417,0.9575511488854531,0.9565459331606394,0.9885076711460656,1.0997563886137716,1.0237272652307585,0.9930193163784561,1.073641381449289,1.232619489711212,1.4091492005975321,1.37090002918629,1.431603448008059,1.5079833168111731,1.7505460208469645,1.4074255914189746,1.5826783237957638,1.5241948952543163,1.6598279629009929,1.6790716933874459,1.608813395108608,1.622451801825885,1.6726138843625162,2.0151843731285624,2.037810507983323,2.1510522860765304,2.062802715485122,0
0.5680918063804098,0.5996882174146108,0.6060675024000514,0.5438847531582566,0.5686536720893522,0.6803194996552546,0.5464122232624088,0.5560079399863943,0.508113292302926,0.5630134116435882,0.618613599420691,0.6110046272678548,0.6685172897698228,0.7282348855402204,0.957829670220584,0.956813991216843,0.9887691112723811,1.0999572345699216,1.0239476780048868,0.9932475646468939,1.0738540565009678,1.2327727428062678,1.4092645615735053,1.3710246066018694,1.4317246639288308,1.508081408915285,1.7505730423362686,1.407544460466697,1.5827495266436384,1.5242816882910402,1.6598640879449025,1.6790826074213074,1.6088467551616898,1.6224844155554594,1.6726300683036093,2.0151008490439906,2.0377290553879015,2.1509371138003366,2.062714227505772,1.9196252641436646,0
0.5999556114894757,0.6063342917100691,0.5441810517405363,0.5689396001884373,0.6805841701572836,0.5467105210255839,0.5563022202613396,0.508420680022806,0.563364163857484,0.6189420789180448,0.6113261248612567,0.6688419114154016,0.7285436316459459,0.9580940226136382,0.9570927289223725,0.989027781335116,1.10018609554433,1.0241700562654792,0.9934766342273011,1.0740593615944285,1.2329397779292903,1.4093679403400101,1.371150885185906,1.4318318563275094,1.5081804168342479,1.7506004526621721,1.4076714854821708,1.5828177400269823,1.5243698748638286,1.659911389891048,1.6791131957754906,1.6088772112472383,1.622513950417652,1.6726485393631458,2.015020765488021,2.037639227063943,2.1508232673796495,2.062624179882202,1.9195776336519361,1.9163965346810656,0
0.6066000224626796,0.5444633790700283,0.5692294549154855,0.6808414536399482,0.5470098561464726,0.5565979530067068,0.5087272904597918,0.5636572058847145,0.6192771630338677,0.61165663410203,0.6691474507848486,0.7288513150821752,0.9583377256993248,0.9573572946101978,0.9892970636542227,1.1004123050621426,1.0244210714944109,0.9937076673216987,1.074265479109762,1.2330999300162888,1.409484326790466,1.3712650250452532,1.431940721749848,1.5082657564990456,1.7506290368499282,1.4077988047870567,1.5828936633915485,1.5244549556534583,1.6599601307402567,1.6791548946201078,1.6089279872239621,1.6225406032241538,1.672664038159041,2.014942734237013,2.0375528083376935,2.1507018141706102,2.0625356218870747,1.9195282961962878,1.9163498255479228,1.9142440483726662,0
0.5447445943419695,0.5695054932661754,0.6811025283332202,0.5473013232078267,0.5568947228504363,0.509035361989707,0.5639495041861632,0.6195556874493622,0.6119937591937861,0.6694618553442481,0.7291402969054437,0.9585805659292099,0.9576012061671023,0.9895523083605452,1.1006488938140069,1.0246693546124273,0.9939675873750761,1.0744735653687683,1.2332608770291258,1.4095943705642606,1.3713923396642411,1.4320376980832086,1.50835273380987,1.7506450793726323,1.4079269332033166,1.5829699293589967,1.5245478949296372,1.6600060359633224,1.6791980388045795,1.6089901158387667,1.622587450280668,1.6726767353020489,2.0148624581314882,2.037468426463803,2.1505836153960827,2.062438856826028,1.9194807137348902,1.9163014061287207,1.9141979534785802,1.821464466114075,0
0.5697804412133787,0.6813504783709615,0.5475967430825749,0.5571836602329273,0.5093444718655699,0.5642432535720359,0.6198335020983368,0.6122741747192304,0.6697827866320091,0.7294379919609352,0.9588061618088254,0.957844254227777,0.9897871097252199,1.100871909680396,1.024928175422757,0.994224742898819,1.074709875778639,1.2334238030778415,1.4097051898477608,1.371513195016381,1.43214758269696,1.5084281358204679,1.7506626473554494,1.4080409275162626,1.5830471908247628,1.5246411607211996,1.6600594547603755,1.679238385693508,1.6090536663238952,1.6226456028484266,1.6727091656703141,2.014779929000479,2.0373818476047263,2.150467375956745,2.062345467328533,1.919423951561267,1.9162547476879124,1.9141501460836756,1.821444847041413,1.6444781349975872,1
0.6815974347182352,0.5478782128240484,0.5574765384697615,0.5096455780378336,0.5645380398557317,0.6201127577032874,0.6125538760545141,0.6700481974416395,0.7297421212751047,0.9590398891929147,0.9580700532674684,0.9900210755803904,1.1010752110440198,1.0251731073268904,0.9944924998066149,1.074943507611654,1.2336136488468388,1.4098179995888618,1.3716348300675325,1.4322511940006926,1.5085161111506025,1.7506696350926576,1.4081566058645631,1.583111131920763,1.5247353599476492,1.660113237436996,1.6792861972193072,1.6091142797542166,1.6227051818541551,1.6727527286237092,2.01471398729878,2.037293051824231,2.150349179666201,2.0622540976804515,1.919370761219922,1.9161988876011755,1.9141041036565938,1.8214234200041561,1.6445090212018731,1.6684523790532069,1
0.5481585734607981,0.5577555276609452,0.5099506825923654,0.5648250212040088,0.6203930487405825,0.6128350196651375,0.6703129291597936,0.7299919638563604,0.9592796968413112,0.9583039856761458,0.9902379965247691,1.1012777736668873,1.0253978291081713,0.9947462407848002,1.075187571960793,1.2338009851971883,1.4099562814652145,1.3717584531118863,1.4323555783216564,1.5085980469159659,1.7506881339559908,1.4082602974535345,1.5831766760204085,1.524815967846,1.6601680976945576,1.6793343779260042,1.6091825362536645,1.6227618510050599,1.6727977347754877,2.014657998223292,2.037220636454544,2.1502289475683822,2.062160583719194,1.9193196887808543,1.916146603772683,1.9140488449611137,1.821403929892866,1.644537917334865,1.6684764239052368,1.8445480261800127,0
0.5580334162883773,0.5102416042447949,0.565115934159482,0.6206657359926813,0.6131171988990032,0.6705790926850036,0.7302411637629798,0.9594699408059669,0.9585439994837273,0.9904629693589584,1.101463997123811,1.0256217463446664,0.9949795724273874,1.0754179571615285,1.233998421725409,1.4100922416453576,1.3719078606284667,1.4324619545664419,1.5086807472996524,1.7507013344834428,1.408377001583308,1.5832309520871126,1.524898205730068,1.6602099959410608,1.6793836566654698,1.6092511426045442,1.6228261284985603,1.672839930879427,2.0146035667106363,2.037158096060347,2.1501240573839544,2.062064892562866,1.919266168278811,1.916096440057613,1.913997165474523,1.8213745932343377,1.644569078421179,1.6684985033538127,1.8445218199229805,1.8336000354734987,0
0.5105313842479031,0.5653930053043448,0.6209422872766707,0.6133917481452095,0.6708462903188064,0.7304917846152275,0.9596596815076923,0.9587344344695902,0.9906939740101479,1.1016579907427795,1.0258288444993795,0.9952120730754916,1.0756284612057367,1.234182841902944,1.4102379331927313,1.3720549059450626,1.4325936171180855,1.508765444547897,1.7507152729954634,1.4084873596471708,1.5832974734739855,1.524968936258502,1.6602534615057956,1.6794200626830613,1.609320772417683,1.622890759605398,1.6728896079012396,2.0145470061817017,2.0370971207550754,2.1500286526442554,2.061985354028897,1.91921024148715,1.9160438214298439,1.913947607575452,1.821348962967647,1.6445891906403391,1.6685228033217259,1.8444938294527407,1.8335769533633945,1.753141581738849,0
0.5656689824896282,0.6212053419291889,0.613670170225879,0.6711060658642916,0.7307434380045347,0.9598508015751024,0.9589243657456901,0.9908760613692628,1.1018578447410898,1.0260439043947476,0.9954275617413357,1.0758382043823835,1.234348420399657,1.4103713439257257,1.3722117622050085,1.432722982071696,1.5088748019157894,1.7507312240395974,1.4085984933425215,1.583358184183411,1.5250521675774906,1.6602859755562576,1.6794580271274542,1.6093772039468444,1.6229564286874265,1.672939652340238,2.0144970570898324,2.037034061250841,2.149934850747737,2.0619156050290792,1.919171780931958,1.9159887913462512,1.9138955901972,1.8213255178271386,1.64461325186553,1.668536217286538,1.8444677331252815,1.8335520757753572,1.7531414594610832,1.7463872281504231,0
0.6214673508833846,0.6139350507109524,0.6713696444016051,0.7309878850126709,0.9600429481633962,0.9591156765207439,0.9910576645451898,1.1020110687958191,1.0262649412493339,0.9956510891521809,1.0760314470199264,1.2345133760411529,1.4104870665306368,1.3723561789481986,1.4328620310478295,1.5089819428894382,1.7507698495029025,1.408711617423833,1.5834196512868057,1.5251294099445027,1.6603303970519225,1.679485118921833,1.6094352263223302,1.6230089628464563,1.6729907880078396,2.014447569605516,2.036977555964891,2.149839189475967,2.0618474293993674,1.9191436026354016,1.9159512571218402,1.9138411579189853,1.8212994163763188,1.644639619423256,1.6685535473933066,1.8444319470639596,1.8335291126211615,1.7531394589191982,1.7463890333124572,1.6187596347955056,1
0.6141988792110399,0.6716200381041303,0.7312360625470115,0.9602287141451162,0.9593080138359638,0.9912406413962136,1.1021638761837351,1.0264377927330879,0.995880640381115,1.0762325242384045,1.2346628376823585,1.4106023194388078,1.3724826586679624,1.4329888936313473,1.509098608347827,1.7508065160770692,1.40885022271996,1.5834831200928117,1.5252074151112243,1.6603692436489383,1.6795240339759896,1.609482088496582,1.6230630815423148,1.6730290212477419,2.014399536723717,2.036921518484972,2.14974979538747,2.0617772188844836,1.9191169499529117,1.9159240162672704,1.9138042412484284,1.8212707515713205,1.644662955195607,1.66857316741422,1.8443998357513578,1.8334963853602,1.7531395219332568,1.746388953260609,1.6187978600974902,1.699329424028866,1
0.6718694297022185,0.7314714254057724,0.960417933238628,0.9594939678978969,0.991424643944753,1.1023180371097943,1.0266101816380002,0.9960613810407201,1.0764395010365624,1.23481973210216,1.4107031953478837,1.372608635644875,1.4330982161698633,1.5092034055872607,1.750852201226167,1.408986505142442,1.5835706358452957,1.5252874182123204,1.6604088381679454,1.6795574328784901,1.609541080883623,1.6231060960002306,1.6730688158725562,2.0143401878426306,2.0368669595204754,2.1496609001993456,2.0617134996284006,1.9190879780016854,1.9158982999498424,1.9137776253551828,1.8212604536013708,1.6446834444225154,1.6685898065109221,1.844369893756519,1.8334673478555463,1.7531292742627396,1.7463909492832572,1.618834068865622,1.6993446577275262,1.7073455799360082,1
0.7317058379139443,0.9605957547077638,0.9596833759607706,0.9916023789013837,1.1024732208197658,1.0267839377744505,0.9962416406673058,1.0765993248739953,1.2349822815959135,1.4108110581375062,1.3727199946138626,1.4332070886727948,1.5092911617782672,1.7508870271158978,1.4091325212454133,1.5836560147196683,1.5253919458449203,1.660450439373284,1.6795915775920915,1.6095943429184327,1.6231611809316628,1.6730977116098242,2.014282242369677,2.0368011889563546,2.1495736034844786,2.061650254998715,1.9190658603850206,1.9158702579506732,1.9137525332811294,1.8212607756962416,1.6447239242858442,1.6686036374227515,1.844337344422954,1.833440487166218,1.7531228266415835,1.7463825887370301,1.6188725902538734,1.6993579577930769,1.7073585261236974,1.7772642731260826,0
0.9607728239514703,0.959861381857437,0.9917835290031541,1.1026225368562315,1.0269587186761022,0.9964232730294414,1.0767587166065558,1.235100940363227,1.4109243046621263,1.3728384366722168,1.4333017275675433,1.5093785341860182,1.7509063943238152,1.4092662519205648,1.5837507618566695,1.5254942746663105,1.6605154558901525,1.6796277302337754,1.6096483584609744,1.6232105771986338,1.6731384586147133,2.014214799214726,2.0367368114042317,2.1494756188853956,2.0615885151965143,1.9190441780629597,1.9158490784736224,1.913725111249999,1.8212625906641933,1.6447756332868455,1.6686372390138435,1.8443022686706196,1.83341099591209,1.7531186109364807,1.7463780374990827,1.6188998880616765,1.6993734211502947,1.7073695469263472,1.7772572671347466,1.7173286629870328,0
0.960038634893658,0.9919534754167223,1.1027751336874596,1.0271273599544404,0.9966059309531503,1.0769194664817052,1.235219263318048,1.4109972807077733,1.3729623210107917,1.4334032961023193,1.509452156170924,1.7509255878410495,1.409382287232303,1.5838339523357774,1.5256060934277687,1.6605784174391602,1.6796871408078937,1.6097043774039836,1.6232607254754168,1.6731736699232738,2.0141577115790454,2.0366630283806293,2.1493789751466514,2.0615156786686586,1.9190238488315556,1.9158283334042219,1.9137045571993567,1.8212618913933383,1.6448287761281264,1.6686819872387155,1.8442853479679588,1.833378960721595,1.7531115939746222,1.7463757228028032,1.6189311701306237,1.6993782082612092,1.7073827161634807,1.7772484076998731,1.7173387603763368,1.5262769472001423,0
0.992122696720068,1.1029172131011165,1.027299373387576,0.9967823399442801,1.0770812398069813,1.235338915695978,1.4110700278008945,1.3730451537507227,1.433510213539955,1.5095325149120895,1.7509325631630857,1.4094978518866583,1.583900590392393,1.5257061128643268,1.6606505863250578,1.6797445168230298,1.6097842281078225,1.6233128780338324,1.6732096277452122,2.0140961320229414,2.0365995024441084,2.1492733885056374,2.061444223713634,1.9189917604174325,1.9158089380037295,1.913684436965063,1.8212682953775707,1.644879053194773,1.6687281773003424,1.8442789678913862,1.833365181025606,1.7531019043369003,1.746370592520462,1.6189647761450232,1.699386869187595,1.7073852636104028,1.777241567111826,1.7173469426525039,1.5263415636009219,1.288204539124598,1
1.1030586633555497,1.0274604027300276,0.9969621578120511,1.0772370540148017,1.235459587368631,1.411144072445831,1.3731277344815764,1.4335773252345454,1.509618105182019,1.7509456635882144,1.4095990325358478,1.5839669095411613,1.5257891993000483,1.6607115194947877,1.6798110600785616,1.6098619698387668,1.6233887506744504,1.673247593082112,2.014035261475375,2.036531553275956,2.1491775651718075,2.0613634647490326,1.9189611195437144,1.9157777684817516,1.9136656641185128,1.821275107690986,1.6449368823263317,1.6687715492057338,1.844274088387287,1.833361979631631,1.7531112083780778,1.74636277875479,1.6189952958124585,1.699397798882459,1.7073916738841892,1.7772245797117014,1.717357254860458,1.5264040683095572,1.288337092483151,1.3556367395101416,0
1.0276207376653064,0.9971308040115269,1.0773961797374743,1.2355748702905776,1.4112191317740534,1.3732116196409285,1.4336442216943646,1.50966545573274,1.7509636233374488,1.409707202862352,1.5840199514103874,1.5258719162981131,1.6607564035797973,1.6798664475842393,1.6099490250080948,1.6234625288246285,1.6733088687102606,2.013976420505343,2.0364643106482228,2.1490776631800563,2.0612928545637246,1.9189205895482848,1.915748047987783,1.9136351071912976,1.821283169066051,1.6449950711677574,1.6688224123810809,1.8442667404936757,1.8333602751584885,1.7531313676073974,1.746374020637372,1.6190229277829422,1.6994058131585115,1.707400347436713,1.7772113592933712,1.717357013096204,1.5264690570461896,1.2884672891895104,1.355750050241684,1.2998576546562768,0
0.9972987295776466,1.0775446311223218,1.2356932731158186,1.4112894353130916,1.3732965204785492,1.4337124116146391,1.5097126372735006,1.7509483093811966,1.4098207586257498,1.584079541160806,1.5259409874973207,1.6608010355856742,1.679905911417579,1.6100246328580852,1.6235455919601003,1.6733681029895502,2.01393809362374,2.036399099049918,2.14897845534754,2.061217896727052,1.918890832923245,1.9157084251775058,1.9136060002838287,1.8212790170855262,1.6450543215039752,1.6688736418521786,1.844266437318831,1.8333560805505895,1.7531529969210817,1.7463961409522262,1.6190707863500797,1.6994110686552546,1.7074061225766355,1.7772003542710422,1.7173606204739293,1.526522193940426,1.2886004111684641,1.355861073704105,1.2999868826516592,1.3018988054659657,0
1.0776924314081247,1.235801980367768,1.4113626461154989,1.3733765289565716,1.4337816156262233,1.5097610984880334,1.7509329729983498,1.4098940212032076,1.5841442475052776,1.5260167536877187,1.6608328777009895,1.6799451398229273,1.6100838597628984,1.6236172645215616,1.6734365178490305,2.013898088004109,2.03635421752756,2.1488812858278004,2.0611436427150562,1.9188562927893402,1.9156795898224876,1.9135669822636532,1.821276357872009,1.6451005395997569,1.6689259582255311,1.8442665488143766,1.8333589584238603,1.7531719762908937,1.7464197290985686,1.6191299625613866,1.6994358115427846,1.7074091517636927,1.7771865991680513,1.7173664842936318,1.5265794418717697,1.288720064009518,1.3559748974599413,1.300113765985098,1.3020274509932765,1.247678417594045,0
1.2359101733667366,1.4114272475234453,1.3734594905780388,1.4338461451027265,1.5098105717990893,1.7509188725703637,1.4099670541578908,1.5841722476077245,1.5260977259919004,1.6608710731356684,1.6799716997762717,1.6101427905270973,1.6236726451324013,1.6734937503544793,2.0138665505579136,2.0363076811298644,2.1488035232950797,2.0610714213300496,1.9188224721412968,1.9156459611297807,1.9135387610886494,1.8212634083906956,1.6451483320072222,1.668965353283088,1.8442679338351036,1.8333622479600353,1.7531982321720074,1.7464406538853285,1.6191905640347115,1.6994715948052115,1.7074315947954901,1.777170209987293,1.7173694708797624,1.5266390770839044,1.2888441542391254,1.3560757101645389,1.3002435529931882,1.3021537539588472,1.247822535591396,1.0375141078618848,1
1.4114914865426162,1.3735336084465772,1.4339135545457316,1.5098556443775706,1.7509057779132384,1.410041384864293,1.584200123964332,1.5261407976675836,1.6609142667691676,1.6800045645716668,1.6101886100556284,1.6237277414185327,1.6735350174638555,2.0138252515437918,2.0362695660235484,2.1487242255929453,2.0610193275467306,1.918790674907404,1.915613052276103,1.9135057400234075,1.8212616604921747,1.6451851108706421,1.669006311606436,1.8442572123038423,1.833366799418913,1.7532248776135562,1.7464688723113813,1.6192482486505066,1.6995088302032588,1.7074650506157438,1.7771725931663127,1.7173697274867017,1.5266954297478046,1.2889707947897322,1.356180867821123,1.300359950026401,1.3022829568159902,1.2479642552379762,1.037718198889925,1.2206610032403435,1
1.3736073311594867,1.433972494028481,1.5099035049401153,1.7508891507778872,1.4101167302829047,1.584229266494557,1.5261837103423517,1.6609223338086587,1.6800423980663517,1.6102409111819498,1.6237698126436653,1.6735760436055334,2.0137702153739787,2.036221782848381,2.1486531140008287,2.060965605144881,1.9187801729070293,1.9155821666288222,1.9134734390326404,1.821254830265948,1.6452338633943397,1.669036354359414,1.84424797290407,1.8333591936713611,1.7532526997094182,1.7464974784424032,1.6193135505493323,1.6995433087740306,1.7074999612453619,1.7771857485187221,1.7173893063463137,1.5267487467355902,1.2890936477234245,1.3562885296188063,1.300480768473989,1.30239878356439,1.2481089752684675,1.0379196753226487,1.220812830996893,1.1991361401563505,1
1.4340310906174627,1.5099433653947982,1.750875019941349,1.4101873159422622,1.584259419167976,1.5262278997056655,1.6609303237292703,1.6800454985544593,1.6102982885673887,1.6238183310663412,1.6736043608935336,2.013715234082417,2.036160409153539,2.1485728033730487,2.060920252448729,1.9187678908699415,1.9155726025457918,1.9134431611097666,1.8212487302627078,1.6452769948126182,1.6690782661884684,1.8442285375702876,1.833353075099475,1.7532679923316363,1.7465272540695989,1.6193792050929832,1.6995852003153715,1.707532130969646,1.777200382001485,1.717419863639046,1.526823138823493,1.2892130840474822,1.3563925468564406,1.3006041292621204,1.3025190289291402,1.2482399508552617,1.0381245416588711,1.22096223260362,1.1992941103034704,1.2661601103799565,1
1.5099829486481742,1.7508543789445363,1.410260810198712,1.5842854392208936,1.5262731007335717,1.6609395659168742,1.6800485335413298,1.610319497865925,1.6238719048148136,1.6736389991516134,2.0136497015733963,2.036099109805974,2.14847963781745,2.0608653345634638,1.9187642760236971,1.9155612550114864,1.9134342223049667,1.8212446473574044,1.6453208758131848,1.6691146298939454,1.8442202031205777,1.8333367158532785,1.7532848091999453,1.7465444689719358,1.6194458938754328,1.6996274666345916,1.7075716933367737,1.7772124134536254,1.7174518790709445,1.5269091668213544,1.2893557797211435,1.356493255380965,1.3007237271553271,1.302641815236583,1.2483754193841217,1.038314235843768,1.22111468466847,1.1994496321531718,1.2662989543936798,1.2750298384438776,1
1.7508336690635926,1.4103256882479547,1.5843141571871049,1.5263139603152849,1.6609498162355312,1.6800528173301972,1.6103405993035131,1.6238895897720798,1.67367861592325,2.0135896287231296,2.0360274012306494,2.148386644274477,2.0607969875063765,1.9187505026998026,1.9155585813764762,1.9134234977725162,1.8212626602004427,1.6453667625233976,1.669151740559335,1.8442068566136038,1.8333315052501935,1.7532910565906499,1.7465632112323646,1.619499431422437,1.6996708525789905,1.7076116326838717,1.777231660245672,1.717481173426223,1.5269965892341497,1.2895109305965111,1.3566166045830246,1.300839927084749,1.3027608429793862,1.2485134659876687,1.0385087110655455,1.2212532087524246,1.1996082443552853,1.2664354190730165,1.275166151369073,1.3187104657712223,1
1.4103902029558972,1.5843353351329126,1.5263575879641287,1.6609562101182354,1.6800581087487696,1.6103629621770044,1.6239071751124554,1.6736833687447987,2.0135340102591766,2.0359610956329126,2.148283953787591,2.0607287362189015,1.918722369740682,1.915545735884837,1.9134214516116623,1.8212787891962203,1.6454361883298527,1.6691908584770079,1.8441942378046672,1.8333212492622235,1.7533088036129307,1.7465713564126983,1.6195545551306656,1.6997014600702889,1.7076527001515232,1.777251303224816,1.717517835108798,1.5270809110973875,1.289667396479092,1.3567521769286295,1.3009792794496138,1.3028764760243974,1.2486476389984635,1.038705908289789,1.2213962628141193,1.1997527823518126,1.266574849882202,1.2753000940862185,1.3188343138796912,1.417131046631136,0
1.584356300204589,1.5263933172421207,1.6609652091315608,1.6800596125459395,1.6103863345081924,1.6239260194299203,1.67368805220001,2.013450520834128,2.0358992099297306,2.1481863819402105,2.0606502319390403,1.9186942090125139,1.9155185097755147,1.9134092246748593,1.8213037893352029,1.6455035431160785,1.6692533199776614,1.8441836375789922,1.833311722169815,1.7533212603205548,1.7465910306895072,1.619598560193058,1.69973361660109,1.7076810262554274,1.7772721484230583,1.7175548765137625,1.5271730847653762,1.289820288945197,1.356889086773081,1.301131046913674,1.303015242777849,1.2487783305548221,1.0388987860594043,1.22154191345296,1.1999018798325243,1.2667006617992358,1.2754369864940145,1.318955836724456,1.4172268091882385,1.323089662053828,1
1.5264287835431762,1.6609671420645242,1.6800636983558623,1.6104056683095425,1.6239458728493177,1.6736939856099955,2.013367168456965,2.035809913459987,2.1480930569612897,2.0605770682688407,1.9186548943112764,1.915491253111281,1.9133826031320698,1.821318224244804,1.6455801367766294,1.669313735812193,1.8441949448520483,1.8333042129562134,1.7533344547245295,1.7466053940902115,1.6196546511089966,1.6997549837443344,1.707710897705471,1.7772805757591368,1.7175930566191682,1.5272655856725834,1.289981636930673,1.3570225571370176,1.301284133271779,1.3031664176061708,1.2489326532769085,1.0390878460960917,1.221683633181823,1.2000535886313513,1.2668309413234915,1.2755603202643155,1.3190802283019776,1.4173203477496108,1.3232122605035257,1.3836190615193324,0
1.6609689283873321,1.6800608361730238,1.6104276684149477,1.6239617365707402,1.6737009268164806,2.013285004470939,2.0357207676218345,2.147974629757471,2.0605082865409146,1.918621279884069,1.915452822156374,1.913355949177126,1.8213176616042737,1.645645431824431,1.6693833407088663,1.8442043926900027,1.8333187005237144,1.7533496618301647,1.7466204959260783,1.6197050426278503,1.6997880852669753,1.7077300125269579,1.7772905162270183,1.7176185415508085,1.5273590228071392,1.2901432467553022,1.357164312022747,1.3014336693591935,1.3033189120093513,1.2490995706654855,1.0393024654987937,1.2218218282263822,1.200201320855379,1.2669637862655327,1.2756881094831487,1.3191913579772816,1.4174165726305403,1.3233325381954097,1.3837243871431335,1.3755286819463837,0
1.6800578438904596,1.6104422899620339,1.6239802501914233,1.6737040575074917,2.0132038393738076,2.035632806123439,2.147856421327183,2.0604126004117957,1.918592266262962,1.915420099586123,1.913318107386438,1.8213169864980254,1.6456945791458502,1.6694417463355569,1.8442226637095862,1.8333313170779997,1.7533875218666712,1.7466376100289924,1.6197561865421592,1.6998157326612282,1.7077608267585107,1.7772899857976188,1.717645567228983,1.5274388808050041,1.2903055405025228,1.3573063472717013,1.3015916314154894,1.3034678601960399,1.249267789544014,1.0395304028180516,1.2219839023140853,1.2003454939537241,1.267092796823583,1.2758184580454714,1.319306883223386,1.4175002042090465,1.3234556765036256,1.383827454289688,1.3756363162618126,1.3683660981960206,0
1.6104567212098264,1.6239914690505652,1.6737097779023926,2.0131200864104826,2.0355458429277484,2.1477393769131217,2.060317079860811,1.9185334281246835,1.9153919827574721,1.9132859793874923,1.8213045397168142,1.6457434612913737,1.6694841600366324,1.844230465151802,1.8333527795609639,1.753423425800636,1.7466774321454617,1.6198093345112425,1.6998441236379687,1.7077862112642725,1.7773008497680143,1.7176618770756884,1.5275203675745639,1.2904531535935948,1.3574491379066516,1.3017498585121263,1.3036252291755683,1.2494323545118076,1.0397595715281305,1.222158664044802,1.2005137435799682,1.2672183554992769,1.2759449910408591,1.3194249378989775,1.4175880964426806,1.3235655826587858,1.3839332698670814,1.375741683775554,1.3684757764448636,1.3531131348727081,0
1.6240025093264687,1.673708511017696,2.0130385124087784,2.035456372325952,2.147623327861166,2.0602227391917336,1.9184746693705703,1.9153339755614438,1.9132584604204779,1.8212980397913467,1.6457794580302394,1.669526329247653,1.8442234190563895,1.8333637271010552,1.7534683428348183,1.7467152910162815,1.6198862313144784,1.6998745238537942,1.7078123384756907,1.7773064968574943,1.7176898427826917,1.5275903577564942,1.2906025051458347,1.3575775598824693,1.301908781881112,1.303782863756156,1.2496054777669166,1.0399846688925003,1.2223347182539623,1.2006947549239275,1.2673673757762023,1.2760680863461136,1.3195392696757298,1.4176784507039888,1.3236798783817108,1.3840262644853345,1.3758498147148845,1.3685831805222153,1.3532271657465933,1.3400497696906981,0
1.6737071085403807,2.012952049226205,2.035369053655654,2.147505175026907,2.060129396180357,1.9184171162059651,1.9152760458058604,1.9132010071859507,1.8212962907224788,1.6458218462177392,1.66955576391607,1.8442162804125857,1.8333597559561092,1.7535024115281115,1.746762177021092,1.619961029898729,1.6999280158460472,1.7078404754419982,1.7773128790047121,1.7177124091541756,1.5276728372344308,1.2907393871984851,1.3577076892507451,1.3020530785108795,1.3039411967722658,1.2497788517283852,1.0402188574882067,1.222507064889548,1.2008770515668332,1.2675289271175465,1.276214561875261,1.319650233654594,1.4177652908649205,1.3237967005350981,1.3841235656971966,1.3759450697347597,1.368693361300325,1.3533389067547423,1.3401675283602397,1.0762588614130726,0
2.012865743796904,2.0352769838761433,2.1473890385289605,2.06003363429544,1.9183605644186763,1.9152193222195049,1.9131436300960536,1.8212627151388325,1.6458692558065753,1.669591529809383,1.8441975153530168,1.8333556828164517,1.7535210386632047,1.7467981866968034,1.6200451207935946,1.6999794948263844,1.7078916388118779,1.777321275405779,1.7177357171393357,1.5277493357816148,1.2908897971038766,1.3578256246893505,1.3021991082327593,1.3040849124932063,1.2499528666636073,1.0404532390567465,1.2226880383244125,1.201055597882803,1.2676917861133077,1.2763735379449412,1.3197841770994956,1.4178489207081975,1.3239098090800756,1.3842233518868976,1.3760446424385973,1.3687906175014528,1.3534534527335682,1.3402829837227457,1.0764518961380862,1.1014949077874092,0
2.035185091154407,2.1472688435509952,2.0599399945999957,1.9183010832068224,1.915163600094346,1.9130874595618654,1.8212291598457682,1.6458812292297504,1.669632280456538,1.8441846391628678,1.833339914368001,1.753539494381136,1.746818710919981,1.6201178065052193,1.7000400987144721,1.7079407976473764,1.7773521280138476,1.7177610355217527,1.5278265968402904,1.2910335013439735,1.3579567938173944,1.3023327160769287,1.3042303603658192,1.2501120134353936,1.040688038870771,1.2228692550437743,1.2012428255817584,1.2678510279072543,1.2765338246274867,1.3199304707643706,1.4179546270354946,1.3240195568342041,1.384319552880818,1.3761467056608447,1.3688922012050666,1.3535549705175707,1.340401268267635,1.0766423561334562,1.1016807410889955,0.9662593886872868,1
2.147148922470826,2.0598417557195776,1.9182438957012364,1.915104937031418,1.9130322905447923,1.8211968277670434,1.6458931163963237,1.6696380838947253,1.844176478543341,1.8333300622905224,1.753545748484903,1.7468390578980972,1.6201741773543448,1.7000896312786795,1.707999064735158,1.777381050030473,1.717809298894325,1.5279058560028878,1.2911779941366437,1.358081462555695,1.302479800938794,1.3043633947021336,1.2502729173403517,1.0409069981278,1.2230510841043305,1.2014302906521885,1.2680187811218164,1.276690511725551,1.3200780896115403,1.418072344882576,1.324152243876437,1.3844124899354204,1.3762451665236375,1.3689962803322753,1.353660836712936,1.3405064358744403,1.0768361342226043,1.1018640256270853,0.9664838131461807,0.8944479920191376,1
2.0597437151382376,1.9181812328915195,1.9150485715425554,1.9129741729144818,1.8211654996157614,1.6459062585552415,1.6696438155089972,1.8441369622001555,1.833324942518977,1.7535581210727451,1.7468471607585543,1.6202302608367267,1.700123372577083,1.708046293715836,1.7774189350266978,1.717855568290186,1.5280096182086889,1.2913244697143254,1.3582069124706304,1.3026202156095104,1.304509897151916,1.250421186130777,1.0411278113490978,1.223217919996593,1.2016183452521596,1.2681867901197814,1.2768556877519792,1.3202221956340667,1.4181914207395863,1.324297266068273,1.384527810937377,1.3763403505019043,1.3690967419046656,1.3537692087776525,1.3406159697999676,1.07701500336487,1.102050581486338,0.9667055496935779,0.8946929087638134,1.0512454860361564,0
1.91811864588619,1.914986710992598,1.9129183554367677,1.8211308920120597,1.6459204092395419,1.6696507978110233,1.8440974800440393,1.8332882437385956,1.753575348956872,1.7468613990701454,1.6202732970722193,1.7001568960272577,1.7080777835250844,1.7774460716399259,1.7179109251961053,1.5281111843898774,1.29149738984848,1.3583343495095423,1.302761417558147,1.3046497356241744,1.2505831595633363,1.0413351305937537,1.2233865254700298,1.2017913070920543,1.2683554596780575,1.2770211219983831,1.3203746798176759,1.4183071792580124,1.3244436149030598,1.3846552587857661,1.376457992654554,1.3691939151318648,1.3538739309285128,1.3407280185410895,1.0771986004324172,1.102222399834553,0.9669308082083283,0.8949350637080299,1.0514456586426257,0.9445860782716802,1
1.9149249234847054,1.9128570297266494,1.8210986957045494,1.6459306493625996,1.6696587880156033,1.8440592169575951,1.8332515725545055,1.753559356875335,1.7468805030028576,1.6203227893616874,1.7001778792365212,1.708109062402732,1.7774579234604317,1.7179552853621103,1.52822223503642,1.2916678621831024,1.358487681186048,1.302904603041622,1.3047903611510854,1.2507383039619149,1.0415570712922018,1.223542385418972,1.201966048430488,1.2685093465844632,1.277187226205073,1.3205274342206184,1.418431066358227,1.3245864596113013,1.3847840534663487,1.3765877894955065,1.3693136122482013,1.3539753403283086,1.3408363896545323,1.077384892968685,1.1023989115142874,0.9671404105176037,0.895180873715203,1.0516432307824177,0.9448166874824585,0.9766507019002493,1
1.9127957752170488,1.8210604234357877,1.64594351279937,1.6696629531477851,1.8440219571989043,1.833216122405806,1.753543343953458,1.7468662492143046,1.6203773423662895,1.7002051161069804,1.7081278514831766,1.7774696246777022,1.7179839712334757,1.5283214972765404,1.2918483136350256,1.358638636376354,1.3030741380488082,1.3049329703441739,1.2508942413459367,1.0417715431793175,1.223712067869643,1.2021279562804459,1.2686649821087863,1.2773385887985749,1.3206809048757717,1.4185552507145596,1.3247376713756644,1.3849094642457864,1.376718930470152,1.3694454887018366,1.354099413559025,1.340941427114557,1.0775669482470045,1.102578101380226,0.9673548915402647,0.895410539681079,1.0518441673759031,0.9450445864814022,0.9768721610671433,0.9796567603654274,1
1.8210221429904758,1.6459492172753396,1.6696697128741749,1.8439815003005824,1.8331816758692785,1.7535285665133367,1.7468519705192371,1.620395934674289,1.7002372905320324,1.7081528740880874,1.7774692760790054,1.7180124547870033,1.5284038436394378,1.2920159901730188,1.3587994305775561,1.303241237580285,1.3051019124151075,1.2510521589072932,1.0419868310402856,1.2238748390405427,1.2023037805312609,1.2688080580462704,1.2774916959233562,1.320819836020372,1.4186802556274234,1.3248891545623551,1.3850430885881975,1.3768466714742857,1.3695787069001248,1.3542357186179066,1.3410692482583189,1.0777452477868767,1.1027531075262837,0.9675721433630843,0.8956451827999427,1.052030025099331,0.9452760476171216,0.977090943014484,0.9798773617157077,1.0480909802393643,1
1.6459547621550652,1.669669460340898,1.8439434270459254,1.8331439931540963,1.7535147947756229,1.7468389285186736,1.6204144252429444,1.7002351474880064,1.7081828219939394,1.777474985367743,1.7180285113644282,1.5284858228381997,1.2921652036791134,1.3589477292855827,1.303418292016949,1.3052684211689634,1.2512368515212238,1.0422040855554413,1.2240384061521326,1.2024726279768123,1.2689647580021541,1.2776322797085249,1.3209604915708408,1.4187911764045746,1.3250413586422483,1.3851770009807627,1.376982646557338,1.3697085109013518,1.3543733603339003,1.3412093461859271,1.0779487512202053,1.1029243983134414,0.9677849245649679,0.8958826458978898,1.0522206450365634,0.9454917053142289,0.9773132276698658,0.9800952889394606,1.048292053023762,1.1188632455862177,0
1.6696690687224114,1.8438994190809541,1.8331087071975236,1.7534974999555162,1.7468268923959893,1.6204341754217169,1.7002329512082925,1.7081786159208774,1.7774855130783518,1.7180507763886328,1.528554172819138,1.292313844603628,1.3590780031815153,1.3035826198270337,1.305444880587031,1.251419053476976,1.0424498290420556,1.224203951702605,1.2026422737175084,1.269114685185601,1.277786448819177,1.3210888022879133,1.4189037762412993,1.3251790434733646,1.385311698414474,1.3771189074680634,1.3698465671446962,1.3545075575569168,1.3413507764134354,1.078165439235626,1.1031206614602047,0.9679937740210849,0.8961154860276064,1.0524139775725396,0.9457122714346585,0.9775199267110027,0.9803167132998106,1.048490522095714,1.1190441226140333,1.1125913458255368,0
1.8438554226884472,1.8330674195386323,1.753482698277744,1.7468113091058197,1.6204549347940143,1.70023200007234,1.708174361437917,1.7774633128075856,1.7180779514534443,1.5286292111722495,1.2924473581788827,1.359207762678798,1.3037285603350044,1.3056086218364946,1.251611318752668,1.0426928596099505,1.2243964926363864,1.2028138965120572,1.2692654033329074,1.2779338721584141,1.3212305077799973,1.419004433452347,1.325318450692679,1.3854321566583698,1.3772559448458994,1.3699849072481047,1.3546500457011945,1.3414887362010985,1.0783833715649631,1.1033300223428577,0.9682288365858539,0.8963442795079926,1.0526030197848948,0.9459356231978784,0.9777314902210349,0.9805225724669503,1.0486923614679362,1.1192224687491716,1.1127740126188808,1.0795618145414785,0
1.8330261340857115,1.753461402563197,1.7467982270492384,1.620471691896448,1.700232056036785,1.7081713506594127,1.7774411062185322,1.7180711761451475,1.5287094516113238,1.2925881581685397,1.3593228191611653,1.3038739383161229,1.3057539890486158,1.2517906411851702,1.0429463901640323,1.2245865143395587,1.203012690228137,1.2694181028467637,1.2780820854913129,1.3213656004722258,1.419118056092738,1.325445530974717,1.3855543094021499,1.3773787056011466,1.3701240162278496,1.3547928135154466,1.3416350200366867,1.078597309504642,1.1035406359567697,0.9684774622799848,0.8965999449470313,1.0527882662355463,0.9461544583604103,0.9779458174148955,0.9807332919822577,1.0488791005406206,1.119404054014908,1.112954142066196,1.0797539067272492,0.8511384830208273,1
1.7534400402188275,1.746778609625222,1.620491103121599,1.7002283970321113,1.7081693467730532,1.7774201307799904,1.718064358436848,1.528751845161722,1.2927345241662573,1.3594449926670182,1.3040042622781873,1.305898795495063,1.2519512372197716,1.0431861070110091,1.224786655497763,1.2032089419498582,1.269597426692445,1.2782322807614896,1.321501478380197,1.4192253655429394,1.325585986928151,1.3856643825694344,1.3775031645838394,1.3702488154449812,1.3549363340412248,1.341781579953656,1.0788202404249847,1.1037473053056532,0.9687272955983238,0.8968694206439645,1.0529989460705584,0.9463693270982706,0.9781556960329066,0.9809467731227408,1.0490706061513295,1.1195710197578057,1.1131375222684798,1.079943427581887,0.8513957586789436,0.883425777646817,0
1.7467589197927327,1.6205031980115123,1.7002272956330573,1.7081636565020806,1.777400160417171,1.7180587826405356,1.52879408129746,1.292838187768817,1.3595726291027632,1.3041418433818155,1.306028560766919,1.2521112257053966,1.0434057316710081,1.2249737418599382,1.2034153578496247,1.2697742794253741,1.2784090280296374,1.3216393410361018,1.419333449443342,1.3257198434127784,1.385787567357291,1.3776155109277126,1.370375316189647,1.3550654742315924,1.3419288787378378,1.079043374961601,1.1039629036405103,0.9689729160425851,0.8971400800128154,1.0532228965675752,0.9466106077915012,0.9783616595320236,0.9811558120647031,1.0492648265210969,1.119742655023575,1.1133062403410754,1.080136260408593,0.8516502279741102,0.8836738397190778,0.8208923392045268,0
1.620515111301859,1.700219370914497,1.708160514233921,1.7773767529901459,1.7180542134770171,1.5288375936486387,1.2929415506352275,1.3596589384286624,1.304284972680326,1.3061655780529304,1.2522558318207906,1.0436245674446984,1.2251419262468777,1.2036086297601656,1.2699611570781388,1.278583313565268,1.3218033994684473,1.4194435244246084,1.3258544846341382,1.3859043369385446,1.3777410041852787,1.3704896750247206,1.3551963229771438,1.3420617367446994,1.0792669688046792,1.1041787125241498,0.9692278084090752,0.89740638387353,1.0534480830354371,0.9468655261996562,0.9785937408023241,0.9813609406976878,1.0494547498749849,1.1199169565811105,1.11347963653411,1.0803142067263432,0.8519084326022949,0.883919128649783,0.8211582459804272,0.8306898630910339,0
1.7002113335274152,1.7081505976980274,1.7773558098081208,1.7180459935271812,1.5288821175959562,1.2930462324631262,1.359744987613135,1.3043856372499352,1.3063081404136818,1.2524078261529428,1.043826698335558,1.2253094797732427,1.2037828598124292,1.2701351684708373,1.2787676055917683,1.321965042362988,1.4195789925489268,1.3259911108852136,1.386021884635642,1.3778600576076945,1.3706172120192308,1.3553149674800062,1.3421963093255593,1.0794749013559706,1.1043950074589486,0.9694828741742555,0.8976821417590127,1.0536692254312863,0.9471216450030074,0.9788393494417864,0.981592159522089,1.0496408724197255,1.1200871112655528,1.1136557033141243,1.080496876441662,0.8521501989750196,0.8841680930720721,0.821421315272187,0.830952974020192,0.7284838752749699,0
1.7081405753517909,1.7773285201988211,1.7180403096211079,1.5289223094929136,1.2931519320720626,1.3598323436516024,1.3044860080986633,1.3064082796749716,1.2525654484421709,1.0440367453797534,1.225461480915396,1.2039564404316916,1.2702905735721088,1.2789390681119506,1.3221366009915252,1.419712149220723,1.326153897199781,1.3861414212572547,1.3779798900309042,1.3707382873744187,1.3554468566811704,1.3423186242786935,1.079684670020274,1.10459575786474,0.9697382826704807,0.8979580533161201,1.0538994242378312,0.9473735078840693,0.9790861691714206,0.9818368953707359,1.0498524572905583,1.1202535783817245,1.113827609915261,1.0806822393637248,0.8523970018697328,0.8844008385759378,0.8216881759553196,0.8312132575461841,0.7287761519690085,0.764111234862269,0
1.7773011845977364,1.7180279125349243,1.528965266300524,1.2932524506972987,1.3599207157192823,1.3045876958165556,1.3065081264441696,1.2526795418026357,1.0442527416422627,1.2256209381425454,1.2041143332160436,1.2704453870710735,1.279091981982166,1.3222955111144206,1.4198550171343935,1.3263142726077894,1.3862866243167724,1.378101710858049,1.3708601425138653,1.3555722378102923,1.3424542409171865,1.079881103043101,1.1047983327562887,0.9699775209265675,0.8982342314998755,1.0541298197893099,0.9476346976475059,0.979328796666531,0.9820828433122095,1.0500773236791712,1.120444858507734,1.1139958189126222,1.0808633720350278,0.8526466544033771,0.8846385763421256,0.8219383929120907,0.8314773143047692,0.7290654960969855,0.7643933448408808,0.6898875690553963,1
1.7180154181793703,1.5290003408607813,1.2933560194276519,1.3600041472571789,1.304690401012749,1.3066092897160417,1.2527933100299027,1.044420922657504,1.2257860646261136,1.2042797361562396,1.2705849345005797,1.2792443119031955,1.3224361564534524,1.4199856443706236,1.3264845546509743,1.3864294804829647,1.378249264101258,1.3709839855963666,1.3556984003920884,1.3425833097164417,1.0800919885012896,1.1049876751365453,0.9702186459768204,0.8984939071847007,1.0543606481385357,0.9478960548558312,0.9795806697331151,0.9823246049898869,1.0503034249864613,1.1206491765990116,1.1141888984627928,1.0810407542528535,0.8528915920880191,0.8848791416357901,0.8221936878524913,0.8317247938944382,0.7293588028866467,0.764672558911521,0.690190859691147,0.7405081091356834,1
1.5290351546984111,1.2934502491184294,1.360090548121028,1.3047879667786428,1.3067114704131875,1.2529084044951477,1.044588652018956,1.2259071111585151,1.2044508412561779,1.2707318237204952,1.2793814315697958,1.322576255532516,1.4200986464261387,1.3266422063347194,1.386582117520136,1.3783944618951118,1.371133619506789,1.3558265499354782,1.3427131613972816,1.080295523094033,1.1051913598635308,0.9704459858593222,0.8987555027500721,1.0545756994634545,0.9481577318262256,0.9798327190529521,0.9825756046161411,1.0505254759561595,1.1208547532146602,1.114395037562067,1.0812433100604404,0.8531324138249026,0.8851150605776856,0.8224518531454269,0.8319773380372173,0.7296348381922213,0.7649556696119182,0.6904911780479054,0.7407969545632654,0.811651492811571,1
1.2935440144050245,1.3601680225706279,1.3048885686900185,1.3068085189584961,1.2530245177942616,1.0447577453535175,1.2260278162930196,1.2045774274035839,1.2708843126460125,1.2795258707458865,1.3227014192286548,1.420211187142506,1.3267816216935646,1.3867223750152873,1.378549457369629,1.371280890393022,1.3559806146968052,1.3428449991991451,1.0804998694226096,1.1053877705480617,0.9706882580341089,0.8990030196816533,1.0547925984260473,0.9484031382778596,0.9800851221163563,0.9828267813214322,1.0507565913358903,1.1210564200628204,1.1146024330937552,1.0814590390834842,0.8534005048733849,0.8853469152338899,0.822705239422412,0.8322327458228488,0.7299160781556424,0.7652217508553035,0.6907955306009359,0.7410828797968911,0.8119200365792852,0.8069754018657381,1
1.3602450903072978,1.3049799028685618,1.306908601204127,1.2531353055991206,1.0449278629818206,1.2261498525164958,1.2047036591949536,1.2709936495784218,1.2796758960691412,1.322833792707752,1.4203094118125925,1.3269204945709696,1.3868447895462985,1.3786920397777866,1.3714379738418867,1.356132300303079,1.3430028587524878,1.080706184898428,1.105584990208031,0.9709228444855889,0.8992657821724377,1.0549960595269516,0.9486504415094195,0.9803214030184142,0.9830783149560561,1.0509879025939912,1.121266971853549,1.11480590640051,1.081676013522126,0.8536825552231706,0.8856057429745609,0.8229544613555639,0.8324833953778971,0.7302002517561066,0.7654929879182829,0.6910823494738824,0.7413727454064258,0.8121857333546667,0.8072452800148521,0.8865060597778023,0
1.3050707826126822,1.3069994282069606,1.2532491920566187,1.045091905698954,1.226272908275728,1.2048312259400973,1.2711026725037595,1.2797829502981262,1.3229716855629592,1.4204145990313437,1.3270444596226614,1.3869667138228146,1.3788167266450748,1.3715826145445866,1.3562938301636367,1.3431583253355361,1.0809406733769051,1.1057841806390707,0.9711582547049774,0.8995206403333152,1.05521408218048,0.9488838710025996,0.9805595659269443,0.983313740337841,1.0512196433067518,1.1214777389642572,1.115018280554396,1.0818890001315389,0.8539657747992295,0.8858784189044822,0.8232312301004442,0.8327298962658772,0.7304794502968147,0.7657671342194591,0.691374425912782,0.7416454212160115,0.8124552386484524,0.8075123063602591,0.8867532428527919,0.8451263660904705,1
1.3070898025216666,1.2533534914905806,1.0452592988311977,1.2263905422003354,1.2049598127801928,1.2712130183486763,1.2798896958596868,1.3230674981939092,1.4205251551785973,1.3271756234566903,1.387074111170324,1.3789409162771973,1.3717093131591291,1.3564428540738853,1.3433236633151109,1.081172489911412,1.1060113382693355,0.9713956269936269,0.8997763301170497,1.0554246778234218,0.9491323273347727,0.9807839861330937,0.9835510463410873,1.0514355923998582,1.1216890105327697,1.1152308683053296,1.0821109713458403,0.8542445528444409,0.8861522748299233,0.8235220622343559,0.8330038540759734,0.7307543366332896,0.7660363810440329,0.6916694624208083,0.7419232852005335,0.8127080374401037,0.8077831498907605,0.8869976559556231,0.8453853573818152,0.8567052579563428,1
1.2534572918484572,1.04541581892052,1.2265113071425968,1.2050829010309736,1.2713243825473246,1.2799977627482613,1.3231630284535212,1.4205956383974925,1.327312299972705,1.3871885552492156,1.3790505280695329,1.3718355083583709,1.3565738367719595,1.3434764412133333,1.081414725930682,1.1062358506441643,0.9716620693457813,0.9000339773492985,1.0556360879382358,0.9493730319662462,0.9810232933009143,0.9837746219265773,1.0516533905840453,1.1218848179325407,1.1154439538672232,1.0823331470837583,0.8545328947406029,0.8864217533545586,0.8238140535061085,0.83329184155834,0.7310576176039748,0.766301372670793,0.6919594419873283,0.742204074587488,0.8129659268828063,0.8080372551530742,0.887245738841028,0.8456415361241573,0.8569609450651736,0.8830175474848793,1
1.045571660128824,1.2266223197386819,1.2052091460847223,1.2714304871548832,1.28010684776014,1.3232598721972633,1.4206658984950242,1.3274069855785335,1.3873084194836798,1.3791672069164318,1.3719470806454381,1.3567043028939267,1.3436110930048455,1.0816433087906003,1.1064707300698788,0.9719257234233551,0.9003212802768797,1.0558494655907913,0.9496145627363213,0.9812549463784243,0.9840130713602399,1.051857738015271,1.1220824418157815,1.1156415462413904,1.0825557856285468,0.8548213784109809,0.8867007138545845,0.8241015431711697,0.8335809914464569,0.7313752799740503,0.766594432060445,0.6922450475926611,0.7424799144240009,0.8132266930064949,0.8082964574764597,0.8874776237332669,0.8459014613424053,0.8572138315388813,0.8832657260507544,0.8815330741687417,1
1.2267328101440793,1.205325507079202,1.2715396682752766,1.2802107048091547,1.3233577329295279,1.4207374544052105,1.3275013914493348,1.387387527310073,1.3792893182860142,1.3720657379796095,1.3568200501205518,1.343745216948709,1.0818520512530159,1.1066920609075752,0.9722000255357115,0.9006057189853024,1.0560912202335255,0.9498580541810752,0.9814874220872098,0.9842438758545661,1.0520766607602,1.122266904165563,1.1158409579887423,1.082762778163736,0.8551100828093863,0.8869798249983597,0.8243986733867007,0.8338656591880329,0.7316940706596401,0.7669017502430838,0.692559401942799,0.742751461295947,0.8134826605098523,0.8085585396831799,0.8877144966653541,0.8461449074631245,0.8574704430281185,0.8835111310550332,0.8817816763477596,0.947035459243307,0
1.2054413274675144,1.2716393754637205,1.2803176277456767,1.3234505214580148,1.4208100247470443,1.327597110017979,1.387466391840621,1.3793705082435646,1.3721898387853289,1.3569429207100032,1.3438645397926683,1.082060038259491,1.1068937153485763,0.9724602186807267,0.9009009549337322,1.0563302764792426,0.9501307924381645,0.9817218605338915,0.9844755026513557,1.052288146891668,1.122465633095191,1.116027182571751,1.0829716052901346,0.8553820843233265,0.887259191087643,0.824695937067632,0.8341599426350813,0.7320081761939358,0.7672102086245436,0.6928882705159308,0.7430512924830335,0.8137344488833365,0.80881581334928,0.8879541950154343,0.8463933983472872,0.8577106540786262,0.8837602123075119,0.8820275034377607,0.9472653694923998,0.9376090536858341,0
1.2717385993879906,1.2804151310251268,1.3235463235476048,1.4208778738393044,1.3276938454613783,1.3875465582009205,1.379451450034796,1.3722728720975272,1.3570712580869777,1.3439910188148656,1.0822515641943933,1.1070946361082061,0.972699856577661,0.9011817843478641,1.0565798041809484,0.9504007194999328,0.981985284301488,0.9847090923794681,1.052500447840058,1.1226571408546584,1.1162277010948691,1.0831671102729783,0.8556560256722346,0.887522003680135,0.824993389422284,0.8344543622389745,0.7323321566122016,0.7675140526188934,0.6932182545309947,0.7433654636898491,0.8140138688507973,0.8090689004034142,0.888189253548539,0.8466447429876863,0.8579558940201454,0.8839930718683402,0.882277009527292,0.9474925720499016,0.9378416538783835,0.8914419335539593,0
1.280512158628851,1.3236329732668646,1.4209486185915423,1.3277855243166095,1.387627739863478,1.3795336951084123,1.3723556529314742,1.357158216884981,1.344122984593499,1.0824509089551042,1.1072792546005308,0.9729386441071495,0.9014415918351468,1.0568155750746575,0.9506813396279309,0.9822459307839005,0.9849716429136746,1.0527147161232109,1.1228494556897628,1.116420979355054,1.0833770532825242,0.8559157113977567,0.8877867412315479,0.8252739989488451,0.8347489808998239,0.7326562451106513,0.7678276811517676,0.6935434767335651,0.7436807672227951,0.8143073840083253,0.8093496619533855,0.8884202527246325,0.846891360024426,0.8582039797882759,0.8842309242510955,0.8825102838407116,0.947723332204484,0.9380715366802224,0.8916877081152491,0.7346073277040371,1
1.3237191846811216,1.4210108132202113,1.327880211486966,1.3877040807773493,1.3796169556944666,1.3724397383338522,1.3572449140223273,1.3442133053647465,1.0826561437081474,1.1074716285252557,0.9731602783652867,0.9017004869935258,1.057031343017122,0.9509477609802659,0.9825172037106752,0.9852314193417724,1.0529573871219715,1.1230437424135131,1.1166150653769151,1.0835796554813983,0.8561908316140032,0.8880373551055458,0.8255565622459815,0.8350268020640146,0.732980424350032,0.768141427551897,0.6938786716943387,0.743991409487359,0.8146020552214617,0.8096445347855147,0.8886781967244433,0.8471338514935739,0.8584473625172719,0.8844716044408977,0.8827485530109854,0.9479383055598158,0.9383049945500892,0.8919307177830534,0.7348978569938617,0.779512645517195,0
1.4210726537470706,1.3279657730837935,1.3877833574962648,1.3796953466826583,1.3725248394347456,1.3573329184667835,1.3443033566110867,1.0828143534163808,1.107669853866003,0.9733900077699135,0.9019417769889977,1.0572463339212055,0.9511934862367677,0.982774410728893,0.9855018159684322,1.0531973563876484,1.1232658546953027,1.1168111228838533,1.0837830690548191,0.856457915658533,0.8883032626215763,0.8258247463151727,0.8353065724846697,0.7332873332034967,0.7684553024501773,0.6942139641326355,0.7443118961443052,0.8148922064734462,0.8099405621135681,0.8889499783131591,0.8474036674338555,0.8586866382057624,0.8847076374128738,0.8829896510049245,0.9481581839808402,0.9385226015843753,0.8921773880852583,0.7351854600182338,0.7797903605094505,0.7184636803910422,1
1.328050900122216,1.3878538790279518,1.3797766831676157,1.3726050453969916,1.357421939006013,1.3443947175100723,1.0829721347954753,1.1078215688531967,0.973625795314199,0.9021913425224969,1.0574447063506625,0.9514383424253114,0.9830111300287739,0.9857581591428268,1.0534478036635488,1.1234853400896472,1.1170350570970367,1.0839884519880123,0.8567258360632451,0.888561232254129,0.8261084968195526,0.8355720037161569,0.733596238403809,0.768752071804113,0.694549306408208,0.7446324941845718,0.8151920217092508,0.8102320601926706,0.8892229409248057,0.8476874633652712,0.8589531321322084,0.8849396054459603,0.8832260986317396,0.948380846367234,0.9387451266061414,0.8924078939251314,0.7354770143550527,0.7800651954407212,0.7187588164737945,0.7331599662208029,1
1.3879240177868322,1.3798492149593886,1.3726882054362886,1.3575060100166332,1.3444870948432048,1.0831312731910354,1.1079728707035528,0.9738123143653172,0.9024470759679476,1.0576509604399833,0.9516659089576626,0.9832470079272085,0.9859940341342748,1.0536844810600356,1.123715156448032,1.1172563577898893,1.0842219809878262,0.8569957111296955,0.8888200347151816,0.8263841190776013,0.8358529586425402,0.7338903867377068,0.7690508210899479,0.694867199719496,0.744953195708831,0.8154919678719339,0.8105332341134328,0.8894915322538,0.8479724265176521,0.8592335662027071,0.8851985503089139,0.8834584789443976,0.9485989973492817,0.9389704420488052,0.8926433810387199,0.7357513388061886,0.7803438984566969,0.7190510096803974,0.7334509085334417,0.7408050037989109,1
1.379921357056675,1.3727625169537343,1.3575930533763119,1.3445744760655718,1.083291434873784,1.1081255250392266,0.9739983388667367,0.9026520763208481,1.0578631427575667,0.9519016250802541,0.9834657979442847,0.9862290703180117,1.053901135005177,1.123931496188082,1.1174880024781433,1.084452841536728,0.8572955950864878,0.8890807939155176,0.8266605810042472,0.836125815147989,0.7342005046254636,0.7693349591049226,0.6951871071604921,0.7452566824812047,0.8157920929150587,0.8108345376765205,0.8897695977470679,0.8482529361977292,0.8595151713562458,0.885471344765983,0.8837178497065609,0.948813185825849,0.9391912260890801,0.8928816901900445,0.7360308595210964,0.7806056766419482,0.7193471841201641,0.7337389230913932,0.7410937645038643,0.7918708858740395,1
1.3728364326487839,1.3576711548795166,1.344664845286015,1.0834456598038058,1.1082792020064804,0.9741857401350945,0.9028565388930159,1.0580277898804777,0.9521434324727465,0.983692657004682,0.9864470375367804,1.054117009190116,1.1241282724025798,1.11770614455901,1.0846941147077238,0.8575925690218874,0.8893712986988621,0.8269389956464254,0.836399510250352,0.7345022129591715,0.76963491125451,0.6954921000065566,0.7455621600603809,0.8160753323743103,0.8111360151644147,0.8900478147302592,0.8485430249745511,0.8597923460358405,0.8857453190824089,0.8839910751714397,0.9490537637853838,0.9394080325409262,0.8931153699958098,0.7363133096794954,0.7808725895344243,0.7196260190057294,0.7340308916443384,0.7413796053203456,0.7921450742868813,0.906212443049527,1
1.357748847510735,1.344746192713763,1.0836031887353723,1.1084270322092644,0.974374167548325,0.9030623911259026,1.0581919936159982,0.9523355293431107,0.9839255583203751,0.9866730662475969,1.0543162450498953,1.1243243299217338,1.1179046823553007,1.0849217484059104,0.8579004301830809,0.8896589276064384,0.827247665840413,0.8366751586986748,0.7348047710693942,0.7699265623060361,0.6958132307773301,0.7458529299116421,0.8163605298617643,0.8114205854329795,0.8903262899233848,0.8488332538740208,0.86007907044991,0.8860149151871896,0.8842654800005378,0.9493079710306523,0.9396513149604425,0.8933449983423282,0.7365907977689929,0.781142401117679,0.7199100722848998,0.7343056204792507,0.7416693859624697,0.7924163953545132,0.9064540026600462,0.9816979111751166,0
1.3448271200932334,1.0837500817075842,1.1085781361825355,0.974556265965894,0.903269271369255,1.0583575588591514,0.9525271186162702,0.9841094030745947,0.9869051326185903,1.0545233704937143,1.1245041944682848,1.1181024960446264,1.0851295631714055,0.8581937053471143,0.8899573766552887,0.827553394026015,0.8369809827986507,0.7351092759490722,0.7702190592370484,0.6961258345000684,0.7461596168627668,0.816631310357426,0.8117071158842086,0.8905882258716468,0.8491236971299868,0.8603659381674256,0.8862939943025687,0.8845355036694829,0.9495633794880949,0.9399082591053038,0.8936015262272667,0.7368639834522356,0.7814073458982991,0.7201970660632888,0.7345855475619889,0.7419419788215371,0.7926915616020256,0.9066928125749131,0.9819179300573252,0.9056557655559754,0
1.083896328946641,1.1087187586186986,0.9747418001568541,0.9034695665474194,1.0585241480393173,0.9527200885478242,0.9842927595347687,0.9870882037369211,1.0547364289878347,1.1246917708176545,1.1182840772938178,1.085336625330867,0.8584656771299716,0.8902413734967735,0.8278700722809553,0.8372838752516718,0.7354447899843068,0.7705135052299794,0.6964392922211023,0.7464579308637382,0.8169176976001437,0.811979210234229,0.8908520853596205,0.8493974096844725,0.860653032512534,0.8865732239495538,0.88481501411342,0.9498145368882852,0.940166401318214,0.8938718747150147,0.7371655075886807,0.7816680601245053,0.7204790635241596,0.7348684050794215,0.7422197594485554,0.792949886971955,0.9069352557484438,0.9821352769132099,0.905897484021423,0.8652409795241331,0
1.1088587569122688,0.9749160252891382,0.9036733835241173,1.0586847112725126,0.9529140851873031,0.9844774908961146,0.987270788370878,1.0549018879508756,1.1248851720334687,1.1184733861009548,1.0855272472034319,0.8587366992149216,0.8905042767816446,0.8281720392069163,0.8375976974173494,0.7357772642840242,0.7708386698324442,0.6967546942280893,0.7467570933259775,0.8171959284657583,0.8122669317300814,0.8911018337581282,0.8496730648439488,0.8609234497296728,0.8868527081094122,0.8850946746811685,0.9500750149596012,0.9404202737508485,0.8941434058720267,0.7374813920515405,0.7819567008098565,0.7207567327477419,0.735146297457387,0.7425004652746826,0.7932133301083404,0.9071616348000342,0.9823561171226127,0.9061364522184358,0.8654942308573931,0.7950253916708314,1
0.9750895105788157,0.9038654520200111,1.0588486084715663,0.9531016755470882,0.9846632481323763,0.9874547473662668,1.0550669016274885,1.1250324171244175,1.1186685293618839,1.085725679604727,0.8589898436008171,0.8907662582272485,0.8284525061919101,0.8378968488523302,0.7361208806536017,0.7711608323773219,0.6971014201488249,0.7470582033313783,0.8174750000107619,0.8125464826139823,0.8913668623613795,0.849934439810789,0.8611958042169439,0.8871156368836697,0.8853745881885727,0.950335661148667,0.9406834907585077,0.8944105755501742,0.737798406872358,0.782259547286468,0.7210628885380926,0.7354198851132119,0.7427762221802277,0.7934796634721545,0.9073929748778146,0.9825614060049395,0.9063790547058613,0.8657446903381972,0.7952986799057449,0.8385946834994659,0
0.9040567192354484,1.059001716651568,0.9532927276434081,0.9848427134269653,0.9876397321584771,1.0552332773781274,1.1251792595344066,1.118817388582032,1.085929996949396,0.8592513723190159,0.8910105651498463,0.8287319973815349,0.8381745640172453,0.7364494027785812,0.7714940629677621,0.6974450655162853,0.7473902244330533,0.81775602367669,0.8128268746887573,0.8916239624580767,0.8502112754953517,0.8614539258301341,0.887380490804936,0.8856379394419772,0.9505966296956108,0.9409468732944206,0.8946872068759869,0.7381107487044755,0.7825635390989549,0.7213834602108847,0.7357218245013865,0.7430476865962595,0.7937411562512405,0.9076271268779761,0.982771552437409,0.9066055892896735,0.8659988590143816,0.7955691040412168,0.8388555386886386,0.8282775939523106,1
1.059154157698357,0.9534723380595929,0.9850256020468627,0.9878184357282038,1.0554006771477302,1.1253274513112175,1.118965841345487,1.086087356613258,0.8595191351529214,0.8912631752984747,0.8289934205405197,0.838451311840448,0.7367558244302251,0.7718123469437225,0.6977999331465947,0.7477192185155123,0.8180673782548024,0.813109218583571,0.8918818950463435,0.8504800567062496,0.8617274576497918,0.887631219380505,0.8859032165263467,0.9508413390566519,0.9412105681982806,0.89496399104764,0.7384329498924397,0.782862947115099,0.7217051568570111,0.7360381291968608,0.743347432603504,0.7939984382500144,0.9078566808680941,0.9829844590972038,0.9068370856627732,0.8662366852374898,0.7958433675099923,0.8391135746081592,0.8285413932528257,0.7955820691643831,1
0.9536511900906885,0.9851972451937148,0.9880005590221864,1.0555620397218304,1.1254766652683952,1.1191156446018873,1.0862442899363856,0.8597352815932534,0.8915219702078252,0.8292633040106725,0.838710053286432,0.7370611905531508,0.7721087619768989,0.6981395465996783,0.7480593296846308,0.818375781051816,0.8134219315247344,0.8921417845720963,0.8507496749349535,0.8619929702439806,0.887897243378952,0.8861543621985376,0.9510879440690916,0.9414579603019055,0.8952410386601757,0.7387552608427406,0.783172100614184,0.7220221484494165,0.7363555637675336,0.7436615176087576,0.7942835333244447,0.9080822070328766,0.9831929278887626,0.907071394339486,0.866479528650778,0.7961008115306654,0.8393753691094389,0.8288023626681167,0.795855198544368,0.9014250166049836,0
0.9853681573881922,0.9881714552375387,1.0557267400406707,1.125620094394198,1.1192664702015926,1.0864025796829309,0.8599508641801825,0.8917298072256504,0.8295394678313737,0.8389772304320254,0.7373479071415739,0.7724041522219255,0.6984568087546621,0.7483843964343164,0.8186951531182199,0.8137316877395707,0.8924313945607325,0.8510212474385423,0.862259318589441,0.8881553282511963,0.8864208097694083,0.9513206853528455,0.9417072524000506,0.8955015698652737,0.7390776690234946,0.7834813762113936,0.7223490403354488,0.7366683224747114,0.7439767350391692,0.7945827916610391,0.9083344972206784,0.9833974896373366,0.9073011038251687,0.8667252120451208,0.796363368993574,0.8396206401415596,0.8290671097869124,0.796125464397694,0.9016679423678883,0.8758920755674194,0
0.9883416230723329,1.0558806320376786,1.125766776484407,1.119411488605194,1.0865618926308576,0.8601678442040798,0.8919370998272819,0.829763398385893,0.8392506729514824,0.7376433161729112,0.7726811171267097,0.6987729820786451,0.7486874408522276,0.8189997755640828,0.8140524229394864,0.8927181319311716,0.8513228778621146,0.8625276219548372,0.888414245996594,0.8866793136950768,0.9515684427905196,0.9419426422473531,0.8957640223359291,0.7393828351504778,0.7837907966288858,0.7226760375490511,0.7369909442080196,0.7442872917909003,0.794883199455531,0.9086005571807183,0.9836281228503241,0.9075267845947904,0.8669662105087931,0.796628814523597,0.8398709648908032,0.8293152633495421,0.7963995685525748,0.9019081135092097,0.8761422874763799,0.8445325767640157,1
1.0560338542026535,1.1259030833163481,1.119559767486509,1.086715280603932,0.8603858533635832,0.8921457840686777,0.8299867468785895,0.8394720820260686,0.7379451468121662,0.7729666849778313,0.6990702629910104,0.7489894401163623,0.8192828380157416,0.8143583891424081,0.8930156830428674,0.8516215919061434,0.8628258888127592,0.8886751204550074,0.886938650656275,0.9518084559838434,0.9421930893699177,0.8960123838881695,0.7396899948029892,0.784083182761671,0.7230031148843662,0.7373136753060647,0.7446076921821349,0.7951790480000063,0.908867804736643,0.9838722660632329,0.9077792344947958,0.8672031155897476,0.7968894261611504,0.840124147869405,0.8295684847720386,0.7966568570410261,0.9021519267822354,0.876389718492126,0.8447917375006174,0.8654265386886504,0
1.1260387808650836,1.1196976327310857,1.0868719686218393,0.8605971230221687,0.892355496606886,0.830211498238968,0.8396929149370197,0.7381928595069633,0.7732586199761979,0.6993763333009146,0.7492728655115573,0.8195649166986965,0.8146427649627408,0.8932987947110514,0.8519312056675664,0.8631212515364651,0.8889657438256025,0.8871999442349695,0.9520492950478475,0.9424357635524854,0.8962760041131119,0.7399824226133221,0.7843775417303098,0.7233128754720735,0.737636502100676,0.7449282040382487,0.795484610688846,0.9091307201513547,0.9841176220497819,0.9080454560827644,0.8674671605957377,0.7971458320658349,0.8403725893874361,0.8298245714893927,0.7969192582086154,0.9023796434109325,0.8766408389624575,0.8450480850772485,0.8656797370702675,0.8551465609743983,0
1.119834883326567,1.0870180408915389,0.8608119663611178,0.8925585847762115,0.8304372795207192,0.8399151489565011,0.7384399345093051,0.7734971636530567,0.6996888842177984,0.7495649531445717,0.8198288692006251,0.8149261529796699,0.8935608328403676,0.8522262085192467,0.8634274899196686,0.8892534908887028,0.8874909988319298,0.9522920949441376,0.9426792646368223,0.8965317108571735,0.740290793264831,0.7846573523678334,0.7236246370233326,0.7379420801448275,0.7452488196929988,0.7957902988707007,0.9094030597580153,0.9843587958267335,0.9083128650809412,0.8677451163713298,0.7974300221044445,0.8406168948866983,0.8300758948585543,0.7971845470620871,0.9026123276284597,0.8768756893357237,0.8453081802303175,0.8659301437903563,0.8554026928770292,0.8542929888176195,0
1.087163470253907,0.8610147962034367,0.8927652079479297,0.8306562134479792,0.8401384126428248,0.7386884289713254,0.7737350910854148,0.6999465300153622,0.7498634440050269,0.8201013052268964,0.8151913853900761,0.8938219517881948,0.8524998689189704,0.8637191653729176,0.8895520589412724,0.887779175551482,0.952564121677724,0.9429247259468975,0.8967882495529039,0.7405907730031639,0.7849529099535246,0.7239216007594275,0.7382496523813648,0.7455522219695432,0.7960961449698739,0.9096755562680731,0.9846092023762203,0.9085759408322145,0.8680242460770039,0.797728364549443,0.8408885847835027,0.830323065700838,0.7974450032040759,0.902847827046963,0.8771155422985674,0.8455517922520733,0.866184259361909,0.8556560225407454,0.8545493642978074,0.8187027410632238,0
0.861216787712084,0.8929600151926567,0.8308787572884146,0.8403548639112749,0.7389379557554041,0.773974431580537,0.7002035148851864,0.7501080621562698,0.820380035729453,0.8154651130712507,0.894065415596478,0.8527725744333159,0.8639895736216393,0.8898361730948814,0.888078176344849,0.9528333398063469,0.9431994909679043,0.8970467455037219,0.7408916018482099,0.7852402133257742,0.7242345777610444,0.7385424868609038,0.7458576149160987,0.7963850139637599,0.9099483318725277,0.9848597865654619,0.9088484421870845,0.8682989622626534,0.7980278575045067,0.8411742771492818,0.83059771559715,0.7977012545039209,0.9030787182989366,0.8773582279482272,0.8458004498512433,0.8664220337409433,0.8559130801088879,0.854802936660814,0.8189692726685099,0.7325661768943481,0
0.8931540117269314,0.8310891025526158,0.8405749133561369,0.7391803056691667,0.7742148034721521,0.7004619261446796,0.7503520498537422,0.820606344498,0.8157451423766737,0.8943171748930668,0.8530273644158255,0.8642590369756676,0.8900991910389224,0.8883627170880004,0.9531132459120293,0.9434714374149952,0.8973349216646931,0.7411943778567281,0.7855283608928572,0.7245391147053659,0.7388512704955259,0.7461483013480356,0.7966758500995644,0.9102046594101125,0.9851107298472104,0.9091211002924285,0.8685832065375144,0.7983227974751326,0.8414611345574199,0.8308864034672077,0.7979852848303269,0.903305574065337,0.8775962512634302,0.8460519616132972,0.8666648250557918,0.8561537266496163,0.8550602385102617,0.8192329645367101,0.732857288652244,0.6838754521250395,0
0.8312985836062213,0.8407828241769307,0.7394263761951252,0.7744481255356969,0.7007213707289273,0.7505974548519343,0.8208320656416611,0.8159726545788253,0.8945751142417989,0.8532905538331857,0.8645106576609946,0.8903612867914606,0.8886261519744776,0.9533789633916195,0.9437540914247412,0.8976202304274304,0.7415281130832057,0.7858184585128716,0.7248445025222415,0.7391516588109474,0.7464549035846754,0.7969521884077115,0.9104629014078909,0.9853455743201682,0.9093940369022128,0.8688675964606407,0.7986274435907866,0.8417435255198203,0.8311762529384167,0.7982834656473967,0.9035592377780901,0.8778301982384596,0.8462987445119725,0.8669104562246174,0.8563994042180297,0.8553011235337301,0.8195004518544956,0.7331454720444843,0.6841804583940185,0.6537035319745458,1
0.8409898791693473,0.7396596826869171,0.7746851255322971,0.7009735008137592,0.7508438918598066,0.8210591913122037,0.8161995763410468,0.8947821585216149,0.853559986556491,0.8647706486947847,0.8906057054521,0.888888663388595,0.9536240006931018,0.9440225177479258,0.8979163426759749,0.7418588150500599,0.7861391491417952,0.725151836463817,0.7394528963913988,0.7467531337749621,0.7972442197529752,0.9107071128487444,0.9855822984741472,0.9096505228694778,0.8691522220573605,0.7989322160660193,0.8420355121422974,0.8314616154717599,0.7985827971602084,0.9038266877383169,0.8780911874176198,0.8465414008929489,0.8671514028564349,0.8566479286805041,0.8555470407549667,0.8197512805713386,0.7334376105322508,0.6844824861979526,0.6540171481806518,0.6746346057320838,0
0.7398920459085544,0.7749095795026082,0.7012293977465224,0.7510831948741207,0.8212873471441876,0.8164279034697447,0.8949886602395914,0.8537776802686001,0.8650368653348014,0.8908584283642518,0.889133488369386,0.9538681710400401,0.9442702026338775,0.8981980359339303,0.7422006463638482,0.786456854000987,0.7254902612770183,0.7397560810421911,0.7470522123940412,0.7975280345054679,0.9109665185280708,0.9858053005517826,0.9099089235534199,0.8694202100194038,0.7992371498016575,0.8423276370931257,0.831756599827715,0.7988775767942727,0.9040953236976089,0.8783660507121762,0.8468113871929145,0.867388256402443,0.8568917467970811,0.8557958054548198,0.8200071902733288,0.7337125052681995,0.6847885593410463,0.6543277548768929,0.6749422489928767,0.6337744777054004,1
0.7751331206835586,0.7014722944699185,0.7513262040964207,0.8215086226700979,0.8166572608813645,0.8951965530442659,0.853994806507964,0.8652515791160804,0.8911173366611541,0.8893866213307133,0.9540950671441407,0.9445170124318432,0.8984586877296462,0.742527408806965,0.7867855949056544,0.7258256357577844,0.7400902367143749,0.7473532385753858,0.7978126921010122,0.9112180556905611,0.9860431675733626,0.9101532914055065,0.8696901313188313,0.799525121027356,0.8426199694782935,0.8320517196778485,0.7991820611617175,0.9043596180067509,0.8786420914894282,0.8470953555274541,0.8676522481710318,0.8571314553791216,0.8560398619979291,0.8202659718273666,0.733992599065945,0.6850770579619873,0.654642462833082,0.6752469042804323,0.6340937809179483,0.645910047064824,0
0.7017142149023001,0.7515565228622129,0.8217335191790857,0.8168797213126159,0.8954054740657299,0.8542133312637753,0.8654657323951996,0.8913252787406433,0.889645941945986,0.9543301066855923,0.9447464886689069,0.8987184246027229,0.7428321105710598,0.7870994530151115,0.7261721731277442,0.7404213575962695,0.7476851734317876,0.7980993005446864,0.9114704231890772,0.98627339586923,0.9104128559244917,0.8699458546264462,0.7998150579415662,0.8428955409410263,0.8323470360284598,0.7994866720416639,0.904633348648011,0.8789137399021979,0.8473804908849039,0.8679301500706477,0.8573983964997377,0.8562798076407232,0.8205199697202392,0.7342756237050325,0.6853708223903363,0.6549393913004395,0.6755556220341791,0.6344100541150121,0.6462258872399297,0.6315848795640977,0
0.7517859086451183,0.8219461605660459,0.8171058083285819,0.8956077817021721,0.854432885311382,0.8656812821117691,0.8915326761581808,0.8898542660678892,0.9545712337527738,0.944984132022624,0.898960537396502,0.7431357620899716,0.787391542270513,0.7265035747321352,0.7407636108323352,0.7480140815829563,0.7984164012141179,0.9117247488930981,0.9865044462442942,0.9106645502320163,0.8702169509046674,0.800090509919392,0.8431730580181567,0.8326255437212646,0.7997914447719724,0.9049072348775307,0.8791948893946555,0.8476611715906468,0.8682092259622378,0.8576792831284369,0.8565469936533849,0.8207697997657589,0.7345536819449335,0.6856675510051176,0.6552416269351002,0.6758467024900003,0.6347304655086333,0.6465387098862131,0.6319048076060312,0.5334611933674119,0
0.8221579298364546,0.8173196116089865,0.8958136206510394,0.8546456784196917,0.8658978608193251,0.8917414652887806,0.890062044634176,0.9547627002531546,0.945227877311457,0.8992109332795817,0.7434208026077693,0.787682620026656,0.7268128107452232,0.741090789200256,0.7483541062039155,0.7987305291833497,0.9120086343517334,0.9867374596820202,0.9109170749364575,0.8704800539416669,0.8003816411732553,0.8434362682101328,0.8329060017819624,0.8000792575679907,0.9051813951278206,0.8794761874613047,0.8479514328988919,0.8684838887023667,0.8579613403202812,0.8568281281115747,0.8210471967119736,0.7348274345125869,0.6859592099237353,0.6555468474189661,0.6761430614206514,0.635032962029528,0.6468556482369289,0.6322217033795354,0.5338091222380832,0.44584015588239856,0
0.8175325387722353,0.8960076625215134,0.85486205241047,0.8661077198763141,0.8919512827267984,0.8902712151800634,0.9549536606308777,0.9454217697811675,0.8994675016697324,0.7437145201862569,0.7879553693598672,0.727120982583808,0.7413958974832261,0.7486790876356925,0.7990556675208789,0.9122896680327768,0.9869994172799741,0.9111715578105838,0.8707439917962749,0.8006645654372215,0.8437149676133598,0.83317211079546,0.8003690357960371,0.9054390851606547,0.8797577324893832,0.8482418341666668,0.868768079061158,0.8582389639422485,0.8571104328482055,0.8213386645824048,0.7351295442604454,0.6862464852613325,0.6558469341971849,0.6764423908661855,0.6353407930366232,0.6471547541553903,0.6325427414078094,0.5341539178778357,0.4462130885188224,0.4791665818296843,0
0.8962008963168537,0.8550663761157888,0.8663211459450508,0.8921544743402411,0.8904814140719338,0.9551460012272076,0.9456151504534487,0.8996732756585215,0.7440146500122342,0.7882366829507914,0.7274104418332547,0.7416999542721774,0.7489820486651164,0.7993659742723951,0.9125814745103873,0.9872586029304511,0.9114556049791062,0.8710098852200546,0.8009483321991899,0.8439855926593245,0.8334537540270319,0.8006443313626298,0.905698691859441,0.8800226891635464,0.8485324491616512,0.8690524151191888,0.858526141251304,0.8573883023195674,0.8216312908603487,0.7354460213590438,0.6865625645032697,0.6561425891170718,0.6767366310111755,0.6356516225410282,0.6474591779245226,0.6328458496887762,0.5345030376352908,0.4465827977683375,0.4795300043510527,0.36259831467999076,0
0.855269856343802,0.8665225925808884,0.8923612014451081,0.8906849818458022,0.95533936846783,0.9458099130368537,0.8998785100569067,0.7442607867820732,0.7885243401460658,0.7277086186965276,0.741985390952123,0.7492839647969353,0.7996545924820155,0.9128589232023951,0.9875284045385146,0.9117367997813188,0.8713056725263755,0.8012340500122666,0.8442570554375503,0.8337272914942951,0.8009353037768343,0.9059442484368997,0.8802895742677082,0.8488063307077958,0.8693369870474655,0.858813461435621,0.8576757276425437,0.8219194111825523,0.7357636281347854,0.6868931786580315,0.6564673247604466,0.677026472789105,0.6359572760604596,0.6477665918801077,0.633154295457461,0.5348335610625375,0.44695699353282625,0.47989023777610074,0.36299500142339597,0.31780433236554306,0
0.8667232056456784,0.8925561101249769,0.8908920868893925,0.9555263381629123,0.94600570250944,0.9000851346557504,0.7445062895458241,0.7887589201328782,0.7280132324847822,0.7422795083285569,0.7495673089281,0.7999422098555123,0.9131154264208714,0.9877841611522881,0.9120287685367284,0.8715985647254845,0.8015502343256716,0.8445304720703761,0.8340016678223339,0.8012180708957664,0.9062050201372925,0.8805423049070618,0.8490821551325132,0.8696049221996154,0.8591010065956526,0.8579632956062997,0.8222171776077065,0.7360765578676288,0.6872249062494173,0.6568066991489437,0.6773452032536227,0.6362584658335935,0.6480688555962307,0.6334657412229682,0.5351695564861887,0.44731199773176983,0.48025489594875714,0.3633883791297926,0.31821380163553165,0.30837792680807014,0
0.8927502077451347,0.891087364424323,0.9557167666603386,0.9461950608232261,0.9002927873431543,0.7447532106697837,0.7889928931469621,0.7282635239658746,0.7425800401649453,0.7498593145512794,0.8002115765734613,0.9133710274612358,0.9880194628478861,0.9123063771998148,0.8719023148491029,0.8018634492749437,0.8448339998899561,0.8342779973411135,0.8015016804518096,0.9064579087470762,0.8808103620531428,0.8493436969380022,0.869874790603655,0.8593718674158958,0.8582510876411701,0.8225150768967636,0.7363993521323603,0.6875518600868534,0.6571471769103897,0.6776785004320008,0.6365889191738586,0.6483666749838679,0.6337720063582869,0.5355086191051519,0.44767259403869475,0.4806005889520278,0.36378639763200965,0.31861991577860066,0.30879008602151536,0.185649095396406,0
0.8912818296295093,0.9558957684656717,0.9463878892315454,0.900493844246181,0.7450011639567203,0.7892282764584774,0.7285131717222744,0.742826549426138,0.7501577229480604,0.8004894765049981,0.9136090973695061,0.9882539274969516,0.9125630367717046,0.8721915374124827,0.8021876680382783,0.8451346044223722,0.8345845221839332,0.8017872410947808,0.9067116282165486,0.8810704583818233,0.8496207020515343,0.8701304617741922,0.8596446662244253,0.8585221913869229,0.8228131625390457,0.7367222555987109,0.6878888019282869,0.6574828209894675,0.6780129079647704,0.6369340798422032,0.6486936465980936,0.6340738042437887,0.5358422929253234,0.4480363175468446,0.48095182837916456,0.36416465908250606,0.31903075373888184,0.3091988804089214,0.1860962768264306,0.1575554378885047,1
0.95607401398147,0.9465692332665201,0.9006984265487934,0.7452419622087267,0.7894646907663712,0.7287642407374847,0.7430724238099194,0.7504022646908205,0.8007737011498395,0.9138554132632882,0.9884713360255123,0.9128187936851611,0.8724595482421966,0.8024970682870168,0.8454461222433036,0.8348881128286882,0.8021032636982989,0.906967305583476,0.8813313883630632,0.849889650883802,0.8704015051058605,0.8599032257890684,0.8587952335142366,0.8230943952223488,0.7370452541323403,0.6882258395956753,0.6578285295838421,0.67834252338913,0.6372803372362719,0.6490352837775926,0.6344048857853881,0.5361713424904984,0.4483944663688835,0.4813061721844386,0.36454862674952543,0.3194215303488184,0.30961241608448703,0.1865399671509331,0.1580106361972564,0.1702847965743834,1
0.9467498129472502,0.9008912419761872,0.7454864737374517,0.7896941101654988,0.7290163423350688,0.7433197168137844,0.750646176158543,0.8010051006335545,0.914107879085654,0.9886968009187124,0.9130570159634883,0.872726621542145,0.8027848004939605,0.8457430020889708,0.8352026381981615,0.8024163175264015,0.9072525817471399,0.8815942745988259,0.850159436798826,0.8706645557611818,0.8601772023597709,0.8590540329094373,0.8233775826850624,0.7373510011681508,0.6885629207288085,0.6581743257157455,0.678682150250837,0.6376217213642568,0.649378021730567,0.6347506821902522,0.5365305759698601,0.44874785073576356,0.4816550120053438,0.3649357786246577,0.3198180745792056,0.3100058263733779,0.1869886262298279,0.15846231449405465,0.17073636240043577,0.1914014294964387,1
0.9010832535513074,0.7457182587021141,0.7899271890478452,0.7292612313317052,0.7435680420182272,0.7508915048736777,0.8012359005843003,0.9143098517524227,0.9889283003519462,0.9133034856257112,0.8729759058866,0.8030715345866016,0.8460184970354135,0.8355024828411488,0.8027403740119372,0.9075350010702399,0.8818869678559749,0.8504311769505274,0.8709284412138149,0.8604431549600552,0.8593282530342834,0.8236463819717706,0.7376587426699293,0.6888825250806418,0.6585201333377481,0.6790218703999772,0.6379732205445224,0.6497159105215079,0.6350975745905122,0.536904861990956,0.44913222291597893,0.48199914069584465,0.36531717921678925,0.320217833694172,0.3104050172045069,0.18741632618919815,0.15891901361417113,0.17118442131216474,0.191846969425535,0.29412698297315065,0
0.7459491056355083,0.7901478161468912,0.7295098529440456,0.7438092070266488,0.7511378655907794,0.8014681086135478,0.9145112937207521,0.989110846161958,0.9135561060674658,0.8732335391376301,0.8033400378742285,0.8462930314607072,0.8357808755375228,0.8030496142895973,0.9078282031369219,0.8821767772700432,0.8507329798646458,0.8711942822475595,0.8607099434821062,0.8595944465902867,0.8239307572454756,0.737951743988117,0.6892041463322063,0.658848324578245,0.6793616242215833,0.6383248017876738,0.650063883590812,0.6354395893756397,0.5372802112788407,0.4495319491730519,0.48237395143880185,0.3656936821606387,0.320611746496068,0.31080742937574324,0.18784997492841105,0.15935456276633028,0.1716374774545546,0.19228902416786336,0.2945432088727666,0.2202002118295053,0
0.7903675436331696,0.7297456492075041,0.7440540870456289,0.7513770933730084,0.8017013473181183,0.914714123237486,0.9892929067163844,0.9137582220001399,0.8734973849470173,0.803617066451267,0.8465496092518839,0.8360582988107914,0.8033371901431274,0.9081070275802042,0.8824774224784403,0.8510318657712552,0.8714900156505846,0.8609786869237975,0.8598614761614229,0.8242069976073252,0.7382606970517085,0.6895108284195889,0.6591785466198825,0.679683858506107,0.6386763734004792,0.6504119420567229,0.6357917247655284,0.5376504880552356,0.44993270947140623,0.4827640015705434,0.36610193663903895,0.32100068997598613,0.31120397523586646,0.18828692905667424,0.15979609920932897,0.17206947010324403,0.19273603700317907,0.2949560552831073,0.22063753366363167,0.2388303519470303,0
0.7299804936280846,0.7442862316439766,0.7516200270075637,0.8019276351817016,0.9149179804590561,0.9894763412657529,0.9139598068992503,0.8737099019844153,0.8039004149195713,0.846814602885617,0.8363177005270218,0.8036237683626763,0.9083648754380371,0.8827635842618531,0.8513416526289972,0.8717828541426371,0.8612774065694032,0.8601304605972759,0.8244840778772766,0.7385612529884997,0.6898336746586786,0.6594937061961031,0.680008113947989,0.6390102364235254,0.6507600037533412,0.6361439416168057,0.5380311342628074,0.45032822322260546,0.48315509685940955,0.3665258316590498,0.3214217959630396,0.3115955366910633,0.18871775650560535,0.16024096028088494,0.17250743259327242,0.19316212979625833,0.29537366939437854,0.22107139994294617,0.2392623574362148,0.14044688292002047,1
0.7445174369727736,0.7518502720023436,0.8021575677241768,0.9151152945658466,0.9896608015589156,0.914162779446717,0.873921863658226,0.8041310025631564,0.8470858498097519,0.8365855440025257,0.8038921192802463,0.9086218169869941,0.8830286035295877,0.8516368261164944,0.8720865501736558,0.8615732204323834,0.8604294281980417,0.8247631107218695,0.7388626582552713,0.690147975547785,0.659825161544705,0.6803173924618423,0.6393461394298237,0.6510904130093602,0.6364961465172412,0.538411834976542,0.45073432859831253,0.48354101179511777,0.3669507329554912,0.32185869664371297,0.3120193471380985,0.18914340317437228,0.16067963507264268,0.17294871099435358,0.19359416348383743,0.2957710613081451,0.22151017093944014,0.2396909265397136,0.1409069633702427,0.168726099592439,0
0.7520795842682433,0.8023751241048341,0.9153161163781627,0.9898389879080571,0.9143667797134818,0.8741352202368927,0.8043609925728099,0.847305224508483,0.8368596565393345,0.804168994088844,0.9088611972777535,0.8832926944577056,0.8519106532931926,0.8723757194133429,0.8618799131934239,0.8607254891134816,0.8250724169747461,0.7391660105541762,0.6904631310928107,0.6601479796946591,0.6806428754392697,0.6396668985281918,0.6514228566572896,0.6368306326970292,0.5387924197497578,0.45114046441010375,0.48393743384469795,0.3673702223672097,0.3222965886600345,0.3124589847183645,0.18960242483857084,0.1611130841322994,0.17338383012086755,0.19402949862106972,0.2961742532994508,0.22192821753224967,0.24012436583119662,0.14136350620499122,0.1691781102122913,0.12938755671479635,1
0.8025917914457492,0.9155052616976925,0.9900205915362954,0.9145642348804319,0.874349605584796,0.8045923900945716,0.8475240278023439,0.8370816864328436,0.8044521879377594,0.909108835580127,0.8835390634550729,0.8521835250721698,0.8726436781252522,0.8621720365656926,0.8610324307004806,0.8253787789036143,0.739500338716906,0.6907802305369363,0.6604716558008287,0.680959784935942,0.6400040403365822,0.6517402059907746,0.6371671598689048,0.5391548318011654,0.45154639142221303,0.484333895485352,0.367800514491806,0.32272897982041404,0.31289961049015375,0.19007769598951707,0.16158016593904187,0.17381374388319903,0.1944587192825,0.2965806763904024,0.22235216554197176,0.2405372072789863,0.14182510157213968,0.16962661231402876,0.1298507930829323,0.1507639724671759,1
0.9156936158017779,0.9901909805759377,0.9147651984197692,0.874557301719337,0.8048248182097052,0.8477442307854199,0.8373031387105123,0.8046826323154392,0.9093626311292372,0.8837937546032677,0.8524384775827399,0.8729106994675032,0.8624428826039723,0.8613247993617362,0.8256960954512308,0.7398316314613813,0.6911287029244517,0.6607972738646679,0.6812775500993253,0.6403324842787568,0.6520738850946011,0.6374885341847901,0.5395193300541643,0.45193374030527483,0.4847301836450571,0.368230814185402,0.3231722872842477,0.3133347166829773,0.19055391439647076,0.16206359391278968,0.17427717360421818,0.19488276836792753,0.29698120293697927,0.22277939527894616,0.24095592460535245,0.14226543074791267,0.17008011453532393,0.13031048045631244,0.1512211088060558,0.17254861838149307,0
0.9903606429813178,0.9149544820599472,0.8747685546404149,0.8050503067323839,0.8479654632299782,0.8375259925298358,0.8049124793943118,0.9095658358827914,0.8840546420283477,0.8527018310197705,0.8731599330219393,0.8627127824026587,0.8615958851419168,0.8259986915967669,0.740174057793766,0.6914740884005413,0.6611545109280605,0.6815972585672009,0.6406617883570471,0.6523989032750325,0.6378263007625056,0.5398682744567502,0.4523232157604418,0.48510804787126777,0.36866081686114444,0.3236155900118777,0.31378076308315417,0.19102436945658688,0.16254795977206257,0.17475690568599644,0.19534013967268846,0.2973767222760621,0.22320057163650137,0.24137791090040744,0.14271177066706095,0.17051254267423413,0.13077524085950323,0.1516747181450339,0.1729995381975027,0.160227489857552,1
0.9151429740084184,0.8749678803596478,0.8052794361550721,0.8481799114441613,0.83774987607867,0.8051437338853407,0.9097685070558373,0.8842644179114245,0.852971428670424,0.8734175150168225,0.8629648297241448,0.8618660239460111,0.8262797735718541,0.7405014067975036,0.6918307086310801,0.6615086291715299,0.6819484153388411,0.6409930331106605,0.6527247802641543,0.6381553628084808,0.5402340391716739,0.4526967792911291,0.4854880233147673,0.3690718562623767,0.32405854824981595,0.31422680215763144,0.1915060759452955,0.1630265064839901,0.1752375798991062,0.19581374066837146,0.29780462135551056,0.22361662249824268,0.24179388333973417,0.14316144693129587,0.17095094279115683,0.13121865994208085,0.1521333608946663,0.17344695342850508,0.1606819256626467,0.14371272421552286,1
0.8751663798105231,0.8054962087187233,0.8483979483653219,0.837966938607812,0.8053760189552795,0.9099725666368732,0.8844736448429588,0.8531892751994986,0.8736813092864134,0.8632252513095694,0.8621183049015845,0.8265598778623081,0.7408066818574482,0.6921720497718107,0.6618740448587755,0.6822964754263422,0.6413560593880088,0.6530525987094694,0.6384852852300767,0.5405908006489917,0.45308754536836304,0.4858522230262953,0.36948506058855723,0.3244823359593103,0.31467248675248577,0.19198774139388258,0.1635163758656587,0.17571246024832396,0.19628829083872085,0.2982483966107512,0.22406573135833507,0.24220476009285372,0.1436049006200722,0.17139265988658184,0.13166810492824121,0.1525708075399303,0.17389936169438963,0.1611328442051447,0.14417187271683096,0.18230903043509683,1
0.8057120949414526,0.8486038950329121,0.8381876022030993,0.8056013664177986,0.910177654047118,0.8846842647669383,0.8534065538983623,0.8738937785685096,0.863491900883875,0.862378962265285,0.8268219003435165,0.7411109049110313,0.6924910005436609,0.6622240564319567,0.6826557894683447,0.6417159457693414,0.6534120997112804,0.6388171481861048,0.5409484332349961,0.45346904147404676,0.4862334799026166,0.36988201281231164,0.3249083092321307,0.3150989572045639,0.1924689222970896,0.16400619648969214,0.17619863098760777,0.19675708908769987,0.29869315530419244,0.22453097080250678,0.24264852391786415,0.14404310120178995,0.1718282144006767,0.13212089383329684,0.15301425078582567,0.17433072184537743,0.16158877861856638,0.14462748696299027,0.18275716499469266,0.2227609282998424,0
0.8488089926350514,0.8383961124133684,0.8058303541134656,0.9103761812712815,0.8848959131834487,0.8536252312202885,0.8741056925987266,0.8637070158096888,0.8626458489226535,0.8270923886362034,0.7413965041190375,0.6928088572970393,0.6625514815588216,0.6829997861289772,0.6420871710017921,0.6537684736511209,0.6391808105223421,0.5413080000416061,0.4538514182726717,0.4866055682589261,0.3702965307132059,0.32531784734644775,0.3155276175630898,0.19293032121264947,0.16449550279520422,0.17668475646609552,0.1972371241782463,0.2991323661129943,0.22499716902701775,0.2431083542140221,0.1445150914969244,0.1722585610565582,0.13256743670062315,0.15346102331130845,0.17476804873444024,0.16202358121606134,0.14508814768862288,0.1832018050120705,0.22319751940129748,0.19607752044227164,0
0.8386037647314566,0.8060469883564686,0.9105782219359801,0.8851009103669351,0.8538449378494363,0.8743190015004824,0.8639215692949949,0.8628611835228555,0.8273691606265008,0.7416907855151418,0.6931077838060188,0.6628777866337959,0.6833213323674924,0.6424429095395808,0.6541361612275529,0.639541330646941,0.5417001664405974,0.4542357236538748,0.4869785336628314,0.37070152523965405,0.3257451465452279,0.3159398042409552,0.1933939665807348,0.16496489712862192,0.177170381116402,0.1977171198088754,0.2995825532673279,0.22545767253120724,0.24356914950449846,0.14500348683568087,0.17272243797174755,0.13300870876514823,0.15390159514895427,0.17520868998421246,0.1624643674415269,0.1455275644086952,0.18365141997433376,0.2236306575827409,0.1965217259899682,0.17677936733248478,1
0.8062627367348122,0.9107685568130839,0.8853094515776736,0.8540578814219164,0.8745333391666541,0.864137519497616,0.8630759561686924,0.8275936546935808,0.7419914822788781,0.6934155148150845,0.663184971599857,0.6836417766142009,0.642775932118651,0.654488412395832,0.6399131941720678,0.5420890868566505,0.4546533431890848,0.4873534297937233,0.3711074095642882,0.3261627860087526,0.316369793124626,0.193840636721807,0.1654365508584358,0.17763615269113378,0.19819663699034223,0.30003272918113333,0.22592933984772867,0.24402428707842458,0.1454928143534995,0.17320262261172617,0.13348387200939507,0.1543369303876504,0.1756431767620971,0.16290847646563625,0.14597298739530296,0.18408005312703427,0.224068695735319,0.1969624511622711,0.17722907985103747,0.17265995388020328,1
0.9109580963788867,0.8855061307618387,0.8542744065881839,0.8747409882811418,0.8643544987317173,0.8632921256851038,0.8278175653806827,0.7422381443570366,0.6937297356213681,0.6635010368584179,0.6839432324661241,0.6431078174503251,0.6548180264704867,0.6402695619294316,0.5424895545484845,0.4550676240771966,0.4877613682970297,0.3715152171152551,0.3265813201701648,0.3167900935773946,0.19430564445560924,0.1658911145530755,0.1781041777973375,0.19865639879920735,0.30048253551242776,0.2264009756155488,0.24449054122154326,0.14597628874242188,0.1736837488631416,0.133975478356335,0.15480596068327732,0.1760724617980821,0.16334640487868393,0.1464217444904365,0.18451463963816359,0.22448602687990868,0.1974081257608709,0.17767529213773112,0.1731108419252272,0.21845595568304368,0
0.8857019927901337,0.8544788778355275,0.8749521939598794,0.8645647527571533,0.8635093242551704,0.8280428793286101,0.7424841712003177,0.693988928690709,0.6638236380355786,0.6842535160313082,0.6434204572644217,0.6551465137687514,0.6406031994985951,0.5428741198746052,0.4554936342945962,0.4881660033978019,0.3719570176689057,0.3270017746756145,0.3172112897591396,0.19476059015022715,0.16636413839499672,0.1785551648884453,0.19911840441026765,0.3009130617643175,0.2268721634546263,0.24495676893378338,0.14647112918572128,0.174159078154732,0.13446801319356066,0.15529136051775524,0.17653524202280643,0.16377911183511204,0.14686428593856718,0.18495253382573504,0.22490925593116154,0.19783291208328782,0.17812648961801555,0.17355822549980038,0.21889377526261283,0.21485610789141046,0
0.8546825050975522,0.8751514735722296,0.8647785756615495,0.8637197945728512,0.8282692232547939,0.7427316167702976,0.6942474572129679,0.6640905961169863,0.6845703035194473,0.6437420274331658,0.6554558319156085,0.6409356979310985,0.543235317338798,0.45590337906846096,0.48858229858430025,0.3723953915425439,0.3274565874848415,0.31763440567837437,0.1952164449982728,0.1668270146756684,0.17902455659683308,0.19956345830193042,0.30134578448863436,0.22732372916803875,0.24542256846116053,0.14696591617155233,0.1746457017890017,0.1349546729355079,0.1557776959725029,0.17701431681767466,0.164245427023277,0.14730157950522774,0.18538429424805372,0.2253357649559996,0.19826363289018395,0.17855666772411838,0.174010601902906,0.2193281374926511,0.21529495473285085,0.19589196127775443,0
0.8753499270749764,0.8649804095952018,0.8639338347920132,0.8284887120186819,0.7429800945562816,0.6945074132043751,0.664356871487575,0.684831874802816,0.6440701639844484,0.6557740499323416,0.6412489370674187,0.5435952910016818,0.4562891865599474,0.4889824664229367,0.37284566770015687,0.3279079262419083,0.3180919567750218,0.19567421168674914,0.16729080318273723,0.1794838394943919,0.20002682469259073,0.301761975294069,0.22777752541489643,0.24586883206127758,0.14746017070753026,0.17513227973429096,0.1354527267765643,0.15625819879048264,0.1774943344989595,0.16472807918296709,0.14777263282210082,0.18581086854585643,0.22575622603395767,0.19869765194438468,0.17899280676875373,0.17444193094744945,0.21976740767268196,0.21573034052076584,0.19633621977709384,0.18275437242993808,0
0.865181408624272,0.8641358808173261,0.8287118133187342,0.7432214100288733,0.694768402676726,0.6646245797446991,0.6850927759760395,0.6443422509852653,0.6560988157809466,0.6415711120586968,0.5439353879000242,0.4566736946475393,0.4893589135567316,0.3732793334826154,0.32837126035308234,0.3185460238505566,0.1961674144231573,0.16775650172253379,0.17994403322597202,0.20048014655518967,0.3021960304730076,0.2282144876320964,0.24631731761118975,0.14793443411311763,0.17561835519952057,0.13595072412208228,0.156750041500304,0.17796856281282653,0.16521167011943022,0.14826007994367557,0.18627084848327685,0.22617156571343822,0.19912556644307236,0.1794322572767355,0.1748792265774484,0.22018594159978616,0.21617064093064942,0.19677699771011203,0.18320237990559107,-0.01538570344150885,0
0.8643370912077876,0.8289227026441514,0.7434664412233428,0.6950220562112822,0.6648933222666051,0.6853551062776109,0.6446136432778138,0.6563677795850282,0.6418998567795756,0.544284667141813,0.45703777459283107,0.48973409004187207,0.37368852102120875,0.3288177984749847,0.31901210586579404,0.1966570033458324,0.16825786541790744,0.18040613780935794,0.20093437694200866,0.30262035383864894,0.22866963671773644,0.2467490452657862,0.14841096479769622,0.17608457037735675,0.13644817729727676,0.15724183358682978,0.1784540757760594,0.16568944721586185,0.14874846033361563,0.18674708940179527,0.22661993989739385,0.19954831684784982,0.1798655622883292,0.17531983649191035,0.2206103793348424,0.21659018063278737,0.1972227254133434,0.1836468932972522,-0.014881154201623285,-0.023216300184133978,0
0.8291327258856741,0.7436987333637151,0.6952794837958747,0.6651546212618146,0.6856184703001945,0.6448864720351715,0.6566360559865511,0.6421725072929534,0.5446406661069715,0.45741125698721297,0.49008904809975995,0.3740963373318504,0.3292395672515888,0.319461352831291,0.19715886220649367,0.16875558558893003,0.18090380373864817,0.20139051953939566,0.30304557449207803,0.22911482894390509,0.24719887851750852,0.1488703355309021,0.17655303980481887,0.1369255881725096,0.15773310415736408,0.17893954410038304,0.16617854020612602,0.14923099408137633,0.18722427646226114,0.22708443585309354,0.2000043465701001,0.18029367232753557,0.17575429217068203,0.22103809999167778,0.2170156290775757,0.1976475635798342,0.18409638080839968,-0.01438030291816958,-0.022709516384920247,-0.07153590662440819,0
0.7439300857265237,0.6955238743822707,0.6654197304509573,0.685874465433401,0.6451603355750493,0.6569057666739341,0.6424444617799071,0.5449385696239214,0.4577915930441807,0.49045332489014837,0.3744832016796443,0.32965992615038076,0.31988576919236467,0.19764337746241395,0.16926563406918183,0.18139783960559785,0.20188205127363784,0.30347271396601155,0.2295609265441957,0.2476388116232029,0.14934824104500674,0.17700446484737956,0.13740527142220726,0.1582044313328795,0.1794245139956821,0.16666758517278546,0.14972488560184813,0.1876956935417472,0.2275498914432452,0.20047658989118206,0.1807552387395122,0.1761835462856992,0.2214597635686687,0.21744436290944333,0.19807833648517015,0.1845248895353228,-0.01387411028141753,-0.02220643859928107,-0.07101533421739697,-0.14297618496352324,0
0.6957672835340182,0.6656716180164824,0.6861342456865457,0.6454266845239743,0.6571765118285665,0.6427178531248138,0.5452357180432051,0.45811204661462307,0.490824404399702,0.374879677581551,0.3300590512087498,0.32030876754218407,0.19810226453939608,0.16975822253219325,0.18190417733351208,0.20236997527756279,0.30393440483576695,0.23000893820812898,0.24807964806519808,0.14981594691639283,0.17747430130681224,0.1378677495252455,0.1586780210338907,0.17988964128971466,0.167156118652715,0.1502187245619998,0.18817837051971129,0.22800965739925105,0.2009497839466144,0.18123308516212233,0.17664629456798278,0.22187629885890647,0.21786703202441865,0.19851240776488802,0.18495935101019662,-0.013390242452380857,-0.02169800494707621,-0.07049851754149483,-0.14243522617401574,-0.1467987037525772,0
0.6659224983339366,0.6863809323957009,0.6456968675404768,0.6574397856660111,0.6429922793091243,0.5455343209386102,0.4584316923388355,0.4911362811179477,0.3752831343911356,0.33046790034453183,0.3207104727335159,0.19855962771027003,0.17022500024477946,0.18239310779119686,0.2028701572676342,0.3043925966132376,0.2304921041508821,0.24852239976960333,0.15028456688556163,0.1779340242104665,0.13834881065390686,0.15913449294557508,0.18035702107218596,0.167624752523668,0.15071203453337687,0.1886610055400159,0.22848058067400995,0.20141723536847553,0.18171187588229173,0.1771253370372653,0.2223259081505703,0.2182845670926172,0.19894037409543056,0.18539711985652696,-0.012900150263488282,-0.021211949298120834,-0.06997625544322571,-0.14189809662272482,-0.14625665415922703,-0.14620491442612213,0
0.6866266297642515,0.6459537069852053,0.6577068790334509,0.6432591830946772,0.545833961222581,0.45875280827158055,0.4914473700527379,0.3756250109899487,0.3308837988609415,0.32112192568156334,0.19899492542013708,0.17069022981103843,0.1828563102223931,0.2033530194890774,0.30486283294012995,0.230971692819645,0.24900015382147048,0.15075509578659807,0.17839465811863708,0.13881963847330356,0.15960945463133483,0.18080737209094552,0.16809564455989612,0.15118536848484077,0.18914315247520105,0.22895147310351333,0.20189591177406427,0.1821848856382902,0.17760532243009972,0.22279165402891857,0.21873520918986455,0.19936317603515444,0.18582875588239398,-0.012406615009971346,-0.020719658555068687,-0.069476699597426,-0.14135538924129612,-0.14571843773720103,-0.14566303427802907,-0.19077622574314929,1
0.6462095221316687,0.6579607030880499,0.6435299235707965,0.5461257292122756,0.45907496386920404,0.4917599232122804,0.37596602963027936,0.3312372035896002,0.3215404424196247,0.1994402791837818,0.17113321712977492,0.18331797549061102,0.20381029091411948,0.3053161751652346,0.23146347963824712,0.24947435030176512,0.15126142936583314,0.1788572027783182,0.1392913816001856,0.16007424808142243,0.18127611785138711,0.16854945748061656,0.15166096821059227,0.1896055019688418,0.22942192031807424,0.20237455000428883,0.1826691693151328,0.17807951867665442,0.22325835810581926,0.21920200026215178,0.19981925899480596,0.18625520649632524,-0.011919632929479115,-0.020223919384729054,-0.06897084242064985,-0.14083587342704382,-0.1451746364003617,-0.145124986690292,-0.19022162661044426,-0.19723368466834715,1
0.6582135132269044,0.643787307076741,0.5464214514380025,0.4593889347280282,0.49207351517091186,0.3763085334252665,0.33158972339344156,0.32189627311761293,0.19989288434311106,0.17158633107406887,0.18375747861404737,0.20426604339637427,0.3057445941736953,0.23193806602256653,0.24996070622336009,0.15176410132746102,0.1793553214952921,0.13976503294731638,0.16053995450077824,0.18173476169247396,0.16902171889217507,0.1521194213312302,0.19007009945390937,0.22987275725495804,0.20285271474098626,0.1831534095152809,0.17856499929024544,0.22371936399790193,0.21966974833228226,0.20029155619186415,0.18671505866398275,-0.011438153299747823,-0.019734749999961505,-0.06846150372565074,-0.14030995835094454,-0.144654052598187,-0.14458135528827376,-0.1896709058988932,-0.19667724281847104,-0.09324632887291846,1
0.6440436644111217,0.5467032162635254,0.4597069647868955,0.4923790412281781,0.3766520790476774,0.3319437363947266,0.32225121321601247,0.2002803003976852,0.17204673935855685,0.1842070763866601,0.20469976661565384,0.30617158287467433,0.23238724876434735,0.25042993890892157,0.15227913714540267,0.17984980850151602,0.1402745791629738,0.1610075705158609,0.18219431611995843,0.16948384087668314,0.15259639498600264,0.19051770806238064,0.23032582354546263,0.20331114574053819,0.1836371557700743,0.17905043529551182,0.22419153812547898,0.2201317910674636,0.20076480406138048,0.1871911702801582,-0.010921454235073309,-0.019251095595490788,-0.06795883732587626,-0.1397805128318521,-0.14412706429422784,-0.14406093738713555,-0.1891145187643687,-0.1961246860340277,-0.09271956112369409,-0.09176185555678099,1
0.546983870968298,0.46001050128243526,0.49268858656270814,0.37698714310237513,0.3322987923871412,0.3226076482043726,0.20066675196893488,0.1724413855658179,0.1846639490411224,0.20514353143874287,0.3065771887394617,0.23283493741196704,0.25087388902312874,0.152776642052891,0.1803566006072675,0.14078045206516648,0.16151090707185634,0.18265578154491566,0.16994687479531118,0.15306317893985538,0.19098366883413623,0.23076206627099002,0.20377181838782332,0.18410107899853778,0.17953537298974495,0.22466368022519606,0.2206050111667938,0.20123230892876215,0.18766822818682247,-0.010387813851476737,-0.01873214991248501,-0.06746176322135466,-0.13925789116795448,-0.14359654292948262,-0.14353411579818376,-0.18858164791667897,-0.19556645085832408,-0.09219657144410237,-0.09123551142069938,-0.04975126071009101,0
0.46031285269352235,0.4929838422621127,0.37732636607514924,0.3326452070826858,0.3229651264287516,0.20105472046618242,0.17283505037714844,0.18505531923468252,0.20559453886438706,0.30699257815959546,0.23326077802030512,0.2513163611179303,0.15324822502705382,0.18084597898397187,0.14129871180204867,0.16201059292114522,0.1831527898539986,0.17041181891860172,0.15353087663426324,0.19143955739895868,0.23121648469419914,0.20421555842512745,0.18456725276616487,0.18000046859784147,0.2251353725476399,0.221078198249362,0.20171103925042067,0.1881395169970592,-0.0098532932659062,-0.018196235962691428,-0.0669289545190726,-0.13874097610905659,-0.14307285352937477,-0.14300376155509334,-0.18804231228248716,-0.19503177583686254,-0.09166809610393799,-0.09071294382683004,-0.0492369048259501,-0.0589549952701432,0
0.49327794138930725,0.37765058611827385,0.33299583435643426,0.32331392974299966,0.20144373538782934,0.17323023715871042,0.18544571569548765,0.20598047450460658,0.3074150531540121,0.23369658788938646,0.2517371024083656,0.15371824509301227,0.18130961920472607,0.14179939480162834,0.16252262119054506,0.1836461704948595,0.17091240640651761,0.1540004834706812,0.19189635548255532,0.23166095405321097,0.20467759056265303,0.18501641505955232,0.18046781664308004,0.22558743467405015,0.22155093173960452,0.20218973134574064,0.1886220645764559,-0.009324935328824915,-0.01765944442277565,-0.06637901126506805,-0.13818767100730686,-0.14255487685058038,-0.14248023801692103,-0.1874994134701832,-0.19449062717696566,-0.09116247450149166,-0.09018489332371833,-0.048726282258023654,-0.05843801298451704,-0.14323596779384726,1
0.377973549859841,0.3333311846010457,0.3236669569276408,0.20182363776527576,0.17362647109451876,0.18583763184096,0.20636544912445262,0.30777455145917565,0.23413959633864606,0.25216776616029246,0.15416591525149617,0.18177172091760208,0.14227408399694047,0.16301716130071325,0.18415184829305772,0.17140935319592723,0.15450586835191238,0.19235506519166418,0.23210632850624582,0.2051295924069656,0.1854839536385863,0.18091813637959298,0.2260417281375541,0.2220040183779463,0.20266794975088132,0.1891045703205315,-0.008784816170150603,-0.017128831084727104,-0.06582820653767599,-0.1376169855024528,-0.14200047505836566,-0.14196242624995523,-0.18696343992047224,-0.19394591091666574,-0.09065052180725887,-0.08967968647386321,-0.04821025464350239,-0.05792477348511195,-0.14269493487203977,-0.09833064998068926,1
0.33366524022085153,0.32400464940189405,0.20220791103386251,0.17401349230802238,0.18623059480998186,0.2067519396374614,0.3081331505855687,0.23451812035603198,0.2526056000140043,0.15462375501253955,0.18221165067719763,0.14274720074166342,0.16348584652494486,0.18464012820169023,0.17191862274274375,0.1550075950693466,0.19284923818739452,0.23255361718769418,0.20558250226401323,0.18594140317741406,0.18138685037210278,0.22647918044328472,0.22245933801197562,0.20312643356032659,0.18958658845145288,-0.008244793277187077,-0.0165864366679094,-0.0652836759860759,-0.13704546235271672,-0.14142867970840117,-0.1414081948174244,-0.18643324945937348,-0.19340813361840548,-0.09013507272675608,-0.08916815056714883,-0.0477167852919789,-0.057406111880864155,-0.14215773145574745,-0.09780243135645086,-0.09836776181359266,1
0.32434103918663165,0.20257609860034181,0.17440491806694686,0.1866143904478347,0.20713947642542932,0.30849324716068804,0.2348957006901412,0.2529793293990932,0.15508891526624569,0.18266167900144478,0.1431978979852769,0.16395297774292833,0.18510269479567137,0.17241044334457872,0.15552167885753404,0.19333979383708583,0.23303603926496697,0.2060373246325147,0.18639976283986728,0.18184546278418282,0.2269348272265226,0.22289780177701407,0.20358715910299963,0.1900488112013495,-0.007705467982584231,-0.01604414066791921,-0.06472724182469565,-0.13648035527570443,-0.1408560479885345,-0.14083657187058385,-0.18586623040307088,-0.1928761497411709,-0.08962634199996235,-0.08865311929078304,-0.047217044472035306,-0.05691007106327507,-0.14161494972783453,-0.09727799603326005,-0.0978395325990257,-0.044110262108768644,1
0.20294287847732081,0.17478008621546884,0.18700257538220721,0.20751792118122594,0.3088543873420525,0.23527479174657404,0.2533521263163985,0.1554879645123293,0.18311898459019593,0.14365879261267891,0.1643978239763585,0.18556372617998113,0.1728764705607799,0.15601824526802893,0.19384262636454122,0.23351488677635074,0.20652749800370582,0.18686003377202332,0.18230498577048224,0.22738051184046476,0.22335447572337952,0.2040309512773815,0.1905132817374861,-0.007186854828535957,-0.015502550565012043,-0.06417091935385848,-0.13590316342747097,-0.14028983993379884,-0.140264112355786,-0.1852816664467393,-0.19230727802330602,-0.08912323830670822,-0.08814480321882823,-0.046713837052746725,-0.056407746160717386,-0.14109536133187875,-0.0967480656261903,-0.09731508672369182,-0.04359751595457029,0.037498658445888004,0
0.17515382263911453,0.18737458059857512,0.20790072993726008,0.3092068017963877,0.2356549283298005,0.25372643061097416,0.15588602206299576,0.1835107559282909,0.1441270246382441,0.16485281389563106,0.18600260966518625,0.17334095193619642,0.15648891096883222,0.19432810144693205,0.2340059271170774,0.20701406858980806,0.18735581308596486,0.18276641976141839,0.22782710201932085,0.22380117654187542,0.20449303636146002,0.19096076521697083,-0.006665902597195961,-0.014981708833463114,-0.0636153539883341,-0.13532610289489763,-0.13971153741452855,-0.13969807532671613,-0.18469628078896216,-0.19172083918300153,-0.08858420082848403,-0.08764211180514556,-0.046217255712733434,-0.055901948355779385,-0.14056937331796376,-0.09624102349611902,-0.09678514569569575,-0.04308849731238883,0.03798811646756203,0.014860440374791723,0
0.18774516498060037,0.2082674881903753,0.3095634571927722,0.23602607557333774,0.25410177994834987,0.15628560465574526,0.1839015525952828,0.14452892010031274,0.16531510853666334,0.1864515821128061,0.17378320787866,0.15695801657931657,0.1947879266443955,0.23447977763443606,0.20751288744636773,0.18784796920593855,0.18326339572852393,0.22827560614958445,0.22424878331904757,0.20494509058745064,0.19142659891699934,-0.006162747146117288,-0.014458524416753589,-0.0630807605605489,-0.13474987517872955,-0.13913336726098963,-0.13911994533886904,-0.1841174061458559,-0.19113358079510084,-0.08802795408526028,-0.08710350022613109,-0.045726231810922946,-0.05540279615576477,-0.14003985468314736,-0.0957276433046357,-0.09627809319680969,-0.0425740840786677,0.0384739309471565,0.015356358496893143,0.029148496042614817,0
0.2086328436753684,0.3099046906756177,0.2364015523181406,0.254468206378544,0.1566862348472054,0.18429386922680693,0.14492981720916168,0.1657115025879689,0.18690782598175362,0.17423558373443776,0.15740479283346692,0.19524622505382247,0.2349282411505145,0.20799440591075216,0.18835241369286423,0.18375674414515097,0.22875927878331695,0.2246983038159929,0.2053980528464733,0.1918823617657945,-0.005640377116832168,-0.013953168780994953,-0.0625438021848293,-0.13419494994199288,-0.13855603397489097,-0.13854194755363544,-0.18352632551805514,-0.19055284624787938,-0.08747085311003899,-0.0865476844907172,-0.04519967317954348,-0.05490921612061126,-0.13951716045465293,-0.09521076324496368,-0.09576470258563842,-0.04208219078699085,0.03896498876390733,0.015848609783753676,0.02964033688821698,-0.028745963286746033,0
0.3102446092766301,0.23676115478305884,0.25483893999236995,0.15707759130961568,0.18468723272237408,0.14533224134580242,0.16610691115482762,0.18729861356063224,0.17469524984585913,0.15786173048632388,0.1956824369840307,0.23537521278191018,0.20845036396712038,0.1888394778213007,0.1842623894877894,0.22923937229841052,0.2251830221736615,0.20585292760500995,0.192339034084651,-0.005128681112236185,-0.013428564407174687,-0.06202487005403127,-0.13363762684193042,-0.13800002085435067,-0.13796478600655512,-0.182935389336902,-0.1899598893408514,-0.08692006943253443,-0.085991014028168,-0.044656054965148635,-0.054380016914131545,-0.13900017324683003,-0.09470061232534663,-0.09524781208086296,-0.041584033759617195,0.039434081031881674,0.01634614636555766,0.030128525599999754,-0.02823760152857545,-0.06667425651405802,1
0.23711937911849665,0.25519391332626384,0.15747337281232573,0.18507142332867396,0.14573571336846483,0.16650384291132952,0.18768842876959466,0.17508920837677477,0.15832598363961525,0.1961287133583206,0.23580035248798675,0.2089048071154009,0.18930085612933883,0.1847506374022062,0.2297316675874496,0.22566415760565037,0.20634315487949675,0.19279761805767553,-0.004616053964417052,-0.012914657895765822,-0.06148647839781877,-0.13309862193620856,-0.1374416081092974,-0.13740894187767363,-0.18234533662975777,-0.18936707865437769,-0.08635732709099359,-0.08544065791482784,-0.04411156801121938,-0.05383372645131557,-0.1384467936127186,-0.09419609657456027,-0.09473765079487495,-0.04108241399604923,0.039909325165431164,0.016821563610548155,0.03062197312517183,-0.027732951473620465,-0.0661550714400894,-0.07654600406637209,1
0.25554752446959245,0.15785279201543384,0.1854600050987059,0.14612987222604693,0.16690182199851375,0.18807976325675368,0.17548218712035657,0.15872419239238783,0.19658224623398315,0.23623545502224008,0.20933725042620285,0.18976070287814806,0.18521317272550464,0.2302067552144814,0.22615750229112308,0.20682977917265544,0.19329166168549627,-0.004101527911870071,-0.01239981938459941,-0.0609589316974508,-0.13253984585710432,-0.1369015291797744,-0.13685069839786165,-0.18177680756448628,-0.18877515828540903,-0.08579470240399244,-0.08487834690184498,-0.043573311963732014,-0.0532865703188194,-0.1378760326814978,-0.0936556003915428,-0.0942331247370993,-0.04058740834442384,0.04038797614656733,0.01730316375375328,0.031093398376471803,-0.02722293530339442,-0.06563963709492801,-0.07602400196500399,-0.029636647276428434,0
0.15823076485653442,0.18583239761288858,0.14652846937224526,0.16729056414596513,0.18847214450865027,0.17587668735440118,0.1591214114158058,0.19697052188398906,0.23667775222231083,0.20977972359438857,0.19019842835092107,0.18567417293519595,0.23065642786362467,0.22663362439779536,0.20732865212181475,0.19378208843825206,-0.003549926344925474,-0.011883082472569525,-0.060430447711980334,-0.13199213221069467,-0.13634166240167908,-0.1363107863069874,-0.18120585861249988,-0.1882047914358479,-0.08523285783061009,-0.08431615313560718,-0.043023207548940255,-0.05274566337351269,-0.13730443419204413,-0.09309787744657028,-0.09369261790660159,-0.04009795110498489,0.04086018614842294,0.01778818624797876,0.0315709869398123,-0.02673533470103674,-0.06511876633800635,-0.07550576074978886,-0.02912803135037218,-0.052237753514621205,1
0.1862033679591939,0.14691063654556302,0.16768371897454853,0.18885536650185386,0.17627223467327477,0.15952015489492297,0.19735783103992469,0.23705561721653243,0.2102294322171662,0.1906462321583903,0.1861130259463897,0.23110460491359983,0.2270843081323463,0.207810223909892,0.19428479114346825,-0.0030021511972854603,-0.011329206186547359,-0.0599000684348,-0.1314434734648284,-0.135792869692702,-0.13575108895786156,-0.18065342319555625,-0.18763200172436245,-0.08469208564529938,-0.08375473790977069,-0.04247320884030521,-0.0521928847216614,-0.13673925229130307,-0.0925393019654471,-0.09313488418643381,-0.03957301089060235,0.04132697831842113,0.01826671973612794,0.03205198806921912,-0.02624149142447854,-0.06462056880694292,-0.07498206482646698,-0.02862312804398378,-0.05172268807846613,-0.017946419911846055,1
0.14729134789512682,0.1680605746349778,0.1892429750796734,0.17665857879801203,0.15991994588790728,0.19774665772156894,0.23743254006904907,0.21061416442378128,0.19110130091998237,0.18656196764032137,0.23153092294811609,0.22753349316165083,0.20826623408406475,0.19477013824899633,-0.002441688414138291,-0.010779164601124883,-0.05933215573058355,-0.1308929240241192,-0.13524313146614964,-0.13520246387025417,-0.18008100808440808,-0.187077751937114,-0.08414893850919507,-0.08321438820360702,-0.04192394415001609,-0.051640214304293594,-0.13616198496057194,-0.09198705388067943,-0.09257629794249385,-0.039031030505884974,0.041828504723749466,0.018739799169590825,0.03252653050454367,-0.02574419593372857,-0.06411607660928953,-0.07448110919067191,-0.028112856971526136,-0.05121135851695473,-0.017441139939289196,-0.013455888130530225,0
0.16843599276012944,0.18961441779207222,0.17704932426723463,0.16031047479738092,0.19813653091438432,0.23781097318411112,0.21099793842506698,0.19149099967798078,0.18701818058539113,0.23196721462497882,0.2279607965225348,0.20872072919004267,0.19522983836372895,-0.0018994022694297408,-0.010216419110271506,-0.05876812882765981,-0.13030425855106711,-0.13469150279071654,-0.13465289333002198,-0.1795198009177378,-0.18650349428592267,-0.08362390634030331,-0.08267166423060593,-0.041395550603713756,-0.051088287659220244,-0.13558484901686504,-0.09142283423882748,-0.09202403916862206,-0.03848817950010963,0.04234679045411976,0.019247820537867354,0.032995641747131293,-0.025253481959686033,-0.0636081062228391,-0.07397384535602115,-0.02762500751761372,-0.05069461930037025,-0.016939560557964414,-0.012951889587730274,-0.021175149374444934,0
0.18998444160692882,0.17742382847664556,0.1607054248348998,0.19851727965278865,0.23819045175944176,0.2113832274799204,0.19187972861300764,0.1874089395110887,0.23241070754832358,0.2283980825686485,0.20915322329086355,0.19568801207468217,-0.0013840507630323553,-0.009671882705726454,-0.05819129762385155,-0.12971955443140765,-0.1341017269097735,-0.13410143230270133,-0.17895764342309767,-0.18594046423685692,-0.08307931993739383,-0.08214704915833597,-0.04086480214653403,-0.05055727474220624,-0.13500854616487643,-0.09085873364821186,-0.09145980874355615,-0.03795154819644702,0.04286597402574734,0.019772679137338017,0.03349956383551429,-0.024768291813811644,-0.0631067978176621,-0.07346309657205966,-0.027130914168544483,-0.050200455238256454,-0.016432635077296514,-0.012451587015715642,-0.020668948043302528,-0.034498297386778606,0
0.17779690324723973,0.16108403255687218,0.19890240328350273,0.23856095012624456,0.21176956268825245,0.19226997606659751,0.1877987261338949,0.23278968046554604,0.2288425753640413,0.20959574771519623,0.19612410210884493,-0.0008703966228047721,-0.009154331827978392,-0.05763287572969927,-0.1291218975767252,-0.13351591642475102,-0.13351182891230445,-0.17839359830933638,-0.1853764831534849,-0.08254564458069631,-0.08160288632785022,-0.040351990908660824,-0.050023902673786494,-0.13445354699428902,-0.09029541855948502,-0.09089569737992145,-0.03740308283017562,0.04337909998947154,0.020298428027214866,0.03402027398481505,-0.024247759656249673,-0.06261107392873702,-0.0729590307122038,-0.02663336799531231,-0.04970001629921954,-0.015948051800039983,-0.011945946667132059,-0.0201664506255316,-0.03398829412767975,-0.05932611359917755,1
0.16146119671090978,0.1992714207738709,0.23893577492674983,0.212146822538708,0.19266127017501403,0.1881900320149074,0.23316770864943573,0.22922247473411797,0.21004550787777015,0.19657025546838214,-0.0003800730064044625,-0.0086384850729209,-0.05710175337565462,-0.12854294606084182,-0.13291714526251533,-0.13292619028986263,-0.1777910473473179,-0.18481061486650074,-0.08201102956414454,-0.08106963002457694,-0.039819815177766484,-0.049508505436858176,-0.1338961498406835,-0.08975319938309567,-0.09033237155750597,-0.0368547216204413,0.04390385306826748,0.020818074344446307,0.0345418791902231,-0.02371024020236436,-0.06207966004636677,-0.07246056516412855,-0.026142405228366417,-0.04919610905800148,-0.015457240652678164,-0.011462618016463977,-0.019658601124274155,-0.03348200849055061,-0.05880902541026569,-0.05290576650688309,1
0.19963902771716427,0.2392947411166866,0.21252844078776387,0.19304342011100425,0.188582384657765,0.2335472478688313,0.22960142720372476,0.210430287839687,0.19702366464853358,0.00012081166685322693,-0.008146018117720791,-0.056572376836196446,-0.1279917583520576,-0.1323370952785601,-0.1323275922239459,-0.17719250828991526,-0.18420618806979272,-0.08147452065285282,-0.08053543422382559,-0.03929841808639928,-0.04897370355693674,-0.13335707194305282,-0.0892086029133628,-0.08979014181913796,-0.036307088450826384,0.044428524409036725,0.021349405183751585,0.035057410202372095,-0.023171845002745075,-0.06153112834293952,-0.07192631905201369,-0.025656967714749155,-0.048698833171132994,-0.014962984687024896,-0.010973067651345324,-0.019173115760131712,-0.03297034607674548,-0.058295680389430005,-0.052390510444813757,-0.032939600404834325,0
0.23965233136795006,0.2128940371474347,0.1934299515634625,0.18896557843893666,0.23392783266033462,0.2299818913551923,0.21081410948456636,0.19741182568581522,0.0006292550414859091,-0.007642970435061524,-0.05606668416006108,-0.12744237809910378,-0.13178483394300278,-0.13174771287580767,-0.17658091718155702,-0.18360578000682537,-0.08090030126304217,-0.079999344432815,-0.038776086092800144,-0.048449708334339224,-0.13279822173877442,-0.0886821421885414,-0.0892455347703275,-0.035780300325282816,0.044952554197318896,0.02188064806616189,0.035584589504306735,-0.0226396389881841,-0.06098173354454852,-0.07137492114665085,-0.025136180017661353,-0.04820711870104032,-0.01447528732693552,-0.010480075543206494,-0.018681398099917368,-0.03248113830809681,-0.05777691257591904,-0.051878990944727296,-0.032430041939535394,-0.042143334964886515,1
0.21325823473958766,0.19380034303893548,0.18935315867135197,0.2342994218923721,0.23036340117228835,0.21119944621633072,0.19779902049712605,0.0010684091899899177,-0.007132352081025294,-0.055550289376734265,-0.12691713126567167,-0.13123438336148271,-0.1311956183172248,-0.17598822948240628,-0.18299230647599854,-0.08032999063451303,-0.07942555626936977,-0.03825185740574524,-0.04792477720277742,-0.1322504347580155,-0.08813610505008067,-0.08871906361809054,-0.03525115988789535,0.04545611653175374,0.022411225404518176,0.03611168477436981,-0.02209563787248789,-0.060438603265586886,-0.0708226634389905,-0.024598401959090122,-0.04767984668848457,-0.01399309651494347,-0.00999363251400486,-0.018186233410266116,-0.031985679979904806,-0.05728076807018216,-0.051362060551469114,-0.03192419949241473,-0.04163115009810234,-0.03843215167454288,1
0.1941693192364605,0.18972457371962115,0.23467534271517482,0.23073590259335824,0.21158582910639434,0.19818773275418408,0.0015064778306163344,-0.0066911826587868935,-0.05502625005974344,-0.12638100286576648,-0.1307080902536602,-0.1306453340003364,-0.1754236162271781,-0.18239776311233805,-0.079746830596543,-0.07885567529729227,-0.037690272948441274,-0.04739794996997958,-0.1317017026493842,-0.08760099443540512,-0.08817301589031923,-0.03473993361718497,0.04596199357754123,0.022921230545945435,0.03663812964259735,-0.021551736692654228,-0.05988358170523405,-0.07027668985833554,-0.024059748451867587,-0.04713550653600822,-0.013475662774132192,-0.009512688847716463,-0.017697634175902085,-0.031486765498123945,-0.05677833897074487,-0.05086770985068927,-0.0314129831575149,-0.041122690719503016,-0.03792102584061565,-0.0267790361428639,0
0.1900945699656006,0.23503537858479054,0.23111273991756484,0.2119631359769031,0.19857749151084367,0.0019460994931627224,-0.006251103458507811,-0.054572645156925996,-0.12583712072720302,-0.1301709059771277,-0.1301192034205745,-0.1748608516713763,-0.18183133615751262,-0.07918216983033217,-0.07827294800011964,-0.037132551253945524,-0.04683369190921003,-0.13115107986262578,-0.08706494360473685,-0.08763789479930806,-0.03420936746150078,0.046450289961468494,0.02343356082905716,0.03714406842223431,-0.02100854727013879,-0.05932867049989684,-0.06971879996307208,-0.02352728589880797,-0.04659029847335322,-0.012941278902063612,-0.00899654345201458,-0.017214546655842117,-0.03099444473658058,-0.05627243671477262,-0.050367083357269075,-0.030924210879087016,-0.040608840394876666,-0.03741362167632224,-0.0262712356721075,-0.03152935075450376,0
0.23539403483263696,0.2314736702607052,0.21234480146829937,0.1989581274011203,0.0023867728028049246,-0.005809469830320282,-0.05412015956485653,-0.12536513003320687,-0.1296259621187606,-0.12958218316371228,-0.174322521329062,-0.18126676347384163,-0.07864494969315887,-0.07770871382345128,-0.03656207052133889,-0.046273306344714035,-0.13056233892495975,-0.08652699920648231,-0.0871018334882448,-0.0336895627731457,0.04695757022315843,0.023928217936466777,0.037652325760477466,-0.020486131803767123,-0.0587745112475851,-0.0691610231346586,-0.022983025985976964,-0.046051326255890465,-0.012406015682133733,-0.008463463378570827,-0.016696186584249706,-0.0305076570073668,-0.05577318085104827,-0.04986298810418936,-0.03042919017778933,-0.040117496650383194,-0.036900833444327555,-0.025767144880734647,-0.031020194721690465,-0.03973106582616313,0
0.23183321790224604,0.21271044393485294,0.1993431376502174,0.002817616705907654,-0.005366784351605346,-0.053666110869063484,-0.12489430165757635,-0.12915298766554814,-0.1290374042326933,-0.17377318934570077,-0.18072666563886777,-0.07810949410310593,-0.07717191062871412,-0.03600990882872228,-0.045700142619163615,-0.12997755961542123,-0.08595130286637011,-0.08656387861198322,-0.03316882379958821,0.047454337449515764,0.024441957677618514,0.03814296831290232,-0.019961371104498072,-0.058241301439006465,-0.06860400872116701,-0.022438866253685293,-0.04550049936576407,-0.011876920196868838,-0.007929502459473999,-0.01616086527019468,-0.029985474490367175,-0.0552794977460019,-0.04936552562264336,-0.029930714390352324,-0.03961989186647141,-0.036410526581312136,-0.025257691619603388,-0.03051475325600605,-0.03921956933073597,-0.17433568376692693,1
0.21307468747513447,0.19971204448406704,0.0032530723260919938,-0.004933956202256819,-0.053211009067444755,-0.12442189735107623,-0.12868117783188812,-0.12856458259644649,-0.1732160305556123,-0.18017554994159243,-0.0775978589947531,-0.0766368707002403,-0.035484905104928084,-0.045145336071383727,-0.12937982703109926,-0.08537952066449406,-0.08598817149121188,-0.03264618776960156,0.047952030034444516,0.024945115468695548,0.038652631169475704,-0.019454461783823256,-0.057705728922449934,-0.06806798942626054,-0.02189541922264235,-0.04494977886485042,-0.011336056996431997,-0.007401700355806444,-0.015624665685203017,-0.02944628488121865,-0.054750192064719753,-0.04887362562674353,-0.02943882901638983,-0.03911882569338498,-0.03591396376619636,-0.024770640564429076,-0.030003940516306258,-0.03871179584143549,-0.17378577614977822,-0.14750382857774247,1
0.20007954115185184,0.003671212089302109,-0.004496506955307279,-0.05276593689623827,-0.12394843808279865,-0.12820779138102287,-0.12809292522228619,-0.17273173809588208,-0.17961659756659298,-0.07707546724223235,-0.0761256419120391,-0.03496162839914364,-0.044617747304485415,-0.12880080086204596,-0.084794878489293,-0.08541637854792454,-0.03208624197248617,0.048451624926976605,0.025449201094580882,0.039151755571344406,-0.018928279602724613,-0.05718816278308828,-0.06752960287506754,-0.021372750268782457,-0.044399795017422014,-0.010795290765151695,-0.00686214192425752,-0.015094640247880533,-0.028906221444995047,-0.05420379384995131,-0.048346161959543416,-0.02895247418072608,-0.038624369459421166,-0.035413942103452445,-0.024277349531332763,-0.02951556225284003,-0.03819863587701972,-0.17323973003760235,-0.1469615777681495,-0.1359620485447737,1
0.004087772168782374,-0.004076421481646692,-0.0523161857438466,-0.12348526319110326,-0.12773334986907475,-0.12761969133753592,-0.1722486367305234,-0.1791306432223614,-0.07654539776907529,-0.075603660208694,-0.034461898471233314,-0.044091893496910374,-0.12824954018833537,-0.08422875665389923,-0.08483172555420354,-0.0315301529725067,0.04898786405465327,0.02595518757140005,0.039651806245150585,-0.018412812117310447,-0.056651158326563485,-0.06700926304317095,-0.02084773567165147,-0.043870693818548384,-0.010255224846032269,-0.006322679228286346,-0.014552838907830065,-0.028372358619296986,-0.05365653008928712,-0.04780162785355262,-0.028430738857896654,-0.038135458490414394,-0.034920522506585935,-0.02378060763106432,-0.02902093749968483,-0.03770796610548698,-0.1726880479734361,-0.14642316085540535,-0.13542309132736582,-0.1512521237009895,1
-0.0036579223911404417,-0.05188409403792765,-0.12301732373765467,-0.12726920636428304,-0.12714540240712885,-0.17176395085176838,-0.1786458838599432,-0.0760862054959516,-0.07507400305390728,-0.033951521159559225,-0.043589644384059996,-0.12770008719460524,-0.08369010848888211,-0.08426559305407122,-0.030961316654930127,0.049520332691203185,0.0264980029011493,0.04015375868926397,-0.017896412027287426,-0.05612498402615991,-0.06646944183002838,-0.020340576093003576,-0.04333923656317075,-0.009735882915455345,-0.0057839120854930965,-0.01401113542388948,-0.027826686105438564,-0.05311551625293931,-0.04725622606019519,-0.027892001806948483,-0.037611082592484725,-0.0344326422365078,-0.023290443074683358,-0.028522858626177976,-0.03721103860129261,-0.17215977051069417,-0.14587915772096605,-0.1348879561311131,-0.150708803268211,-0.09936978130198548,0
-0.05145363005473973,-0.12256748088189139,-0.12680029371862206,-0.12668140936650746,-0.17127820876943545,-0.17815953882468788,-0.0756281456034233,-0.07461519282319769,-0.03343353261465316,-0.04307672476749685,-0.1271747692551466,-0.08315322925792065,-0.0837269344654932,-0.030410776002574882,0.05006537908344351,0.027037023798586912,0.0406924234652461,-0.01737811389221037,-0.055597872972435854,-0.0659404808243536,-0.0198141397684507,-0.04282572668845604,-0.00921420072776228,-0.00526584815433598,-0.013470135673857846,-0.027281115107646928,-0.05256262976894852,-0.04671706143885845,-0.027352390409030567,-0.03706967329311541,-0.03390933108660242,-0.022805799199241146,-0.02803136717431246,-0.036710651359928806,-0.17162505079826867,-0.14535837691131048,-0.13434725610475826,-0.1501693205890179,-0.09884126614854714,-0.0978110843200411,0
-0.12211932686920098,-0.1263495010610749,-0.12621264789633577,-0.1708029215120311,-0.17767213741809593,-0.07516851870905175,-0.07415751407941872,-0.03298553418426267,-0.04255617984869466,-0.12663856909663568,-0.08264020250304853,-0.08319004484299225,-0.029887356660038045,0.05059246797570176,0.02758866948798736,0.04122730891933656,-0.01682263128797703,-0.05506886631417619,-0.06541058198555667,-0.019298420850981986,-0.04229284147375196,-0.008710325785011012,-0.00474544603503018,-0.012949874851136101,-0.026736261963391347,-0.05200985162138989,-0.046166040450880956,-0.026818976525705137,-0.03652739271663059,-0.03336899930675777,-0.02228583135813205,-0.02754540400424159,-0.036216868940078244,-0.17108677916678203,-0.1448311906332801,-0.13382969999649946,-0.14962424474102062,-0.09831653536535068,-0.09728301396040268,-0.10909308152268572,0
-0.1259004005169358,-0.1257620027808133,-0.1703228124316935,-0.1771952138628396,-0.074707838144838,-0.07369826860033458,-0.03253864195008948,-0.042105812755336744,-0.1260946148023574,-0.08211640633210116,-0.08267700793011634,-0.029365659468254302,0.05109296590781139,0.028122263870768188,0.041774789478562176,-0.01627098923227215,-0.05450236587630648,-0.06487878817742755,-0.018781769231478708,-0.04177074246789915,-0.008187225093294967,-0.0042428328095598395,-0.012427272283693514,-0.026212209390324887,-0.05145781763943007,-0.0456151260356238,-0.026273756906832604,-0.03599132793548582,-0.03282779501195314,-0.0217488829895948,-0.027024073285661396,-0.03572862792537508,-0.17055539791941215,-0.1443004708115698,-0.13330575424142466,-0.14910241668107221,-0.09778630757234405,-0.09675872636721469,-0.10856179170316217,-0.12293579519566757,1
-0.12531304927068562,-0.16986109244294348,-0.17671346074905583,-0.074257264627405,-0.07323796948997348,-0.032090190523639324,-0.041656557398917764,-0.1256225572509388,-0.08158492466852567,-0.08215320150793957,-0.028867473556920133,0.05159181210428248,0.028629120175029076,0.04230427793699678,-0.015706631781948515,-0.0539397460982619,-0.06430942008422783,-0.01826321962423298,-0.04124770828783429,-0.007674806221542165,-0.0037210134244255607,-0.011922490155789845,-0.025685808934030826,-0.05092669910262931,-0.04506494898179976,-0.025728638375842484,-0.03544343407955375,-0.032292799141219394,-0.021211058219266027,-0.026485745692132592,-0.03520494411366121,-0.17002977345456727,-0.14377658445041347,-0.13277828284687956,-0.14857417801455786,-0.09727897511545892,-0.09622894465311337,-0.10803429625848422,-0.1224005551835876,-0.121525545545337,1
-0.1694011021923314,-0.1762501362407874,-0.07380198612118566,-0.07278777213296624,-0.03164068655730824,-0.0412057411976856,-0.12515166217427712,-0.08112442390013368,-0.08162170953640484,-0.02835865443211353,0.0520676605652813,0.029134305210581888,0.04280712117030975,-0.015160506331357782,-0.05336433212056507,-0.06374394309077977,-0.01770747828418039,-0.04072277757430852,-0.007161455926467287,-0.0032098621892810934,-0.0113984681940522,-0.02517728336394656,-0.050393221243433754,-0.044535657667309964,-0.025184236046510038,-0.03489564383983087,-0.03174598360668231,-0.020679418727222895,-0.025946543281253155,-0.034664235201982925,-0.16946747123201228,-0.14325841193882263,-0.13225762042709582,-0.14804240323740164,-0.09676530317271272,-0.09572204768644901,-0.10750128578278265,-0.12186912378954859,-0.12099070796574267,-0.11521653395175276,0
-0.1757885469953008,-0.07336449990998933,-0.07233287156547014,-0.03120113454034955,-0.04075387221746809,-0.1246791911201017,-0.08066505857313896,-0.0811611992169525,-0.027842232697014753,0.0525539372366563,0.029616350053892924,0.043308305463163436,-0.01464140234303507,-0.05280730730716437,-0.06316565138678033,-0.01715557843460452,-0.04016047081284248,-0.006646206891435376,-0.002697780022002521,-0.01088513788110167,-0.024649459839705984,-0.04987771973234998,-0.044004009988535875,-0.024660627076547974,-0.034348579555714194,-0.031199270668867796,-0.020135989121866017,-0.025413535583883914,-0.034122654208590224,-0.16888768068717488,-0.14270380784448328,-0.13174265338917307,-0.147517469872777,-0.09624813065014479,-0.09520881337059714,-0.10699123669642499,-0.12133215170833091,-0.12045967755313991,-0.11468349672801524,-0.11629277710595248,0
-0.0729286599957578,-0.07189575420933553,-0.030756929638721727,-0.040311988005869784,-0.12420566509739991,-0.080204125331408,-0.08070182436123906,-0.027395686027797857,0.05304769176934559,0.030108879975196658,0.04378643947501513,-0.014124007248595319,-0.05227755043959809,-0.06260578975292223,-0.01659096133980245,-0.03960202944379021,-0.006093861459010436,-0.002183798825820997,-0.010370875791660853,-0.024132368522272876,-0.049342811959322615,-0.04349031242034136,-0.024134670941512303,-0.03382235121504046,-0.030653279753615727,-0.019592658912043794,-0.024868725727141473,-0.03358728421921262,-0.16830706295724107,-0.1421318077658091,-0.13119136066118928,-0.14699825635526825,-0.09573768947214051,-0.09469207954237306,-0.10647483479543327,-0.1208182350540601,-0.11992310906712225,-0.11415426017973253,-0.11575943276268645,-0.12037507872533046,1
-0.0714602818801326,-0.030330250880833243,-0.03986543988415774,-0.12374242437763001,-0.07974213828774891,-0.08024088158412589,-0.026950242158872085,0.053473235656847196,0.030608922363033645,0.044275022673003185,-0.013630026750830424,-0.05174953519181157,-0.06207326021815558,-0.01604457993548624,-0.03903082387034795,-0.005545345153991323,-0.0016327578531514398,-0.009854715170017505,-0.02361434397102318,-0.048818711973369046,-0.0429572365980466,-0.02362658332288092,-0.03329377146876478,-0.030128107610809602,-0.0190500383750266,-0.02432401657087653,-0.03304009127218729,-0.16773292358725564,-0.1415589715524232,-0.13062271166823677,-0.14644257686542436,-0.09523288512565412,-0.09418207375194965,-0.10595492565576795,-0.12029794660945926,-0.11940958642781312,-0.1136194972511887,-0.11522989020225503,-0.1198405694459218,-0.11926172373822733,0
-0.029905181207940355,-0.03943647422488671,-0.12327441878490486,-0.07929027642085776,-0.07977888500412049,-0.026503240110514123,0.05389772587327906,0.03104029239735031,0.04477109649652564,-0.013125451634991844,-0.05124517321417277,-0.06154248082086785,-0.015525225781701842,-0.038477947640247714,-0.004984135892968664,-0.0010855412588985733,-0.009301431820247787,-0.023094421744856788,-0.04829367603785713,-0.04243494901815288,-0.023099204549685254,-0.03278309785107827,-0.02960058577229199,-0.018528182693524766,-0.023780022121712638,-0.03249300127870485,-0.16714661992323462,-0.14099256040470948,-0.13005322269087632,-0.14586948849203032,-0.09469209081318986,-0.09367770229901329,-0.10544176848856872,-0.11977414144621638,-0.11888969393135476,-0.11310773731039225,-0.11469481926684802,-0.11930986614975386,-0.11872753216867574,-0.12108020355049574,0
-0.03900912552481637,-0.12282451137950577,-0.07883370347451123,-0.0793270137332187,-0.02605518566882312,0.054323759616211116,0.03147059513220932,0.04519878937260657,-0.012613297395026094,-0.05073012134189622,-0.06103541681422076,-0.015007581290314612,-0.03795224553787297,-0.0044411138812993625,-0.0005256410387880046,-0.008751981012446331,-0.02253726813845746,-0.047766744024989004,-0.041911726190977834,-0.0225825532383476,-0.03225309292885551,-0.029090954896159964,-0.018003982685367494,-0.023256814506940265,-0.03194663468435017,-0.16656045618953558,-0.14041405300437412,-0.12949013585454086,-0.14529556523414738,-0.09413406616275041,-0.09313735518071922,-0.1049342637108893,-0.11925711762264421,-0.11836628568204204,-0.11258961616088711,-0.11418275863042293,-0.11877362691245202,-0.11819714543679959,-0.12054549305484424,-0.12527384066858405,1
-0.12237629303943535,-0.07839495393472859,-0.07887043133840409,-0.025617063061482252,0.05475084363235262,0.031902445458274524,0.045625423550753365,-0.012170704864795162,-0.050207432367568264,-0.060517638114926116,-0.014513357000458743,-0.03742827259894349,-0.003925043149199623,1.6090539515341504e-05,-0.00818983054018936,-0.021983961164002433,-0.0472023781576281,-0.04138660687332555,-0.02206496886368836,-0.03173384348628755,-0.028562008904996522,-0.017497626017716553,-0.022731260376852663,-0.03142109287229038,-0.16597515850646152,-0.1398356781634726,-0.12891498203374388,-0.14472807448691852,-0.0935751893227568,-0.09257978308848015,-0.10439067975860139,-0.11874576833796097,-0.11784965578056683,-0.11206798357915666,-0.11366433530996695,-0.11826042570640108,-0.11766122482728725,-0.1200145892679582,-0.1247379334658042,-0.12301001886147438,1
-0.07795785504177402,-0.0784316725772449,-0.025174294327002817,0.05516828682028823,0.032335346645668964,0.04605360275467716,-0.011729205885424858,-0.049755078653657005,-0.05999220722343539,-0.014008535855114771,-0.036927862084779196,-0.0034106719927480406,0.0005309000207457355,-0.007645880696265197,-0.02141792684308893,-0.046641885179019196,-0.04082410605999507,-0.02154548671381714,-0.031213659973665635,-0.02804380709598917,-0.016972005070079347,-0.022223569000011982,-0.030893200766057442,-0.16541130839774357,-0.13925814093728967,-0.12833995760177738,-0.14414847798197425,-0.09302264194307404,-0.09202135828679221,-0.10382983200700738,-0.11819821287554243,-0.11733869816147648,-0.11155311596074688,-0.11314239982023717,-0.11774085622026949,-0.11714833468567971,-0.11947814823305634,-0.12420583728675247,-0.12247475766873726,-0.11974417756597198,0
-0.07799456449466462,-0.024749017218348796,0.05559027837345641,0.032758526280097164,0.046482832448739825,-0.011286151485291692,-0.04930384132374156,-0.05953731292747035,-0.013496134224126818,-0.036416797940735886,-0.0029196474740861853,0.00104401380092045,-0.007128903114366838,-0.020870148358021146,-0.04606861326826943,-0.04026547134553956,-0.020988785895101503,-0.03069157927805147,-0.02752467162286833,-0.016457092830452297,-0.021696592620618856,-0.03038320493038135,-0.1648450459771254,-0.13870192713915452,-0.1277657585527634,-0.14356901506614525,-0.09245812037123148,-0.09146925984948208,-0.1032681353090116,-0.11763334597612148,-0.11679154730330718,-0.1110439105298352,-0.11262723157706916,-0.11721777176916294,-0.11662907779018693,-0.11896475001952457,-0.12366819608717683,-0.12194330517041214,-0.119209848322149,-0.11543920494917338,0
-0.024325344368564678,0.05599527767509344,0.03318628139879507,0.04690239153907025,-0.01084204509097563,-0.048851041763014816,-0.05908354095837192,-0.013053312468447424,-0.035898118762559494,-0.002418055466000492,0.0015338092011236528,-0.006613627893980648,-0.020349428717758362,-0.04551370007310392,-0.03969407103873848,-0.02043593005992071,-0.030132204855870256,-0.02700363872795697,-0.01594124820136485,-0.02118033941003423,-0.02985388831334715,-0.16429722990526816,-0.13814331339162722,-0.12721282952999652,-0.1429903937374091,-0.09189371813608152,-0.09090519117262542,-0.10271278738405196,-0.11706763474745853,-0.11622708986130557,-0.1104985697433072,-0.11211772724346819,-0.1167014632251879,-0.11610630669218314,-0.11844498255932173,-0.12315362619757485,-0.12140631184734181,-0.11867932441241306,-0.11490610418346445,-0.14557401326676375,1
0.056398742537929016,0.033596905740123036,0.04732650899755677,-0.010407815744041208,-0.048397189222763516,-0.05862820498598383,-0.01261158479982753,-0.03544948041112539,-0.0019089008421789716,0.0020341608104529913,-0.006121719628989017,-0.019830422934699485,-0.04498600707059658,-0.03914100284334414,-0.01987035011684446,-0.02957668515068922,-0.02644534237168929,-0.015423505400660278,-0.020663153290385403,-0.029335319832593583,-0.16372950585871274,-0.13760303634120888,-0.1266575058755968,-0.14243311317942764,-0.09133010250407259,-0.09034124140427698,-0.10214544061015458,-0.11650829978666577,-0.11566178761968111,-0.10993594408449751,-0.11157207768001315,-0.11619082512276542,-0.1155903091393373,-0.11792169965125011,-0.12263268131263252,-0.12089237445544145,-0.11814326573085861,-0.11437680432232337,-0.14503231315425638,-0.1444235464467572,1
0.034005976274645106,0.047733583108915865,-0.009968958675347523,-0.047953348976951346,-0.05817181577761241,-0.012168301550521909,-0.035001949752797086,-0.001469087670510636,0.0025420681712042307,-0.005619235763946276,-0.01933486794634706,-0.044460049347626755,-0.03861511311687313,-0.019323019550796263,-0.029008422214669184,-0.025890896807637384,-0.014868594171361113,-0.020144069304781246,-0.028815817545647368,-0.16317293970871594,-0.13704296836621227,-0.12612047175141292,-0.1418734309450647,-0.09078758759228032,-0.08977807658719117,-0.10157821584400469,-0.11593693087396513,-0.11510285884484454,-0.10937247152172941,-0.11100913954054131,-0.11564400433648366,-0.1150799802465934,-0.11740519414622659,-0.12210821810787387,-0.12037206517146469,-0.11763024079465893,-0.11384197766822166,-0.14449444495295133,-0.1438821746344355,-0.14509155943901908,1
0.04813911563753744,-0.0095474992165821,-0.04750483557387835,-0.05772547406496904,-0.011723966283894256,-0.0345528594557405,-0.001030361548291641,0.0029807256645699057,-0.005109184347669264,-0.01882870388995282,-0.04395769865473847,-0.038090953130233036,-0.018802737700091436,-0.028458446793457708,-0.02532371572361081,-0.014317521410454673,-0.01958777815111275,-0.028294417920490023,-0.1626154250290656,-0.1364939766068587,-0.12556369705201076,-0.14133210072567634,-0.09024269490837518,-0.0892360052785033,-0.10101178798557048,-0.11536568777169702,-0.114531899694274,-0.10881535989459157,-0.11044535485608593,-0.1150798809255347,-0.11453347888471892,-0.11689436021100767,-0.12159054120293038,-0.11984823911801497,-0.11711084844322267,-0.11333015551453653,-0.14395099410668047,-0.14334463354956525,-0.1445499970007831,-0.13956189633640703,1
-0.00912763087184423,-0.04707395186828648,-0.05727444736938636,-0.011289511240704389,-0.034102716554206235,-0.0005900819443744537,0.0034182988118222055,-0.004668540233750256,-0.018314951916301996,-0.04344467652588141,-0.037590359772000516,-0.018284168361690643,-0.027935579899648767,-0.024774806776255497,-0.013753737341687573,-0.019035330489561027,-0.027735744241152608,-0.1620560216724177,-0.13594403925280113,-0.12501796343303065,-0.14077096323030983,-0.08971594221591853,-0.08869155691585656,-0.10046650583536507,-0.11479525624739782,-0.11396106596673107,-0.10824623389039248,-0.1098879332449289,-0.1145149123312311,-0.11396967872962736,-0.11634733712260129,-0.1210785425779221,-0.11933119456170084,-0.11658794155887435,-0.11281197184690363,-0.1434307524753935,-0.14280151195201024,-0.14401226597733782,-0.13902191185712792,-0.13299310191249886,1
-0.04664469172606729,-0.05684111077763418,-0.010850427408776746,-0.033662534468534414,-0.0001487506268364285,0.003857424634494948,-0.004228985113001488,-0.017870878971716415,-0.04292402852748664,-0.037079111105828164,-0.01778904000949742,-0.027414433459457366,-0.024252982238536926,-0.013208177122240606,-0.018470161650242293,-0.027180922727705507,-0.1614582465423962,-0.13539221149523448,-0.12447128548182146,-0.14022091336106002,-0.08916960857676119,-0.08816524217485278,-0.0999188414331338,-0.11424603447914623,-0.11339104232260042,-0.10767723157609378,-0.10931849452752528,-0.11395631491862195,-0.11340503301982782,-0.11578300898294265,-0.12053031632424827,-0.11881982466303903,-0.11607180924320586,-0.11229027659455262,-0.14290410802113704,-0.14228159175398147,-0.1434689532031091,-0.13848575310299843,-0.13245499192137655,-0.13466313439315344,1
-0.05640940619497465,-0.010428746636974304,-0.033217696519545134,0.00028274215300070894,0.0042976020541287034,-0.0037878759308341624,-0.017427903040942497,-0.04247356592352519,-0.03656024638438511,-0.017283306504737615,-0.026916785922324094,-0.02373287495229335,-0.01268962558264579,-0.01792323634425944,-0.02661336299548122,-0.1608644659301956,-0.1348022307817679,-0.12392271638444052,-0.13966991748710636,-0.08863420462468867,-0.08761935328674035,-0.09938935675780439,-0.11369442408097735,-0.11284222190953852,-0.10710903265903296,-0.10874917979567315,-0.11338569004768385,-0.11284675628034198,-0.1152178358951198,-0.11996477058752678,-0.11827224790566002,-0.11556134635960125,-0.11177534677791699,-0.14237393134480486,-0.14175527031005175,-0.14294884636641428,-0.1379440228467909,-0.13192070089656852,-0.1341245478372455,-0.10757149637364485,1
-0.01000865774121926,-0.032790399929428296,0.0007188497174826732,0.004727956948677966,-0.0033457149511666212,-0.016983370656570577,-0.04202421527991888,-0.036111436113864664,-0.01676998746537565,-0.026408510112675237,-0.02323624321553913,-0.012172781239798385,-0.01740335058886895,-0.026064080782276247,-0.16025766742616843,-0.13421621620993088,-0.12333608845596504,-0.1391170314508299,-0.0880978603429601,-0.08708438934076329,-0.09884024871927165,-0.11316104997964971,-0.1122910135163177,-0.10656200778234601,-0.10818066960164159,-0.1128151902837325,-0.11227645490582237,-0.11465903538953255,-0.1193983813014053,-0.11770735945584855,-0.1150147065804836,-0.1112660795050696,-0.1418505840349391,-0.14122541743192576,-0.1424223373681013,-0.1374254609634984,-0.13138085054431903,-0.13358978196599983,-0.10704064075759265,-0.10163360310909504,1
-0.03236471455161247,0.0011376257556742224,0.0051629212485220675,-0.0029134040224034915,-0.016537786128575493,-0.04157330372486487,-0.03566373393859917,-0.01632631566532488,-0.025892634699417157,-0.022728992528829404,-0.011679339116234387,-0.01688517612896833,-0.02554189141992605,-0.15966970420620044,-0.13361723949581641,-0.12275341446303961,-0.13852596189079064,-0.08755962256050878,-0.08654848523562518,-0.09830209996727034,-0.11260799212826575,-0.11175803565678077,-0.10601259783231391,-0.10763333842757303,-0.11224549938394988,-0.11170627833244355,-0.11408820563752942,-0.11883837292705358,-0.11714162670155201,-0.11445076634785384,-0.11072067483366015,-0.14133294748679115,-0.14070239147956018,-0.14189229647811363,-0.13690050449869143,-0.1308641239412427,-0.13304945367206608,-0.10651357795078012,-0.10110444194561397,-0.06689692751147865,0
0.0015548199193288622,0.005580581500151972,-0.002476474441198435,-0.016102099159991314,-0.04112133938118419,-0.03521447200466324,-0.015883739940737746,-0.025446594236398952,-0.02221414791149718,-0.01117530731555355,-0.016390433780919148,-0.025021420429800736,-0.1591097085884526,-0.13303698688182852,-0.12215780230862483,-0.13793886243641318,-0.08698362436194078,-0.08601068752946903,-0.09776300982204895,-0.11206593570308337,-0.11120538019919936,-0.1054813926334196,-0.1070836216842911,-0.11169700639222695,-0.1111369094433203,-0.1135175011862155,-0.11826632467187413,-0.11658227036255102,-0.11388598072143588,-0.11015798452367898,-0.14077889706142444,-0.14018507444808012,-0.14136908393107053,-0.13637201992911413,-0.13034101176120466,-0.1325322604723246,-0.10598100293305751,-0.10057906748169089,-0.06637767889553861,-0.071610130290215,0
0.005996663719095028,-0.002056896143247687,-0.01566177757874499,-0.04067936112947945,-0.03476415744889528,-0.015439608042417617,-0.02500165538956603,-0.02176906255451423,-0.010663699397428502,-0.015885089822876217,-0.024524433162913847,-0.15855154748463968,-0.13248452749861403,-0.12158086642832959,-0.13733879305178534,-0.08641154140054857,-0.08543514211858472,-0.09722202680175629,-0.11152293637052295,-0.11066372187477,-0.10493053735863901,-0.10655211409034598,-0.11114612595041114,-0.11058873331095766,-0.11294760634634858,-0.11769440286940375,-0.1160108798834225,-0.11332756502359659,-0.10959444738401006,-0.1402074572929031,-0.13963135409460092,-0.1408515813737833,-0.135850351971346,-0.1298143759749336,-0.1320086794063284,-0.10547137896810588,-0.10004819181217896,-0.06586218123751887,-0.07108953670254664,-0.08998048757741607,0
-0.0016389024821557925,-0.015238888806615482,-0.040232718523086596,-0.03432380609103188,-0.014994424040967817,-0.024555158716463896,-0.021325076579554608,-0.010221613073396255,-0.015372162485966076,-0.024016823683175426,-0.15801771713800458,-0.13193387947784388,-0.12103164877255614,-0.13675746329920271,-0.08582659630678934,-0.08486351029646674,-0.09664320407049481,-0.11097804505360885,-0.11012112079722,-0.1043906600112627,-0.10600095172555819,-0.1106134713407561,-0.11003817024146927,-0.11239891267703081,-0.11712329512271984,-0.11543961523511621,-0.11275712346729565,-0.10903727162224756,-0.1396351807459909,-0.13906024835713224,-0.14029766936565977,-0.13533438515546245,-0.12929454286482772,-0.1314815735904032,-0.1049554042743205,-0.0995402268575922,-0.06534124675503931,-0.07057269892235839,-0.08945465177710582,-0.09799664348455832,1
-0.014817596069891695,-0.03980366065005014,-0.033878798069617126,-0.014559132040830668,-0.024107609701127658,-0.020879533444671028,-0.009780619116118803,-0.014928853626208702,-0.02350161828726915,-0.15747292644926372,-0.13140739336794932,-0.12048423252056374,-0.13620395113633696,-0.08526017585871584,-0.08427901958054476,-0.0960683068593443,-0.11039520113648989,-0.10957662764457296,-0.10384984060086452,-0.1054607705644493,-0.11006114415180306,-0.10950582845428056,-0.11184783123274096,-0.11657340794981165,-0.11486916224343972,-0.11218680684466872,-0.10846808091876478,-0.1390693254316909,-0.13848830545754087,-0.13972636967467664,-0.1347820596218951,-0.12878040038604785,-0.13096127399360352,-0.10443592338389562,-0.09902591931388045,-0.06484298701108719,-0.07005041558223661,-0.0889325906861033,-0.09746852017327705,-0.08886713259031294,0
-0.03937622005372264,-0.03345133549472253,-0.014119207295243772,-0.0236699855063509,-0.020432938063966417,-0.009338070091241466,-0.014486639992933424,-0.02305619864317386,-0.1569203340851268,-0.1308700143180584,-0.11996090554984803,-0.1356522535700795,-0.08472123583399344,-0.08371304705149087,-0.09548052731336219,-0.1098162973789277,-0.10899419339250113,-0.10330712870941224,-0.10491964722259581,-0.1095198105937775,-0.10895381894464531,-0.11131497850219056,-0.11602113106975519,-0.11431991935123079,-0.11161729841759309,-0.10789901396635158,-0.13849137875848092,-0.1379227815054683,-0.13915423304438285,-0.1342123654350037,-0.1282299594564835,-0.13044666770030577,-0.10392319123790629,-0.09850810964000357,-0.06433843229530604,-0.06955083899880736,-0.0884050499874548,-0.09694417981937377,-0.08834161449985976,-0.09328344070582185,0
-0.03302548470364382,-0.013696705820929045,-0.023227717540679788,-0.01999625427025402,-0.008894469123280168,-0.014042870439136344,-0.022611879163058585,-0.15644027274513272,-0.13032487460846537,-0.11942671463229781,-0.13512474150180212,-0.08418406563992657,-0.0831745448163264,-0.09491131270378556,-0.10922448252500998,-0.10841569780856802,-0.10272652716939343,-0.10437663146893972,-0.10897753440847283,-0.10841279967668795,-0.11076245011633626,-0.11548710004124822,-0.11376828779490675,-0.11106898497950765,-0.10733075064715888,-0.13791356411457176,-0.13734516911189076,-0.13858851668843628,-0.13364183246441344,-0.12766217247915074,-0.12989574763413048,-0.10341610904678761,-0.09799703611336993,-0.06383039923823507,-0.06904496098265529,-0.08790034084070915,-0.09641434500064086,-0.08781986997314903,-0.09275666236626892,-0.09669772933293806,0
-0.013275799048485314,-0.022802929164982517,-0.019554931151391057,-0.008460738188909855,-0.013598048818846561,-0.02216600228979851,-0.1559613926021728,-0.12985171868510623,-0.1188847806980342,-0.13458632707774265,-0.08367075446094832,-0.08263781106691763,-0.09436964170610637,-0.10865128996794986,-0.10782429405840782,-0.10214985762537984,-0.103795717289806,-0.10843336607404365,-0.1078708379032336,-0.11022091750793418,-0.1149333750632969,-0.113234892838748,-0.11051828438201071,-0.10678366239859986,-0.13733658504019844,-0.1367676884315732,-0.13801071019700767,-0.13307770878497927,-0.12709354452713442,-0.12932747577301162,-0.10287296164118966,-0.09749160304053708,-0.06332902863483222,-0.06853560139744933,-0.08738930507901685,-0.09590739618990261,-0.08729264790229002,-0.09223366213453414,-0.09616997668315673,-0.11002087734527163,0
-0.022379743365361325,-0.01913106491334804,-0.00802238188902449,-0.01316311417111387,-0.02171907313697283,-0.15548093089772594,-0.12937972780579027,-0.1184145951544447,-0.13404014626426453,-0.083146671255578,-0.08212492652409858,-0.09382974892869622,-0.1081057309820536,-0.10725150676141304,-0.10156029302360853,-0.10321873624486495,-0.10785126602240502,-0.10732698390901527,-0.1096784421951243,-0.11439065862897134,-0.11268181380874287,-0.10998580703841992,-0.10623418897410229,-0.13678092046495444,-0.1361910421015479,-0.13743303560234657,-0.13250150899242916,-0.12653131281912777,-0.12875836349423922,-0.10231255567260075,-0.096950159231778,-0.06283324290397142,-0.0680329142649329,-0.08687477516761546,-0.09539410977561094,-0.08678824981998778,-0.09170517617344345,-0.09564600565426051,-0.10948932276753386,-0.2043962684187104,0
-0.0187087980762984,-0.0076014111632158226,-0.01272354846731407,-0.021282060202887906,-0.15499941341681112,-0.12890616018266352,-0.11794556770665471,-0.13356602568380976,-0.08261490096914327,-0.08160127387036269,-0.09331377635272485,-0.10756196216041806,-0.10670634387083112,-0.10098931873216922,-0.10262885790601553,-0.10727310342222195,-0.1067452072771507,-0.1091340747785616,-0.11384699903152525,-0.11213973643088927,-0.10943365986774697,-0.1057029212107147,-0.13622285682946134,-0.13563570494764285,-0.13685619606592564,-0.13192543957761155,-0.12595702165544678,-0.12819565077654763,-0.10175130025009387,-0.09639147729442853,-0.06230176513671972,-0.06753581954643273,-0.08636695668146736,-0.09487732372186973,-0.08627752664893429,-0.09119954420218233,-0.0951165425679487,-0.10896156351927942,-0.20383778263542038,-0.20658586656001315,0
-0.007182029868640876,-0.012301397405307961,-0.02084040638764209,-0.15452829213612188,-0.12843153748013536,-0.11747496558738764,-0.13309307240390178,-0.08215413277106141,-0.08106993651821683,-0.09278700732525398,-0.10704220064903283,-0.10616296992769576,-0.10044592784694092,-0.10205757433715794,-0.10668203504617972,-0.10616736691930635,-0.10855176989439941,-0.11330144760016837,-0.11159671613753884,-0.10889250440742672,-0.10515200240007055,-0.13568312200465132,-0.13507796926355475,-0.13630066879640443,-0.1313501993607989,-0.12538285906500699,-0.12762087436823888,-0.10119639057840274,-0.09583194392260998,-0.06175316878212099,-0.06700298954919018,-0.08586476000327044,-0.09436726609959145,-0.08576331009063566,-0.09068758108826158,-0.09460995666572776,-0.10842828752041991,-0.20328318928736663,-0.20602675594733752,-0.22747982848464782,1
-0.011880839838641421,-0.020416217401420085,-0.1540523687271444,-0.12796721529914146,-0.11700330868856386,-0.13261854170717427,-0.08169450063994217,-0.08060956946466977,-0.09225253635349352,-0.10651160791299899,-0.10564359442045457,-0.09990432046551687,-0.10151388116866344,-0.10610957835608034,-0.10557662309886216,-0.10797340320740179,-0.11271792450152388,-0.11105180386461068,-0.10835040638883722,-0.1046120621946806,-0.13512360467380558,-0.13453855768862663,-0.13574274268891987,-0.13079624582610044,-0.12480951871108469,-0.12704622699194032,-0.1006294859162773,-0.0952787445075765,-0.061203709406829176,-0.06645302474479514,-0.08532665950330763,-0.09386284311170866,-0.08525580259561674,-0.09017212156265537,-0.09409703494051469,-0.10791797921369276,-0.2027229042728839,-0.2054715400228433,-0.22691475551698756,-0.23185902476725334,0
-0.019993628927470405,-0.1535947338082027,-0.1274981231325869,-0.1165419111548801,-0.1321429558336682,-0.08123330040751,-0.08015033753973731,-0.09178926577759929,-0.10597329207243511,-0.1051133912311376,-0.09938667181892007,-0.10097197243259451,-0.10556473859588644,-0.10500448635091963,-0.10738212927948079,-0.11213834403505035,-0.11046893838617344,-0.10780641618052753,-0.10407117990191236,-0.1345751576839035,-0.13397936862640927,-0.13520314342051196,-0.1302398960011754,-0.12425743464661189,-0.12647240362202897,-0.10006270284390985,-0.09471356515968302,-0.060660514993242876,-0.06590219849176947,-0.08477136097726556,-0.09332244275601338,-0.08475391512709841,-0.08966338046949067,-0.09358061446539337,-0.10740131682050202,-0.2021862280701697,-0.20491062837370788,-0.22635359873595107,-0.2312927021408219,-0.2204656920658984,0
-0.15313881456178263,-0.12704715526888544,-0.11607575746189891,-0.1316776838475993,-0.08077104634615406,-0.07968953779335694,-0.091327137122172,-0.10550645895102936,-0.10457546709302554,-0.09885821133859962,-0.10045402920388778,-0.10502168679047491,-0.10445995929755285,-0.10680946995934876,-0.11154584761437673,-0.10989001314578868,-0.10722449940009421,-0.10352840514241791,-0.13402576531038649,-0.13343124640291099,-0.13464376375070392,-0.12970185041768367,-0.12370295731841863,-0.1259198442685157,-0.09949671506671012,-0.09414850577036894,-0.060105428733606345,-0.06535764656196116,-0.08421520712992286,-0.09276481678779808,-0.08421613405154289,-0.08916026646924725,-0.09307091966609914,-0.10688114655325108,-0.20164306841049653,-0.20437334041092164,-0.2257867075052994,-0.2307303002069044,-0.21990262067033778,-0.3239705940335824,0
-0.12659788012185774,-0.11562765744630217,-0.13120763738576852,-0.08031892116696489,-0.07922768425854629,-0.09086343861960723,-0.10504077608351467,-0.10410899691191319,-0.09832203955356152,-0.09992527143791498,-0.10450262618135123,-0.10391721923832566,-0.10626443215149768,-0.11097198317878723,-0.10929817665483109,-0.10664651940390307,-0.1029477389184443,-0.1334744824091853,-0.1328821789216393,-0.13409545295316472,-0.129144048555154,-0.12316675738747833,-0.12536489088183134,-0.09895186595763043,-0.09358423538335259,-0.05955045289015463,-0.064801190834153,-0.08366536409358,-0.09220633817202613,-0.08366115878135823,-0.08862121834354282,-0.09256685742284138,-0.10636773022677753,-0.20109633624523557,-0.20382956598965882,-0.22524358189979166,-0.23016215570694734,-0.21934345824433943,-0.3233779862116415,-0.3938892872236566,1
-0.11518124027287201,-0.13075573816303623,-0.07986208366351208,-0.07877595404780414,-0.09039868603551643,-0.10457352088339471,-0.10364367613571034,-0.0978571930527091,-0.09938880072205838,-0.10397274078014537,-0.10339846336931569,-0.10572118290683606,-0.11042576750855405,-0.10872496276829384,-0.10605563494269973,-0.10237100492596296,-0.13288506228999375,-0.132331220838656,-0.13354619682478286,-0.1285972987316201,-0.12261082983292364,-0.12482822171719153,-0.09840463529757996,-0.09304107619086109,-0.05899622923571102,-0.06424484681727767,-0.08310357067486672,-0.09165418628919544,-0.08310532781851959,-0.08806496082512381,-0.0920268297289546,-0.10585996777436595,-0.2005565582373775,-0.2032822175632958,-0.22469394119420733,-0.22961780658129555,-0.2187785743687616,-0.3227893938586513,-0.3932767272226907,-0.3702861614970711,0
-0.13030553486381127,-0.07942307592518626,-0.07831951338001075,-0.08994409700553864,-0.10410521124212793,-0.10317678328011343,-0.09739349215869086,-0.09892367724045574,-0.10343513618877033,-0.10286888550499158,-0.10520192929564036,-0.10988134401993138,-0.10817938293527578,-0.10548335955315591,-0.10178137541307203,-0.13229960627154388,-0.13174213491989764,-0.13299505013767304,-0.12804960418209482,-0.12206593432079202,-0.12427181764366015,-0.09787557814628789,-0.09249553818322354,-0.05846295605526033,-0.063689259984376,-0.08254189401354495,-0.09109006369626903,-0.08255580545530003,-0.08750784908708574,-0.09146958089257291,-0.10531611763507197,-0.20002258511121065,-0.2027418279395503,-0.22414071217461595,-0.22906693635253192,-0.2182374084692474,-0.3221948882195763,-0.39266825463217714,-0.3696803369450754,-0.40736088256760405,0
-0.07898571972271165,-0.07788089293949971,-0.08948478400344846,-0.10364711451618007,-0.10270883602000667,-0.09692822031806549,-0.09845970001359425,-0.10296896209052891,-0.1023315901523943,-0.10467184912107608,-0.10936094255430735,-0.10763559333056127,-0.10493869699349738,-0.10121033713320136,-0.13170119212046602,-0.1311570118851978,-0.13240577016705024,-0.12750001871803218,-0.12152009480118367,-0.12372645069642625,-0.09732690426948948,-0.09196814941841863,-0.057927320064238313,-0.06315464543263345,-0.08198099400476347,-0.09052606006282517,-0.08199433553300525,-0.08695705472047706,-0.09091147897538904,-0.10475500050359679,-0.19945165842965887,-0.20220724670101556,-0.22359448628401263,-0.2285124748107364,-0.21768973708468756,-0.3216248036956391,-0.39205373916792163,-0.36907857551754747,-0.4067444782773674,-0.4200160175876758,0
-0.07744392270130517,-0.0890433602644685,-0.1031842772354955,-0.10225109664646327,-0.0964618942368325,-0.09799415164688549,-0.1025039367046068,-0.10186570258596346,-0.10413404867847512,-0.10882970399082184,-0.10711581150316847,-0.10439582184425696,-0.10066688370660765,-0.13112149407288332,-0.13055893310823793,-0.13182045378694715,-0.12691234506562057,-0.12097236394436499,-0.12318013955904242,-0.09678918504724801,-0.09142116983131512,-0.05740969136038339,-0.06261766589875868,-0.08144115127357625,-0.08996284157729613,-0.08143298206225598,-0.08639430159572226,-0.09035970121120222,-0.10419303473518096,-0.19886313997667182,-0.20163569181812946,-0.22305410221050964,-0.22796502568835825,-0.21713848218964352,-0.3210480718013586,-0.3914641197969378,-0.36847081496242934,-0.4061321752589234,-0.419396001995397,-0.45642272566594694,0
-0.08860359638005641,-0.10273941392306518,-0.1017886184075658,-0.09600575354509851,-0.09752754901160933,-0.10203733944585763,-0.10140096306160333,-0.103667693110087,-0.10829073874882468,-0.10658519826467584,-0.10387693392119772,-0.10012521397594672,-0.13056957671483582,-0.12997956566755062,-0.13122218027662846,-0.1263286291557999,-0.12038659846862032,-0.12263193719190747,-0.09625052459822207,-0.09088512682277063,-0.05687262336799503,-0.062098712913129565,-0.08089893509629903,-0.08942071745871488,-0.08087240406413389,-0.08583166613570203,-0.08979595603076405,-0.10363741958261856,-0.19827380436512834,-0.20104653762862285,-0.22247655279624678,-0.22742342539011945,-0.2165942155431541,-0.320467685512862,-0.3908677572105405,-0.36788779015764594,-0.40551380439841495,-0.41878010069616983,-0.4557923209613414,-0.44543762312652974,0
-0.10229622230826119,-0.10134410550744409,-0.0955448815457749,-0.09707113560356669,-0.10156968781248668,-0.10093465186431973,-0.10320248667850895,-0.10782330391061672,-0.10604686180819345,-0.10334722279089152,-0.09960750438132716,-0.13001946905411854,-0.12942797143989115,-0.13064262087064704,-0.12573196760495145,-0.11980478378859821,-0.12204568658650172,-0.09570997117621756,-0.0903481432369464,-0.05634638620957782,-0.06156030007829588,-0.08037482053997522,-0.08887621620068024,-0.08033287819230694,-0.08526981082863104,-0.08923232945298812,-0.10306980322837245,-0.1976910068208136,-0.20045656701088804,-0.22188133217181638,-0.2268446195731879,-0.21605577949062624,-0.31989450705772865,-0.390267692347191,-0.3672980544927913,-0.40492042114766574,-0.41815810809978743,-0.4551660680097733,-0.4448103531591808,-0.47553531961121664,1
-0.1009012630984173,-0.09510193627966541,-0.0966099895986687,-0.10111223996327323,-0.10046728632133826,-0.10273570824749827,-0.10735702073382185,-0.105580009584667,-0.10280979343482388,-0.09907898239363037,-0.1294935111604211,-0.1288781859168977,-0.1300908390188913,-0.12515399724501572,-0.1192100371157782,-0.12146338854297149,-0.09513159045198064,-0.08980926629606636,-0.0558192122734837,-0.0610327324252567,-0.07983116599639795,-0.08834984932259873,-0.07979097938735716,-0.08472902808134165,-0.0886694866465617,-0.10250230913674546,-0.1970959687534933,-0.19987313880943078,-0.221285302088222,-0.22624812747571843,-0.21548024245012928,-0.3193273248120811,-0.38967498364914444,-0.36670463271522014,-0.404320276214539,-0.417561189083198,-0.45453365628467424,-0.4441872236419582,-0.4748994608873979,-0.4693376435163428,1
-0.09466065610701026,-0.09616677691263949,-0.10065005462688628,-0.10001012059244413,-0.1022678754235473,-0.1068891648046242,-0.10511430765971483,-0.10234378170460845,-0.09854274876083671,-0.12895666517445853,-0.12835254292131776,-0.12954086644818724,-0.12460376850383462,-0.11863395441456788,-0.12086815503675442,-0.09455713363869306,-0.08923261047729111,-0.05529014274718187,-0.06050422747899621,-0.07929841255723376,-0.08780390748793335,-0.07926717765349968,-0.08418587036615977,-0.0881277321972341,-0.10193561293609509,-0.19650107887433646,-0.19927746453248746,-0.2206958559211507,-0.22565082737974143,-0.2148870583376005,-0.3187220919491866,-0.38908838303568133,-0.3661185170291124,-0.40371641977864614,-0.4169574910364769,-0.4539265654607851,-0.44355795571104883,-0.4742677735821543,-0.4687035533773951,-0.42320763521737137,0
-0.09572523024083858,-0.1002058275894374,-0.09954821871009963,-0.10181024889813163,-0.1064202543735395,-0.1046470333888305,-0.10187891830690479,-0.09807784495362219,-0.12841206147874695,-0.12781601472346632,-0.12901504060853908,-0.12405534427251283,-0.11808557064366673,-0.12029159242230883,-0.09396979765202827,-0.08865987228981013,-0.054723577625357345,-0.059973827245801824,-0.07876471981544292,-0.08726889116027825,-0.0787238407892402,-0.08366082776985245,-0.08758360120691479,-0.10139006673642278,-0.1959070869034591,-0.19868193904520468,-0.22009411069475368,-0.2250601198983851,-0.2142930624263817,-0.3180988558171153,-0.38846309032000914,-0.3655384716608354,-0.4031199480879364,-0.4163500728203161,-0.45331264570017515,-0.4429539340563347,-0.4736298920800021,-0.46807362828004234,-0.4225867088568356,-0.4413924333400552,0
-0.09976327005880777,-0.099104268313947,-0.10134788404085114,-0.1059615651949211,-0.10417870467487109,-0.10141248314965279,-0.09761408688729156,-0.12793940221052613,-0.12727173057449176,-0.1284783278885586,-0.12353103197542945,-0.11753898571483258,-0.11974273959116702,-0.09340102029673265,-0.0880742672663349,-0.05416089339884502,-0.059405892980267105,-0.07822913296876968,-0.08673293465316509,-0.0781914016401442,-0.08311623077763239,-0.08705759928837735,-0.10084213785725199,-0.19533468159201348,-0.1980873137866972,-0.21949251999772676,-0.224457102252742,-0.21370563649998722,-0.3174748424098355,-0.38781955372009336,-0.36491995074259775,-0.40252960603736226,-0.41575006619710453,-0.45269498083755433,-0.44234309852336096,-0.47301746131650096,-0.4674375204725851,-0.4219699000733053,-0.4407663177185203,-0.4576103043188569,1
-0.09866198647208885,-0.10090348179724794,-0.10549813266074738,-0.10372058914090194,-0.10094499363416921,-0.09714875783437307,-0.1274679068245843,-0.12679936738914188,-0.12793385819631736,-0.12299584668862827,-0.11701647138442013,-0.11919568704305634,-0.09285977666505053,-0.08750719626920914,-0.05358541451002859,-0.058841844594520784,-0.07765586227696294,-0.08619508455697379,-0.07765802331020369,-0.08258254494459927,-0.08651202807958272,-0.10031239249653395,-0.19475985011855496,-0.1975142853185097,-0.21889185167251154,-0.22385424033946322,-0.2131059293010267,-0.31685760457207757,-0.3871752631659585,-0.36428326716685877,-0.4019004482863619,-0.41515620946318377,-0.45208480480441815,-0.441728525411354,-0.4723981754165916,-0.46682682130115233,-0.4213469940772596,-0.4401443383848911,-0.4569795607237372,-0.4373101317206772,0
-0.10046074966372971,-0.10505268840159489,-0.10325773296328121,-0.10048770565313671,-0.09668237453506219,-0.1269948350413312,-0.12632816739348074,-0.12746132309188116,-0.12245291288231658,-0.11648310056522121,-0.11867271560247332,-0.09232030994075897,-0.0869676204072716,-0.05302832570819651,-0.05826499175367265,-0.07708649689262743,-0.08561948524279381,-0.07712275080374129,-0.08204791944765247,-0.08597737842367384,-0.09976301972523641,-0.19420358784010638,-0.1969388296794739,-0.2183128768103294,-0.22325230543898775,-0.21250637470460662,-0.31622782298941127,-0.3865378870560569,-0.36364582176421,-0.4012530002905717,-0.4145234209214205,-0.4514808369140074,-0.4411214178240258,-0.47177513132570686,-0.46620927548913227,-0.42074918334259914,-0.4395162281349503,-0.4563529701035911,-0.436685181035285,-0.44566029412395036,0
-0.10460891784037081,-0.1028128512080978,-0.10002568094070714,-0.09622617741926433,-0.12652070822881148,-0.1258553912070754,-0.12698995157928283,-0.12198180088587288,-0.11594199126769827,-0.1181388834779518,-0.09180475384294302,-0.08642981632929657,-0.052498506299264815,-0.05770654853004325,-0.07650428888441166,-0.08504779971361938,-0.07654980353170861,-0.08151140005835374,-0.08544178873038605,-0.09922460906484494,-0.19362728645197053,-0.19638195218350818,-0.21773146515061567,-0.22267208426332183,-0.21190773504654548,-0.3155982224427667,-0.3858877898983093,-0.3630152439245225,-0.4006048028339377,-0.4138722985840513,-0.4508376031941259,-0.44052050080244387,-0.47115961661151956,-0.4655879757305195,-0.4201445892027134,-0.43891333668104726,-0.4557202185088499,-0.43606436243739227,-0.44503296061463005,-0.4733457214699139,0
-0.10236964121404238,-0.09958161066665948,-0.09576524872913222,-0.12605687505637103,-0.1253815600212915,-0.12651700375599814,-0.12151184915236579,-0.11547256980893698,-0.11759731032226223,-0.0912784051158772,-0.0859158855120871,-0.051970428702241424,-0.057175405328876786,-0.07594056661519426,-0.08446325490509772,-0.07598076038971184,-0.08093716988788395,-0.08490430536444074,-0.09868525690974828,-0.19306223447013282,-0.19580502602604735,-0.2171687170196982,-0.2220894242724536,-0.21133075639833312,-0.3149696465270716,-0.385237892983711,-0.3623720048908469,-0.399963546579244,-0.4132204310068877,-0.4501759103902198,-0.4398804187367143,-0.4705503406216264,-0.46497419220028474,-0.4195362727076581,-0.43830363689406115,-0.4551127958828878,-0.43543742048934625,-0.444409767784549,-0.4727104875754807,-0.4685954068582741,0
-0.09913920935966701,-0.09532224813476349,-0.12558827421015675,-0.12491801837318099,-0.12604300091598053,-0.12104032210102672,-0.11500430465864564,-0.11712745906578508,-0.09074435677044634,-0.0853911769817239,-0.05146600577657988,-0.056646008006339656,-0.07540426375138047,-0.08389722905235102,-0.0753988769370941,-0.08036684851794351,-0.08432908337333049,-0.09814401193927991,-0.1924962306705237,-0.1952393559404089,-0.21658582908037344,-0.22152544570650182,-0.21075134418428215,-0.31436321052033167,-0.3845890947986067,-0.3617289596163859,-0.39930953511483264,-0.41257552976769246,-0.4495134844897734,-0.4392219153906011,-0.4699016234494197,-0.4643666374776023,-0.4189353745765428,-0.4376902022983275,-0.45449854269226314,-0.43483566960506914,-0.44378043612808177,-0.4720794228466776,-0.4679615285258978,-0.4972828536926304,0
-0.09488091282435404,-0.12513778585803548,-0.12444971042947722,-0.12557928999567847,-0.12056774017661026,-0.11453446536995342,-0.11665876512315074,-0.09028147778802656,-0.0848587779097744,-0.05095089239692698,-0.05614029501419671,-0.07486972261680161,-0.08335867469938203,-0.07483547461003355,-0.07978367766145356,-0.08375777379355126,-0.09756491969154006,-0.19192834012818316,-0.19467273379749414,-0.21601426081778877,-0.22094130822852706,-0.21019056683490267,-0.3137542932589081,-0.383962760024041,-0.3610869880572605,-0.398655727594307,-0.4119178412273243,-0.44885809723944603,-0.43856267528392817,-0.46923438141996165,-0.46371969843459626,-0.41834063144154343,-0.4370842246454354,-0.4538805435863327,-0.4342271159837586,-0.443176352260479,-0.47144216797917815,-0.46733181447140626,-0.4966407890362699,-0.5370667385651141,1
-0.12468898857154498,-0.12399950794002879,-0.1251108119795492,-0.12010543045389407,-0.11406357137883492,-0.11618849674226016,-0.08981973981006733,-0.08439742709701104,-0.05042814157484347,-0.05562387972841112,-0.07435898141278235,-0.08282188899227587,-0.07429948445304688,-0.07921900623050417,-0.08317360763322731,-0.09698975394510725,-0.191321832664262,-0.19410422505273894,-0.21544173821248294,-0.22036850375834088,-0.20960968027527999,-0.31316443384757403,-0.3833339117804554,-0.3604673707011328,-0.39800303308022417,-0.41126036010729106,-0.44818983036619314,-0.43791045200841744,-0.46856641266886223,-0.4630542558627444,-0.41770692721647934,-0.4364844310856857,-0.4532700358293254,-0.43361483034940174,-0.4425654542093775,-0.47083034897574905,-0.4666959190824753,-0.49600291817519365,-0.5364133210765271,-0.5313886281308885,1
-0.12355099553193546,-0.12466044350532302,-0.11963836025950898,-0.11360292616600266,-0.11571717361555744,-0.08935643225817216,-0.08393721371404908,-0.0499757305545701,-0.05509981979550177,-0.07383749176844803,-0.08230895365943787,-0.07376525506465235,-0.07868177566976996,-0.08260795504633026,-0.09640170393612678,-0.19071935150891545,-0.19349708152992878,-0.21486733034977099,-0.21979474446642377,-0.20904009204012486,-0.3125540137007072,-0.3827244071182348,-0.3598452507508885,-0.39737286430739904,-0.41060400540537995,-0.44752178091443884,-0.4372453769664936,-0.4679055205299181,-0.4623880845020509,-0.41705487821231885,-0.43584550959530255,-0.4526657381152575,-0.4330099929973167,-0.44195081842674994,-0.4702116778374293,-0.46608542728733815,-0.4953588128102199,-0.5357641383180916,-0.5307368309625726,-0.5355822652489768,1
-0.12421176568396682,-0.1191893657703876,-0.11313752835046799,-0.1152561052222462,-0.08889207066428033,-0.0834754318233036,-0.049524436052342254,-0.05464619579056363,-0.07330832939570572,-0.08178524974955502,-0.07325481860074683,-0.07814630968817754,-0.08206976551799292,-0.0958322227080861,-0.1901037900037412,-0.19289396663131603,-0.2142541173158676,-0.21921910019888252,-0.20846955022947608,-0.3119552069655467,-0.3820940367102105,-0.3592423779249545,-0.3967401758586516,-0.40997023499782625,-0.44685489646396587,-0.4365805163283881,-0.46723170030148103,-0.46172897744349317,-0.4164020850329103,-0.4351881807454713,-0.4520221636760082,-0.43241133320638847,-0.44134364864119596,-0.4695892500076466,-0.4654680898690773,-0.49474030592125734,-0.5351086473201064,-0.530089262682025,-0.5349292713735325,-0.5245229390437527,0
-0.11874205720326303,-0.11269016604499464,-0.11479028222564788,-0.08843786719873893,-0.08301259604482236,-0.049071579279322396,-0.05419369114105669,-0.07284997761589306,-0.08125386085761287,-0.07273363649329424,-0.07763466442182093,-0.08153334351476849,-0.09529029112138433,-0.18950718834553834,-0.19227776683346567,-0.21364495500269784,-0.21860461504720116,-0.20789712271009242,-0.3113554353332128,-0.3814754925587682,-0.3586187423184674,-0.3961268860445883,-0.4093339390836238,-0.44621076475533095,-0.4359168090497544,-0.4665581027448986,-0.46105695801178576,-0.4157562645307616,-0.43453011378582973,-0.45136012606585424,-0.43177358293883206,-0.4407426697776783,-0.46897434690934675,-0.46484699901253307,-0.4941149140842033,-0.5344790250616991,-0.5294353966857662,-0.5342805107008193,-0.5238731010862221,-0.5373265213954382,0
-0.11224448404162173,-0.11434250495823012,-0.0879789415838401,-0.08255989722098393,-0.0486176695209932,-0.05373962337449927,-0.07239275625061328,-0.08079344604876404,-0.07220478335932969,-0.07711226241807077,-0.08102076371206315,-0.09475013855548722,-0.1889387496434585,-0.19168053595568765,-0.21302266437812428,-0.21799418524749906,-0.20728594722076563,-0.3107537846522281,-0.380855975862234,-0.35800686111647056,-0.39549267171681873,-0.40871709352085966,-0.4455640907660219,-0.43527580368680757,-0.46588569044477296,-0.4603851595493903,-0.41509764863399373,-0.43387905562266704,-0.4506973557552702,-0.43111743936047786,-0.4401025238270672,-0.46836567903182147,-0.4642334228097177,-0.4934857491627115,-0.533842463319152,-0.5288073608560203,-0.5336254445398868,-0.5232274849521404,-0.5366730297745512,-0.5474951636109797,0
-0.1138964094217,-0.08753789592129838,-0.08210248336097815,-0.048173772851117166,-0.05328450250018791,-0.07193396846987404,-0.08033416648023793,-0.0717467181113276,-0.07658218263695446,-0.080497418595209,-0.0942339120294211,-0.1883721713926682,-0.1911114822635145,-0.21241942925253607,-0.21737061803757318,-0.20667881503432994,-0.31011254190457266,-0.3802345846160085,-0.3573940099511632,-0.3948703246555514,-0.40807926823817786,-0.44493701590860824,-0.4346322611044624,-0.46523611931711983,-0.4597145397752685,-0.41443924103431934,-0.43321515595106375,-0.4500416264536113,-0.4304605563106846,-0.4394439558297826,-0.46771759006094915,-0.46362607422682106,-0.492864159755134,-0.5332021012467884,-0.5281723933257311,-0.5329962370340707,-0.5225755838272504,-0.5360237731511143,-0.5468387702400647,-0.5414088230148162,0
-0.08709850881154063,-0.08166291311868323,-0.047725202757235685,-0.05283941152096014,-0.07147412710413611,-0.07987331905694663,-0.0712897826076098,-0.07612298081277041,-0.0799663904818409,-0.09370688672121544,-0.1878301130629628,-0.19054429091189498,-0.21184450709557415,-0.21676612447283472,-0.20605856911002401,-0.30947545192204556,-0.37957303110654206,-0.35677928271740755,-0.39424700357562825,-0.4074533487464689,-0.44428880251223457,-0.43400827276205,-0.4645839971028567,-0.4590667324980543,-0.4137819632351846,-0.4325514695720383,-0.449373014517512,-0.429810673948974,-0.43878465114620885,-0.46705098376801063,-0.46297934813341984,-0.49224884386951906,-0.5325693990895277,-0.5275336293541915,-0.5323600920790419,-0.521949466228239,-0.5353682078066448,-0.5461866223294295,-0.5407541664577866,-0.556439115340708,0
-0.08122499634903997,-0.04729426372338456,-0.0523896414716323,-0.07102438113963977,-0.07941141784040438,-0.07083128088833614,-0.07566491139152338,-0.07950630996010441,-0.09317215805047352,-0.1872770188784149,-0.19000163325996594,-0.2112714653072284,-0.21618997233568615,-0.20545734962002396,-0.30882503314564197,-0.37891570430514215,-0.35612458570715116,-0.3936218088128516,-0.406826453851847,-0.443652605735296,-0.4333631938016119,-0.4639515521264374,-0.45841637698974713,-0.4131472844974648,-0.43188893226546704,-0.448704620329147,-0.4291479604309052,-0.4381323637360734,-0.4663836500231025,-0.46231412106547287,-0.4915938872738901,-0.5319430341113977,-0.5269025132516897,-0.5317201478108153,-0.5213164263402223,-0.5347385129665341,-0.5455281468511495,-0.540103749098613,-0.5557801697006077,-0.5647150540781743,1
-0.046864948443411075,-0.05195753132296028,-0.07056993409861159,-0.07895964060960903,-0.0703717256129877,-0.07520527496176964,-0.07904736389673396,-0.09270864869807047,-0.18671607706727858,-0.18944793425288395,-0.21072308869916528,-0.21561570434568197,-0.20488439751607282,-0.30819406969979357,-0.3782449034371817,-0.35547409044333256,-0.392956341924119,-0.40619768608867385,-0.4430154295731686,-0.4327300980200128,-0.4632978852351083,-0.4577856733917239,-0.41251007878259044,-0.43124907815819596,-0.4480373924006374,-0.428485459083979,-0.43746722399486593,-0.46572338854130085,-0.46164816496111544,-0.4909203309800175,-0.5312766634169482,-0.5262777252429206,-0.5310878603083936,-0.5206795947128164,-0.5341018782861712,-0.5448956109557888,-0.5394470154522489,-0.5551254787234953,-0.564053746794803,-0.5642326002504297,1
-0.05152704896052092,-0.07013325936855101,-0.07850315269947523,-0.06992226176881067,-0.07474458486120958,-0.07858685021181915,-0.09224628182467486,-0.18622827936839895,-0.18888638427215138,-0.21016361824993596,-0.21506612909317158,-0.20431331972868846,-0.30759204628448206,-0.3775938476238832,-0.35481017015405053,-0.39229511599042033,-0.40552854299517604,-0.44237638288510095,-0.4320960240548085,-0.46265629314533263,-0.4571337749152638,-0.4118923364620894,-0.43060668869530705,-0.4473929227086848,-0.4278241024831588,-0.4368022987186459,-0.4650502045224869,-0.4609892716846399,-0.4902460552182721,-0.5305915561137714,-0.5256129836129484,-0.530461907609835,-0.5200503963889447,-0.5334614430980836,-0.5442561212809248,-0.5388161800425122,-0.5544644436019728,-0.5633967026897884,-0.5635714306413298,-0.5611894299523478,1
-0.06969822814138245,-0.07806448615208147,-0.06946809818182492,-0.07429400193976594,-0.07812528276739797,-0.09178234493755545,-0.18574168096326527,-0.18839802306071093,-0.20959626488814084,-0.21450544899887408,-0.20376686298334173,-0.30699198649349285,-0.3769721862198292,-0.3541658971144772,-0.39162038799972365,-0.4048636542402271,-0.44169666396499135,-0.4314600788568212,-0.46201371957977466,-0.45649393237353436,-0.4112536004986966,-0.4299838369411891,-0.44674591018889315,-0.427185410193542,-0.4361385270378803,-0.4643772425740304,-0.4603174679172115,-0.48957889926431924,-0.5299057426124142,-0.5249295249146443,-0.5297959628145954,-0.5194275151731933,-0.5328286683762262,-0.5436128241344989,-0.5381783991964737,-0.55382940882225,-0.5627332991016973,-0.5629145237141748,-0.5605291287501906,-0.5245600508766561,1
-0.07762746996575835,-0.06903170009306063,-0.0738387139850785,-0.07767383467697514,-0.09131735394480674,-0.18525349559924814,-0.18791086246117203,-0.2091025264297219,-0.21393687929788643,-0.2032093300164674,-0.3064171990755744,-0.37635254876846297,-0.35355086509515793,-0.3909654608863273,-0.40418523713423266,-0.4410212378855656,-0.43078355101181565,-0.4613692767180876,-0.45585310903394316,-0.4106267800421255,-0.4293399122156056,-0.44611850165418204,-0.426544184429187,-0.43549745830306147,-0.46370546356153486,-0.4596458849151977,-0.48889876007250777,-0.5292271279388553,-0.5242453581242578,-0.5291112865192285,-0.518764743327066,-0.5322022312491711,-0.5429772090269948,-0.5375368150470095,-0.5531874080025876,-0.5620959520762785,-0.5622512581981259,-0.5598730870987666,-0.523910202328797,-0.5023671748004013,1
-0.06859694455466353,-0.07340121855250566,-0.0772176774632242,-0.09086252981456286,-0.18476425367781715,-0.18742211450960597,-0.2086100011615363,-0.2134420138143459,-0.20264392485897212,-0.30583107542992755,-0.37575862367140317,-0.35293783666289985,-0.3903400157296652,-0.40352667334498676,-0.4403322078115153,-0.4301113043901321,-0.46068400575852325,-0.4552104159994298,-0.4099989838335327,-0.4287079583545875,-0.4454699493998694,-0.42592247969077895,-0.4348538522462508,-0.4630565155906236,-0.4589754798148489,-0.4882188495267422,-0.5285354291416895,-0.5235683788836276,-0.5284259035305433,-0.5180832780398826,-0.5315357860223601,-0.5423479477848752,-0.5369029000243449,-0.5525415935862361,-0.561451627666201,-0.5616140459672992,-0.5592106924986757,-0.5232645756425723,-0.5017236592690267,-0.5017733854739461,1
-0.0729653694486484,-0.07677933366400944,-0.09040298060077065,-0.1842855151485066,-0.1869323099437423,-0.20811588478979978,-0.2129483641573498,-0.20215199155095984,-0.3052369213740603,-0.375153186709583,-0.3523503720562508,-0.3897166061494684,-0.40289767375405655,-0.4396631819137405,-0.42942547659798247,-0.4600030478522825,-0.45452694540994104,-0.4093693149617551,-0.42807502675243947,-0.44483341738019144,-0.42527971978936074,-0.43422980133934513,-0.4624050175419377,-0.4583278837772082,-0.4875401472850699,-0.5278439699194665,-0.5228783299181964,-0.5277477164211487,-0.5174011023706044,-0.5308506032928165,-0.5416785851484774,-0.5362753291284684,-0.5519034801833276,-0.5608034839917858,-0.5609698570131653,-0.558574330510661,-0.522612663896756,-0.5010843427643513,-0.5011300393878287,-0.4462911952833088,0
-0.07634263911458634,-0.08996132632737712,-0.18380193848038312,-0.18645301657780378,-0.20762071126096007,-0.2124531226105154,-0.20166126721061478,-0.30471835015872467,-0.37453961245847267,-0.3517514548763236,-0.3891189936970326,-0.4022707206588977,-0.43902395680956374,-0.4287596074628219,-0.4593084462404659,-0.45384778131938597,-0.4086992447315717,-0.4274402236572182,-0.4441959058454237,-0.4246489183252593,-0.4335846588430435,-0.4617731877830356,-0.4576777398504526,-0.4868843868379127,-0.5271537611635655,-0.5221885189678929,-0.527056448952541,-0.5167261006142349,-0.5301647144517416,-0.5409904500154364,-0.5356077126788306,-0.5512717349567902,-0.5601630588881502,-0.5603218491250945,-0.5579309959709398,-0.5219865359289296,-0.5004387823324722,-0.5004908917174423,-0.44566368173840276,-0.47123034699441807,1
-0.08952133270232214,-0.18333683424644195,-0.18596888245006346,-0.20713612343702922,-0.21195682379281036,-0.20116895302611132,-0.3042010502218332,-0.3740030470454328,-0.35114443648730165,-0.38850983553894336,-0.40166964432716934,-0.4383868096141767,-0.4281234677326727,-0.4586339280023318,-0.4531549864003984,-0.4080334322152517,-0.4267648709040584,-0.44355652386113115,-0.42401713956656245,-0.4329515002034307,-0.4611201456610315,-0.45704724480074027,-0.48622606528418716,-0.5264866782752674,-0.5214999524663548,-0.5263654206510812,-0.516038046543384,-0.529486024954454,-0.5403016121625578,-0.5349213446778099,-0.5505998062776539,-0.5595290152030018,-0.5596815587842816,-0.5572838445813499,-0.5213534856212251,-0.4998188549158847,-0.49984550122038446,-0.4450403095218898,-0.4705957167487133,-0.4442871563065232,1
-0.1828734714031923,-0.18550323415490633,-0.206646669821759,-0.21147112629562356,-0.20067558186672538,-0.3036821418564144,-0.37346779500244837,-0.35061394554864606,-0.3878925194986222,-0.40105699049985766,-0.43777576828072984,-0.4274893964329712,-0.4579893347642897,-0.45248224917360413,-0.4073540847165429,-0.42609379509620565,-0.4428764599599292,-0.4233834890521142,-0.4323173633558564,-0.4604791716750566,-0.45639555811049204,-0.48558750984225874,-0.5258170159503756,-0.5208344855607943,-0.5256756412427261,-0.5153502286016113,-0.5287942506747906,-0.539619993850744,-0.5342342719268868,-0.5499090743225584,-0.5588547121357714,-0.5590476490899939,-0.5566444042829568,-0.5207166435487157,-0.49919203558158015,-0.4992257397048334,-0.44441079730967514,-0.4699652534920646,-0.44366021463935995,-0.3922934784088088,1
-0.1850393291237394,-0.20617582989160843,-0.21098055776111974,-0.20019277140080616,-0.3031621738271523,-0.37293092197699207,-0.3500847537707758,-0.3873524870506744,-0.4004361594454293,-0.43715305799738524,-0.42688136186864634,-0.45734683592607134,-0.45183939667023293,-0.40669460375978067,-0.4254091465227289,-0.44220069015534214,-0.42270932217145935,-0.4316813552898269,-0.45983721645280423,-0.4557559250954747,-0.484927637614922,-0.5251672823189828,-0.520166441834772,-0.5250089808335751,-0.5146636478324728,-0.5281027160414339,-0.5389252649704583,-0.533554406628147,-0.5492176426308305,-0.558161577312136,-0.5583734844400067,-0.5560113397617905,-0.520087434858473,-0.4985614396809191,-0.4985990870855363,-0.44380653717222107,-0.46932860401736515,-0.4430374122385721,-0.39168137379197143,-0.35714857264925454,0
-0.20570675110116365,-0.21050862970853712,-0.19970510354600335,-0.3026531355755482,-0.37239298747127014,-0.3495539452483895,-0.38681377608278983,-0.3998928700859013,-0.4365221148349243,-0.42626168594920155,-0.4567305632206724,-0.4511986332191074,-0.4060647077426127,-0.4247444398440715,-0.44151131388865394,-0.42203942791884863,-0.4310047627608665,-0.45919339179353186,-0.45511531136378375,-0.4842799063924812,-0.5244960583506902,-0.5195183035979579,-0.5243397416717863,-0.5140001348929671,-0.5274124321497125,-0.5382307785298727,-0.5328614461949492,-0.5485334482449259,-0.5574677455122612,-0.5576804896939095,-0.5553380482051832,-0.5194645433357324,-0.49793843008051825,-0.49796865830653,-0.44319546198642423,-0.4687173760363786,-0.4424084735563786,-0.3910733549436094,-0.35654649707357244,-0.3957448788688284,0
-0.21003846654225794,-0.1992360064560193,-0.30213911594326603,-0.37186623206361347,-0.3490220758589247,-0.38627344171360023,-0.39935090982492877,-0.43596945588519037,-0.42563379394268114,-0.45610257355419126,-0.4505840569003415,-0.4054368609750587,-0.4241094362820607,-0.44084194671924515,-0.42135596938256464,-0.43033245169071527,-0.4585087568928565,-0.4544728278894109,-0.4836311913154468,-0.5238370964964798,-0.5188486997941861,-0.5236904251370156,-0.5133340482962975,-0.5267452753275637,-0.5375375536074622,-0.5321687265294932,-0.5478361206100786,-0.55678116745614,-0.5569867978106531,-0.5546459370250961,-0.5188017608421249,-0.4973217021373711,-0.4973458145680647,-0.44258064863703844,-0.46809929882027257,-0.4418047733349227,-0.3904592961791855,-0.3559484711046874,-0.39513178935143406,-0.38821117678943085,0
-0.19876866450483477,-0.3016443004341049,-0.3713344115174657,-0.34850130140203733,-0.3857320455141655,-0.3988073238904139,-0.4354181479511408,-0.4250839621068116,-0.4554663217927121,-0.4499577791891687,-0.4048349110550044,-0.4234764976601624,-0.4402023880611195,-0.4206924358251491,-0.429646558987446,-0.45782843272988194,-0.4537895729131049,-0.48298060834164136,-0.523177146435994,-0.5181913408193234,-0.5230196247411468,-0.512687839131359,-0.5260755389491286,-0.5368675028031561,-0.5314772619320207,-0.5471390378718936,-0.5560814351645819,-0.5563003587128855,-0.5539531276928176,-0.5181202847797463,-0.4966652868369488,-0.49672925153674596,-0.44197330262317797,-0.46747746636138515,-0.4411942608122757,-0.3898701226672372,-0.3553444703574854,-0.39452278915376754,-0.3876002371087361,-0.4449551692987851,1
-0.3011513286167996,-0.3708222229348985,-0.34797549008158946,-0.3852018764506452,-0.39826267579688535,-0.43486520780670196,-0.424535474673507,-0.4549087440468967,-0.4493232488568858,-0.4042213756219651,-0.42286957031825073,-0.43956490833646916,-0.4200585788548377,-0.42898062586385405,-0.45713446941074143,-0.45311062365077565,-0.4822890199158237,-0.5225153310386546,-0.517532994259274,-0.5223610819403605,-0.512020194350047,-0.5254257323258271,-0.536194867757464,-0.5308089432922175,-0.5464432261305194,-0.5553819500431413,-0.5556007666031086,-0.553267565101587,-0.5174380983476513,-0.49599025434132754,-0.49607300659600756,-0.4413721485408424,-0.4668631541462307,-0.44058001149847487,-0.38927420812742225,-0.3547651161131343,-0.39390774264319617,-0.3869933789961106,-0.44432803700570755,-0.3667605373712446,1
-0.3703119378627451,-0.34746916629450325,-0.38466662611058383,-0.3977292999657355,-0.4343112045574371,-0.42398535700219503,-0.45435252882269955,-0.4487672661381492,-0.4035996580830405,-0.4222510117828096,-0.438953541946901,-0.41942678330228195,-0.4283444235923394,-0.4564605803921825,-0.45241804510218675,-0.48160176754256634,-0.5218121857462437,-0.5168727819970098,-0.5217015510956751,-0.5113647734972713,-0.5247544342323605,-0.5355422040223032,-0.5301380432152486,-0.5457706298893525,-0.5546837446891991,-0.5549014215309162,-0.552568857215354,-0.5167630859021775,-0.4953145040736802,-0.4953981465035102,-0.44073182158306723,-0.46625507376709474,-0.4399732252686469,-0.38867459240352,-0.35417906901781754,-0.3933176048314733,-0.3863804885335815,-0.4437050446663447,-0.366155718900463,-0.36538739955381744,0
-0.346964725824305,-0.3841510901683317,-0.3971908276980584,-0.433768603391846,-0.42343417651143983,-0.4537946779564352,-0.4482126422099805,-0.40305554733232213,-0.42162424334384835,-0.4383305036242159,-0.4188209733407873,-0.427710289943401,-0.4558166021442337,-0.45174552117016376,-0.480900826278068,-0.5211134185800819,-0.5161712861454467,-0.5210401548186167,-0.5107083658102991,-0.5240953990438008,-0.5348680044577341,-0.5294870895762372,-0.5450954452859633,-0.5540087931267873,-0.5542033557149263,-0.5518703955307265,-0.5160750210481129,-0.4946458837124642,-0.4947225684409317,-0.4400730704074634,-0.4656075917025963,-0.4393726277637328,-0.3880823294594253,-0.35358934480685883,-0.39272072126067803,-0.3857924555912591,-0.44307591480747743,-0.36555495992652565,-0.3647829729251929,-0.35855882229958513,0
-0.38363746926204356,-0.39667214726640526,-0.43322086217698086,-0.42289435893299915,-0.4532357634888175,-0.44765638375254113,-0.4025127676015386,-0.4210754525735572,-0.4376992306070587,-0.4182035424405792,-0.42710219443105346,-0.45517471640684454,-0.45110287713801056,-0.4802200585031367,-0.5204008798622136,-0.5154741624152127,-0.5203374407525713,-0.5100500919793352,-0.5234353756205498,-0.5342060987532182,-0.5288146266586053,-0.5444402685436565,-0.5533312493890977,-0.5535285414582373,-0.5511732098772055,-0.5153871923333209,-0.49396426722034165,-0.4940541191053817,-0.439413582756004,-0.4649415995957868,-0.4387328757698908,-0.38749617204650144,-0.35300689881607566,-0.3921201341421573,-0.3851976872171197,-0.4424720279473555,-0.3649482083594076,-0.3641826043805488,-0.35795634429141737,-0.38264440185391535,1
-0.3961553926977481,-0.4326931355749395,-0.4223494144646862,-0.4526883192577449,-0.44709906185475823,-0.4019683616241558,-0.4205280037705945,-0.43714626602339346,-0.4175779078771364,-0.4264824570042323,-0.4545590430236693,-0.4504623215176747,-0.47956935705840514,-0.5197086794875445,-0.5147632789308945,-0.5196391032428612,-0.5093505905497121,-0.5227734868771611,-0.5335432037017345,-0.528154439073129,-0.5437635169552343,-0.5526737473331242,-0.5528511352485562,-0.550499261702768,-0.5147006008304937,-0.4932828807709616,-0.49337267514468214,-0.4387611136310987,-0.4642748793314364,-0.43807470645483026,-0.38687133717247973,-0.352430502122006,-0.3915269071255621,-0.3845992204545942,-0.4418613278703252,-0.36436616859202836,-0.3635762457877044,-0.3573579173410961,-0.38203505072250604,-0.3549960863408553,1
-0.4321673659834554,-0.4218244173901014,-0.4521357120818178,-0.44655318809346306,-0.401422893404844,-0.4199789254559408,-0.4365946531703444,-0.41703016772348406,-0.4258545031499563,-0.4539316581797222,-0.44984794835898456,-0.47892076877805256,-0.5190468039855239,-0.514072710261225,-0.5189269972657904,-0.5086554539805667,-0.5220702661201363,-0.5328784439844201,-0.5274932628064268,-0.5430990864538374,-0.5519946343284399,-0.5521937687489848,-0.5498227229774486,-0.5140370773290095,-0.4926027080139448,-0.49269146106360767,-0.4380957905752541,-0.46361522712856906,-0.43741579999547814,-0.38622826390595955,-0.3518157504117743,-0.3909397911626346,-0.38400809781130657,-0.44124689054466276,-0.3637774227975299,-0.3629945896664721,-0.356753512998694,-0.3814297754313394,-0.35439462500423025,-0.30218594811926525,0
-0.4213013679278291,-0.45160323647085704,-0.44600215881170563,-0.40088870882877886,-0.41942878442693404,-0.4360414078936757,-0.41648376707958196,-0.4253046140077247,-0.45329601458783936,-0.4492218756723996,-0.4782985434824322,-0.5183870759748507,-0.513412429564023,-0.5182352234806636,-0.5079465719224363,-0.5213714237640956,-0.5321722693267922,-0.526830221482265,-0.5424336656271558,-0.5513278676042028,-0.5515147934053382,-0.5491662115259518,-0.5133709801532622,-0.491945500575709,-0.4920114600456092,-0.43743068215770964,-0.4629426577529502,-0.43676390808219484,-0.3855844361529472,-0.3511828812551526,-0.39031396607295027,-0.3834230741672042,-0.44063991772015726,-0.36318499330478415,-0.3624062294004281,-0.3561737647393813,-0.3808184781077578,-0.3537972110596426,-0.3015995568201946,-0.32411904136519626,1
-0.4510727342221294,-0.4454712231706275,-0.40034942399284673,-0.41888999188565357,-0.4354870994813287,-0.4159357376569687,-0.42475606940210764,-0.4527390003545847,-0.44858755149930185,-0.4776645465955279,-0.5177539612991672,-0.5127542914588898,-0.5175737649210793,-0.507257976229401,-0.5206588093165878,-0.5314704838240576,-0.5261258148527354,-0.5417663807101477,-0.5506601096494339,-0.550848162873464,-0.5484881045057737,-0.5127247605609082,-0.4912857296883549,-0.491354421599032,-0.43676672800423705,-0.46227030986658146,-0.4360991673199035,-0.3849475196745223,-0.3505492458896518,-0.3896698907132722,-0.3827994105160092,-0.44003913468943606,-0.3625998624239189,-0.3618141863765091,-0.35558732169592205,-0.3802320004876525,-0.35319382632616697,-0.3010171585751801,-0.32352639118194104,-0.30393020426572676,1
-0.4449422555893943,-0.3998299505228109,-0.4183460773003615,-0.4349441973873969,-0.4153866456260567,-0.4242058945185026,-0.4521833473247928,-0.4480317598017723,-0.4770222543699232,-0.517108975094355,-0.512122730957786,-0.5169144525719852,-0.506599623890966,-0.5199665342887486,-0.5307549051020877,-0.5254257909414526,-0.5410576079136682,-0.5499904881368586,-0.5501805411638302,-0.5478223330334192,-0.5120571051902856,-0.4906457456904968,-0.4906948199769193,-0.4361254797157807,-0.46159914267433877,-0.43543464064538956,-0.3842978861949745,-0.34992245199281935,-0.38902506201829723,-0.3821575225209662,-0.4393991910409496,-0.3620207962196241,-0.36122943905136984,-0.3549972005710332,-0.3796387950667071,-0.35261507347307314,-0.300428887419853,-0.3229377566203786,-0.3033433152212133,-0.2999963499779626,0
-0.3993124056463422,-0.41782208535581983,-0.4343961538215532,-0.414848887525947,-0.4236546568096695,-0.4516260590460774,-0.4474773264479783,-0.4764590797027412,-0.5164556327364255,-0.511479313191071,-0.5162817442164532,-0.5059434082206363,-0.519304585821802,-0.5300597079358828,-0.524711986456752,-0.5403532337308126,-0.5492793112533918,-0.5495110558653462,-0.5471555707161765,-0.5114016738611743,-0.4899844227276089,-0.4900550028177098,-0.4354816938146511,-0.46095079673621203,-0.4347712661111039,-0.38364845252019686,-0.34928303021688195,-0.3883871514531901,-0.38151487867780204,-0.43874082777237466,-0.3614032868120095,-0.36065075420567866,-0.354414360658153,-0.37904189506969543,-0.35202963071965804,-0.29986488939019196,-0.32234320849759834,-0.30276042102547507,-0.29941058350827754,-0.2921657532353375,0
-0.41730003756275047,-0.43386813213546255,-0.41430601227214386,-0.42311478280716497,-0.45106770722289236,-0.44692125869818256,-0.4758972806493664,-0.5158822193325453,-0.5108275479509078,-0.5156371680608168,-0.505313726950234,-0.5186447850703523,-0.5293949034132482,-0.5240185383076711,-0.5396350477455384,-0.5485725417358182,-0.5488000191304483,-0.5464869446142688,-0.510745255693807,-0.48933525624719004,-0.4893938492837913,-0.43485746564168126,-0.4602999016949483,-0.434130588169496,-0.38300011588370436,-0.34864379859117656,-0.387736515134745,-0.38087913800082923,-0.4380817275823201,-0.36076762687981895,-0.360033638754833,-0.3538375722984905,-0.3784523273820537,-0.35144051232469803,-0.29929427385274404,-0.32177308249840203,-0.3021716506866111,-0.29882880783970356,-0.2915822213249806,-0.31461841214191655,0
-0.43334206847595547,-0.41378303467902194,-0.42256978164804354,-0.4505208178284477,-0.446364127527326,-0.47533384204914136,-0.5153102054926889,-0.5102555958592617,-0.5149842380212574,-0.5046722056609562,-0.5180115992886422,-0.5287322553799816,-0.5233554432490249,-0.5389372803773399,-0.5478519432205986,-0.5480933892512214,-0.54577679189342,-0.510086971384836,-0.48868510535603915,-0.4887448504247422,-0.4342121431270995,-0.4596686662987322,-0.4334873735385558,-0.3823742352742217,-0.3480056267578319,-0.38708607956919255,-0.38023069067481596,-0.4374296432651628,-0.3601312039447664,-0.3593983775048666,-0.3532224159840096,-0.37786884978634433,-0.35085866758343126,-0.29872001883995797,-0.32119630892536966,-0.30160716532265536,-0.2982411633190291,-0.29100267215859205,-0.3140284730827751,-0.3195913977509769,0
-0.4132619977447813,-0.4220447292451995,-0.44996876811213743,-0.44581844184624375,-0.4747693392825824,-0.514736544962761,-0.5096850399133713,-0.5144112066597915,-0.5040223473932559,-0.5173665413252243,-0.528096286305233,-0.5226944994282327,-0.5382699637765279,-0.547151797615701,-0.547372931376761,-0.5450710428099188,-0.5093874591745539,-0.4880330868952708,-0.4880948672199117,-0.4335788063897814,-0.4590162277674319,-0.43286370844602534,-0.38174584193097205,-0.3473897483421555,-0.38643674469965594,-0.3795824420321375,-0.43676470840502035,-0.3595016415699694,-0.35876235279403573,-0.35258913736996855,-0.37724678325718575,-0.35028286869474023,-0.2981529254445858,-0.32061588085645937,-0.3010360600598733,-0.29767777704944015,-0.2904172686533704,-0.3134425398698358,-0.31900003958780715,-0.3179584771032257,0
-0.4215216246451729,-0.4494368365623927,-0.4452676015338479,-0.47421638430127255,-0.5141618192329508,-0.5091128382969178,-0.5138395739686844,-0.503452162247775,-0.5167131268115798,-0.5274484195049618,-0.5220601962661056,-0.5376048113822469,-0.5464821565608072,-0.5466729244134647,-0.5443514720540931,-0.5086923118639973,-0.4873400215191516,-0.48744301640725585,-0.43294449137549196,-0.45837585093258654,-0.4322189577542156,-0.38113678564761994,-0.3467713733853748,-0.38580988182615644,-0.37893528610139604,-0.43609998781616294,-0.358859426941619,-0.3581331859160908,-0.3519550930174292,-0.3766065115414297,-0.34966873453836267,-0.2975917934016494,-0.32004266093584216,-0.3004613141272262,-0.29710777627358187,-0.2898560702037002,-0.3128507107041926,-0.3184126923876979,-0.317367584914513,-0.40023541065014423,0
-0.44890687650158223,-0.44473685032030064,-0.4736582403230498,-0.5135987831522313,-0.5085395716280943,-0.5132662948540438,-0.5028833691148504,-0.5161396465502773,-0.5267921806104806,-0.5214140106674547,-0.5369663942285846,-0.5458146868532227,-0.5460034188648627,-0.5436523395993589,-0.507983418987347,-0.4866512975725473,-0.4867501235216828,-0.43230830518334296,-0.4577344930928498,-0.43158618673902027,-0.38050687057995114,-0.3461721918645436,-0.3851805046286918,-0.3783105673095678,-0.4354364200754816,-0.35821740510397093,-0.35749137026665656,-0.35132789293464056,-0.37596548212078584,-0.3490364903430653,-0.2969928106096575,-0.3194754374622374,-0.2998937335124184,-0.29653413752189783,-0.28928826798200147,-0.3122832391215801,-0.31781944001792833,-0.3167807020086984,-0.39962103970299295,-0.4042434886037154,0
-0.4442080665315818,-0.47312036098543503,-0.5130305104162249,-0.5079779743610029,-0.5126919505780864,-0.5023129315441012,-0.5155675660093897,-0.5262160833586413,-0.5207594622782917,-0.5363160568820303,-0.5451740044647151,-0.5453360842472914,-0.5429836887827509,-0.5072948126295731,-0.485948874170818,-0.486061571437659,-0.4316315293831773,-0.457091265679978,-0.4309524376660614,-0.3798887769109399,-0.3455523048740065,-0.384570478595694,-0.377683337664852,-0.4347955520182576,-0.35757645324526693,-0.3568497470307146,-0.3506880613965731,-0.37533134480942965,-0.34840347922093895,-0.29637589951719584,-0.318870162009422,-0.29933211704098545,-0.2959676557424131,-0.28871683314714014,-0.31170913298866554,-0.3172505790141352,-0.31618791695968673,-0.3990107626960163,-0.4036279739010786,-0.4101071582024583,0
-0.47258447361603817,-0.5124827457629568,-0.5074111472406132,-0.5121292906577924,-0.5017414290993458,-0.5149938387317865,-0.5256413919488211,-0.5201849314003505,-0.5356573337693676,-0.5445213810940065,-0.5446955339128331,-0.5423172062714168,-0.5066364498675772,-0.48526664532670377,-0.48535932113224856,-0.4309590357090341,-0.4564072452768734,-0.4303168172862919,-0.37926971087139116,-0.34494413229481424,-0.38393957872214,-0.3770754283972098,-0.43415214696392096,-0.35695783927711344,-0.35620919231849046,-0.35004842039614253,-0.3746845149655088,-0.34777730529214484,-0.29575820388337887,-0.31824688277656965,-0.29873263381742216,-0.2954071318118446,-0.28815253867193075,-0.31113137886623204,-0.316675076643034,-0.31561951218374396,-0.39839443105336064,-0.40301655726265156,-0.40948997022790756,-0.4437675906458751,1
-0.5119370071147926,-0.5068647934579559,-0.5115613958605095,-0.5011815715742238,-0.5144190462475522,-0.525065051976499,-0.5196118027004023,-0.5350789347119836,-0.5438603593064292,-0.5440430438081066,-0.5416774888932695,-0.5059802238057081,-0.4846145158541284,-0.4846772629239515,-0.43027295909092594,-0.4557275333743424,-0.42964062364171957,-0.37864877017946785,-0.3443349911893407,-0.38332051075391743,-0.3764466781537063,-0.43352829417791067,-0.3563367243392393,-0.355590969143548,-0.3494098406826293,-0.3740378822756929,-0.34713850894261655,-0.2951472405497337,-0.3176228263180227,-0.2981152162907839,-0.294808777221187,-0.2875941895161016,-0.310560812736584,-0.31609592287674154,-0.315044468278913,-0.3978030386150493,-0.40239907855995366,-0.40887688635087716,-0.4431407972433118,-0.39860249000239306,0
-0.5063204608225265,-0.5110140000623029,-0.500616492420429,-0.513855944338758,-0.5244876465333739,-0.5190370265307587,-0.5345019468809484,-0.5432798303625865,-0.5433821560239996,-0.5410258393893529,-0.5053505323773019,-0.4839645039328673,-0.4840253002283504,-0.42960684466677845,-0.4550341867108382,-0.42896871000378606,-0.3779876802383442,-0.3437239731700729,-0.38270047003763263,-0.3758297368816117,-0.43288335287851026,-0.355734842117782,-0.3549702456315444,-0.3487935609117632,-0.37339233639824837,-0.34649990215201804,-0.29452378871365587,-0.3170055457238483,-0.2974970148045773,-0.2941925018652449,-0.2869980815437753,-0.3099962278522365,-0.3155239676533831,-0.31446577409717125,-0.3972048942620109,-0.40180656628964606,-0.40825772954182127,-0.4425181425725268,-0.39798858502969886,-0.42472922036641225,1
-0.5104686289991675,-0.5000718445924323,-0.5132876054634752,-0.5239219679256635,-0.5184611850484295,-0.5339233088815197,-0.542700717627274,-0.5428017512439415,-0.5403657968579053,-0.5047090008367947,-0.4833408869907277,-0.48337545457172093,-0.4289704651947284,-0.4543609055823773,-0.4282832175857544,-0.37733081531762985,-0.3430730925131505,-0.3820785548910558,-0.37521182368551415,-0.432250393289274,-0.3551122124958013,-0.35436874922446226,-0.3481747839500344,-0.3727692019032215,-0.34586235287261485,-0.2939005119292134,-0.31637572100832617,-0.2968855490830389,-0.2935754412376193,-0.28638407975403024,-0.30939367815436325,-0.3149580016324713,-0.3138942749941356,-0.3966030432859757,-0.40120729661030796,-0.4076635789987783,-0.4418893525833017,-0.3973787723170168,-0.4241078598024051,-0.4190882217650899,0
-0.4995292120377599,-0.5127397762605712,-0.5233510401701262,-0.5178970486984645,-0.5333436051789326,-0.5421199532376179,-0.5422227623819725,-0.539786175264796,-0.5040591322611351,-0.4827054856853967,-0.4827520001576422,-0.4283361548896189,-0.45371752147739997,-0.4276176790574892,-0.37666047964602656,-0.34242639970892896,-0.3814164623486325,-0.37459203557436394,-0.4316164555692049,-0.35450132654568706,-0.3537465114069735,-0.34757520618741256,-0.37214355912014285,-0.34524708705170165,-0.29327823668875364,-0.3157460773696053,-0.29626159043590544,-0.29296510856111657,-0.28576929008074986,-0.3087731573714941,-0.3143540251722454,-0.31332876248075237,-0.3960085619384927,-0.40060431756310283,-0.4070626630087425,-0.44128579752525277,-0.39676290799511904,-0.42349061838100943,-0.41846847093102535,-0.41838309693992465,0
-0.512193973285027,-0.5228006843100497,-0.5173276704916928,-0.5327756602046568,-0.5415381229298021,-0.5416421219522848,-0.5392079677577631,-0.5034889375645939,-0.48206178126937355,-0.48211676287198124,-0.42772788669120687,-0.4530762280577611,-0.42698186245772796,-0.37600988241648625,-0.3417663091757038,-0.38075859847666804,-0.37393213150574517,-0.43098064658530894,-0.3538894710179057,-0.3531360130812766,-0.34695491680307294,-0.37153721396483236,-0.34462932568142063,-0.2926780005634965,-0.3151174585191556,-0.29563780731956607,-0.2923422929346618,-0.2851612128052144,-0.3081518561940484,-0.31373206051321323,-0.31272525450965727,-0.3954201988298616,-0.4000087166475548,-0.4064580336351962,-0.4406754308782372,-0.3961719717846581,-0.4228672769269848,-0.41785283343537466,-0.4177635473221029,-0.42851462732256274,1
-0.5222523633770594,-0.5167788269373691,-0.5322024553683122,-0.540968080861153,-0.5410604156169712,-0.5386281092294147,-0.5029201349029505,-0.48149729810692327,-0.48147322338330645,-0.42710797499348613,-0.4524611336808019,-0.4263481132957503,-0.37538866922555103,-0.3411258114535813,-0.3800872566827109,-0.37327644814027283,-0.43030425888887214,-0.3532757391948177,-0.35252454532811067,-0.3463463461231276,-0.3709100521179178,-0.3440307489506911,-0.2920752932206128,-0.31451098026450097,-0.2950150275957399,-0.2917196517583453,-0.284540672436903,-0.30753731201052625,-0.3131093171183161,-0.31210376395921585,-0.3947930853950679,-0.3994192403840807,-0.40586079483303444,-0.4400613277958843,-0.3955742858978899,-0.4222690410709182,-0.4172311063621501,-0.4171481103171703,-0.4278921865450415,-0.4154883739734566,0
-0.5162320131029963,-0.5316498771564886,-0.5403927690164261,-0.5404904958004604,-0.5380471848744989,-0.5023496877968191,-0.48093419361908213,-0.48090889303782164,-0.42647984590390275,-0.4518343331569301,-0.42574039362954297,-0.3747694786103824,-0.34051446937482194,-0.3794356676324843,-0.3726073025058624,-0.42963215190553544,-0.3526220663471792,-0.3519112011912827,-0.3457368067626436,-0.37029468229616413,-0.34341147614016837,-0.29149155470220356,-0.3139020206867671,-0.294414295057485,-0.2910980098055156,-0.2839203043676132,-0.30691024779777526,-0.3124933405948432,-0.31148149412825804,-0.394147706236765,-0.39879097702142074,-0.40526969006525315,-0.43945468669524995,-0.3949728945064054,-0.42166401972382617,-0.41663444656593024,-0.4165265850415458,-0.4272738688050538,-0.4148696504012633,-0.43422984958969196,0
-0.5310993415237011,-0.5398381344376336,-0.5399153067858186,-0.537478036186861,-0.5017781758157175,-0.4803694486714976,-0.4803459410094804,-0.4259297943936451,-0.451199277118725,-0.42512103549820934,-0.3741759903074856,-0.33990511954753916,-0.3788134850503851,-0.37195787839756383,-0.42894646475414494,-0.3519725915174332,-0.35125792722803223,-0.3451253905791088,-0.3696783411593182,-0.3428039111884412,-0.2908873504806549,-0.3133121195657708,-0.29381109049795506,-0.2904983968370004,-0.2833009272230878,-0.3062833620519398,-0.3118648314314229,-0.31086598792536596,-0.39350157524095697,-0.39814443414203127,-0.4046397444007148,-0.4388542334881859,-0.39437886927924526,-0.42105527497953044,-0.41603100901140816,-0.4159301222528068,-0.42664944401654487,-0.4142550364634893,-0.433605777901571,-0.4428026829903858,1
-0.5392855495183114,-0.5393607920849212,-0.5369036219466017,-0.5012183088865847,-0.4798036394254933,-0.47978134862801086,-0.4253810877998096,-0.4506428072959104,-0.42449346303842594,-0.37357099414852923,-0.339321250874232,-0.37819332802204497,-0.37133781179832803,-0.42828073426058566,-0.351309698987545,-0.35060884983050405,-0.34447410025713926,-0.3690601247492222,-0.3421953779458783,-0.2902946933544952,-0.3127016570616616,-0.29322686189101516,-0.289896313659694,-0.2827035428320733,-0.30565749102578355,-0.3112365021010302,-0.3102379532233595,-0.3928623712942525,-0.3974971407620086,-0.4039914990404763,-0.43821463055906723,-0.3937909596781427,-0.42045395182720524,-0.415423851922833,-0.4153268826723559,-0.42605015054137074,-0.4136343396201175,-0.4329858351315522,-0.4421761649363653,-0.43690190155873937,0
-0.5388083266307333,-0.5363498633985809,-0.500653220284322,-0.4792493960947253,-0.47921569196354746,-0.4248307508147074,-0.45008769740308635,-0.42394392728542735,-0.37295786313966706,-0.33872596262950927,-0.37759889502479566,-0.370719764252502,-0.42764473003672815,-0.35066643909813505,-0.34994635758585335,-0.3438269992792886,-0.3684018377794737,-0.34158496765101815,-0.28970107371403264,-0.31210280842115873,-0.2926221599718686,-0.2893131903588019,-0.28210369184013634,-0.30505371663766995,-0.3106091927605954,-0.3096100979058065,-0.3922104302069195,-0.39685678239206024,-0.40334250513539893,-0.4375566120967402,-0.3931643147324797,-0.4198587861056451,-0.4148241044588957,-0.4147199240407458,-0.4254440663861067,-0.41303868559893137,-0.4323597747203905,-0.44155378462129985,-0.4362770673669614,-0.4417264398361861,0
-0.5357981514937016,-0.5001085632349486,-0.4786899576763754,-0.4786615990969499,-0.4242793509879869,-0.4495309526411555,-0.4233957352424034,-0.3724217084222224,-0.3381225932580648,-0.3769929455015059,-0.37012739333002215,-0.4270107938270399,-0.3500523973171016,-0.3493034922917702,-0.34316649764230595,-0.3677477656256951,-0.3409347122723256,-0.2891055736231733,-0.31150299486724475,-0.2920290104579354,-0.28870961090657815,-0.2815227687239242,-0.30444746530379674,-0.3100040030673392,-0.3089832608476721,-0.3915586911060579,-0.39620367671762063,-0.40270045788700115,-0.4368978563168233,-0.3925194096827676,-0.41922464533389103,-0.41423050539970707,-0.414120373537857,-0.4248342562412616,-0.41243625875414136,-0.4317588844477402,-0.44092527077615895,-0.43565636484264236,-0.44110022890169415,-0.44206044633231706,0
-0.4995659214906506,-0.4781508150101743,-0.47810231185408913,-0.42373931711730145,-0.4489731443897105,-0.42284591316793924,-0.3718868661141434,-0.3375954833947741,-0.37637885585243264,-0.36952352480629885,-0.4264028913167643,-0.349440356081094,-0.3486898361824902,-0.3425255946601181,-0.3670802427692748,-0.34028864246995894,-0.2884706591224304,-0.3109013022742319,-0.29143489823890734,-0.2881175718842192,-0.2809214236162357,-0.30386023360118,-0.3093963341370702,-0.3083785358814777,-0.39090805746019514,-0.395550774130698,-0.4020456484647575,-0.4362461140509975,-0.3918737522508989,-0.4185721545467255,-0.41359798304495,-0.41352697031146485,-0.42423187571909715,-0.4118301148405984,-0.43115119566053034,-0.44032198530729433,-0.43502953972478586,-0.44047815459877737,-0.4414341400848679,-0.4456974059568538,0
-0.4776136686620544,-0.4775633167299129,-0.4231941553342226,-0.4484267910238725,-0.4222950283039198,-0.37135040311012113,-0.3370696647833353,-0.3758418128863752,-0.3689115276729551,-0.42578334866330164,-0.34885385648480505,-0.34807817943344327,-0.3419138564860444,-0.3664324183717605,-0.33962917941089,-0.28783987434833125,-0.31026001640393996,-0.2908389056817177,-0.2875245705870623,-0.2803315951006896,-0.3032524819605826,-0.3088077051607704,-0.30777133243062216,-0.3902799165872758,-0.39489898124646144,-0.4013910437408197,-0.4355815242537015,-0.3912350186247753,-0.41791892009182807,-0.41294713008746187,-0.4128946502588323,-0.4236356586846298,-0.4112313729146455,-0.4305397769697577,-0.43971188957216567,-0.4344279028974713,-0.4398499487604997,-0.44081197081266366,-0.44507006185720493,-0.445289175794916,0
-0.4770263174158042,-0.42266894616797734,-0.4478752798702429,-0.4217555022498091,-0.3708128786672908,-0.33654223178624265,-0.37530608440745405,-0.36837642357214917,-0.42515559066025155,-0.34825591317167,-0.3474920556832946,-0.3413041117802615,-0.3658139153066603,-0.3389893002436041,-0.2871958060431293,-0.3096228834557677,-0.29020348448999544,-0.2869296886986176,-0.27974080516687994,-0.3026563152619948,-0.3081985345525535,-0.3071831622606064,-0.38964925932142386,-0.3942696996798451,-0.40073755493377705,-0.43491714840145473,-0.390583551998856,-0.41727266133641083,-0.41229553158071836,-0.4122440020300539,-0.423000431869891,-0.4106387736334177,-0.4299358000264634,-0.4390980580625019,-0.43381946389272835,-0.4392469639872637,-0.44018366938604914,-0.44444685847498083,-0.4446619481888814,-0.4567196203291744,0
-0.42214568534431357,-0.4473438739389611,-0.4212108506840067,-0.37028652763209174,-0.33601373826337383,-0.3747687346128885,-0.3678426294231309,-0.4246058829881666,-0.3476498740387776,-0.346894491665647,-0.3407198571028102,-0.36519742649175596,-0.3383785627313771,-0.28657110279881653,-0.30897242140528436,-0.28957219486956565,-0.2862954102567637,-0.27914813413791817,-0.3020591846892037,-0.3076009640249946,-0.3065744575820556,-0.3890379715711451,-0.39363789987361447,-0.40010660457452984,-0.4342539241388101,-0.38993228691083415,-0.416613603327871,-0.4116508975691259,-0.4115926080168297,-0.42234684201281025,-0.41000728408424414,-0.429337995715646,-0.43849168648751286,-0.4332072931545091,-0.4386371704230859,-0.4395805912934801,-0.4438175161975873,-0.444038860880231,-0.45608913090194036,-0.48202989036931804,1
-0.4468144376868164,-0.4206861394720947,-0.36975511337007155,-0.3354962928262543,-0.3742303232898508,-0.36730721531114896,-0.4240575194282055,-0.3471202904508555,-0.3462888339272472,-0.3401241793113707,-0.3646065792698447,-0.3377698156133841,-0.28597519801375554,-0.3083414153004817,-0.28892761809392675,-0.2856652592259308,-0.27851613041514184,-0.30146017446599,-0.30700242907927194,-0.3059773480132633,-0.3884057903910094,-0.3930254859624569,-0.3994731332740415,-0.4336133940649037,-0.3892821255472718,-0.4159547540344142,-0.4109934786091064,-0.4109481770982153,-0.421692509750599,-0.4093574763206949,-0.42870112918894976,-0.43789150126217025,-0.4326025698325048,-0.43802364182142145,-0.4389707039521107,-0.44321342196116975,-0.44340963543302686,-0.45546279353322777,-0.4813921783379996,-0.48570396182675823,1
-0.4201633748882196,-0.3692433213066956,-0.33497382626350725,-0.3737030976816619,-0.36677073986641345,-0.423507525716862,-0.3465920039012649,-0.34575960372855813,-0.3395204182374744,-0.36400424843053014,-0.3371865361042968,-0.28538123805644006,-0.3077393501909266,-0.28830241360690156,-0.28502182921340496,-0.2778882458220914,-0.3008216484444367,-0.3064020148031165,-0.30537927420492117,-0.3877854547861785,-0.39239216113677716,-0.3988590718312278,-0.43297032754104964,-0.38865444940141425,-0.41529703615404495,-0.4103362668145503,-0.4102909630192608,-0.42104516070656256,-0.40870692180718127,-0.42804587995180104,-0.4372521751675379,-0.4320040234184587,-0.4374175708711906,-0.4383570813445154,-0.4426025134903802,-0.4428056552535719,-0.45483029684071813,-0.48075864440772065,-0.4850652013529114,-0.4734199451357208,0
-0.368733431388448,-0.3344707668437171,-0.3731708047121101,-0.36624542327238524,-0.42295646919860885,-0.3460621012401862,-0.3452316697415606,-0.33899294543389025,-0.3633937974910751,-0.33659184243087875,-0.2848124133867466,-0.30713924883377947,-0.28770601891447806,-0.28439775518866733,-0.27724709851727175,-0.300187265297555,-0.3057620441732391,-0.30477932096107496,-0.3871641459420974,-0.39177069408770077,-0.39822407389447434,-0.43234680843233675,-0.3880242576149759,-0.41466192437519944,-0.4096801804548553,-0.40963395591206736,-0.42038500281019986,-0.40806332463868744,-0.4273898902158023,-0.4365944368602872,-0.431366390273185,-0.4368176845485373,-0.4377509170969458,-0.44198786726264927,-0.44219486139935,-0.45422312306631074,-0.4801189042434631,-0.4844306227604696,-0.47278469006063045,-0.48028563422285653,1
-0.33396957950102213,-0.37265815506071576,-0.365715048341854,-0.4224167738723066,-0.3455311378036215,-0.3447021198896228,-0.3384667647311396,-0.3628601260493221,-0.33598907092107133,-0.2842323072127525,-0.3065644207838459,-0.2871115705548071,-0.28380246539369963,-0.27662527475237064,-0.29953957278817495,-0.30512622167724435,-0.3041398246801995,-0.3865409629566702,-0.3911482533609585,-0.3976009515843722,-0.43170220599087533,-0.3874134286709811,-0.41402428491814425,-0.40904667409676854,-0.40897807349245663,-0.4197250546687965,-0.4074069516504211,-0.42674089504973284,-0.4359359609136072,-0.43071036522197853,-0.436178667230832,-0.4371509380113889,-0.4413806871107243,-0.4415803300677567,-0.45360911994819714,-0.4795046589373753,-0.48378983112450674,-0.47215360422754127,-0.4796484199369808,-0.47824448341316755,1
-0.37214741050727657,-0.36520427062989774,-0.4218719522340787,-0.34501125672774524,-0.3441715092978718,-0.33793896938952395,-0.3623277612081138,-0.335462515019281,-0.28364420392896994,-0.30597825613328145,-0.28654226845893555,-0.28320911853721337,-0.2760321843287536,-0.298911296856444,-0.30447707948619307,-0.30350447480630155,-0.3858775659544915,-0.39052393875077224,-0.39697685495521823,-0.4310695816443785,-0.3867817134205115,-0.4134061150736059,-0.4084106426595056,-0.40834476781196466,-0.4190662419521854,-0.40675078483871613,-0.4260790765384219,-0.4352844965644883,-0.43005360056317005,-0.4355212414042435,-0.4365118248663614,-0.4407796979402174,-0.44097326394591246,-0.4529913715247489,-0.4788835495920729,-0.4831745593057557,-0.47151632811818917,-0.47901538195742566,-0.47760785159536323,-0.46777894653439844,0
-0.3646953915704788,-0.42134707503738894,-0.3444863430117651,-0.34365197617038934,-0.3374101134854951,-0.3617937774034597,-0.33493724907352873,-0.2831312391860613,-0.3053840608455771,-0.28596168047716003,-0.28264089318974356,-0.27544103008709725,-0.29831190017848025,-0.3038473744794949,-0.3028558086301274,-0.3852184023717608,-0.38985937743740695,-0.39635088481992153,-0.43043597929694977,-0.3861618387744472,-0.41276694494847876,-0.4077940577821301,-0.4077089373771758,-0.41843005285151486,-0.40609573964681983,-0.42541746935207964,-0.43462018713075495,-0.4294038357816047,-0.43486307757925075,-0.4358543020630157,-0.4401395413421261,-0.44037238815228763,-0.45238111256064495,-0.4782586776080888,-0.4825524184113453,-0.4709044883771305,-0.478376140976705,-0.4769753939836763,-0.4671453011892507,-0.4786898254080088,1
-0.42082414504025095,-0.34398089525545045,-0.34312741204772823,-0.3368923106959711,-0.3612587324106716,-0.33441036912860284,-0.2826195326070662,-0.30486545142600013,-0.28537309271929234,-0.28206139183828355,-0.2748749480784273,-0.2977144590554396,-0.3032465810443701,-0.30222657287192595,-0.3845457515368915,-0.3891990537822568,-0.3956846201624129,-0.4298005056092786,-0.38554099106774664,-0.4121396949621478,-0.4071564972322131,-0.40709255062069566,-0.4177913343285465,-0.4054632578006646,-0.42475700364741703,-0.43395609137700436,-0.4287412408788893,-0.43421192321415103,-0.4351960413726717,-0.4394809625696462,-0.43973234867647903,-0.45177706221431996,-0.47764134877898123,-0.48192651236212203,-0.47028579639943485,-0.4777623830049119,-0.47633673715390296,-0.46651581928190644,-0.4780530665062616,-0.4774651349221954,0
-0.34347732779969514,-0.3426223054823457,-0.336369485091437,-0.3607348264182399,-0.3338824287138204,-0.28210622151099024,-0.30434811337423373,-0.28485967907654713,-0.2814738967240973,-0.2742976097363688,-0.2971422314544763,-0.3026477474550393,-0.3016262380734808,-0.38389287205329903,-0.3885252345472346,-0.3950225993642787,-0.4291244628939342,-0.38491826911462856,-0.4115114690573596,-0.40653083964889425,-0.4064551912676799,-0.4171721008876226,-0.404828252533927,-0.4241191880020304,-0.4332931461902645,-0.42807885803517304,-0.43354792649362217,-0.434544790805635,-0.4388216471232556,-0.43907388843114686,-0.4511337433145965,-0.4770302690659629,-0.48130815726228815,-0.46966334767944534,-0.4771417633849437,-0.4757235494669228,-0.46588015755335443,-0.477420482268858,-0.47682872550129096,-0.47887538457252593,0
-0.34211907804274183,-0.3358660752593382,-0.3602058687579209,-0.3333655287093182,-0.28159185131701586,-0.30382916686728617,-0.2843475246477715,-0.28096149549374944,-0.27371228960158606,-0.29655869111863614,-0.3020741586815681,-0.3010278617118871,-0.38326942822033044,-0.3878712032718774,-0.3943470708031068,-0.4284526996357588,-0.38425534646145193,-0.41088137058729385,-0.40590420676414773,-0.4058297327347376,-0.4165318506528149,-0.40421267911585934,-0.4234788403011146,-0.4326528907278037,-0.42741761950492796,-0.432884143157425,-0.43388069703618065,-0.4381693490240161,-0.43841469137574113,-0.4504719643091284,-0.47637968858471375,-0.48069605715733044,-0.4690484238484035,-0.4765173823208205,-0.47510350292979237,-0.46526989387214246,-0.4767816979879688,-0.4761964894846083,-0.4782385727191359,-0.48822756646419196,1
-0.335364538710866,-0.359696474252446,-0.33284361015771985,-0.2810883332196594,-0.30330916069263886,-0.2838337653887329,-0.2804503511091595,-0.2732019036449726,-0.295967134668502,-0.3014892446809894,-0.3004547198905827,-0.38264801381571345,-0.3872466336943312,-0.3936913544990569,-0.4277673586770062,-0.383596655500818,-0.41021085835008586,-0.40527570095115023,-0.40520329897749624,-0.41590353208025216,-0.4035761457290699,-0.42285800103819676,-0.43201009925996675,-0.4267790433970766,-0.43222150924765596,-0.4332168167428117,-0.43750419849959465,-0.4377625108566468,-0.4498094523061476,-0.47571056089608754,-0.48004442257553726,-0.46843973535689964,-0.4759005407111487,-0.47447969634635756,-0.46465278568701673,-0.4761683858752114,-0.4755580556942877,-0.477605935721017,-0.4875880858480024,-0.4896378161145225,1
-0.35918897363688446,-0.3323410855777692,-0.28057985983814115,-0.3028000848249921,-0.28331894698648163,-0.27993760260063255,-0.2726927698200354,-0.2954509703203752,-0.30089630696431463,-0.2998702569440973,-0.38205235170000545,-0.3866240970034506,-0.3930651379988879,-0.4271019694550809,-0.38292448068082585,-0.40954460543590293,-0.40460682737413084,-0.4045749922466323,-0.4152742371751728,-0.40295150435030486,-0.4222161200495578,-0.43138685126405807,-0.426137934002575,-0.43158156008257675,-0.4325540862298448,-0.43683926245035554,-0.43709747894757883,-0.44915397954298736,-0.4750407086520477,-0.4793742281425816,-0.46779162509106686,-0.4752899454266268,-0.47386342488708927,-0.46403192462274784,-0.47554821430182537,-0.47494508575241795,-0.47696709833549633,-0.4869527897098326,-0.4889979330658473,-0.4349720862477607,1
-0.3318404312333657,-0.2800904572770105,-0.30228602739883764,-0.28281498690062495,-0.27942379505109083,-0.2721820332771495,-0.2949360716206045,-0.30037886277410064,-0.29927777277762985,-0.3814451617779594,-0.38602733782333326,-0.39244095944476975,-0.42646629878517234,-0.38227207044573003,-0.4088648143778768,-0.4039422071544641,-0.40390632350213646,-0.41464306994839023,-0.4023258880638743,-0.42158618812131166,-0.43074252414467207,-0.42551634396573795,-0.4309390754079896,-0.43191404200695754,-0.43617548003590134,-0.4364326614015496,-0.44848562640402284,-0.4743779459198843,-0.47870331037967845,-0.4671249972477378,-0.4746398653769491,-0.4732533964869782,-0.46341857648009394,-0.4749242823771495,-0.47432525802873465,-0.47635373437866496,-0.48631127585088,-0.4883622359462413,-0.4343478027530684,-0.4343782969213057,1
-0.27960287977000026,-0.30179117500417035,-0.28230606944110687,-0.27892083179036237,-0.27167023789668054,-0.29441956617149645,-0.2998626872260197,-0.2987607488340714,-0.38082982486581585,-0.38541904076851285,-0.3918425953000535,-0.42583269510474736,-0.38164908524944124,-0.4082048961668336,-0.40326406051146807,-0.4032419073692843,-0.4139714580839504,-0.40169839861755857,-0.4209552792354007,-0.43011017218290093,-0.42487370054673623,-0.4303161298071317,-0.4312714621206722,-0.43553440073910377,-0.43576899705767047,-0.4478174907681159,-0.47370223862900607,-0.4780394894262081,-0.4664576419771961,-0.47397124412249947,-0.47260390204871383,-0.4628114546509616,-0.47430788652142947,-0.47370167079247183,-0.47573351070683917,-0.48569529895272395,-0.4877203184920887,-0.4337276489401884,-0.43375418287187045,-0.41441213081925693,0
-0.3012981664283622,-0.2818162334752787,-0.2784129158684609,-0.2711692588821979,-0.29390200130150607,-0.2993449040356988,-0.2982449925496147,-0.38029162622145574,-0.3848025905967694,-0.39123267855098925,-0.42522511765059307,-0.3810281280725613,-0.4075745727836686,-0.4026057633406862,-0.402563966278167,-0.41330410954581576,-0.4010305707644753,-0.4203224983955358,-0.42947684232574246,-0.4242430143223265,-0.42967210977775294,-0.43064842267307435,-0.4348907841032155,-0.4351280339426384,-0.44715052044813375,-0.47302675579408404,-0.47736271459714885,-0.4657973591171862,-0.47330189773084935,-0.47193587343000276,-0.4621649628021257,-0.473697734437447,-0.4730856170269939,-0.4751095265566462,-0.4850724495195322,-0.4871039475789709,-0.4331013761105003,-0.43313419789327945,-0.4137937143665921,-0.4274383841683631,1
-0.28132822405585983,-0.27792405736854625,-0.2706633365870616,-0.2933953328605841,-0.29882606129530204,-0.29772762891610993,-0.37975474476756793,-0.3842633604378912,-0.39061459972168294,-0.42460590303647094,-0.3804329129090201,-0.40694629996299597,-0.4019770243387786,-0.4019058717374178,-0.4126232149987563,-0.4003669924617039,-0.4196492263095892,-0.4288416410662541,-0.42361135084797474,-0.42904006162971436,-0.43000430733990025,-0.43426672276889433,-0.4344845336766035,-0.44650630424366944,-0.47235246509844525,-0.4766861652333375,-0.46512415353194436,-0.4726396373865791,-0.4712671189932768,-0.46149997278847416,-0.4730481122294197,-0.47247580507365783,-0.47449307886907127,-0.4844458332032761,-0.4864807021976367,-0.43250027846155437,-0.4325080949984124,-0.41317940644096685,-0.4268162505103704,-0.4227251813896267,0
-0.27743702204945325,-0.27017642379759743,-0.29288369424225846,-0.29831813271695384,-0.29720920577495114,-0.3792162411917579,-0.3837254498823802,-0.39007386049526904,-0.42397847488811713,-0.3798261740410672,-0.4063439335647862,-0.40135033103210666,-0.40127733078316735,-0.4119622089843798,-0.3996898952151415,-0.41898022359411563,-0.42816587864804717,-0.42297781559160386,-0.42840703570401123,-0.42937216490484126,-0.4336215696832821,-0.43386058704385333,-0.4458595456217397,-0.4717010456245238,-0.47601081190252276,-0.46445117003744973,-0.4719644369067565,-0.4706054465497326,-0.46083425346608636,-0.4723799543083657,-0.47182653423247856,-0.47388287525014233,-0.483826773190216,-0.48585368896745046,-0.4318923812805853,-0.431907163250503,-0.41255901760445823,-0.4261982387825314,-0.4221043927033623,-0.42279940505543356,0
-0.2696913274895304,-0.29239120251998607,-0.2978052280039053,-0.2967016909730712,-0.3786766759708159,-0.3831859164852942,-0.38953444440219825,-0.42342907284996345,-0.37921129067913106,-0.40572997783134185,-0.4007495086504731,-0.4006508349157455,-0.41133082239800267,-0.3990326325240001,-0.4182976629949862,-0.42749439466656536,-0.42230376729819946,-0.42777213830672667,-0.428739044655583,-0.4329884005673337,-0.43321555044065757,-0.44523238734500165,-0.47104707207168406,-0.47535834679271244,-0.46377936955757687,-0.4712894604037314,-0.4699308391466772,-0.46017559534990127,-0.4717110707178381,-0.47115873189286767,-0.47323319980471384,-0.48321397220998696,-0.48523423503229335,-0.4312807536877442,-0.4312994327845413,-0.41196366427890074,-0.4255741220008856,-0.42148772109769184,-0.42217859518851203,-0.4271043776722322,1
-0.2919005464883611,-0.2973115006171762,-0.2961892019926183,-0.37814831247733915,-0.3826453213389501,-0.38899340441472696,-0.4228810142090018,-0.3786735122814264,-0.40510783766608766,-0.4001371111038962,-0.400050205536184,-0.41070148964030323,-0.3984049046075001,-0.41763501461087127,-0.42680933498933105,-0.42163399120111295,-0.42709668852763466,-0.4281040529562352,-0.4323542532393644,-0.43258249656440084,-0.4445840892341433,-0.47041280229754445,-0.47470332591119213,-0.46313040046270826,-0.470615674191459,-0.4692564551597017,-0.4595040288131797,-0.47104927000504454,-0.4704902034752945,-0.47256498800768354,-0.48256161359953725,-0.48462104238647147,-0.4306765694170305,-0.430687972313355,-0.41136153960506155,-0.4249751292213401,-0.42086495317368827,-0.42156190247855546,-0.4264823393271966,-0.42446943753608823,1
-0.2968196131757054,-0.295695880346457,-0.3776148762431495,-0.38211594221232376,-0.3884513025256648,-0.42233132562988823,-0.3781370500911629,-0.40456333532189487,-0.3995165377484493,-0.3994380027629655,-0.4100980871257069,-0.3977792192801576,-0.4170020227961149,-0.42614422305060834,-0.4209506516685482,-0.4264255160470803,-0.427428506151211,-0.43171823469532783,-0.4319484645207767,-0.4439478086465199,-0.46975728227686153,-0.47406802382291363,-0.4624788812558672,-0.4699647511305353,-0.46858325930030487,-0.4588326828175858,-0.4703745332034218,-0.4698287555029366,-0.47189605060307194,-0.48189068645330485,-0.48396827917177254,-0.4300785589664273,-0.4300839539045768,-0.41075569859951794,-0.424369347237027,-0.4202672772336199,-0.42093911331269923,-0.42586442256864515,-0.42384815110438107,-0.42016446491928955,1
-0.29520439724851766,-0.3771011108051935,-0.3815814855435813,-0.3879204375653568,-0.42178057427471727,-0.3775989660721691,-0.40402016491364323,-0.3989734871654301,-0.39881762525874453,-0.4094830857668646,-0.3971793822248917,-0.41637108974133585,-0.4255088233932833,-0.42028723542325686,-0.4257407701069241,-0.426757236997955,-0.43104163138570833,-0.4313125612348174,-0.44331054864123237,-0.4691138568283548,-0.47341145546048197,-0.461847030642134,-0.4693112747943418,-0.4679329171482084,-0.45816251385838713,-0.46970001994021726,-0.46915437454737424,-0.4712341964447579,-0.48121903681885914,-0.4832969425681208,-0.42944147949012623,-0.4294861083658022,-0.4101572572983233,-0.4237598400001812,-0.4196628185496777,-0.4203414166350013,-0.4252404013753362,-0.42323098354798677,-0.41954440696569645,-0.38179082969713635,1
-0.3765892543070427,-0.3810667241969587,-0.3873844880386575,-0.4212411798767555,-0.377059820450465,-0.40347536798559086,-0.3984317651224259,-0.398274756145872,-0.40885989418976604,-0.39656797904756574,-0.41576612289415577,-0.4248754898928847,-0.4196534931121154,-0.4250759674456197,-0.4260723936911194,-0.4303693095741458,-0.43063607651244845,-0.4426714181291085,-0.46846944919366995,-0.47276699285475027,-0.4611939673415087,-0.46867749510873286,-0.4672800226612818,-0.45751515018427735,-0.46902669527655666,-0.4684802167937995,-0.4705594057270654,-0.48055448900630915,-0.48262488394663655,-0.4287860147490726,-0.428849199249185,-0.4095649569197848,-0.42315776010277495,-0.41905463784096686,-0.4197369371116832,-0.42464150191512373,-0.42260771644044637,-0.418928463457897,-0.38118172214328416,-0.33540103856784087,1
-0.3805538752192307,-0.3868682697145412,-0.4206966605895063,-0.3765318707334565,-0.4029295087760801,-0.3978884175724657,-0.3977332151485238,-0.40831441763741727,-0.39594840556416694,-0.41514954284598715,-0.424268176546829,-0.41902181186649395,-0.42444087007156084,-0.4254074950471679,-0.4296834060523566,-0.4299638728564101,-0.4419916129637258,-0.46782317268075296,-0.4721215476609593,-0.4605529724028626,-0.46802247278564785,-0.4666468164835278,-0.45686523899722853,-0.4683762263807161,-0.4678072463418642,-0.46988483859876545,-0.47987698091870146,-0.4819599299481304,-0.4281298097567378,-0.4281939069112553,-0.40893377614753823,-0.42256184197099694,-0.41845387447267424,-0.4191287355127655,-0.42403581370800225,-0.4220095531660833,-0.41830642837780935,-0.38057668955140783,-0.3348051689247005,-0.3381844260355986,1
-0.3863539687759501,-0.4201720784768659,-0.37599885023186247,-0.40239493863557857,-0.397344007887595,-0.39719004877082503,-0.4077702752998549,-0.3954062814340019,-0.41452476384316284,-0.42364922846467107,-0.41841611364304093,-0.4238078379258071,-0.4247723038610609,-0.4290174622640261,-0.4292780883383402,-0.4413161009530097,-0.46713601510583996,-0.4714742338253466,-0.45991099621982023,-0.4673795397249146,-0.4659923765725254,-0.45623497335065816,-0.4677232049448586,-0.4671571259913199,-0.4692114602666616,-0.4791996989895923,-0.4812820120983926,-0.42748060080858613,-0.42753787412398936,-0.4082842808646512,-0.42192692393318515,-0.41785926532853557,-0.41852795141173094,-0.42342640047708724,-0.42140460475680697,-0.41770946788596086,-0.37996563650913157,-0.33421332651164815,-0.33758776211781555,-0.32259745621615527,0
-0.4196494425477508,-0.37548549053447433,-0.4018552664124551,-0.3968108671567113,-0.3966458202765344,-0.40722450576281954,-0.39486548367671487,-0.41397781642751974,-0.42302206832325795,-0.4177987955063562,-0.42320081916186136,-0.4241391781914519,-0.4283812495689505,-0.42861226186213386,-0.44062698433079994,-0.4664531774526232,-0.47078600896517914,-0.45926715060453377,-0.4667356246687952,-0.4653500197102505,-0.455583519625243,-0.467089873638118,-0.4665044536650226,-0.4685609385609276,-0.47852361576794966,-0.4806043207945583,-0.4268185666329962,-0.4268888362015035,-0.40763403847282476,-0.4212736465567665,-0.41722569952071464,-0.4179333216536137,-0.4228244138770198,-0.42079593312823516,-0.41710572816048785,-0.3793793973717662,-0.33361554962726764,-0.3369951282940337,-0.3220052402363714,-0.3352897030691306,1
-0.37497403837985505,-0.401335414865981,-0.39627263110073624,-0.3961128582218529,-0.4066776738459845,-0.3943230610588266,-0.4134322066672725,-0.42247291461267344,-0.4171732743304652,-0.4225821683653557,-0.42353206800547205,-0.42774710552847267,-0.4279761638262282,-0.43995787311511664,-0.46575668259981806,-0.4701021079122446,-0.45858249414254015,-0.4660898406222086,-0.4647066810758567,-0.454944117089609,-0.46643530665538846,-0.465871466462995,-0.4679078642296822,-0.4778704324435894,-0.47992782969274705,-0.4261567439862723,-0.4262269745573367,-0.40699075128835016,-0.4206196264162426,-0.41657379059409233,-0.41729973455083225,-0.4222285885081453,-0.4201946825405068,-0.4164982681639134,-0.3787864316036439,-0.333042271508378,-0.3363965548401795,-0.3214170383126744,-0.3346938651969759,-0.3243046005297134,0
-0.400817493214858,-0.39575418120349665,-0.3955748016867714,-0.40614214449639735,-0.39377957639954864,-0.4128849686813806,-0.42192510371839886,-0.41662563923847673,-0.42195530715476115,-0.42291332494790185,-0.4271389998581213,-0.4273421340926846,-0.43931856462245267,-0.4650802980324357,-0.4694045420259659,-0.457902148496743,-0.4654031897382749,-0.4640614733196566,-0.4543037339266083,-0.4657928240770863,-0.46521724892751504,-0.4672744807858639,-0.47721469218479357,-0.47927424501319715,-0.42549606360783676,-0.42556532427891813,-0.40633469101328834,-0.41997258735622534,-0.41592113733130226,-0.41664780407381946,-0.4215937662976557,-0.41959958896787164,-0.4158982200752179,-0.378189771844011,-0.3324623303502058,-0.3358224990601813,-0.3208229256478731,-0.3341020544403527,-0.3237118973948153,-0.2882690107804766,0
-0.39523765637548236,-0.3950565269956861,-0.4056015085295296,-0.3932473478576973,-0.41233666816721287,-0.42137566305922214,-0.4160793434104807,-0.42140643042492687,-0.42228637096567395,-0.4265192521800708,-0.426734140160375,-0.4386813342947498,-0.4644338806712354,-0.4687271016494659,-0.45720816354056265,-0.46472085693138887,-0.4633754153719754,-0.4536614809683901,-0.4651493596779524,-0.46457511206828783,-0.4666198608565814,-0.4765786810322581,-0.4786181027494532,-0.4248580367228766,-0.42490481563950094,-0.40567883661913684,-0.41931274217306713,-0.41527545578750696,-0.4159951292853958,-0.4209405858979943,-0.4189655227284793,-0.41530432211333995,-0.37760044258290165,-0.3318787269698542,-0.3352417764254121,-0.3202532247700828,-0.33350430941875114,-0.3231232100725376,-0.2876865908546195,-0.37344066729386316,1
-0.3945401767705604,-0.4050807164026482,-0.3927100283031262,-0.41179969059998656,-0.42082515964905537,-0.41553141887707146,-0.42085889586349556,-0.4217374082762965,-0.42589128801783555,-0.42611450524584776,-0.43807021169727267,-0.4637895633136084,-0.4680796523557362,-0.4565342531925266,-0.4640248705490206,-0.4626936733427104,-0.452978463166585,-0.46450402618566794,-0.4639319935221893,-0.46597732589660124,-0.4759213925967061,-0.477981695355127,-0.42421747744040916,-0.4242669577461996,-0.40502410270421124,-0.4186531064492172,-0.41461698007252046,-0.4153494263633923,-0.4202866626228216,-0.41831310736768046,-0.4146714909816558,-0.37701720204794587,-0.33130235567246125,-0.33465738966230363,-0.3196768784042568,-0.3329310624063059,-0.32252860884512574,-0.2871081496632522,-0.3728339425639391,-0.3587072696311989,0
-0.4045618574097022,-0.3921924728794112,-0.41125759956903424,-0.4202860097553704,-0.414982431745969,-0.42030973173040215,-0.4211897879563966,-0.4253413893245436,-0.42548665447116435,-0.43744741940409293,-0.4631715129575461,-0.46743430623570076,-0.455890254097456,-0.46334898722435064,-0.4619982819789385,-0.45229975021530416,-0.4638178388700771,-0.4632870058041368,-0.46533380909549227,-0.47527621760015315,-0.4773240045257725,-0.4235964296291804,-0.42362656772897345,-0.40439192715543765,-0.41799460500957686,-0.41395871252209415,-0.41469092908197785,-0.41963971976474135,-0.41765994825250063,-0.41402032554350554,-0.37639538041083287,-0.3307319988741134,-0.33408024088708765,-0.3190968785845869,-0.33235115250719754,-0.3219584310018555,-0.28652386135529384,-0.3722312842042511,-0.3581047492617169,-0.3651276167234934,0
-0.39167683944509135,-0.4107353873501653,-0.41974173612829124,-0.41444477708997635,-0.41975950487427854,-0.42064053800486356,-0.4247928351902078,-0.42493686083953625,-0.4368163937779579,-0.46254172932592147,-0.4668152502372632,-0.4552483475769879,-0.46270305977051285,-0.46132298521488946,-0.45160740967415386,-0.4631359679438766,-0.4626011742502974,-0.46468842321317266,-0.4746300597395014,-0.47667843142846655,-0.4229543368543296,-0.42300568675639344,-0.4037572286819499,-0.41735872220628795,-0.41330157426091185,-0.4140326399855134,-0.4189799716305087,-0.4170137643208122,-0.4133684149150748,-0.3757553565245675,-0.3301234865873041,-0.3335091110645434,-0.3185240836851796,-0.33176758046215626,-0.32138160533038335,-0.28596375163117554,-0.37162262087039605,-0.3575062801028234,-0.36452326422716885,-0.372401535972567,1
-0.4102151131548591,-0.41921739377144096,-0.4139020057693221,-0.41922062769690227,-0.4200902253216231,-0.4242426507712206,-0.42438841152110657,-0.4362636584197412,-0.4619036736715721,-0.46618445173392886,-0.454632653877805,-0.4620592308152413,-0.46067763105690135,-0.45093512036637917,-0.46244044675786555,-0.4619196577906695,-0.46400218199428617,-0.47398203339941075,-0.47603187531280433,-0.4223241953993713,-0.4223637634105121,-0.403141957658933,-0.4167203104765694,-0.4126670328289148,-0.4133754802569538,-0.4183204328638305,-0.41635478179477003,-0.4127234709194631,-0.37511457464871006,-0.32949693169509686,-0.33289980021671584,-0.3179572827981356,-0.3311912402638762,-0.3208011250359559,-0.28539704347671263,-0.3710387147163563,-0.3569018332767161,-0.3639229695475261,-0.3717951077718428,-0.3701006023325539,0
-0.4186949967725944,-0.41337912961134216,-0.41867662807539746,-0.41955126350815103,-0.4236914035260411,-0.42383833199132337,-0.4357122742559417,-0.4613444244901949,-0.4655453755916129,-0.4540052485313991,-0.4614416578853572,-0.46003437363630106,-0.45029270565256596,-0.46176502201695374,-0.4612244936158163,-0.46332025736102916,-0.4732930754544221,-0.47538345080844663,-0.4216930769055602,-0.4217337895769236,-0.40250573136215073,-0.41610137943069625,-0.412029964642049,-0.4127409177009994,-0.417662028027388,-0.41569600791244676,-0.41206573924623907,-0.3744806831867484,-0.32886960334024207,-0.3322724371848651,-0.3173524438920101,-0.3306209143864962,-0.32022785328348385,-0.28482670537771093,-0.37044809337802503,-0.3563220435421442,-0.363316685301166,-0.3711927448721605,-0.369494830732201,-0.3712510691525604,0
-0.4128581937629844,-0.41815255313846694,-0.4190071788504335,-0.42315152011952595,-0.4232871896459534,-0.4351592578284454,-0.46078654174021955,-0.46498518085526086,-0.4533695843235978,-0.4608123560615139,-0.4594173593966254,-0.4496523786460985,-0.4611195427762348,-0.46054942081127703,-0.4626246820824184,-0.4726084439855199,-0.4746940831984109,-0.4210600865055547,-0.42110283876943255,-0.4018813937971183,-0.4154614362858958,-0.41141235787795005,-0.4121038283559784,-0.41702624028190716,-0.4150383651678981,-0.41140821503412955,-0.3738341013567484,-0.3282490732584182,-0.33164430161875014,-0.3167296064421629,-0.33001243404212766,-0.31966057827493266,-0.28426349937145373,-0.3698537837666627,-0.35573555881993313,-0.3627351017616371,-0.3705843789242423,-0.3688931220653884,-0.37064496925202195,-0.3795270078900267,0
-0.41763042263876615,-0.41848302092111406,-0.42260650951193646,-0.4227474096835553,-0.43460517828841,-0.46022702218207273,-0.4644263547621309,-0.45281255098822243,-0.46017478488124974,-0.4587886213903987,-0.4490382289634918,-0.4604761606571608,-0.4599042855480679,-0.46194920401781386,-0.4719101424398856,-0.47400904355587953,-0.42038659880642537,-0.4204700160175395,-0.4012560814421431,-0.41483342152706565,-0.4107737595755949,-0.4114862007370484,-0.41638792376388684,-0.4144033273229033,-0.41075181739746386,-0.37318771644637144,-0.32761597044585533,-0.331022969854118,-0.3161059912591048,-0.3293859114755061,-0.319055249584716,-0.2837062324494996,-0.3692667869390224,-0.35514539591463057,-0.3621468144334089,-0.3700007630970164,-0.36828541461490183,-0.3700429334687744,-0.3789185463462172,-0.38680092713910025,1
-0.41796080771478183,-0.42208144788771584,-0.42220250300911466,-0.4340625018907337,-0.45966643885384967,-0.4638658912011477,-0.4522568789009931,-0.45961598459970915,-0.45815161714789376,-0.44841238180395343,-0.4598590245214397,-0.45926124634979665,-0.4613036726592904,-0.4712319768611634,-0.4733103309064877,-0.419717381262726,-0.41979670080895637,-0.40062889585803113,-0.41420443055344164,-0.4101470753113867,-0.41084758125607207,-0.41576908656475364,-0.4137657619193912,-0.41011800474199545,-0.37254241744376576,-0.326983051809333,-0.3303890583005089,-0.31548914891819896,-0.32875861540910173,-0.3184319164758875,-0.28311124246259883,-0.368685865476656,-0.35456251453626647,-0.3615548445252138,-0.369410433509948,-0.3677024416541923,-0.3694348967695721,-0.3783141574350675,-0.38619038989089116,-0.4034270282798398,1
-0.42155833409806354,-0.42167754282003606,-0.43351468508812396,-0.45911734892091444,-0.4633043637746393,-0.4516995715515133,-0.4590585496995142,-0.4575933421746725,-0.4477782844059594,-0.45923016350046025,-0.4586444454282006,-0.460660238582519,-0.4705838187652922,-0.4726317600677002,-0.4190346042931979,-0.4191276551278377,-0.3999613806440628,-0.41357356718886285,-0.40951941534792907,-0.41022087603919266,-0.4151292387237485,-0.41314766506676165,-0.4094816665114827,-0.3719195258742484,-0.32635116991753493,-0.32975533168755533,-0.3148597663144488,-0.3281381173945902,-0.3178078062032565,-0.28249837206835465,-0.3680664395225977,-0.35398568494864685,-0.3609701697646714,-0.36881641636148166,-0.3671127580877775,-0.3688516023756044,-0.37770375226929653,-0.3855839327597019,-0.4028117465644315,-0.3661296362118862,1
-0.42115453011626663,-0.43298688471507024,-0.45856308826307307,-0.4627543428446504,-0.4511412006556356,-0.4584994783043301,-0.45703643135400795,-0.4472227028317576,-0.4585930355624442,-0.4580159226977911,-0.4600430516567789,-0.4699377660205723,-0.47198320587651477,-0.4183717426143117,-0.41844505125462855,-0.3992981138422188,-0.412902267963538,-0.40888988269024285,-0.409593195114945,-0.41450131825193876,-0.41250856906680866,-0.4088647792390564,-0.37129412640995413,-0.3257414808213627,-0.3291226447691088,-0.31423056436951036,-0.3275050469316692,-0.31719047216356155,-0.28188471249083846,-0.3674288400552628,-0.353370486044245,-0.3603915570679052,-0.36822970979222847,-0.36651938853572347,-0.36826159579886275,-0.3771181456296328,-0.3849714458923728,-0.4022005620731518,-0.36552499777669034,-0.3625297884202529,0
-0.4324610416065804,-0.4580289989112174,-0.46219914678846896,-0.4505942924531697,-0.4579393431843839,-0.456477884404844,-0.4466684791097757,-0.45803464597649873,-0.4573791349224306,-0.45941413937965253,-0.469318019277877,-0.47133675825329463,-0.4177385423283373,-0.4177823602115593,-0.3986213303327345,-0.41223523092633074,-0.4082199526086282,-0.40896364150124476,-0.4138724216018699,-0.41188139241482696,-0.40822691159913216,-0.3706880210852012,-0.3251293052040443,-0.3285121635245359,-0.3136023856002952,-0.3268721606142041,-0.3165605935319697,-0.28127775757123463,-0.36679047981318585,-0.3527371643294229,-0.3597745161494213,-0.36764907692556215,-0.3659333246814706,-0.36766790244860253,-0.3765258154624761,-0.38438380696501206,-0.4015833170308329,-0.364924418189185,-0.3619261772469282,-0.36535028772091405,0
-0.4574968884779895,-0.46166414452033555,-0.45004222383992326,-0.4573906952399489,-0.4559182737839452,-0.4461126211383881,-0.4574776208112093,-0.45682106052147675,-0.45877695990184014,-0.468686523690944,-0.47071662550645527,-0.41710740144276864,-0.41714932670255933,-0.39796437691901143,-0.4115546501163494,-0.40755427973065494,-0.40829368985831177,-0.41324165253935435,-0.4112532398728038,-0.40760095020208076,-0.37006110279243026,-0.3245362341487224,-0.3278991944763989,-0.3129963403867662,-0.326240310923472,-0.3159308960281534,-0.2806583494403879,-0.36615899339964897,-0.3521030769256164,-0.3591393303258216,-0.36702994910095066,-0.36535333084814003,-0.36708151723684956,-0.37592979285415207,-0.3837894345390152,-0.4009910328744504,-0.3643178471778143,-0.36132662121729964,-0.3647458716826181,-0.3761127192629106,1
-0.4611311243141618,-0.4495102738474254,-0.4568368786601074,-0.4553701430600956,-0.4455556997671505,-0.4569189594374592,-0.45626434980390557,-0.4582185225605929,-0.4680467466073985,-0.4700847403728054,-0.41650223143551274,-0.41651835208162236,-0.3973369512857777,-0.4108939533793912,-0.4068750728727053,-0.407627995497516,-0.4125704503399617,-0.41062321474878727,-0.4069740133858789,-0.36944597392639555,-0.3239225524941929,-0.32730534136491113,-0.31238781455121317,-0.32563065351323583,-0.3153022235092605,-0.2800391125381019,-0.36551483779278765,-0.35147583408641125,-0.35850338095470835,-0.3663926513390826,-0.3647348631673036,-0.3665012038868511,-0.3753410959416721,-0.38319136469041987,-0.4003919924282474,-0.3637359836802863,-0.36072108043578166,-0.364145513690117,-0.3755052320293295,-0.3655729587183347,0
-0.44898029540736356,-0.4563032227129492,-0.4548168461459986,-0.4450102209743024,-0.45635923438040454,-0.45570600309776754,-0.45766144975170986,-0.46748590239894244,-0.4694445715868081,-0.4158854463627564,-0.4159133446024271,-0.39671156731308,-0.41026286907628023,-0.4062157305575444,-0.40694876700252647,-0.4119035099754561,-0.40995277797619323,-0.4063452037106776,-0.3688298738386348,-0.3233205190476658,-0.32669086551208715,-0.31179834095425424,-0.32501850963315015,-0.31469569244471246,-0.2794208624308844,-0.3648708768117045,-0.350835959415488,-0.35787428890049217,-0.36575459245587616,-0.3640982334675409,-0.36588240613412715,-0.3747584841330628,-0.38260063596922916,-0.39978924317331765,-0.3631474150204832,-0.3601402227132874,-0.36353916571819894,-0.3749018139153413,-0.3649684791380673,-0.3700634904996505,0
-0.45577154419212995,-0.4542836973745502,-0.44445958852820433,-0.45581099080842724,-0.45514659274014135,-0.45710274070104884,-0.4669264283529386,-0.4688833644380586,-0.41526046120074683,-0.415296723549341,-0.396112024839924,-0.4096338376732257,-0.40558597004666824,-0.40628940335788843,-0.41122302653215415,-0.4092866002518893,-0.4056760174945433,-0.36821189842270047,-0.32271751945366856,-0.32608804634038957,-0.31118831261187935,-0.32442546986007487,-0.3140866799715907,-0.2788245870476308,-0.3642279928890442,-0.3501962753229811,-0.3572325487335556,-0.36512340533725435,-0.3634608418789761,-0.36524544240331175,-0.3741373119922446,-0.3820160039907197,-0.399193870317931,-0.36255516309449565,-0.3595526647632164,-0.36295751996578135,-0.3742923858747914,-0.3643680578327078,-0.3694577294896262,-0.3809372575403573,1
-0.45375252428314533,-0.443929040184941,-0.45525758051271326,-0.4545986595005153,-0.4565429679622626,-0.46636531638596684,-0.468323528300743,-0.4147133227638967,-0.41467190331467957,-0.39550091894825046,-0.4090307297407393,-0.4049582583691274,-0.4056596219998904,-0.410562425777843,-0.4086068849235027,-0.4050110857739491,-0.36755385940811214,-0.3221126415465192,-0.3254842607167665,-0.3105898935011363,-0.32381181997347713,-0.3134967267135167,-0.2782258468588399,-0.363607477764729,-0.3495576526747133,-0.3565910009087472,-0.36447955166038365,-0.36283031748480915,-0.3646077171674261,-0.3734979453928893,-0.38139274494377395,-0.3986046208082213,-0.36197020844193695,-0.3589614260122611,-0.36236917011942543,-0.37370773316608746,-0.36376164613523193,-0.3688560313749566,-0.3803283935640621,-0.3786734357332477,0
-0.4434004585679879,-0.4547243210847464,-0.454045561004248,-0.4559946773702321,-0.46580314048790894,-0.4677620539892481,-0.4141675224292748,-0.4141249176947951,-0.39488164439567014,-0.4084160256675493,-0.40435644050312236,-0.40503188953927066,-0.40993143528678017,-0.4079470413656294,-0.404332625393875,-0.3669000343067932,-0.32146807835585006,-0.32487859695909005,-0.3099905096434178,-0.3232098179559568,-0.3128862112628545,-0.2776460186212599,-0.36298445859289036,-0.3489413306559325,-0.3559505213323436,-0.36383589232383484,-0.36218713236720335,-0.36397686141103175,-0.3728578200488568,-0.38075126640615026,-0.39797659169012667,-0.36139131745646,-0.3583774768976868,-0.3617771375406098,-0.3731163616102231,-0.36317993816992566,-0.36824833454539635,-0.37972360367147623,-0.3780652177669953,-0.3830526320158532,1
-0.4541930377178329,-0.453512605881707,-0.45544121983217767,-0.4652524800851962,-0.4671995157100302,-0.41362009373573916,-0.4135792698196729,-0.39433979724625534,-0.40779313302126924,-0.4037430383360651,-0.40443005135725807,-0.4093024974075809,-0.40731679094739076,-0.40367401894567484,-0.36623276027633145,-0.32082768001864526,-0.3242332252189858,-0.3093892466486931,-0.32260684980314464,-0.3122873102406736,-0.2770457853911837,-0.36238069943663503,-0.34832251137789344,-0.35533237209125185,-0.3631933089444566,-0.3615441409578377,-0.36333334201379347,-0.37222458062224584,-0.3801090315500246,-0.39733028586503255,-0.36077398905600955,-0.3577995856901706,-0.36119240058184154,-0.3725212999514142,-0.3625915258054419,-0.36766537195350163,-0.3791127949105052,-0.377461071555136,-0.38244316439082965,-0.38138259953519854,1
-0.45298162577244216,-0.45490791429732813,-0.4646966415331853,-0.46664849795491303,-0.41307160249464514,-0.4130319936922523,-0.3937992758218115,-0.4072479334496707,-0.4031214548006109,-0.40381662868774204,-0.4086994808971286,-0.4066885908674945,-0.403044977660501,-0.36558518116780403,-0.3201739291381018,-0.3235920212759341,-0.3087484027854257,-0.32200200333001633,-0.31168744428478456,-0.27645705689087624,-0.3617561637387475,-0.34772289190560934,-0.3547117226327913,-0.36257308955554435,-0.3609022230671556,-0.3626900166408363,-0.37157865656829675,-0.379473697059008,-0.3966832292669796,-0.3601385123021382,-0.35718329009530375,-0.3606137260431396,-0.37193355674506373,-0.36199943055600575,-0.36707569880677476,-0.37852679425587976,-0.3768509106706703,-0.38183777302608934,-0.38077360847496056,-0.36661209003963086,1
-0.45437658498228606,-0.46416101221144695,-0.466092300361115,-0.412534436847206,-0.4124836550326993,-0.39325712973000665,-0.40670406744495163,-0.4025774682136771,-0.4031950245363693,-0.4080848690850032,-0.4060862955753113,-0.4024179829991842,-0.3649669178446046,-0.3195396809527764,-0.3229374590063956,-0.30811171023511635,-0.3213574724813247,-0.3110856993017366,-0.27586736739854273,-0.36114339204822415,-0.34710256016402735,-0.354110299217618,-0.361950366597878,-0.36028265852092123,-0.3620477660058061,-0.3709329288120839,-0.3788256594951248,-0.3960431060573216,-0.3595022723349713,-0.35654885853537127,-0.3599966212397743,-0.37135189317946876,-0.36141463139901164,-0.36648233969982413,-0.37793406814058056,-0.3762655425137465,-0.38122635887231826,-0.3801686919566579,-0.36600731393016356,-0.3491324167421123,0
-0.4636273671107246,-0.4655563206270681,-0.411992156846892,-0.4119466398494304,-0.3927139216247718,-0.40615857443399966,-0.4020348123562371,-0.4026510188473148,-0.40746206921035644,-0.40547241160047265,-0.4018168660354407,-0.3643506680351083,-0.31893444708070656,-0.3223024109656781,-0.3074616917439503,-0.3207171063683537,-0.31044435952814897,-0.2752757965603189,-0.3605296500493409,-0.3464939475787396,-0.3534881355253034,-0.3613468994092579,-0.3596605914660648,-0.3614278740382328,-0.37028828456448565,-0.37817782022717156,-0.39539023761358894,-0.35887289167494413,-0.35591366256143414,-0.3593613707650031,-0.37073170060683297,-0.360835895018374,-0.3658962862119423,-0.3773376486183264,-0.3756734519994129,-0.38063976719525033,-0.3795577557445711,-0.36540659716479845,-0.34853262867740126,-0.35803925663893704,0
-0.4650223263205685,-0.4114697602004922,-0.4114045110246058,-0.3921819657992292,-0.4056120190712078,-0.4014905303388227,-0.40210834393243733,-0.4069169555983011,-0.4048503435909333,-0.40120417120321145,-0.3637600544472842,-0.3183311866955581,-0.32169639532654043,-0.30683112289342873,-0.32006338794337,-0.30980717287292026,-0.2746449248067518,-0.35991403218498785,-0.3458843662966756,-0.3528777105339558,-0.360722660212067,-0.3590577707772085,-0.3608054790319714,-0.36966603727566755,-0.37753107217659865,-0.3947375720330861,-0.3582308603612309,-0.3552853187445057,-0.35872535681698897,-0.37009332532544026,-0.3602187263301272,-0.365316302685601,-0.37674855778374944,-0.3750776696284676,-0.38004644715773744,-0.3789716306641683,-0.3647998880813857,-0.347936881971417,-0.3574369268953693,-0.36037730211185354,1
-0.4109493022126717,-0.41088226192023064,-0.3916449202502324,-0.4050767624379293,-0.4009451860920131,-0.40156404284425856,-0.4063731753520506,-0.40430590810416295,-0.4005832989169461,-0.3631579593862456,-0.3177532706124721,-0.3210923555759311,-0.30622948514987064,-0.3194291717522603,-0.3091566567298372,-0.2740181680618869,-0.35925841881870496,-0.34527290820111267,-0.3522663161435549,-0.3601101818589406,-0.35843418811727445,-0.3602023350932332,-0.3690412831351057,-0.3769067547399601,-0.3940860152899998,-0.35758902166490725,-0.3546443334025456,-0.3580962006281481,-0.3694541901605536,-0.3595834112041845,-0.36469784565224483,-0.37616555430954723,-0.37448921114252004,-0.37944943226458805,-0.3783787795126136,-0.36421788978926556,-0.3473351753442993,-0.35683864767505086,-0.3597743051775859,-0.35610944132795835,0
-0.4103619509664216,-0.39112763224643715,-0.40453640047663586,-0.40041112376808624,-0.4010186795247563,-0.40582776815953825,-0.4037628043969425,-0.40003997135317665,-0.3625477455298535,-0.31716398958817277,-0.32051367764256083,-0.30562980984584215,-0.3188239691508732,-0.30852559730134177,-0.2733781567016604,-0.35860701053492655,-0.34462157475650657,-0.35165304535277614,-0.35949673331111764,-0.3578223592969556,-0.35957842416467073,-0.36843581388270097,-0.37627992710019237,-0.39345696608691433,-0.35694825227891025,-0.35400353968907305,-0.3574543957619279,-0.36882193413152076,-0.35894733267926965,-0.3640612267276773,-0.3755439775644799,-0.37390683639466427,-0.3788597505468656,-0.3777822346491183,-0.36362918567351893,-0.34675806076394083,-0.3562343920256172,-0.35917536117225474,-0.3555076622814762,-0.3554785401686,0
-0.3906122653112631,-0.40401587576967424,-0.3998719617622392,-0.4004845983928082,-0.4052812986238633,-0.40321807421656536,-0.3994979729773292,-0.36201429376248867,-0.3165666606808538,-0.3199236277760571,-0.3050553982740639,-0.31822073994034317,-0.3079234800739821,-0.2727574527343083,-0.3579421706714501,-0.34397443081301077,-0.3509998468541396,-0.35888140883096137,-0.3572095605336233,-0.3589662705779481,-0.36780954153787626,-0.3756724140743409,-0.3928253990203905,-0.3563298178643942,-0.35336381147087476,-0.356812783299005,-0.3681770021332551,-0.35831811235580413,-0.3634238459019294,-0.37490420150770515,-0.3732859091458917,-0.3782761595742741,-0.3771930194180897,-0.3630367979611869,-0.34617426432122345,-0.3556547889297114,-0.3585704364044631,-0.35490993177259683,-0.3548769411577035,-0.37050883249449174,1
-0.4034972832758739,-0.39935260817009843,-0.399945417490025,-0.4047461266266806,-0.40267228176147885,-0.3989543489012856,-0.36148214808181117,-0.31604514773892967,-0.3193255257717938,-0.30446965392390457,-0.3176428543312686,-0.30732332675913765,-0.2721654567845861,-0.3572969911290991,-0.3433138859019484,-0.3503508446464904,-0.3582260973231343,-0.3565948856899028,-0.35835314692237047,-0.36719505172831346,-0.37504406622463987,-0.3922132145123749,-0.355708882770839,-0.3527464015682903,-0.35617223932046954,-0.3675322654947979,-0.3576762427903002,-0.36279333219686655,-0.37426366717663423,-0.37264679037602705,-0.37765397592283284,-0.37660989226001607,-0.3624517085458055,-0.3455867962526046,-0.3550684917618836,-0.35799018007322614,-0.35430622841133164,-0.3542793900352561,-0.3699029444005246,-0.3685047935177061,1
-0.39883518275876406,-0.3994260454551311,-0.4042058497015999,-0.4021377774490518,-0.39840966266237177,-0.36094838359094733,-0.3155249129566684,-0.31880329650034317,-0.30387588126252985,-0.31705360406065736,-0.30674844791918504,-0.271575393654575,-0.35668107310710295,-0.3426729402608063,-0.3496884281314793,-0.35757498979887203,-0.3559402425829421,-0.35773814726043207,-0.3665795909446484,-0.37442752305329835,-0.3915801226515282,-0.355107177815446,-0.3521264926452604,-0.35555402670750574,-0.3668886087465551,-0.3570345656892628,-0.3621501578624746,-0.37363002156406705,-0.37200691257678103,-0.3770135856799291,-0.3759881877451858,-0.3618726835694679,-0.34500658939795154,-0.3544785168684427,-0.35740322646505684,-0.35372716449379443,-0.3536758672297383,-0.3693011196601383,-0.36789947730148176,-0.3645709392299418,0
-0.3989086016645453,-0.4036854079870271,-0.4015981713652049,-0.3978762492151794,-0.36041355793412455,-0.3150030676935365,-0.31828234706417696,-0.3033576634364273,-0.31645630607721625,-0.30616223201247367,-0.27101037823630303,-0.35606716139398925,-0.34206116039248896,-0.34904563749056605,-0.35691045285395373,-0.3552898010261799,-0.3570831699530382,-0.3659622546871428,-0.37381000811221116,-0.3909588860818351,-0.3544847282117453,-0.3515257991491752,-0.3549333137745797,-0.3662673331597752,-0.35639395730859547,-0.36150717722612813,-0.3729836877479879,-0.37137391899956457,-0.37637243786830044,-0.3753482823860681,-0.36125521675177424,-0.3444324190135678,-0.3538958220847561,-0.3568125935301002,-0.3531414091497405,-0.3530969795820524,-0.36869329537946227,-0.36729822237682064,-0.36396674558854586,-0.36920991834287137,0
-0.4031668981998583,-0.4010783843683666,-0.3973377391536299,-0.35988986823393765,-0.314480162469609,-0.31775978664738114,-0.302840716062129,-0.3159348217884731,-0.3055679851849731,-0.27043411627333064,-0.355478833357018,-0.3414513741205481,-0.3484320543462124,-0.35626557192428243,-0.35462593482949756,-0.35643239541252597,-0.3653048732927617,-0.37319061816532806,-0.39033667592378307,-0.35387402035933635,-0.35090437670860214,-0.35433182779491307,-0.3656435522943508,-0.3557756813237596,-0.3608652700691346,-0.3723375506170499,-0.3707282429595364,-0.375738182976799,-0.3747076189011955,-0.3606195999203647,-0.3438199671590686,-0.3533191780229436,-0.3562292456650423,-0.35255197740167776,-0.3525114013726938,-0.3681102083617902,-0.3666909716261657,-0.36336660919104896,-0.3686044009104042,-0.3764838375919449,1
-0.40056052704462364,-0.3968190218364706,-0.3593611278883845,-0.3139682277827266,-0.31723616619747996,-0.30232216050585103,-0.31541461559236805,-0.30504932801009427,-0.26984987847427006,-0.3548790448225925,-0.3408670788110817,-0.34782047033794183,-0.35564994576199166,-0.35398171511361703,-0.35576819384172564,-0.3646517034175315,-0.3725311237617564,-0.38971259182975143,-0.3532623429982702,-0.35029468506074696,-0.3537096005667349,-0.36503904236417617,-0.35515490491636803,-0.36024571608487893,-0.37169249848928304,-0.37008276298276244,-0.3750912345175247,-0.374073845019379,-0.35998322003657934,-0.3431894254446201,-0.3527041707731861,-0.35565195226290475,-0.35196982166928176,-0.35192214719138926,-0.36752041017880777,-0.36610844452449176,-0.3627604842585836,-0.36800294549502494,-0.37587624445507817,-0.37488802877709715,1
-0.39630223050931057,-0.3588519454745701,-0.31345129802227534,-0.31672352620979927,-0.30180254532140266,-0.3148927989353827,-0.30453194231473424,-0.2693404953789936,-0.3542711502570336,-0.3402713600147246,-0.3472344176938197,-0.35503632501198334,-0.35336673521210227,-0.35512364351894976,-0.3639850893167858,-0.3718758485699132,-0.38904826769088713,-0.35264878930130167,-0.34968402429799683,-0.3530991127173737,-0.364413744235926,-0.3545533563722082,-0.35962365960910014,-0.3710698498452753,-0.36943836561000304,-0.37444448332449887,-0.3734273818047325,-0.35935370041819875,-0.34255811484754856,-0.3520710430118785,-0.35503627422189193,-0.35139371357091215,-0.3513401676872998,-0.3669269257306161,-0.3655192090046592,-0.36217905625127644,-0.36739549294677,-0.3752727208196593,-0.37428089102435885,-0.35436518518149684,0
-0.3583446562204,-0.31295364232913914,-0.3162058878142419,-0.3012938550181923,-0.31436992232049416,-0.30401294813087576,-0.2688323620695233,-0.35373984747824805,-0.3396675577089913,-0.3466369254347778,-0.3544482813991182,-0.3527537587375416,-0.35450834048704694,-0.3633381607573106,-0.3712071140392602,-0.3883881803467854,-0.3519952997248685,-0.34907148696771,-0.35248765544460275,-0.363800218249239,-0.35393106560816645,-0.3590208493476594,-0.37044469369976535,-0.36881636124669454,-0.37379881937647924,-0.3727811153975654,-0.3587115289227042,-0.3419336297972039,-0.35143714933877446,-0.3544024676232838,-0.35077925999012727,-0.3507642348077481,-0.36634074784628257,-0.36492628859205245,-0.3615909252183676,-0.36681276883761527,-0.3746631865698463,-0.37367782113109155,-0.3537639038804575,-0.3601917429473364,1
-0.31245784010711347,-0.315707540517865,-0.30078018497922915,-0.3138580158456437,-0.3034928942744969,-0.268322626741767,-0.3532098457592855,-0.3391400467011657,-0.34603133985209283,-0.3538487798991157,-0.35216634492091153,-0.35389504187476245,-0.3627205332713263,-0.370558095191027,-0.38771459911920175,-0.35134600749911443,-0.34841904311521293,-0.3518743217857818,-0.36318572166191493,-0.3533205149007916,-0.35839727727703585,-0.3698388282055699,-0.368191850424917,-0.37317556869968693,-0.3721359344655349,-0.35806955017713243,-0.34129653719547964,-0.3508100989034433,-0.35376789589272123,-0.3501466925389725,-0.35014996223412737,-0.36576064063606983,-0.36434067049175145,-0.3609991119867239,-0.36622333534371143,-0.3740784301729945,-0.37306874358111014,-0.35316666932230184,-0.35958879896471163,-0.34876129841307796,0
-0.3152110490739107,-0.3002857106610001,-0.3133411144305967,-0.3029837713867969,-0.2678118326776612,-0.3526782267294134,-0.33861382788354016,-0.3455021765108262,-0.353241173956416,-0.35156747899713126,-0.3533073131600149,-0.3621049173457382,-0.3699384246871056,-0.38706080246809293,-0.35068329888406513,-0.3477707928063542,-0.3512210586031904,-0.3625693493810559,-0.3527089947456506,-0.3577854589330527,-0.36921215346694264,-0.3675866210030698,-0.37254980954675493,-0.371513159077783,-0.357428641253183,-0.34065963254189635,-0.35017041833037116,-0.35314017204383114,-0.3495133585323421,-0.34951757796129174,-0.36514205583295073,-0.3637611198589602,-0.3604145927217461,-0.3656302164741396,-0.37348695442025054,-0.372484433043294,-0.35256346514457354,-0.35898990772009576,-0.3481616162516526,-0.35028288356211884,0
-0.29979307885984635,-0.3128434864015901,-0.302469666718302,-0.2673118410842961,-0.35214554675051174,-0.3380859944003957,-0.34497430922485983,-0.3527101386073203,-0.3509605121479056,-0.35270812944812346,-0.3615149233961453,-0.3693207720197797,-0.3864364622088866,-0.3500402202952107,-0.3471091335877385,-0.35057199194707356,-0.36191295980731525,-0.3520955982187875,-0.3571726706501154,-0.36859726555662686,-0.3669605922123887,-0.3719433496898734,-0.3708878759833421,-0.35681006953294425,-0.34002377918529925,-0.3495309281522077,-0.35249981212828013,-0.34888686393042473,-0.348884426922547,-0.3645053076060403,-0.3631431100197742,-0.35983613462981917,-0.36504440141279015,-0.3728917883104074,-0.3718934053371323,-0.35198488856133103,-0.3583850360569357,-0.3475659750670989,-0.34968276719722213,-0.3524353698705182,1
-0.3123477117484416,-0.301974768216752,-0.26680691087830843,-0.3516239729527197,-0.33755710035098163,-0.34444482612059735,-0.35218040369248227,-0.35043006896455176,-0.35210084305216083,-0.36091345366009964,-0.3687287871014439,-0.38581415413187453,-0.34942635571471264,-0.34646708947852456,-0.3499095105209428,-0.36126077814192387,-0.3514422703522413,-0.3565580062844019,-0.36798140651795136,-0.3663463433585449,-0.37131607136054234,-0.3702818853601601,-0.35618899691138045,-0.33941018215701685,-0.34889249871033556,-0.3518596432499145,-0.34824774408447795,-0.34825811403539947,-0.3638677976264907,-0.3625069436534071,-0.35921925342353894,-0.3644646549472024,-0.37230394144034723,-0.3712986883667364,-0.35139962294261123,-0.35780483156977266,-0.3469643746492444,-0.349086693374803,-0.35183463926656444,-0.35124779121760813,1
-0.3014817136928153,-0.2663209663333812,-0.35109735851248486,-0.33703925994541506,-0.34391428228327053,-0.3516490516533114,-0.3499009248302752,-0.35157010378593606,-0.3603038685892223,-0.36812530812443744,-0.3852176184278405,-0.34881449113487617,-0.3458542359834341,-0.3492666558915982,-0.36059515934501213,-0.35079313924765665,-0.3559033739581003,-0.36736367209617865,-0.3657311236239651,-0.370700586299097,-0.36965508354980575,-0.3555871563995853,-0.3387940922809936,-0.34827636680717095,-0.3512205375856576,-0.3476088141033069,-0.3476191775040898,-0.3632371556521785,-0.3618700148659648,-0.3585842292278679,-0.3638464428058918,-0.37172217480485936,-0.3707112872506281,-0.35081068211440947,-0.35721793006004315,-0.3463873637570338,-0.34848465749896956,-0.3512379534198479,-0.3506473995041686,-0.26911930500230347,0
-0.2658368349360143,-0.3505902509083926,-0.3365163965470086,-0.3433948149838626,-0.3511166386921066,-0.3493701639847998,-0.3510406642613787,-0.35977099943653895,-0.3675137026935455,-0.3846095469000668,-0.34822816422465164,-0.34524337938292704,-0.34865301020587913,-0.35994921194148466,-0.3501305929104063,-0.3552529431427494,-0.36670588103675045,-0.36511402836062107,-0.3700841298779059,-0.36904006992346267,-0.354964569134847,-0.3381971630819201,-0.3476577379525283,-0.35060374027783636,-0.3469709428132443,-0.3469804306642432,-0.3625938519192192,-0.3612399501032746,-0.3579484412990067,-0.363210071710815,-0.37110187575742115,-0.37012996381567953,-0.3502290136014492,-0.35662734935060364,-0.34580367151119595,-0.34790722148535286,-0.3506353015302881,-0.35005105132603,-0.2685423496859882,-0.27839726322816255,1
-0.35008502932000846,-0.33601294982940366,-0.34287031700047804,-0.35059532820661254,-0.3488383422770666,-0.3505096078190556,-0.35923943500770417,-0.366978961533033,-0.383993323503427,-0.34763039518241623,-0.3446580377990702,-0.34804136384837164,-0.3593325434231035,-0.34948767429263033,-0.354589087764587,-0.3660523029878912,-0.3644568949214001,-0.36946579820973263,-0.3684240851200471,-0.3543537250900751,-0.33757956338247114,-0.347058306173724,-0.34998444494130615,-0.34635536013297086,-0.3463427418468876,-0.36195074200664373,-0.36059722866386856,-0.35731950958135217,-0.3625729384298535,-0.370463392724076,-0.36951012260989174,-0.3496533899315761,-0.35604405331740063,-0.34521630789361135,-0.3473231020323087,-0.35005726412541416,-0.34944873930611225,-0.26796935340043937,-0.27781766032970495,-0.29105239824823437,1
-0.33551137652242863,-0.3423652749847313,-0.350068978323484,-0.34831761484023244,-0.3499774904845866,-0.3587062521751537,-0.36644552947532655,-0.38345430346787657,-0.34702453128483124,-0.34406126312608576,-0.34745525025622676,-0.35871788351914735,-0.3488739660655458,-0.35394487871344504,-0.365385277783388,-0.36380397209862964,-0.36880739265273366,-0.36780622496219,-0.35374191148387385,-0.33697365369176974,-0.34643816503973274,-0.34938435623532255,-0.3457372813903624,-0.3457273387202517,-0.36130870604538645,-0.3599547004943236,-0.35667793116262486,-0.36194267057418517,-0.3698241499310213,-0.3688721029099422,-0.3490394367823626,-0.3554668114502095,-0.34463620470266804,-0.3467353101654837,-0.34947254033046826,-0.34887103370331135,-0.26739054549046043,-0.2772420260083913,-0.29046918404773453,-0.26336697090227085,1
-0.3418621118725075,-0.34956212891793487,-0.347791850762125,-0.34945647152342246,-0.35817200823545614,-0.3659104777078677,-0.38291660254417775,-0.34649511006493516,-0.34345639910054887,-0.3468576964898086,-0.3581288241059032,-0.3482622573588015,-0.3533299092354912,-0.36473794396384746,-0.3631376068238424,-0.36815320234343085,-0.3671483045348522,-0.3531282215728139,-0.33636677635161855,-0.34582974102848585,-0.3487635479747639,-0.3451383918371665,-0.34510943982196207,-0.36068902531738667,-0.3593132441522532,-0.3560365449331027,-0.36129974425371414,-0.3691917870109474,-0.36823332291801,-0.3484073757653844,-0.3548511866465979,-0.34406213738817715,-0.3461547819533305,-0.3488841426476446,-0.34828664333838016,-0.2668357860747689,-0.2766605628668332,-0.2898899514456378,-0.2627916570868839,-0.2617340502545197,1
-0.3490571646390708,-0.3472855730819215,-0.3489304145428045,-0.3576488921799185,-0.3653743646442922,-0.3823772789254998,-0.345966985503563,-0.34292790433350695,-0.346252049059368,-0.3575282974829615,-0.3476760828186339,-0.35271694315247,-0.3641199203825488,-0.36249092355335416,-0.3674855604832913,-0.36649459758905745,-0.352474591847812,-0.3357580215818688,-0.34522034839353205,-0.3481544639543738,-0.344518801347326,-0.3445107275348304,-0.3600668418926769,-0.35869413377110193,-0.35539622636202883,-0.36065701139680656,-0.3685467471805422,-0.3676014196294128,-0.34777454761114374,-0.354217433923966,-0.34344979200848036,-0.34558029205227886,-0.34830301318597495,-0.3476985798988661,-0.2662744544792934,-0.2761032112474465,-0.28930486656820564,-0.26222029638350924,-0.26115920241358975,-0.2298920976233712,1
-0.3467811785598518,-0.3484238509999282,-0.35712072819091834,-0.3648494054026684,-0.3818368935787746,-0.3454372449439814,-0.3424007040578519,-0.3457228284117393,-0.35691966074433595,-0.34707846754483934,-0.35212953949384374,-0.3635039095784605,-0.3618735358092706,-0.3668376187736528,-0.365827442562315,-0.35182515998371117,-0.3351094695473196,-0.34460907890209563,-0.3475444110545344,-0.3439109221055307,-0.34389131706327003,-0.3594639065022496,-0.35807252161658154,-0.3547782355506172,-0.3600153511146519,-0.3679019028118942,-0.3669568434772075,-0.34714855539711953,-0.35358291600748737,-0.3428193580459844,-0.3449675101258921,-0.3477279254795447,-0.3471177821610676,-0.26570950605365906,-0.275539274729981,-0.28874397918297884,-0.26164313471710937,-0.2605883060045097,-0.22932633628435395,-0.2086270173697022,0
-0.3479191715994613,-0.35661210828107304,-0.3643193895139243,-0.3813077213403825,-0.3449064436253041,-0.3418718884303424,-0.34519490395346053,-0.35638767028920504,-0.34647275826664325,-0.3515306838212928,-0.3629135296247236,-0.3612581588890905,-0.36621900104938265,-0.36517998076591174,-0.35116231072790266,-0.334465096887937,-0.34395793950935394,-0.34693248144865513,-0.34330207445111743,-0.34328361591918,-0.35884020735989897,-0.3574701493065936,-0.35415774477832035,-0.3593960400559058,-0.36725813872676494,-0.36631246234838005,-0.3465099423622284,-0.3529552456041179,-0.34218815507708084,-0.344336634380391,-0.34711452599930387,-0.34654302427829453,-0.2651516490948239,-0.2749717150284904,-0.2881764895519189,-0.2610899824677088,-0.26001161165886777,-0.22876449361401857,-0.20806732428895525,-0.22402842802462822,0
-0.35610537959407157,-0.36380896221427667,-0.3807734725379378,-0.3443867224176088,-0.34134201213725773,-0.3446653636369049,-0.3558569825024937,-0.34594348031265243,-0.3509237272800264,-0.362311670341961,-0.3606683985735848,-0.36560239792754406,-0.36456183210188225,-0.350519093497447,-0.3338073431550177,-0.34331098891126144,-0.3462806628743879,-0.34269134981604643,-0.34267494643148194,-0.3582282632998885,-0.356847021987015,-0.3535564777743802,-0.35877422689891136,-0.3666367575201983,-0.36566915981186254,-0.34587151871295424,-0.3523149396046366,-0.34156377691777723,-0.3437049901359986,-0.3464830252924785,-0.34592996551742144,-0.2645997005793416,-0.274411266476912,-0.28760536807016035,-0.26053026592386713,-0.25945891563731754,-0.2281969120231563,-0.20751152799659275,-0.22346433995752493,-0.21946367257750557,0
-0.3633004323606349,-0.3802589140615991,-0.34386196932558605,-0.3408232031185948,-0.3441347625815002,-0.3553246769251043,-0.34541549868206123,-0.350393293647733,-0.3617016935686319,-0.3600671646158151,-0.3650114389675911,-0.3639456965993202,-0.3499050934106572,-0.3331691490164245,-0.34265063873355783,-0.34563303556738406,-0.3420407710175798,-0.34206439992253046,-0.35761534925221106,-0.3562356436491273,-0.35293447292172453,-0.3581716564680281,-0.36601287086399803,-0.365048232770379,-0.34523415190625806,-0.35167482459136634,-0.34092679214819255,-0.3430801737234265,-0.34585075680471156,-0.34529880961684395,-0.2640102046922462,-0.2738567412141081,-0.28704138458608014,-0.25996693648926367,-0.2588996575597461,-0.22765311244468786,-0.20695003219650993,-0.2229041645257929,-0.21890088712081635,-0.2634040827351743,0
-0.3797462672556368,-0.34335667833267264,-0.340299366527976,-0.3436152388580284,-0.35479131032926786,-0.3448859011532125,-0.3498641590421751,-0.3611684614756551,-0.35945781662800075,-0.3644089953647532,-0.3633551947495378,-0.34929309374080747,-0.33256005842682035,-0.34200988505770985,-0.3449720038229246,-0.34139437897287445,-0.3414140043952691,-0.35700055915041323,-0.35562329554278044,-0.352324205075411,-0.35754832795154823,-0.365408256659668,-0.3644248010145147,-0.34461906563898237,-0.35103577259555274,-0.3402899952248,-0.3424427468420698,-0.34522532042410103,-0.34466688553921465,-0.2634028942987492,-0.2732645834569519,-0.2864833446399296,-0.2594106863179294,-0.25833678770969337,-0.22710279445938614,-0.20641217394891076,-0.22233826104128868,-0.2183420096026806,-0.26282875832945873,-0.2662245820358354,1
-0.34285326710055447,-0.3397949700085872,-0.34309068418383537,-0.3542690594427094,-0.3443552428797299,-0.3493334077320819,-0.36063653495550846,-0.35892516714970546,-0.36379843103774634,-0.3627532124520225,-0.3487066347765337,-0.3319529531720649,-0.34139829281348877,-0.34433057826854724,-0.34073459135820744,-0.34076779495455567,-0.35634579745620204,-0.3550090712533621,-0.3517129678909353,-0.35693675056328394,-0.3647828526383119,-0.3638206351890531,-0.34400148411302023,-0.3504190280976249,-0.3396542492050894,-0.3418055082248949,-0.3445872681163353,-0.3440417912099357,-0.2627947883347029,-0.2726545792646433,-0.28588755609201055,-0.25886033538578646,-0.2577809936586819,-0.22654888650807212,-0.20586782644481014,-0.22179609973555556,-0.2177774124921133,-0.26225738707394103,-0.2656484527651486,-0.2670781541926145,1
-0.33929245017016346,-0.34258558683982937,-0.35374176471277274,-0.34383566273219424,-0.348801595560695,-0.3601029897784349,-0.35839382188140156,-0.3632646545343295,-0.36214311198318233,-0.34810873246831614,-0.3313712786275765,-0.34078869358925856,-0.34371832933998925,-0.3400943922487647,-0.3401081912547276,-0.35569523774391565,-0.35435489171474427,-0.3510998542702619,-0.35632420332943193,-0.36416922188826883,-0.3631956865080525,-0.3434030846483549,-0.34979978565648256,-0.3390407577965938,-0.34116932212394974,-0.34394940466405355,-0.3434040839650163,-0.26219334899281993,-0.2720437825963965,-0.2852738775581229,-0.2582724898581287,-0.2572310962340676,-0.22600198680335556,-0.20531990353775872,-0.22124742806095152,-0.2172365265505982,-0.2616802147866148,-0.2650762795467584,-0.2665017813443706,-0.25471991383577014,0
-0.34208236858985125,-0.3532339931695694,-0.3433110513671927,-0.3482808775278715,-0.3595683834575774,-0.3578608583626413,-0.36273218487721504,-0.3616097652774813,-0.34750273456726083,-0.3307782046484023,-0.3402045811238604,-0.34310807544877187,-0.3394833420297106,-0.33946817344584035,-0.35503125254351403,-0.3537049120386676,-0.3504468174815124,-0.35570977995788006,-0.36355462049699466,-0.36258250624044047,-0.3427839918561123,-0.3491997490875767,-0.3384247737113463,-0.34055539767432846,-0.3433125960091669,-0.34276656524934523,-0.2615795050003713,-0.2714396709784859,-0.2846594107693466,-0.2576668496198949,-0.25664371919554047,-0.22546093277554896,-0.20477894376360972,-0.22069517043597867,-0.21668913649761323,-0.2611270521683995,-0.26449830006903213,-0.26592936542669,-0.2541470675669399,-0.2779890330662248,1
-0.35272810992813375,-0.34280589869492745,-0.3477551228982321,-0.3590449100496353,-0.3573268337589091,-0.36219809618335697,-0.36107772441270986,-0.3469731891835801,-0.3301770617961577,-0.3396090468496323,-0.3425233230291349,-0.33887428316553325,-0.33885730042732165,-0.3543869155155093,-0.3530415110383424,-0.34979797639503263,-0.3550553955867386,-0.3629381434360653,-0.3619683555061518,-0.34217660500209046,-0.348578993773571,-0.3378279487864283,-0.33993897984690014,-0.3426980589647824,-0.34213010007249534,-0.26096582697593246,-0.2708231311825499,-0.2840516541669344,-0.25706041189245293,-0.25603855306589757,-0.2248826912750703,-0.20424379564066422,-0.22014990861787584,-0.21613816362036167,-0.2605673252048698,-0.26394434942089345,-0.2653511416676585,-0.25357816551289797,-0.27740954666138146,-0.25553637415964575,1
-0.342302625307195,-0.3472488544394052,-0.358516387018848,-0.3568039339956163,-0.3616629462907594,-0.3605440648110501,-0.34644494074886445,-0.32965201496190305,-0.33900543008716566,-0.34192714292745513,-0.3382906989163322,-0.3382484182193154,-0.3537718209548246,-0.3523977499062201,-0.3491357221578205,-0.35440521182384743,-0.3622816460557333,-0.36135232899952463,-0.3415682499262427,-0.347969962134859,-0.33721045498008523,-0.33934172739794477,-0.3420810275508544,-0.3415159010114284,-0.2603531154520563,-0.27020675990334014,-0.2834314372950415,-0.256460629361707,-0.25543258890239484,-0.22428677026294888,-0.20367165514636476,-0.2196104830943765,-0.21559417686588855,-0.26000398532516295,-0.26338383056107884,-0.2647969525367799,-0.2530034785223299,-0.2768340284136415,-0.25496329490358693,-0.25802286696417603,1
-0.34674446910696116,-0.3580074166966941,-0.35627598732138194,-0.3611389368542106,-0.3600093440540368,-0.3459150762293145,-0.32912825455371064,-0.3384780909984264,-0.3413228767635552,-0.3376956977060324,-0.33766500665617877,-0.3531587301733297,-0.35178321821782416,-0.34849309148798574,-0.3537416052716435,-0.36162935697622905,-0.3606962951875355,-0.34095801775750206,-0.34735996163699456,-0.33660465005273993,-0.3387237994298674,-0.3414831703117974,-0.3408992081279831,-0.2597622900497996,-0.26959136495730246,-0.2828113924163242,-0.25584845676742063,-0.2548332766922298,-0.22369004059626238,-0.20308190832111958,-0.21903392389577622,-0.21505601910207142,-0.2594477247874577,-0.26281969685351164,-0.26423619402414217,-0.2524527422067732,-0.2762526821022729,-0.25439416070239773,-0.2574490781561031,-0.23256414959241864,0
-0.35750033880391546,-0.35576757950319715,-0.3606098752607427,-0.35948575779796693,-0.34538415093813507,-0.3286028811991701,-0.33795204369773807,-0.3407949359580138,-0.33709261695744724,-0.33707017971677866,-0.35257120461865793,-0.35117068857946104,-0.3478796646970456,-0.35309764150948847,-0.36096362999411796,-0.36004446798871675,-0.34030794565001476,-0.3467480844211505,-0.3359978775165388,-0.33811756497276224,-0.34086462816370566,-0.3403016845662235,-0.25916900866504033,-0.26899789906037674,-0.28219233728245824,-0.25523644856093974,-0.2542215785593572,-0.22309989963742388,-0.20249134574846067,-0.21843970536450374,-0.21448076954354103,-0.2588973635483255,-0.26226264847161246,-0.2636718200791962,-0.2518954534502262,-0.2756954445398488,-0.2538192400514507,-0.2568792369613289,-0.23199762574974436,-0.23293526792145297,0
-0.35526106217758713,-0.36010037932012584,-0.3589571213855627,-0.3448643074783014,-0.3280764475271056,-0.337424381851473,-0.34026828834804523,-0.33656577452384634,-0.3364672742035009,-0.3519722259313543,-0.35058371155699397,-0.34726823656186717,-0.3524829117734354,-0.36031757594320485,-0.3593792062029628,-0.3396620584516401,-0.34609631975017896,-0.3353892275268594,-0.33751036274036567,-0.34025778607913537,-0.33968348127607073,-0.2585945609738815,-0.2684019729062223,-0.28159526975080396,-0.25462540075880374,-0.253610044365716,-0.22249745350212013,-0.20190732964627736,-0.21784467622287196,-0.2138878763612839,-0.2583095073731875,-0.2617115039012945,-0.2631145332707646,-0.2513345577247208,-0.2751316226389508,-0.25326827562196885,-0.25630360470831864,-0.23143502332510874,-0.232368638175493,-0.23278682058983927,0
-0.3595927776186814,-0.35844804040689027,-0.34433943155619356,-0.32756103335628506,-0.3368956594562926,-0.33974002577270246,-0.33604022271653206,-0.335940594137926,-0.35136514569457683,-0.3499852864360775,-0.34668233628780193,-0.3518701846958222,-0.35970080318921466,-0.3587336107358079,-0.33900277930741,-0.3454487461502315,-0.33474078329890156,-0.3369012831523981,-0.3396499759838282,-0.3390769744342398,-0.2579997918280713,-0.2678249183611773,-0.2809957361311945,-0.2540362124632418,-0.2529994688458804,-0.22189516255885278,-0.20131106229256682,-0.2172562241424829,-0.21329417104611875,-0.25770385635975845,-0.261122838517658,-0.26256315163969307,-0.2507807229178233,-0.2745641778335979,-0.25271075763228673,-0.25575194556824654,-0.23086667702755168,-0.2318059302294268,-0.23222023320519355,-0.24651819876411069,1
-0.35794085223860306,-0.3438340206853851,-0.32704060766264365,-0.3363779883229176,-0.33921070258770414,-0.33551305671014064,-0.3354152043188302,-0.35083459744955914,-0.34937876282909996,-0.3460849977972009,-0.3512830146712831,-0.3590860393698637,-0.35811728619493655,-0.33836308144067967,-0.3447877684983717,-0.33409651805363183,-0.3362523969174157,-0.33904028867145297,-0.338469499711573,-0.2574164691169366,-0.26722750188771877,-0.28041512583744865,-0.2534445708355076,-0.2524107452773803,-0.22129379654387554,-0.20071494428923442,-0.21665548175498323,-0.21270703372553526,-0.2570974078694997,-0.26051636858939026,-0.261974241364011,-0.25023277351418405,-0.2740038433121002,-0.252149632114506,-0.25519372945947105,-0.23032213089441902,-0.23123747772260655,-0.23165756746769958,-0.24594769295789426,-0.23976384517568528,0
-0.34333048998813265,-0.32653954006018665,-0.3358552949969366,-0.3386924390016586,-0.3349848302049687,-0.3348882004139359,-0.3503053484993765,-0.3488487303413413,-0.3454795668339048,-0.3506843947770082,-0.3584968783765817,-0.35750296921178315,-0.337752521128988,-0.34414639626768717,-0.3334388725059119,-0.3356076912742831,-0.33839077715824073,-0.33786014769542266,-0.2568321875084287,-0.2666415600926826,-0.2798140984090779,-0.25287173939375823,-0.25181956912905956,-0.22071413515307947,-0.20011972867785138,-0.2160548929487311,-0.21210761767335137,-0.25649761464964965,-0.25990910212505447,-0.26136752360625254,-0.24964740884942288,-0.27344943142617845,-0.251595569247447,-0.25463190411976083,-0.22977106269158418,-0.23069282790132611,-0.23108915744458464,-0.24538112292746844,-0.23919526680926853,-0.24132254215762966,0
-0.32604033767664625,-0.33535201426410943,-0.3381691504221885,-0.3344676480801472,-0.3343601360266513,-0.3497744827646971,-0.3483199959419702,-0.3449505467585435,-0.3500776753188048,-0.35789624924134605,-0.3569142450126641,-0.3371439506671661,-0.3435341994569337,-0.33280078501470434,-0.33494960216724584,-0.3377454485132532,-0.3372109811633027,-0.2562460233218313,-0.2660546583854219,-0.2792245841836,-0.25227861159108994,-0.25124719649359417,-0.220132035853323,-0.1995461193008367,-0.21545522285655994,-0.21150835394844655,-0.2558854312721493,-0.2593084965332921,-0.26076000959713036,-0.24904427923168154,-0.27285739079130494,-0.2510473930900435,-0.2540771467058467,-0.22921640269282356,-0.23014165550161164,-0.2305445490985633,-0.2448087831616163,-0.23863061726887944,-0.24075351899741299,-0.2621793922493608,0
-0.33485060637039726,-0.3376652887426391,-0.33394544607450644,-0.33384311377001075,-0.3492425561571544,-0.3477896451179288,-0.34442282240335814,-0.3495474613608994,-0.357287509423128,-0.3563140566802923,-0.33656084384414325,-0.34292399752341374,-0.3321917986607092,-0.33431107742175725,-0.33708673193205974,-0.33656599624347655,-0.255620714388378,-0.26546587469706756,-0.27863410866164073,-0.2516969127119742,-0.25065453462059195,-0.21956860994039512,-0.19897008181253398,-0.21487723025839467,-0.21091000409997887,-0.2552734122926493,-0.25869549363153155,-0.26015915815597346,-0.24844034924055444,-0.27224750512614404,-0.25046179418071696,-0.253528279980161,-0.22866875660939692,-0.2295868910518168,-0.22999341837760068,-0.24426033835412617,-0.23806021051161694,-0.24018842626701542,-0.2616044173244881,-0.304375546260568,1
-0.33716330190250693,-0.3334426448532595,-0.33332107238832737,-0.34872172527620315,-0.34725823347308726,-0.3438934823298284,-0.3490185459158724,-0.3567554234573935,-0.35570576010432237,-0.3359663244416249,-0.34233929589379575,-0.3315847973213485,-0.333701663701765,-0.3364475886317346,-0.33590762585492095,-0.25499950021173945,-0.2648378705988304,-0.27804175197288983,-0.2511142555646929,-0.2500732967002429,-0.2189850336958818,-0.1984126308087133,-0.21429680245289595,-0.21033331062519076,-0.2546623537568247,-0.2580826559025812,-0.2595459072402921,-0.24784305727106623,-0.271636826848882,-0.24985842750868023,-0.25294196768965815,-0.2281269604783617,-0.22903914130468042,-0.2294386957082195,-0.24370535234861831,-0.23751365282841685,-0.23961757343084764,-0.2610333942896913,-0.30378853013211177,-0.2973614098418186,1
-0.33294171482008456,-0.33281842793048166,-0.3481958572649468,-0.34673791040871077,-0.34336308153769635,-0.34848801391956946,-0.35622464038349483,-0.355174084834183,-0.33536372816712484,-0.3417431670482629,-0.331003224356898,-0.33309423630928575,-0.33583757034520995,-0.33526882382622974,-0.2543650712077992,-0.264213971069369,-0.2774100716698875,-0.2505297154691849,-0.2494911006903421,-0.2184127844714827,-0.19783512223916982,-0.21373502407162415,-0.20975418404623447,-0.2540731548992841,-0.2574707816064195,-0.25893282173190285,-0.24723339716563011,-0.2710328328111167,-0.2492542607355835,-0.2523378790795399,-0.22754795235930556,-0.22849724210375233,-0.22889098742656705,-0.24314676499096985,-0.23696056320611775,-0.23907058025742678,-0.2604565724929336,-0.30320550931065676,-0.29677639528546196,-0.28964214859790377,0
-0.3323176541209439,-0.3476894781496013,-0.3462125526147308,-0.34284375529844807,-0.34795642108414787,-0.3556922394522835,-0.35464371149518986,-0.3348373346333605,-0.3411389524241593,-0.3304102528900177,-0.3325122468666798,-0.3352295402434409,-0.3346591390936541,-0.25374987024554485,-0.26357683743544513,-0.27678250931917575,-0.2499060775378976,-0.24890702162714332,-0.21783958064050118,-0.19726887595507303,-0.21315312093818456,-0.20919368823707468,-0.25348150269247227,-0.2568807800384995,-0.25832070056090223,-0.24662389907259574,-0.2704164116305341,-0.24865673360580484,-0.2517329911977174,-0.2269512555331264,-0.22791812750989376,-0.2283491294535961,-0.24259522115205737,-0.23640387685729267,-0.23851705300823334,-0.259903752045606,-0.302616611520677,-0.2961953688190452,-0.2890593368298896,-0.29383578571599206,1
-0.34718498254164876,-0.34570667145371864,-0.34231939904208475,-0.34743591934356916,-0.35515877749298397,-0.35411172058541257,-0.3343122306758267,-0.3406110593739196,-0.3298092131173657,-0.3319188550993945,-0.3346469616366151,-0.33405144152114835,-0.25316325285324903,-0.2629589702885504,-0.2761416865699542,-0.24928652828000916,-0.24828385804485797,-0.21726449170733242,-0.19670167739043268,-0.21258252697481123,-0.20861308758883804,-0.2529086608233074,-0.25628832382179156,-0.2577304560674727,-0.24601535221991427,-0.26980015885453423,-0.2480468362696618,-0.25113474789796336,-0.2263537509436301,-0.22732132293176213,-0.2277700574496585,-0.24204954959305044,-0.23585421969789727,-0.2379599279650644,-0.25934436893177903,-0.30205200173094393,-0.29560847838413923,-0.2884805052092291,-0.29325177724084955,-0.3016292706257138,1
-0.3452026720855547,-0.3418144953469861,-0.3469103820286956,-0.3546364325663191,-0.35357866868900456,-0.333785512832398,-0.3400844594075447,-0.3292842617937146,-0.3313173927004129,-0.33405297529802513,-0.3334691879704439,-0.2525785517576087,-0.2623697470060286,-0.2755201827472099,-0.2486537761466588,-0.24766478140906636,-0.21665057793058526,-0.19613259235529096,-0.21201097904624142,-0.20804378221474426,-0.2523155224313285,-0.25571468946904524,-0.25713775653198034,-0.2454286248653839,-0.2691848819790717,-0.24743710117020762,-0.2505241280864857,-0.22576284036929573,-0.22672371071409786,-0.22717329597230784,-0.24146653802142296,-0.2353104240109405,-0.23740983541808813,-0.25878137374048515,-0.3014807714319063,-0.29504582830039966,-0.28789582392699703,-0.29267175322802336,-0.3010430381815717,-0.27576232309201865,0
-0.34131147007914797,-0.3464043256615292,-0.35410904335170157,-0.3530567281347974,-0.3332577345355029,-0.33955624450911287,-0.3287605966727095,-0.33079204978328736,-0.33345091503740654,-0.3328755296711944,-0.2520187778692926,-0.2617824480255187,-0.27492740503042,-0.24804022821888153,-0.24703250529059312,-0.21604071742568157,-0.19552485589622837,-0.21143754563818307,-0.20747352337476077,-0.2517338130758771,-0.2551207462894613,-0.2565638823486765,-0.24483944816272593,-0.2685915322639114,-0.24682831817637593,-0.24991367119475294,-0.2251596178425876,-0.22613269324872234,-0.2265757268059108,-0.24086578972183112,-0.2347293502807172,-0.23686560683758132,-0.25822545529302204,-0.30090590015801816,-0.29447656732238653,-0.2873353305567318,-0.2920858717811175,-0.3004607982187031,-0.2751834721068895,-0.28077242053398255,1
-0.34590015169047666,-0.3536011795947328,-0.3525297452043074,-0.33274099439918164,-0.33902696900584617,-0.3282353186719908,-0.33026799398481416,-0.3329250181587805,-0.33227379926527206,-0.2514478055406862,-0.261220134636255,-0.274336562534948,-0.24745522647852572,-0.24641942661131255,-0.21541772359731223,-0.1949211502199946,-0.21082533520557928,-0.20690137876156686,-0.25115114544820083,-0.25453824073250386,-0.2559696956149489,-0.24426904630879853,-0.26799572247961034,-0.24624135845831469,-0.24930416904378197,-0.2245565512419462,-0.2255293628898747,-0.2259847520969517,-0.24026423831321728,-0.23413056306666022,-0.23628408591318784,-0.25767543418453626,-0.30033819514675864,-0.2939036701730457,-0.2867682368738144,-0.29152420673478213,-0.2998726863772707,-0.27460858698773305,-0.2801921398544965,-0.27594788225653577,1
