0,1,2,3,4,5,6,7,8,9,10,11,12,13,14,15,16,17,18,19,transaction
-0.723148478803445,-0.7236998348670214,-0.7246468397842917,-0.7256278248591472,-0.7262305309114154,-0.7271646409569107,-0.7279226383017287,-0.7290406723599037,-0.7297608296282195,-0.7306630467283096,-0.7316420072816573,-0.7325746976546242,-0.7335505936226077,-0.7350038731909183,-0.7365196680029709,-0.7375967257974723,-0.7379898990367633,-0.7386209051995909,-0.7395349585500082,-0.7400665639518511,0
-0.7228728848946502,-0.7238201200140536,-0.7247947222898524,-0.7254122206044689,-0.7263333414475123,-0.7270743486128135,-0.7281885568046947,-0.7289177210629273,-0.7298260833805911,-0.730816175767533,-0.7317449528856466,-0.7327253832068498,-0.7342162698832294,-0.7357576385052821,-0.7368137028288408,-0.7372096178004519,-0.7378390434256042,-0.7387592210052775,-0.7392582638418393,-0.7402376506669281,0
-0.7229931440548516,-0.7239679705072808,-0.724579164739374,-0.7255150086793738,-0.726243068781671,-0.727340209403766,-0.7280656322137011,-0.728982960526629,-0.7299791787226937,-0.7309190985643879,-0.7318956049890456,-0.7333909110625129,-0.7349698656499711,-0.7360516069778839,-0.7364266826306871,-0.7370587965029114,-0.7379773277358332,-0.7384825893939042,-0.7394293114796164,-0.7407383309066391,1
-0.7231409626059323,-0.7237524596188479,-0.7246819305483231,-0.7254247557355548,-0.7265088716310921,-0.7272173114909672,-0.7281308575068813,-0.7291360223453142,-0.7300820788706641,-0.7310697172914926,-0.7325609851123913,-0.7341443388236408,-0.7352637679990003,-0.7356646741165106,-0.7362758955404972,-0.7371970493589901,-0.737700759115375,-0.7386535980263895,-0.7399298773607582,-0.7407232350200146,1
-0.7229254982772383,-0.7238552031819381,-0.7245916971550994,-0.725690500514577,-0.7263860005025863,-0.7272825226283706,-0.7282838860793431,-0.7292388999611515,-0.7302326644530601,-0.7317349500028725,-0.7333142456293865,-0.7344381756504806,-0.7348769221720729,-0.7355139210536378,-0.7364141170398378,-0.7369205436468326,-0.737871728808022,-0.7391540497596921,-0.7399147849221308,-0.7404741528907113,1
-0.7230282196432436,-0.7237649893216638,-0.7248573843684799,-0.7255676562299347,-0.7264511974279159,-0.7274355179892018,-0.7283867413493582,-0.7293894525696942,-0.7308977507753089,-0.7324880436383967,-0.7336080172310145,-0.734051416066435,-0.7347262030187246,-0.7356521113612711,-0.7361376740411565,-0.7370914744507118,-0.7383720665850327,-0.739138960762708,-0.739665759684779,-0.7406854953034535,1
-0.7229380252730925,-0.7240306190213601,-0.7247345666943702,-0.7256328389115816,-0.7266041594450356,-0.7275383509366455,-0.7285372612566976,-0.7300543932574244,-0.7316506786872887,-0.732781750156251,-0.7332213434989571,-0.7339007305142095,-0.7348643622426272,-0.7353757307460044,-0.736308566076705,-0.7375916984208877,-0.7383569810239169,-0.7388899923124722,-0.7398770538255623,-0.7399709566698963,1
-0.7232035975852038,-0.7239078279337647,-0.7247997352561426,-0.7257857675108303,-0.7267069699811325,-0.7276888381768073,-0.729202057514113,-0.7308071563001377,-0.7319443205729608,-0.7323951620900153,-0.733070691395558,-0.7340388589370828,-0.7345880437948219,-0.7355465842172602,-0.7368086765925013,-0.7375766162911336,-0.7381080692655045,-0.7391012382702481,-0.7391626783971993,-0.7372360852097672,1
-0.7230808330258317,-0.7239729823884071,-0.7249526307279938,-0.7258885555857351,-0.726857424424201,-0.7283534901541884,-0.7299546570508099,-0.7311007338867959,-0.7315578175781445,-0.7322445433629104,-0.733208789157007,-0.7337626020913359,-0.7347588588352834,-0.7360465818757881,-0.7367935978834822,-0.7373277611501919,-0.7383192671211272,-0.7383870257463389,-0.7364284315992041,-0.7379405599189081,1
-0.723145973404274,-0.7241258447627608,-0.7250553965369427,-0.7260389771587665,-0.7275219315477539,-0.7291059263549972,-0.7302481708701215,-0.7307143155248698,-0.7314072319957486,-0.7323826105294232,-0.7329325936341089,-0.7339333790505249,-0.7352587440272219,-0.7360315065695008,-0.7365447991846691,-0.7375389109667485,-0.7376052172283076,-0.7356534024594048,-0.7371327454018155,-0.7363957475210063,0
-0.7232988027536967,-0.7242285883258508,-0.7252057855256486,-0.7267033391063221,-0.7282742037630968,-0.7293993764733124,-0.7298618364412839,-0.7305637629163271,-0.7315452687796115,-0.7321064761963977,-0.7331033326846278,-0.7344331527987398,-0.7352436721118871,-0.7357827640157609,-0.7367559011109348,-0.7368250234917237,-0.7348722164061431,-0.7363575556519913,-0.7355882858489461,-0.7369140396284457,1
-0.7234015241197019,-0.7243789447596412,-0.7258700035590998,-0.7274554469714795,-0.7285675899270805,-0.7290131258902307,-0.7297113165339445,-0.7307017694741578,-0.7312691952118856,-0.7322771774204498,-0.7336029954942346,-0.7344180842435172,-0.7349949855088626,-0.7359938183037826,-0.7360421755507031,-0.7340926443179493,-0.7355762092582185,-0.7348134482939622,-0.7361064595751532,-0.7375052951879032,1
-0.7235518480699537,-0.725043019008882,-0.7266219485026295,-0.7277487690388907,-0.7281814235232046,-0.728862638650069,-0.7298492931156723,-0.7304257563584962,-0.7314398588719343,-0.7327767295320142,-0.7335879302838947,-0.734169453082345,-0.7352059923235501,-0.735280253806185,-0.7333104161000976,-0.7347964770398047,-0.7340324535040245,-0.7353315038570796,-0.7366975800880592,-0.7371455098900206,1
-0.724215778850232,-0.7257948011778339,-0.726915207030606,-0.7273626870014434,-0.728030969080136,-0.7290005852868838,-0.7295733399522167,-0.7305963826481779,-0.7319393010535475,-0.7327616676593037,-0.7333393543132863,-0.7343804128554609,-0.7344925883310347,-0.7325491108171406,-0.73401408918765,-0.7332530724283074,-0.7345503911023372,-0.7359224895722861,-0.7363378769674398,-0.7365768981604996,1
-0.7249673986014906,-0.7260879962237251,-0.7265292086262608,-0.7272122654284119,-0.7281688856529488,-0.728724692013254,-0.7297439291805347,-0.7310957154665111,-0.731924242495308,-0.7325131467595809,-0.733550267258045,-0.7336671679082597,-0.7317620596695411,-0.7332526251105467,-0.7324710346313743,-0.7337708922165297,-0.7351412422460434,-0.7355628684775009,-0.7357693951124749,-0.736287560333531,1
-0.7252605303044813,-0.7257020813769964,-0.7263788196375549,-0.7273501518703573,-0.7278930525073231,-0.7288952442187706,-0.7302431535398769,-0.7310806602056568,-0.7316757762843548,-0.7327240129775275,-0.7328371806352895,-0.7309372479871062,-0.7324654157184999,-0.7317099187671491,-0.7329887369743594,-0.7343616089652297,-0.7347817030394477,-0.7349945162577702,-0.7354801233721167,-0.7360686699774767,1
-0.7248746988321687,-0.7255517249432061,-0.7265166762105353,-0.7270743789864663,-0.7280635675428008,-0.7293943602319737,-0.730228101549143,-0.7308322484015615,-0.7318865960997091,-0.732011084335898,-0.7301078666953772,-0.7316404472308257,-0.7309230563825688,-0.7322275042830122,-0.7335793197442695,-0.734002151539425,-0.7342134802374153,-0.7347053104822436,-0.7352612830120194,-0.7353340034950868,1
-0.724724374881917,-0.7256895516741805,-0.7262409630645744,-0.7272448567692353,-0.7285625747789782,-0.7293793115079575,-0.7299797437020331,-0.7310430220535211,-0.7311738243430348,-0.7292823750631819,-0.7308109098445726,-0.7300984317463838,-0.7314405254757315,-0.7328179537792637,-0.7332199438459838,-0.733434057985356,-0.7339243403160273,-0.7344865200259758,-0.7345267843321532,-0.7336734559663977,1
-0.7248621718363143,-0.7254138982122316,-0.7264114039184412,-0.7277437549864564,-0.7285475293346714,-0.7291310075616908,-0.7301904715723081,-0.7303304063730859,-0.7284457155419616,-0.7299852624563379,-0.7292692366531226,-0.7306157854756917,-0.732030842159679,-0.732458658979417,-0.7326519791396021,-0.7331449838317368,-0.7337055996798466,-0.7337521888394212,-0.7328666160831405,-0.7326268078271025,0
-0.7245865779275195,-0.7255843021705273,-0.7269101940643158,-0.7277287128291532,-0.7282992795036083,-0.7293416896979171,-0.7294780106775686,-0.7276028949483213,-0.7291484482598093,-0.7284439308156316,-0.7297864755414594,-0.731205970555242,-0.7316716281775322,-0.7318908224425964,-0.7323629705500716,-0.7329262929503032,-0.7329714357055392,-0.7320923991711815,-0.7318202070049749,-0.7334998532702164,0
-0.7247569450711381,-0.7260829843425988,-0.7268951551654452,-0.7274805172336514,-0.7285099157239042,-0.7286293834278182,-0.7267510916896041,-0.7283054737881871,-0.7276074557999574,-0.728961055112025,-0.7303765296131055,-0.7308468366557709,-0.7311039193665868,-0.7316018790720903,-0.7321443292692965,-0.7321922959689396,-0.7313120239827898,-0.7310462287136243,-0.7326930530389254,-0.7339426659445335,1
-0.7252555195061396,-0.7260679486992196,-0.7266470133340805,-0.7276911074358954,-0.7277977646933796,-0.7259030562602213,-0.7274535179238544,-0.7267648187607672,-0.728124466299517,-0.7295509784598523,-0.7300174754333378,-0.7302792544090545,-0.7308150409893358,-0.7313832871309248,-0.731410498763706,-0.7305332616959948,-0.7302660917454205,-0.7319188757058654,-0.7331357645719955,-0.7338470586625787,1
-0.7252404871111144,-0.7258198605834657,-0.7268575579182688,-0.7269791119902131,-0.7250720316997873,-0.7266053300476428,-0.7259131975387484,-0.7272817160500971,-0.7287142598305677,-0.7291920038269191,-0.7294500191772015,-0.7299904404339554,-0.7305964982169809,-0.7306496222249441,-0.7297518407716181,-0.729487567366381,-0.7311385400299568,-0.7323614862840627,-0.7330401791273554,-0.7339426659445335,1
-0.7249924525931992,-0.7260303595907721,-0.7261457167050607,-0.7242539744921267,-0.7257741524341074,-0.7250653439566543,-0.7264299825539469,-0.7278713804335558,-0.728355364192524,-0.7286246732881575,-0.7291612693123533,-0.7297719463832285,-0.7298629983373524,-0.7289913385333441,-0.7287063836129687,-0.7303598172038231,-0.73158104982269,-0.7322659226364975,-0.7331357645719955,-0.7335300450434653,1
-0.7252029061235515,-0.725318672470831,-0.7234211695263384,-0.7249559418329401,-0.7242345019667056,-0.725582016814543,-0.7270195188576927,-0.7275125633831958,-0.7277881584988326,-0.7283359873945398,-0.7289428237624248,-0.7290386100290639,-0.7282050876505209,-0.7279461172974263,-0.7295784356178997,-0.7308022263432752,-0.7314855079356227,-0.7323614862840627,-0.7327232379161802,-0.7328306022965326,1
-0.7244913727590268,-0.7225947150786621,-0.724122984806966,-0.7234166277355849,-0.7247510622212412,-0.7261714251718432,-0.7266607797452005,-0.7269454818910184,-0.7274995361325737,-0.7281175902402379,-0.7282096501925496,-0.7273810689545825,-0.7271601015206393,-0.7288179725110403,-0.7300207444157898,-0.7307067061881662,-0.73158104982269,-0.7319490536998335,-0.7320239549264446,-0.7319927805888758,0
-0.7217680038603002,-0.7232963784363505,-0.7225840041558754,-0.7239330751363263,-0.7253403421232597,-0.7258127639161244,-0.7260938214275556,-0.7266569227246449,-0.7272811870380996,-0.727384579101661,-0.7265524770551604,-0.726336315792485,-0.7280317606241703,-0.729260181495467,-0.7299252459253364,-0.7308022263432752,-0.7311687111521886,-0.7312499301729083,-0.7311863245826246,-0.7318896253636087,0
-0.7224695156281414,-0.7217577309305624,-0.7231003396837659,-0.7245222262973662,-0.7249817590339462,-0.7252459286448485,-0.7258053249384885,-0.7264386214422581,-0.7265483372037727,-0.7257277731035077,-0.725507955804927,-0.727207780569523,-0.7284738701406587,-0.7291647045556476,-0.7300207444157898,-0.7303899814633313,-0.7304697468204852,-0.7304124908402966,-0.7310831929186707,-0.7323425019623422,0
-0.7209312005372324,-0.7222739546865761,-0.723689363222864,-0.7241637215483079,-0.7244150472983879,-0.7249574947678719,-0.7255870710728466,-0.7257059320806838,-0.7248918957974172,-0.7246834832622474,-0.7263792271362514,-0.727649791522718,-0.7283784146768715,-0.729260181495467,-0.7296085930359377,-0.7296911761180606,-0.7296324981785526,-0.7303093826942392,-0.7315359660774924,-0.7331300040479175,1
-0.7214473127664299,-0.7228628507189216,-0.7233309361331148,-0.7235971336232228,-0.7241266762825064,-0.7247392882696373,-0.7248545408571284,-0.7240498533867146,-0.7238478357594719,-0.725554561567337,-0.7268211399728886,-0.7275543573396419,-0.7284738701406587,-0.7288481231236149,-0.7289099461847249,-0.7288541179167112,-0.7295294135109271,-0.7307620526037591,-0.7323232882925546,-0.7334897893458002,1
-0.7220360815715824,-0.7225045012183879,-0.7227644709423225,-0.7233088256082457,-0.7239085173400571,-0.7240069170341834,-0.7231988218763956,-0.7230060219674853,-0.7247187223776618,-0.7259963765001779,-0.7267257269740691,-0.727649791522718,-0.72806190445484,-0.7281496339323046,-0.7280730778341715,-0.7287510566967251,-0.7299819803444043,-0.7315491952797577,-0.732682991413174,-0.7328607940697816,0
-0.7216778094901491,-0.7219381586511108,-0.7224762253806363,-0.7230907143273503,-0.7231763057171233,-0.7223515573924043,-0.7221552171855095,-0.7238767178868903,-0.7251604400860232,-0.7259009846396782,-0.7268211399728886,-0.7272379176799681,-0.7273635723776595,-0.727312954433361,-0.7279700399892084,-0.7292035205893466,-0.7307689437826174,-0.731908816374543,-0.7320541398036994,-0.7328406662209489,0
-0.7211115892775344,-0.721649975486346,-0.7222581613470126,-0.7223586626719305,-0.7215213068433691,-0.7213081791939495,-0.7230257239829553,-0.7243183388719489,-0.7250650692171725,-0.7259963765001779,-0.7264093575569311,-0.7265397412879896,-0.7265270810765764,-0.7272099398403978,-0.7284224012597779,-0.7299903050248492,-0.7311284829892131,-0.7312801081668764,-0.7320340165521961,-0.7332256113298723,0
-0.7208234683728854,-0.72143195865735,-0.7215262682686437,-0.7207040253685846,-0.7204781560380936,-0.7221784970662182,-0.723467249044484,-0.7242229888865386,-0.7251604400860232,-0.725584685312758,-0.7257113361445157,-0.7257034364731376,-0.7264240896551217,-0.7276621990290161,-0.7292090072469348,-0.730349762450654,-0.730499917942717,-0.731259989504231,-0.7324188737371946,-0.733351410385076,0
-0.7206054986450204,-0.7207002240129035,-0.7198719893928787,-0.7196611024622331,-0.7213482842338401,-0.722619926304026,-0.7233719197698358,-0.7243183388719489,-0.724748839494141,-0.724886818543839,-0.7248752169706512,-0.7256004680124502,-0.7268762471151666,-0.7284486275070022,-0.7295683831452205,-0.7297213403775686,-0.7304798038612291,-0.731644758927323,-0.7325446440590895,-0.7335526888734021,1
-0.7198739220871287,-0.7190463032412093,-0.7188292924045174,-0.7205310405595983,-0.7217896172668413,-0.7225246177185903,-0.723467249044484,-0.723906828408599,-0.7240511262957064,-0.7240508846084072,-0.7247722713666618,-0.726052524669127,-0.727662498698467,-0.728807922306849,-0.7289401036027628,-0.72970123087123,-0.7308644856696846,-0.7317705005688563,-0.7327458765741214,-0.73328599487637,0
-0.7182203586343601,-0.7180038319669294,-0.7196990420558667,-0.7209722771738238,-0.7216943294528979,-0.722619926304026,-0.7230558279644231,-0.723209267989018,-0.723215376313409,-0.7239479618115521,-0.7252242276768589,-0.7268386009665704,-0.7280217126806139,-0.7281797845448791,-0.7289199986574042,-0.7300858251799581,-0.7309901986789838,-0.7319716871953096,-0.7324792434917042,-0.7334092779504697,0
-0.7171781125792815,-0.7188733933423503,-0.7201401830894041,-0.7208770101775707,-0.7217896172668413,-0.7222085945142506,-0.7223584190604175,-0.7223737010116063,-0.7231124761654384,-0.7243998179928667,-0.7260101294829239,-0.7271977348660414,-0.7273937162083292,-0.7281596841364961,-0.7293045057373883,-0.7302115095945751,-0.7311913394938626,-0.7317051149152589,-0.7326024984071611,-0.7333312825362435,0
-0.7180474860915705,-0.7193144388814688,-0.7200449367298905,-0.7209722771738238,-0.7213783751224538,-0.7215113369681678,-0.7215230335746843,-0.7222708233957688,-0.7235642329126263,-0.7251855456859303,-0.7263691836626915,-0.7265698783984347,-0.727373620321216,-0.7285441044468216,-0.7294301616458798,-0.7304126046579624,-0.7309248279141484,-0.7318283417239616,-0.7325245208075862,-0.733547656911194,0
-0.7184884363456422,-0.7192192131400683,-0.7201401830894041,-0.7205611248742045,-0.7206812695362361,-0.7206761327852703,-0.721420178304669,-0.7227224812213967,-0.7243497877007918,-0.7255445203188635,-0.7257414665651956,-0.7265497869914713,-0.7277579541622543,-0.7286697319992155,-0.7296312110994663,-0.7301461536989742,-0.7310480266632614,-0.7317503819062109,-0.7327408457612455,-0.7337564833428322,1
-0.7183932311771495,-0.7193144388814688,-0.7197291198536079,-0.7198641715858255,-0.7198462473772057,-0.7205732998378264,-0.7218717380266871,-0.723507863995961,-0.7247086833388355,-0.72491694228926,-0.7257213796180756,-0.7269340351496466,-0.7278835534567112,-0.7288707360830459,-0.7293648205734641,-0.7302693244252989,-0.7309700845974959,-0.7319666575296483,-0.7329496244955911,-0.7336709399852935,1
-0.7184884363456422,-0.7189034646291085,-0.7190323175392704,-0.7190293318555011,-0.7197434368411088,-0.7210247615583116,-0.722656950209974,-0.723866681046321,-0.7240812434121856,-0.7248968597923126,-0.7261055424817432,-0.7270596064431679,-0.7280845123278423,-0.7286044056719707,-0.7294879633637859,-0.7301914000882364,-0.7311863109734906,-0.7321753886545935,-0.7328641006767025,-0.7334621135536553,1
-0.7180775508816208,-0.7182068131525464,-0.7181976586519526,-0.7189265437805962,-0.7201948001703146,-0.7218098033278221,-0.7230156893224662,-0.7232393785107265,-0.7240611653345328,-0.72528093754643,-0.7262310859012424,-0.7272605205128021,-0.7278182418235936,-0.7287275206733167,-0.7294100567005212,-0.7304075772813777,-0.7313949945689273,-0.7320898843383509,-0.7326553219423569,-0.7334017300071576,0
-0.7173810499121214,-0.7173723349450098,-0.7180948928430035,-0.7193778084996906,-0.7209796708483223,-0.7221684645835409,-0.7223885230418855,-0.7232193048295874,-0.7244451585696425,-0.7254064531523506,-0.7264319553724411,-0.7269943093705368,-0.7279413291321614,-0.7286496315908325,-0.7296261848631266,-0.730616213409642,-0.7313095097226038,-0.7318811532134055,-0.7325949521878475,-0.7330696205014197,0
-0.7165467519882245,-0.7172695913819198,-0.7185460598091213,-0.7201625077056714,-0.7213382539376357,-0.7215414344162002,-0.7223684537209069,-0.7236032139813713,-0.7245706465549725,-0.7256072781218239,-0.7261658033231028,-0.7271173692381877,-0.727863457569598,-0.7288657109809501,-0.7298347736712225,-0.7305307480077023,-0.7311008261271671,-0.7318207972254697,-0.7322629185380449,-0.7332356752542887,0
-0.7164440306222191,-0.7177206606832909,-0.7193305890335373,-0.7205210124547297,-0.72071136042485,-0.7215213694508453,-0.7227522794846222,-0.7237286744884902,-0.7247714273315005,-0.7253411850372719,-0.726288835874212,-0.7270395150362045,-0.7280794883560641,-0.7290742527179241,-0.7297493276534482,-0.7303221118794381,-0.7310404838827036,-0.7314888392918216,-0.7324289353629462,-0.7337841591349769,1
-0.7168950024729742,-0.7185050200795641,-0.7196890161232864,-0.7198942559004319,-0.7206912998324407,-0.7219051119132578,-0.7228777127407383,-0.7239294112998804,-0.7245053928026008,-0.7254641903310742,-0.7262109989541224,-0.7272554976610612,-0.7282879831848625,-0.7289888259822961,-0.7295407388453523,-0.730261783360422,-0.7307086015381536,-0.7316548182586456,-0.732977293966408,-0.7338294467948503,1
-0.7176791924134539,-0.7188633695800978,-0.7190623953370117,-0.7198741996906943,-0.7210749586622657,-0.7220305179467259,-0.7230784059505242,-0.7236634350247882,-0.7246283710282243,-0.7253863706554033,-0.7264269336356611,-0.7274639460083066,-0.7282025756646318,-0.7287802842453222,-0.7294804240092765,-0.7299299765058329,-0.7308745427104286,-0.7322030518157309,-0.7330225712822902,-0.7336835198908139,1
-0.7180374644948871,-0.7182368844393044,-0.7190423434718509,-0.7202577747019245,-0.7212003373648228,-0.722231167600275,-0.7228124874475579,-0.7237863863217648,-0.7245505684773197,-0.725602257497587,-0.7266353357120298,-0.7273785575287119,-0.7279940808358333,-0.7287199830201732,-0.7291486924108588,-0.7300958799331275,-0.7314226514309731,-0.7322483188066828,-0.7328766777088921,-0.7336055244765877,1
-0.7174111147021717,-0.7182168369147991,-0.719425835393051,-0.7203831260127841,-0.7214009432889142,-0.7219653068093226,-0.7229354120385517,-0.7237086008073511,-0.7247664078120872,-0.7258106134034154,-0.7265499661867703,-0.7271701091814666,-0.727933793174494,-0.7283883262818531,-0.7293145582100676,-0.7306438639808578,-0.7314679081143208,-0.7321024585025042,-0.7327987001093172,-0.7333363144984516,1
-0.7173910715088048,-0.7186002458209646,-0.7195511595503059,-0.7205836881101594,-0.721135140439493,-0.7220882047221212,-0.7228576434197598,-0.7239243928795956,-0.724974717867735,-0.7257252627913893,-0.7263415641104016,-0.7271098349605765,-0.7276022110371276,-0.7285541546510131,-0.7298624179710906,-0.73068911037012,-0.7313220810235338,-0.7320244986847536,-0.7325295516204621,-0.7329991730305057,1
-0.7177743975819466,-0.7187255428491232,-0.7197516782019139,-0.7203179433311371,-0.7212580115679991,-0.722010452981371,-0.7230733886202795,-0.7241326573214131,-0.7248893860377106,-0.7255169068855608,-0.7262813032690421,-0.7267783267456801,-0.7277680021058108,-0.7291018907794508,-0.7299076540981476,-0.7305433164491641,-0.7312441389577683,-0.7317554115718723,-0.7321924871577838,-0.7314568766137078,0
-0.7178996675404897,-0.7189260180941771,-0.7194859909885335,-0.7204407876157795,-0.7211802767724136,-0.7222261513589362,-0.7232816078254323,-0.7240473441765721,-0.7246810759820628,-0.725456659394719,-0.7259498686415642,-0.7269440808531282,-0.728315615029643,-0.7291471166983126,-0.7297618932442974,-0.7304653921121016,-0.7309751131178679,-0.7314184239725631,-0.7306505430113522,-0.7317160226674276,0
-0.7181000994741588,-0.7186603883944808,-0.7196088086626432,-0.7203630698030465,-0.721395928140812,-0.7224343253744933,-0.7231963132112732,-0.7238390797347547,-0.7246208417491046,-0.7251252981950883,-0.7261155859553031,-0.7274915716928813,-0.7283608307756475,-0.7290013887375356,-0.7296839865810327,-0.730196427464821,-0.7306382022529462,-0.7298768314473646,-0.7309096298744557,-0.7318795614391924,0
-0.7178345271620474,-0.7187831794820762,-0.7195311076851452,-0.720578674057725,-0.7216040567870569,-0.7223490492717349,-0.7229880940061205,-0.7237788586913377,-0.7242895534678334,-0.7252909787949037,-0.7266629552643196,-0.7275367773585489,-0.7282151355940775,-0.7289234996550513,-0.7294150829368607,-0.7298595932336475,-0.7290969607589379,-0.7301358592289233,-0.7310731312929191,-0.7322720544914281,0
-0.7179572917214195,-0.7187054953246178,-0.7197466652356237,-0.7207867572337519,-0.7215187992693178,-0.7221408752561779,-0.7229278860431848,-0.7234476429525438,-0.724455197608469,-0.725838226836718,-0.7267081508953394,-0.7273911146580642,-0.7281372640315142,-0.7286546566929283,-0.7290783251021036,-0.7283187023104425,-0.7293559295580943,-0.7302993233629166,-0.7314655346972312,-0.7330092369549218,0
-0.7178796243471228,-0.7189210062130508,-0.7199547033366669,-0.7207015183423673,-0.7213106706230731,-0.7220806803601132,-0.7225967422470382,-0.7236132508219408,-0.7250023252245076,-0.7258834124548494,-0.7265625205287203,-0.727313260456081,-0.7278684815413763,-0.7283179748525125,-0.7275377836639977,-0.7285776122045536,-0.7295193564701832,-0.7306916372845005,-0.7322025487835353,-0.7330293648037545,0
-0.718095088675817,-0.7191289992797941,-0.7198694829097334,-0.7204934351663405,-0.7212504888458456,-0.7217496084317573,-0.7227623141451115,-0.7241602586329792,-0.7250475008992264,-0.7257378143519814,-0.7264846836086307,-0.7270445378879453,-0.7275318754322319,-0.7267777810601627,-0.7277966348354902,-0.7287410019435557,-0.7299115810591967,-0.7314284833038855,-0.7322226720350384,-0.7327551228634104,0
-0.7183030368069985,-0.7190437973006462,-0.7196614448086902,-0.7204332665371279,-0.7209194890710948,-0.7219151443959353,-0.7233092031417778,-0.724205424415542,-0.7249019348362437,-0.7256599946763105,-0.7262160206909024,-0.7267080068213082,-0.7259920280821899,-0.7270365738180943,-0.7279599875165291,-0.7291331373171609,-0.7306482592936899,-0.7314486019665309,-0.7319484927333076,-0.733177807688895,0
-0.7182178532351892,-0.7188358042339028,-0.719601289213208,-0.7201023390764587,-0.7210849889584702,-0.7224619147018563,-0.7233543591139796,-0.7240598902272841,-0.724824132285339,-0.7253913912796401,-0.7258795643266447,-0.7251685027627368,-0.7262507626287712,-0.7271998896362063,-0.7283520339510225,-0.7298696479868167,-0.7306683733751779,-0.7311744851879884,-0.7323710810148746,-0.7334369537426145,1
-0.7180099051040076,-0.7187756616603868,-0.7192704334380549,-0.7202678028067934,-0.7216316401016194,-0.7225070608739048,-0.7232088565368849,-0.7239821047128704,-0.7245555879967329,-0.7250550094557727,-0.7243404020035846,-0.7254271796273908,-0.7264140417115651,-0.7275918475996754,-0.7290883775747828,-0.7298897574931554,-0.7303943190149057,-0.7315969771035403,-0.732630167877978,-0.7335778486844428,1
-0.717949775523907,-0.7184448775060478,-0.7194358613256314,-0.7208143345221409,-0.72167677643454,-0.7223615898750818,-0.7231310879180929,-0.7237136192276359,-0.7242192801960486,-0.7235161881271849,-0.724599021447753,-0.7255904223089684,-0.7268059115102707,-0.7283280250567039,-0.7291084825201415,-0.7296157654692904,-0.730816714726151,-0.7318560048850988,-0.7327710306385002,-0.7333589583283883,1
-0.7176190628333532,-0.7186102695832173,-0.719982274651263,-0.7208594609940504,-0.7215313371395737,-0.7222838381343315,-0.7228626607500044,-0.7233773850685573,-0.7226807974959033,-0.7237747502753816,-0.7247622278931019,-0.7259822047447549,-0.7275419233757883,-0.728348125465087,-0.72883455263963,-0.7300380651024037,-0.7310756835253073,-0.7319968355236162,-0.7325521902784031,-0.7332004515188316,1
-0.7177844191786301,-0.719156564625989,-0.7200273913478747,-0.7207140534734533,-0.7214536023439883,-0.7220154692227098,-0.7225264996236133,-0.7218392392512797,-0.7229393027456831,-0.7239379205630785,-0.7251539233619393,-0.7267180525247898,-0.7275620192629014,-0.7280742574008683,-0.7292567564921615,-0.7302969749965147,-0.7312164820957223,-0.7317780450673482,-0.7323937196728156,-0.7326419037137271,0
-0.718330596197878,-0.7192016715561261,-0.719882015325459,-0.7206363356607204,-0.721185291920516,-0.7216793810530152,-0.7209886879036296,-0.7220976878959446,-0.7231024371266119,-0.724329529253551,-0.7258896078002045,-0.7267381439317533,-0.7272882128009853,-0.7284963659769119,-0.729515607663654,-0.7304377415408857,-0.7309977414595418,-0.7316196105990163,-0.7318352994436023,-0.7328985337863426,0
-0.7183756933829535,-0.7190563270034621,-0.719804314347961,-0.7203680838554809,-0.7208492769976629,-0.7201419030826961,-0.7212470804112288,-0.7222607865551992,-0.7234939596408414,-0.7250650507042463,-0.7259096947473244,-0.7264643985118768,-0.7277102264303607,-0.7287551587348433,-0.7296563422811645,-0.7302190506594521,-0.7308393430678248,-0.7310613177106083,-0.7320918709002678,-0.7329966570494015,0
-0.7182303802310436,-0.7189786428460037,-0.7195361206514354,-0.7200321423423774,-0.7193121341043122,-0.7204002395116405,-0.7214101436441798,-0.7226522233374101,-0.724229319234875,-0.7250851332011936,-0.7256360100928162,-0.7268863180581084,-0.7279689609769419,-0.7288958615935246,-0.7294377010003892,-0.7300606882970346,-0.7302811773065363,-0.7313178306593363,-0.7321899717513458,-0.7333111546874108,0
-0.7181527128567468,-0.7187105072057441,-0.7192002519099921,-0.7184953352712393,-0.71957041423158,-0.720563267355149,-0.721801495403262,-0.7233874219091267,-0.7242493973125278,-0.7248115091802866,-0.7260578359823335,-0.7271449949227623,-0.7281096321867336,-0.7286772696523591,-0.7292793745556899,-0.729502649496135,-0.7305376318455067,-0.7314159091397323,-0.7325043975560831,-0.7334042459882616,0
-0.7178846351454645,-0.7183747111702791,-0.7176637777420466,-0.7187535589716101,-0.7197334065449041,-0.7209545341795695,-0.7225365342841025,-0.7234074955902657,-0.7239758335045086,-0.7252332416161802,-0.7263164554265018,-0.7272856347715062,-0.7278910894143785,-0.7285189789363428,-0.7287214623219876,-0.7297590457019537,-0.7306356879927601,-0.7317302632435656,-0.7325974675942853,-0.7345741772016563,0
-0.7175489116565692,-0.716838569605054,-0.7179219455059918,-0.7189165156757275,-0.7201245880968824,-0.7216894135356926,-0.722556603605081,-0.7231339916847467,-0.7243974731352172,-0.7254918037643767,-0.7264570640563408,-0.727067140720779,-0.7277328343033629,-0.7279611926037136,-0.7289778003753103,-0.7298570795453551,-0.7309499705160081,-0.7318233120583002,-0.733767131587908,-0.7345691452394482,0
-0.7160131019648309,-0.7170966814830609,-0.7180848669104232,-0.7193076117656092,-0.7208593072938673,-0.7217094785010475,-0.722283159106748,-0.7235555389886661,-0.7246559783849968,-0.7256323812430079,-0.7262386185064122,-0.7269089208909423,-0.727175173435974,-0.7282174728105972,-0.7290758119839337,-0.7301712905818977,-0.7310429981428895,-0.73299270932456,-0.7337621007750321,-0.7351578848178016,1
-0.7162711580794296,-0.717259567619667,-0.7184758782810585,-0.720042170447246,-0.7208793678862765,-0.7214360933480871,-0.7227046148472981,-0.7238139876333309,-0.7247965249285664,-0.7254139840887058,-0.7260804337978434,-0.7263513843477076,-0.7274313959966662,-0.7283154623014646,-0.7293899517551624,-0.7302642970487143,-0.7322121291293721,-0.7329876796588987,-0.7343507058815003,-0.7350094419326613,1
-0.7164340090255357,-0.717650494347522,-0.7192102778425724,-0.7200622266569836,-0.7206060423147019,-0.72185745762054,-0.7229630073548973,-0.7239545034013041,-0.7245781758340922,-0.7252558344252458,-0.7255230210152669,-0.7266075497864911,-0.7275293634463427,-0.7286295311824494,-0.7294829371274462,-0.7314331621046527,-0.7322071006090001,-0.7335761505412746,-0.7342022969016644,-0.7349415104428513,1
-0.71682485129619,-0.7183847349325316,-0.7192303297077333,-0.7197889607993099,-0.7210273147552939,-0.7221157940494841,-0.7231034926017473,-0.7237362021189172,-0.7244200609725765,-0.7246985451349579,-0.7257791295910453,-0.7267054953954377,-0.7278433616824849,-0.7287224955712209,-0.7306515370764173,-0.731428134728068,-0.7327954374925203,-0.7334277754042653,-0.7341343809278411,-0.734732684011213,0
-0.7175589332532525,-0.718404782457037,-0.7189571230449175,-0.7202101412037979,-0.7212855948825616,-0.7222562488069685,-0.7228852387361052,-0.7235781218799475,-0.7238628943177116,-0.7249545969710361,-0.7258770534582547,-0.727019423629241,-0.7279363051603831,-0.7298908318084847,-0.7306465108400776,-0.7320163377884757,-0.7326470961415473,-0.7333598749178373,-0.7339256021934956,-0.7347276520490049,0
-0.7175789764466194,-0.7181316349356512,-0.7193782122132941,-0.7204683649041685,-0.7214260190294256,-0.7220380423087339,-0.7227271928333989,-0.7230210772283396,-0.7241188898077846,-0.7250524991436543,-0.7261909120070026,-0.7271123463864468,-0.7291043785988325,-0.7298858067063889,-0.7312345804918179,-0.7318680301792277,-0.7325792111165258,-0.733151143792892,-0.7339205713806197,-0.7347578438222537,0
-0.7173058879369956,-0.7185526329502643,-0.7196363799772393,-0.7206087583723312,-0.7212078600869761,-0.7218800307065641,-0.7221702691762434,-0.7232770166628621,-0.724216770436342,-0.725366288158456,-0.726283814137432,-0.7282801594161951,-0.7290993546270542,-0.7304737436515926,-0.7310863065197979,-0.7318001605953346,-0.7323705275210891,-0.7331461141272307,-0.7339507562578744,-0.734800615501023,0
-0.7177267949977003,-0.718810744828271,-0.7197767430333648,-0.7203906470914356,-0.7210498829217542,-0.7213232279179657,-0.7224261530187203,-0.7233748758584149,-0.7245304903996669,-0.7254591697068373,-0.7274513679387744,-0.7282751365644542,-0.7296871593251126,-0.7303255031397679,-0.7310184523292125,-0.7315915244670703,-0.7323654990007171,-0.7331762921211986,-0.7339935181673188,-0.7352484601375482,0
-0.7179848511122989,-0.7189510774998087,-0.7195586789997411,-0.7202327044397526,-0.7204932014824005,-0.7215790562262406,-0.7225239909584908,-0.7236885271262121,-0.7246233515088111,-0.7266264648418999,-0.7274463462019944,-0.728862810218134,-0.7295389521576535,-0.7302576642614751,-0.7308098635211167,-0.7315864970904856,-0.7323956701229488,-0.73321904427932,-0.7344412605132645,-0.7363076881823637,0
-0.7181251534658672,-0.7187330606708127,-0.7194007705616,-0.7196761446195362,-0.720748974035617,-0.7216768729323458,-0.7228375740987811,-0.7237813679014801,-0.7257903897723796,-0.7266214442176631,-0.7280338894052507,-0.7287146360917789,-0.7294711285386468,-0.7300491225245012,-0.730804837284777,-0.7316166613499936,-0.7324384125461106,-0.7336666845231785,-0.7355002466236197,-0.7368209483275949,0
-0.7179071837380022,-0.7185751864153328,-0.7188443313033881,-0.7199318612936897,-0.7208467694236116,-0.7219903880160161,-0.7229303947083071,-0.7249481506176857,-0.7257853702529664,-0.7272088572533719,-0.7278857481702417,-0.7286468275932774,-0.7292626337098483,-0.7300440974224054,-0.7308349947028148,-0.7316593940509635,-0.7328859508592157,-0.7347254291448889,-0.736013389536951,-0.7377845690904554,0
-0.717749343590238,-0.7180188676103084,-0.7190999925841881,-0.7200296353161602,-0.7211602161800045,-0.7220831884807825,-0.724096923990187,-0.7249431321974009,-0.7263726540243107,-0.7270607488383856,-0.7278179547237121,-0.728438379246032,-0.72925760973807,-0.7300742480349798,-0.7308777177117021,-0.732106830567,-0.733944454397515,-0.735238455042345,-0.7369767902026658,-0.7386676784579856,1
-0.7171931449743068,-0.7182744735477521,-0.719197745426847,-0.720343013593309,-0.7212529964198967,-0.723249464592036,-0.7240919066599423,-0.7255302873707173,-0.7262245782016213,-0.7269929704111884,-0.7276095526473435,-0.7284333563942912,-0.7292877535687395,-0.7301169614027938,-0.7313250527459317,-0.7331650933380754,-0.7344573634754558,-0.73620163601649,-0.737859697862368,-0.7383884045554334,1
-0.7174486956897346,-0.7183722052297158,-0.7195110558199843,-0.7204357735633451,-0.7224190183536782,-0.7232444483506972,-0.7246789342985658,-0.7253822439723171,-0.7261568146895432,-0.72678461450536,-0.7276045309105635,-0.7284634935047362,-0.729330457328855,-0.7305641954893162,-0.7323830754954302,-0.7336778857497132,-0.7354203251266875,-0.7370843423400538,-0.7375804877477614,-0.7387985094753976,1
-0.7175464062573982,-0.7186854478001123,-0.719603795696353,-0.7216015407543388,-0.7224140032055759,-0.7238313485873281,-0.7245309230563488,-0.7253144952984729,-0.7259485046338955,-0.7267795938811232,-0.7276346613312432,-0.7285061877445336,-0.7297775908171216,-0.7316219794804733,-0.7328957516020757,-0.7346406283656796,-0.7363028304519679,-0.7368051958958499,-0.7379904989971389,-0.7392765458851717,1
-0.7178595811537559,-0.7187781676009498,-0.7207693103588239,-0.7215965267019044,-0.7230007755335434,-0.7236833694678357,-0.7244631890980462,-0.7251062308566556,-0.7259434851144823,-0.726809717626544,-0.727677346093873,-0.7289532215494693,-0.730835136876449,-0.7321345398942406,-0.7338582758611205,-0.7355229329562911,-0.7360237475713237,-0.7372151136472486,-0.7384684262203395,-0.7377820531093514,1
-0.7179522809230778,-0.7199434299628252,-0.7207642973925337,-0.7221831708367271,-0.7228528286645259,-0.7236156502097629,-0.7242549698928934,-0.7251012124363708,-0.7259736022309614,-0.7268523929325572,-0.7281242806672901,-0.7300105318409189,-0.7313475819978333,-0.7330968469455782,-0.7347403803387309,-0.7352439135558414,-0.7364335719816392,-0.737692931885075,-0.736974274796228,-0.7374423956603013,1
-0.7191172915375285,-0.7199384180816988,-0.7213508144484868,-0.7220352562899128,-0.7227851241651451,-0.7234074761942059,-0.7242499525626487,-0.7251313229580792,-0.7260162681459736,-0.7272992284896348,-0.7291813562594732,-0.730522862718486,-0.7323096725933733,-0.7339787523633837,-0.7344614242218799,-0.735653644747493,-0.736911281416976,-0.7361991211836594,-0.7366346949271118,-0.7372260212853509,1
-0.7191122807391868,-0.7205248081734813,-0.7212029319429261,-0.7219675665820487,-0.7225769955189003,-0.7234024599528671,-0.7242800565441165,-0.7251739795304998,-0.7264630053737482,-0.7283560698914872,-0.7296935734110299,-0.7314847388268592,-0.7331913796404609,-0.7336998591970691,-0.7348710624835623,-0.7361312455230377,-0.7354178108665016,-0.7358596187515195,-0.7364183699734524,-0.7372536970774958,1
-0.7196985441451684,-0.7203769576802542,-0.7211352568980084,-0.7217594834060219,-0.722571980370798,-0.7234325574008994,-0.7243227038511961,-0.7256206189358428,-0.7275196142102265,-0.7288681735636436,-0.7306552360043936,-0.7323662493073788,-0.7329125492067666,-0.7341094050178735,-0.7353485549358298,-0.7346381146773873,-0.7350783857413938,-0.7356433431280821,-0.7364460394442695,-0.7360258982987073,1
-0.7195507255940876,-0.7203092972850486,-0.7209272187969652,-0.7217544693535876,-0.7226020712594116,-0.7234751954522787,-0.7247692462429693,-0.7266769964057839,-0.7280316051903728,-0.7298296231049961,-0.7315365508092779,-0.7320874810357616,-0.7333220029066962,-0.7345867897169704,-0.7338557627429508,-0.7342987667579213,-0.7348621593653991,-0.7356710062892196,-0.7352185211025751,-0.7356963047740736,1
-0.7194830798164744,-0.7201013042183052,-0.720922205830675,-0.7217845536681937,-0.7226447000182811,-0.7239216409314251,-0.7258253942594671,-0.727188875274829,-0.7289928431580002,-0.7307107426585594,-0.7312578444179898,-0.7324968434526411,-0.7337992802256325,-0.7330943343945304,-0.7335164917900238,-0.7340825895647799,-0.7348898162274451,-0.7344437678678544,-0.7348890028592104,-0.7353792911549603,1
-0.7192751316852929,-0.7200962923371788,-0.7209522836284161,-0.721827173113886,-0.7230910481993844,-0.7249775597332266,-0.726337161944421,-0.7281499027593596,-0.7298737688150164,-0.7304320980134156,-0.7316671159655572,-0.732974014368022,-0.7323071606074842,-0.7327551400030667,-0.7333003636274182,-0.7341102401359957,-0.7336628572566848,-0.7341143247670371,-0.7345720616480355,-0.73490377072629,0
-0.7192701208869511,-0.7201263636239368,-0.7209948938418829,-0.7222734237805459,-0.7241467368749156,-0.7254892163497766,-0.7272979806862704,-0.7290306355193342,-0.729595185487584,-0.7308412788887171,-0.7321441809596541,-0.7314822274009888,-0.7319680425124505,-0.732539060612949,-0.7333280079272865,-0.7328835602493333,-0.7333334891723209,-0.7337974558303733,-0.7340966498312725,-0.7352786519107971,0
-0.7193001856770014,-0.7201689646135109,-0.7214410478417104,-0.7233288818179833,-0.7246582819813489,-0.7264498265661423,-0.7281785221442055,-0.7287521131935303,-0.7300042763197597,-0.7313182381912157,-0.7306527251360038,-0.7311431849084813,-0.7317520117259845,-0.7325666986744759,-0.7321016062604092,-0.7325542670830367,-0.733016692388887,-0.7333221524253772,-0.7344714453905193,-0.7351226610823445,0
-0.7193427774629061,-0.7206150220337555,-0.7224962772457969,-0.7238403151662903,-0.7256186828429365,-0.7273301769210885,-0.7279000603156278,-0.7291611144467379,-0.7304811306640134,-0.7298271127928778,-0.730313757903356,-0.7309272022836245,-0.7317796435707652,-0.7313405737631108,-0.7317723877801615,-0.7322375423582018,-0.7325414972137358,-0.7336968625171465,-0.7343154901913697,-0.7353616792872316,0
-0.7197887385153193,-0.7216700230108513,-0.7230075998073971,-0.7248005062074743,-0.7264988413348876,-0.7270517755267893,-0.7283089727305664,-0.7296378643737896,-0.7289903333982937,-0.7294882206568919,-0.7300978232218173,-0.7309548279681993,-0.7305537944568654,-0.7310114295758386,-0.731455734890763,-0.7317624552709493,-0.7329161219814475,-0.7335409428816452,-0.73455445380297,-0.7352811678919013,0
-0.7208435115662521,-0.7221812348857386,-0.7239675828519698,-0.7256804724097082,-0.7262205006152108,-0.7274605991958955,-0.7287856191038076,-0.7281473935492173,-0.7286515158379028,-0.7292723338147082,-0.7301254427741072,-0.7297292521434311,-0.7302247243053883,-0.730694848143806,-0.730980755556665,-0.7321369948265082,-0.7327602378499165,-0.7337798520005585,-0.7344739607969574,-0.7357541723394673,0
-0.721354612997108,-0.7231410101214337,-0.7248473584358995,-0.7254021924996001,-0.7266292351855471,-0.7279371421230743,-0.7272954720211481,-0.7278086501799963,-0.7284356765031351,-0.7292999472480108,-0.728900138999795,-0.7294002553544052,-0.7299082140833569,-0.7302199759957568,-0.7313552101639696,-0.731981146152383,-0.732999092567585,-0.7336993773499773,-0.7349468572072821,-0.7366850853479749,1
-0.722314180879548,-0.7240205952591074,-0.7245691388067936,-0.7258108377730023,-0.7271056742552642,-0.7264473184454731,-0.7269568022296345,-0.7275928581077518,-0.7284632838599079,-0.7280749149342247,-0.7285712152407071,-0.7290838156947316,-0.7294334487503096,-0.7305943461018908,-0.7311993968374402,-0.7322199465401554,-0.7329186362416336,-0.7341721659221424,-0.7358775575893045,-0.7367832086110337,1
-0.7231935759885204,-0.7237424358565953,-0.7249776955594448,-0.7262871727542685,-0.7256161752688854,-0.7261087221551091,-0.7267410570291147,-0.7276204594193181,-0.7272385211230873,-0.7277460640467125,-0.7282548458235694,-0.7286091562052209,-0.7298077346477913,-0.7304385679369223,-0.7314381430635741,-0.7321395085148006,-0.7333913171565984,-0.7351026540694889,-0.7359756584403824,-0.7365995419904363,0
-0.7229154766805548,-0.7241509041683926,-0.7254539273570134,-0.7247979991812572,-0.7252776527719811,-0.7258930237775438,-0.7267686523454604,-0.7263959648698376,-0.7269097426015229,-0.7274297647197925,-0.7277802916978623,-0.7289833586599145,-0.7296519915226647,-0.7306772602864708,-0.7313577232821395,-0.7326120819137605,-0.7343215934254127,-0.7352007325498848,-0.7357920337704159,-0.7364661949919205,0
-0.7233238567454053,-0.7246270328753953,-0.7239650763688248,-0.7244595506419365,-0.7250620014035828,-0.725920613104907,-0.725544423765767,-0.7260672583411861,-0.7265935128784915,-0.7269553157294121,-0.7281544110879699,-0.728827650255948,-0.7298906301821328,-0.7305968586529388,-0.7318301894980676,-0.7335421465819267,-0.7344196495726659,-0.7350171497532463,-0.7356587172292074,-0.736519030595106,0
-0.723799882587869,-0.7231385041808707,-0.7236267011442366,-0.7242439463872579,-0.7250895847181454,-0.724696650218258,-0.7252157886347428,-0.7257510978632467,-0.7261191682939441,-0.7273293522350558,-0.7279987372477909,-0.7290662357136386,-0.7298102466336805,-0.7310692182499399,-0.7327600432209048,-0.7336401804253279,-0.7342361085790892,-0.734883863613221,-0.7357115407644031,-0.7367127611401197,0
-0.7223116754803772,-0.7228002022048423,-0.7234111435937579,-0.7242715236756471,-0.7238658885811876,-0.7243680864105716,-0.7248996968293302,-0.7252768571463372,-0.7264931224902275,-0.7271737128837141,-0.7282372697448394,-0.728985870085785,-0.7302824999808385,-0.7319988621376552,-0.7328580548295281,-0.7334566811799871,-0.734102852789232,-0.7349366751026649,-0.7359052270601213,-0.7371002222301472,0
-0.7219734465923109,-0.7225846913164093,-0.7234387149083541,-0.7230480948816579,-0.7235373963804879,-0.724052063206232,-0.7244255591212112,-0.7256507294575515,-0.7263375173884182,-0.7274121925349635,-0.72815692195636,-0.729458018149425,-0.7312119347598198,-0.7320968516285223,-0.7326745972031306,-0.7333234557004931,-0.7341556522531377,-0.7351303172306263,-0.7362925996515576,-0.7376965097518128,1
-0.7217579822636166,-0.7226122566626044,-0.7222155511335459,-0.7227196744472059,-0.723221442050044,-0.7235780283997224,-0.7247993502244373,-0.725495158428724,-0.7265759445605452,-0.7273318625471743,-0.7286289652136768,-0.730387245721483,-0.7313099022094961,-0.7319134354020272,-0.7325414019401296,-0.7333762431546322,-0.7343492502874585,-0.7355176014865488,-0.7368887509773394,-0.7380235872953426,1
-0.7217855416544963,-0.7213893576677759,-0.721887201841538,-0.72240378914384,-0.7227475105543779,-0.7239517383794575,-0.7246438129868532,-0.7257335333922499,-0.7264956322499341,-0.727803801225436,-0.7295579865179709,-0.7304851913304294,-0.731126527239589,-0.7317802701964897,-0.7325941774216961,-0.7335697971531424,-0.7347364463560999,-0.7361136168674166,-0.7372157538142662,-0.7375052951879032,0
-0.7205629068591156,-0.7210610794540003,-0.7215713849652556,-0.7219299611887907,-0.7231211390879981,-0.723796234897957,-0.7248821361734739,-0.7256532386676939,-0.7269674670747747,-0.7287326167092493,-0.7296559103851801,-0.7303018572418883,-0.7309933919874647,-0.7318330337684952,-0.732787687520773,-0.7339569051501629,-0.7353323260201781,-0.7364405451354032,-0.7366975800880592,-0.7372763409074324,0
-0.7202346995677328,-0.7207453309430406,-0.7210976596508318,-0.7223035080951522,-0.7229656694968273,-0.7240345063615464,-0.7248018588895596,-0.7261249701744609,-0.7278960781662164,-0.7288305188818673,-0.7294726169927113,-0.7301687516707558,-0.7310461436911366,-0.7320265001991818,-0.7331747077189268,-0.7345526492754476,-0.735659179844356,-0.7359224895722861,-0.7364686781022105,-0.7374927152823828,0
-0.7199190192722044,-0.7202717081766008,-0.7214711256394516,-0.7221480724696864,-0.7232038890316859,-0.7239542465001269,-0.7252734879325562,-0.7270533779271406,-0.7279939587947737,-0.7286472660972232,-0.7293395409680422,-0.7302214916140347,-0.7312395666046003,-0.7324134330605552,-0.7337703167251765,-0.7348794287534519,-0.7351412422460434,-0.7356936397846955,-0.7366850030558697,-0.7375052951879032,0
-0.7194454988289113,-0.7206450933205136,-0.7213157236844554,-0.7223862399603195,-0.7231236466620494,-0.7244257731859669,-0.7262016940278155,-0.7271512371226933,-0.7278107463361919,-0.7285142195549473,-0.7293922692042318,-0.7304148714060575,-0.7316264124315276,-0.7330089076589024,-0.7340970220872545,-0.7343616089652297,-0.7349124445691189,-0.7359099154081327,-0.7366975800880592,-0.7378248247881207,0
-0.7198188033053697,-0.7204897250055968,-0.7215538395832398,-0.7223060151213695,-0.7235950705836641,-0.7253537778336311,-0.726299531967586,-0.7269680647822997,-0.7276777290717423,-0.7285669361094339,-0.7295856060702606,-0.7308016309901032,-0.7322217530872535,-0.7333355392951267,-0.7335793197442695,-0.7341328633306268,-0.7351286709451134,-0.7359224895722861,-0.7370170367056723,-0.7380336512197588,0
-0.7196634685567763,-0.7207277893590983,-0.7214736321225967,-0.7227773360502012,-0.7245228729825871,-0.7254515945397361,-0.7261163994136565,-0.7268350766447538,-0.7277304340255808,-0.7287602301425519,-0.729972279802318,-0.7313968389213942,-0.7325483112528415,-0.7328179537792637,-0.7333506259908149,-0.734349040523768,-0.7351412422460434,-0.7362418733417807,-0.7372258154400178,-0.7380890028040485,0
-0.7199014814780081,-0.7206475992610768,-0.7219448509538752,-0.7237049357505619,-0.7246206683705816,-0.7252685017308727,-0.7259834401621735,-0.7268877700577437,-0.7279236855229889,-0.7291468182087876,-0.7305673556107442,-0.7317233242845497,-0.732030842159679,-0.7325893116339067,-0.7335667541534202,-0.7343616089652297,-0.7354605532896633,-0.7364506044667259,-0.7372811543816516,-0.7382349297080849,0
-0.7198213087045406,-0.7211187160869532,-0.7228722497175618,-0.7238027097730323,-0.7244376154648482,-0.7251355713353965,-0.7260361221297422,-0.7270809792387067,-0.7283101885178052,-0.7297417621808516,-0.7308937685014422,-0.731205970555242,-0.7318022514437673,-0.7328053910240242,-0.7335793197442695,-0.734680847378357,-0.7356692368851,-0.7365059307890007,-0.7374270479550498,-0.7383255050278316,0
-0.7202923237486626,-0.7220459140953273,-0.7229700025602206,-0.7236196968591774,-0.7243047140401376,-0.7251882418694531,-0.7262292893441611,-0.727467397600633,-0.7289050015682692,-0.7300681027562456,-0.7303765296131055,-0.7309774308010331,-0.7320182822302332,-0.7328179537792637,-0.7338984857518379,-0.7348894835066213,-0.7357245506091917,-0.7366517910931794,-0.737517602586814,-0.7383556968010805,0
-0.7212193214418815,-0.722143645777291,-0.7227870292906283,-0.7234868244696664,-0.7243573730952116,-0.725381367160994,-0.7266156237729987,-0.7280620804043764,-0.7292312703301271,-0.7295509784598523,-0.730148040589617,-0.7311934134258897,-0.732030842159679,-0.7331370477623443,-0.7341070745599337,-0.7349447846490529,-0.7358703776999788,-0.7367423250750833,-0.7375477874640688,-0.7384538200641393,1
-0.721317032009545,-0.7219607121161793,-0.7226541856839382,-0.7235394720202274,-0.7245504562971496,-0.7257676177440758,-0.727210177406989,-0.7283882777228855,-0.7287142598305677,-0.7293225400570765,-0.7303639752711555,-0.731205970555242,-0.7323498643675995,-0.7333455894993183,-0.7341623631596701,-0.7350905785700086,-0.7359608910666742,-0.7367725030690513,-0.7376458883151469,-0.7384513040830353,1
-0.7211341378700721,-0.7218278972663312,-0.7227068218299852,-0.723732513038951,-0.7249366227010257,-0.7263620423427146,-0.727536303872891,-0.7278713804335558,-0.7284858716972672,-0.7295384268992601,-0.7303765296131055,-0.731524921640786,-0.732558359196398,-0.7334008656223716,-0.7343081240135203,-0.7351810713485328,-0.735991062188906,-0.7368705815494472,-0.7376433729087088,-0.738438724177515,0
-0.7210013517140166,-0.7218805220181579,-0.7228998210321579,-0.7241185950763984,-0.7255309177511464,-0.7266880980297318,-0.7270195188576927,-0.7276430423105994,-0.7287017110320346,-0.7295509784598523,-0.7306954098986335,-0.7317333699880314,-0.7326136228859591,-0.7335465935831487,-0.734398596267634,-0.735211235608041,-0.7360891183361594,-0.7368680667166165,-0.7376307958765195,-0.7384286602530986,0
-0.7210539650966046,-0.7220734794415221,-0.723285819436503,-0.7247127602898725,-0.7258569023777951,-0.7261714251718432,-0.7267912303315612,-0.7278588343828438,-0.7287142598305677,-0.7298697880988908,-0.7309038119750021,-0.7317886213571808,-0.7327593180675291,-0.7336370454208723,-0.7344287536856721,-0.7353092694514421,-0.7360866040759734,-0.7368554925524633,-0.7376207342507678,-0.7382978292356868,0
-0.7212468808327609,-0.7224593942882508,-0.7238798559418914,-0.7250386736981075,-0.7253403421232597,-0.7259431861909312,-0.7270069755320809,-0.7278713804335558,-0.7290329993133058,-0.7300781440047192,-0.7309590510795818,-0.7319342840576656,-0.7328497495595381,-0.7336671960334468,-0.7345267652942954,-0.7353067557631499,-0.7360740327750435,-0.7368454332211406,-0.7374899331159972,-0.7385343314594698,0
-0.7216327123050736,-0.7230533022017227,-0.7242056987507542,-0.7245222262973662,-0.7251121528846056,-0.7261588845684963,-0.7270195188576927,-0.7281900501216377,-0.7292413093689535,-0.7301333708713243,-0.7311046814462008,-0.732024695389001,-0.7328798933902078,-0.7337651855243141,-0.7345242521761256,-0.7352941873216883,-0.7360639757342996,-0.736714661913946,-0.7377263813211595,-0.7386701944390898,0
-0.7222264919085678,-0.7233790744749352,-0.723689363222864,-0.7242940869116018,-0.7253278042530039,-0.7261714251718432,-0.7273381193282276,-0.728398314563455,-0.7292965240824988,-0.7302789689741923,-0.7311950727082402,-0.732054832499446,-0.7329778608398841,-0.7337626729732661,-0.7345116865852765,-0.7352841325685189,-0.7359332342046284,-0.7369510562000285,-0.7378622132688061,-0.7387381259288998,0
-0.7225521938007798,-0.7228628507189216,-0.72346127325666,-0.7245096911662802,-0.7253403421232597,-0.7264899564968521,-0.7275463385333804,-0.7284535171865875,-0.7294420901454816,-0.7303693402104552,-0.73122520312892,-0.7321527781083925,-0.7329753488539951,-0.7337501102180268,-0.7345016341125972,-0.7351534207773172,-0.7361695746621109,-0.7370868571728845,-0.7379301292426292,-0.7386047789303838,0
-0.7220360815715824,-0.7226348101276728,-0.7236768308071384,-0.7245222262973662,-0.7256588040277548,-0.7266981305124093,-0.7276015291660715,-0.7285990513748454,-0.729532441494919,-0.7303994639558762,-0.7313231269961293,-0.7321502666825223,-0.7329627889245494,-0.7337400600138353,-0.734370951967766,-0.7353897074767971,-0.736305344712154,-0.7371547576593125,-0.7377968127014206,-0.7391230710378233,0
-0.721808090247034,-0.7228503210161057,-0.723689363222864,-0.7248406186269494,-0.7258669326739996,-0.7267533091671352,-0.7277470317431661,-0.7286893829399709,-0.7295625586113983,-0.7304973661284943,-0.7313206161277394,-0.7321377095531701,-0.7329527409809928,-0.7336094073593457,-0.73460718507573,-0.7355254466445835,-0.7363732297371756,-0.7370214715192871,-0.7383149864276277,-0.7393419613938778,1
-0.722023554575728,-0.7228628507189216,-0.7240076865822915,-0.7250487018029762,-0.7259220993031249,-0.7268987801659583,-0.7278373436875697,-0.7287194934616794,-0.7296604392399555,-0.7304948558163759,-0.7313080617857896,-0.7321276638496884,-0.7328221177147576,-0.7338455871578462,-0.7347428934569008,-0.7355933162284767,-0.7362399739473183,-0.7375395270824044,-0.7385338267877248,-0.739316801582837,1
-0.7220360815715824,-0.7231811051704445,-0.7242157246833347,-0.7251038563797545,-0.7260675385980911,-0.7269890725100553,-0.7278674476690377,-0.7288173526572321,-0.729657929480249,-0.7304823042557839,-0.7312980183122295,-0.7319970697044262,-0.7330582443883367,-0.7339812649144316,-0.7348107476474862,-0.7354600907489827,-0.7367579115456311,-0.7377583175386724,-0.7385086727233459,-0.7393092536395246,1
-0.7223542672662818,-0.7233890982371879,-0.7242708673125269,-0.7252492639003515,-0.7261578112639322,-0.7270191699580877,-0.7279652856088081,-0.7288148434470898,-0.729645380681716,-0.7304722630073103,-0.7311674531559504,-0.7322331437362463,-0.7331938916263501,-0.7340491037927244,-0.7346775523844852,-0.735977910537205,-0.7369766521818117,-0.7377331692103657,-0.7385011265040321,-0.7393595732616062,1
-0.7225622153974633,-0.7234442289295777,-0.7244162433349427,-0.7253395168441703,-0.726187902152546,-0.7271169866641928,-0.7279627769436858,-0.7288022973963779,-0.7296353416428897,-0.7303417267771527,-0.7314034747846089,-0.7323687607332493,-0.7332617152453569,-0.7339159385871867,-0.7351952547274703,-0.7361966014186385,-0.7369515095799519,-0.7377256247118736,-0.73855143463279,-0.7391431988866558,1
-0.7226173341792224,-0.7235895734822418,-0.7245064767281661,-0.7253696011587767,-0.7262856975405404,-0.7271144785435234,-0.7279502336180743,-0.7287922605558084,-0.7295048341381465,-0.7305776961162835,-0.7315390616776679,-0.7324365692317508,-0.7331285799932324,-0.7344335241030499,-0.7354138960082456,-0.7361714645357151,-0.7369439667993939,-0.737775921368487,-0.738335109679131,-0.739248870093027,1
-0.7227626473311323,-0.7236797873425159,-0.7245365545259074,-0.725467375181247,-0.7262831899664893,-0.7271019379401766,-0.727940198957585,-0.7286617816284048,-0.7297407515505667,-0.7307132529706779,-0.7316068551241975,-0.7323034636606182,-0.7336460490863951,-0.7346521160442153,-0.7353887648265472,-0.736163923470838,-0.7369942520031135,-0.7375596457450498,-0.7384407567495226,-0.7389897240393072,0
-0.7228528417012833,-0.7237098586292741,-0.7246343073685663,-0.7254648681550299,-0.7262706520962338,-0.7270919054574991,-0.7278097483712243,-0.7288976473817882,-0.7298762785747231,-0.7307810313978751,-0.7314737790995283,-0.7328208173899261,-0.7338645918587501,-0.7346269905337366,-0.7353812254720377,-0.7362141972366849,-0.736778025627119,-0.7376652687239378,-0.7381816698864191,-0.7390979112267825,1
-0.7228829064913337,-0.7238075903112379,-0.7246318008854211,-0.725452333023944,-0.7262606218000291,-0.7269614831826924,-0.7280455628927225,-0.7290331447294767,-0.7299440420868013,-0.7306479848555991,-0.731991017987865,-0.7330393114406532,-0.7338394719998588,-0.7346194528805928,-0.7354314878354343,-0.7359980200435436,-0.7368836245549303,-0.737406240942379,-0.7382898323632487,-0.7389444363794339,0
-0.7229806170589973,-0.7238050843706746,-0.7246192684696956,-0.7254423049190752,-0.7261302279493697,-0.7271972465256124,-0.7281810308093278,-0.7291008934033208,-0.7298110248223515,-0.7311651091519925,-0.7322094635377937,-0.7330141971819489,-0.7338319360421912,-0.7346697039015505,-0.7352153596728289,-0.736103594951822,-0.736624655755774,-0.7375143787540978,-0.7381363925705369,-0.7390626874913254,0
-0.7229781116598264,-0.7237925546678587,-0.7246092425371152,-0.7253119395557813,-0.7263659399101771,-0.727332685041758,-0.7282487647676306,-0.7289679052657747,-0.730328035321911,-0.7313835063062946,-0.7321843548538938,-0.7330066629043376,-0.733882175759974,-0.7344536245114329,-0.7353209106359618,-0.7358446850577108,-0.7367327689437713,-0.7373609739514271,-0.7382546166731181,-0.7390224317936601,0
-0.7229655846639721,-0.7237825309056061,-0.7244789054135701,-0.7255476000201972,-0.7265013489089388,-0.7274004042998307,-0.7281158055161474,-0.7294848025551046,-0.7305463844163851,-0.7313584031851104,-0.7321768222487237,-0.7330568914217461,-0.7336661449735082,-0.7345591516554438,-0.7350620594644692,-0.7359527736542815,-0.7365793990724262,-0.7374791710944684,-0.7382143701701117,-0.7390903632834701,0
-0.7229555630672887,-0.7236522219963211,-0.7247145148292093,-0.7256829794359255,-0.7265690534083197,-0.7272674739043544,-0.728632590531346,-0.7297031038374915,-0.7305212868193192,-0.7313508722487551,-0.7322270396165235,-0.7328409087968896,-0.733771648380852,-0.7343003588975122,-0.7351701235457719,-0.7357994386684487,-0.7366975693011675,-0.7374389337691777,-0.738282286143935,-0.7390626874913254,0
-0.7228252823104039,-0.7238877804092593,-0.7248498649190447,-0.7257506691437896,-0.726436151983609,-0.7277841467622431,-0.728850844396988,-0.7296780117360677,-0.7305137575401992,-0.7314010784911233,-0.732011104934985,-0.7329463886834474,-0.7335129138342706,-0.7344083985925711,-0.7350168233374123,-0.7359175820181887,-0.7366573411381917,-0.7375068342556057,-0.7382546166731181,-0.7390878473023661,1
-0.7230607898324648,-0.7240231011996706,-0.7249175399639624,-0.7256177967542785,-0.7269527122381445,-0.7280023532604777,-0.7288257577457647,-0.7296704841056405,-0.7305639527343313,-0.7311851916489398,-0.7321165614073643,-0.7326877118187934,-0.7336209292275037,-0.7342551329786504,-0.7351349398913943,-0.7358773630055112,-0.7367252261632132,-0.7374791710944684,-0.7382797707374971,-0.7390425596424928,1
-0.7231960813876913,-0.7240907615948763,-0.724784696357272,-0.7261342441550199,-0.727170871180594,-0.727977272053784,-0.7288182317503977,-0.7297206683084881,-0.7303481133995638,-0.7312906247579132,-0.7318579419631959,-0.7327957031312218,-0.7334676980882662,-0.7343732228779007,-0.735094730000677,-0.7359452325894044,-0.7366975693011675,-0.7375043194227751,-0.7382344934216148,-0.7391733906599046,1
-0.7232637271653046,-0.7239579467450281,-0.7253010318851625,-0.7263523554359155,-0.7271457954400825,-0.7279697476917759,-0.7288684050528442,-0.7295048762362437,-0.7304535233072409,-0.7310320626097165,-0.7319659093039652,-0.7326425061531258,-0.7335857614250557,-0.7343330220611346,-0.7351625841912623,-0.7359175820181887,-0.7367227119030273,-0.7374590524318231,-0.7383652945563856,-0.7390979112267825,1
-0.7231309410092489,-0.7244741705010418,-0.725519095918786,-0.7263272851737436,-0.7271382727179291,-0.7280199101051632,-0.7286526598523245,-0.7296102630622235,-0.7301950180574611,-0.7311400060308083,-0.7318127463321761,-0.7327605431690358,-0.7335455696508294,-0.7344008609394274,-0.7351349398913943,-0.7359427189011121,-0.7366774552196795,-0.7375898237390177,-0.7382898323632487,-0.738881536851832,1
-0.7236470532384465,-0.7246921873300378,-0.7254940310873351,-0.7263197640950919,-0.7271884241989519,-0.7278042117275981,-0.728758023787462,-0.7293518144175586,-0.730302937724845,-0.730986876991585,-0.7319307571465054,-0.7327203603551089,-0.7336133932698362,-0.7343732228779007,-0.7351600710730927,-0.7358974725118499,-0.7368081967493507,-0.7375143787540978,-0.7380735074095894,-0.7389519843227461,1
-0.7238650229663115,-0.7246671279244061,-0.7254865116378997,-0.7263699046194357,-0.7269727728305537,-0.7279095527957112,-0.7284996312798628,-0.7294597104536809,-0.7301498423827424,-0.7311048616611505,-0.7318905832522656,-0.7327881688536104,-0.7335857614250557,-0.7343983483883796,-0.7351148349460357,-0.7360281843030516,-0.7367327689437713,-0.7372981031306604,-0.7381439387898506,-0.7357290125284266,0
-0.7238399689746028,-0.7246596101027165,-0.7255366413008018,-0.7261543003647575,-0.7270780909407016,-0.7276512163667669,-0.7286075038801227,-0.7293066486349957,-0.7302678010889525,-0.7310646966672558,-0.7319583766987952,-0.7327605431690358,-0.7336108812839471,-0.7343531224695177,-0.7352455170908668,-0.7359527736542815,-0.7365165425677765,-0.7373685184499191,-0.7349217031429033,-0.7362774964091149,0
-0.7238324527770902,-0.72470972891398,-0.7253210837503233,-0.7262595954658794,-0.7268198108134339,-0.7277590655555495,-0.7284544753076609,-0.7294245815116875,-0.7302276449336469,-0.731132475094453,-0.7319307571465054,-0.73278565742774,-0.7335656655379426,-0.7344837751240074,-0.7351701235457719,-0.7357365964611401,-0.7365869418529842,-0.7341470175938358,-0.735470061746365,-0.7368083684220745,1
-0.7238825607605074,-0.7244942180255473,-0.7254263560424175,-0.7260013717655087,-0.7269276364976331,-0.7276060701947183,-0.7285723825684102,-0.7293844341494095,-0.730295408445725,-0.7311048616611505,-0.7319558658304053,-0.7327404517620724,-0.7336962888041777,-0.7344083985925711,-0.7349539953831665,-0.7358069797333257,-0.7333661745547387,-0.734695251150921,-0.7360008125047613,-0.7367655967433052,0
-0.7236670964318134,-0.7245994675292005,-0.7251681882784722,-0.7261091738928479,-0.7267746744805132,-0.7277239518661784,-0.728532243926453,-0.7294521828232536,-0.7302678010889525,-0.7311299647823347,-0.7319106701993855,-0.7328710459073345,-0.7336209292275037,-0.7341923192024534,-0.7350243626919218,-0.7325869450308372,-0.7339142832752833,-0.7352258808781915,-0.7359580505953172,-0.736989519061568,0
-0.7237723231969896,-0.7243413556511936,-0.7252759670537114,-0.7259562452935993,-0.7268925304609171,-0.7276838219354685,-0.7285999778847556,-0.7294245815116875,-0.7302928986860185,-0.7310847791642031,-0.7320412353556647,-0.7327957031312218,-0.7334048984410376,-0.7342626706317941,-0.7318050583163694,-0.7331349290785675,-0.7344447921745257,-0.7351831287200702,-0.7361819217682901,-0.7364636790108163,0
-0.7235142670823907,-0.72444911109541,-0.7251230715818604,-0.7260740755258073,-0.7268524092760987,-0.7277515411935414,-0.7285723825684102,-0.7294496736131113,-0.7302477230112997,-0.7312153153943607,-0.7319659093039652,-0.7325797205063651,-0.7334752340459336,-0.7310440927394612,-0.7323529180773923,-0.7336653173082514,-0.7344020497513641,-0.7354069488419995,-0.7356562018227694,-0.7369341674772782,0
-0.7236219992467379,-0.7242962487210565,-0.72524087628968,-0.7260339631063322,-0.7269201137754796,-0.7277239518661784,-0.7285974692196334,-0.7294045078305484,-0.7303782305160429,-0.7311400060308083,-0.7317499746224265,-0.7326500404307371,-0.7302573801219472,-0.7315918288678989,-0.7328831860112265,-0.7336225846072816,-0.7346258189079167,-0.7348813487803902,-0.7361265828266563,-0.7380764228985282,1
-0.7234691698973151,-0.7244140279275256,-0.7252007725593584,-0.7261016528141963,-0.7268925304609171,-0.7277490330728721,-0.7285523132474315,-0.7295349867579521,-0.730302937724845,-0.7309241191886247,-0.7318202789373461,-0.7294329038907209,-0.7308049930457794,-0.7321219771390012,-0.7328404630023394,-0.7338463028653,-0.734100338529046,-0.7353516225197249,-0.737268577349462,-0.7372637610019122,0
-0.7235869236583458,-0.7243739328785148,-0.7252684476042761,-0.7260740755258073,-0.7269176062014285,-0.7277038869008235,-0.7286827638337923,-0.7294597104536809,-0.7300870983900773,-0.7309944079279403,-0.7286038565297771,-0.7299803947304738,-0.7313350220683875,-0.7320792637711873,-0.7330641305194543,-0.7333209420122007,-0.7345705051838249,-0.7364933566248473,-0.736456101070021,-0.7375505828477765,1
-0.723546837271612,-0.7244415932737205,-0.72524087628968,-0.7260991457879792,-0.726872469868508,-0.7278343091756303,-0.7286075038801227,-0.7292439183814363,-0.7301573716618622,-0.727778698104252,-0.7291512258387934,-0.7305103055891338,-0.7312923183082722,-0.7323028808144485,-0.7325388888219597,-0.7337910017228684,-0.7357119793082617,-0.7356810656205423,-0.7367428574039413,-0.7374172358492607,1
-0.7236144830492252,-0.7244140279275256,-0.7252659411211311,-0.7260540193160697,-0.7270028637191673,-0.7277590655555495,-0.7283917586796029,-0.7293141762654229,-0.7269423694777087,-0.7283259461460663,-0.72968101906908,-0.7304676113493365,-0.7315158850524055,-0.7317777576454417,-0.7330088419197179,-0.7349322162075911,-0.734899873268189,-0.735967756563238,-0.7366095408627328,-0.7374675554713421,1
-0.7235869236583458,-0.7244390873331573,-0.7252208244245193,-0.7261843846793636,-0.7269276364976331,-0.7275433671779843,-0.728462001303028,-0.7260998780730371,-0.7274894970937473,-0.7288556220030515,-0.7296383343064503,-0.7306911282518045,-0.7309908800015755,-0.732247604691395,-0.7341497975688208,-0.7341202948891651,-0.735186498929391,-0.7358344704232128,-0.7366598489914908,-0.7375027792067991,1
-0.7236119776500544,-0.7243939804030202,-0.7253511615480643,-0.7261091738928479,-0.7267119851292347,-0.7276135945567265,-0.725248401281333,-0.7266468858840754,-0.7280190563918397,-0.7288129466970384,-0.7298618015931588,-0.7301662402448853,-0.7314606213628444,-0.7333883028671322,-0.7333380603999659,-0.7344068553544918,-0.7350532431395339,-0.7358847670798262,-0.7366950646816213,-0.7375078111690072,1
-0.7235668804649789,-0.7245242893123052,-0.7252759670537114,-0.7258935696381694,-0.7267821972026668,-0.7244006919792734,-0.7257952902779994,-0.7271763292241171,-0.7279763904768275,-0.7290363644755774,-0.7293370300996522,-0.7306358768826551,-0.7326010629565134,-0.7325767488786674,-0.7336245558713264,-0.7342736298749978,-0.7351035283432537,-0.7359199747394554,-0.7367000954944971,-0.7365643182549794,0
-0.7236971612218637,-0.72444911109541,-0.7250604095032329,-0.7259637663722509,-0.7235699948431529,-0.7249474622851944,-0.7263246186188093,-0.7271336726516967,-0.7281997590907149,-0.7285117092428288,-0.7298065624885791,-0.7317760642278286,-0.7317896915143217,-0.7328631796981254,-0.7334913606083254,-0.7343239036408447,-0.7351387279858573,-0.7359250044051167,-0.7357568180802854,-0.7365542543305631,0
-0.7236219992467379,-0.7242336002069771,-0.7251305910312957,-0.7227522657880294,-0.724116645986302,-0.7254766757464297,-0.7262819713117298,-0.7273569923543683,-0.7276752193120356,-0.7289811376089722,-0.7309464967376318,-0.7309648736716811,-0.7320760579056834,-0.7327300144925879,-0.7335416229717221,-0.7343590952769373,-0.7351437565062293,-0.734981942093617,-0.7357467564545338,-0.7368561720630519,1
-0.7234065349180436,-0.724303766542746,-0.7219197861224244,-0.7232987975033771,-0.7246457441110931,-0.7254340376950505,-0.7265052425076165,-0.7268325674346113,-0.7281445443771697,-0.7301208193107321,-0.7301354862476671,-0.7312511762209095,-0.7319429226535591,-0.7327802655135456,-0.7335768066260996,-0.734364122653522,-0.7342009089364855,-0.7349718827622943,-0.7360486052270815,-0.7365290945195223,0
-0.7234766860948278,-0.7210936566813216,-0.7224661994480558,-0.7238277800352042,-0.7246031153522237,-0.7256572604346239,-0.7259809314970511,-0.7273017897312359,-0.7292839752839657,-0.7293099884964845,-0.7304217252441252,-0.731118070649777,-0.7319931623713419,-0.7328154412282157,-0.7335818328624393,-0.7334214895438944,-0.7341908518957415,-0.7352736627019741,-0.7357216023901548,-0.7367505008566808,1
-0.7202672697569541,-0.7216399517240933,-0.7229950673916715,-0.723785160589512,-0.7248262894427754,-0.7251330632147271,-0.7264500518749254,-0.7284409711358755,-0.7284733228987342,-0.7295961640779837,-0.730288649219456,-0.7311682991671855,-0.7320283301737898,-0.7328204663303115,-0.7326394135487531,-0.733411434790725,-0.7344925631180594,-0.7349467344339876,-0.7359429581566898,-0.7369819711182558,1
-0.720813446776202,-0.7221687051829226,-0.7229524571782049,-0.724008285922842,-0.7243022064660865,-0.7256020817798978,-0.7275889858404597,-0.7276304962598875,-0.7287594355052864,-0.7294631175357078,-0.7303388665872558,-0.7312034591293715,-0.732033354145568,-0.731878259687357,-0.7326293610760737,-0.7337130773858058,-0.7341657092938816,-0.7351680397230862,-0.7361743755489765,-0.7359227430734403,0
-0.7213420860012536,-0.7221261041933488,-0.7231755341781188,-0.7234843174434491,-0.7247711228136502,-0.7267407685637883,-0.7267786870059497,-0.7279165462161185,-0.7286264182408367,-0.7295133237780761,-0.7303740187447154,-0.7312084819811122,-0.7310913594371412,-0.7318682094831654,-0.7329309352564531,-0.7333862979078015,-0.7343869641902482,-0.7353994043435076,-0.7351153894386214,-0.7367505008566808,0
-0.721299494215349,-0.7223491329034711,-0.7226516792007931,-0.7239531313460638,-0.725909561432869,-0.7259306455875845,-0.7270646748298943,-0.7277835580785725,-0.7286766134349688,-0.7295484681477338,-0.7303790404814955,-0.7302666972797025,-0.7310813114935846,-0.7321697156089109,-0.7326042298943753,-0.7336075024775275,-0.7346182761273587,-0.7343406597217971,-0.7359429581566898,-0.7367706287055135,0
-0.7215224747415557,-0.721825391325768,-0.7231203915489265,-0.7250913212486684,-0.72509961501435,-0.7262165713438916,-0.7269317155784113,-0.7278337422814202,-0.7287117500708611,-0.7295534887719706,-0.7294374648352516,-0.7302566515762208,-0.7313827498002812,-0.7318430839726867,-0.7328253842933203,-0.733838761800423,-0.7335597725890595,-0.7351680397230862,-0.735963081408193,-0.7370046149481924,1
-0.7209988463148456,-0.7222940022110813,-0.7242583348968014,-0.7242815517805159,-0.7253854784561802,-0.7260836409484155,-0.7269818888808578,-0.7278688712234134,-0.7287167695902742,-0.7286121217275655,-0.7294274213616917,-0.7305580226806718,-0.7310561916346932,-0.7320641884649,-0.7330565911649448,-0.7327804990293475,-0.7343869641902482,-0.7351881583857316,-0.7361970142069175,-0.7367102451590156,0
-0.7214673559597967,-0.7234316992267619,-0.7234487408409346,-0.7245673527692755,-0.7252525770314696,-0.7261338033618028,-0.7270170101925703,-0.727873889643698,-0.7277756097002996,-0.7286020804790918,-0.7297287255684897,-0.7302315373175164,-0.7312772463929373,-0.732295343161305,-0.7319985684154463,-0.7336075024775275,-0.734407078271736,-0.7354220378389835,-0.7359027116536834,-0.7368008204787624,0
-0.722604807183368,-0.7226222804248571,-0.7237344799194757,-0.7244344803797644,-0.7253027285124926,-0.7261689170511737,-0.7270220275228149,-0.7269329358403066,-0.7277655706614733,-0.7289033179333013,-0.7294023126777919,-0.730452542794114,-0.7315083490947382,-0.7312375591701479,-0.7328253842933203,-0.7336276119838663,-0.7346409044690326,-0.7351278023977955,-0.7359932662854478,-0.7368134003842827,0
-0.7217955632511797,-0.7229079576490587,-0.7236016363127855,-0.7244846209041084,-0.7253378345492084,-0.7261739332925125,-0.7260812781019441,-0.726922898999737,-0.7280667418262651,-0.7285769773579076,-0.7296232690961103,-0.7306835939741932,-0.7304508030354109,-0.7320641884649,-0.732845489238679,-0.7338613849950539,-0.7343467360272724,-0.7352183363796996,-0.7360058433176372,-0.7371656377388531,0
-0.7220811787566578,-0.7227751427992105,-0.7236517659756876,-0.7245197192711489,-0.7253428496973108,-0.7252333880415017,-0.7260712434414548,-0.7272240042168222,-0.7277404730644073,-0.728797884824328,-0.7298542689879889,-0.7296262836827437,-0.7312772463929373,-0.732084288873283,-0.7330792092284732,-0.73356728346485,-0.7344372493939679,-0.7352309105438528,-0.736358000218943,-0.7376285782620028,1
-0.7219483926006022,-0.7228252616104741,-0.7236868567397188,-0.7245247333235832,-0.7244025094281323,-0.7252233555588242,-0.7263722832561333,-0.7268978068983132,-0.7279613319185879,-0.7290288335392222,-0.7287971933958057,-0.730452542794114,-0.7312973422800505,-0.7323179561207358,-0.732785174402603,-0.7336577762433744,-0.7344498206948977,-0.7355829871401461,-0.7368208350035161,-0.7374751034146543,1
-0.7219985005840195,-0.7228603447783584,-0.723691869706009,-0.7235845984921369,-0.7243924791319277,-0.7255243300391476,-0.7260461567902315,-0.7271186173908424,-0.7281922298115951,-0.7279719921373698,-0.7296232690961103,-0.7304726342010773,-0.7315309569677404,-0.7320239876481338,-0.732875646656717,-0.733670344684836,-0.7348018171209356,-0.7360457163809887,-0.7366673952108044,-0.7375405189233604,1
-0.7220335761724115,-0.7228653566594847,-0.7227519385265971,-0.723574570387268,-0.7246933880180647,-0.7251982743521306,-0.7262669193209959,-0.7273494647239412,-0.7271356209751169,-0.728797884824328,-0.7296433560432303,-0.7307061968070271,-0.7312370546187111,-0.7321144394858576,-0.7328882122475661,-0.7340222610457637,-0.7352644409951565,-0.7358923115783181,-0.7367327957781898,-0.737397108000428,1
-0.7220385869707532,-0.721925628948295,-0.7227419125940167,-0.7238754135333308,-0.7243674033914163,-0.7254189889710344,-0.7264977165122496,-0.7262930872540002,-0.7279613319185879,-0.7288179673212754,-0.7298768668034987,-0.730412359980187,-0.7313274861107202,-0.732127002241097,-0.7332400487913424,-0.7344847796915543,-0.7351110711238116,-0.7359576972319155,-0.7365894176112295,-0.7370700304568982,0
-0.7210990622816802,-0.7219156051860424,-0.7230426905714284,-0.7235495001250961,-0.7245880699079168,-0.7256497360726158,-0.7254415684957519,-0.7271186173908424,-0.7279814099962407,-0.7290514263482879,-0.7295830952018706,-0.7305027713115225,-0.7313400460401658,-0.7324787593878,-0.733702462534591,-0.7343314447057216,-0.7351764418886473,-0.7358143517605674,-0.7362624147743028,-0.7371555738144369,0
-0.7210890406849967,-0.722216318053623,-0.7227168477625657,-0.7237701184322088,-0.724818766720622,-0.7245938172708143,-0.7262669193209959,-0.7271386910719815,-0.7282148176489545,-0.7287577198304334,-0.7296734864639101,-0.7305153284408746,-0.7316917240646452,-0.7329410687806097,-0.7335491623262315,-0.7343968006013226,-0.7350331290580461,-0.7354874234925808,-0.7363479385931914,-0.7372964687562651,0
-0.7213896885855,-0.7218905457804106,-0.7229374182793343,-0.7240007648441905,-0.7237630780450909,-0.7254189889710344,-0.7262869886419745,-0.7273720476152226,-0.7279211757632823,-0.7288480910666963,-0.72968604080586,-0.7308669280627343,-0.7321539294682466,-0.7327878031666891,-0.7336145033986471,-0.7342535203686591,-0.7347062752338681,-0.7355729278088236,-0.7364888013537138,-0.7374901993012788,0
-0.7210639866932881,-0.7221110685499698,-0.7231680147286835,-0.7229453068067532,-0.7245880699079168,-0.7254390539363893,-0.7265202944983504,-0.7270784700285643,-0.72801152711272,-0.7288606426272883,-0.7300375623804577,-0.7313290304228928,-0.7320006983290093,-0.732853129493934,-0.7334712556629668,-0.7339267408906548,-0.7347917600801916,-0.7357137584473408,-0.7366824876494318,-0.7375153591123196,0
-0.7212844618203238,-0.7223416150817817,-0.7221127853245969,-0.7237701184322088,-0.7246081305003259,-0.72567230915864,-0.7262267806790387,-0.72716880159369,-0.7280240759112528,-0.7292120863238664,-0.7304995621642146,-0.7311758334447968,-0.7320660099621269,-0.7327099140842048,-0.7331445503008888,-0.7340122062925944,-0.7349325586506067,-0.7359074005753021,-0.7367076417138109,-0.737462523509134,0
-0.7215149585440432,-0.721286614104686,-0.7229374182793343,-0.7237901746419464,-0.7248413348870822,-0.7253788590403246,-0.7263170926234424,-0.7271813476444019,-0.7283754422701768,-0.7296739837536544,-0.7303463991924257,-0.7312411305174279,-0.7319228267664459,-0.7323832824479806,-0.733229996318663,-0.7341529728369655,-0.7351261566849275,-0.7359325489036088,-0.736654818178615,-0.7377468293738944,0
-0.7204601854931104,-0.7221110685499698,-0.7229574701444951,-0.7240233280801451,-0.7245479487230985,-0.7254691513844217,-0.7263296359490539,-0.7275326370643348,-0.728837238056191,-0.7295208547144313,-0.7304116817705654,-0.7310979792428135,-0.7315962686008579,-0.7324687091836085,-0.7333707309361736,-0.7343465268354757,-0.7351512992867874,-0.7358797374141648,-0.7369390591060974,-0.7377116056384373,0
-0.7212844618203238,-0.7221311160744751,-0.7231905730769893,-0.7237300060127337,-0.7246382213889396,-0.7254816919877685,-0.7266808490661791,-0.7279943317305322,-0.7286841427140885,-0.7295861228295101,-0.7302685622723362,-0.730771493879658,-0.7316816761210887,-0.7326094120422898,-0.7335642410352504,-0.7343716637183991,-0.7350984998228817,-0.73616391352403,-0.7369038434159668,-0.7377896010526636,0
-0.7213045050136907,-0.7223641685468503,-0.7228973145490127,-0.7238202589565528,-0.7246507592591953,-0.7258328288814793,-0.7271424434486864,-0.7278412699118472,-0.7287493964664602,-0.7294430350387604,-0.7299421493816383,-0.7308568823592526,-0.7318223473308805,-0.7328028784729764,-0.7335893722169488,-0.7343188762642601,-0.7353826112238978,-0.7361287058644007,-0.7369818210155417,-0.7378902402968267,0
-0.7215375071365809,-0.722070973500959,-0.7229875479422363,-0.7238327940876387,-0.7250018196263553,-0.7262943230846418,-0.7269894148762247,-0.7279065093755491,-0.7286063401631839,-0.7291166944633666,-0.7300275189068978,-0.7309975222079965,-0.7320157702443442,-0.7328280039834553,-0.7335365967353824,-0.7346029230412945,-0.735347411581294,-0.7362066656821513,-0.7370824372730577,-0.7385142036106371,1
-0.72124437543359,-0.7221611873612332,-0.7230000803579618,-0.7241837777580454,-0.7254632132517655,-0.7261413277238108,-0.7270546401694052,-0.7277634843974335,-0.728280071401326,-0.7292020450753928,-0.7301681275367369,-0.7311909020000193,-0.7320408901032355,-0.7327752404114498,-0.7338205790885731,-0.7345677314052016,-0.7354253536470595,-0.7363072589953781,-0.7377062580696563,-0.7385871670626553,1
-0.7213345698037411,-0.722173717064049,-0.7233509879982757,-0.7246450705820084,-0.725310251234646,-0.7262065388612143,-0.7269116462574328,-0.7274372870789243,-0.7283654032313505,-0.7293426225540239,-0.7303614644027656,-0.7312160162587236,-0.7319881383995637,-0.73305915867986,-0.7337853954341955,-0.7346456557422643,-0.735525924054499,-0.7369309375373831,-0.7377792048563554,-0.738574587157135,1
-0.7213470967995954,-0.7225245487428933,-0.7238121808969737,-0.7244921419827598,-0.7253754481599757,-0.7260635759830606,-0.7265855197915307,-0.7275226002237652,-0.72850594977492,-0.7295359165871418,-0.7303865730866654,-0.7311632763154446,-0.7322719928050362,-0.7330239829651897,-0.7338633020974602,-0.7347462032739579,-0.7361494605806229,-0.7370038676894726,-0.7377666278241659,-0.7382298977458768,0
-0.721697852683516,-0.722985641806517,-0.7236592854251228,-0.7245573246644069,-0.7252325164390605,-0.7257375202960434,-0.7266708144056898,-0.7276631159917384,-0.7286992012723281,-0.7295610197083259,-0.7303338448504758,-0.7314470674388028,-0.7322368250025882,-0.733101872047674,-0.7339638268242535,-0.7353695979704584,-0.7362223741260165,-0.7369912935253192,-0.7374220171421739,-0.738204737934836,0
-0.7221588461309545,-0.7228327794321635,-0.7237244539868954,-0.7244144241700269,-0.7249065318124118,-0.7258227963988018,-0.7268112996525399,-0.7278563251727015,-0.7287242988693942,-0.7295083031538393,-0.7306175729785439,-0.7314119074766168,-0.7323146965651516,-0.7332023740895892,-0.7345870801303713,-0.7354424949309363,-0.7362098028250866,-0.736646761427518,-0.737396863077795,-0.7386475506091531,0
-0.722006016781532,-0.7228979338868061,-0.7235815844476247,-0.724088510761792,-0.7249917893301508,-0.7259632511562861,-0.7270044668669587,-0.7278814172741253,-0.7286715939155556,-0.72979196842322,-0.7305824208210842,-0.7314897616786,-0.7324151760007171,-0.7338254867494631,-0.7346599605572964,-0.7354299264894746,-0.7358653491796068,-0.7366216130992113,-0.737839574610865,-0.7387456738722119,0
-0.7220711571599745,-0.7227550952747052,-0.7232557416387618,-0.7241737496531766,-0.7251322134770148,-0.7261563764478269,-0.727029553518182,-0.7278287238611354,-0.7289551967624012,-0.7297568240535621,-0.7306602577411736,-0.7315902187134172,-0.7330381485012235,-0.7338983507298517,-0.7346473949664474,-0.735085551193424,-0.735840206577747,-0.7370642236774085,-0.7379376754619429,-0.7392891257906922,1
-0.7219283494072353,-0.7224293230014927,-0.7233409620656953,-0.7243141431213393,-0.7253252966789528,-0.7261814576545206,-0.7269768715506132,-0.728112264607224,-0.7289200601265088,-0.729834643729233,-0.7307606924767731,-0.7322130523292829,-0.7331109960920085,-0.7338857879746122,-0.7343030977771806,-0.7350604143105005,-0.7362827163704802,-0.7371623021578044,-0.738481003252529,-0.7393998289592714,1
-0.7216026475150232,-0.7225145249806406,-0.7234813251218208,-0.724507184140063,-0.7253503724194642,-0.726128787120464,-0.7272603507094355,-0.7280771356652307,-0.7289978626774134,-0.7299350562139696,-0.7313833878374889,-0.7322858836795252,-0.7330984361625629,-0.7335415684810529,-0.7342779665954823,-0.7355028234499525,-0.7363807725177335,-0.7377055060492285,-0.7385916811357965,-0.7389721121715788,1
-0.7216878310868327,-0.7226548576521783,-0.7236743243239934,-0.7245322544022349,-0.7252977133643903,-0.7264122047561019,-0.727225229397723,-0.7281549211796444,-0.7290982530656774,-0.7305576136193362,-0.7314562030207985,-0.7322733265501732,-0.7327542940957509,-0.7335164429705741,-0.7347202753933724,-0.7356008572933537,-0.7369238527179061,-0.7378161586937777,-0.7381640620413538,-0.7373845280949077,0
-0.7218281334404009,-0.7228478150755426,-0.7236993891554444,-0.7244796068516739,-0.7255810692321694,-0.7263770910667308,-0.727302998016515,-0.7282552895853396,-0.7297206734729139,-0.7306304126707702,-0.7314436486788486,-0.7319292612059247,-0.7327291742368595,-0.7339586519550008,-0.7348182870019957,-0.7361438139644995,-0.7370344801660894,-0.7373886371125645,-0.7365768405790402,-0.7376612860163558,0
-0.7220210491765572,-0.7228728744811743,-0.7236467530093973,-0.7247629008142165,-0.7255459631954533,-0.7264548428074811,-0.727403344621408,-0.7288775737006492,-0.7297934565044053,-0.7306178611101782,-0.7310996597094208,-0.7319041469472205,-0.733171283753348,-0.7340566414458679,-0.7353611205266791,-0.7362544162493624,-0.7366070559344721,-0.7358017775964142,-0.736853535287209,-0.7380613270119036,0
-0.7220461031682659,-0.7228202497293478,-0.7239299856047934,-0.7247278024471757,-0.7256236979910388,-0.7265551676342556,-0.7280254935717438,-0.7289503407947782,-0.7297809077058723,-0.7302739483499555,-0.731074551025521,-0.7323461579004156,-0.7332692512030242,-0.73459935247221,-0.7354716977261516,-0.7358270892396644,-0.7350205577571162,-0.7360784092077874,-0.7372534849108346,-0.7384412401586189,1
-0.7219934897856778,-0.7231034210129862,-0.723894894840762,-0.7248055202599086,-0.7257240009530845,-0.7271771815602575,-0.7280982448602913,-0.7289377947440663,-0.7294370706260683,-0.7302488452287713,-0.7315164638621582,-0.7324441035093621,-0.7338118401550783,-0.7347099047183165,-0.7350444676372805,-0.7342409519271974,-0.7352971263775745,-0.7364782676278633,-0.7376333112829573,-0.7380990667284649,0
-0.7222765998919851,-0.7230683378451017,-0.7239725958182601,-0.7249058013085964,-0.726345879317768,-0.7272499170596689,-0.7280857015346797,-0.7285940329545606,-0.7294119730290023,-0.7306906601616122,-0.7316143877293674,-0.7329865714973742,-0.7339223675342003,-0.7342827710401771,-0.7334586900721176,-0.7345174576393549,-0.7356968937471458,-0.7368580073852938,-0.7372912160074032,-0.7380210713142386,0
-0.722241524303593,-0.7231460220025601,-0.7240728551440642,-0.7255275438104597,-0.7264185989652511,-0.7272373764563221,-0.7277420144129215,-0.7285689408531368,-0.7298536907373637,-0.7307885623342303,-0.732156735301604,-0.733097074235673,-0.7334953299330468,-0.7326973513289655,-0.733735133070799,-0.734917134077837,-0.7360765470352294,-0.7365159901203233,-0.7372132384078284,-0.7380336512197588,0
-0.7223191916778897,-0.7232462596250872,-0.7246944629640485,-0.7256002475707581,-0.7264060610949954,-0.7268937639246196,-0.7277169277616983,-0.7290105618381952,-0.729951571365921,-0.7313307897518079,-0.7322672135107633,-0.7326701318377005,-0.7319102668370003,-0.7329737319442322,-0.7341347188598019,-0.7352967010099805,-0.7357346076499357,-0.7364380303025727,-0.7372258154400178,-0.7381997059726279,0
-0.7224194076447242,-0.7238677328847539,-0.7247671509752565,-0.7255877124396722,-0.7260625234499889,-0.7268686827179259,-0.728158452823227,-0.729108421033748,-0.7304936794625466,-0.731441243485018,-0.731840365884466,-0.7310854221134615,-0.7321865852848056,-0.7333732275608449,-0.7345141997034462,-0.7349548394022223,-0.7356566655841702,-0.7364506044667259,-0.7373918322649191,-0.7382777013868541,0
-0.7230407466390979,-0.7239404051610859,-0.7247546185595309,-0.7252442498479171,-0.7260374477094774,-0.7273101119557337,-0.7282562907629975,-0.7296504104245016,-0.7306041088896369,-0.7310144904248876,-0.7302560079303864,-0.7313616789592083,-0.7325859910411785,-0.7337526227690746,-0.7341724156323495,-0.7348769150651596,-0.7356692368851,-0.73661658343355,-0.737469809864494,-0.7385242675350534,1
-0.7231134032150529,-0.7239278754582701,-0.7244112303686524,-0.7252191795857452,-0.7264787807424785,-0.7274079286618387,-0.7287981624294193,-0.7297608156707662,-0.730177449739515,-0.7294304834781684,-0.7305322034532845,-0.7317609956726061,-0.7329653009104384,-0.7334109158265631,-0.7340945089690847,-0.7348894835066213,-0.735835178057375,-0.7366945432513006,-0.737716319695408,-0.7383959524987456,1
-0.7231008762191986,-0.7235845616011154,-0.7243861655372015,-0.7256604161999708,-0.726576576130473,-0.7279496827264211,-0.7289085436948014,-0.7293342499465619,-0.728593791364651,-0.729706617811194,-0.7309314315272919,-0.7321402209790405,-0.7326236708295157,-0.733333026744079,-0.7341070745599337,-0.7350553869339158,-0.7359131201231405,-0.7369409968687058,-0.7375880339670751,-0.7381569342938585,0
-0.7227576365327906,-0.7235595021954837,-0.7248273065707388,-0.7257581902224411,-0.72711821212552,-0.728060040035873,-0.7284820706240066,-0.7277509383467217,-0.7288698649323769,-0.7301057574380216,-0.7313105726541794,-0.7317986670606625,-0.7325457992669524,-0.7333455894993183,-0.7342729403591426,-0.7351333112709784,-0.7361595176213669,-0.7368127403943419,-0.7373490703554748,-0.7382349297080849,0
-0.722732582541082,-0.7240005477346021,-0.7249250594133976,-0.7262997078853545,-0.7272285453837702,-0.7276336595220814,-0.7268991029318211,-0.7280269514623832,-0.729268916725726,-0.7304848145679023,-0.7309690945531417,-0.7317208128586793,-0.732558359196398,-0.7335114178684783,-0.7343508470224074,-0.7353796527236278,-0.7360312903518816,-0.7365738312754286,-0.7374270479550498,-0.7382022219537319,0
-0.7231735327951536,-0.7240982794165658,-0.725466459772739,-0.7264100170389108,-0.726802257795076,-0.7260510353797138,-0.7271750560952767,-0.7284259158750211,-0.7296478904414225,-0.730143412119798,-0.7308912576330522,-0.7317333699880314,-0.7327241502650812,-0.7335893069509626,-0.7345971326030507,-0.7352514546207183,-0.7357924356342133,-0.7366517910931794,-0.7373943476713569,-0.7382097698970441,0
-0.7232712433628171,-0.7246395625782113,-0.7255767450311233,-0.7259838225819885,-0.7252199785688048,-0.7263269286533437,-0.7275739338497258,-0.7288048066065203,-0.7293065631213251,-0.7300655924441272,-0.7309038119750021,-0.7318991240954796,-0.7328020218276445,-0.7338355369536547,-0.7344689635763892,-0.735012654232946,-0.7358703776999788,-0.7366190982663806,-0.7374018938906707,-0.7382223498025644,0
-0.7238124095837234,-0.7247498239629908,-0.7251506428964566,-0.724401889038941,-0.7254958117144306,-0.7267257198397722,-0.7279527422831965,-0.7284635540271569,-0.7292287605704206,-0.7300781440047192,-0.731069529288741,-0.7319769782974628,-0.73304819644478,-0.7337073968502128,-0.7342302173502555,-0.7350905785700086,-0.7358376923175609,-0.7366266427648727,-0.7374144709228602,-0.738378340631017,0
-0.7239226471472413,-0.7243238140672514,-0.7235690520318993,-0.724677661922832,-0.7258945159885621,-0.7271044460608459,-0.7276115638265608,-0.7283857685127433,-0.7292413093689535,-0.7302438246045345,-0.7311473662088305,-0.7322230980327645,-0.732920085164434,-0.7334687045006644,-0.7343081240135203,-0.7350579006222081,-0.7358452350981189,-0.7366392169290259,-0.7375704261220098,-0.738509171648429,1
-0.7234967292881948,-0.7227425655718893,-0.7238447651778601,-0.7250762790913653,-0.7262731596702848,-0.7267633416498127,-0.7275337952077687,-0.728398314563455,-0.7294069535095891,-0.7303216442802054,-0.731393431311049,-0.7320950153133727,-0.7326814465049659,-0.7335465935831487,-0.7342754534773124,-0.7350654416870852,-0.7358578063990489,-0.7367951365645272,-0.7377012272567806,-0.7384613680074515,1
-0.7219158224113811,-0.7230182190338383,-0.7242432959979307,-0.7254548400501611,-0.7259321295993294,-0.7266855899090625,-0.7275463385333804,-0.7285639224328521,-0.7294847560604937,-0.73056765486781,-0.7312653770231596,-0.7318564298556823,-0.7327593180675291,-0.7335139304195261,-0.734282992831822,-0.7350780101285469,-0.7360136905305799,-0.7369259078717219,-0.7376534345344605,-0.738378340631017,0
-0.7221914163201758,-0.7234166635833827,-0.7246217749528406,-0.7251138844846232,-0.725854394803744,-0.7266981305124093,-0.7277119104314537,-0.7286417079472658,-0.7297307125117404,-0.7304396289497708,-0.7310268445261113,-0.7319342840576656,-0.7327266622509703,-0.7335214680726698,-0.734295558422671,-0.735233858802672,-0.7361444320602509,-0.7368781260479392,-0.7375704261220098,-0.738310409141207,0
-0.7225897747883427,-0.7237950606084219,-0.7242808932451074,-0.7250361666718903,-0.7258669326739996,-0.7268636664765872,-0.7277896790502456,-0.7288876105412188,-0.7296027147667037,-0.7302011492985215,-0.7311046814462008,-0.7319016355213499,-0.7327341982086377,-0.7335340308279091,-0.7344513717492005,-0.7353645705938737,-0.7360966611167173,-0.7367951365645272,-0.7375025101481866,-0.7384336922153067,0
-0.7229680900631429,-0.7234542526918305,-0.7242031922676092,-0.7250487018029762,-0.7260324325613751,-0.7269414182173374,-0.7280355282322332,-0.7287596408239574,-0.7293642875945769,-0.7302789689741923,-0.7310720401571309,-0.7319091697989613,-0.7327467581380834,-0.7336898089928777,-0.7345820538940316,-0.7353168105163193,-0.7360136905305799,-0.7367272360780992,-0.7376257650636436,-0.7385720711760309,1
-0.7226273557759058,-0.723376568534372,-0.7242157246833347,-0.7252141655333109,-0.7261101673569605,-0.7271872140429348,-0.7279075863109947,-0.7285212658604316,-0.7294420901454816,-0.7302463349166529,-0.731079572762301,-0.7319217269283134,-0.73290250126321,-0.7338204616473674,-0.7345343046488049,-0.735233858802672,-0.7359458055055582,-0.7368504628868019,-0.737764112417728,-0.7386022629492798,1
-0.722549688401609,-0.7233890982371879,-0.7243811525709112,-0.7252918833460438,-0.7263559096139726,-0.7270592998887974,-0.7276692631243742,-0.7285990513748454,-0.7294094632692956,-0.7302538658530082,-0.7310921271042509,-0.7320774353322799,-0.7330331245294452,-0.7337727231774577,-0.7344513717492005,-0.7351659892187788,-0.7360690042546715,-0.7369887786924885,-0.7377942972949828,-0.7381795781237952,0
-0.7225622153974633,-0.7235544903143574,-0.7244588535484093,-0.7255375719153284,-0.7262280233373641,-0.726821028425208,-0.7277470317431661,-0.7285664316429943,-0.7294169925484155,-0.7302664174136002,-0.7312478009444299,-0.732208029477542,-0.7329853967975516,-0.7336898089928777,-0.7343835175586151,-0.7352891599451036,-0.7362072885649006,-0.7370189566864566,-0.7373717090134159,-0.7384437561397231,0
-0.7227275717427403,-0.7236321744718157,-0.724704488896629,-0.7254097135782517,-0.7259898038025057,-0.7268987801659583,-0.7277144190965759,-0.7285739592734215,-0.7294295413469485,-0.7304220567649419,-0.7313783661007089,-0.7321603123860039,-0.73290250126321,-0.733621970114585,-0.7345066603489369,-0.7354274128011822,-0.7362374596871324,-0.7365964647709046,-0.7376358266893952,-0.7384789798751801,0
-0.722805239117037,-0.7238777566470066,-0.7245766582562289,-0.7251715460876186,-0.7260675385980911,-0.7268661745972564,-0.7277219450919429,-0.7285865053241334,-0.7295851464487576,-0.7305525929950994,-0.7313306596012993,-0.7320774353322799,-0.7328346776442033,-0.7337450851159311,-0.7346448818482775,-0.7354575770606904,-0.7358150639758871,-0.7368605222181246,-0.7376710423795257,-0.7385494273460942,0
-0.7230507682357814,-0.7237499536782848,-0.7243385423574445,-0.7252492639003515,-0.7260349401354261,-0.7268736989592647,-0.7277344884175545,-0.7287420763529608,-0.7297156539535008,-0.7305048970648496,-0.7312478009444299,-0.7320096268337783,-0.7329577649527711,-0.7338832754235644,-0.7346750392663154,-0.7350352774275771,-0.7360790612954154,-0.7368957298777539,-0.7377414737597869,-0.7385846510815512,0
-0.7229229928780674,-0.7235118893247834,-0.7244162433349427,-0.7252166725595279,-0.7260424628575797,-0.7268862395626113,-0.7278900256551385,-0.7288725552803644,-0.7296679685190753,-0.7304220567649419,-0.7311800074979002,-0.7321326867014293,-0.7330959241766737,-0.733913426036139,-0.7342528354137839,-0.735299214698273,-0.7361142609380191,-0.7369661451970125,-0.7377766894499176,-0.7385997469681755,0
-0.7226849799568356,-0.7235895734822418,-0.7243836590540562,-0.7252241936381796,-0.7260550007278354,-0.7270417430441118,-0.7280204762414992,-0.7288248802876592,-0.7295851464487576,-0.7303542783377447,-0.7313030400490095,-0.7322708151243027,-0.7331260680073434,-0.7334913174600952,-0.7345167128216161,-0.7353344063343655,-0.7361846602232268,-0.7370013528566419,-0.7377917818885448,-0.7386249067792163,0
-0.7227626473311323,-0.7235569962549204,-0.7243911785034917,-0.7252367287692655,-0.7262104703190062,-0.7271721653189187,-0.7279728116041752,-0.7287420763529608,-0.7295173829366794,-0.7304772836315471,-0.7314411378104586,-0.7323009522347478,-0.732704054377968,-0.7337551353201226,-0.7345518964759937,-0.7354047896065512,-0.7362198598658306,-0.7370164418536258,-0.7378169359529239,-0.738680258363506,0
-0.7227300771419111,-0.72356451407661,-0.7244037109192171,-0.7253921643947313,-0.7263408641696656,-0.7271245110262008,-0.7278900256551385,-0.7286743276791167,-0.7296403611623028,-0.7306153507980597,-0.7314712682311384,-0.7318790326885162,-0.7329678128963277,-0.7337903110347928,-0.734622263784749,-0.735439981242644,-0.7362349454269463,-0.7370415901819325,-0.7378722748945576,-0.7387305779855876,0
-0.7227375933394237,-0.7235770437794259,-0.7245591128742133,-0.7255225297580252,-0.7262932202626939,-0.7270417430441118,-0.7278222916968358,-0.7287972789760931,-0.7297783979461657,-0.7306454745434807,-0.7310494423416212,-0.732142732404911,-0.7330029806987756,-0.7338606624641335,-0.7346574474391266,-0.735455063372398,-0.7362600880288063,-0.7370969165042072,-0.7379225830233156,-0.738780897607669,0
-0.722750120335278,-0.7237324120943426,-0.7246894499977583,-0.7254748962598987,-0.7262104703190062,-0.726974023786039,-0.7279452162878296,-0.7289352855339238,-0.729808515062645,-0.7302237421075872,-0.7313130835225695,-0.7321778923670968,-0.7330733163036715,-0.7338958381788038,-0.7346725261481455,-0.7354802002553213,-0.7363154017528979,-0.7371472131608205,-0.7379728911520735,-0.7387557377966283,0
-0.7229054550838714,-0.7238627210036276,-0.7246418268180015,-0.7253921643947313,-0.7261427658196253,-0.7270969216988379,-0.7280831928695572,-0.7289653960556325,-0.7293868754319363,-0.7304873248800208,-0.7313482356800292,-0.7322482122914689,-0.7331084841061194,-0.733910913485091,-0.7346976573298438,-0.7355355013977529,-0.7363656869566176,-0.7371975098174338,-0.7379477370876945,-0.7388387651730627,1
-0.7230357358407562,-0.7238151081329273,-0.7245591128742133,-0.7253244746868672,-0.7262656369481314,-0.7272348683356528,-0.7281132968510252,-0.728543848751713,-0.7296504002011293,-0.7305224692496785,-0.7314185399949488,-0.7322833722536549,-0.7331235560214542,-0.7339360389955698,-0.7347529459295802,-0.7355857751635998,-0.7364159721603373,-0.7371723614891271,-0.7380307455001451,-0.7388362491919587,1
-0.7229881332565098,-0.7237324120943426,-0.7244914378292956,-0.7254473189715096,-0.7264035535209442,-0.7272649657836852,-0.727691841110475,-0.7288073158166627,-0.7296855368370215,-0.730592757988994,-0.7314536921524085,-0.7322984408088773,-0.7331486758803456,-0.7339913151186231,-0.7348032082929769,-0.7356360489294465,-0.7363908295584773,-0.7372553509725391,-0.7380282300937073,-0.7389066966628727,1
-0.7229054550838714,-0.7236647516991369,-0.7246142555034054,-0.7255852054134551,-0.7264336444095579,-0.7268436015112323,-0.7279552509483189,-0.7288424447586559,-0.7297558101088064,-0.7306279023586519,-0.7314687573627483,-0.7323235550675816,-0.7332039395699067,-0.7340415661395808,-0.7348534706563733,-0.7356109120465231,-0.7364738001446148,-0.7372528361397085,-0.7380986614739684,-0.7387683177021487,1
-0.7228378093062581,-0.7237875427867324,-0.7247521120763858,-0.7256152897280613,-0.726012371968966,-0.7271069541815154,-0.7279903722600314,-0.7289127026426425,-0.7297909467446988,-0.7306429642313623,-0.7314938660466482,-0.732378806436731,-0.7332541792876894,-0.7340918171605383,-0.734828339474675,-0.7356938637601703,-0.7364712858844289,-0.737323251458967,-0.737960314119884,-0.7387959934942935,1
-0.7229605738656304,-0.7239253695177069,-0.724782189874127,-0.7251941093235733,-0.726275667244336,-0.7271420678708863,-0.7280606148834564,-0.7289478315846358,-0.7298060053029383,-0.7306680673525464,-0.731549105151228,-0.7324290349541396,-0.7333044190054722,-0.7340666916500594,-0.7349112723742794,-0.735691350071878,-0.7365416851696365,-0.7371849356532806,-0.737987983590701,-0.7386072949114879,1
-0.7230983708200277,-0.723955440804465,-0.7243611007057504,-0.7254573470763783,-0.7263107732810519,-0.7272122952496285,-0.728095736195169,-0.72896288684549,-0.7298311029000043,-0.7307232942191516,-0.7315993225190276,-0.732479263471548,-0.7332792991465807,-0.7341496058346395,-0.7349087592561097,-0.7357617333440635,-0.7364034008594074,-0.7372125988144178,-0.7377993281078585,-0.7327148671657452,0
-0.7231284356100781,-0.7235344427898519,-0.7246242814359859,-0.725492445443419,-0.7263809853544839,-0.7272474089389996,-0.7281107881859028,-0.7289879789469138,-0.7298863176135495,-0.7307735004615199,-0.7316495398868272,-0.7324541492128438,-0.7333621946809223,-0.7341470932835916,-0.7349791265648649,-0.7356234804879849,-0.7364310577214531,-0.7370239863521179,-0.7319082462303013,-0.734871062971937,0
-0.7227075285493733,-0.7237975665489852,-0.7246593722000171,-0.7255626421775003,-0.7264160913912,-0.7272624576630157,-0.728135874837126,-0.7290431815700461,-0.7299365128076816,-0.7308237067038881,-0.7316244312029273,-0.7325370262665678,-0.7333596826950333,-0.7342174447129323,-0.7348409050655242,-0.7356511310592005,-0.7362424882075044,-0.7311342478626977,-0.7340639495475799,-0.735947902884481,0
-0.7229705954623138,-0.7238326497168694,-0.72472955372808,-0.7255977405445411,-0.7264311368355068,-0.7272875388697093,-0.7281910654698172,-0.7290933657728937,-0.7299867080018134,-0.730798603582704,-0.7317072898597968,-0.7325345148406974,-0.733430018299929,-0.734079254405299,-0.7348685493653924,-0.7354626044372751,-0.7303540908519299,-0.7332894595985786,-0.7351405435030003,-0.7363630397666534,0
-0.7230056710507058,-0.7239028160526384,-0.7247646444921114,-0.725612782701844,-0.7264562125760182,-0.7273427175244354,-0.7282412387722637,-0.7291435499757413,-0.7299616104047474,-0.7308814438826117,-0.731704778991407,-0.7326048347650693,-0.7332918590760266,-0.7341068924668256,-0.7346800655026551,-0.7295755464566129,-0.7325088118313181,-0.7343658080501037,-0.7355555855652535,-0.736350459861133,1
-0.72307582222749,-0.7239378992205229,-0.7247796833909819,-0.7256378529640161,-0.7265113792051434,-0.7273928799378226,-0.72829141207471,-0.7291184578743174,-0.7300444324750652,-0.7308789335704933,-0.7317750833063263,-0.732466706342196,-0.7333194909208071,-0.7339184511382346,-0.7287943427489127,-0.7317297773231489,-0.7335849151909193,-0.7347807554671637,-0.7355430085330641,-0.7365341264817304,1
-0.7231108978158821,-0.7239529348639018,-0.7248047482224329,-0.7256930075407942,-0.7265615306861662,-0.7274430423512098,-0.7282663254234868,-0.7292012618090159,-0.7300419227153587,-0.7309492223098089,-0.7316369855448773,-0.7324943320267706,-0.7331310919791216,-0.7280340565841021,-0.7309480850204572,-0.7328056359122708,-0.7339997681216067,-0.7347681813030104,-0.7357266332030306,-0.7364234233131512,1
-0.7231259302109071,-0.7239779942695335,-0.724859890851625,-0.7257431480651382,-0.7266116821671891,-0.7274179611445162,-0.7283491113725235,-0.7291987525988736,-0.7301121959871434,-0.7308111551432961,-0.7316646050971671,-0.7323059750864886,-0.7272480210267591,-0.7301873128321344,-0.7320236995971445,-0.733220394480507,-0.7339871968206768,-0.734951764099649,-0.7356159553197631,-0.7363881995776941,1
-0.7231509842026158,-0.7240331249619234,-0.7249100205145271,-0.7257932885894819,-0.7265866064266776,-0.7275007291266051,-0.7283466027074011,-0.7292690104828601,-0.7299741592032805,-0.7308387685765986,-0.7314762899679184,-0.72642421569795,-0.7294007929337508,-0.7312626846806265,-0.7324383640951665,-0.7332078260390454,-0.7341707378142536,-0.7348411114550997,-0.7355807396296324,-0.7354623185313945,1
-0.7232061029843748,-0.7240832437731869,-0.724960150177429,-0.72576821832731,-0.7266693563703653,-0.7274982210059359,-0.7284168453308262,-0.7291310039250294,-0.730001766560053,-0.7306504951677176,-0.7255958361985765,-0.7285765076689054,-0.7304759228943021,-0.7316772556035266,-0.7324257985043174,-0.7333913252843862,-0.7340601103660703,-0.7348059037954703,-0.7346550700604859,-0.7350824053846794,1
-0.723256210967792,-0.7241333625844503,-0.724935085345978,-0.7258509501924773,-0.7266668487963143,-0.7275684483846779,-0.7282788687490985,-0.7291586052365955,-0.7298135345820581,-0.7247713441863919,-0.7277476504087925,-0.7296513979414478,-0.7308904005660101,-0.7316646928482873,-0.732609256130715,-0.7332807229995233,-0.7340249107234665,-0.7338804453137852,-0.7342752436883634,-0.7338420267003706,1
-0.7233063189512092,-0.7241083031788185,-0.7250177992897663,-0.7258484431662601,-0.7267370608697462,-0.7274305017478631,-0.728306464065444,-0.7289704144759172,-0.7239356773492029,-0.7269226816718727,-0.7288223020797056,-0.7300657832100683,-0.7308778406365644,-0.7318481090747825,-0.7324986789312425,-0.7332455313634305,-0.7330996629750244,-0.7335007055563546,-0.7330351483144796,-0.7335703007411305,1
-0.7232812649595006,-0.7241909992174032,-0.7250152928066212,-0.7259186399003414,-0.7265991442969334,-0.727458091075226,-0.7281183141812698,-0.7230938443224686,-0.7260865414177584,-0.7279970952585539,-0.7292365953640528,-0.7300532260807162,-0.7310612156064715,-0.7317375568286758,-0.7324634952768648,-0.732320494071849,-0.7327200096869408,-0.7322608929708362,-0.7327634844191866,-0.7329010497674467,1
-0.723363943132139,-0.7241884932768401,-0.725085474334684,-0.725780753458396,-0.7266267276114959,-0.7272699820250239,-0.7222430204647907,-0.7252442374144863,-0.7271607185721828,-0.7284112967580922,-0.729224041022103,-0.7302365601692573,-0.7309506882273494,-0.7317023811140054,-0.7315386677903672,-0.7319409271397056,-0.7314804794152507,-0.7319892910251242,-0.7320943863067058,-0.7308404612432096,0
-0.7233614377329682,-0.7242586596126088,-0.7249476177617036,-0.7258083307467851,-0.7264386595576603,-0.7213959634173772,-0.724392946474621,-0.7263181793554239,-0.7275748289237717,-0.7283987451975003,-0.7294073344145718,-0.7301260574309586,-0.7309155204249015,-0.7307777623283859,-0.731159186946723,-0.7307016788115815,-0.7312089393151645,-0.7313203454921671,-0.7300342684340672,-0.7311776027111556,0
-0.7234315889097523,-0.7241208328816344,-0.7249751890762997,-0.7256203037804957,-0.7205659211298836,-0.7235454228310207,-0.725466655146975,-0.7267321990289163,-0.7275622801252387,-0.7285819979821444,-0.7292968562054125,-0.7300908974687725,-0.7299911096176984,-0.7303983671201563,-0.7299202196889967,-0.7304302004760088,-0.7305401461056927,-0.7292606974038515,-0.7303713328967456,-0.7313889451238978,0
-0.7232937919553549,-0.7241483982278293,-0.7247872028404172,-0.7197488483798348,-0.722714912091713,-0.7246188984775078,-0.7258805848921582,-0.7267196529782044,-0.7277454925838205,-0.7284715442489342,-0.7292617040479528,-0.7291666927484556,-0.7296117997484386,-0.7291596794535519,-0.729648802926655,-0.7297615593902461,-0.7284809670133718,-0.7295976850031608,-0.730582627037529,-0.7329614333139445,0
-0.7233213513462344,-0.7239604526855913,-0.718917019314596,-0.7218973698479673,-0.7237881537856021,-0.7250327383879527,-0.7258680415665467,-0.726902825318598,-0.7276350631567301,-0.7284363998792764,-0.7283377044804387,-0.7287874674420213,-0.7283733907050932,-0.728888323940381,-0.7289803134934802,-0.7277028486788191,-0.7288178778782938,-0.7298089309609367,-0.7321547560612153,-0.7330620725581075,0
-0.7231334464084198,-0.7180915398866404,-0.7210650753699456,-0.722970377068925,-0.7242019035040408,-0.7250201977846059,-0.7260511741204762,-0.7267924200723334,-0.7275999265208377,-0.7275126050196999,-0.7279585633535512,-0.727549334487901,-0.7281020962290662,-0.7282199853616452,-0.7269220697123893,-0.7280396829099928,-0.7290290757339163,-0.7313807014801029,-0.7322553723187313,-0.7332532871220171,0
-0.7172658015502618,-0.7202391309492796,-0.7221378501560478,-0.7233840363947615,-0.7241893656337851,-0.7252032905934693,-0.725940792855094,-0.72675729113034,-0.7266763349488091,-0.7271335478898195,-0.7267207052372892,-0.727278100493895,-0.7274339079825554,-0.7261622060534323,-0.7272588275471465,-0.7282508327265493,-0.7306004883501562,-0.7314812947933297,-0.7324465432080114,-0.7338470586625787,0
-0.7194129286396902,-0.7213116735103176,-0.7225514198749892,-0.7233715012636756,-0.7243724185395185,-0.7250929332840174,-0.7259056715433815,-0.725833901797945,-0.7262973612331127,-0.7258959640154414,-0.726449531451171,-0.7266100612123616,-0.7253765915393509,-0.7264988878938482,-0.7274699294734123,-0.7298218879092623,-0.7307010587575957,-0.7316724220884603,-0.7330401791273554,-0.7348987387640818,0
-0.7204852394848189,-0.7217251537032411,-0.7225388874592636,-0.7235545141775305,-0.7242620852812682,-0.7250578195946463,-0.7249824827783667,-0.725455011066446,-0.7250600496977593,-0.7256248503066527,-0.7257816404594353,-0.7245532034244824,-0.7257131976484955,-0.7267099421818699,-0.7290406283295561,-0.729922435440956,-0.7308921425317304,-0.7322659226364975,-0.7340916190183967,-0.7350320857625979,1
-0.7208986303480112,-0.7217126240004254,-0.7227218607288559,-0.7234442050239741,-0.7242269792445523,-0.7241348311883209,-0.7246036743448961,-0.7242179704662538,-0.7247889956494467,-0.7249571072831545,-0.7237252392480387,-0.7248897344911195,-0.7259242044631831,-0.7282802865867942,-0.7291411530563494,-0.7301134757511738,-0.7314855079356227,-0.7333171227597158,-0.7342249355596054,-0.7350446656681182,1
-0.720886103352157,-0.7218955576615369,-0.7226115754704716,-0.7234091066569335,-0.7233041919937316,-0.7237561049672473,-0.7233669024395912,-0.7239469757708771,-0.7241213995674913,-0.7229011616581734,-0.7240616956122965,-0.7251006942642353,-0.7274941956438946,-0.7283807886287095,-0.7293321500372564,-0.7307067061881662,-0.732536468693364,-0.7334504088997412,-0.7342375125917948,-0.7352132364020914,1
-0.7210689974916298,-0.7217852962767574,-0.7225764847064401,-0.7224865210090071,-0.7229255483120092,-0.7225196014772516,-0.7230959666063804,-0.7232795258730046,-0.7220659063677866,-0.7232375434820411,-0.724272608557055,-0.7266703354332518,-0.7275946750794603,-0.7285717425083482,-0.7299252459253364,-0.7317574278943646,-0.7326697244832211,-0.7334629830638946,-0.7344060448231341,-0.7346270128048418,1
-0.7209587599281119,-0.7217502131088729,-0.7216540989090438,-0.7221079600502114,-0.7216893143047957,-0.7222487244449605,-0.7224286616838427,-0.7212244827663972,-0.7224022141684708,-0.7234484096999877,-0.7258419013007948,-0.7267707924680689,-0.7277855860070347,-0.7291647045556476,-0.7309757293203253,-0.7318906533738587,-0.732682295784151,-0.7336314768635492,-0.7338199551231037,-0.7335325610245694,1
-0.7209236843397198,-0.7208280269816252,-0.7212756199541339,-0.7208719961251363,-0.7214184963072722,-0.7215815643469101,-0.7203740649486606,-0.7215607169254759,-0.7226130339838251,-0.7250173547739964,-0.7259423360363942,-0.7269616608342212,-0.7283784146768715,-0.7302149508936611,-0.7311089245833263,-0.7319032218153204,-0.732850751216612,-0.733045520814004,-0.7327257533226181,-0.7328884698619262,0
-0.7200016974448427,-0.7204496299565862,-0.7200399237636002,-0.7206012372936796,-0.7207514816096683,-0.7195274135187023,-0.7207102260750519,-0.7217714905774355,-0.7241816338004495,-0.7251177672587331,-0.726133162034033,-0.7275543573396419,-0.7294284247785313,-0.7303481160991987,-0.7311214901741755,-0.7320716389309073,-0.7322649285932776,-0.7319515685326643,-0.7320818092745162,-0.7336055244765877,1
-0.7196233821700426,-0.7192142012589419,-0.7197692235839296,-0.719934368319907,-0.7186977784617822,-0.7198635016883969,-0.7209209539453268,-0.7233397469164216,-0.7242820241887137,-0.7253085509797325,-0.7267257269740691,-0.7286041333534801,-0.7295615600306558,-0.730360678854438,-0.7312898690915541,-0.7314859495587919,-0.7311712254123748,-0.7313077713280136,-0.7327987001093172,-0.7335224971001532,1
-0.7183882203788078,-0.7189435596781193,-0.7191024990673333,-0.7178811138480277,-0.7190337933846354,-0.7200741838246233,-0.7224888696467783,-0.7234401153221168,-0.7244727659264151,-0.7259009846396782,-0.7277752699610823,-0.7287372389246127,-0.7295741199601014,-0.730529019774646,-0.7307043125579836,-0.7303924951516237,-0.7305275748047627,-0.7320244986847536,-0.7327156916968666,-0.7315474519334545,0
-0.7181176372683546,-0.7182769794883153,-0.7170496893714974,-0.7182170553611312,-0.7192444296049313,-0.7216417592429747,-0.7225892162516713,-0.7236308152929374,-0.7250650692171725,-0.7269502951051753,-0.7279083459857515,-0.7287497960539648,-0.7297424230146737,-0.7299435953804901,-0.7296111061541076,-0.7297489909487844,-0.7312441389577683,-0.7319415092013416,-0.7307410976431165,-0.733109876199085,1
-0.7174512010889055,-0.7162246141670767,-0.7173855581129407,-0.7184276455633752,-0.7208116633868956,-0.7217420840697493,-0.7227798748009677,-0.7242229888865386,-0.726114148774531,-0.7270833416474513,-0.7279209003277014,-0.7289180615872835,-0.7291571303025044,-0.7288506356746629,-0.728967747902631,-0.7304653921121016,-0.7311611683716308,-0.7299673654292685,-0.7323031650410513,-0.733280962914162,1
-0.7153992791679697,-0.7165604102025419,-0.7175961026971289,-0.7199945369491194,-0.7209119663489414,-0.7219327012406207,-0.7233719197698358,-0.7252718387260524,-0.7262471660389808,-0.7270958932080432,-0.7280891285098303,-0.728332899359474,-0.7280644164407292,-0.7282074226064058,-0.7296839865810327,-0.7303824403984543,-0.7291874741256332,-0.7315290766171123,-0.7324742126788284,-0.7334017300071576,1
-0.7157350026568653,-0.7167709092098483,-0.7191626546628156,-0.7200948179978072,-0.7211025419768282,-0.7225246177185903,-0.7244205417909666,-0.7254048268635984,-0.7262597148375136,-0.7272640841199771,-0.727504096174964,-0.7272404291058386,-0.7274213480531097,-0.7289234996550513,-0.7296010536814282,-0.7284091950889667,-0.7307488297011294,-0.7317000852495976,-0.7325949521878475,-0.7325966160538536,1
-0.7159454561872176,-0.7183371220618314,-0.7192629139886196,-0.7202853519903136,-0.7216943294528979,-0.7235730121583837,-0.7245535010424496,-0.7254173729143103,-0.7264278687378559,-0.7266791813963865,-0.7264118684253212,-0.7265975040830094,-0.7281372640315142,-0.7288405854704714,-0.7276282559181114,-0.7299701955185105,-0.7309197993937764,-0.7318207972254697,-0.73179002212772,-0.7318996892880251,1
-0.7175113306690061,-0.7184373596843584,-0.719453406707647,-0.7208770101775707,-0.7227424954062756,-0.72370594255386,-0.7245660443680613,-0.7255854899938498,-0.7258430947262182,-0.7255871956248765,-0.7257690861174854,-0.727313260456081,-0.7280543684971726,-0.7268682328978863,-0.7291889023015761,-0.7301411263223897,-0.7310404838827036,-0.7310160507196564,-0.7310932545444223,-0.7307297580746304,1
-0.7176115466358407,-0.7186278111671595,-0.7200449367298905,-0.7219249471363564,-0.7228753968309862,-0.7237184831572067,-0.724734124931257,-0.7250008440306756,-0.7247513492538477,-0.7249445557225624,-0.7264846836086307,-0.7272303834023569,-0.7260824595741988,-0.7284285270986192,-0.7293597943371246,-0.730261783360422,-0.7302359206231885,-0.7303194420255619,-0.7299235905507997,-0.730888264884187,1
-0.7178019569728261,-0.7192192131400683,-0.7210926466845416,-0.7220578195258676,-0.7228879347012419,-0.723886527242054,-0.7241496059577557,-0.7239093376187414,-0.7241088507689583,-0.7256599946763105,-0.7264018249517613,-0.7252589140940721,-0.727642402811354,-0.7285993805698749,-0.7294804240092765,-0.7294574031068728,-0.7295394705516711,-0.7291500447593021,-0.7300820611563873,-0.7310316758071194,1
-0.7183932311771495,-0.7202666962954745,-0.721225490291232,-0.7220703546569535,-0.7230559421626686,-0.7233021351260925,-0.7230583366295456,-0.7232669798222926,-0.724824132285339,-0.7255771543764028,-0.724430793265624,-0.726818509559607,-0.7278132178518154,-0.7287199830201732,-0.7286762261949307,-0.7287611114498945,-0.7283703395651886,-0.7293084792276341,-0.7302254393233475,-0.7298189729149552,0
-0.7194404880305696,-0.7203995111453226,-0.7212380227069574,-0.7222383254135053,-0.7224716774087522,-0.72221110263492,-0.7224161183582309,-0.7239821047128704,-0.7247413102150213,-0.7236065593634478,-0.725990042535804,-0.726989286518796,-0.727933793174494,-0.7279159666848518,-0.7279800924618878,-0.727592246393956,-0.7285287379569055,-0.7294518246989821,-0.7290130134202806,-0.7307976895644404,0
-0.7195732741866253,-0.7204120408481385,-0.7214059570776791,-0.7216541883048998,-0.7213808826965051,-0.7215690237435632,-0.7231310879180929,-0.7238993007781719,-0.7227711488453409,-0.725165463188983,-0.7261607815863229,-0.7271098349605765,-0.7271299576899696,-0.7272199900445894,-0.7268114925129168,-0.7277506087563735,-0.7286720507875066,-0.7282396752746009,-0.729991506524623,-0.7312354702765493,0
-0.7195858011824796,-0.7205799388658711,-0.720821946504871,-0.7205636319004218,-0.7207389437394124,-0.7222838381343315,-0.7230483019690562,-0.7219295708164053,-0.724329709623139,-0.7253361644130352,-0.7262813032690421,-0.72630617868204,-0.7264341375986783,-0.7260516538073257,-0.726969818957616,-0.727893888989037,-0.7274601773778623,-0.7292179452457301,-0.7304291872448172,-0.7313763652183776,0
-0.7197536629269274,-0.7199960547146518,-0.7197316263367531,-0.719921833188821,-0.7214536023439883,-0.7222010701522426,-0.7210789998480331,-0.7234877903148219,-0.7245003732831878,-0.725456659394719,-0.7254778253842472,-0.7256105137159319,-0.7252660641602289,-0.726209944523342,-0.7271130666932965,-0.7266822912321287,-0.7284382245902101,-0.729655526158266,-0.7305700500053396,-0.7322670225292198,0
-0.7191699049201166,-0.7189059705696716,-0.7190899666516077,-0.7206363356607204,-0.7213708524003005,-0.7202321954267931,-0.7226368808889955,-0.7236584166045037,-0.7246208417491046,-0.7246533595168264,-0.7247823148402218,-0.7244427006861835,-0.7254243192712445,-0.7263531599330711,-0.7259017437354381,-0.7276601159778493,-0.7288757058625713,-0.7297963567967833,-0.7314605038843554,-0.7331174241423971,0
-0.7180800562807919,-0.7182644497854993,-0.719804314347961,-0.7205536037955531,-0.7194024067701533,-0.7217897383624672,-0.7228074701173134,-0.7237788586913377,-0.7238177186429927,-0.7239580030600258,-0.7236147610388793,-0.7246009205160204,-0.7255675024669255,-0.7251421103279935,-0.7268793467035022,-0.7280974977407166,-0.7290165044329865,-0.7306866076188391,-0.732310711260365,-0.7341514923761717,1
-0.7174386740930512,-0.7189786428460037,-0.7197216004041727,-0.7185855882150581,-0.720959610255913,-0.7219602905679838,-0.7229278860431848,-0.7229759114457768,-0.7231225152042648,-0.7227907079249632,-0.7237729457474483,-0.7247440717906348,-0.7243567252683606,-0.7261194926856184,-0.7273166292650526,-0.7282382642850876,-0.7299065525388247,-0.7315366211156042,-0.733344543306341,-0.7334419857048227,1
-0.7181527128567468,-0.718895946807419,-0.71775401113527,-0.7201424514959338,-0.7211301252913909,-0.7220806803601132,-0.7221251132040416,-0.7222808602363382,-0.7219554769406962,-0.7229488575884233,-0.7239160652456774,-0.7235335645210892,-0.7253338877792356,-0.7265566765679494,-0.7274573638825631,-0.7291281099405762,-0.7307563724816873,-0.7325702174090081,-0.7326351986908538,-0.7329840771438813,0
-0.7180700346841083,-0.7169287834653282,-0.7193105371683765,-0.7203129292787028,-0.7212504888458456,-0.7212780817459171,-0.7214302129651583,-0.7211140775201326,-0.7221135918022119,-0.723091945379173,-0.7227058266817051,-0.7245105091846851,-0.7257709733239457,-0.7266973794266306,-0.728347007714683,-0.7299777365833874,-0.7317897334181267,-0.7318610345507602,-0.7321773947191564,-0.7332205793676642,1
-0.7161032963349818,-0.7184849725550586,-0.7194809780222432,-0.7204332665371279,-0.7204480651494799,-0.7205833323205039,-0.7202636836832784,-0.7212721577591024,-0.7222566481054882,-0.7218819749380974,-0.723682554485409,-0.7249474972861393,-0.7259116445337375,-0.7275868224975797,-0.7291964416560855,-0.7310108624715395,-0.7310807120456793,-0.7314033349755791,-0.7324138429243188,-0.7329186616351752,0
-0.717659149220087,-0.7186553765133544,-0.719601289213208,-0.7196310181476268,-0.7197534671373134,-0.7194170562092503,-0.7204217295859847,-0.7214151827372179,-0.7210469439269073,-0.7228584863521604,-0.7241194455852661,-0.7250881371348832,-0.7268008875384924,-0.7284360647517627,-0.7302293332238857,-0.7303020023730994,-0.7306231166918302,-0.7316397292616617,-0.732111994151771,-0.7334243738370942,1
-0.7178295163637056,-0.7187756616603868,-0.7187992146067763,-0.718936571885465,-0.7185874452035319,-0.7195750678114201,-0.7205647234979571,-0.7202057434485918,-0.7220232404527743,-0.7232952806607645,-0.7242600542151052,-0.7259771818930141,-0.7276499387690213,-0.7294687232324409,-0.7295206338999937,-0.7298445111038935,-0.7308594571493127,-0.7313379493219817,-0.7326175908457885,-0.73308220040694,1
-0.717949775523907,-0.7179737606801713,-0.718104918775584,-0.7177708046944713,-0.7187454223687538,-0.7197180306895739,-0.7193555469089976,-0.7211818261939769,-0.7224599386417226,-0.7234358581393957,-0.7251489016251593,-0.7268260438372182,-0.7286823649694572,-0.7287601838369391,-0.7290632463930846,-0.7300807978033734,-0.7305577459269946,-0.7318434307209456,-0.7322754955702343,-0.7328985337863426,0
-0.7171480477892311,-0.7172796151441725,-0.7169394041131131,-0.7179287473461542,-0.7188883540896691,-0.7185091165269412,-0.7203314176415812,-0.7216184287587506,-0.7226004851852922,-0.7243245086293142,-0.7259975751409738,-0.7278582398699635,-0.7279739849487201,-0.7283028995462253,-0.7292994795010487,-0.7297791552082925,-0.7310631122243774,-0.7315014134559749,-0.7320918709002678,-0.7329916250871934,0
-0.7164540522189026,-0.7161143527822971,-0.7170973125512543,-0.7180716478405342,-0.7176797033970181,-0.7194847754673231,-0.7207679253728653,-0.7217589445267237,-0.7234889401214282,-0.7251729941253381,-0.7270295420492572,-0.7271500177745032,-0.727516803516897,-0.7285390793447258,-0.728997905320669,-0.730284406555053,-0.7307211728390834,-0.7313178306593363,-0.7321849409384701,-0.7332054834810398,1
-0.7152890416044518,-0.7162722270377769,-0.717240182090525,-0.7168632612038481,-0.7186551497029128,-0.7199211884637923,-0.7209084106197153,-0.7226472049171253,-0.7243372389022588,-0.7262047324060062,-0.7263214771632818,-0.7266929382660857,-0.7277529301904759,-0.7282375732189803,-0.7295030420728048,-0.7299425449472946,-0.7305376318455067,-0.731410879474071,-0.7323987504856914,-0.7329589173328405,0
-0.7154468817522162,-0.7164150656498779,-0.7160320572145873,-0.7178384944023354,-0.7190914675878116,-0.7200616432212765,-0.7217964780730174,-0.723495317945249,-0.725368750141671,-0.7254968243886135,-0.7258644991163048,-0.7269290122979057,-0.7274514918837793,-0.728742595979604,-0.729161258001708,-0.7297590457019537,-0.7306306594723881,-0.7316246402646777,-0.7321522406547774,-0.7332784469330579,1
-0.7155896895049553,-0.7152072022984285,-0.7170070791580307,-0.7182747169641266,-0.7192318917346757,-0.7209495179382307,-0.7226444068843623,-0.7245266033137663,-0.72466099790441,-0.7250399475830622,-0.7261005207449632,-0.7266276411934545,-0.7279564010474961,-0.7284008890370924,-0.7289778003753103,-0.7298520521687704,-0.7308443715881968,-0.7313781866472724,-0.7324716972723905,-0.7331350360101258,0
-0.7143820871045998,-0.7161820131775027,-0.717443207225278,-0.7184151104322893,-0.7201195729487802,-0.7217972627244752,-0.7236754682496368,-0.7238190060536157,-0.7242042216378091,-0.7252759169221932,-0.7257992165381651,-0.7271324377934102,-0.7276147709665733,-0.7282174728105972,-0.7290707857475941,-0.7300657156736193,-0.7305979740899704,-0.731697570416767,-0.7323283191054303,-0.7333136706685149,1
-0.7153566873820651,-0.7166180468354949,-0.7175835702814035,-0.7193025977131748,-0.7209671329780665,-0.7228281003195831,-0.7229680246851419,-0.7233623298077031,-0.7244401390502293,-0.7249746794679834,-0.7263039010845519,-0.7267908838750322,-0.7274313959966662,-0.7283104371993688,-0.7292844007920296,-0.72981937422097,-0.7309172851335903,-0.731554224945419,-0.732506912962521,-0.7333665062717005,0
-0.7157926268377951,-0.7167583795070326,-0.7184708653147683,-0.7201499725745854,-0.7219977459130862,-0.7221208102908229,-0.7225114476328793,-0.7235981955610865,-0.7241389678854374,-0.7254792522037847,-0.7259624229835141,-0.7266075497864911,-0.7275243394745643,-0.7285240040384385,-0.7290381152113863,-0.7301386126340973,-0.7307739723029892,-0.7317327780763963,-0.7325597364977169,-0.7328306022965326,0
-0.7159329291913633,-0.7176454824663957,-0.7193180566178118,-0.7211803603498507,-0.7212906100306639,-0.7216643323289991,-0.7227472621543776,-0.7232970903440011,-0.7246434295864639,-0.7251378497556803,-0.7257791295910453,-0.7267004725436969,-0.7277378582751411,-0.7282777740357465,-0.7293572812189547,-0.7299953324014339,-0.7309524847761941,-0.7317855895658403,-0.7320239549264446,-0.7332306432920805,0
-0.7168198404978483,-0.7184924903767481,-0.7203482211904473,-0.7204733789566029,-0.7208342315533559,-0.721900095671919,-0.7224462223396989,-0.7238014415826192,-0.7243021022663664,-0.7249545969710361,-0.7258720317214746,-0.7269139437426831,-0.7274916836580055,-0.7285968680188271,-0.7292140334832744,-0.7301738042701901,-0.7310052842400998,-0.7312499301729083,-0.7324239045500703,-0.7337766111916646,0
-0.7176666654175996,-0.7195224319482121,-0.7196413929435295,-0.7200171001850743,-0.7210699435141633,-0.7215991211915955,-0.7229504640292856,-0.7234601890032557,-0.7241188898077846,-0.7250474785194174,-0.7260854555346233,-0.7266678240073814,-0.7278107058659261,-0.728453652609098,-0.7293924648733323,-0.7302265917243292,-0.7304697468204852,-0.7316497885929842,-0.7329697477470942,-0.7338747344547235,0
-0.7186963844768237,-0.7188157567093973,-0.7191852130111216,-0.7202527606494902,-0.7207690346280262,-0.7221032534461375,-0.7226092855726498,-0.7232770166628621,-0.7242117509169288,-0.7252608550494827,-0.725839390432405,-0.7269867750929255,-0.7276675226702454,-0.7286320437334973,-0.7294452403548988,-0.7296911761180606,-0.7308695141900566,-0.7321955073172388,-0.7330678485981722,-0.7341640722816922,0
-0.7179898619106407,-0.7183596755269,-0.7194208224267609,-0.7199519175034272,-0.7212730570123059,-0.721762149035104,-0.7224261530187203,-0.7233698574381301,-0.7244250804919897,-0.7250148444618781,-0.7261582707179328,-0.7268436238183112,-0.7278458736683742,-0.7286848073055028,-0.7289099461847249,-0.7300908525565428,-0.731415108650415,-0.7322935857976348,-0.7333571203385306,-0.7340357572453843,0
-0.717533879261544,-0.7185952339398383,-0.719120044449349,-0.7204558297730826,-0.7209320269413504,-0.7215790562262406,-0.7225189736282462,-0.7235831403002323,-0.724179124040743,-0.7253336541009167,-0.7260151512197038,-0.7270219350551115,-0.727898625372046,-0.7281496339323046,-0.7293095319737279,-0.7306363229159807,-0.7315131647976685,-0.7325827915731614,-0.7332288346101977,-0.7339829216421988,0
-0.7177693867836049,-0.7182945210722574,-0.7196238475615138,-0.7201148742075446,-0.720748974035617,-0.7216718566910071,-0.7227322101636436,-0.7233372377062792,-0.7244978635234811,-0.7251905663101671,-0.7261934228753927,-0.7270746749983904,-0.7273635723776595,-0.7285491295489174,-0.729854878616581,-0.730734356759382,-0.7318023047190567,-0.7324545350987974,-0.7331760110750019,-0.7343552868456018,0
-0.7174687388831015,-0.7187982151254553,-0.7192829658537803,-0.7199318612936897,-0.7208417542755093,-0.7218850469479029,-0.7224863609816561,-0.7236559073943613,-0.7243548072202051,-0.7253687984705744,-0.7262461511115823,-0.7265397412879896,-0.7277629781340326,-0.729094353126307,-0.7299528902252044,-0.7310234309130013,-0.7316740774495715,-0.7324017236093534,-0.7335482912278107,-0.7345691452394482,0
-0.7179723241164447,-0.7184574072088636,-0.7190999925841881,-0.7200246212637258,-0.7210548980698565,-0.7216392511223054,-0.722804961452191,-0.7235128824162458,-0.7245330001593735,-0.7254215150250611,-0.7257113361445157,-0.7269390580013875,-0.7283080790719755,-0.7291923426171744,-0.730241898814735,-0.7308952328100918,-0.7316212779856658,-0.732773918868292,-0.7337621007750321,-0.734901254745186,0
-0.7176315898292075,-0.7182744735477521,-0.7191927324605568,-0.720237718492187,-0.7208091558128445,-0.7219577824473143,-0.7226619675402187,-0.7236910363363546,-0.7245857051132121,-0.724886818543839,-0.7261105642185232,-0.7274840374152699,-0.728406046521652,-0.7294812859876805,-0.7301137297880735,-0.7308424453559527,-0.7319933884931914,-0.7329876796588987,-0.7340941344248347,-0.7358397156970059,1
-0.7174486956897346,-0.7183671933485895,-0.7194057835278902,-0.7199920299229023,-0.7211276177173396,-0.7218148195691608,-0.7228400827639035,-0.7237437297493444,-0.7240511262957064,-0.7252859581706668,-0.7266554226591495,-0.7275819830242165,-0.728694924898903,-0.7293531458842386,-0.7300609543065072,-0.731214471223219,-0.7322071006090001,-0.7333196375925466,-0.7350323810261707,-0.7361189895995581,1
-0.7175413954590565,-0.7185801982964591,-0.7191601481796706,-0.7203104222524855,-0.7209846859964245,-0.7219928961366855,-0.7228927647314722,-0.723209267989018,-0.7244501780890558,-0.7258306959003625,-0.7267533465263589,-0.7278707969993157,-0.7285668136185568,-0.7293003823122332,-0.730432895795642,-0.731428134728068,-0.73253898295355,-0.7342576702383852,-0.7353115911407774,-0.7362397566925536,1
-0.7177543543885797,-0.7183346161212683,-0.719478471539098,-0.7201675217581057,-0.7211627237540557,-0.722045566670742,-0.7223584190604175,-0.7236082324016561,-0.7249947959453877,-0.7259285980729807,-0.7270420963912071,-0.7277427142799239,-0.728514061914885,-0.7296722398673192,-0.7306465108400776,-0.7317599415826571,-0.7334768020029221,-0.734536816682589,-0.7354323306497964,-0.7350119579137653,0
-0.7175088252698353,-0.7186528705727911,-0.7193356019998275,-0.7203455206195263,-0.7212153828091297,-0.7215113369681678,-0.7227572968148669,-0.724152731002552,-0.725092676573945,-0.7262172839665985,-0.7269140421033179,-0.727689974336645,-0.7288858358264774,-0.7298858067063889,-0.7309782424384952,-0.7326975473157002,-0.7337558848835661,-0.7346575286584609,-0.7342048123081022,-0.7358070079426527,0
-0.7178270109645347,-0.7185100319606904,-0.7195135623031295,-0.7203981681700873,-0.7206812695362361,-0.7219101281545965,-0.7233016771464108,-0.7242505901981047,-0.7253812989402041,-0.7260892580485593,-0.7268613138671283,-0.728061665365468,-0.7290993546270542,-0.730217463444709,-0.7319156355158419,-0.73297656671615,-0.7338765693724933,-0.7334302902370959,-0.7349996807424779,-0.7359730626955218,0
-0.7176842032117957,-0.7186879537406756,-0.7195661984491766,-0.7198641715858255,-0.7210799738103679,-0.722454390339848,-0.7233995150861814,-0.7245391493644782,-0.7252533011951674,-0.7260365414940726,-0.7272329223888458,-0.7282751365644542,-0.7294309367644205,-0.7311546449855678,-0.732194591632693,-0.7330972237541823,-0.7326496104017333,-0.7342249774115863,-0.7351656975673793,-0.7365467063872507,0
-0.7178620865529268,-0.7187405784925023,-0.7190323175392704,-0.7202627887543589,-0.7216241173794659,-0.7225522070459532,-0.7236880115752485,-0.7244111796472169,-0.7252005962413289,-0.7264080676875978,-0.7274463462019944,-0.7286066447793506,-0.7303679075010693,-0.7314335381518824,-0.7323152213048448,-0.73187054386752,-0.7334441166205041,-0.7343909563784103,-0.73573921023522,-0.7366901173101831,0
-0.7179146999355149,-0.7182068131525464,-0.7194308483593412,-0.7208068134434893,-0.7217219127674604,-0.72284064092293,-0.72356006965401,-0.7243584862342269,-0.7255720406779055,-0.7266214442176631,-0.7277777808294723,-0.7295434066290196,-0.7306467379347635,-0.7315541406021805,-0.7310888196379677,-0.7326648693678997,-0.7336100577927791,-0.7349643382638023,-0.7358825884021802,-0.7367429529133687,0
-0.7173810499121214,-0.7186052577020909,-0.7199747552018275,-0.7209045874659598,-0.722010283783342,-0.7227127267687925,-0.7235073876864413,-0.7247298493352988,-0.7257853702529664,-0.7269528054172937,-0.7287143347389363,-0.7298221749006369,-0.7307673132574422,-0.7303280156908156,-0.731882964979634,-0.7328307727951942,-0.7341833091151835,-0.7351076837351503,-0.7359354119373761,-0.7368486241197397,0
-0.7177794083802884,-0.7191490468042994,-0.7200725080444864,-0.7211928954809368,-0.7218823975067337,-0.7226600562347358,-0.7238786701245449,-0.7249431321974009,-0.7261166585342376,-0.7278891518374622,-0.7289930411302245,-0.7299427233424174,-0.7295414641435426,-0.7311219818219453,-0.7320488307788429,-0.7334038937258479,-0.7343266219457847,-0.7351604952245943,-0.7360410590077678,-0.7370297747592331,1
-0.7183230800003653,-0.7192467784862632,-0.7203607536061729,-0.7210650371438599,-0.7218297384516597,-0.7230312580938014,-0.7240919066599423,-0.7252743479361948,-0.7270527989047991,-0.7281677964826061,-0.7291135628129436,-0.7287171475176493,-0.7303352516845103,-0.7312878101911053,-0.7326218217215641,-0.7335471739585114,-0.7343794214096903,-0.7352661182034822,-0.7362221682712965,-0.7371832496065817,1
-0.7184207905680289,-0.719534961651028,-0.7202329229657728,-0.7210123895932989,-0.7222008594112287,-0.7232444483506972,-0.7244230504560889,-0.7262102833193017,-0.7273313822322315,-0.72828829146429,-0.7278882590386316,-0.7295107580927039,-0.7305010427531935,-0.7318606718300218,-0.7327650694572445,-0.7335999614126505,-0.7344850203375016,-0.7354471861672902,-0.7363756080640083,-0.7374172358492607,1
-0.7187089114726781,-0.7194071586823062,-0.7201802868197257,-0.7213834294734431,-0.7224140032055759,-0.7235755202790531,-0.7253587825467153,-0.7264888056451057,-0.7274518506981483,-0.727063259150504,-0.7286816934498664,-0.7296765122001522,-0.7310737755359171,-0.732003887239751,-0.732817844938811,-0.7337055363209288,-0.7346660470708924,-0.7356005909699608,-0.7366095408627328,-0.73686120402526,1
-0.7185811361149641,-0.7193545339304795,-0.7205512463252003,-0.7215965267019044,-0.7227450029803268,-0.7245110492887253,-0.725637244375293,-0.7266092477319397,-0.726227087961328,-0.7278565177799227,-0.7288474107636054,-0.7302491172986094,-0.7312169587315981,-0.7320566508117564,-0.7329233959019438,-0.7338865218779774,-0.7348194169422374,-0.7358344704232128,-0.7360536360399572,-0.7363680717288615,1
-0.718528522732376,-0.7197254131338291,-0.7207642973925337,-0.7219274541625736,-0.7236803281014031,-0.7247894506830245,-0.7257576603011644,-0.7253847531824594,-0.7270201720286132,-0.728022198379738,-0.7294198887565216,-0.7303922685732238,-0.73126971043527,-0.7321621779557673,-0.7331043404101716,-0.7340398568638101,-0.7350532431395339,-0.7352786923676354,-0.7355606163781293,-0.7357491403772591,0
-0.7188993218096635,-0.7199384180816988,-0.7210951531676868,-0.7228625749415859,-0.72395866882108,-0.7249098404751538,-0.7245334317214711,-0.7261776635874507,-0.7271858161692488,-0.7285945495427365,-0.7295630082547508,-0.7304450085165027,-0.7313752138426137,-0.7323430816312146,-0.7332576406185312,-0.7342736298749978,-0.7344975916384314,-0.734785785132825,-0.7349418263944063,-0.7356535330953043,0
-0.7191122807391868,-0.7202692022360377,-0.7220300713808087,-0.723140854851694,-0.7240790323755347,-0.723685877588505,-0.7253261699001249,-0.7263432714568477,-0.7277580413823534,-0.7287376373334862,-0.7296157364909405,-0.7305504884030606,-0.7315560768266318,-0.7324963472451351,-0.7334913606083254,-0.7337181047623904,-0.7340047966419786,-0.734167136256481,-0.7348462409497662,-0.7364561310675042,0
-0.7194429934297405,-0.7212039180661012,-0.7223082910099146,-0.7232611921101191,-0.722855336238577,-0.7244784437200235,-0.7254917417981982,-0.7269153713693098,-0.7279010976856296,-0.7287903538879729,-0.7297211929633197,-0.7307313110657313,-0.7317093079658692,-0.7327300144925879,-0.7329359614927928,-0.7332254218570917,-0.7333862886362266,-0.7340715726089158,-0.7356486556034557,-0.7366372817069974,0
-0.720377507320472,-0.7214820774686134,-0.7224286022008792,-0.72203776331613,-0.7236477296387381,-0.7246439796842015,-0.7260637174460878,-0.7270583963474254,-0.7279538026394682,-0.7288957869969461,-0.7299019754873987,-0.7308845080438273,-0.7319429226535591,-0.7321747407110066,-0.7324433903315062,-0.7326070545371759,-0.7332907467491592,-0.7348738042818983,-0.7358297648669845,-0.736551738349459,0
-0.7206556066284375,-0.7216023626156456,-0.7212054384260711,-0.7228299836007622,-0.7238132295261136,-0.7252158311968161,-0.7262067113580603,-0.7271110897604154,-0.7280592125471453,-0.729076529469472,-0.7300551384591876,-0.731118070649777,-0.7313877737720594,-0.7316822807056224,-0.7318251632617279,-0.732511534382067,-0.7340927957484881,-0.7350548722457062,-0.7357442410480958,-0.7367278570267441,0
-0.720775865788639,-0.7203794636208173,-0.7219974870999223,-0.7229954473310969,-0.7243849564097742,-0.7253587940749698,-0.7262593933256289,-0.7272164765863952,-0.7282399152460205,-0.7292296585086953,-0.730288649219456,-0.7305630455324127,-0.7308954245377883,-0.7310641931478441,-0.7317296647712744,-0.7333134009473237,-0.734273822481879,-0.7349693679294635,-0.7359203194987487,-0.7367354049700563,0
-0.7195532309932584,-0.7211713408387799,-0.7221629149874987,-0.7235670493086164,-0.7245278881306895,-0.7254114646090264,-0.7263647572607664,-0.7273971397166464,-0.728393010588123,-0.7294631175357078,-0.7297337473052696,-0.7300708060618092,-0.7302774760090601,-0.7309687162080247,-0.7325313494674502,-0.7334943865043722,-0.7341883376355555,-0.7351454062276103,-0.7359278657180623,-0.7368435921575316,0
-0.7203449371312507,-0.7213367329159492,-0.7227343931445813,-0.7237099498029964,-0.7245805471857634,-0.7255168056771396,-0.7265453811495737,-0.7275502015353313,-0.7286264182408367,-0.7289083385575382,-0.7292416171008329,-0.7294529952976841,-0.7301820205452729,-0.7317702199922982,-0.7327122939756779,-0.7334089211024326,-0.7343643358485744,-0.7351529507261022,-0.736036028194892,-0.736722825064536,0
-0.7205102934765276,-0.7219080873643527,-0.722877262683852,-0.7237625973535573,-0.7246858652959114,-0.7256973903653336,-0.7266984097220354,-0.7277835580785725,-0.7280717613456783,-0.7284163173823291,-0.7286239434768969,-0.729357561114608,-0.7309833440439082,-0.7319511236677455,-0.7326268479579038,-0.7335848792828965,-0.7343718786291322,-0.7352610885378209,-0.735915288685873,-0.7371480258711246,0
-0.7210815244874841,-0.7220509259764537,-0.7229298988298991,-0.7238678924546793,-0.7248664106275937,-0.7258503857261648,-0.7269317155784113,-0.727229022637107,-0.7275798484431849,-0.7277987806011992,-0.7285285304780774,-0.7301587059672741,-0.7311642070279261,-0.7318656969321176,-0.7328027662297919,-0.7335924203477734,-0.7344799918171296,-0.735140376561949,-0.7363403923738776,-0.7370649984946901,0
-0.7212243322402232,-0.7221035507282803,-0.7230351711219932,-0.7240483983423172,-0.7250193726447134,-0.7260836409484155,-0.7263773005863781,-0.7267372174492011,-0.7269624475553614,-0.7277033887406995,-0.7293294974944823,-0.7303395286299447,-0.7310787995076954,-0.7320415755054691,-0.7328103055843014,-0.7337005089443441,-0.7343593073282024,-0.7355653833103314,-0.736257383961427,-0.7371379619467082,0
-0.7212769456228113,-0.7222088002319335,-0.7232156379084403,-0.7242013269415657,-0.7252525770314696,-0.7255293462804864,-0.725885602222403,-0.7261199517541761,-0.7268670766865107,-0.7285041783064736,-0.729510280018561,-0.7302541401503503,-0.7312546385199351,-0.7320491131586127,-0.7329183696656041,-0.7335798519063118,-0.7347842172996336,-0.7354823938269195,-0.736330330748126,-0.7372511810963917,0
-0.7213821723879875,-0.722389227952482,-0.7233685333802913,-0.7244344803797644,-0.7246984031661671,-0.7250377546292913,-0.7252684706023115,-0.7260246017687657,-0.7276676900329159,-0.7286849207789994,-0.7294249104933016,-0.7304299399612801,-0.7312621744776024,-0.7321571528536716,-0.7327977399934522,-0.7340046652277173,-0.7347012467134961,-0.7355553239790088,-0.7364435240378315,-0.7373895600571159,0
-0.7215625611282895,-0.7225420903268355,-0.7236016363127855,-0.7238804275857652,-0.724206918652143,-0.7244207569446282,-0.7251731413276633,-0.7268250398041842,-0.7278483927317909,-0.7285995701669733,-0.7296006712806006,-0.7304374742388914,-0.7313701898708355,-0.7320365504033733,-0.7332224569641536,-0.7339217135140701,-0.7347741602588896,-0.7356684914563888,-0.736581871391916,-0.7375958705076499,0
-0.721715390477712,-0.7227751427992105,-0.7230477035377186,-0.7233890504471959,-0.7235900554355619,-0.7243254483591924,-0.7259734055016842,-0.7270057029344353,-0.7277630609017666,-0.7287752920152624,-0.7296082038857704,-0.7305454655513197,-0.7312496145481568,-0.7324611715304649,-0.7331395240645491,-0.733994610474548,-0.734887301967259,-0.7358068072620755,-0.7367881347198235,-0.7377896010526636,1
-0.7219483926006022,-0.7222213299347493,-0.7225564328412794,-0.7227723219977669,-0.7234947676216185,-0.725125538852719,-0.7261540293904913,-0.7269203897895946,-0.7279387440812286,-0.7287828229516174,-0.7297161712265398,-0.7304249171095393,-0.7316741401634212,-0.7323782573458848,-0.7332124044914742,-0.7341077264477033,-0.7350255862774882,-0.7360130235541901,-0.7369818210155417,-0.7376310942431069,0
-0.7213946993838417,-0.7217301655843675,-0.721939837987585,-0.7226770550015137,-0.7242946837439331,-0.7253061235409132,-0.7260687347763324,-0.7270960344995611,-0.7279462733603483,-0.7288907663727093,-0.7295956495438206,-0.7308493480816413,-0.7315912446290797,-0.7324511213262733,-0.7333254948091166,-0.7342459793037821,-0.7352317556127388,-0.7362066656821513,-0.7368233504099542,-0.7373920760382199,0
-0.7209036411463529,-0.7211137042058269,-0.7218445916280712,-0.7234767963647976,-0.7244752290756153,-0.7252208474381548,-0.726244341334895,-0.7271035621299882,-0.7280541930277321,-0.7287702713910255,-0.7300199863017277,-0.7307664710279171,-0.7316640922198646,-0.7325641861234279,-0.7334637163084573,-0.734452101743754,-0.7354253536470595,-0.7360482312138195,-0.7365843867983538,-0.7376889618085006,0
-0.7202873129503209,-0.7210184784644263,-0.7226441597513578,-0.7236573022524352,-0.7243899715578764,-0.7253964158850102,-0.7262518673302619,-0.7272114581661104,-0.7279337245618154,-0.7291945141390374,-0.7299371276448583,-0.7308393023781595,-0.7317771315848759,-0.7327023764310613,-0.7336697919983833,-0.7346456557422643,-0.7352669552553426,-0.7358093220949061,-0.7368812047580258,-0.7380084914087182,1
-0.7201921077818282,-0.7218178735040786,-0.722824626537805,-0.7235720633610508,-0.7245655017414565,-0.7254039402470183,-0.7263597399305218,-0.7270910160792763,-0.7283578739522306,-0.7291116738391297,-0.7300099428281678,-0.7309523165423288,-0.7319152908087786,-0.7329084056169873,-0.7338633020974602,-0.7344872933798468,-0.7350281005376741,-0.7361060723689247,-0.7372006613756388,-0.7380739069174241,1
-0.7209913301173331,-0.721998301224627,-0.7227394061108715,-0.7237475551962542,-0.7245730244636099,-0.7255117894358009,-0.7262393240046504,-0.727515072593338,-0.7282750518819128,-0.7291844728905638,-0.7301229319057171,-0.7310904449652024,-0.7321212736516879,-0.733101872047674,-0.7337049756527609,-0.7342484929920744,-0.7353247832396202,-0.7364254561384193,-0.7372660619430242,-0.7376512220919396,1
-0.7211717188576352,-0.7219130992454791,-0.7229148599310284,-0.7237550762749057,-0.724680850147809,-0.7253913996436715,-0.7266632884103228,-0.7274322686586396,-0.7283478349134042,-0.7292974369358924,-0.7302610296671663,-0.7312963818865772,-0.7323146965651516,-0.7329435813316576,-0.7334662294266271,-0.7345451082105706,-0.7356440942832402,-0.7364908417920166,-0.7368434736614573,-0.7374373636980932,0
-0.7210865352858258,-0.7220885150849012,-0.7229223793804637,-0.723862878402245,-0.7245604865933543,-0.7258152720367936,-0.7265805024612861,-0.7275050357527686,-0.7284607741002012,-0.7294355041024052,-0.7304669208751449,-0.7314897616786,-0.7321564414541358,-0.7327048889821091,-0.7337627773706671,-0.7348643466236979,-0.7357094650480758,-0.7360683498764647,-0.736629664114236,-0.7373794961326995,0
-0.7212619132277861,-0.7220960329065906,-0.723030158155703,-0.7237425411438198,-0.7249842666079973,-0.7257325040547047,-0.7266532537498335,-0.7276179502091756,-0.7285988108840642,-0.7296413496961152,-0.7306602577411736,-0.7313315418487633,-0.7319178027946677,-0.7330013700057588,-0.7340819433782354,-0.7349297025192988,-0.7352870693368305,-0.7358545890858581,-0.7365718097661643,-0.7375832906021296,0
-0.7212694294252987,-0.7222037883508071,-0.7229098469647383,-0.724166228574525,-0.7249015166643096,-0.7258052395541161,-0.726766143680338,-0.7277559567670064,-0.7288046111800053,-0.729834643729233,-0.7305020730326047,-0.7310929563910726,-0.732214217129586,-0.7333204639888394,-0.7341472844506511,-0.7345074028861855,-0.7350733572210219,-0.7357967479307528,-0.736775557687634,-0.7377267015250617,1
-0.7213771615896457,-0.7220835032037749,-0.7233334426162599,-0.7240834967093577,-0.7249742363117927,-0.7259181049842375,-0.7269041202620659,-0.7279617119986813,-0.7289978626774134,-0.729676494065773,-0.7302635405355562,-0.731389304643783,-0.7325332393375066,-0.7333857903160843,-0.7337250805981196,-0.7342937393813366,-0.7350155292367442,-0.7360004493900367,-0.7369189358545942,-0.7375380029422561,0
-0.7212569024294444,-0.722507007158951,-0.7232507286724716,-0.7241562004696562,-0.7250870771440943,-0.7260560516210526,-0.7271098308020962,-0.7281549211796444,-0.7288397478158977,-0.7294380144145236,-0.7305598230055743,-0.7317082557293272,-0.7325985509706243,-0.7329636817400407,-0.7335114655536841,-0.7342359245506127,-0.7352191843118089,-0.7361437948613847,-0.7367302803717519,-0.7370750624191064,0
-0.7216803148893199,-0.7224243111203663,-0.7233234166836795,-0.7242690166494299,-0.7252249937169072,-0.7262617175159402,-0.727302998016515,-0.7279968409406746,-0.7286013206437707,-0.7297342312444964,-0.7308787032911022,-0.7317735528019583,-0.732176537341249,-0.732750114900971,-0.7334536638357779,-0.7344395333022924,-0.73536249714241,-0.7359551823990848,-0.7362674455871786,-0.7380034594465099,1
-0.7215976367166815,-0.7224969833966983,-0.723436208425209,-0.7244069030913755,-0.7254306147891008,-0.7264548428074811,-0.7271449521138087,-0.7277584659771488,-0.7288974722891495,-0.7300530408835351,-0.7309439858692418,-0.7313516332557266,-0.7319630185406723,-0.7326923262268698,-0.7336572264075342,-0.7345828135349557,-0.7351739276284611,-0.7354924531582421,-0.737195630562763,-0.7377166376006454,1
-0.7216702932926365,-0.7226097507220411,-0.7235740649981894,-0.724612479241185,-0.7256236979910388,-0.7262968312053113,-0.726906628927188,-0.7280545527739494,-0.7292162117718876,-0.7301183089986139,-0.7305221599797246,-0.7311381620567404,-0.7319052428652221,-0.7328958428617479,-0.7338004741432145,-0.7343942869130302,-0.7347113037542401,-0.736420426472758,-0.7369088742288427,-0.7375883225643377,1
-0.7217830362553254,-0.7227475774530157,-0.7237795966160875,-0.7248055202599086,-0.7254657208258168,-0.7260585597417218,-0.7272026514116221,-0.7283732224620313,-0.7292814655242591,-0.7296965765627202,-0.730308736166576,-0.7310803992617206,-0.7321087137222423,-0.733039058271477,-0.7336119902804772,-0.7339317682672394,-0.7356390657628682,-0.736133735530062,-0.7367805885005099,-0.7379229480511796,1
-0.7219208332097228,-0.7229530645791958,-0.7239725958182601,-0.7246475776082257,-0.7252275012909583,-0.7263545179807066,-0.7275212518821571,-0.7284384619257331,-0.7288598258935505,-0.7294832000326551,-0.7302509861936064,-0.7312838247572251,-0.7322518969179231,-0.7328506169428861,-0.7331495765372285,-0.7348593192471132,-0.735352440101666,-0.7360054790556981,-0.7371151375567503,-0.7380890028040485,1
-0.7221262759417334,-0.7231460220025601,-0.7238146873801189,-0.7244094101175925,-0.7255233950289931,-0.7266730493057156,-0.7275864771753375,-0.7280169146218137,-0.7286464963184895,-0.7294254628539316,-0.7304543665331951,-0.7314269760318394,-0.7320634979762377,-0.7323883075500763,-0.7340769171418958,-0.7345727587817863,-0.7352242128321809,-0.7363399518221767,-0.7372811543816516,-0.7367530168377849,0
-0.7223191916778897,-0.7229881477470803,-0.7235765714813345,-0.7247052392112211,-0.7258418569334882,-0.7267382604431191,-0.7271650214347873,-0.7278036317597116,-0.7285887718452377,-0.7296287981355231,-0.730597486031424,-0.7312386190915574,-0.7316012925726362,-0.7333154388867437,-0.7337904216705351,-0.7344445606788771,-0.7355586094369168,-0.7365059307890007,-0.7359454735631278,-0.7374751034146543,1
-0.7221613515301255,-0.7227500833935788,-0.7238723364924562,-0.7250236315408043,-0.7259070538588179,-0.7263168961706662,-0.7269517848993899,-0.7277459199264369,-0.7287920623814723,-0.7297718859262726,-0.7304091709021753,-0.7307765167313989,-0.7325282153657283,-0.7330290080672854,-0.7336622526438739,-0.7347788812217584,-0.7357245506091917,-0.735170554555917,-0.7366673952108044,-0.7374449116414054,1
-0.7219233386088936,-0.7230457843800332,-0.7241906598518837,-0.7250888142224513,-0.725485781418226,-0.7261037059137704,-0.7268940856015765,-0.7279491659479695,-0.7289351186847484,-0.7295836125173916,-0.7299471711184182,-0.7317032328775863,-0.7322418489743665,-0.7329008679638437,-0.7339964973604612,-0.7349447846490529,-0.7343894784504342,-0.7358923115783181,-0.7366372103335497,-0.7370096469104005,1
-0.7222189757110553,-0.7233640388315562,-0.7242558284136563,-0.7246676338179633,-0.7252726376238788,-0.7260460191383751,-0.7270972874764846,-0.728092190926085,-0.7287468867067535,-0.7291217150876034,-0.7308736815543222,-0.7314169303283576,-0.7321137376940205,-0.7332350372532116,-0.7341623631596701,-0.7336100161658199,-0.7351110711238116,-0.73586213358435,-0.7362020450197934,-0.7363378799556126,0
-0.7225371614057546,-0.7234291932861987,-0.7238347392452797,-0.724454536589502,-0.7252149634207026,-0.7262491769125934,-0.727240281388457,-0.7279040001654067,-0.7282850909207392,-0.7300480202592982,-0.7305874425578641,-0.731288847608966,-0.732447831817276,-0.7334008656223716,-0.7328278974114902,-0.7343314447057216,-0.7350809000015798,-0.7354270675046448,-0.7355304315008745,-0.7366825693668708,1
-0.7226023017841972,-0.7230081952715857,-0.7236216881779464,-0.7243968749865066,-0.7254180769188451,-0.726392139790747,-0.7270521315042828,-0.7274423054992091,-0.7292111922524743,-0.7297618446777989,-0.730459388269975,-0.7316228672497327,-0.7326136228859591,-0.732066701015948,-0.7335491623262315,-0.7343012804462136,-0.7346459329894046,-0.734755607138857,-0.7358750421828665,-0.7365265785384182,1
-0.7221813947234924,-0.722795190323716,-0.7235640390656091,-0.7245999441100991,-0.7255610086397601,-0.7262040307405448,-0.7265905371217755,-0.7283682040417465,-0.728925079645922,-0.72963381875976,-0.7307933337658428,-0.7317886213571808,-0.7312797583788265,-0.7327878031666891,-0.7335190049081934,-0.7338664123716386,-0.7339746255197468,-0.7351001392366582,-0.7357190869837168,-0.7364963867651694,0
-0.7219684357939692,-0.722737553690763,-0.7237670642003621,-0.7247428446044789,-0.7253729405859245,-0.7257425365373821,-0.7275162345519124,-0.7280821540855155,-0.7287970819008855,-0.729967690271509,-0.7309590510795818,-0.7304550542199845,-0.7320006983290093,-0.7327576525541145,-0.7330842354648129,-0.7331952575975836,-0.7343190791652267,-0.7349442196011569,-0.7356889021064621,-0.73672534104564,1
-0.7219108116130394,-0.72294053487638,-0.7239099337396326,-0.7245548176381896,-0.7249115469605142,-0.7266680330643769,-0.7272302467279677,-0.7279541843682542,-0.7291308799418632,-0.7301333708713243,-0.7296257799645004,-0.7311758334447968,-0.7319705544983396,-0.7323229812228316,-0.7324132329134682,-0.7335396328936343,-0.7341631950336955,-0.734914041607189,-0.7359178040923108,-0.7359076471868159,0
-0.7221137489458791,-0.7230833734884808,-0.7237219475037502,-0.7240935248142265,-0.7258368417853859,-0.7263821073080695,-0.7271023048067293,-0.7282879093171905,-0.7292965240824988,-0.7288003951364465,-0.7303463991924257,-0.7311456963343516,-0.7315359809395187,-0.7316521300930479,-0.7327575301027349,-0.7333837842195091,-0.7341330239114638,-0.7351428913947795,-0.735100296999994,-0.7368108844031787,0
-0.7222565566986182,-0.7228954279462428,-0.723260754605052,-0.7250186174883699,-0.7255509783435556,-0.7262541931539321,-0.7274359572679981,-0.7284535171865875,-0.7279638416782946,-0.7295208547144313,-0.7303162687717458,-0.7307112196587678,-0.7308652807071186,-0.7319963495866072,-0.7326017167762054,-0.7333536199600011,-0.7343618215883883,-0.7343255707248131,-0.7360033279111994,-0.7367328889889523,0
-0.7220686517608036,-0.722434334882619,-0.7241856468855935,-0.7247328164996101,-0.7254230920669474,-0.7265877732029573,-0.7276015291660715,-0.7271211266009848,-0.7286841427140885,-0.7294907309690103,-0.7298818885402787,-0.730040668951364,-0.7312094227739306,-0.7318405714216387,-0.7325715593581676,-0.7335823655946041,-0.7335446870279436,-0.7352283957110223,-0.7359253503116245,-0.7367152771212238,0
-0.7216076583133649,-0.7233590269504298,-0.7238999078070522,-0.7246049581625335,-0.7257565994157494,-0.7267533091671352,-0.7262694279861183,-0.7278412699118472,-0.7286540255976093,-0.7290564469725247,-0.729211486680153,-0.7303847342956125,-0.731053679648804,-0.7318104208090643,-0.732800253111622,-0.7327654168995934,-0.7344473064347119,-0.7351504358932716,-0.7359077424665591,-0.736755532818889,0
-0.7225321506074129,-0.723073349726228,-0.7237720771666523,-0.7249383926494198,-0.7259220993031249,-0.7254214970917039,-0.7269894148762247,-0.7278111593901386,-0.7282198371683677,-0.7283861936369082,-0.7295554756495808,-0.730229025891646,-0.7310235358181344,-0.7320390629544211,-0.7319834897064273,-0.7336678309965438,-0.7343693643689463,-0.7351328320634568,-0.7359479889695656,-0.7371505418522287,0
-0.7222465351019347,-0.7229455467575063,-0.7241054394249504,-0.7251038563797545,-0.724590577481968,-0.7261413277238108,-0.7269593108947568,-0.7273770660355073,-0.7275497313267056,-0.7287301063971309,-0.7293998018094018,-0.730198888781201,-0.7312521265340459,-0.7312224838638606,-0.7328856991293964,-0.7335899066594812,-0.7343517645476444,-0.7351730693887475,-0.7363429077803156,-0.7372184733420387,0
-0.7221187597442208,-0.7232788368524083,-0.7242708673125269,-0.7237726254584261,-0.725310251234646,-0.7261112302757784,-0.7265253118285951,-0.7267071069274925,-0.7278935684065098,-0.7285744670457891,-0.7293696713887221,-0.7304274285354097,-0.730435731120076,-0.7321244896900492,-0.7328077924661316,-0.7335723108414347,-0.7343919927106202,-0.7355678981431621,-0.7364108237541388,-0.7367731446866176,0
-0.7224519778339454,-0.7234442289295777,-0.7229399247624795,-0.7244921419827598,-0.7252801603460322,-0.7256773253999788,-0.725855498240935,-0.7270508687169982,-0.7277379633047005,-0.7285443433003683,-0.7295981604122105,-0.7296112151275211,-0.7313375340542767,-0.7320466006075649,-0.7327902006389427,-0.7336125298541122,-0.7347867315598197,-0.7356357986295902,-0.7359655968146309,-0.737465039490238,0
-0.7226173341792224,-0.7221135744905329,-0.7236592854251228,-0.7244620576681535,-0.7248463500351845,-0.725007657181259,-0.7261991853626931,-0.7268952976881707,-0.7277078461882215,-0.7287727817031439,-0.7287821281854658,-0.7305128170150043,-0.7312596624917135,-0.7320290127502296,-0.73283041052966,-0.7340071789160098,-0.7348546165848412,-0.7351906732185622,-0.7366573335850528,-0.7376487061108354,1
-0.7212869672194948,-0.7228327794321635,-0.7236292076273816,-0.7240283421325796,-0.7241768277635293,-0.7253512697129616,-0.7260436481251091,-0.7268651871664623,-0.7279362343215219,-0.7279569302646594,-0.72968352993747,-0.730434962813021,-0.7312420785904894,-0.7320692135669957,-0.7332249700823235,-0.7340750484999029,-0.7344095925319221,-0.7358822522469954,-0.7368409582550194,-0.7374977472445909,1
-0.722006016781532,-0.7228027081454055,-0.7231955860432795,-0.7233589661325895,-0.7245203654085359,-0.7251957662314612,-0.7260135441436414,-0.7270935252894186,-0.7271205624168773,-0.72885813231517,-0.7296056930173805,-0.7304173828319279,-0.7312822703647156,-0.7324636840815127,-0.7332928242729089,-0.7336301256721587,-0.7351010140830676,-0.736065835043634,-0.7366900338687454,-0.7375505828477765,1
-0.7219759519914817,-0.7223691804279766,-0.7225263550435381,-0.7237024287243448,-0.7243648958173651,-0.7251656687834289,-0.7262418326697726,-0.726278031993146,-0.7280215661515463,-0.7287803126394992,-0.7295881169386506,-0.7304575656458547,-0.7316766521493104,-0.7325315229598055,-0.7328480023568489,-0.7343213899525523,-0.7352845550766445,-0.7359149450737941,-0.7367428574039413,-0.7377191535817496,1
-0.7215425179349226,-0.7217000942976094,-0.7228697432344167,-0.7235469930988788,-0.7243348049287515,-0.7253939077643408,-0.7254265165050179,-0.7271788384342596,-0.7279437636006418,-0.7287627404546702,-0.7296282908328903,-0.7308518595075117,-0.7317444757683171,-0.7320868014243309,-0.7335391098535522,-0.7345048891978931,-0.7351336994654853,-0.735967756563238,-0.7369113896352806,-0.7371505418522287,0
-0.7208735763563026,-0.7220434081547641,-0.7227143412794205,-0.7235169087842727,-0.7245629941674053,-0.7245787685467981,-0.7263271272839317,-0.7271010529198458,-0.7279261952826955,-0.7288029054485649,-0.7300224971701178,-0.7309196680060133,-0.7312998542659397,-0.7327777529624976,-0.7337225674799497,-0.7343540679003526,-0.735186498929391,-0.7361362503628928,-0.7363429077803156,-0.737329176510618,0
-0.7212168160427106,-0.7218880398398473,-0.7226842634816795,-0.7237450481700369,-0.723748032600784,-0.7254791838670992,-0.7262493586651396,-0.7270834884488491,-0.7279663514380011,-0.7291970244511559,-0.7300902906166473,-0.7304751456269478,-0.7319906503854527,-0.7329611691889928,-0.7335717803897599,-0.7344068553544918,-0.735354954361852,-0.7355678981431621,-0.7365215016374064,-0.7373165966050976,0
-0.7210614812941172,-0.7218579685530894,-0.7229123534478833,-0.72293026464945,-0.7246482516851442,-0.7254014321263489,-0.7262317980092833,-0.7271236358111272,-0.7283603837119372,-0.729264802878353,-0.7296458669116203,-0.731165787741315,-0.7321740253553598,-0.73281041612612,-0.7336245558713264,-0.7345752724700787,-0.7347867315598197,-0.7357464512741394,-0.7365089246052169,-0.7372713089452243,0
-0.7210314165040669,-0.722086009144338,-0.7220977464257263,-0.7238302870614215,-0.7245705168895589,-0.7253838752816633,-0.7262719366512406,-0.7275175818034805,-0.7284281472240154,-0.7288204776333939,-0.7303363557188658,-0.7313491218298561,-0.7320233062020115,-0.7328631796981254,-0.733792934788705,-0.7340071789160098,-0.7349652440330245,-0.7357338771099862,-0.7364636472893347,-0.737397108000428,0
-0.7212594078286152,-0.7212715784613069,-0.7229975738748168,-0.7237525692486886,-0.7245529638712007,-0.7254240052123732,-0.7266657970754452,-0.7275853304773248,-0.7279839197559475,-0.7295108134659576,-0.7305196491113345,-0.7311984362776306,-0.7320760579056834,-0.7330315206183334,-0.7332249700823235,-0.7341856507847659,-0.7349526727320946,-0.7356886101190341,-0.7365894176112295,-0.7373769801515954,0
-0.7204451530980852,-0.7221712111234859,-0.7229198728973186,-0.7237350200651681,-0.724593085056019,-0.7258177801574631,-0.7267335310337478,-0.7271412002821239,-0.7286741036752621,-0.7296940662506018,-0.7303689970079354,-0.7312511762209095,-0.7322443609602558,-0.7324636840815127,-0.7334034014723814,-0.7341730823433043,-0.7349074160487469,-0.7358143517605674,-0.7365692943597264,-0.7374851673390707,0
-0.7213445914004246,-0.7220935269660276,-0.7229023275153029,-0.7237751324846432,-0.7249867741820485,-0.7258854994155358,-0.7262894973070969,-0.7278312330712777,-0.7288573161338439,-0.729543447523497,-0.7304217252441252,-0.7314194417542281,-0.7316766521493104,-0.7326420752059122,-0.7333908358815322,-0.7341278359540421,-0.7350331290580461,-0.735794233097922,-0.736677456836556,-0.7374071719248443,0
-0.7212669240261279,-0.7220759853820853,-0.7229424312456245,-0.7241687356007422,-0.7250544786814294,-0.7254415620570588,-0.7269793802157355,-0.7280144054116713,-0.7287067305514479,-0.7295961640779837,-0.7305899534262541,-0.7308518595075117,-0.7318550031474392,-0.7326295124506728,-0.7333455997544752,-0.7342535203686591,-0.7350130149765581,-0.7359023709096407,-0.7365994792369812,-0.737568194715505,0
-0.7212493862319317,-0.7221160804310961,-0.723335949099405,-0.7242364253086064,-0.7246106380743771,-0.7261312952411333,-0.7271625127696649,-0.7278638528031286,-0.7287594355052864,-0.7297643549899174,-0.7300224971701178,-0.731030170744312,-0.7318424432179936,-0.732584286531811,-0.7334712556629668,-0.7342334108623203,-0.7351211281645555,-0.7358244110918901,-0.7367604652490067,-0.7377820531093514,0
-0.7212894726186656,-0.7225095130995143,-0.7234036241443227,-0.7237926816681637,-0.7253002209384414,-0.7263143880499967,-0.7270119928623257,-0.7279165462161185,-0.7289275894056286,-0.7291970244511559,-0.7302007688258066,-0.73101761361496,-0.731797227471989,-0.7327099140842048,-0.733451150717608,-0.734341499458891,-0.73504318609879,-0.7359853603930527,-0.736974274796228,-0.7376713499407722,0
-0.7216828202884908,-0.72257717349472,-0.7229599766276403,-0.7244821138778911,-0.7254832738441748,-0.7261639008098351,-0.7270646748298943,-0.7280846632956579,-0.7283603837119372,-0.7293752566115632,-0.7301882144838567,-0.7309724079492922,-0.7319228267664459,-0.7326898136758219,-0.7335592147989108,-0.7342635751218285,-0.735204098750693,-0.7361991211836594,-0.7368635969129606,-0.7378323727314329,0
-0.7217504660661042,-0.7221336220150384,-0.7236492594925423,-0.724665126791746,-0.7253328194011062,-0.7262165713438916,-0.7272327553930901,-0.7275175818034805,-0.7285385766511058,-0.7293627050509712,-0.7301430188528371,-0.7310979792428135,-0.7319027308793329,-0.7327978533708807,-0.733481308135646,-0.7344244511725383,-0.7354178108665016,-0.7360884685391101,-0.7370245829249858,-0.7378776603913062,0
-0.7213070104128617,-0.7228227556699108,-0.7238322327621346,-0.7245147052187145,-0.7253854784561802,-0.726384615428739,-0.7266657970754452,-0.7276957357235893,-0.7285260278525728,-0.7293175194328397,-0.7302685622723362,-0.7310778878358501,-0.7320107462725658,-0.7327199642883964,-0.7336421476985152,-0.7346381146773873,-0.7353071834183184,-0.7362494178402726,-0.7370698602408681,-0.7378097289014962,0
-0.7219959951848486,-0.7230056893310224,-0.7236818437734286,-0.7245673527692755,-0.7255534859176068,-0.7258177801574631,-0.72684391229913,-0.7276831896728775,-0.728480852177854,-0.7294430350387604,-0.7302484753252163,-0.7311858791482785,-0.7319328747100026,-0.7328807675554607,-0.7338557627429508,-0.7345275123925243,-0.7354680960702212,-0.7362946848312246,-0.7370019442670449,-0.73813932242613,0
-0.7221788893243214,-0.722855332897232,-0.7237344799194757,-0.7247353235258274,-0.7249867741820485,-0.7259958567249878,-0.7268313689735185,-0.7276380238903146,-0.7286063401631839,-0.7294229525418131,-0.7303564426659857,-0.7311080249462952,-0.7320936418069074,-0.7330943343945304,-0.7337451855434783,-0.734688388443234,-0.735513352753569,-0.7362267843447967,-0.7373314625104095,-0.7384412401586189,0
-0.7220285653740698,-0.7229079576490587,-0.7239024142901974,-0.7241687356007422,-0.7251648119396796,-0.725983316121641,-0.7267862130013166,-0.7277634843974335,-0.7285862620855311,-0.7295308959629049,-0.7302786057458961,-0.7312687562020026,-0.7323071606074842,-0.7329837821484237,-0.7339060251063473,-0.7347336348324962,-0.7354454677285475,-0.7365562274456139,-0.7376333112829573,-0.7386727104201938,0
-0.7220811787566578,-0.7230758556667913,-0.723335949099405,-0.7243467344621628,-0.725152274069424,-0.7259381699495925,-0.7269116462574328,-0.7277434107162944,-0.7286941817529149,-0.7294530762872341,-0.7304393013228551,-0.7314822274009888,-0.7321966332283621,-0.7331445854154879,-0.7339512612334043,-0.7346657652486029,-0.7357748358129114,-0.7368580073852938,-0.7378647286752439,-0.7395935595042852,1
-0.7222490405011056,-0.7225095130995143,-0.723513909402707,-0.7243341993310769,-0.7251071377365034,-0.7260635759830606,-0.7268915769364541,-0.7278513067524167,-0.7286163792020103,-0.7296137362628126,-0.7306527251360038,-0.7313717246626901,-0.7323574003252669,-0.7331898113343498,-0.7338834070428188,-0.7349950584148995,-0.7360765470352294,-0.7370893720057151,-0.7387853674315147,-0.7388161213431261,0
-0.7216828202884908,-0.7226874348794995,-0.7235013769869816,-0.7242890728591674,-0.7252325164390605,-0.7260435110177056,-0.726999449536714,-0.727773521238003,-0.7287770038232327,-0.7298271127928778,-0.7305422469268444,-0.7315324559183972,-0.7324026160712714,-0.733121972456057,-0.7342126255230667,-0.7352967010099805,-0.7363078589723399,-0.7380098008217391,-0.7380081068422041,-0.7388287012486464,0
-0.7218607036296221,-0.7226749051766836,-0.7234562602903698,-0.7244144241700269,-0.7252124558466513,-0.7261513602064883,-0.7269216809179221,-0.7279341106871152,-0.7289903333982937,-0.7297166590596676,-0.7307029425038033,-0.731577661584065,-0.7323347924522647,-0.7334511166433292,-0.7345141997034462,-0.7355279603328758,-0.7372280782004101,-0.7372327174770632,-0.7380206838743936,-0.7389318564739135,0
-0.7218481766337678,-0.7226297982465465,-0.7235815844476247,-0.7243943679602893,-0.7253202815308505,-0.726073608465738,-0.7270822354857507,-0.7281473935492173,-0.7288799039712033,-0.729877319035246,-0.7307481381348231,-0.7315098530855635,-0.7326638626037418,-0.7337526227690746,-0.7347454065750706,-0.7364479702478726,-0.7364511718029411,-0.7372452916412164,-0.7381238155383474,-0.7388614090029995,0
-0.7218030794486923,-0.7227550952747052,-0.7235615325824639,-0.7245021700876286,-0.7252425467352651,-0.7262341281885772,-0.7272954720211481,-0.7280369883029527,-0.7290405285924255,-0.7299225046533775,-0.7306803446882935,-0.7318388498745892,-0.7329653009104384,-0.7339837774654795,-0.7356652078252285,-0.7356712405655393,-0.7364637431038709,-0.7373483997872737,-0.7380533841580863,-0.7387733496643568,0
-0.7219283494072353,-0.7227350477501998,-0.7236693113577032,-0.7244244522748957,-0.7254030314745382,-0.7264473184454731,-0.727185090755766,-0.7281975777520648,-0.7290857042671444,-0.7298547262261803,-0.7310092684473813,-0.7321402209790405,-0.7331964036122391,-0.7349033711490033,-0.734888654310751,-0.7356838090070009,-0.7365668277714963,-0.7372779844680152,-0.7379653449327599,-0.7392614499985473,0
-0.7219083062138684,-0.7228428031944162,-0.7235916103802051,-0.7245849019527959,-0.7256161752688854,-0.7263369611360211,-0.7273456453235945,-0.7282427435346276,-0.7290179407550662,-0.7301835771136925,-0.7313105726541794,-0.7323712721591197,-0.734115790447664,-0.7341269928752087,-0.7349012199016001,-0.735786870226987,-0.7364964284862888,-0.7371899653189419,-0.7384533337817121,-0.739352025318294,0
-0.7220160383782155,-0.7227651190369578,-0.7237520253014914,-0.7247979991812572,-0.7255058420106352,-0.7264974808588602,-0.7273908012957964,-0.7281749948607834,-0.7293467192766306,-0.7304848145679023,-0.7315415725460579,-0.7332904540276958,-0.7333395868079201,-0.734139555630448,-0.7350042577465632,-0.7357164869548015,-0.7364084293797794,-0.737677842888091,-0.7385438884134764,-0.7393369294316695,0
-0.7219383710039188,-0.722925499233001,-0.7239650763688248,-0.7246876900277008,-0.7256663267499082,-0.7265426270309088,-0.7273230673374936,-0.7285037013894349,-0.7296478904414225,-0.7307157632827963,-0.732460550376792,-0.7325144234337341,-0.7333521467373658,-0.734242570223411,-0.734933890437808,-0.7356285078645696,-0.7368961958558602,-0.7377683768699951,-0.7385287959748491,-0.7394929202601223,1
-0.7220987165508539,-0.7231385041808707,-0.7238547911104405,-0.7248481397056009,-0.7257114630828287,-0.726474907772836,-0.7276517024685178,-0.7288048066065203,-0.7298787883344297,-0.7316345375181359,-0.731684692044287,-0.7325269805630861,-0.7334551381588205,-0.7341722187940705,-0.7348459313018639,-0.7361161633932836,-0.7369867092225557,-0.7377532878730111,-0.7386847511739988,-0.7396765868807196,1
-0.7223116754803772,-0.7230282427960911,-0.7240152060317268,-0.7248932661775104,-0.7256437585834479,-0.7268034715805224,-0.7279527422831965,-0.729035653939619,-0.730797360387045,-0.730858851073546,-0.7316972463862369,-0.7326299490237737,-0.7333848025539247,-0.7340842795073947,-0.7353334762268109,-0.7362066561718079,-0.7369716236614398,-0.7379092075085124,-0.7388683758439653,-0.7399986324620411,1
-0.7222014379168593,-0.723188622992134,-0.7240603227283385,-0.7248255764696462,-0.7259722507841476,-0.7271044460608459,-0.7281835394744501,-0.7299540248517292,-0.7300218446377059,-0.730871402634138,-0.7318001919902263,-0.7325596290994018,-0.7332968830478048,-0.7345717144106831,-0.7354239484809248,-0.7361915740420539,-0.7371275077929708,-0.738092790305151,-0.7391903478680162,-0.7385318154783655,1
-0.7223617834637943,-0.7232337299222712,-0.7239926476834209,-0.7251539969040982,-0.7262731596702848,-0.7273351931624272,-0.7291017109092203,-0.7291786789177346,-0.7300343934362388,-0.7309743254309929,-0.7317298876753068,-0.7324717291939368,-0.7337842083102977,-0.7346621662484069,-0.7354088697719059,-0.736347422716179,-0.7373110487865476,-0.7384146889074762,-0.7377238659147216,-0.7376562540541477,0
-0.7224068806488699,-0.7231660695270655,-0.7243209969754288,-0.7254548400501611,-0.7265038564829899,-0.7282531653274139,-0.7283265333864226,-0.7291912249684463,-0.7301372935842094,-0.7309040366916775,-0.7316420072816573,-0.7329589458127995,-0.7338746398023067,-0.7346470909421196,-0.7355646830984354,-0.7365309219615199,-0.7376328740903535,-0.7369485413671978,-0.7368485044743331,-0.7377568932983106,1
-0.7223392348712566,-0.7234943477408411,-0.7246217749528406,-0.7256854864621426,-0.7274216285857082,-0.727478156040581,-0.7283390767120341,-0.729294102584284,-0.7300670203124247,-0.730816175767533,-0.732129115749314,-0.7330493571441349,-0.7338595678869718,-0.7348028691070881,-0.735748140724833,-0.7368526740629394,-0.7361670604019248,-0.736073379542126,-0.736949120731849,-0.7381846100860033,1
-0.7226674421626395,-0.7237950606084219,-0.7248523714021897,-0.7266030580576346,-0.726646788203905,-0.7274906966439277,-0.7284419319820494,-0.7292238447002974,-0.7299791787226937,-0.7313031763185052,-0.7322195070113536,-0.7330342885889124,-0.7340153110120985,-0.7349862853335832,-0.7360698198505711,-0.7353871937885047,-0.7352920978572025,-0.7361739728553527,-0.7373767398262917,-0.7383657607254968,1
-0.7229680900631429,-0.7240256071402338,-0.7257697442332959,-0.7258283869565225,-0.7266593260741607,-0.7275935295913716,-0.7283716893586244,-0.7291360223453142,-0.7304660721057739,-0.7313935475547682,-0.7322044418010136,-0.7331899969928788,-0.7341986859820055,-0.7353078918677116,-0.7346046719575601,-0.7345124302627702,-0.7353926682646418,-0.736601494436566,-0.7375578490898204,-0.7371656377388531,0
-0.7231985867868621,-0.7249427813863552,-0.7249952409414604,-0.7258409220876084,-0.7267621366102577,-0.7275233022126295,-0.7282838860793431,-0.7296228091129353,-0.7305564234552115,-0.7313784856820577,-0.7323601156411927,-0.7333733310814199,-0.7345202201758152,-0.7338430746067982,-0.7337301068344593,-0.7346129777944639,-0.7358200924962591,-0.736782562400374,-0.736358000218943,-0.737228537266455,0
-0.7241155628833976,-0.7241684457523346,-0.7250077733571858,-0.7259437101625134,-0.7266919245368257,-0.7274355179892018,-0.7287705671130736,-0.729713140678061,-0.730541364896972,-0.7315341250333994,-0.7325434090336614,-0.7336947935928344,-0.7330557324024474,-0.7329687068421364,-0.7338306315612525,-0.7350403048041617,-0.73600111922965,-0.7355829871401461,-0.7364208853798905,-0.7372562130585998,0
-0.7233413945396013,-0.7241809754551505,-0.7251105391661349,-0.7258735134284321,-0.7266041594450356,-0.727922093399058,-0.7288608790574773,-0.7296980854172067,-0.7306969699987811,-0.7317173778180436,-0.7328648001875793,-0.7322306323103758,-0.7321815613130273,-0.7330692088840516,-0.7342578616501236,-0.7352212903612103,-0.7348018171209356,-0.7356458579609129,-0.7364485548507073,-0.737938043937804,1
-0.7233539215354555,-0.7242837190182406,-0.7250403576380723,-0.7257857675108303,-0.7270906288109573,-0.7280123857431552,-0.7288458270667434,-0.7298536564460342,-0.7308801824573627,-0.7320386977692005,-0.7314009639162188,-0.7313566561074675,-0.7322820407485928,-0.733496342562191,-0.7344388061583514,-0.7340222610457637,-0.7348646736255852,-0.7356735211220501,-0.7371302299953777,-0.7379103681456591,1
-0.723456642901461,-0.7242135526824718,-0.7249526307279938,-0.7262721305969653,-0.7271809014767986,-0.7279973370191389,-0.7290013643043274,-0.7300368287864277,-0.7312014316998074,-0.7305751858041651,-0.7305271817165045,-0.7314571131422846,-0.7327090783497464,-0.7336772462376383,-0.7332400487913424,-0.7340851032530723,-0.7348923304876309,-0.7363550408191607,-0.7371025605245607,-0.7378675964668899,1
-0.7233864917246768,-0.7241258447627608,-0.7254388884581429,-0.7263623835407843,-0.7271658560324917,-0.7281528405006394,-0.7291844968582569,-0.730358007684652,-0.7297382417908601,-0.7297015971869572,-0.7306276164521038,-0.731884055540257,-0.7328899413337644,-0.7324787593878,-0.7333028767455881,-0.734112753824288,-0.7355736949980327,-0.7363273776580233,-0.7370597986151165,-0.7375405189233604,0
-0.7232988027536967,-0.7246119972320162,-0.7255291218513665,-0.7263473413834811,-0.7273213256236626,-0.7283359333095029,-0.729505605993914,-0.7288951381716458,-0.7288648454129637,-0.7298020096716936,-0.7310544640784011,-0.7320648782029278,-0.7316917240646452,-0.732541573163997,-0.7333305210454563,-0.7347939633515124,-0.7355460381359867,-0.736284625499902,-0.7367327957781898,-0.7375505828477765,1
-0.7237848501928438,-0.7247022110922905,-0.7255140829524959,-0.7265027770089469,-0.727504378529396,-0.7286569727551812,-0.7280430542276001,-0.7280219330420985,-0.7289652358012276,-0.730228762731824,-0.73123524660248,-0.7308669280627343,-0.7317545237118738,-0.7325692112255237,-0.7340115760694803,-0.7347663127802966,-0.735503295712825,-0.7359576972319155,-0.7367428574039413,-0.7377191535817496,1
-0.7238750445629949,-0.7246871754489115,-0.7256694849074921,-0.7266857899228019,-0.7278253480079422,-0.7271947384049429,-0.727170038765032,-0.7281223014477936,-0.7293918949513495,-0.7304095052043499,-0.7300375623804577,-0.730929713709495,-0.7317821555566542,-0.7332501125594989,-0.7339839317696121,-0.7347235800793268,-0.7351764418886473,-0.735967756563238,-0.7369113896352806,-0.7375178750934236,1
-0.7238600121679697,-0.7248425437638283,-0.7258524581770842,-0.7270066892786022,-0.7263634323361259,-0.7263219124120049,-0.7272703853699248,-0.7285488671719977,-0.7295725976502246,-0.7292120863238664,-0.7301003340902074,-0.7309573393940697,-0.7324629037326108,-0.7332224744979722,-0.733941208760725,-0.7343968006013226,-0.735186498929391,-0.7361362503628928,-0.7367101571202487,-0.7382173178403563,1
-0.7240153469165631,-0.7250254774249398,-0.7261732880196567,-0.72554509299398,-0.7254907965663283,-0.7264222372387794,-0.7276968584407196,-0.728729530302249,-0.7283754422701768,-0.7292748441268267,-0.730127953642497,-0.7316379358049553,-0.7324352718878302,-0.7331797611301583,-0.7336145033986471,-0.7344068553544918,-0.735354954361852,-0.7359350637364394,-0.7374094401099843,-0.736722825064536,1
-0.724198241056036,-0.7253462378170259,-0.7247120083460642,-0.7246726478703976,-0.725591099528374,-0.726848617752571,-0.7278774823295269,-0.7275326370643348,-0.7284381862628418,-0.7293024575601292,-0.7308083989761828,-0.7316103101203805,-0.7323925681277149,-0.732853129493934,-0.7336245558713264,-0.7345752724700787,-0.7351538135469733,-0.7366341872633646,-0.735915288685873,-0.736214596881513,1
-0.7245189321499063,-0.7238852744686961,-0.7238397522115699,-0.7247729289190852,-0.7260173871170682,-0.7270292024407651,-0.7266808490661791,-0.7275953673178942,-0.7284657936196144,-0.7299827521442195,-0.7307807794238929,-0.7315676158805833,-0.7320660099621269,-0.7328631796981254,-0.733792934788705,-0.7343741774066914,-0.7358527778786769,-0.735140376561949,-0.7354071765854175,-0.7360560900719563,1
-0.7230582844332939,-0.723013207152712,-0.7239400115373739,-0.7251991233760077,-0.7261979324487505,-0.7258328288814793,-0.7267435656942371,-0.7276229686294603,-0.7291459385001028,-0.7299551387109169,-0.7307380946612632,-0.7312411305174279,-0.7320760579056834,-0.7330315206183334,-0.7335918853351185,-0.7350729827519622,-0.7343593073282024,-0.7346323803301544,-0.7352487059798299,-0.7362221448248252,1
-0.7221864055218341,-0.7231134447752389,-0.7243661136720406,-0.7253796292636454,-0.7250018196263553,-0.7258955318982133,-0.7267711610105827,-0.7283029645780448,-0.7291183311433301,-0.7299124634049038,-0.7304116817705654,-0.7312511762209095,-0.7322443609602558,-0.732830516534503,-0.7342905321863313,-0.7335798519063118,-0.7338514267706336,-0.7344739458618224,-0.7354147228047312,-0.7352358802320279,1
-0.7222866214886685,-0.7235394546709782,-0.7245465804584877,-0.7241837777580454,-0.725064508977634,-0.7259231212255762,-0.7274510092587321,-0.7282753632664785,-0.7290756652283179,-0.7295861228295101,-0.7304217252441252,-0.7314194417542281,-0.7320434020891246,-0.7335290057258134,-0.7327977399934522,-0.733072086871259,-0.7336930283789166,-0.7346399248286464,-0.7344286834810752,-0.7269809462295592,0
-0.7227125393477151,-0.7237198823915267,-0.7233509879982757,-0.7242464534134752,-0.7250920922921965,-0.7266028219269736,-0.7274234139423864,-0.7282327066940582,-0.7287493964664602,-0.7295961640779837,-0.7305899534262541,-0.7312185276845939,-0.7327417341663052,-0.7320365504033733,-0.7322900901231466,-0.7329137245088414,-0.7338589695511916,-0.7336541103590252,-0.7261756349583316,-0.7271419690202199,0
-0.7228929280880171,-0.7225245487428933,-0.7234136500769032,-0.7242740307018642,-0.7257716448600563,-0.7265752325996104,-0.727380766635307,-0.7279065093755491,-0.7287594355052864,-0.7297643549899174,-0.7303890839550554,-0.7319167040765725,-0.7312496145481568,-0.7315290150917019,-0.7321317636784472,-0.733079627936136,-0.7328733795582858,-0.7254029438416096,-0.726336620970357,-0.7306693745281325,1
-0.721697852683516,-0.7225871972569726,-0.7234412213914991,-0.724953434806723,-0.7257440615454936,-0.7265325945482313,-0.7270546401694052,-0.7279165462161185,-0.7289275894056286,-0.7295635300204443,-0.7310871053674709,-0.7304249171095393,-0.730742193398551,-0.7313707243756854,-0.7322976294776561,-0.7320942621255384,-0.7246240918880724,-0.7255638931427721,-0.7298632207962901,-0.7295900186344845,1
-0.7217604876627877,-0.7226147626031675,-0.724120478323821,-0.7249258575183338,-0.7257014327866242,-0.7262065388612143,-0.7270646748298943,-0.7280846632956579,-0.7287268086291007,-0.7302613967893634,-0.7295956495438206,-0.7299176090837132,-0.7305839382875351,-0.7315365527448454,-0.7313124871550826,-0.7238468508383683,-0.7247850045399753,-0.7290896887713662,-0.7287841114344318,-0.7294591876170726,1
-0.7217880470536671,-0.7232938724957874,-0.7240929070092248,-0.7248832380726415,-0.7253754481599757,-0.7262165713438916,-0.7272327553930901,-0.7278839264842676,-0.7294245218275353,-0.7287702713910255,-0.7290884541290439,-0.7297593892538763,-0.7307497293562183,-0.7305516327340769,-0.7230669464398698,-0.724007726889078,-0.7283099973207249,-0.7280108254870102,-0.7286533102996611,-0.7296680140487108,1
-0.7224670102289706,-0.7232663071495924,-0.7240502967957582,-0.7245573246644069,-0.7253854784561802,-0.726384615428739,-0.7270320621833042,-0.7285814869038486,-0.7279337245618154,-0.7282631883431059,-0.7289302694204749,-0.7299251433613244,-0.729765030887676,-0.722307952745986,-0.7232277860027388,-0.7275319178749399,-0.7272313797009378,-0.7278800541798156,-0.7288620890340066,-0.728191133140619,1
-0.722439450838091,-0.7232237061600185,-0.7237244539868954,-0.7245673527692755,-0.7255534859176068,-0.72618396577519,-0.7277294710873098,-0.7270910160792763,-0.7274267531010824,-0.7281050386796457,-0.7290959867342138,-0.7289406644201173,-0.7215232051854124,-0.7224687560130502,-0.7267511776768407,-0.7264535455975256,-0.7271006381712666,-0.728088785304761,-0.7273855454549605,-0.7202028931351823,1
-0.7223968590521864,-0.7228979338868061,-0.7237344799194757,-0.7247353235258274,-0.7253528799935154,-0.7268812233212727,-0.7262393240046504,-0.726584155630516,-0.7272686382395666,-0.7282707192794611,-0.7281117263253402,-0.7207006761392483,-0.7216839722823172,-0.7259913525821765,-0.7256730499819836,-0.7263228338063239,-0.7273093217667033,-0.7266125784331599,-0.7193991300146341,-0.7010487289898624,1
-0.7220711571599745,-0.7229079576490587,-0.7239024142901974,-0.7245347614284521,-0.7260499855797331,-0.7253913996436715,-0.7257325736499413,-0.7264260753915461,-0.7274342823802021,-0.7272866769290428,-0.7198735671378036,-0.7208614073949554,-0.7252057764988894,-0.7249134681826365,-0.7255423678371524,-0.7265314699345882,-0.7258334510375306,-0.7186279841957949,-0.7002493408029161,-0.6985251999424755,1
-0.7220811787566578,-0.7230758556667913,-0.7237018956385894,-0.7252317147168311,-0.7245604865933543,-0.7248847592684603,-0.7255745277472349,-0.7265916832609431,-0.7264504565752152,-0.7190503428685264,-0.7200342627147625,-0.7243824264652933,-0.724128134552449,-0.7247828155281467,-0.7257509566452484,-0.7250559349069842,-0.7178506749470316,-0.6994825618559335,-0.6977263881457043,-0.5997301699287785,0
-0.7222490405011056,-0.7228753804217375,-0.7243986979529269,-0.7237425411438198,-0.7240539566350235,-0.7247267476662904,-0.7257400996453082,-0.7256080728851311,-0.7182159349778635,-0.7192110028441048,-0.7235545001975197,-0.7233050247668803,-0.7239975112862138,-0.7249913572651207,-0.724275756279558,-0.7170749745788022,-0.6987096121511356,-0.6969601845267752,-0.5989539235487605,-0.6705198142730212,1
-0.7220486085674367,-0.7235720318982996,-0.7229098469647383,-0.7232361218479473,-0.7238959794698013,-0.7248922836304683,-0.7247567029173578,-0.7173753544079898,-0.7183765595990858,-0.7227304604341213,-0.7224773376582166,-0.7231744306216181,-0.7242060061150123,-0.7235164898000157,-0.7162966060903472,-0.697938265609212,-0.6961878091845937,-0.5982102437650073,-0.6697273990854608,-0.6593689860197626,0
-0.7227451095369362,-0.7220835032037749,-0.7224035373694284,-0.7230781791962642,-0.7240614793571768,-0.7239091003280783,-0.716525772651018,-0.717535943857102,-0.7218952427077377,-0.7216535365353216,-0.7223467725019375,-0.7233828789688636,-0.7227314703980879,-0.7155391402230001,-0.6971642374634299,-0.6954170362519941,-0.5974603544615609,-0.6689675802886302,-0.6585791177526965,-0.6641770259096491,0
-0.7212569024294444,-0.721577303210014,-0.7222456289312871,-0.7232436429265988,-0.7230785103291287,-0.7156799564119005,-0.7166863272188466,-0.7210538564767155,-0.7208185557936067,-0.7215230003051641,-0.7225551745783061,-0.7219086719829233,-0.7147559152000731,-0.6964110890954976,-0.6946435799390902,-0.5967120380766491,-0.668201579054406,-0.6578218411831179,-0.6633860594555198,-0.67142053550828,1
-0.7207508117969303,-0.721419428954534,-0.7224110568188636,-0.72226088864946,-0.7148511598673291,-0.7158404761347396,-0.7202034757203426,-0.7199774053256355,-0.7206880482888636,-0.7217313562109925,-0.7210812948333857,-0.7139348948443195,-0.6956321666260613,-0.693891000394475,-0.5959609687643679,-0.667437171869949,-0.657058377910125,-0.6626276867225209,-0.6706279145902283,-0.6622246245728872,0
-0.720592971649166,-0.7215848210317034,-0.7214285154259849,-0.714035335630857,-0.7150116446066022,-0.7193568613131857,-0.7191272583828663,-0.7198469263982318,-0.7208963583445113,-0.7202578029974834,-0.7131092876951874,-0.6948154096927632,-0.6931126447792553,-0.5952306583974123,-0.6666700615907103,-0.6562965053582946,-0.6618631291255404,-0.6698678904420088,-0.6614341040597108,-0.6634096516729064,0
-0.720758327994443,-0.7206024923309396,-0.713204744226916,-0.714195785308757,-0.7185272634263045,-0.7182808775460291,-0.7189968077965055,-0.7200551908400491,-0.7194231293967376,-0.7122875620215189,-0.6939940466422414,-0.6922964495447255,-0.5944744948704516,-0.6659237946805344,-0.6555319218620229,-0.6611001636849579,-0.6691016842009883,-0.6606761764459239,-0.6626188604919608,-0.6680113811122589,0
-0.7197762115194651,-0.7123805013431695,-0.7133651591482022,-0.7177106360652586,-0.7174515141583642,-0.7181504552712223,-0.7192050270016583,-0.7185822844864734,-0.7114546423282853,-0.693176555864033,-0.6914756456470876,-0.5936802898906918,-0.6651517298472539,-0.6547881684363349,-0.6603344906845684,-0.6683370722786071,-0.6599120632212169,-0.6618606627091678,-0.6672195388668765,-0.6690731251381783,1
-0.711555996839868,-0.7125408815392125,-0.7168792485176306,-0.7166351218180838,-0.7173211203077047,-0.7183586292867794,-0.7177324405748551,-0.7106155422844243,-0.692347841681946,-0.6906587128092636,-0.5928813765775969,-0.6643417681810092,-0.6540186083865919,-0.6595896534888316,-0.6675697578955095,-0.6591495415701014,-0.6610962797688152,-0.6664602919564562,-0.6682810403836694,-0.6706984489314106,1
-0.711716342386803,-0.7160542102087809,-0.7158039672483832,-0.7165047564547898,-0.7175292489539495,-0.7168863624538637,-0.7097674288114815,-0.6915129254705028,-0.689830552696227,-0.5920862868555,-0.6635271695981788,-0.6532111287232794,-0.6588190134207357,-0.6668232879556751,-0.6583843109847801,-0.660333488755794,-0.6656948616489801,-0.6675215514109972,-0.6699059929425516,-0.6672163310833714,0
-0.7152289120243511,-0.7149791617071797,-0.7156736301248382,-0.7167128396308167,-0.7160573029859287,-0.7089230793286383,-0.6906689612352411,-0.6889961876976979,-0.5912798182971981,-0.6627164286191971,-0.652399000893771,-0.6580104635616641,-0.6660510207955657,-0.6576399138756776,-0.6595679896427702,-0.6649310246424853,-0.6667558794474652,-0.6691461334196077,-0.6664246704325008,-0.6670980799714799,0
-0.7141540957800514,-0.7148488527978948,-0.7158816682258814,-0.7152412152413257,-0.7080957553735501,-0.6898287566727828,-0.6881527701175516,-0.5904670330369526,-0.6618944174020718,-0.6515907253103861,-0.6571972703870299,-0.6652408586426218,-0.6568697123707642,-0.6588233254192285,-0.6641644827753896,-0.6659918011018531,-0.6683800915276109,-0.6656656047819657,-0.6663064463299194,-0.6686177325583409,0
-0.7140238150231667,-0.715056845864638,-0.7144103626197084,-0.7072814070017448,-0.6890055941221995,-0.6873131116414123,-0.5896450167593181,-0.6610661696028917,-0.6507711623824244,-0.6563879317686754,-0.6644260604817931,-0.6560615970862134,-0.6580528577245484,-0.6634187812857991,-0.6652250186430579,-0.6676156437387053,-0.6649003554302091,-0.6655474076389244,-0.6678257518184099,-0.6681749198840237,0
-0.7142317631543482,-0.7135858587540556,-0.7064522786340199,-0.688195416410271,-0.6864904973489031,-0.5888267373175611,-0.660228818640981,-0.6499453502518737,-0.6555673131817353,-0.6636151203575894,-0.6552488365164025,-0.6572444786711842,-0.6626472799157829,-0.6644790778280041,-0.6668484929807683,-0.6641366991421057,-0.6647821852014678,-0.6670663666686467,-0.6673830402853398,-0.6694152985683325,0
-0.7127610938410524,-0.7056294974659818,-0.6873704224503834,-0.6856808691144286,-0.5880255870826762,-0.65939522047074,-0.6491104148188482,-0.6547404508339575,-0.6627929113770343,-0.654439929564786,-0.6564314555280849,-0.6618378765881942,-0.6637073379609993,-0.666102185804934,-0.6633703374337233,-0.6640185557923656,-0.6663007983538022,-0.6666237560904494,-0.6686231356592236,-0.6689297142152462,0
-0.7048064514735666,-0.6865517719585469,-0.6848564198558492,-0.5872374706439962,-0.6585786905856319,-0.6482792296641261,-0.6539044738676063,-0.661964466833863,-0.6536197396494144,-0.655622286572559,-0.6610238338133652,-0.662897698305514,-0.6653300808453829,-0.6626248151546694,-0.6632522208797412,-0.6655368235209395,-0.665858288561069,-0.6678635686759679,-0.6681376622167093,-0.6701147413152653,0
-0.6857328475857966,-0.6840383135736844,-0.5864343461972572,-0.6577751602908775,-0.6474651223909667,-0.6530722482632776,-0.6611269207547725,-0.6527933037634724,-0.6548018364712226,-0.6602136474371384,-0.6620834202739383,-0.6645200794178096,-0.6618534923748152,-0.6625067252554191,-0.6647701442543187,-0.6650944143814874,-0.6670978188327591,-0.6673782059396494,-0.6693224186489592,-0.6776903604196338,1
-0.6832199322174223,-0.5856375454795756,-0.6569567559677552,-0.6466640200962877,-0.6522570964027007,-0.6602931276703717,-0.6519577497326842,-0.6539751417405323,-0.6593921869745926,-0.661272999151109,-0.6637054412538678,-0.6610442660131394,-0.6617354290380256,-0.664024306088338,-0.6643278354564286,-0.6663336627096115,-0.6666125666168642,-0.6685626922028931,-0.6768963074334703,-0.6781658808483039,1
-0.5848404229751966,-0.6561446891650072,-0.6458480226686776,-0.6514549471973393,-0.659476402095941,-0.6511259466238524,-0.653139331005298,-0.6585644870909412,-0.6604513055707774,-0.6628946607796046,-0.6602303994021304,-0.6609262289972293,-0.6632526685150653,-0.6635820971039113,-0.6655668027141549,-0.6658485208691897,-0.6677967831644627,-0.6761348538560289,-0.6773717192502331,-0.6711337136624155,0
-0.6553323340465609,-0.6450383605890251,-0.6506379119589613,-0.6586726756766318,-0.6503112189390138,-0.652307271459122,-0.6577276795140257,-0.6596233737710245,-0.6620726103412404,-0.6594203888077196,-0.6601123885878011,-0.6624431302229669,-0.6628105589985769,-0.6648207847705156,-0.6650817709073776,-0.6670324680548821,-0.6753672205844604,-0.6766101572610248,-0.6703411582563079,-0.6736723385964266,1
-0.644228404921302,-0.6498272130052485,-0.6578540769337006,-0.6495094948527993,-0.6514922863171021,-0.6568946241633858,-0.6587863361956456,-0.6612443235230007,-0.6585991029073073,-0.6593024041381541,-0.6616289530953512,-0.6620011192697718,-0.6640489680419223,-0.664335862418275,-0.6662654495653677,-0.6746011835031203,-0.6758424157596113,-0.6695811994993128,-0.6728792033521471,-0.6749102012996315,1
-0.6490162227368186,-0.6570418158866231,-0.6486928810383646,-0.6506903042010962,-0.6560786392566424,-0.6579530510858567,-0.6604069338646661,-0.6577715766859499,-0.658481144201097,-0.6608186326576762,-0.6611870402587141,-0.663239252223892,-0.6635641547653185,-0.665519273961826,-0.6738324483747263,-0.6750762705903726,-0.6688150585397862,-0.672118665825455,-0.6741167833195929,-0.6746435073025995,1
-0.6562292669497294,-0.6478826031282263,-0.6498734345997061,-0.6552756551523382,-0.6571368355062247,-0.6595732970382648,-0.6569349413353719,-0.6576536438092581,-0.6599970390638829,-0.6603768177248353,-0.6624248983749761,-0.6627545470308998,-0.6647473001191028,-0.6730845651669894,-0.6743074277088242,-0.6680505118132801,-0.6713519470674439,-0.6733559635781429,-0.6738501502371759,-0.6722231334804798,1
-0.6470720329802299,-0.6490629011334808,-0.6544577922720919,-0.6563336202159927,-0.6587567283432632,-0.6561020580318674,-0.6568170340746227,-0.6591692067352543,-0.6595553213555214,-0.6616144015992134,-0.6619403007757092,-0.6639374286158706,-0.6723108896312989,-0.6735594373150385,-0.6672832624241489,-0.670586823300252,-0.672588963078948,-0.6730893912980921,-0.6714303292439179,-0.671088426002542,1
-0.6482520759897058,-0.653646266423524,-0.6555155281593235,-0.6579531591522981,-0.6552862458564814,-0.6559841763604073,-0.6583322678085054,-0.6587275857501957,-0.6607926328908749,-0.6611299113603595,-0.6631229197873916,-0.6714993319117245,-0.6727856549643461,-0.6665368571362169,-0.6698189986575075,-0.6718235579400837,-0.6723224514992339,-0.6706701221149913,-0.6702958809404258,-0.6660086601534154,1
-0.6528344510732118,-0.6547037733411828,-0.6571347162710574,-0.654483434867706,-0.6551683898760776,-0.6574990812447021,-0.6578907427469766,-0.659964626350388,-0.6603082492675012,-0.6623122683681325,-0.6706831445096325,-0.671973991401235,-0.6657646544042038,-0.6690720211435267,-0.6710554527970641,-0.6715571069810955,-0.6699037332003173,-0.6695359325083609,-0.6652172753423096,-0.641706798669159,1
-0.6538917295233154,-0.6563226109449926,-0.6536657435982407,-0.654365604635498,-0.6566829646029679,-0.6570576520068944,-0.6591275146522816,-0.6594803487929091,-0.6614903460893095,-0.6698708181566772,-0.6711576986353395,-0.6649545560933933,-0.6682992481663446,-0.6703081962590832,-0.6707890622710619,-0.6691389388438638,-0.6687698018564384,-0.6644584850232459,-0.6409209645586521,-0.620590169262661,1
-0.6555102173876921,-0.6528543892055614,-0.653547938890421,-0.6558798484706813,-0.6562416315699667,-0.65829415549689,-0.6586433422836734,-0.660662186769969,-0.6690472325658794,-0.6703452671470573,-0.6641398214853349,-0.6674885847966534,-0.6695351452238009,-0.6700418658480082,-0.6683714425916855,-0.668005265424018,-0.6636935105409367,-0.6401677147118415,-0.6198091583253735,-0.623762821434899,1
-0.6520427449352196,-0.6527366099990922,-0.6550618547100606,-0.6554386118564556,-0.6574778655771802,-0.657810088207703,-0.6598249235562872,-0.6682174185086682,-0.6695215771504267,-0.6633289447760902,-0.6666732876908285,-0.6687242063249034,-0.6692688747195521,-0.6676247917399486,-0.667238026297092,-0.662930128761782,-0.6394082714045176,-0.6190607227640604,-0.6229810858435629,-0.6149367597218054,1
-0.651924991174189,-0.6542501980992486,-0.6546207136765232,-0.6566745757815308,-0.6569939037853096,-0.6589914130429727,-0.6673785142395999,-0.6686916592255776,-0.662506798770482,-0.6658618497035699,-0.6679086349387006,-0.668457995182638,-0.6668523442942008,-0.6664916312173551,-0.6621640407122048,-0.6386504135460626,-0.618306085663554,-0.6222319269635305,-0.6141570400594165,-0.6179735489144234,1
-0.6534382522733895,-0.6538091525601302,-0.655856409867057,-0.6561907197216129,-0.658174971163398,-0.6665433643784228,-0.6678526519477188,-0.661678416877632,-0.6650391463144405,-0.6670969232658297,-0.6676424828893622,-0.666042003495288,-0.6657194386581993,-0.6614187906516875,-0.637889832309815,-0.6175530277084464,-0.6214765677580798,-0.6134098933935536,-0.6171931356299595,-0.6014133612874044,1
-0.6529973020193178,-0.6550445812577744,-0.6553726586200529,-0.6573715290699098,-0.665725276631389,-0.6670173991849322,-0.6608409329308278,-0.664210209911291,-0.6662739480900874,-0.6668308301812776,-0.665227027498198,-0.6649093504277256,-0.6606477391480285,-0.6371500600802248,-0.6167972315104301,-0.6207227886450881,-0.6126565430256481,-0.6164452966201677,-0.6006367304557144,-0.5550589254259342,1
-0.6542324638105527,-0.6545609347290821,-0.6565532121813944,-0.6649201850098714,-0.666199208127055,-0.6600072019140645,-0.663372176039251,-0.6654447413013409,-0.6660079135611878,-0.6644159099233635,-0.6640946258543152,-0.6598387815953346,-0.6363844674448393,-0.6160622191353767,-0.6199662735225859,-0.6119047701155567,-0.6156912550701307,-0.599892666928723,-0.5542928822438803,-0.5182325100055943,1
-0.6537489217705764,-0.6557412327343365,-0.6641002329312866,-0.6653940129649204,-0.6591905386541108,-0.662537895669451,-0.6646064392794337,-0.6651787650262487,-0.6635935247234396,-0.6632837591579587,-0.659025182574938,-0.6355809191128861,-0.6153013698772993,-0.619230546006752,-0.6111502549828217,-0.614938791884412,-0.5991423945259843,-0.5535593868565298,-0.5174748782123662,-0.4975008257080197,1
-0.6549289647800522,-0.6632866197700499,-0.6645739582457103,-0.658386874687872,-0.6617206808717139,-0.6637718910387773,-0.6643405207764674,-0.6627649048692815,-0.6624616230957632,-0.6582154389908808,-0.6347727047960854,-0.6145025217823972,-0.618468984083503,-0.6104165169307927,-0.6141835886138067,-0.5983936955442251,-0.5528196648594155,-0.5167497787140692,-0.496747929164086,-0.39693202901595,1
-0.6624727216835167,-0.6637602425364896,-0.6575683378551593,-0.6609164641410176,-0.6629544073048763,-0.6635060302478251,-0.6619271849287934,-0.6616332510950691,-0.6573944182481396,-0.6339683342391197,-0.613698986398952,-0.6176694298050048,-0.6096569375844051,-0.6134491660455825,-0.5976422448199844,-0.5520815024461387,-0.516018438517168,-0.4960275561893801,-0.3962021030284241,-0.2549074116720433,0
-0.6629462421268095,-0.6567561386624214,-0.6600973793485639,-0.6621499210398756,-0.6626886044554551,-0.6610932181638984,-0.6607957769586259,-0.6565671558176085,-0.6331526492420984,-0.6128992846292708,-0.6168651914387214,-0.608859347851549,-0.6126889045525953,-0.5969115550484433,-0.551340555659033,-0.5152886469111468,-0.49530093458466007,-0.3955046582819925,-0.25420992501551565,-0.35086189901924014,1
-0.6559436514442512,-0.6592846326906628,-0.6613305690559524,-0.6618841762608532,-0.6602763182182557,-0.6599620557420159,-0.655730782076657,-0.6323306950523824,-0.6120882360246117,-0.6160647882105909,-0.6080570651266586,-0.6118906388771537,-0.5961550134302853,-0.5506203145423215,-0.5145560450072283,-0.49457585538225884,-0.3948009264305086,-0.2535448598237186,-0.35014249574407247,-0.2854665181621333,1
-0.6584715992076505,-0.6605175554477438,-0.6610648818425722,-0.6594724170399157,-0.6591454023211901,-0.6548981601105733,-0.6314995856601451,-0.6112708943274062,-0.6152530430146332,-0.6072586132991945,-0.6110876832733689,-0.5953604337980072,-0.5498741854087966,-0.5138441048545173,-0.4938479512878275,-0.3940987069608135,-0.25287345319189924,-0.3494555543196645,-0.2847620516102256,-0.29284085877817595,1
-0.6597042555997145,-0.6602519257480477,-0.6586536450569871,-0.6583417482159626,-0.6540826103119327,-0.6306722225652025,-0.6104443592884932,-0.6144350083169444,-0.6064488059638834,-0.6102885600261202,-0.5945611475304962,-0.5490899235612711,-0.5131062479494755,-0.49314068421999474,-0.3933935918033749,-0.2522035165464693,-0.34876230816495607,-0.28409001938498973,-0.2921347078797049,-0.23514186411843338,1
-0.6594386832876034,-0.6578412109262753,-0.6575232211585476,-0.6532800622834543,-0.6298619525519438,-0.6096215657872444,-0.6136077860077417,-0.6056326991374835,-0.6094780859297485,-0.593765685662719,-0.548300908313436,-0.5123301830958397,-0.4924074842229738,-0.3927089937341773,-0.25153058423463026,-0.3480705606397616,-0.2834116574108606,-0.2914609944116723,-0.23444889203938843,-0.21297607059153612,1
-0.6570284892852343,-0.6567110317322843,-0.6524626316885932,-0.6290646960516081,-0.6088158835407017,-0.6127843059513102,-0.6048073887586347,-0.6086613157793334,-0.592958847540913,-0.547515695193059,-0.5115493276892443,-0.4916360339235261,-0.3919983842623274,-0.2508779996324583,-0.3473758849956142,-0.28273477454524026,-0.29078095401597964,-0.23378833310600536,-0.21228816132150627,-0.19952815159025744,1
-0.6558985542591756,-0.6516515377352383,-0.6282525109900846,-0.6080232250107255,-0.6119779344191928,-0.6039858186431871,-0.6078353475612778,-0.5921456946222033,-0.5467190347065302,-0.5107722567158329,-0.4908597721557785,-0.39124931903084176,-0.25019929280634506,-0.3467016714964658,-0.2820549175253878,-0.2901023949300911,-0.23312142517080922,-0.21163265586783642,-0.1988433139109411,-0.07247865377780281,1
-0.6508401533332059,-0.6274466578355516,-0.6072155979532708,-0.611184585070603,-0.6031813646477837,-0.6070131202911074,-0.5913233137261519,-0.5459160069590365,-0.5099836818810384,-0.4900872848601013,-0.3904953408713492,-0.24948184007114155,-0.34600141064631135,-0.28139544465999605,-0.28942086688116014,-0.23245598132184023,-0.2109707929322903,-0.19819087438792585,-0.07182283501640206,0.12663860677976474,1
-0.626640502741853,-0.6064142986888418,-0.6103762731992404,-0.6023899371006977,-0.606208006527513,-0.5905046700453646,-0.545103667512484,-0.5091886981050541,-0.48930326189866136,-0.38974508886285575,-0.24875933112515816,-0.34526259991746383,-0.28070987341582193,-0.2887597317813293,-0.2317875278924443,-0.21031038746631792,-0.19753207223820599,-0.07119936093777704,0.1272489458852897,0.23802360623825106,0
-0.6056126875008109,-0.6095742897390027,-0.601583530326234,-0.6054159177448469,-0.5897031541228908,-0.5442950548330328,-0.508384336117051,-0.4885128065318618,-0.38898314690648006,-0.24804048009050228,-0.3445188297823573,-0.27998561869334065,-0.2880725040568871,-0.23113939860032137,-0.2096469568162402,-0.1968747235437565,-0.07056947562657331,0.12782702411397343,0.23860850429747543,0.16439845118971613,0
-0.6087719958552674,-0.6007834502433924,-0.6046088554823682,-0.588914671183297,-0.5435036098046346,-0.507583692595576,-0.4877129355091145,-0.38821465872074024,-0.24730972122866451,-0.3437787636625765,-0.2792563385899004,-0.28734660791956046,-0.23046513166127264,-0.20900382386850772,-0.19621434019849784,-0.06994100584542466,0.12841158975238462,0.23916118836039485,0.16500016570526396,0.07113606362387914,1
-0.5999830555638846,-0.603808120503142,-0.5881111834213284,-0.5427252201577731,-0.5068002484180564,-0.4869167782800303,-0.3874365732396436,-0.2465722553936612,-0.343026936918943,-0.27853073108075904,-0.2866156938409427,-0.22975207843307174,-0.20833453597796187,-0.19557423851759473,-0.0693094119765826,0.12899479929871654,0.23972040244608117,0.165569635236611,0.0717590798652581,0.1310994412772889,0
-0.6030070723631147,-0.5873140197163382,-0.5419317379560293,-0.506029877416751,-0.48613783823663914,-0.3866621788842787,-0.2458249357496666,-0.3422685118036621,-0.2777932626250178,-0.2858884558998306,-0.22903394905344612,-0.207626416514615,-0.1949079714005163,-0.06869794825285143,0.12958127310194906,0.24027829368893489,0.166145606623632,0.07234981186947795,0.1317087614996829,0.09227030489810578,0
-0.5865165350205032,-0.5411445707804414,-0.5052443441612191,-0.48537198138709853,-0.3859050882643564,-0.24508127521944362,-0.3415004061847982,-0.27704912178298075,-0.28514936832505994,-0.22831946808824174,-0.20691319853768944,-0.1942028452371859,-0.06806021995668673,0.13014785422733685,0.2408395275985016,0.16672023319016677,0.07294701004957807,0.13228582272274444,0.09288849394360199,0.04636119769205664,0
-0.5403570606965474,-0.5044651187572802,-0.4845909230456055,-0.3851611294335467,-0.2443550406513926,-0.34073598130758476,-0.2762951823253944,-0.28440361671028985,-0.22759304897362162,-0.20620361832501408,-0.19349260699322648,-0.06738337305826374,0.13074085529562793,0.24138100166798593,0.16729815059476053,0.07354283556967907,0.13286937306213412,0.09347440764707371,0.04698987267127577,0.05998271938951643,0
-0.503685533032645,-0.4838161685167358,-0.3844017787697189,-0.24364200649934153,-0.33998889981387936,-0.27554490886951866,-0.2836480797989214,-0.22685990051514202,-0.205482065958483,-0.19278600005209112,-0.06670128590421869,0.1313733817531527,0.24194898259368094,0.16785622035390407,0.07414188627549488,0.13345156864103666,0.0940667956118435,0.04758625298590832,0.06060828312605589,-0.009151409388245246,0
-0.4830410438647447,-0.3836487123255901,-0.2429133117120405,-0.3392549723705654,-0.27481203507657387,-0.2828962105514197,-0.22611686254870192,-0.20475375916079433,-0.19206740032671055,-0.06602276900853804,0.1320113493474831,0.24255671646280016,0.16844073951981928,0.07472097811112713,0.1340370316170579,0.0946578172253416,0.048189089998193886,0.06120155793113483,-0.00851005497450744,-0.1345101678987618,0
-0.3828952282070615,-0.24219087347504514,-0.33850556589981606,-0.27409234693334134,-0.28216173462047367,-0.2253774792409331,-0.2040155228210415,-0.19134203094978555,-0.06533206442257326,0.13264584235486673,0.2431700038404524,0.16906486121651212,0.0753264465812313,0.13460260723522616,0.09525207890206858,0.04879054695499949,0.06180129464511106,-0.007901018589909822,-0.133840180742779,-0.06974126633656957,0
-0.2414679504110904,-0.33776243467333184,-0.2733570559924097,-0.28144044077592767,-0.2246555389056143,-0.20328093614385076,-0.19060670774222832,-0.06463444639013873,0.1332928285173904,0.24377987014917415,0.16969446214435868,0.0759713270515461,0.1351946062770705,0.09582640691331037,0.04939521165717697,0.06239965536973237,-0.007285546745356601,-0.13320256437785102,-0.06908607281196888,-0.2188357905829259,1
-0.3370188639894133,-0.2726280275553427,-0.28070355809069414,-0.22394680853709042,-0.20256381151504554,-0.18987503116610904,-0.06392664506031431,0.13394695348777536,0.2444024004882415,0.17032060662802437,0.07662159266444217,0.13582613982141864,0.09642712804999523,0.04997988794266311,0.06300123342863759,-0.006671471527207368,-0.1325585605120081,-0.06846322281801218,-0.21814654291537094,-0.17605153190813738,1
-0.27189852874037634,-0.2799729393460024,-0.22322238012414491,-0.2018599075636391,-0.18916082821168692,-0.0632224617253188,0.13461162138540272,0.2450321957009787,0.1709593021940304,0.07726835702265321,0.13646311900292415,0.09706730436312797,0.05059092153088396,0.06358283931587969,-0.006054227641956521,-0.1319159906930863,-0.06783396054422267,-0.21748970153045796,-0.17537205643891413,-0.16972132345028582,1
-0.279241853710172,-0.2225042044107592,-0.201140263615825,-0.18845985243275418,-0.0625358613511256,0.13527271616868675,0.24567273501573758,0.17160517930457983,0.07792752938981307,0.13709662574081471,0.09771288714030547,0.05124131650545729,0.06419081313468003,-0.005457038377738149,-0.13127034045374594,-0.06720611298335782,-0.21682650490544703,-0.17472496924497993,-0.16904329384116265,-0.23701375405986486,1
-0.22178553452480107,-0.20042686804920615,-0.18774311120527226,-0.061862549543268947,0.13591605663037234,0.24630972632202713,0.17226166754121716,0.07859377774692314,0.13774263247719065,0.09835497881733109,0.05189707162827249,0.0648381761679458,-0.004833535127069215,-0.13064489433830687,-0.06657513940780725,-0.21616476749917965,-0.17407151044278948,-0.16839764984302397,-0.23632035442918456,-0.13318927781912263,1
-0.19971296782950956,-0.18703261573904723,-0.06117323182722161,0.13654601231143068,0.24692886744851827,0.17291459117447672,0.07927046878697057,0.13839578307021094,0.09900951092524599,0.052549313592630285,0.06549091309164429,-0.004170783899631019,-0.12999323205339772,-0.06596429271275904,-0.21550000903377478,-0.17341949808792476,-0.1677456318148539,-0.23565936873202095,-0.13251959236288252,0.08586964896934003,0
-0.18632160926125388,-0.06049013512050724,0.13719235075903746,0.24753456997268591,0.1735497279899244,0.07994357420255334,0.13905948464728024,0.09967114294289589,0.05321392555893122,0.06614014340172376,-0.00350272852832838,-0.12930257789362667,-0.0653271793093039,-0.21485555525901784,-0.17276443455581228,-0.16709505834439548,-0.23499203474918126,-0.1318822771417513,0.08648929996558931,0.009864375796350551,0
-0.05980646733025159,0.13783250698955654,0.24815686607570353,0.17417146177903056,0.0805989730621606,0.1397196141154661,0.10034325581447875,0.053885585474929894,0.06680176461045897,-0.002838212988056897,-0.1286067460592672,-0.06465094171123972,-0.21418495111376562,-0.17212962468983622,-0.1664414292405196,-0.23432616541134174,-0.1312385739143665,0.08707667292585904,0.01050138688312624,-0.012447344634582906,0
0.13847332845091304,0.2487730016617824,0.17480964980067917,0.08124101396020092,0.14036198542304856,0.10101178782519708,0.05456764332746193,0.06747044918576271,-0.0021614126074725416,-0.1279145142880358,-0.06396946109591631,-0.21347552736683817,-0.17146863106896443,-0.16580804625337286,-0.23365728781079798,-0.1305963043396074,0.0876705176987003,0.011106087944265012,-0.011805237408153863,-0.0002876079585904589,0
0.24938985514413062,0.17544166296165478,0.08189933257815935,0.14099096979450995,0.10166259509176073,0.05524610997134234,0.06814955629971534,-0.0014776271064918416,-0.12721018998877526,-0.0632915494237035,-0.2127610110179616,-0.17076873044023708,-0.1651484745718919,-0.23300873657994328,-0.1299509534145851,0.08826299420962669,0.011717231740310302,-0.01119544959808243,0.00035172190620747743,-0.013899065731633933,0
0.17607435920720507,0.08255145816596311,0.14163634537529746,0.10230003418460394,0.05590689138055678,0.06882507527527001,-0.0007835439314595111,-0.1264990224504609,-0.06260144586179331,-0.2120501352488004,-0.17006369404628838,-0.16444998295024432,-0.2323340491627917,-0.12932580503817043,0.08885870627802057,0.01232698458630421,-0.010579227588995552,0.0009587374725270431,-0.013256626922821037,-0.03768766707065919,0
0.08320422274170425,0.14227553960806194,0.10295379099698874,0.05655432679952283,0.0694828972934442,-9.306447746851233e-05,-0.1257777836511729,-0.061904425755231696,-0.21132729631515249,-0.16936227767516981,-0.16374634917708944,-0.23162057928066898,-0.12867443946159998,0.08943447704750634,0.012939919485620115,-0.009964403190173722,0.0015721918898649382,-0.01264650814137679,-0.03703979479314732,-0.04967631703157467,0
0.14291540118085072,0.1036013588966152,0.05721799304837212,0.07012736673939392,0.0005797775161404612,-0.1250601768284473,-0.061197217407227465,-0.21059770958239207,-0.16864883250443385,-0.1630463323852402,-0.230902035135594,-0.12798407931165282,0.09003663594802676,0.01353282244213099,-0.009346412444434021,0.0021842523267091678,-0.01202995571630829,-0.036424252555325276,-0.0490257064697317,-0.024780684006756468,0
0.10424957577694244,0.057875461440399935,0.0707880927959366,0.0012393003434242984,-0.12436009958205291,-0.060493626437052486,-0.20985820389093043,-0.16792859111125916,-0.16233427708263048,-0.2301871403043418,-0.12728854015452573,0.0906782369487632,0.014152054223040016,-0.008748480250459519,0.002799487670355252,-0.011414801334854334,-0.03580228577478675,-0.04840743099344956,-0.024135759766730134,-0.03398665886656546,0
0.05853355710622927,0.07144262364941775,0.0019149489349135854,-0.12367328092810874,-0.05980762078348208,-0.2091223491827957,-0.167198353485838,-0.16161541839303695,-0.2294603101953314,-0.12659660042586843,0.09132523795618691,0.014810572829051787,-0.008124236641840667,0.0033946789639393935,-0.010796481628426028,-0.03518172413893631,-0.04778273556100044,-0.023523160134007834,-0.03333963192299925,-0.09725100372852118,1
0.07209778821727436,0.0025843888545538027,-0.12297057376963078,-0.05913490501896524,-0.20840395148015733,-0.16647175720028898,-0.16088655203807495,-0.22872675286107103,-0.1258925661428107,0.09196874478808582,0.0154744147631686,-0.0074607517898895555,0.004016191160365914,-0.01019822220508566,-0.034558013924170496,-0.047159448851940136,-0.0229041310206889,-0.03272493346141536,-0.09658952680394643,-0.06734856830659455,0
0.0032544298003370307,-0.12227409970553407,-0.05844617816535411,-0.20769877162347664,-0.1657626547404728,-0.1601613255961734,-0.22798330939970976,-0.12518168712571262,0.09262468223165776,0.01613472600291635,-0.0067919661192069975,0.004676969441881208,-0.0095736524998736,-0.033954392362781124,-0.046533022003411424,-0.02228650319922809,-0.03210380904120432,-0.09596040498851593,-0.06669392128952772,-0.11463643315767667,1
-0.12157708388784627,-0.05776367178777508,-0.20697786286076,-0.16506679080014652,-0.15945359842779744,-0.2272435210189387,-0.12446073446195366,0.09328771234068704,0.016807351255003874,-0.006126721863179218,0.005343060809584262,-0.008909844517125577,-0.033324479081678626,-0.045926698105924375,-0.02166571771294154,-0.031484088660903034,-0.09532488141777144,-0.06607161679604857,-0.1139709852898222,-0.08396913948011131,1
-0.05708059303235399,-0.2062632036208358,-0.16435511697835598,-0.15875911283769448,-0.2265211739996646,-0.12374341347703209,0.0939612117432906,0.01748698314959887,-0.005449197823117376,0.00600561660511572,-0.00824073718022759,-0.03265537612200723,-0.045294091843423895,-0.021065005487162045,-0.030861217096350282,-0.09469078077181181,-0.0654428991073518,-0.11333789984841915,-0.08331069621828241,-0.05303766778661834,0
-0.20554804249844646,-0.16364968434408123,-0.15804880538528765,-0.2258120360426804,-0.12304362320520291,0.0946311288423393,0.01817694706305319,-0.004764692393006579,0.006680470838876268,-0.007575171955504097,-0.03198099780752364,-0.044622320394589104,-0.020437991470397775,-0.030258429771351188,-0.0940535734767306,-0.06481559541734165,-0.11269841930292077,-0.0826846024754292,-0.052386289470763535,-0.10129670134387311,1
-0.1629437295979435,-0.15734473788713838,-0.22508720358409837,-0.12235709216408357,0.0952833267056533,0.018863311541572114,-0.004069895241701796,0.007362320225104806,-0.006897329173825071,-0.03131017303510871,-0.043945285685796115,-0.019771761406719705,-0.02962934783875581,-0.09343652587026749,-0.06418516402829866,-0.11206036687188663,-0.08205210189596195,-0.051767247655219555,-0.10063430035608653,-0.09424692229025618,1
-0.15664014528405562,-0.22436862418975978,-0.12165467011845395,0.0959221594880705,0.019532022194678283,-0.003378702554333129,0.00805448329448229,-0.006212506645158499,-0.030627107199720033,-0.0432718102793516,-0.0191002429669071,-0.028961068666609985,-0.09279323302114488,-0.06357485666622607,-0.11141922003025732,-0.0814210202765448,-0.05114178716947504,-0.10000425618022711,-0.0935861315170962,-0.07843901301335542,1
-0.22364955150792215,-0.12095848090986833,0.0965772978758576,0.020187404492952612,-0.002705144490856641,0.008743044640695025,-0.005517395017281805,-0.029937088541339668,-0.04258611220166504,-0.01843227186764469,-0.02828751040585759,-0.09211087217848206,-0.06293828072873305,-0.11079825361111112,-0.08078682265819692,-0.05051773641050742,-0.09936781179683367,-0.09295769458870061,-0.0777818328677825,-0.03755683605324732,1
-0.12026174932314389,0.09722624610390347,0.020858948545569838,-0.002044904001095633,0.009413960898316783,-0.0048258881805551875,-0.02923682374884005,-0.04189347486976948,-0.017752039904866325,-0.027617503908921676,-0.09142329607199831,-0.06226257570846412,-0.11015105551509237,-0.08017276888851442,-0.049890547878304575,-0.09873279154589577,-0.09232285475570665,-0.07715699991362505,-0.03690899365837663,-0.00870356475171994,1
0.09787584028627033,0.021524287631014327,-0.0013685439851657004,0.010071553706587588,-0.004152014718366062,-0.028540169109376137,-0.04119061305670632,-0.017064840510941988,-0.02693525067131268,-0.09073930212644248,-0.0615816252570417,-0.10946482494312859,-0.07953245951238236,-0.049283466305890665,-0.09809466749381755,-0.091689436950757,-0.07652575800716924,-0.03629348124813064,-0.008062312628561552,0.0626471433787315,0
0.022190236733709654,-0.0006983932832025932,0.01074528905509642,-0.003491458128414727,-0.02786112737192186,-0.04049136409888776,-0.016367371671326094,-0.026246040421902067,-0.09004315849374844,-0.06090424259909167,-0.10877339664678588,-0.07885305500850097,-0.04865010499131302,-0.09747670795525684,-0.09105291038195341,-0.07589593340997984,-0.035671544245115594,-0.007453378346051217,0.06327209854379003,-0.007953802382705799,1
-2.764311349171846e-05,0.011412817458611797,-0.0028147847598876553,-0.027195391011954,-0.03980971772561768,-0.01567351007554725,-0.025546577353903803,-0.0893401294519895,-0.06021466438081743,-0.10808555886468348,-0.07816842184127416,-0.04797758535747879,-0.09683250633087967,-0.0904365399191001,-0.07526298892091021,-0.0350510123477346,-0.006838008432251424,0.06386476589881038,-0.007312721510068014,-0.004225118386467154,1
0.012080951079282734,-0.002144320988153321,-0.026513582896796162,-0.03914137093686835,-0.014997272489558887,-0.024850723604744128,-0.08862696185470055,-0.05951816690983041,-0.10738559806634865,-0.07748736445333475,-0.04729980585481438,-0.09614924497812771,-0.0897939218695135,-0.07465018168527654,-0.034427331779339335,-0.006224035011170682,0.06446389618206817,-0.006703958162512791,-0.003584889169102968,0.051453543446703685,0
-0.0014732584350788949,-0.025837989012952724,-0.03845697508319168,-0.014334346517764985,-0.0241724859426907,-0.08791741783586036,-0.05881147687589878,-0.1066787715358195,-0.07679413700261142,-0.04662558726955275,-0.09546077244309212,-0.089112229689193,-0.07401111452805587,-0.03382373970829143,-0.005606892607726717,0.06506165127132132,-0.0060887588968282875,-0.0029769759074654493,0.05208105530158154,0.029141823015770087,0
-0.025161807595576083,-0.03777879579647147,-0.013655324362439599,-0.023507555446466287,-0.0872254354586782,-0.058108403680488814,-0.10596183784994839,-0.07609400911037752,-0.04593915116968152,-0.09477588401285224,-0.08842531921435781,-0.07333294094530378,-0.03319385581544343,-0.005009804291215667,0.06566262557048784,-0.0054749559000532196,-0.0023626253011999397,0.05267627463517669,0.0297744310103013,-0.002778429251624283,0
-0.03710003464473205,-0.012982513923875874,-0.022826546190355925,-0.08654672967772978,-0.05742291786084512,-0.10524853166115425,-0.07538371867396054,-0.0452457796199861,-0.09407885210195988,-0.0877419894570562,-0.07264953312009,-0.03252478197674507,-0.004386401638802523,0.06624363087558358,-0.004857983393117407,-0.0017496698508040977,0.05327795261462552,0.030374737092829108,-0.0021385304673115944,-0.05595368988624071,0
-0.012309109849055592,-0.022151750444525442,-0.08585206487386365,-0.056750723086416675,-0.1045527721520755,-0.07467704882229646,-0.04454218966012905,-0.09337493936093286,-0.08704650540406912,-0.07196969841706076,-0.0318504326512445,-0.0037237500946950895,0.06685100619127785,-0.004261064078947827,-0.0011335422654289605,0.053878252058697285,0.030981493285319524,-0.001530947029832429,-0.05530164553228732,-0.05842438333044205,0
-0.02147636541523855,-0.08516362590550716,-0.05606251269436512,-0.10387028083851847,-0.07398795204269491,-0.04384221331315587,-0.09266089537139496,-0.0863441325419906,-0.07127768516750654,-0.03117963680495119,-0.003055793954911249,0.06749777616472744,-0.0036378298438393213,-0.000537463425991123,0.05448176283291335,0.03158686428221921,-0.000916925694259174,-0.05468193890596154,-0.057771774654303325,-0.047985577729636526,0
-0.08447462756655563,-0.055380522312197596,-0.10317186340649598,-0.07331213827717929,-0.04315983665794456,-0.09195047587219501,-0.08563161569864768,-0.07057876521743138,-0.030496599694976888,-0.0023913774309791713,0.06814992271663713,-0.002975345185308108,8.493324386411637e-05,0.055065291263570175,0.032195430902859076,-0.0003042990827081735,-0.05405581472503038,-0.057151504745675805,-0.04733535334346418,-0.08581083764829393,0
-0.054697958420864445,-0.10247967519703172,-0.07262034035088735,-0.04249075796303531,-0.09125761453291593,-0.0849227217566418,-0.06986967273509596,-0.02980660961393604,-0.0017146753796978636,0.0687985639351243,-0.0023075551746961883,0.000746587954663924,0.05567518097050046,0.03278398857097952,0.0003115006822233819,-0.05343110114133029,-0.05652481822766674,-0.04671746333124189,-0.08515197373082382,-0.09207814657854381,0
-0.10178693583720994,-0.07193476567251754,-0.041805636565043595,-0.09057802783497262,-0.08423139204161369,-0.06916419959103809,-0.029106373162479295,-0.0010309877011485814,0.06945960013974756,-0.0016433044196918789,0.0014135517792597824,0.0563244424672004,0.03339889010561964,0.0009072534265392544,-0.05280325183713769,-0.05589954304440902,-0.046093152716019194,-0.08452546010747686,-0.09141785116762799,-0.11267396789649835,1
-0.07124862534357673,-0.04112673238887042,-0.08988248977118242,-0.08355334037440398,-0.06847630427828294,-0.028409746834569306,-0.0003370015396860956,0.07012770272654079,-0.0009667669871314043,0.002076978139797808,0.056979069249599605,0.03405311784825892,0.0015293251301187665,-0.05219551297038229,-0.05527113387991103,-0.04547025031948712,-0.08389254035210225,-0.09078990868866631,-0.11200896826826155,-0.1008362768018275,0
-0.04044724793700327,-0.08919317833108913,-0.08285932399861584,-0.0678016946517939,-0.02773073352126244,0.0003533810016780139,0.07080623266425483,-0.0002832430787201135,0.002752696898048637,0.05763018532030034,0.03471268836722387,0.002190657830159088,-0.051561496636824515,-0.054662838099399515,-0.04484420659328552,-0.08326104010653827,-0.09015556247538838,-0.1113763302404994,-0.10017398097795122,-0.09955312643874942,0
-0.08850330943330122,-0.08217153287307884,-0.0671110903979604,-0.027065025648660083,0.0010261256972439205,0.07148117506412482,0.0004105806667658909,0.0034354063522837415,0.058293679205087975,0.035368737454204636,0.002857301103500402,-0.050888327941302915,-0.05402826677995867,-0.04423826380174971,-0.08262642515851265,-0.08952263764275918,-0.11073729635785312,-0.09954404177221524,-0.09889112369462318,-0.11276202723514098,0
-0.08148318095654686,-0.06642670831466364,-0.026383245773251036,0.001685551010084295,0.07213841821360459,0.0011008009611479048,0.004128422378047781,0.05896422680310243,0.036037130126966584,0.0035204076078858546,-0.05020990231880542,-0.05335454814606174,-0.04360603732592277,-0.08201195625556185,-0.08888660251955972,-0.11009969000386068,-0.09890770218279862,-0.09826147702857546,-0.112097007493588,-0.10819803751234972,0
-0.0657417579660228,-0.025707680103667745,0.002361102934741189,0.07278230750339909,0.0017733827644844074,0.004817835793142998,0.05964518153504253,0.03671255126049684,0.00419580872934313,-0.04953503901479452,-0.05267557507776953,-0.042934642209662546,-0.0813712331832318,-0.08827072091582837,-0.10945898785778962,-0.09827278658839744,-0.09762542948794677,-0.11146434938957273,-0.10753406021524095,-0.11293311395021809,0
-0.025031526838691285,0.003030446274798601,0.07344245844659625,0.0024326448228070745,0.005489607508278236,0.06032254620613179,0.0373983392302874,0.004878202184150902,-0.04884796266962985,-0.0520001655150772,-0.042257982127727044,-0.08069141874565312,-0.08762859003307599,-0.10883846379376538,-0.09763476686873866,-0.09699080555930362,-0.11082529546436258,-0.10690244263474437,-0.1122680551313651,-0.15107790346909294,0
0.003700390852750439,0.07409641470581789,0.0031080349119805236,0.006148057676683982,0.06098222126007001,0.03808053211022641,0.00557090482338314,-0.048153954175001776,-0.051312546701510316,-0.04158488053577736,-0.08000637750274227,-0.08694738058888536,-0.10819170652156415,-0.09701691111349503,-0.09635307660212523,-0.11018766909409261,-0.1062644274869877,-0.11163535802205805,-0.15040413213633777,-0.15949637624332658,0
0.07475100593921696,0.0037772165626240267,0.006822642933016944,0.06162854786311714,0.03874505457453495,0.006260005178026327,-0.04744973253690063,-0.05061799853481677,-0.0408995536788304,-0.07932491292401384,-0.08626095066219178,-0.10750591276419584,-0.09637281291316734,-0.09573551007907673,-0.1095469469937337,-0.1056278385317865,-0.11099626515700953,-0.1497627385677876,-0.1588206820775448,-0.16633481288420138,0
0.004446999805667133,0.007491020477246308,0.062291114934052025,0.039396239369068754,0.006931462587685366,-0.046749125168946734,-0.04991324168702132,-0.040207285654091644,-0.07863128110784204,-0.08557810041098324,-0.10681491930259843,-0.09568965404383971,-0.09509170010970665,-0.10892640308044117,-0.10498815063366176,-0.11035859989797182,-0.14911496383671252,-0.15817736921919662,-0.1656575567757518,-0.24244575726356182,0
0.008160001376884244,0.06294748514026187,0.040063622403316346,0.007589597751568688,-0.04606611498321906,-0.04921209966626065,-0.03950479009450566,-0.07793075093459803,-0.08488309253698058,-0.10612751541232039,-0.09500128352772513,-0.09440882684992222,-0.10827962602768401,-0.1043686354795888,-0.10971783902928219,-0.1484686280981502,-0.15752767841901494,-0.1650126848529473,-0.24175111692860643,-0.28810075037809935,1
0.06360448502805338,0.04072480422604481,0.008263870741448697,-0.04539640134875939,-0.04852855270144145,-0.038805907009076254,-0.07722006154350056,-0.08418119339926095,-0.10542798549520116,-0.0943164968951825,-0.0937207406488334,-0.1075938126696608,-0.10372288362478672,-0.10909725655169697,-0.14781922360207772,-0.15687942912432248,-0.16436143760451943,-0.2410888928134291,-0.2873956821507049,-0.23693827462674255,0
0.041386605180851875,0.008931936301070685,-0.04471065053021294,-0.047858301094040885,-0.038124627963249655,-0.07651299315226973,-0.0834691463632057,-0.10472158762476476,-0.09361956607565225,-0.09303623771479132,-0.10690279969624789,-0.10303808614070734,-0.10845044106814547,-0.1471900429885897,-0.15622811699832959,-0.16371163390290475,-0.2404203224907206,-0.2867230493586972,-0.23624489223604755,-0.24837340874476163,0
0.009600605900129691,-0.04403111750158768,-0.04717201697869999,-0.037456649318916097,-0.07582349624813152,-0.08276072173965138,-0.10400507905453678,-0.09291575390487776,-0.09233958862528666,-0.1062153763364649,-0.10234808443681745,-0.10776458962884981,-0.14653465913337507,-0.15559703879479272,-0.1630587721839281,-0.2397532184345054,-0.28604408782558577,-0.2355839237471009,-0.24767741449629435,-0.2736338590296705,0
-0.04335100557603187,-0.04649195113462353,-0.03677261840968531,-0.075147281468163,-0.08206986320952846,-0.10329219753905147,-0.09220180965401,-0.0916360567322651,-0.10551582708493215,-0.1016616701536619,-0.10707353874676681,-0.14584031725038452,-0.15493976391843273,-0.16242615254292778,-0.23908310993946127,-0.285366606187321,-0.23491660694360167,-0.24701383896247864,-0.27293209513279104,-0.32440635770989573,1
-0.04581130756181814,-0.036094803738019286,-0.07445508601309966,-0.08139228377518543,-0.1025968643921839,-0.09149148978970173,-0.09092239044162555,-0.104809409979748,-0.10096312297716133,-0.10638607756051709,-0.14514081440730994,-0.15424354821283132,-0.16176734156511138,-0.23843333429231386,-0.28468615224919996,-0.23425075476257143,-0.2463439194888989,-0.2722627605823668,-0.3236929970495741,-0.38109895992800863,1
-0.035416406401912987,-0.07376911416476009,-0.08069873552754066,-0.10191480038910948,-0.09079872848155682,-0.09021234824832691,-0.10409288233381808,-0.10025770278147489,-0.10568649074498092,-0.14444491958779213,-0.15354218004019551,-0.16106960372865034,-0.23775742669744176,-0.28402608560712533,-0.233581894265703,-0.2456754680512603,-0.271587091756178,-0.3230120871052098,-0.38037265031473155,-0.3060396956501512,1
-0.0730825775366475,-0.08001141210762375,-0.10121680655331881,-0.09011924203722672,-0.08951986571547392,-0.10337998176247917,-0.09954216380192529,-0.10498003626942971,-0.1437369576567306,-0.1528444239360055,-0.16036672032417132,-0.2370427477349195,-0.28333992264175,-0.23293336004850684,-0.2450040163475813,-0.27091289850636163,-0.32232486230933455,-0.37967881527861036,-0.30533053005291816,-0.2787941362741275,0
-0.07932352687126401,-0.10052504155775674,-0.08942380335562938,-0.08884065866645938,-0.10268462948397393,-0.09883025086825592,-0.10426347156213603,-0.14302217123801803,-0.15213461363501143,-0.1596674522738549,-0.23632299998956877,-0.2826150815796771,-0.23225868958611748,-0.24435290456111675,-0.27023572277267643,-0.3216391282457984,-0.3789786870801115,-0.30465380744134685,-0.27809119373692,-0.3299440321199639,1
-0.09983272448393768,-0.08873459120802853,-0.088145496951629,-0.10200254630671117,-0.0981358901552008,-0.10355053396799584,-0.14229734348166584,-0.15141798837441386,-0.15895614051754797,-0.23560690416799757,-0.2818852177942133,-0.2315452365045561,-0.24367566545225228,-0.2695789170818214,-0.3209504474398497,-0.37828006653711305,-0.30397076295165154,-0.27742068271806314,-0.3292294066193878,-0.279858396281151,1
-0.08804482138503356,-0.08745656152081033,-0.1013045334633973,-0.09745480074872706,-0.10285514451945167,-0.1415761514361983,-0.15069133698095663,-0.15823802154139655,-0.23487888140187888,-0.28115902786873853,-0.2308267090838944,-0.24295966708564418,-0.26889600377920336,-0.3202821972280186,-0.37757853916063355,-0.3032892037117107,-0.2767438393976311,-0.328547234165506,-0.2791552106601508,-0.2941667808200233,1
-0.08676706780789407,-0.10061274947746782,-0.09675777303818824,-0.10217302408948019,-0.14087247470882866,-0.14996832319588474,-0.15750988878342898,-0.2341441375584644,-0.2804209810378271,-0.23011183094078927,-0.24223860591637048,-0.2681743828247253,-0.31958787902201935,-0.37689750998987503,-0.3026046848000893,-0.27606847319395256,-0.3278587489786853,-0.27848445700543484,-0.2934603270724772,-0.26721559123317623,0
-0.09992041345491785,-0.09606697329587228,-0.10147497431726404,-0.1401820485683103,-0.14926281748395273,-0.15678539517521167,-0.23339951739880374,-0.2796762648020502,-0.22938501740413333,-0.2415211995189811,-0.267447724551807,-0.3188549568899301,-0.3761904570619785,-0.3019405745785022,-0.27539012813899816,-0.3271717561772404,-0.2778073714563023,-0.29278631131343336,-0.266515293309713,-0.2628428160742946,0
-0.0953756193589748,-0.10078315343576359,-0.13947576528010588,-0.14857055829103086,-0.1560784037549591,-0.2326585535440919,-0.278921754708466,-0.2286514765567996,-0.24079187527062654,-0.2667247331878579,-0.31811704866167845,-0.3754449160282484,-0.3012503820313079,-0.2747321592810211,-0.326481820531646,-0.27713176334161266,-0.2921059691339932,-0.2658474220313375,-0.2621435169206462,-0.2705316543283465,0
-0.10009078059853647,-0.13877571831402732,-0.1478624578836063,-0.1553846555493556,-0.23193502637608196,-0.278170911210341,-0.22790804944604,-0.2400558366539063,-0.265989862724882,-0.3173828317374529,-0.37469444609318164,-0.3005215480358173,-0.27404808683782655,-0.3258123220844002,-0.27645317712483625,-0.2914271086601547,-0.2651732140217329,-0.2614766425716397,-0.26983059899486267,-0.30549875971277524,0
-0.1380751374279704,-0.14716059543840376,-0.15467507907198472,-0.23122470564559533,-0.27743746510812045,-0.22716827739885773,-0.23930993242699536,-0.26524830648337844,-0.3166368136040528,-0.37394769470167627,-0.29978770941479727,-0.27332531728496984,-0.32511675996401335,-0.27579496837427386,-0.2907452801566606,-0.2645004796726003,-0.26080342981849275,-0.26916197170215544,-0.30478971766877017,-0.3162721908004226,0
-0.14645820305367363,-0.15397174188910767,-0.23049870069436645,-0.2767172033827401,-0.22644594677813024,-0.23856768584110966,-0.26449693025511223,-0.3158841671565605,-0.3731892290728516,-0.2990575532730305,-0.2725975156196636,-0.32438260523073864,-0.2751106568689321,-0.29008384618356153,-0.2638247583214396,-0.2601316894205121,-0.26848700894685973,-0.30411311838275373,-0.3155606880358497,-0.31719052390340985,0
-0.15326787800007574,-0.2297789498656499,-0.2759813438453281,-0.2257368252561646,-0.23784287084057462,-0.2637492173615076,-0.31512179242357813,-0.37242419929475734,-0.29831556774587903,-0.2718733833427251,-0.3236434699880326,-0.27438765042816016,-0.2893963206204631,-0.2631693993586822,-0.2594569589422747,-0.26781352084190546,-0.30343019701166507,-0.31488163256366614,-0.3164788113856825,-0.3361107018060508,1
-0.22905870831781244,-0.2752517473249847,-0.22501200908974534,-0.23713125941329696,-0.263018914314049,-0.31436309246923966,-0.3716495436248688,-0.2975669331172032,-0.27113737988311687,-0.32290802871008223,-0.2736596129486267,-0.2886701293532752,-0.26248792777601093,-0.2588025856374686,-0.26713704806927574,-0.30274876072885754,-0.3141962591280484,-0.3157995465468593,-0.335394667798676,-0.32621283214262137,1
-0.27452168167226854,-0.22429344597286452,-0.23640397498421914,-0.2623018026338929,-0.313621758666112,-0.37087857551198145,-0.29680853703062465,-0.2703946964853951,-0.3221607947182776,-0.27293524536881414,-0.28793892148246414,-0.2617677354292675,-0.2581220963006881,-0.26648094163978664,-0.30206436439357587,-0.31351237399666065,-0.31511396409593256,-0.33471108943346883,-0.325499058871985,-0.3382618656500346,1
-0.22357438953279624,-0.23568294583248522,-0.2615690657610104,-0.31289359169680375,-0.37012492476051434,-0.2960538115828945,-0.26964220242099546,-0.3214069386799338,-0.2721990082390083,-0.2872113903862348,-0.26104249928895856,-0.2574028772664665,-0.2657987251778955,-0.30140037610320836,-0.31282553639678873,-0.31442987022336505,-0.334021200694532,-0.3248177370776282,-0.33754534030307887,-0.33246504518624675,1
-0.23496142876436263,-0.2608425890867408,-0.3121498956291028,-0.36938441344876477,-0.29531646809276907,-0.26889337285436976,-0.32064336435780977,-0.27145609237562085,-0.2864720116904377,-0.26032092697378373,-0.25667861002716685,-0.2650777947264895,-0.3007103050651432,-0.312159119690226,-0.3137428245287767,-0.3333328061817677,-0.3241301011228711,-0.3368612715036884,-0.33174984387016176,-0.30814305585315765,0
-0.2601156364398139,-0.3114124696515691,-0.36862848033761264,-0.29459230031131073,-0.268161948692943,-0.31988346606250617,-0.2707033677677378,-0.2857259704553229,-0.25958746571334756,-0.2559580045119802,-0.26435182382695704,-0.29998159147367576,-0.31146662864243446,-0.31307620082270177,-0.3326414731658998,-0.3234439564396991,-0.3361708931535483,-0.3310670966618336,-0.30743340983500106,-0.3180560214032115,1
-0.3106745917078026,-0.3678788283615433,-0.293852568669882,-0.2674437134053513,-0.3191409291526775,-0.26995430789750996,-0.2849701463183853,-0.2588473114101729,-0.25522550334327826,-0.2636295183458534,-0.2992478727109508,-0.31073551705084157,-0.31238350349197,-0.3319705847027515,-0.3227548662857878,-0.33548200967171904,-0.3303780376850413,-0.30675620768778383,-0.3173441112003194,-0.31428456572820374,1
-0.36712875122482896,-0.2931191035404072,-0.2667098626916079,-0.3184115564008408,-0.2692226525165764,-0.2842179901441737,-0.2580973255280678,-0.2544863041827205,-0.26289532900664525,-0.2985178361675716,-0.3099994111568611,-0.31165218749354723,-0.33127363737829196,-0.32208620888039574,-0.3347901892011046,-0.32969047184616596,-0.3060726844671342,-0.3166646490406084,-0.31357351694991026,-0.3164709533076445,1
-0.2923851777605123,-0.2659822731818083,-0.3176666650314651,-0.2685041854952229,-0.2834832261454259,-0.25735100153396423,-0.2537372655454715,-0.2621544503778267,-0.2977759694089603,-0.3092669926586204,-0.3109158781192052,-0.3305381100391538,-0.3213914848904209,-0.33411881584868797,-0.3289999649378159,-0.3053906471241077,-0.315978869599911,-0.31289491462743996,-0.3157594051444436,-0.28881025704944846,0
-0.2652542101392512,-0.3169280448311126,-0.2677701050619846,-0.28276164359238726,-0.25662209290958354,-0.2529918878106125,-0.2614037461592887,-0.2970274529365921,-0.30852276047261784,-0.31018325658184154,-0.3297976084118827,-0.32065816066489633,-0.3334213853135054,-0.328329898234375,-0.3047056515900674,-0.3152945789959303,-0.31220999358112106,-0.3150803043572888,-0.28810502676619226,-0.2996113639292407,1
-0.3161889752828692,-0.2670422860400304,-0.28202447470816117,-0.2559063787538391,-0.2522639292086973,-0.2606567045761838,-0.2962691740293254,-0.3077718907662534,-0.30943882276552653,-0.32906080371231505,-0.3199198521656868,-0.3326853791583684,-0.32763376982493025,-0.3040410672545291,-0.3146073371791983,-0.3115265602457115,-0.3143948856827411,-0.28743223221694514,-0.2989036666040887,-0.30319160504033876,1
-0.2663139939885257,-0.28129357002279454,-0.25517502725786356,-0.25154916718836146,-0.2599270755089898,-0.2955145656389817,-0.30701127808310985,-0.3086877524682213,-0.32831221575915215,-0.31918523583847425,-0.3319444008853188,-0.32689905395290597,-0.3033504022346278,-0.3139405183831721,-0.3108401730426229,-0.3137109553717556,-0.2867531091980333,-0.2982284095589949,-0.30248308996521756,-0.269062321363567,0
-0.2805621990732161,-0.2544499347100868,-0.250818759551682,-0.25921063930809657,-0.29477733967177344,-0.3062543383451912,-0.30792694085275757,-0.3275570127389016,-0.3184388210733911,-0.331207120573559,-0.3261593601147964,-0.3026211000634939,-0.3132476266378336,-0.3101742043624016,-0.3130240727322053,-0.2860754662857612,-0.29754682817646255,-0.3018070166770328,-0.26836160163513023,-0.293313863225742,0
-0.2537243631549458,-0.2500946100112924,-0.25847857204310365,-0.29405328967461475,-0.3055147717587672,-0.3071698023895085,-0.326792102572622,-0.3176857800387877,-0.3304580603082944,-0.32542336145273315,-0.30188679538882374,-0.31251611799297385,-0.30948215979001503,-0.31235761122300837,-0.2853948515730922,-0.2968667301247801,-0.30112462042111765,-0.26769330932904645,-0.29260760429002974,-0.299724583078924,0
-0.24936997939598818,-0.2577527643723486,-0.29331367479368586,-0.30478837593662583,-0.3064300362874343,-0.3260308698231133,-0.3169230139814057,-0.3297023874106345,-0.32467557394429003,-0.30115617420402474,-0.31177961684535954,-0.3087514906132048,-0.31166507552767636,-0.28473462500262725,-0.2961836678761732,-0.300443708564781,-0.26701868099824516,-0.2919337829838375,-0.29901685989379406,-0.3024720344445735,0
-0.25702647926214145,-0.2925803263193251,-0.30404643562099865,-0.30570344050590054,-0.3252869931520287,-0.31616392310984187,-0.3289370112522076,-0.32392116724259634,-0.300413726860596,-0.31104680395057593,-0.308015825128774,-0.31093391969460527,-0.28404830266248715,-0.2955210066511716,-0.2997598350318415,-0.2663455268791785,-0.29125363493094464,-0.29834157703637487,-0.30176368372397877,-0.3161941953861963,0
-0.29184651693877717,-0.3033107638108313,-0.30496130196895965,-0.32455627765917555,-0.3154221968348327,-0.32817531299541813,-0.3231570468103769,-0.29966463279623107,-0.3103021801045966,-0.30728384608507336,-0.3101977697596698,-0.2833233036751374,-0.29483225808455893,-0.2990963667923033,-0.265669387058095,-0.29057496832905116,-0.2976599698848318,-0.3010877744874623,-0.31548271043627485,-0.33068876252677,0
-0.30257463618840685,-0.30422543211638936,-0.32381005522010214,-0.31469363652074683,-0.32743096896575585,-0.3223966029732073,-0.29890578107288623,-0.30955092075719914,-0.3065400503044045,-0.3094653073159751,-0.28259328268018885,-0.29410485493687794,-0.29840681400480307,-0.2650136118278254,-0.2898933330970882,-0.29697984609793543,-0.3004055420079263,-0.3148036727459155,-0.32997396692500564,-0.32591091441013237,0
-0.30348910688577135,-0.3230701051514493,-0.31394955052728374,-0.3266997850748737,-0.32165351835192274,-0.29815060046248154,-0.30878992165483643,-0.30578961475377503,-0.30872103148943913,-0.2818669358861314,-0.2933724406783889,-0.29767861395049466,-0.26433172541863864,-0.28923209137833056,-0.2962967581938155,-0.29972479371317157,-0.3141183170622829,-0.3292916246833832,-0.3251972100994372,-0.34797606869286657,0
-0.3223297086506512,-0.31321173497592725,-0.3259530983091615,-0.3209235966704661,-0.2974127999995246,-0.3080325958997691,-0.3050294326364752,-0.3079701183675012,-0.28112873327508814,-0.29264370581048277,-0.2969454063973357,-0.26361112201816056,-0.2885447574040451,-0.2956340714483261,-0.2990410832352701,-0.3134344496595981,-0.3286029699937365,-0.32451595713794823,-0.34725732455980335,-0.3499636937650855,0
-0.31247346831248135,-0.3252126843329621,-0.32017816114285413,-0.29668817422888233,-0.30729264176102744,-0.304272923016395,-0.3072094626277733,-0.2803838620622008,-0.29190313169551824,-0.2962158799549859,-0.26288547668720663,-0.2878187559832006,-0.29494529744957015,-0.29837777719260994,-0.31274762973352394,-0.32791580791177327,-0.323828389900553,-0.3465710410628904,-0.34924449564574284,-0.3573430663433363,1
-0.32447182494173793,-0.31943899727541186,-0.29594798857918464,-0.3065658575246141,-0.30353378825836436,-0.30645247987807084,-0.27962919827296095,-0.29115590120342827,-0.2954745197580088,-0.26216349606869965,-0.28708773709825963,-0.2942178691010471,-0.2976883860405095,-0.31208123060774173,-0.3272257035099157,-0.32314231384461817,-0.34587845173163245,-0.3485577589991167,-0.35662218272809787,-0.35385843251419297,1
-0.3186993852520727,-0.2952140698512198,-0.3058235321708736,-0.3028078252250451,-0.30571287010880743,-0.2788782012391013,-0.29039889764309096,-0.29472650723603167,-0.2614296293379914,-0.2863603945780924,-0.29348542975593817,-0.29696034615155276,-0.3113887570798711,-0.3265560371945723,-0.3224532921054082,-0.34518736016844676,-0.34786471727855983,-0.3559337636914605,-0.35313834481160905,-0.36348457621838237,1
-0.29447969146735276,-0.3050874756701208,-0.3020663139363707,-0.30498643100778394,-0.2781446009905428,-0.28964556327267377,-0.2939687281121557,-0.2606890716546782,-0.2856212031499006,-0.29275666985581134,-0.2962272980378004,-0.3106576628488584,-0.3258603077871983,-0.3217847027546502,-0.344493338454819,-0.347173173919396,-0.3552390424040508,-0.3524507202209879,-0.36276228984300707,-0.354230797717596,1
-0.30435096420054775,-0.30133107076592475,-0.3042444477894614,-0.277424184775988,-0.2889096163920991,-0.29321461898517637,-0.25993868572785245,-0.28487534821705685,-0.2920160708823152,-0.2954979306891195,-0.3099215742367716,-0.3251259872883849,-0.32109004658372425,-0.3438197754445486,-0.3464787018089849,-0.35454582168083143,-0.351756792046463,-0.3620724706311166,-0.353510624964418,-0.27074299674108876,1
-0.30059537084342614,-0.3035087331153219,-0.276688172092246,-0.2881868483263882,-0.29247789426687537,-0.25919196210527623,-0.284119708841918,-0.2912688156598352,-0.29475672848192147,-0.30918917298294957,-0.3243866870314678,-0.32035678956044517,-0.3431201628314694,-0.345804690772373,-0.3538496774010968,-0.3510643633959395,-0.36137635151803765,-0.3528229154799265,-0.2700418931356461,-0.15156600380328342,0
-0.30277256272290487,-0.2759584225637995,-0.28744850423415486,-0.2917543466334507,-0.2584626522631224,-0.28336773723725983,-0.29051178757359547,-0.2940088731353117,-0.3084449579217132,-0.32365108109713275,-0.3196185479588887,-0.34238199444408474,-0.3451046316838889,-0.353174002995802,-0.350369008735882,-0.36068173480243526,-0.35212890255398865,-0.2693732176599314,-0.15089212098529,-0.132592990297457,0
-0.2752282042384516,-0.2867164254015006,-0.2910152297496303,-0.25774653599725716,-0.2826331585420885,-0.28975842870279506,-0.29325124988717155,-0.30769410525183966,-0.3229036835914309,-0.31888399838426457,-0.34163886373904595,-0.34436602088172164,-0.3524722862967322,-0.3496941197944896,-0.35998419885365235,-0.3514363892632059,-0.26869820680248235,-0.15025061613693683,-0.1319234410371007,-0.20271086768691182,0
-0.2859838828789608,-0.29028237882289554,-0.25701478588636606,-0.28191176170475957,-0.2890224572244005,-0.2924972964737388,-0.30693350946431786,-0.3221496648820776,-0.31813764990859916,-0.3408994356627556,-0.34362244976713313,-0.35173203295968225,-0.34899318584027533,-0.3593071401036745,-0.3507409502250169,-0.2680246706584621,-0.1496027303127934,-0.13128626176088345,-0.2020253030548822,-0.20555392633451602,0
-0.2895490658990969,-0.2562892950834557,-0.2811747769219727,-0.2882996645061618,-0.29176072808824854,-0.30617658660444097,-0.32138592923401715,-0.31738467482170235,-0.3401482425354737,-0.3428825822363027,-0.35098682675495535,-0.3482537081291417,-0.35860404385211947,-0.35006597734957573,-0.2673481499955415,-0.14895628362686433,-0.13064269425028835,-0.20137213791871858,-0.20486771232970694,-0.21876534311201182,1
-0.2555633261463583,-0.2804440561718789,-0.28756129597568425,-0.2910373371353342,-0.30543703696318175,-0.3206258697806374,-0.316621974166727,-0.3393904477703548,-0.3421309527036871,-0.35024532767961103,-0.3475092740348279,-0.3578624235093931,-0.3493649597518679,-0.26669199592780846,-0.14830676852702476,-0.13000056021432266,-0.20071261137347574,-0.20421389901737125,-0.2180761115351098,-0.2428734740512545,1
-0.27971286875429396,-0.2868291927268433,-0.2902983755701321,-0.3047106581238929,-0.31988317107181574,-0.31586294862951836,-0.3386229672894944,-0.34137272378283323,-0.3494920779231424,-0.3467685453956076,-0.3571158564949056,-0.3486253991579648,-0.26600973199258315,-0.1476774778918782,-0.12935534440833535,-0.20005453923356764,-0.20355372538363756,-0.2174192862111993,-0.24217873602304912,-0.18874717255929785,1
-0.2860966258416495,-0.2895656798218281,-0.30396873464350055,-0.3191536361611293,-0.3151212879486955,-0.33785916689982615,-0.34060481273612914,-0.34873223713042706,-0.3460160607295026,-0.35637299956065965,-0.34788088255654553,-0.2652887544996053,-0.14702198439586794,-0.12873033043982313,-0.19939343468333307,-0.2028950070039126,-0.21675610562023948,-0.24151641439464236,-0.18806479732454787,-0.20370216424191723,1
-0.28883252173623053,-0.3032330796533729,-0.31840858404241434,-0.3143927933746839,-0.33711271237721846,-0.3398405822286224,-0.3479627275399007,-0.34525698108323394,-0.35561840136695094,-0.3471400715891329,-0.2645627367717157,-0.14632753386924724,-0.12807909880587418,-0.19875261559316165,-0.2022332582152411,-0.2160943842269941,-0.24084774672233789,-0.1874148157085214,-0.20301637319141405,-0.17994627065724492,1
-0.3024969688141101,-0.31766980323781174,-0.3136487725498719,-0.3363794132994475,-0.33909369587762134,-0.34719690015186216,-0.3444882263454842,-0.354857219087971,-0.34638750516607925,-0.26384038456380016,-0.1456279228749668,-0.12738887138036178,-0.1980856335502766,-0.20159179827726478,-0.21542964172501955,-0.24018054544420334,-0.1867584673412647,-0.20236298205400105,-0.1792659056047804,-0.11044480863828826,0
-0.31693057343744424,-0.3129110221083465,-0.3356306297323878,-0.3383599640110283,-0.3464484105696234,-0.34372315302479534,-0.35408637910348967,-0.3456283441843058,-0.26310614882199956,-0.14493192013876444,-0.12669346434609963,-0.19737979896327534,-0.20092417760500308,-0.21478520382967722,-0.2395103400283324,-0.18610356921107635,-0.20170322988675343,-0.17861793046685118,-0.10978031816428387,-0.12843658951352574,0
-0.3121728204119779,-0.3348881208473725,-0.3376107514170158,-0.34571307190604894,-0.3429754205087905,-0.35331922270577565,-0.3448595087835879,-0.26236522402978646,-0.14422385103981086,-0.12600165645380434,-0.19666885550655594,-0.20021771019685708,-0.21411461550886973,-0.2388604679704533,-0.1854456288407755,-0.20104493242074992,-0.17796358521069275,-0.10914818835252918,-0.12776798960169305,-0.18331013739339258,0
-0.3341451711404349,-0.3368678138922791,-0.34496226648159034,-0.3422408405952397,-0.3525693988284631,-0.344094354883861,-0.2616144740295638,-0.14350895800563931,-0.12529775309234673,-0.19596154488188489,-0.19950613678723747,-0.21340520744246624,-0.23818446429859533,-0.18480795727743346,-0.2003836032422462,-0.17731068756446833,-0.10850966183307133,-0.12713175792462292,-0.18262900401225007,-0.1779209058684648,0
-0.3361244364854157,-0.3442177375640651,-0.3414907873256286,-0.3518327229022118,-0.3433465414683597,-0.2608673867124102,-0.1427840245153964,-0.12458700432196913,-0.19524224635555854,-0.19879819757569267,-0.21269070670304205,-0.23746969013289201,-0.18414411186555762,-0.19974256070602597,-0.17665474148270946,-0.10787256217684675,-0.12648913642304277,-0.18198026196145178,-0.1772410034222724,-0.2379094433329154,1
-0.34347277225355294,-0.3407470098840707,-0.3510805918387764,-0.34261188047538393,-0.2601377117292858,-0.1420627268460546,-0.12386618082796329,-0.19451618177989338,-0.19807827482401547,-0.21197984650948481,-0.236749847615866,-0.18344138538240878,-0.19907535599059722,-0.1760190537119529,-0.10723236515932007,-0.12584794715537567,-0.18132515107935326,-0.17659349003816485,-0.23721583912107627,-0.21219360046816896,1
-0.3400027944019095,-0.35033473847877006,-0.34186174683110326,-0.2594212295103406,-0.14135894407475036,-0.12314898887839325,-0.1937801691219662,-0.19735158924078008,-0.21125702304336771,-0.23603365722812797,-0.1827335359421463,-0.19836930075622336,-0.17535718522535096,-0.10661234356534464,-0.12520367319177583,-0.18067148881132788,-0.17593960576097556,-0.2365546492197381,-0.21150586991932002,-0.18452535626666058,0
-0.3495884516296263,-0.3411178890874203,-0.25868911662729194,-0.14066841165444532,-0.12244932815508208,-0.19304780381285244,-0.1966149607101904,-0.2105274516984055,-0.23530554055200073,-0.18202931262468705,-0.19765813765220955,-0.17465641768765722,-0.10596608702378739,-0.12457959610872707,-0.18001478047577238,-0.17528716848913395,-0.23588711137539156,-0.2108505428574993,-0.1838439453217548,-0.19093104415763454,0
-0.3403735934791971,-0.25796326337965514,-0.13996202301025504,-0.12176292695060936,-0.1923329093863827,-0.1958819801692318,-0.2097879612675054,-0.2345707032826686,-0.18131307998393323,-0.19695060785654003,-0.17395051831398325,-0.10528078944299805,-0.12392929811701725,-0.179378334462967,-0.1746316813559961,-0.23522103844341505,-0.21018885801444934,-0.18319492621866348,-0.19024817011264336,-0.2214297671012268,1
-0.2572369327924938,-0.13926187078328287,-0.12106063361306559,-0.1916312405975006,-0.19516646806417406,-0.20905212180405358,-0.23382599046959857,-0.1805900654896971,-0.1962310916799586,-0.17324824083447476,-0.10459028990907286,-0.12323999584241734,-0.17871571035912914,-0.17399645011841028,-0.2345519578792575,-0.2095286304074,-0.18253953874918347,-0.18959769060553958,-0.2207399269528439,-0.2252616063227324,0
-0.13856118486711758,-0.12036457299639639,-0.1909138123838222,-0.19446418022292616,-0.20833373940672534,-0.2330849340578835,-0.17985707769307688,-0.1955048105759902,-0.1725339405302494,-0.10390337887540557,-0.1225455097658465,-0.17801419407641725,-0.17333503658459434,-0.23390320475298818,-0.20886537706542307,-0.18188560025652845,-0.1889408451826987,-0.22008249417887477,-0.22457089095776264,-0.2176230876907619,0
-0.1196679697196497,-0.19020263055146094,-0.1937461383377837,-0.2076285748893953,-0.23236131396477624,-0.17912773409789143,-0.19476858318016121,-0.17181284841165992,-0.10320433839515432,-0.12185462083418433,-0.17730754935139142,-0.17263471986196388,-0.23322831613932501,-0.2082224204926174,-0.18122861655180034,-0.1882854506488281,-0.21941870715719652,-0.22391258457997934,-0.21693411701230406,-0.21407555433401676,0
-0.18949093921239396,-0.1930343433878462,-0.20690768133269724,-0.23165090010251776,-0.17841587340253978,-0.19403600335658122,-0.17108176709519313,-0.10249842743861812,-0.1211516300570449,-0.17660452813679428,-0.17192926926004629,-0.23251464689054077,-0.20755330836643981,-0.1805918966190925,-0.18762701541218804,-0.21875638012858298,-0.2232479254204501,-0.21627755210607685,-0.21338739393486778,-0.22700266524675194,0
-0.19232204027546757,-0.20619303728506697,-0.23092480282903324,-0.1777172450920915,-0.193320893562533,-0.17035432799646194,-0.10178240175615913,-0.12044178916676113,-0.1758894892579724,-0.1712274395791514,-0.2317959042824282,-0.20684536306891246,-0.17992899954358305,-0.18698885158699236,-0.21809103386686973,-0.22258472739781798,-0.21561463149580273,-0.2127316378148376,-0.22631155221278804,-0.24845140415898795,0
-0.20547789132166236,-0.2302049597613893,-0.17700283092852423,-0.19261900892707381,-0.16964437937164203,-0.10107000262599644,-0.11972186604588664,-0.17516766237201883,-0.170513583966437,-0.23108081141849715,-0.20613231846840457,-0.17922721277183318,-0.18632451561732985,-0.21744599538938106,-0.2219185128395211,-0.21495316974227135,-0.21206952463356535,-0.22565284889880025,-0.24775539209586922,-0.3405639883602628,1
-0.22948462617685894,-0.17629466042585154,-0.19190136674299113,-0.16894766738435799,-0.10037515378287133,-0.11900557353260661,-0.17443585236373813,-0.16979293424704578,-0.23035378465088066,-0.20542291125618736,-0.1785202987837535,-0.18562130303793886,-0.2167748085654675,-0.22127261063530068,-0.2142886860759166,-0.21140886925007088,-0.22498779346915093,-0.2470917987802293,-0.3398469371937556,-0.29731175720011654,1
-0.17558597381411162,-0.19118997113335107,-0.16823515288696886,-0.09969357516067841,-0.11830681582259403,-0.17370768533139935,-0.16906229167172354,-0.22962003167175746,-0.2047015306897307,-0.1778170088899882,-0.18491296970465212,-0.2160648074392478,-0.2206005630746255,-0.21364450565394016,-0.21074518945645604,-0.22432419969611772,-0.24642186155466442,-0.3391623435437479,-0.29660458511984983,-0.3030381301929903,1
-0.19047806648571347,-0.16752888033587288,-0.09899606248676135,-0.11762131963981008,-0.17299700587801997,-0.1683352908576252,-0.22887639418325653,-0.20397339480651494,-0.17710170319625976,-0.18420826354347036,-0.21534971632803482,-0.2198897090399072,-0.21297417391520082,-0.21010180867643086,-0.22365759061304352,-0.2457533923883229,-0.33847144122372363,-0.29592985235176605,-0.30232965017250585,-0.30477164117369765,1
-0.16682208751443744,-0.0983047782187856,-0.11691992345736243,-0.17229956143674208,-0.16762578226047195,-0.22813641197723167,-0.20323532796799929,-0.17637961087078724,-0.18349155140926124,-0.21463826704288527,-0.21917376888598003,-0.21226502009729262,-0.20943227381151547,-0.22301129596043284,-0.24508192301084603,-0.33778203445921084,-0.29524879436647317,-0.30165361187436224,-0.3040627652082176,-0.2761523561148491,0
-0.09761294081855423,-0.11622475918603478,-0.17158632085196582,-0.1669295112795193,-0.22741387036187144,-0.20250091061567912,-0.1756475376178198,-0.1827680598932809,-0.2139148585726562,-0.21846147239922983,-0.21155077245398943,-0.2087239096199914,-0.2223388573099093,-0.24443079364360099,-0.3370896923264992,-0.29456921902558064,-0.3009712505497727,-0.3033863316946912,-0.27545001697712695,-0.29056137989788433,0
-0.11552905028938616,-0.17087932286883492,-0.1662174339551643,-0.22670453737600033,-0.20178395598514015,-0.1749191076147013,-0.18203459901925267,-0.2131847052391835,-0.21773722260580672,-0.2108401648077248,-0.2080104480241124,-0.2216276157422422,-0.24375353701481559,-0.3364178000574972,-0.2938866778689484,-0.3002903735789482,-0.3027035758179156,-0.2747801082458636,-0.28985574964696925,-0.29550025080518283,0
-0.17017180620587946,-0.16551159818251865,-0.2259795115837535,-0.20108022241009282,-0.17420816414472196,-0.1813047828388979,-0.21244463763204482,-0.21700623228602473,-0.21011759213657166,-0.20730062472076105,-0.22091128981184868,-0.2430375212876274,-0.3357198524020672,-0.2932245349934102,-0.29960653482348193,-0.302022304812371,-0.2741038662023479,-0.2891825558670887,-0.2947934924845632,-0.3214752397236489,1
-0.1648052411818937,-0.2252607390302493,-0.20036074735769932,-0.1735104550996452,-0.18059244767893173,-0.2117082215929083,-0.21626533461334183,-0.209388270293766,-0.20657883095026688,-0.22019860838517227,-0.24231644283645998,-0.33498333382980855,-0.2925363029818863,-0.2989431011783827,-0.3013380732424949,-0.2734291004869947,-0.28850303428747814,-0.2941191727136864,-0.32076254854942293,-0.31705717690489393,1
-0.2245414736127489,-0.19964752053405946,-0.17279695221104846,-0.1798933438486131,-0.21098926032688564,-0.21552808937234716,-0.208649027301971,-0.20585028399301344,-0.21947397632277327,-0.24159901919465193,-0.3342418454621539,-0.2918094116913082,-0.2982535828655657,-0.3006742488503713,-0.27275135406067635,-0.28782499333723033,-0.29343852703256473,-0.3200823068574838,-0.3163454948444739,-0.3060573075178798,1
-0.19893378868737163,-0.17208969216084738,-0.1791784582984699,-0.2102835156534004,-0.21480829560677622,-0.20791343502016305,-0.20511180947949645,-0.21874260570455004,-0.24086967782153113,-0.33350405616190787,-0.29107750696994383,-0.2975254169723987,-0.2999843411431821,-0.27209398068074814,-0.2871439818192939,-0.2927593634550953,-0.3193957491926633,-0.31566626040683404,-0.30534813789798354,-0.31132828793091605,1
-0.17138191400540562,-0.17846981683468555,-0.2095620469833568,-0.21410171658218202,-0.20719530078750645,-0.20437698487636216,-0.21800133087798884,-0.24013362216832004,-0.33275449043983263,-0.29034928053425235,-0.2967922434255468,-0.2992557893971225,-0.271410501654231,-0.28648336053195095,-0.29207723278667064,-0.3187106813852214,-0.3149807083060754,-0.3046714112711616,-0.31061791438538,-0.29698719563769094,1
-0.1777606602944195,-0.20884682834146703,-0.21337942081334216,-0.20649038498679062,-0.203659621375395,-0.21726370887554583,-0.23938770104578738,-0.3319983146909101,-0.2896092113236866,-0.2960627509157627,-0.29852223174624554,-0.27068832012102206,-0.2857966448413275,-0.29141549823893736,-0.3180226647719976,-0.31429664474387103,-0.3039883627729535,-0.30993998605140716,-0.296280097689361,-0.28533317116361734,1
-0.20813110904360488,-0.21266337581917932,-0.20576973798482237,-0.20295547802055158,-0.21654353685016703,-0.23864543758185988,-0.3312324398391326,-0.28886248313329504,-0.2953214244159063,-0.2977923559653499,-0.2699611038101806,-0.2850712560809541,-0.29072767314170656,-0.31735507525723966,-0.31360962926577574,-0.3033067995297572,-0.30925573786258986,-0.2956054389166101,-0.28462873506901704,-0.24210861579561582,0
-0.21194683198082723,-0.20505534026938646,-0.20223559675023317,-0.21583657872447798,-0.23792060563616005,-0.33047024340788467,-0.2881059777212883,-0.2945734454173467,-0.2970506488537531,-0.2692375556183903,-0.28434084707961743,-0.2900011850646012,-0.316661415461173,-0.3129430356171642,-0.30262227662727814,-0.30857297650221105,-0.29492445480248125,-0.28395673324496445,-0.2414140524659281,-0.26014316834962253,1
-0.20434044009809113,-0.20152196407531275,-0.2151139071497504,-0.2372089772260299,-0.32972539922255156,-0.2873531409808766,-0.2938156995396941,-0.29630229120544493,-0.2685021321911877,-0.28361411312054746,-0.2892696817291555,-0.31592914575088343,-0.3122503682398457,-0.30195816243583745,-0.3078872591930724,-0.2942449532358687,-0.28327840162100343,-0.24075190521411985,-0.2594444858127815,-0.2664960206374109,1
-0.20080782726717616,-0.21439748668889486,-0.2364816759617172,-0.3289937140636033,-0.2866176937093545,-0.2930616236243453,-0.2955441698089742,-0.2677600258358985,-0.28287552603088106,-0.2885418558089942,-0.31519188698734746,-0.3115190819224146,-0.30126796593253197,-0.30722195688114384,-0.29356248562504034,-0.2826015490657462,-0.24008341162579874,-0.2587782269443349,-0.2657958870684742,-0.2566258267661262,1
-0.21368056820706344,-0.2357606299899436,-0.32824653038692686,-0.28589542636387577,-0.2923249322497557,-0.29478971876553595,-0.26700810404255687,-0.2821302723212956,-0.28780218433493526,-0.31445831811950065,-0.310782802094536,-0.3005391280169104,-0.3065305763702772,-0.29290041590823385,-0.2819217222623868,-0.23941638420333172,-0.2581056286389319,-0.26512817984176695,-0.2559279476126,-0.23397444888614263,1
-0.23503909613865936,-0.32750561994826527,-0.2851575786395346,-0.29160141803420214,-0.29405265077099313,-0.26625984615153925,-0.28137522919809727,-0.2870558518307831,-0.3137129435458649,-0.3100502100395656,-0.29980528549352725,-0.3058005652154537,-0.2922122568021875,-0.2812622794544585,-0.23874635210470405,-0.2574345018828304,-0.2644541356085414,-0.2552624906470636,-0.2332817434522036,-0.24367607202345434,1
-0.3267642651830764,-0.2844259957267606,-0.2908623342777793,-0.2933287590978466,-0.26552899593924295,-0.2806238532249774,-0.2862997388332162,-0.3129609373406905,-0.3093058055010768,-0.2990751254578595,-0.3050655547705431,-0.29148543775402325,-0.2805767381636976,-0.2380966524518981,-0.2567603831460469,-0.26378156482099085,-0.2545906928989263,-0.23262145067257614,-0.24298115067673864,-0.24206081215463843,1
-0.2836939480367932,-0.290129516448542,-0.29258930116475235,-0.2648113358773008,-0.2798898725301382,-0.28554729409893576,-0.3121991975560726,-0.30855476433067525,-0.29833313606382533,-0.30433422934593685,-0.2907536049476359,-0.27985251312220805,-0.23742082058829722,-0.25610661836309445,-0.26310600652486815,-0.253920365650138,-0.23195480844451252,-0.2423186460676249,-0.24136625974360806,-0.21323773262635998,1
-0.2893962365496744,-0.2918561094965681,-0.26407805538925416,-0.27916907502315275,-0.28481224039253167,-0.31144113188943257,-0.30779398160127447,-0.29758449758819994,-0.30359108264915047,-0.2900254502709769,-0.2791232625652313,-0.23670621666828237,-0.2554267354416424,-0.26245080975898877,-0.2532470439446243,-0.23128962995419397,-0.2416497957216668,-0.24070412339033723,-0.2125497635910478,-0.15727728090953286,1
-0.2911224565783981,-0.26335103559047673,-0.27843268436123464,-0.2840903674874984,-0.31070043489653065,-0.3070368719940323,-0.296826097686481,-0.3028412928364812,-0.28928545232153535,-0.2783976845384831,-0.23598654362531096,-0.25470811730749887,-0.26176949981171727,-0.25259407199815964,-0.23062144106164298,-0.24098241200946005,-0.24003564068226507,-0.21189419848222582,-0.15660209359931876,-0.16476735665636286,1
-0.2626235410098464,-0.27770255719576775,-0.2833529107750635,-0.30997290615377654,-0.30629713486272375,-0.29607136842758014,-0.3020817511177464,-0.28853879502492835,-0.27766024536056805,-0.2352705223441301,-0.2539844482447143,-0.26104946763032555,-0.25191497916862665,-0.22997357491410542,-0.2403120247245083,-0.23936862412577728,-0.21123227599163275,-0.15595928666254913,-0.16409045856494128,-0.15326680702963794,1
-0.27697196206137126,-0.28262171852127616,-0.3092298427650628,-0.3055705681163894,-0.29533402111112717,-0.30132588122989423,-0.28778235992050877,-0.27691613364543477,-0.2345425736011946,-0.25326443960892187,-0.26032439092942317,-0.25119714394064274,-0.22929957020871222,-0.23966197175472673,-0.2386986028594773,-0.21057181104872147,-0.15531010093497716,-0.16344594399944223,-0.15259253573730922,-0.0492712440738186,0
-0.2818900606337728,-0.3084930488954728,-0.30482845836226946,-0.29460984949483116,-0.30058738874827146,-0.2870295934145289,-0.27616222307391136,-0.23380790339938579,-0.2525325311780973,-0.2596029777079173,-0.250474254235517,-0.2285867768291938,-0.23898578779723056,-0.2380489139819884,-0.20990832110590266,-0.154662356050478,-0.1627950535086514,-0.15195064313046724,-0.048620726033230054,-0.1200181167392921,1
-0.30775580167374883,-0.3040926172665412,-0.29387011405189783,-0.2998620694198459,-0.28629421665675714,-0.2754119784740425,-0.23306335627241256,-0.2517939216999492,-0.2588696744372602,-0.24975502326737906,-0.22786890612049357,-0.23827083498555807,-0.2373730928564036,-0.20926512917748724,-0.15401154677253945,-0.16214560609677642,-0.15130237019851867,-0.048002542907712255,-0.11935143966048606,-0.09760575706419569,0
-0.3033563207297157,-0.2931366451243495,-0.2991211962408796,-0.2855720199818582,-0.2746791336518633,-0.23232246537439735,-0.2510454678692195,-0.2581296773094529,-0.2490238871082717,-0.22715468326529753,-0.23755081463227085,-0.2366584995767443,-0.2085957825104324,-0.15338096877056356,-0.1614930995641239,-0.1506555369124868,-0.04737793967105696,-0.11871712727321392,-0.09694419911169007,-0.08828153109249529,0
-0.2924027155547084,-0.2983865906041966,-0.2848342423138169,-0.27395947454383024,-0.23159901145322884,-0.2503006743323867,-0.25737984730308355,-0.24828604592090514,-0.2264285204697595,-0.2368344467939021,-0.2359388371259013,-0.2078876048051395,-0.15272419236421259,-0.16086083324009914,-0.15000563640983008,-0.04675474503687322,-0.11807642184074035,-0.09631499641763987,-0.08762210285283983,-0.1286001282852906,1
-0.29765152681766366,-0.2841027293941113,-0.2732242123857195,-0.23088876413249176,-0.24957330225182092,-0.2566336790225266,-0.24753835402821278,-0.22569562700907864,-0.2361061538984059,-0.23522282641388026,-0.2071743288502479,-0.15202847059511532,-0.160202374356178,-0.14937596240024448,-0.04612840997806871,-0.11743714612920339,-0.09567939210399519,-0.08699502594719112,-0.12793149102015644,-0.09821965645358995,0
-0.2833707515437521,-0.27249521270549454,-0.23016283195292322,-0.24885912805731564,-0.25590492673095666,-0.24679432163661807,-0.2249528419319442,-0.23537114131808712,-0.23449488816676922,-0.20646469078532925,-0.15132759412022995,-0.15950498541137467,-0.1487200868569257,-0.04552217738721581,-0.11679477979552397,-0.09504521082103187,-0.08636154385473861,-0.12729522205861624,-0.09755795828253726,-0.10619280057240228,0
-0.27176574258432074,-0.22944315383018477,-0.24812930313699097,-0.2551893692557225,-0.24606771372832317,-0.22421371125034886,-0.23462625464361944,-0.23376022840668065,-0.20574308096796942,-0.1506303286475644,-0.15880244931721144,-0.1480252577576556,-0.04488966211527253,-0.11617260030252406,-0.09440792313867667,-0.085729482009617,-0.12665256333513175,-0.09692861562832246,-0.10552928128423619,-0.08942881847595333,0
-0.22872298482891698,-0.24740573578700786,-0.25445817307836527,-0.24535430540568284,-0.2234920245458839,-0.23388502455141014,-0.23301569163508845,-0.20501471701560176,-0.14992100557379107,-0.1581035278240829,-0.14732526990659586,-0.0442179808294504,-0.11552419333195961,-0.09379079556801843,-0.085094307201286,-0.12601133689437782,-0.09629287158937533,-0.10489812086870345,-0.08876912818852138,-0.10893018801363538,0
-0.24668168608565355,-0.25373323570901934,-0.2446252397001429,-0.22278354837231376,-0.23316123008709086,-0.2322748110816795,-0.20427642399376314,-0.14920486502883681,-0.15739256022033668,-0.1466288911308124,-0.04354103587500868,-0.11483676487997053,-0.09314742303151342,-0.08447928138457907,-0.12536702587281484,-0.09565855076436308,-0.10426056211875849,-0.08814178971797493,-0.10826604348866925,-0.1697364193369102,0
-0.2530078189920793,-0.24390243087969216,-0.22205937194481898,-0.2324506414658017,-0.23155136754625713,-0.20354178069346457,-0.14847869434306835,-0.15667478362269519,-0.14592044860147196,-0.04286765002828689,-0.11414414413296092,-0.09246498322621219,-0.08383800332636596,-0.12474291192683923,-0.09502112397211529,-0.10362442896279092,-0.08750804649954733,-0.10763425898846818,-0.16905838627979,-0.20381286741049648,0
-0.24317913804478888,-0.22134144798944685,-0.23172437095231976,-0.23084113063436515,-0.2028245992163645,-0.14775616076550724,-0.15594699041222207,-0.14520518406188673,-0.042182040888902525,-0.11345511648597095,-0.09177732851498602,-0.08315763895041195,-0.12409257719981129,-0.09440385802370095,-0.10298519545230712,-0.08687572387092443,-0.106996077201109,-0.1684127388400079,-0.20312705107468154,-0.21229172373122782,0
-0.22062302930952113,-0.23100435480104148,-0.23011520877316638,-0.20212063829022708,-0.1470511371708448,-0.1552228359981989,-0.14447988213808644,-0.04148949203684661,-0.1127539740787641,-0.09109325613513886,-0.08247205026170638,-0.12340323852399508,-0.09376034758846329,-0.1023661322944293,-0.0862402890867286,-0.10635932182485763,-0.16776071737596976,-0.20247363469855034,-0.211603970770398,-0.2238677527910751,0
-0.23028384851236386,-0.2293955409594845,-0.20140093786291538,-0.14635936116746864,-0.15451618512109708,-0.14375821641854364,-0.04078671797201236,-0.11204597203036529,-0.09039703461237893,-0.08179003942429651,-0.12270871621119546,-0.09307777113859628,-0.10172083087114331,-0.08562500466241191,-0.10571946802108231,-0.16711014047414946,-0.2018138573349367,-0.21094862133789524,-0.2231773557911671,-0.22269278961547226,0
-0.22867538224467066,-0.20068748586777624,-0.1456517397496293,-0.15382277821604567,-0.14305406413332303,-0.04008755667112037,-0.11132787254659586,-0.08969392808206476,-0.0810958651397225,-0.12201779112188127,-0.0923899804021421,-0.1010364797219775,-0.08498346889181317,-0.10509978783452154,-0.16645650794953853,-0.20115553470561287,-0.21028691416170267,-0.22251936719179027,-0.22200266098466873,-0.23989958438623837,0
-0.19997352934327928,-0.1449503558616854,-0.15311354007258818,-0.14236316137726643,-0.03940599830338362,-0.11061340177292016,-0.08898068363694801,-0.08039479529441303,-0.12131476443797387,-0.09170577229203195,-0.10034692233000045,-0.08430284914732643,-0.104453871518526,-0.16582312155966009,-0.20049418044171868,-0.20962666425080123,-0.221855025277415,-0.2213449402598692,-0.23920552561345362,-0.2581379314096751,1
-0.14424844098497372,-0.15241054091825096,-0.14165640561634188,-0.03873773971590057,-0.10991647304746996,-0.08827106285024047,-0.07968357069362125,-0.1206048878260157,-0.09100941598078917,-0.09966095139528594,-0.08361700624753898,-0.10376891106900138,-0.16516354648722667,-0.19985311295213262,-0.2089633886740464,-0.22119214408386118,-0.22068086577056048,-0.238543881988795,-0.2574397068817768,-0.23369265900248634,0
-0.1517070143166289,-0.1409558866039878,-0.038053431296830725,-0.10923280991708953,-0.08757900339988935,-0.07897596764958364,-0.11988492927883762,-0.09030617535680499,-0.09896284449100183,-0.08293474175029333,-0.10307874713830269,-0.16446505150546684,-0.1991858833697193,-0.20832040998348464,-0.22052624537343518,-0.22001825165133806,-0.23787589118250485,-0.25677390517829396,-0.23300001793115907,-0.2388252604547985,0
-0.14025483470662015,-0.03737533936580058,-0.10853323085386203,-0.08690022037435369,-0.07828593396635392,-0.1191686013761152,-0.08959279792679474,-0.09825786229799988,-0.08224031556593174,-0.10239217098012035,-0.16376141438742928,-0.1984798034945221,-0.20765127581611617,-0.21988065735477574,-0.2193526191881245,-0.23720936588265656,-0.25610176327070266,-0.2323397893955416,-0.23813144706447112,-0.2412808580123753,0
-0.03669666537822326,-0.10783988206165834,-0.08620547899732259,-0.0776091812134445,-0.11846980813591834,-0.08888304429356493,-0.09754275769943437,-0.08153899511933729,-0.10169346305178165,-0.16306139425795063,-0.1977686158613688,-0.20694330867785904,-0.21920892289204275,-0.2187072960154163,-0.23653983435159315,-0.2554310923138348,-0.23167321130368237,-0.23747004837010052,-0.24058648374785965,-0.2434018300831102,0
-0.10714598466368294,-0.08551696352491454,-0.07691645246158671,-0.1177842763439275,-0.08819085146836826,-0.09683127869477415,-0.0808275219894003,-0.10098788293290675,-0.16234933564087,-0.19706106158975023,-0.2062302423356139,-0.218498379107691,-0.21803582548181505,-0.23589063263186041,-0.25475742796469225,-0.23100809686545187,-0.23680230208308967,-0.2399245252128307,-0.24270697137500774,-0.2457920121319811,0
-0.08482788884964713,-0.07622994779779595,-0.11708284486179388,-0.0875119347713483,-0.09613735363643997,-0.0801196706748129,-0.10027218535252107,-0.16163047365389116,-0.19634152110704894,-0.20552081342880546,-0.21778274779792905,-0.21732554322620187,-0.23521529697763358,-0.25410411517793496,-0.23033997182662208,-0.236136020981827,-0.23925622002461003,-0.2420445292890823,-0.24509660749101095,-0.2434018300831102,0
-0.07554287952243377,-0.11638764532264104,-0.08681706088472674,-0.09545670085362598,-0.0794293877336751,-0.09956011398304032,-0.16090160402880882,-0.1956152158222548,-0.20479941131828805,-0.21707075948562846,-0.21661017225980667,-0.23450118475404802,-0.253424682687999,-0.22969216919674304,-0.23546673289307563,-0.23858938075515163,-0.24137574136139456,-0.24443362047821515,-0.24270697137500774,-0.2435880126848117,0
-0.1156919012354922,-0.08612841302232878,-0.09476010597154456,-0.07875238516848355,-0.09886559420408335,-0.16017637432018955,-0.19487896444554337,-0.20407125400206763,-0.2163468157283508,-0.21589844372632913,-0.23378200117890527,-0.25270651088876905,-0.22901822778912878,-0.23481777333441606,-0.23791953622682993,-0.24070841998559492,-0.24376428853807935,-0.2420445292890823,-0.24289311145141218,-0.24900492000188434,1
-0.08543920624733745,-0.09406973866702353,-0.07805940877575177,-0.09818434537792955,-0.15946864387210424,-0.19414636066603314,-0.20333316590776981,-0.21561612986714748,-0.215174757945369,-0.2330664683041626,-0.2519832861378973,-0.2283054971317061,-0.2341426790029714,-0.23727002315714593,-0.2400380948439968,-0.24309642386331867,-0.24137574136139456,-0.24223062691855157,-0.24830878151220678,-0.2651927424255003,1
-0.09337881621979806,-0.0773726566946028,-0.09748715963341192,-0.15877415499499758,-0.19343122682078326,-0.20259872732178422,-0.21487553413557522,-0.2144443287306571,-0.23233900457880058,-0.25126372085054594,-0.22758768886081546,-0.2334288059073759,-0.23659437723077065,-0.23938810369050792,-0.2424255571053355,-0.24070841998559492,-0.24156179661515734,-0.24764506200297584,-0.264492906533643,-0.2356626722069767,0
-0.07668534154434672,-0.09679620199975554,-0.15806384428415818,-0.19272931808063018,-0.2018817513731347,-0.2141385905215204,-0.21370398752345068,-0.2316048168943782,-0.25053225269193785,-0.22687352830803523,-0.2327098603763822,-0.2358799575569121,-0.23871198133531446,-0.24177502718599295,-0.2400380948439968,-0.24089443291922813,-0.24697499879558088,-0.26382549643548187,-0.2349695811720332,-0.2299463631385193,0
-0.09610469051769552,-0.15735977353051736,-0.19201165200137543,-0.20117799643256323,-0.21341909958244307,-0.2129672981689282,-0.23086074829501352,-0.24979408121647417,-0.22614742738262048,-0.2319945650295998,-0.23516046792500633,-0.2379970895656816,-0.24109836792999612,-0.23938810369050792,-0.2402240655885642,-0.24630640381263785,-0.26315174883220177,-0.23430890350195313,-0.22925457774512886,-0.24097390831767823,1
-0.15665517767908071,-0.19130023251813064,-0.20045850020035813,-0.2127128240578583,-0.21224806250055936,-0.23012033542669724,-0.24904606176672858,-0.2254145954731324,-0.2312673371840827,-0.23444462965717192,-0.23727712997776262,-0.2403829441425867,-0.23871198133531446,-0.23957403246805092,-0.24563480900820867,-0.26247947428555835,-0.23364187702930778,-0.22859520331067973,-0.24027960416243613,-0.24523849628908467,1
-0.19058830404923136,-0.19974525221602316,-0.21199082915095746,-0.2115420428144302,-0.22939736143632541,-0.2483017021589049,-0.22467187143824416,-0.23053338416358288,-0.23371686265772348,-0.23656082277299495,-0.23966245494824717,-0.2379970895656816,-0.2388978682911107,-0.24498355487413437,-0.2618042113128961,-0.23297631479835465,-0.22792947788675227,-0.23961771560748948,-0.24454321807467336,-0.2353381106445511,1
-0.1990314992550352,-0.21127508474718154,-0.21082030152219636,-0.22868759511379824,-0.2475747657330601,-0.22393280173538035,-0.2297895482877818,-0.23298237326254354,-0.2358325900903866,-0.2389456192854883,-0.23727712997776262,-0.2381829350800931,-0.24430617391042606,-0.26114930831618755,-0.23230774335359905,-0.2272652149981565,-0.23894948028192003,-0.2438803572554686,-0.23464509374154438,-0.22435836910636964,1
-0.21055884084016985,-0.21010481050417984,-0.22796213975152657,-0.24686102816221459,-0.22321117625215597,-0.22904936790087949,-0.2322380054471685,-0.23509763741256798,-0.2382168618116558,-0.23656082277299495,-0.23746293423862141,-0.2435900349791212,-0.2604682911211435,-0.2316594966672322,-0.22659793887174495,-0.2382827107834861,-0.24321115129716286,-0.23398449006679722,-0.22366786004655723,-0.20653767494620928,0
-0.20938881942737744,-0.22724293801571901,-0.2461316360703473,-0.22250276143598846,-0.22832662731648737,-0.23149729367417715,-0.2343528101452863,-0.23748138704782681,-0.2358325900903866,-0.23674658586975758,-0.24286883388225639,-0.2597485490294447,-0.2309851127403242,-0.2259509806864513,-0.23761293581011067,-0.2425434124390037,-0.2333175374653159,-0.22300975959377017,-0.20585123624692514,-0.20640935990990142,0
-0.22652324435690047,-0.2454085011581591,-0.221778645832568,-0.2276170949190577,-0.23077401959040283,-0.23361163939844964,-0.2367360420114926,-0.23509763741256798,-0.2360183123086749,-0.242151287860703,-0.25902376110341163,-0.2302719435882499,-0.2252778808002015,-0.23696349192930474,-0.24187267110797286,-0.23265204900864273,-0.22234530601368185,-0.20519719865416178,-0.2057229505185923,-0.23409773196024233,0
-0.2446848829464768,-0.22106078264637155,-0.22689187144856937,-0.23006395250703598,-0.2328879045155163,-0.23599435403434388,-0.2343528101452863,-0.2352833189631039,-0.24142182495698292,-0.25830263603057885,-0.22955369881017265,-0.22456598401064118,-0.23628791495229579,-0.24122226595545956,-0.231983551109691,-0.22168231330086763,-0.20453680111635736,-0.20506894217979774,-0.23340499836766065,-0.22416715454245992,0
-0.2203424246023847,-0.22617290139524415,-0.22933819899818575,-0.23217737560812787,-0.23527009986410202,-0.23361163939844964,-0.23453845136433812,-0.24068564839964313,-0.25756961890924185,-0.22883910269675334,-0.22384900582812972,-0.23557356360072013,-0.24054573103438565,-0.23133537758205583,-0.22101630341655207,-0.20387785912621795,-0.2044085738468721,-0.23274467748127883,-0.22347668915727692,-0.2571038631759004,1
-0.2254534389109425,-0.2286186993849009,-0.23145116428950402,-0.2345590505144592,-0.2328879045155163,-0.23379724032798244,-0.2399396073726983,-0.25682990645570125,-0.22811256923288756,-0.22313567356371675,-0.23485414198142837,-0.2398304304510929,-0.23066106656062535,-0.22037060480911216,-0.20321588741964478,-0.2037496610233085,-0.23207800719362578,-0.2228186322986395,-0.25640587483580063,-0.24174883049773316,1
-0.22789870850170352,-0.23073120727965565,-0.23383232327734782,-0.23217737560812787,-0.23307346499530085,-0.2391972241291196,-0.2560803587697206,-0.2273793070146141,-0.22241039517949435,-0.23413837157872544,-0.23911006390245076,-0.22994796965096492,-0.21969876014042475,-0.20257420573698554,-0.2030877183929834,-0.23141280068051873,-0.22215422223954703,-0.25574030888489013,-0.24105434934530867,-0.22568932311042503,1
-0.23001076000273993,-0.23311185081466987,-0.23145116428950402,-0.23236289554819997,-0.23847227192741147,-0.25533447251579694,-0.22663615622902256,-0.22167838157113204,-0.23341067197351842,-0.23839335061943723,-0.2292297967878648,-0.21898810715242414,-0.20190636408765636,-0.20244606563354364,-0.23074458385196472,-0.2214912729906497,-0.2550684023342632,-0.24039228411933458,-0.22499851005220525,-0.21781178627356748,1
-0.23239088921505854,-0.23073120727965565,-0.2316366440422413,-0.23776052299381187,-0.2546060033724647,-0.225896660219491,-0.22093646907110615,-0.2326762496251735,-0.237664714676204,-0.22851527243347797,-0.21827236713397588,-0.20119967771219388,-0.2017782528073102,-0.23009668991545154,-0.22082530643564494,-0.25439796642568274,-0.23972387241920304,-0.22434010616119252,-0.2171227724951464,-0.18220813766980792,1
-0.23001076000273993,-0.2309166468813304,-0.2370331022536389,-0.25389072967521764,-0.22517460673420078,-0.22019821005869983,-0.2319319483022452,-0.2369293608165037,-0.22778881023073627,-0.2175602703487192,-0.20048788632772116,-0.20107159499280208,-0.22942265751728008,-0.2201796509294733,-0.25372453639689196,-0.239056926777527,-0.2236753496520673,-0.21646616456837678,-0.18152725599245073,-0.18353154373055117,1
-0.23019615954138367,-0.2363119369138416,-0.25315981480920413,-0.22446576296404883,-0.21947739849000425,-0.231191302952515,-0.23618413568458166,-0.2270556189062474,-0.21683621887113763,-0.19977972961399262,-0.20035983203983193,-0.22870983669684472,-0.2195078492128502,-0.2530714566972566,-0.23838697620641833,-0.22301205440751584,-0.2158032010097515,-0.18087876518162002,-0.1828503597787851,-0.17838384639161456,1
-0.23559028395624892,-0.2524351584972958,-0.22374122213518025,-0.21876979939859134,-0.23046809555616343,-0.23544256748708417,-0.22631253842824298,-0.21610542584491113,-0.1990595908692958,-0.19965170369595345,-0.2279919386716028,-0.2187972387862717,-0.25239225648756297,-0.2377373576520514,-0.22234574292839218,-0.2151416963641969,-0.1802239051178923,-0.18220156725055042,-0.17770383820684568,-0.17237316753398035,1
-0.25171002222157296,-0.22302293410733587,-0.21804649242951601,-0.22975809530853875,-0.2347184335728506,-0.22557311265314328,-0.2153647238344281,-0.19833269040644985,-0.1989315931242592,-0.22727768855909986,-0.21808154113633707,-0.25167431485602376,-0.2370616066061504,-0.22169974431344006,-0.21447716993865384,-0.17957049333928266,-0.18154640597571986,-0.17705621927900747,-0.17169453222670716,-0.15289192584513073,1
-0.22230415215316934,-0.2173294371478072,-0.22903240805448374,-0.2340075047466772,-0.22485112968160337,-0.21462767405204608,-0.19759584877301853,-0.19820472068918854,-0.2265514986953829,-0.21736948662771968,-0.25095131922961394,-0.2363470827688114,-0.22102760067577898,-0.21383294698253105,-0.17891403471738676,-0.18089269338105388,-0.17640222963519667,-0.17104828364654603,-0.1522177401780623,-0.16669963014429212,1
-0.21661188523697167,-0.22831297463619385,-0.23328089698542612,-0.22414235658203124,-0.21390807652241595,-0.19686265535095257,-0.19746790685178003,-0.2258185783060552,-0.21664547713343604,-0.2502319825698777,-0.2356274894455433,-0.22031665143787965,-0.21316257285688617,-0.17827783710399603,-0.18023593487471745,-0.1757496871349247,-0.17039566205088094,-0.1515759330386979,-0.16602229070924698,-0.15264032773472327,1
-0.22759304980285844,-0.23256054389077185,-0.22341788580946254,-0.2132016941702105,-0.19614692951817098,-0.19673474119681503,-0.22507576652293806,-0.21591472587409039,-0.24950074145252552,-0.23491154771119688,-0.2196006165122772,-0.21245337703757458,-0.1776154605396865,-0.17959943895518035,-0.1750940950992449,-0.1697444858045226,-0.15092774543080695,-0.16537733561339382,-0.1519661995342725,-0.14372620668298702,1
-0.23183970139746898,-0.22269966777468658,-0.2124795933642517,-0.19544442747384785,-0.19601904324156263,-0.22433660916314768,-0.21517406528513153,-0.24876279584795688,-0.2341836779631509,-0.21888822545936015,-0.21173908758323817,-0.1769141895451705,-0.17893676511737336,-0.17445875951122003,-0.16909025579152057,-0.1502809973569279,-0.16472600533148707,-0.1513244497556313,-0.14305411452479966,-0.13809040900985994,1
-0.2219809556601282,-0.21176374315700025,-0.19472617324751737,-0.19531656913677106,-0.22361489567438994,-0.21443705688117448,-0.24801500040145402,-0.23344908634902578,-0.21816388175592852,-0.21102843821660583,-0.17620778899657857,-0.17823519955301478,-0.17379724198819588,-0.16845627505783722,-0.14963118180252527,-0.16407611870529412,-0.15067631941220858,-0.14241439703658115,-0.137419604103908,-0.11858903947217783,1
-0.21104739367848788,-0.19401416614804684,-0.19459834260711728,-0.22290639265695616,-0.21371750089452904,-0.24727086456379693,-0.23270461715992044,-0.21743279801022888,-0.21030582411456658,-0.17550501142892894,-0.17752850576971,-0.1730968222221224,-0.16779610769904388,-0.14900159229411042,-0.16342317431855344,-0.15002962852769386,-0.1417682955732674,-0.13678117149588898,-0.11792268880376006,-0.1275836719192445,1
-0.19330165135127456,-0.19388636317932498,-0.22218218961892888,-0.21301116017770397,-0.2465441527980403,-0.23196380411867853,-0.21669180768413657,-0.2095764610544443,-0.174790214506482,-0.1768254356032147,-0.17239126904380334,-0.1670970258176737,-0.14834580095944397,-0.16279047244487016,-0.14937986998554229,-0.14112363090793054,-0.1361363527566633,-0.11728870222539564,-0.12691526681924567,-0.11472952445852733,1
-0.19317387599356056,-0.22146423907704238,-0.21228910064522416,-0.24583064038694907,-0.2312404283639154,-0.21595446988613867,-0.20883717718614517,-0.17406862832965742,-0.17611034811215315,-0.17168933700893962,-0.16639280446013222,-0.14765105530296196,-0.16213157951903642,-0.14875033718932257,-0.14047589230983393,-0.13549296913308723,-0.11664832205510157,-0.12627922959502713,-0.11406405532802431,-0.0009442790267539558,0
-0.22074579386889343,-0.21157329167419905,-0.24510147149771166,-0.23053025938343347,-0.21523458319547045,-0.20810154407036519,-0.17333705704016092,-0.1753884728645481,-0.1709753797524513,-0.16569220135804852,-0.1469511505164882,-0.16143376047986213,-0.14809460237053013,-0.13984836882668747,-0.13484650760941433,-0.11600937117915394,-0.12563680221999426,-0.11343094866315367,-0.00030479917408394856,-0.14206062719208973,1
-0.21085698334150232,-0.244378559586695,-0.2298044048631741,-0.2145279110391044,-0.20738336884134215,-0.17260912847821866,-0.17465661489450252,-0.17025462891324333,-0.1649795638133859,-0.14625485462516863,-0.1607307962407189,-0.14739991271591935,-0.13919463636531226,-0.13422025447943864,-0.11536732867506053,-0.1249958068242722,-0.11279144692980206,0.000302366103723148,-0.1413889154629112,-0.12240075084485068,1
-0.2436551638872526,-0.22908480432965103,-0.2138055229480089,-0.20667841195307993,-0.1718986884436194,-0.17392839995030324,-0.1695238860542309,-0.164260125883103,-0.1455464944051886,-0.16003144753102486,-0.14670006367748986,-0.1385019308569986,-0.1335677879736419,-0.11474547130732893,-0.12435172613220347,-0.11215337333870311,0.0009159699813230924,-0.14074957770268023,-0.12173352955717547,-0.11027120594210729,0
-0.22836471274748377,-0.21308938571491864,-0.20595772422070477,-0.17120148395361248,-0.17321767239452057,-0.1687967850607879,-0.1635306850770027,-0.14483131175067235,-0.15932005567500482,-0.14600382341332727,-0.13780405697177756,-0.1328763369072435,-0.11409738534692901,-0.12372784130349616,-0.11151220540254092,0.001528179682408198,-0.14010385533014608,-0.12109867396385471,-0.10960675512006908,-0.11079201403065063,0
-0.21237274983987364,-0.2052432858116244,-0.1704884812344126,-0.17252017974385486,-0.1680871758858823,-0.16280488478168126,-0.1441060910348603,-0.15860185701204124,-0.14529551843452873,-0.13710978757778639,-0.13217971177821405,-0.11341027498556845,-0.12307773490059934,-0.11089121799988252,0.0021435638280295427,-0.13945956925840103,-0.12045742623686712,-0.1089746648872134,-0.11012744425271387,-0.11817390259000546,0
-0.20452834503590572,-0.16978172090216523,-0.1718068913687345,-0.16739080410348245,-0.16209658147770195,-0.14338450643880854,-0.15787364522616565,-0.1445803907364346,-0.13640343979404795,-0.13148668843253897,-0.11271797088745028,-0.12238862247234283,-0.11024399899299038,0.002738903140442959,-0.13881220808140643,-0.11981760894205004,-0.10833617788023861,-0.10949523528316119,-0.11750764674150681,-0.11562521373157794,0
-0.16907444136904207,-0.17109984563839414,-0.16667862685386253,-0.16140151847061354,-0.14268043559970267,-0.15714907267226916,-0.14385522452262808,-0.13569025920199043,-0.13078157805126586,-0.1120292592027119,-0.12169432538164206,-0.10955774770033425,0.0033605628433007228,-0.13818506003299166,-0.1191747027023531,-0.10769911768467541,-0.10885662973873718,-0.11687375480833567,-0.1149595400199161,-0.1344195925790151,0
-0.1703922813329153,-0.1659726912461425,-0.16069063862022165,-0.14198961447090488,-0.15644200199237476,-0.14313369437187234,-0.13496702399423985,-0.1300696284830644,-0.11132843056541589,-0.12100362502604203,-0.10886629877721517,0.004021487289699888,-0.13753170170670262,-0.11855198614486537,-0.10705896000560197,-0.10821945116118985,-0.11623346912441415,-0.11432622915087089,-0.13374962611101465,-0.16852874840695437,1
-0.16526623462933232,-0.15998599924072252,-0.1412829396277221,-0.1557481743508482,-0.1424296781945884,-0.13424742284032157,-0.1293476141202377,-0.11062074066949486,-0.12030082151650784,-0.10817844041306468,0.004687724159798483,-0.13683936693077642,-0.11790304396897376,-0.10643897754304117,-0.1075791754667567,-0.11559461261091765,-0.11368652355601241,-0.13311203039594702,-0.1678509911895989,-0.1929866007196635,1
-0.15928083601014376,-0.14058250146007498,-0.155038519128024,-0.14173891184918583,-0.13354534333138923,-0.12862923254094993,-0.10990295075711685,-0.11959116692849514,-0.1074784591754927,0.00535042514220963,-0.13614186209760842,-0.11721508517926428,-0.10579275999743701,-0.106959075609952,-0.11495266417703848,-0.11304824637077648,-0.13246804714531266,-0.16720561908128814,-0.19230325717240612,-0.1192633224080698,1
-0.13988153023016167,-0.1543351032707677,-0.14103229131321224,-0.13285651796167874,-0.12792837745682922,-0.10918878923272246,-0.1188714285694194,-0.10677161231108737,0.006025423555453861,-0.13544796095539638,-0.11652193649827544,-0.10510750105793881,-0.10631274107648858,-0.11433090038442884,-0.11240687547100053,-0.131825497914562,-0.16655387248669742,-0.19165230902819386,-0.11859681772911672,-0.13792435425699107,1
-0.15363116087985063,-0.1403319074037577,-0.13215182153012744,-0.1272407792351713,-0.10849217098642092,-0.11815532062569283,-0.1060546584594742,0.006707416377944197,-0.13474197886827938,-0.11583238206210898,-0.10441703999016416,-0.10562736621311697,-0.11368290767522109,-0.11178568617292749,-0.13117986819963204,-0.16590357009382586,-0.19099499575464765,-0.11796267742401416,-0.13725358727900674,-0.15647971489954118,1
-0.13963099031307552,-0.13145335998843627,-0.1265372992851063,-0.10780881902572524,-0.11745674821925665,-0.10534133212592053,0.007399721697556117,-0.13402916208773646,-0.11513071652091343,-0.10373016733923518,-0.10493678974689068,-0.11299588971694803,-0.11113826596952377,-0.1305544425005832,-0.16525021122802,-0.19033913398367053,-0.11732214378494525,-0.13661519252906507,-0.15580470975850505,-0.12035525820723815,1
-0.13075436105071261,-0.12584005312692909,-0.10710954842744606,-0.11677143775218245,-0.10464555239196766,0.008088425145991425,-0.1333062876832625,-0.1144221940351969,-0.10303116497539914,-0.10424980194774677,-0.11230367760310289,-0.1104518153102061,-0.12990280056138873,-0.16461709705667818,-0.18968023295693937,-0.11668303964150124,-0.1359704115843884,-0.15516208465522793,-0.11968850412316445,0.18621703932425104,1
-0.12514226690798247,-0.10641650782177627,-0.11607022567117402,-0.10396304080855442,0.008759484070968465,-0.13258704695720377,-0.11370357841743511,-0.10232529193879424,-0.10355068523466507,-0.11161505770317351,-0.10976016792404943,-0.12921216656229131,-0.16395779326044016,-0.1890416057931095,-0.116040844344575,-0.13532706570579278,-0.1545130804560202,-0.11905411487252324,0.1868137703347161,0.4315805485558135,1
-0.1057229179346336,-0.11537524533511924,-0.10326460328286452,0.009417219863900752,-0.13188532930953273,-0.11298859204680624,-0.10160930386271906,-0.10284469843826631,-0.11091432021382697,-0.10907211152722014,-0.12851635479722776,-0.16325956708766215,-0.1883768080887561,-0.11541883498816045,-0.13468064181020556,-0.15386551686180594,-0.11841333270566227,0.18737826554414796,0.4321212369714122,1.4208643186779433,0
-0.11467971997046411,-0.102572394997869,0.010091096954225623,-0.1311968666058985,-0.11229114567390219,-0.10089694229981061,-0.1021285975430397,-0.11020672099600247,-0.10837193363104206,-0.12782414305177286,-0.1625561975602371,-0.18767313797407725,-0.11477059756521812,-0.13405442611027865,-0.15321488831270325,-0.11777398036037712,0.1879492709564851,0.4326297928563729,1.4211790483529352,1.1489320489873533,1
-0.1018796356065317,0.01075876697162365,-0.13049252968807215,-0.11160696374476918,-0.10020213117334265,-0.1014161232783685,-0.10948902101193358,-0.1076648911217739,-0.12711983863933765,-0.16185644444111189,-0.18696434917926885,-0.1140833371188427,-0.1334019969049588,-0.1525844900883859,-0.11713153763028128,0.18851893806134598,0.4331449528140143,1.4214620618743055,1.1493088897320356,1.1551238784844808,1
0.011427041895687808,-0.12979442733561591,-0.11090687039227047,-0.09952059035169242,-0.10072119900192912,-0.1087749493222776,-0.10694774324302103,-0.1264086908853353,-0.16114465098170241,-0.18625918854421467,-0.11339088361596589,-0.1327105827997954,-0.15192789283735564,-0.1165092821429399,0.18909191136352801,0.43365884770700275,1.4217520579429128,1.149653899870246,1.155499304975703,1.0789500345775183,1
-0.12909578679960226,-0.11021300777498298,-0.09882311514974972,-0.10003954477865082,-0.10807842126798227,-0.10623422308421358,-0.12568747170676928,-0.16042605278554986,-0.18554202508955278,-0.11270202285044682,-0.13201399446447515,-0.1512323485941901,-0.11586079944110422,0.1896450630411104,0.43417622152170826,1.4220410842553939,1.150005788521393,1.1558429034665156,1.0793428596619006,1.204852245006515,1
-0.10951859767848889,-0.09813186831992683,-0.09934195716078505,-0.10739515969988869,-0.10553824875417459,-0.12496988448435024,-0.15969744477009407,-0.18481808457960353,-0.11200104616678444,-0.13132100783272369,-0.15053164884060508,-0.11517329594660773,0.19022468115042887,0.4346740663323615,1.4223342858989407,1.1503566262426188,1.1561933828390998,1.0797038246852668,1.2052163132207583,1.2371826021938737,1
-0.09744006827576494,-0.09865059801650351,-0.10669597870850471,-0.10485554214187441,-0.12426982691621175,-0.15897247639889558,-0.18408417842419011,-0.11129320898765206,-0.13061593391063037,-0.14983455970602713,-0.1144806004972188,0.19084394636484994,0.4351985690309991,1.422609138358365,1.1507114478673537,1.1565428131300697,1.0800716414482487,1.205548574364632,1.2375392859477485,1.198705703169261,1
-0.0979586859041332,-0.10600302762885268,-0.10415691128251972,-0.12358302798428986,-0.15826500832755566,-0.18335391742576698,-0.11057527300989922,-0.12990402061366751,-0.1491254117467991,-0.11379149830983849,0.19146871282229755,0.435763220100574,1.4229114206402793,1.1510475960015123,1.156896231683306,1.0804383863911602,1.2058877354150728,1.2378641762386922,1.1990711752929732,2.2404124555758886,0
-0.10530952707144137,-0.1034645098383586,-0.1228803403764072,-0.15757078241074596,-0.18264113567871548,-0.10986096557211154,-0.12918204222216448,-0.14840944541370304,-0.11309028187944845,0.19209003331891086,0.4363336199502899,1.4232558723522366,1.151410961770406,1.1572309841303425,1.0808090659735268,1.2062258622281847,1.238195978804967,1.1994048377593145,2.2405399952145406,2.1146134003721593,0
-0.10277155771135851,-0.12218388584525983,-0.1568607323745108,-0.18194158426805804,-0.10916420083212718,-0.12846369657677206,-0.14768344749929213,-0.11238220618944396,0.1927239383696583,0.4369006917308837,1.4236070708918882,1.1518159414248101,1.157592959043576,1.0811609886047593,1.2065680123099995,1.2385267567847638,1.199745397780714,2.240636163637007,2.114769673319637,2.190092833494397,1
-0.12148688951769522,-0.15615692206019438,-0.1812262550280156,-0.10848070205193236,-0.12776287756945384,-0.14696108651331935,-0.11166403367298712,0.19336504965927934,0.43748072447662084,1.4239554166912791,1.1522273935656682,1.1579965604919296,1.0815400742640169,1.20689155559167,1.2388615807923176,1.2000849217299965,2.240739628144775,2.114894522103699,2.190231866456579,1.8630152899647001,1
-0.1554525860770671,-0.1805171702747978,-0.1077812859103325,-0.12707531550483675,-0.14625623619663247,-0.11094948994261478,0.19401681148199704,0.43806824116423776,1.4243182411114073,1.1526358623088544,1.1584066406734181,1.0819606308388996,1.2072423601423994,1.2391778365569144,1.2004284646211045,2.2408423675376,2.115026618845576,2.1903395070236837,1.8632290295298297,2.0642937782906676,1
-0.17980757141701353,-0.10708809989270657,-0.12637187139752984,-0.1455646338566191,-0.11025248797032315,0.194665013619187,0.43866685154112184,1.4246896691471507,1.1530583925027578,1.1588137404322716,1.0823875892982708,1.2076348928209073,1.2395213788178299,1.2007533933817016,2.240949859184919,2.1151579529205615,2.1904544244250954,1.8634112390370838,2.064461544561676,2.2404124555758886,1
-0.10639436491242452,-0.12567466104975972,-0.14485718459263297,-0.10956875143019315,0.1952954101614354,0.43926195753674163,1.4250739776382884,1.153489218538684,1.1592349111406985,1.0828115307351682,1.2080339544014462,1.2399067152558867,1.201105578615234,2.241039979041311,2.1152939506934088,2.1905686016907846,1.863600600247179,2.0645978654903767,2.2405399952145406,2.7687684874315535,1
-0.12497691056270563,-0.14415597270315955,-0.10886909959530533,0.19591239313450948,0.4398390467769902,1.4254550047300154,1.153932433887439,1.1596643846990757,1.0832494262637025,1.2084300594527246,1.2402986132127372,1.2014994794194558,2.241158168210605,2.1154124266473633,2.190687495788315,1.8637891236864847,2.064741415125897,2.240636163637007,2.7687753471731367,2.844247920553791,1
-0.14345422944781053,-0.10817567809712357,0.19654587163497544,0.44040260388739355,1.4258171636863657,1.1543723065439948,1.1601062587534747,1.0836955384284481,1.2088403117416306,1.240687570174345,1.2018999029247162,2.2413202011073237,2.115558873753677,2.190788958083732,1.86398213371039,2.0648841870737464,2.240739628144775,2.7687510580768997,2.844237540310079,4.806713181731974,1
-0.10748170815257846,0.1971731795254899,0.44098312091129416,1.4261653124868274,1.1547935450907425,1.1605447915112956,1.0841539135100415,1.2092589231631707,1.2410907239714297,1.2022973669474393,2.241489807640016,2.115748907586003,2.1909184504278336,1.8641573218594687,2.0650315872968057,2.2408423675376,2.7687342672014092,2.8441960429968844,4.806254561870578,4.680914126528244,1
0.19780118081691764,0.4415575151272339,1.426532293564116,1.1552009048804084,1.1609646848306052,1.084608930125681,1.2096900248961766,1.2415022734927244,1.202708968778409,2.2416569552071097,2.11594638814083,2.1910916836987955,1.8643602848398217,2.065161405689785,2.240949859184919,2.768716908929162,2.844162072780929,4.805765650916487,4.680484239975675,5.033151481098686,1
0.44213271875769067,1.4268933445668035,1.155626582275555,1.1613706964009152,1.0850453728582037,1.2101177965412422,1.2419263717180196,1.2031289227853421,2.2418398386598954,2.116141349286408,2.191272439840341,1.8646063205433627,2.0653191559709065,2.241039979041311,2.7687046748492596,2.8441275576993856,4.805285017848429,4.680024009383179,5.032641141281404,5.259589780465401,1
1.4272556727405041,1.1560462766179544,1.161795037295643,1.0854679706492454,1.210526885951444,1.2423471471425482,1.203561356002343,2.242032253294837,2.1163518533299377,2.191450712838829,1.864859549142458,2.0655203901774755,2.241158168210605,2.768675699095891,2.8440982199441653,4.804804425725187,4.679572008549231,5.032100605676441,5.259027720692233,5.4860280798321135,1
1.156467119555432,1.162213396343923,1.0859087535946335,1.2109220695836918,1.24274921250863,1.20399045774599,2.242239028588219,2.116571746175952,2.191644644527912,1.8651101374450056,2.0657290203411556,2.2413202011073237,2.7686752049297016,2.8440522305322595,4.8043303924117176,4.679120011108149,5.031568434586986,5.2584355604363955,5.485414300103059,7.0710961753991075,1
1.1626329069149226,1.086343539853301,1.2113356766585193,1.243137356474594,1.2044008825445018,2.2424427072060977,2.116805772472099,2.191848050447283,1.8653758826700226,2.065935106918128,2.241489807640016,2.7687196338968687,2.8440347816038583,4.803842047877842,4.678674483920209,5.031036372035857,5.257851851325545,5.48477051519635,7.070120355978847,7.297534474765821,0
1.0867794416179142,1.2117433115750342,1.243543985073038,1.2047974045350947,2.2426268123834907,2.1170366737379807,2.192065726141771,1.8656507319381819,2.066156659197955,2.2416569552071097,2.768772169536597,2.844062410009661,4.803383775131932,4.6782144954838945,5.030511027696435,5.257268318346527,5.484135268064102,7.069115198516028,7.296506935389673,6.920137309154631,0
1.2121521215270037,1.2439446478118057,1.2052123383350433,2.242796511395917,2.117248109826347,2.192280293818851,1.8659392602398597,2.0663875433283985,2.2418398386598954,2.7688225000740556,2.8440982212361083,4.802974588942258,4.677784480675005,5.029971642186947,5.2566916629811535,5.483500264657196,7.068119185234006,7.295450153275983,6.919195969704961,7.020776553317615,0
1.2443465008725763,1.2056212987792032,2.2429865937991424,2.1174452005363755,2.192475331360633,1.8662246068017463,2.0666324700256515,2.242032253294837,2.768889377045717,2.8441318636264765,4.80257556542341,4.677403295420938,5.029462505154402,5.256101236496053,5.48287229826587,7.0671238888318815,7.294402601972564,6.918225228676058,7.019812227220884,7.750411073499247,0
1.2060314313525886,2.243170905793043,2.117662436544206,2.1926559870521003,1.8664907047120607,2.066874260350734,2.242239028588219,2.768966383194155,2.844182168243692,4.802175315989418,4.677032145924225,5.029002917280635,5.255541235176873,5.482230830805158,7.066136745258893,7.293355835142552,6.917263574074967,7.0188185419027045,7.749280094211326,5.435708457750622,0
2.243356882459476,2.1178738776343993,2.1928569308971677,1.8667425788172929,2.0670966288034904,2.2424427072060977,2.7690587042759223,2.8442426874654863,4.80179473939103,4.6766597100687175,5.028553720521945,5.255031245619012,5.481619965199343,7.065137990968898,7.2923173805436114,6.916302591291435,7.017833981514326,7.74812006279589,5.4351061713450965,4.529955260283769,0
2.1180869239163918,2.1930520945295853,1.8670141220343326,2.0673046761925593,2.2426268123834907,2.76914804777219,2.8443186579455944,4.801426598520096,4.676306754061073,5.0281034066466805,5.25453187562048,5.481059573957388,7.064171075356633,7.291267585278004,6.915349655069081,7.016850122985066,7.746969435449679,5.434473858583027,4.52955985370179,4.202877716754071,0
2.1932488990422425,1.8672798213171133,2.0675327736422315,2.242796511395917,2.769217363123493,2.8443916678530607,4.801077453357064,4.675966091401211,5.027673112984954,5.254031497303944,5.480510030719015,7.063257872326024,7.290249805379103,6.914384928096161,7.015874381862289,7.74581972776389,5.433850064344423,4.52913403954321,4.20255701677504,4.15255809467258,0
1.867547006830224,2.0677550663709425,2.2429865937991424,2.7692720170059912,2.8444445846577793,4.800725789955689,4.675644197240945,5.027255511334088,5.253551486578878,5.479959587961206,7.062357116408759,7.289286200664401,6.913451922008319,7.014886970011319,7.744678651113046,5.43322649881038,4.528716397390192,4.202205771556609,4.152248888017079,4.3789963940392935,0
2.0679789404991586,2.243170905793043,2.769348054269877,2.844482803521716,4.800352344549217,4.675319756487573,5.02685731436608,5.253084424148082,5.479429860172802,7.061456222562043,7.288335271507294,6.912572320100439,7.0139313575738615,7.743526773896215,5.432609934869267,4.528298713567703,4.201862573212275,4.151909114943286,4.378635467427905,4.328676771957801,0
2.243356882459476,2.7694184240593436,2.8445425486228384,4.799963252930564,4.674973641992073,5.0264566501983,5.252637175375097,5.4789133369620755,7.060578475330267,7.287384313219307,6.911705013009735,7.013029354917496,7.742407265424043,5.431979809847579,4.5278873937303965,4.201519235563403,4.151577369492596,4.37824406970324,4.3283273386699435,3.9261197953058664,0
2.7694907083404297,2.84459664095453,4.799599401799852,4.674611942071023,5.026034009152075,5.252187510440912,5.478417036384112,7.059715726660029,7.286456848924192,6.910837495457201,7.0121397486090835,7.741342857341154,5.4313802474165715,4.527461432611157,4.201182031652471,4.151245469716587,4.377860786231153,4.327947413089917,3.925862308606252,3.4732431965724393,0
2.84465268346628,4.799230280229363,4.674275244544915,5.025595612477738,5.2517156737549335,5.477918370683523,7.058876063447222,7.285544639474023,6.909992892934318,7.011249980193763,7.740291581704363,5.43083105654886,4.527065327326691,4.200829796386893,4.150919668255867,4.377477416027257,4.327575582511474,3.925574160183332,3.473089149784598,2.215252644535143,1
4.798864036738393,4.673933252070721,5.025182884858737,5.251227972024913,5.477397338357791,7.0580343923818,7.2846559244562386,6.909163118117366,7.010383281198284,7.7392404945338305,5.43029266291934,4.526717743195354,4.200507161738678,4.150578775429314,4.377100303540585,4.327203650180441,3.9252939527540387,3.4729042506634236,2.21538593083556,2.5423301880648403,1
4.673594078195309,5.0247649309149205,5.250766367917624,5.476860331572087,7.057168990577798,7.283765252624412,6.908356156107878,7.009531523812474,7.738213596112039,5.429753345592926,4.526380042525202,4.200232380039921,4.150267443955908,4.37670836973842,4.326837940143981,3.925013523405918,3.472727119276923,2.2154878353303453,2.54238876776231,3.2719647082464722,0
5.024349962115944,5.250299581600479,5.47634985097651,7.05628684840231,7.282850655180657,6.907547152220059,7.008702761000774,7.737202465102008,5.429234666040819,4.526040982963876,4.199967151827318,4.150003862631393,4.376346173978378,4.326457348780841,3.9247390329711496,3.4725496307845787,2.215597026284935,2.542416103316946,3.2718566347527522,3.1461656530427424,0
5.2498358874934965,5.4758342322860365,7.055434232388712,7.281919207949485,6.9067145475092255,7.007871978994553,7.736215646474269,5.428729134114521,4.525721171665124,4.1997004075700515,4.149749784027643,4.376032190969769,4.326106456195607,3.924449181120209,3.4723777624017145,2.2157054846141926,2.542450850462852,3.2717176242101313,3.1460863128578485,3.2216450861649806,0
5.475321812871047,7.05457678708494,7.281017715447598,6.90586527537086,7.007017509554941,7.735226973109634,5.428243733937665,4.525413482858548,4.199452409807234,4.149494165201771,4.375727939126178,4.325803673561241,3.924188713933438,3.4721899925019972,2.2158186774866167,2.5424849626184933,3.2715863043982045,3.1459759826768234,3.221548505994791,2.7184488653500614,0
7.053723290513907,7.280111437770499,6.905045243682787,7.006146324058493,7.734213984386373,5.427755957296276,4.525124289901601,4.199216164349447,4.149257215675251,4.375422255859034,4.325510571326504,3.9239755342930165,3.4720312538884976,2.2159144685625214,2.5425240395645425,3.271454567397317,3.1458732950990065,3.221420967596808,2.7184672184151752,2.66812924326857,0
7.279209215891459,6.904220353294568,7.005304569486737,7.733183927043834,5.427245857334934,4.524832516325832,4.198997823999689,4.149031961501892,4.375135589269175,4.325216013490753,3.9237716289291087,3.471918877616263,2.2160383093192193,2.5425461047867857,3.271328308815299,3.1457701527802784,3.221301100678525,2.7184544014635765,2.6681590896572143,2.617809621187078,0
6.903399340262206,7.004457975821483,7.73218468156537,5.426719807228271,4.524519198923501,4.198776829308727,4.148824521553241,4.374860874315886,4.324940395137192,3.923566074544509,3.4718153187320384,2.2162059424030596,2.542596474907232,3.2711859086716815,3.145672400323789,3.2211808015505015,2.7184490634817298,2.6681577448502543,2.6178509608992524,2.66812924326857,0
7.003615307096673,7.731180739141614,5.426220188074534,4.524190369039572,4.198534572274928,4.148614415921481,4.374604382562257,4.324676671468332,3.923378842081328,3.4717098932299835,2.2163811237401787,2.5426913055584928,3.2710723827574135,3.145558356277734,3.221065945418695,2.718443143082347,2.668163859762051,2.617861088236931,2.6681590896572143,2.5423301880648403,0
7.730181066646561,5.425715421022579,4.523886255838991,4.1982769608047645,4.148383091252071,4.3743452761640915,4.324431080115809,3.9232030486878995,3.4716220948934797,2.2165538340229696,2.5427940144380625,3.2710048079821505,3.1454730883004856,3.2209348877141024,2.7184423114526557,2.668169377235532,2.6178786560423717,2.6681577448502543,2.54238876776231,2.315891888698127,1
5.4252138294538135,4.523576818280349,4.198043446976155,4.148136436460947,4.3740647558549295,4.324182862776844,3.9230446605442255,3.471545223059912,2.2167422415939035,2.5428944094167933,3.2709458475333415,3.14543351446083,3.220832664974642,2.718424678138312,2.668179948056052,2.6178956113887164,2.668163859762051,2.542416103316946,2.316002188351483,2.315891888698127,1
4.523270127943608,4.197804545067877,4.14791378407418,4.373768796008123,4.323913274832072,3.9228835556788697,3.4714849385261934,2.2169401518710603,2.543011003451794,3.2708849237568614,3.145402428034155,3.2207762905736224,2.7184354871469307,2.6681736571807333,2.6179175846594482,2.668169377235532,2.542450850462852,2.3160811485569917,2.316002188351483,2.7687684874315535,0
4.197568235731589,4.147685733804419,4.373497267133067,4.3236282716643055,3.922701426649213,3.471421835193647,2.217152377364995,2.543137470380162,3.270841318365548,3.14536931783616,3.220728479733667,2.7184911164883405,2.66819576936416,2.6179226362231542,2.668179948056052,2.5424849626184933,2.3161674337242943,2.3160811485569917,2.7687753471731367,2.5674899991055864,0
4.147460252314355,4.373220384489977,4.323367604231092,3.922504076913773,3.471338097443496,2.2173615005124745,2.543278843266907,3.2708084116696963,3.1453533330355903,3.220678681388581,2.7185548017369223,2.668262599079813,2.617956051581389,2.6681736571807333,2.5425240395645425,2.3162530163078237,2.3161674337242943,2.7687510580768997,2.567542832141291,2.1146134003721593,0
4.372946177691907,4.323101573226519,3.922330301015294,3.4712393578194236,2.217551071872062,2.5434171875295792,3.2707917287404022,3.145347904550811,3.220646124233565,2.718616257705775,2.6683374339372485,2.6180340816712846,2.66819576936416,2.5425461047867857,2.3163434042798245,2.3162530163078237,2.7687342672014092,2.5675644316236075,2.114769673319637,2.164933022453651,0
4.322838194274673,3.922151083118862,3.471163334897522,2.217726249224009,2.543535698520635,3.2707721816446593,3.1453584726242823,3.220624208822142,2.718694182913734,2.668410015337495,2.618120066137574,2.668262599079813,2.542596474907232,2.31641651047768,2.3163434042798245,2.768716908929162,2.567593452322692,2.114894522103699,2.1650778020775987,1.668102233832041,0
3.921974326936804,3.471081781747746,2.2179217623481553,2.543639657458817,3.270732173352067,3.1453661481765427,3.2206184262939543,2.718782180346601,2.6684989887817516,2.6182037729692142,2.6683374339372485,2.5426913055584928,2.3165177448847616,2.31641651047768,2.7687046748492596,2.567621845541901,2.115026618845576,2.165191178717022,1.6683604927858655,1.472494766914658,0
3.4710024761817007,2.218111500161314,2.543764571210991,3.2706772604441574,3.1453534707949236,3.2206097682574124,2.7188854018294744,2.668597977499047,2.6183037946497683,2.668410015337495,2.5427940144380625,2.316662977220116,2.3165177448847616,2.768675699095891,2.5676552212628443,2.1151579529205615,2.1653118225652555,1.6685871396453764,1.472797703865042,1.571269669079523,0
2.2183028907508593,2.5438837733737865,3.270644683289624,3.145325949584616,3.2205806923292095,2.718985634384943,2.668712099383027,2.618413774651493,2.6684989887817516,2.5428944094167933,2.3168158593395276,2.316662977220116,2.7686752049297016,2.567671615265575,2.1152939506934088,2.165431718767377,1.668820863639,1.4730689463924056,1.5715500452104827,1.2986882762640812,0
2.5440047829628782,3.2706065366939168,3.145320526034687,3.2205367361003407,2.7190658821006357,2.668823220997697,2.618538796936579,2.668597977499047,2.543011003451794,2.3169663187595306,2.3168158593395276,2.7687196338968687,2.5677163337986175,2.1154124266473633,2.1655563140900127,1.6690536916788448,1.4733471912194902,1.5717987684915287,1.299030911728605,0.9869481535448227,1
3.2705705425127665,3.145309508535274,3.220515020387649,2.7191314926621746,2.6689144010777786,2.6186608076104503,2.668712099383027,2.543137470380162,2.31713262985787,2.3169663187595306,2.768772169536597,2.567805564262757,2.115558873753677,2.1656634476049423,1.6692908690936443,1.4736244817025195,1.5720545318610353,1.299341779617157,0.9873619924472816,1.1997850590629089,1
3.145300583969682,3.2204877254304596,2.719218391367902,2.6689909683183584,2.6187629200549214,2.668823220997697,2.543278843266907,2.3173085575661685,2.31713262985787,2.7688225000740556,2.5679026983378996,2.115748907586003,2.1657985915364484,1.6695099921802858,1.4739059838620263,1.5723093703715256,1.2996595833115312,0.9877439325662974,1.2001502846548315,1.0677010830612008,1
3.220462559095533,2.7192996127958864,2.6690887284659275,2.6188504439745417,2.6689144010777786,2.5434171875295792,2.317498982257891,2.3173085575661685,2.768889377045717,2.5679975306009335,2.11594638814083,2.1659774249945314,1.6697567380082574,1.4741691984118892,1.5725684900913903,1.299976380779326,0.9881326892273727,1.2004837010436704,1.0680964774780584,1.2724214335375426,1
2.7193827249231957,2.66918080153243,2.6189590655639527,2.6689909683183584,2.543535698520635,2.3176863272869683,2.317498982257891,2.768966383194155,2.5681086005177853,2.116141349286408,2.166163755940504,1.6700461583614286,1.4744598830712916,1.572809440000569,1.3002972675719866,0.9885203466051352,1.2008240154005012,1.0684600070993584,1.2727700685169492,1.6477177549268291,1
2.6692747415059626,2.619061990268973,2.6690887284659275,2.543639657458817,2.3178540339177767,2.3176863272869683,2.7690587042759223,2.568229571803939,2.1163518533299377,2.166347591654689,1.6703425749704188,1.4747928426392576,1.5730779370929826,1.3005996594733633,0.988911873857346,1.2011632940074106,1.0688303841567144,1.2730869248650023,1.6479806698260155,1.938494723086938,0
2.619166758088729,2.66918080153243,2.543764571210991,2.318007297911642,2.3178540339177767,2.76914804777219,2.568365494490131,2.116571746175952,2.1665470474619206,1.6706362576314706,1.4751326011227448,1.5733889108863277,1.3009293858637112,0.9892845344369696,1.2015065923159616,1.0691996860361046,1.2734107069698588,1.6482119640513195,1.938691222666772,1.7623760458017164,1
2.6692747415059626,2.5438837733737865,2.3181810881521043,2.318007297911642,2.769217363123493,2.5684983942232034,2.116805772472099,2.166755949023506,1.670944798199786,1.475469531673254,1.5737067832451155,1.3013010320843306,0.9896842862558873,1.2018312777812417,1.069572914636216,1.273733475007289,1.6484503276121583,1.9388562239570686,1.7626127720139066,1.9636545341276839,1
2.5440047829628782,2.318349122688229,2.3181810881521043,2.7692720170059912,2.568611439032064,2.1170366737379807,2.166979074918547,1.6712622222081808,1.4758210200505286,1.57402187513007,1.301679301874279,0.9901253210350172,1.2021832205616745,1.0699273728696925,1.2740603138789595,1.6486877891343001,1.9390284058266982,1.7628179258104375,1.9638452870457528,1.837855478923954,1
2.318518857585327,2.318349122688229,2.769348054269877,2.568709919630725,2.117248109826347,2.1671990871252276,1.671592973213543,1.476181170478884,1.574351676371905,1.302054660221094,0.9905726648817362,1.2025768811178688,1.0703089853536785,1.2743686265335072,1.6489295856816804,1.939199772456708,1.7630301928078198,1.9640045522637302,1.838074965150849,2.1146134003721593,1
2.318518857585327,2.7694184240593436,2.568829402661978,2.1174452005363755,2.1673995908492047,1.671920498546245,1.4765542946134662,1.5746902514584902,1.3024443097589526,0.9910169475011223,1.202977065464019,1.0707320457722231,1.2747042531811046,1.649153303590371,1.9393756788052956,1.7632415919928537,1.964171007686538,1.8382629107304223,2.114769673319637,2.139773211412905,1
2.7694907083404297,2.5689431790055157,2.117662436544206,2.167585724880192,1.6722289429700221,1.4769241489860006,1.5750419786507217,1.3028424246332895,0.9914750430724911,1.2033742908462388,1.0711614967266536,1.2750817459970794,1.6494046283344572,1.9395338532958373,1.763457406917182,1.9643366553801156,1.8384579983873393,2.114894522103699,2.1399237376986178,2.1146134003721593,0
2.5690587746714955,2.1178738776343993,2.1677920994461806,1.6725232577715188,1.477275090789869,1.5753904583444969,1.303253199298313,0.9919412511521225,1.20378565569254,1.071587925253739,1.2754658358828495,1.6496985859592344,1.9397198615139786,1.7636552799443104,1.9645068605035976,1.838652240763077,2.115026618845576,2.1400428504103606,2.114769673319637,2.2655722666166347,0
2.1180869239163918,2.167992688897857,1.6728368727835332,1.477611997489801,1.5757199404636868,1.30366066502578,0.9924195559820784,1.2042053739364222,1.0720282906154976,1.275847001704852,1.649999519274771,1.939949096656155,1.7638808492742795,1.9646593637746268,1.838850952012088,2.1151579529205615,2.140169220705416,2.114894522103699,2.2656940595935215,2.0642937782906676,0
2.1681949073336257,1.6731446058881112,1.4779678341846874,1.5760353397504956,1.3040493677628682,0.9928944816091081,1.2046375733398194,1.0724768598818772,1.2762424184220575,1.6502977088480806,1.9401856008419696,1.7641492857263064,1.964839720405364,1.8390318113806792,2.1152939506934088,2.1402948358439695,2.115026618845576,2.2657844919436685,2.064461544561676,2.1146134003721593,0
1.673453733063569,1.4783177508636742,1.5763698559781187,1.3044241193800408,0.9933509125300622,1.2050664415131465,1.072937671748138,1.2766462707468669,1.65061072505692,1.9404195009974265,1.764424813543109,1.965063355360419,1.8392404259484363,2.1154124266473633,2.140425132391711,2.1151579529205615,2.265882230004615,2.0645978654903767,2.114769673319637,1.98881434516843,0
1.478668969125757,1.5766984714332777,1.3048174720381216,0.9937935429652284,1.2054766318124421,1.0733951226129619,1.2770627354212671,1.650932601634637,1.9406686738679972,1.7646976527084446,1.965294284741807,1.8394920618390986,2.115558873753677,2.140537937126153,2.1152939506934088,2.265979250461008,2.064741415125897,2.114894522103699,1.9889993514247337,1.8126956678832082,0
1.577028435174616,1.3052048708191295,0.9942541844278081,1.2058729187822697,1.0738340092755438,1.2774758852376376,1.6512677683924875,1.940927036209513,1.7649854944060566,1.965522622181567,1.8397508652426207,2.115748907586003,2.1406787326450627,2.1154124266473633,2.2660810408832206,2.0648841870737464,2.115026618845576,1.9891528805703917,1.812920900771868,1.6159157537713262,1
1.3055934890034608,0.994708811279759,1.2062876196042907,1.0742590564321852,1.277870294668937,1.6515997048830717,1.9411992139095315,1.7652823262430737,1.965766270933989,1.8400070162608655,2.11594638814083,2.1408631662902673,2.115558873753677,2.2661654895201004,2.0650315872968057,2.1151579529205615,1.9893136095463777,1.8131145824237607,1.6161859324509837,1.759495247437551,0
0.9951645101370149,1.2066963472808043,1.0747022674528972,1.278250765672569,1.6519125780076631,1.9414682268826167,1.7655926553469636,1.96601913763329,1.8402782856040312,2.116141349286408,2.141055072040667,2.115748907586003,2.2662780271019907,2.065161405689785,2.1152939506934088,1.9894735383035234,1.8133153965274995,1.6164244770716993,1.7597326316425133,1.6476523394181235,0
1.2071062475968883,1.0751394795953553,1.2786497880032912,1.6522113313598392,1.9417179262463466,1.7658997800272525,1.9662858651327555,1.8405586305144048,2.1163518533299377,2.1412444704705487,2.11594638814083,2.2664344598115878,2.0653191559709065,2.1154124266473633,1.9896380422018995,1.8135153578396692,1.6166700788613206,1.759938442219325,1.6479152692586303,1.6201904056671492,0
1.0755778019249915,1.279042851339605,1.6525293463419437,1.9419533653330179,1.7661877426663457,1.9665494335762401,1.8408526090166355,2.116571746175952,2.141449450395929,2.116141349286408,2.266598491539853,2.0655203901774755,2.115558873753677,1.9897848742534163,1.813719770313786,1.6169147691191124,1.7601513648948681,1.6481465783977225,1.6204596079889728,1.6538341049908347,0
1.2794371216596652,1.6528414754452851,1.9422086163872947,1.7664615301296596,1.9667936667577754,1.8411434001081228,2.116805772472099,2.141663847599729,2.1163518533299377,2.26676007639125,2.0657290203411556,2.115748907586003,1.9899595792967497,1.8139063009018896,1.6171637720150267,1.7603634188981232,1.6483849568473228,1.6206971780510016,1.6540956228765458,1.6297964215225058,0
1.653154988981248,1.9424580382122993,1.7667547962303831,1.967023627504926,1.8414149642006319,2.1170366737379807,2.141892423695323,2.116571746175952,2.266937435725887,2.065935106918128,2.11594638814083,1.9901776140646832,1.8141205670570506,1.6173946583451808,1.7605798866127265,1.6486224332386992,1.6209418069173076,1.6543255226626692,1.6300634297688674,1.5223086767942313,1
1.9427089819560746,1.7670421987901987,1.967273447838282,1.8416723166453846,2.117248109826347,2.142117880431604,2.116805772472099,2.2671243547186144,2.066156659197955,2.116141349286408,1.990402968641644,1.8143778031348345,1.617653126695746,1.760778408994489,1.6488642446092652,1.6211855255277996,1.6545624941242854,1.6302988097984845,1.522600235928986,1.5820984517514596,1
1.7673310399957567,1.9675174438440282,1.8419492905833452,2.1174452005363755,2.142323850337776,2.1170366737379807,2.2673256798114427,2.0663875433283985,2.1163518533299377,1.9906257433657073,1.8146421813427835,1.617954162957044,1.761004625431216,1.6490879772631262,1.6214335597855685,1.6547985653729802,1.630541252307394,1.5228601216067652,1.5823763545191956,1.5363000477139899,1
1.9677629736646913,1.8422204156853847,2.117662436544206,2.1425154627082836,2.117248109826347,2.2675239138997214,2.0666324700256515,2.116571746175952,1.9908638679999804,1.8149038950767251,1.6182621428253763,1.7612737031046677,1.6493393167013402,1.6216634825755274,1.6550389759525377,1.6307827874279563,1.523127028641787,1.5826226089947155,1.5365884111301373,1.5304126519304553,1
1.8424930151216072,2.1178738776343993,2.142727267995193,2.1174452005363755,2.2677025528949195,2.066874260350734,2.116805772472099,1.991111239057067,1.8151806885380395,1.6185673636713267,1.7615498692365772,1.649633288886603,1.6219209907213927,1.6552613151877646,1.63102864495798,1.523392996202574,1.58287590770151,1.5368451069780995,1.5307023600654557,1.7875358568424622,0
2.1180869239163918,2.142933283266128,2.117662436544206,2.2678667735678255,2.0670966288034904,2.1170366737379807,1.9913725163559794,1.8154665290906278,1.6188873623655067,1.76182334533286,1.6499342366966312,1.6222210755108988,1.6555112660309532,1.631256402476329,1.5236632105064944,1.58312828478176,1.537108829536044,1.5309603981543407,1.7877668363928874,1.6601467015809575,0
2.143140915625009,2.1178738776343993,2.2680514252501296,2.0673046761925593,2.117248109826347,1.9916306402698636,1.8157659577934115,1.6192161854349822,1.7621118195420005,1.6502324407330016,1.622528108219959,1.6558038622502405,1.6315117528461234,1.5239151966088447,1.583384950694339,1.5373716167962814,1.5312254607008415,1.787966254117099,1.660406777629232,1.5683611949232128,0
2.1180869239163918,2.2682303114247713,2.0675327736422315,2.1174452005363755,1.9918694072692043,1.8160621934144994,1.6195582412463323,1.7624092806300506,1.6505454713045489,1.6228323839605125,1.656103440330821,1.6318096994841864,1.5241946916903462,1.5836234597106398,1.53763866064892,1.531489586192204,1.7881727946676595,1.6606352382348102,1.5686422353682725,1.4383428394079496,0
2.268410874168093,2.0677550663709425,2.117662436544206,1.9920938896768343,1.816339223689203,1.6198970596223314,1.7627202337819046,1.6508673621709349,1.623151444107019,1.6564002776079447,1.6321146037329164,1.5245165634478297,1.5838895243598345,1.5378874929860995,1.5317579641315173,1.7883784749162615,1.660870772930919,1.5688916217392788,1.4386535768770135,1.3242355483948547,0
2.0679789404991586,2.1178738776343993,1.9923382792892694,1.8166020544734762,1.6202168420012166,1.7630279818608323,1.6512025430993074,1.6234793334668822,1.6567119509036627,1.6324167556286169,1.5248452843760323,1.5841980878326425,1.5381638452198454,1.5320081235340628,1.788588588615484,1.6611054092984634,1.569148047086038,1.4389326055489433,1.324572348699022,1.384377560706654,0
2.1180869239163918,1.9925768494757568,1.8168844591323579,1.6205225199745465,1.7633165703777867,1.6515344937456684,1.6238204632891584,1.6570324914907568,1.6327337066668144,1.525171201305733,1.5845135607956051,1.5384826027132714,1.5322857982392613,1.7887807904231,1.6613443894406414,1.5694035467055798,1.4392186234549438,1.3248773921797412,1.384700624190538,1.2506934207227545,0
1.9928169653733083,1.8171610100536562,1.6208473993878956,1.7635909851109757,1.651847381082333,1.6241583566395783,1.6573663333048534,1.63305949779048,1.5255117524814854,1.5848262584877237,1.538808223492732,1.5326058661764734,1.789000708165665,1.6615653057668929,1.5696633254870667,1.4395036768222857,1.3251893812400124,1.3849919561639854,1.2510470185192615,1.337482188907807,0
1.8174390234129902,1.62116638672678,1.763884873029245,1.652146148678192,1.6244772103141087,1.6576969462302915,1.6333985467261851,1.52586102208782,1.5851536821491075,1.5391310469962338,1.53293279146017,1.7892635444305705,1.6618138386268015,1.5699049309892212,1.4397929178247513,1.3255003716997542,1.3852902567257737,1.2513688285393696,1.3378159635945552,1.2618165731838678,0
1.6214867434615563,1.7641728968453656,1.6524641777801712,1.6247819575175542,1.658008490525991,1.6337343613552036,1.5262233553703277,1.5854898919112834,1.5394685262098833,1.533256916639145,1.7895334974429462,1.6621050297591407,1.5701740814051386,1.4400638304879805,1.3258154694684425,1.3855875766398684,1.2516975560037011,1.338117987033198,1.2621676303812086,1.2332928954069742,0
1.7644623579451197,1.6527763209906428,1.6251059142514186,1.6583059120938297,1.6340511280413719,1.5265824301187056,1.5858392733371969,1.5398147396895827,1.5335956884964412,1.7898007738925847,1.6624032091212906,1.5704857025801149,1.440362186612125,1.326112102813526,1.3858890462000637,1.252025262914634,1.3384269611192179,1.2624869044837443,1.233650467594758,1.0123671106392884,0
1.6530898486028058,1.625423979743611,1.6586226068676786,1.6343537836147883,1.5269225494284464,1.586185409705432,1.5401740421155623,1.533943187956419,1.790083091472048,1.6626986507130457,1.5708042193862943,1.4407027478740895,1.326436090582024,1.386172123062025,1.252357025364306,1.3387349405589286,1.2628131002859362,1.233976244682482,1.0127751436893662,1.0007105701841106,0
1.6257434166528504,1.6589334169543584,1.6346756668994051,1.527248609563962,1.5865125391798054,1.5405300891610296,1.534303765729328,1.7903744276668507,1.6630089380075197,1.5711199543211836,1.4410500735971057,1.3268020503726403,1.3864826012759925,1.2526702356840247,1.339047036632598,1.2631382788550725,1.2343089325574357,1.0131512886545178,1.001121265662584,0.9805600775215774,0
1.6592456143656127,1.6349916608138046,1.5275936939744974,1.5868255805892846,1.5408671687268523,1.5346610867947217,1.7906793065701876,1.6633280997379827,1.5714503941510767,1.441394554977902,1.3271746595061735,1.3868351743793135,1.2530107430425041,1.3393406840806086,1.263467520793125,1.234640594684805,1.013534259886369,1.0015000681500412,0.9809753755014585,0.8512285848477272,1
1.6353090306872,1.5279328680739337,1.5871577594346233,1.5411901823577605,1.534999445447178,1.790980986720876,1.6636605740967598,1.5717896045339017,1.4417535417931517,1.3275443694714701,1.3871944575003448,1.2533930721800768,1.339661696288338,1.2637782238666972,1.23497630010176,1.0139161394226541,1.001885692444705,0.9813587720092362,0.8516734229677462,0.9038654255260717,1
1.5282733673096474,1.5874840396171734,1.5415322467443915,1.535323741009534,1.7912634831777745,1.6639898209897215,1.572141961769317,1.4421211520062491,1.3279284098197603,1.3875508703500394,1.25378197646695,1.3400247075804355,1.2641162326583855,1.2352934326368934,1.0143019067271406,1.0022702215642392,0.9817489826151595,0.8520863051816733,0.9042982410550117,1.1310660671673196,0
1.5878116732060041,1.5418684035457382,1.5356670761848603,1.791531792301568,1.6642999938203087,1.5724910708507143,1.442501674243062,1.3283209444189927,1.387921705846307,1.2541679462502284,1.3403943815794381,1.264496085953232,1.2356378486332216,1.0146688376736908,1.0026586302463172,0.9821380920308821,0.8525059520148396,0.9046991228320399,1.1314469886165215,1.0322584572481022,0
1.5422058920988093,1.5360045026279137,1.7918196276813705,1.6645960408727618,1.5728211848605658,1.4428789190200761,1.3287261849503744,1.3883011036623896,1.2545681335958674,1.34076116277492,1.2648825256190679,1.2360240508602074,1.0150628796938543,1.0030281886688674,0.9825310668241473,0.8529244590513974,0.9051067893658102,1.1317960719396856,1.0326619469873883,0.9916404583039221,0
1.536343258038993,1.7921016044219273,1.6649113730787315,1.573137217443423,1.4432372806196558,1.3291281223024853,1.3886933160343695,1.2549767319572926,1.3411422946750047,1.2652660361257368,1.2364168106818223,1.0154982566039352,1.003424849069475,0.982905167326405,0.8533467404221962,0.9055133318154586,1.1321520269407208,1.0330335570137643,0.9920532254539619,0.9138438065848317,0
1.7923850317043735,1.665220821827359,1.573472361462385,1.4435816236176526,1.3295112746781728,1.3890822387829231,1.2553979034248912,1.3415319358186115,1.265663781258742,1.2368066276392766,1.015939968225742,1.0038628205462494,0.9833063540833646,0.8537499932612357,0.9059236856532136,1.132506925678707,1.0334120009167582,0.99243409579549,0.9142743429877155,0.8646085723591957,0
1.6655316608853046,1.57380160414225,1.4439448319731174,1.3298804635893966,1.3894523247966923,1.2558157551370244,1.3419343068194016,1.2660699499967445,1.2372106354650274,1.0163786308334595,1.0043071149749472,0.9837488107500045,0.8541802314380865,0.9063150737339111,1.1328657957433894,1.0337893590619003,0.9928217844742331,0.9146729498384619,0.865050354404488,0.8598055644315172,0
1.5741321937330999,1.4443021136591658,1.3302683018934542,1.3898084182851265,1.256214885163267,1.3423333776266781,1.266488711930678,1.2376230346126083,1.0168311453882626,1.0047483547888472,0.9841975700395676,0.8546514753066058,0.9067334882247542,1.1332059710105238,1.0341706189778181,0.993208375270351,0.9150783452634227,0.8654601861751557,0.8602484435145404,0.8613403129050028,0
1.4446606807804805,1.3306501912975868,1.3901832749938947,1.2566000872609089,1.3427136520574403,1.266904156616275,1.2380479754389089,1.0172918012205647,1.0052034286675884,0.9846432650324692,0.8551288913208447,0.9071930159417966,1.133573349971633,1.0345330662582217,0.9935988392440797,0.9154826195828821,0.8658767876839022,0.8606593703014139,0.8617828414416582,0.7546325223189911,0
1.3310333121843905,1.3905521945196713,1.2570037995622185,1.3430799566229064,1.2673008700433697,1.238469592587714,1.0177645997129017,1.0056666306309285,0.985102763177436,0.8556031808975149,0.907658768907694,1.133982306318912,1.0349226401333838,0.9939704421412641,0.9158907123147602,0.8662922533900653,0.8610770649888586,0.8621934183281202,0.755099423597525,0.7004231934506001,0
1.3909223739646686,1.2574015486360441,1.3434649356523989,1.2676836501671096,1.2388725030255627,1.0182340247316761,1.0061419542011818,0.9855703666006256,0.8560910752194134,0.9081214207268546,1.1343977171283937,1.0353535895355264,0.994369139939131,0.9162798511897992,0.8667115028493529,0.8614936224399867,0.8626107637023088,0.7555343283139072,0.7009024764865732,0.7006370518444464,0
1.2578004944201038,1.3438439683626917,1.2680849615466998,1.2392614939428168,1.0186849331687589,1.00661390167052,0.9860500552365019,0.8565869284418424,0.9085977580411742,1.1348101359559963,1.035790893716953,0.9948091302833626,0.9166960242610778,0.8671117397338558,0.861913960263147,0.8630269722983146,0.7559759606943565,0.7013497401443743,0.7011162860337945,0.5333469522534224,0
1.3442242388189771,1.2684803118658312,1.2396689621307153,1.0191220288375076,1.0070673425898138,0.9865263632295972,0.8570946332886417,0.9090821138305263,1.1352365888261973,1.0362251584416406,0.9952554344290561,0.9171533309439078,0.8675389723965252,0.8623152797834547,0.8634469623467435,0.7564164244435577,0.7018037107271459,0.701563500934981,0.5338643965715134,0.5284508530248933,1
1.268876864154483,1.2400704637011404,1.0195771836427407,1.007506976373262,0.9869841820142107,0.8575989283416955,0.9095784163127485,1.1356713173176598,1.0366733056286355,0.9956986796019649,0.9176168729423696,0.8680072380855333,0.8627435913341596,0.8638479359226608,0.7568605945279052,0.7022564964967836,0.7020174228429545,0.5343497511911574,0.5289694156433637,0.5354654083430532,0
1.240473153754424,1.0200263287894946,1.007964647231498,0.987428203399781,0.8580848454892629,0.910071320865425,1.1361184028538276,1.0371296166062027,0.9961557449252988,0.9180773185884847,0.868481689418778,0.8632129260988891,0.8642759027265341,0.7572856208800187,0.7027129504407439,0.7024701600016325,0.5348417488166939,0.529455886502681,0.5359823687922236,0.4668495716727312,1
1.0204765579602306,1.0084163061603144,0.9878902237224025,0.8585570277313038,0.9105458022132228,1.1365621416708527,1.0375981061699826,0.9966209280676572,0.9185514650375465,0.8689530207432404,0.863688441662299,0.8647448958798493,0.7577375571963897,0.703150196002419,0.7029265654851795,0.5353325117556021,0.5299489984947691,0.5364672404345783,0.46738220441786754,0.5061164887640234,1
1.0088690436016283,0.9883462281898632,0.8590469641317475,0.911006523221153,1.136987261753577,1.0380632267436547,0.9970982164352099,0.9190336412551963,0.8694379773391075,0.8641608349091879,0.865220071380189,0.7582303018633245,0.7036143092290105,0.7033637628414887,0.5358268252549998,0.5304408743387069,0.5369587558932924,0.4678827194766511,0.5066401526941428,0.6504231009693257,0
0.9888033016421972,0.8595308594805255,0.911485098010358,1.1373985117121364,1.0385098136170943,0.9975721266574692,0.9195277821878791,0.8699309079790069,0.8646468460592096,0.8656921253014206,0.7587291212241994,0.7041191200591173,0.7038278280295872,0.5363017311169691,0.5309362972965103,0.5374490372977531,0.4683898521011377,0.5071317154648578,0.6509138043462247,0.5084890589451657,0
0.8600157626632235,0.9119576420026649,1.1378280454622087,1.038942578110618,0.998027538135444,0.9200185274401161,0.870435714409152,0.8651408258172076,0.8661777994802351,0.7592247677352447,0.7046299508936104,0.7043325912581034,0.5368033742748752,0.5314123067777967,0.5379428707539968,0.46889573018903574,0.5076299108237895,0.6513724673005458,0.5090121809650807,0.4938208891084109,0
0.9124312187168208,1.1382515926788639,1.0393934393878914,0.9984691468602895,0.9204908409000554,0.8709371140613642,0.8656466726906384,0.866671444004058,0.7597338708039518,0.7051375828318962,0.704843374706759,0.5373453737075811,0.5319150497346117,0.5384172990992833,0.469405112026388,0.5081268633675982,0.6518378180510863,0.509503202824176,0.4943473614321349,0.445086335122486,1
1.1386762800431431,1.0398382948819391,0.9989287754934175,0.920949389198532,0.8714201242932405,0.8661491117035515,0.8671769584152551,0.7602508234455349,0.7056585881655666,0.7053509593619615,0.5378932245883512,0.5324581389637313,0.5389184663935299,0.4698950069215287,0.5086273473029278,0.6523019690630953,0.5100008581791725,0.4948417274213923,0.4456239387300492,0.4738590950286829,1
1.040284243805063,0.9993823904300766,0.9214258101638196,0.8718893931543245,0.8666331654296087,0.8676790653118625,0.7607794532473175,0.706187381717865,0.7058719177406276,0.5384377962964941,0.5330070747014429,0.5394599942904802,0.4704115872249435,0.5091083911257754,0.6527697530517084,0.5104972714272755,0.49534272129488593,0.4461294154913889,0.47439012675385145,0.5053868542438417,1
0.9998370795906723,0.9218962022762086,0.8723764414973824,0.867103480105707,0.8681627856008058,0.7613046514828666,0.7067277545217593,0.7064006645799671,0.5389954850891432,0.5335527289140604,0.5400073757727175,0.4709683879522114,0.5096161509967289,0.6532182690279205,0.5109972177370777,0.49584246868292886,0.44664150149237636,0.47488904374288693,0.5059106848271523,0.48389282767173253,1
0.9223676318284583,0.8728574513954787,0.8675915651733888,0.8686327660981935,0.7618115549437344,0.7072646835407856,0.7069409910571567,0.539560773003131,0.5341114927001012,0.5405514791001987,0.47153097304108177,0.5101642115119563,0.6536936136541598,0.5114777267639253,0.49634573880696775,0.4471523264602881,0.47539458097928894,0.5064024139439646,0.4844215676281891,0.4840840422356422,1
0.8733394754538658,0.8680736108603815,0.869120519891899,0.762304770174696,0.7077833644378103,0.7074778737976815,0.5401373384088181,0.5346778500660639,0.5411087027620997,0.4720902470068116,0.5107180960035577,0.6542095537361332,0.5119849536901866,0.4968295541547911,0.44766663985735683,0.47589886577149704,0.5069007753698541,0.4849181970715837,0.4846127385174694,0.6037818432619909,1
0.8685566684366908,0.869602234603917,0.7628155567419714,0.7082883832991025,0.7079965082321574,0.5407104223711096,0.5352554760807786,0.541673527943013,0.4726625360437278,0.5112686882388993,0.6547314633794638,0.5125324861077685,0.4973400759565088,0.4481614403573758,0.47640665924753484,0.5073978937628193,0.4854214506009931,0.48510932436671433,0.6042831998004703,0.8282853531596708,1
0.8700849619309163,0.7633202834386295,0.7088108708976743,0.7085014805275637,0.5412654019976167,0.5358296195485305,0.5422496344418135,0.4732423489400885,0.5118323557846207,0.6552501501026542,0.5130858448953124,0.4978908732831825,0.448682909283895,0.47689497414091936,0.507898543033677,0.4859234546813522,0.48561253437512797,0.6047524962856566,0.8287354316605533,0.8518097764827682,1
0.7638259722963306,0.7093272880645071,0.7090239219650076,0.541806800320328,0.5363856628940927,0.5428222599747127,0.4738333192258373,0.5124035916321773,0.6557821335163216,0.5136359125665638,0.49844748218170726,0.449244554173023,0.4774099799120834,0.5083797513218905,0.4864289745088178,0.4861144949915701,0.6052284627233155,0.8291535445988284,0.8522544818549003,0.8369579400254159,1
0.709844641760945,0.7095402930123768,0.5423653511642476,0.5369281273016747,0.5433767793486791,0.47442079307986307,0.512986055789923,0.6563218485583928,0.5141990591879438,0.49900079291621,0.4498119614677226,0.4779652204272193,0.5088876750888787,0.4869150277198607,0.4866199714897249,0.6057032154996823,0.8295784133788514,0.8526672315655568,0.837406037651988,0.9636375886155717,1
0.7100576006904682,0.5429177990264497,0.5374877349638855,0.5439177163952028,0.47499021982591105,0.5135650323666011,0.6568730525458463,0.5147697767964395,0.49956716009847074,0.45037604718253027,0.4785262523755763,0.5094358980095326,0.4874277796379681,0.4871059815994996,0.6061815684193964,0.8300021355135415,0.8530867461178016,0.8378221733661345,0.964056751800156,0.9152376601164889,1
0.5434711044207038,0.5380412386905153,0.5444758099724207,0.47554609739997467,0.5141259280420978,0.6574208014785478,0.515351727000273,0.5001410816663775,0.45095311458164516,0.479083976568713,0.5099899441704623,0.4879807867984799,0.48761869056554263,0.6066405977023407,0.8304296158315144,0.8535051210469277,0.8382450682399382,0.9644440063901756,0.9156678781543109,0.899225956370158,1
0.538595597634207,0.5450278009806413,0.4761190016392883,0.5146732555716719,0.657950345319448,0.5159301901578099,0.5007262093371334,0.4515376812085214,0.4796547265863129,0.5105406977245592,0.4885395955148315,0.48817165516463235,0.6071264192413094,0.8308380402556272,0.8539272707194266,0.8386668190572402,0.9648380686042313,0.9160661672266508,0.8996598315835275,1.0300544578009327,1
0.5455806505225694,0.47668578994179117,0.5152376840848442,0.658466251284869,0.5164905703723255,0.5013078466554274,0.4521333659177486,0.4802330083967527,0.511104525469707,0.4890951012969482,0.4887304215124703,0.6076527409501686,0.8312734321150318,0.8543303925532953,0.839092334162919,0.965231024576598,0.9164712454064577,0.9000617710922914,1.0304584509477897,1.2389915926077033,1
0.4772534043348298,0.51579600431123,0.6589995313551271,0.517037381294483,0.5018714136541625,0.4527255492898788,0.4808224602566274,0.5116759206908877,0.4896636482962305,0.48928588501794773,0.6081849851659458,0.8317497827941872,0.8547605001784773,0.8394988037176659,0.9656278340138693,0.9168752028968388,0.9004704935828556,1.0308305634541008,1.2393478631765973,1.5723314131054422,0
0.516355169194468,0.6595267312525727,0.5176012976906723,0.5024214184482604,0.45329970428352523,0.48140841726470646,0.5122585429044494,0.4902397384445551,0.48985439003393205,0.6087139840514951,0.832232282472583,0.855231614682674,0.8399322474748924,0.9660057489783712,0.9172829797808459,0.900878090604382,1.0312095089938362,1.2396723410439412,1.5726115467272754,1.4431055916379631,0
0.6600548440384106,0.5181591062623021,0.5029885009547467,0.453860320621274,0.48197632113239497,0.512837677372486,0.49082701676444923,0.49043043841537587,0.6092562080753867,0.832711644689697,0.8557089019189307,0.840406667769547,0.9664107369930186,0.9176718044703239,0.9012894957480465,1.0315873681178098,1.2400037318786896,1.5728600279460696,1.4434152412639547,1.435285922366499,0
0.5187177606125907,0.5035494727790043,0.45443792243418424,0.48253067244106823,0.5133987315672662,0.4914108024941236,0.4910176753137458,0.6098061109389951,0.8332045764549355,0.8561830629968682,0.8408872458128568,0.9668569603455165,0.9180876644436604,0.9016819296016222,1.031969127461047,1.2403340986669569,1.5731155496595204,1.4436931840973948,1.4355973580549675,1.452047388481844,0
0.504111283446467,0.4550094040703459,0.48310206368153324,0.5139462179686866,0.4919765264483528,0.4916014196649952,0.6103674185082337,0.8337054411534999,0.8566708297116375,0.8413646905618701,0.9673094692485371,0.9185446608761239,0.9021013862451825,1.0323320715402797,1.2406685127564256,1.5733701468308932,1.4439781179870117,1.435877083659684,1.4523549957442443,1.5982862741750756,0
0.45558170150687627,0.4836673403507907,0.5145108039727655,0.4925286929952254,0.49216710207623976,0.6109252605099087,0.8342181160381835,0.8571665559847313,0.8418557181635827,0.9677589057240165,0.9190078940304204,0.9025619466367302,1.0327221404944984,1.2409843607603395,1.5736290259590584,1.4442620887596866,1.4361637973289734,1.4526308999775819,1.5985604795406319,1.2607070255169712,1
0.48423344642485033,0.5150692815479099,0.4930979184641871,0.4927192269877319,0.6114649375593616,0.83472737595778,0.8576741349318978,0.8423546885142758,0.96822211939085,0.919468031502086,0.9030287275965639,1.033153580473033,1.2413274966721206,1.5738697365427738,1.44455025052024,1.4364495455470918,1.4529137986879985,1.5988030434272216,1.2610583361420955,1.3910524585757635,0
0.5156286034349181,0.4936610313167242,0.49328841118321465,0.6119909992705856,0.8352182777168908,0.8581783042163178,0.8428654847148287,0.9686934191829931,0.9199418719150023,0.903492405180499,1.0335913730073274,1.2417124304567235,1.5741379951381989,1.4448200896216152,1.4367394792484076,1.453195736950666,1.599052657738131,1.2613778632054207,1.391373997470281,1.294114222616874,1
0.49422497831824685,0.49385148279952534,0.6125343468112869,0.8356954556567404,0.8586640950950766,0.8433728679050719,0.9691767736237614,0.9204237436740734,0.9039697611422052,1.0340261250259102,1.2421039275851355,1.5744487326036474,1.4451173759002645,1.4370110809648076,1.4534818724958163,1.5993013552546806,1.261704311543917,1.3916638076637422,1.2944579028245065,1.4197094833511736,0
0.4944153886552324,0.6130716050924743,0.8361903443315919,0.8591361507874745,0.8438618854711802,0.969656743607466,0.9209175826656456,0.9044551303279816,1.0344747561256546,1.2424924845874847,1.5747663697056884,1.4454568770468066,1.4373101237568215,1.453749696045777,1.5995543529990266,1.26202974231815,1.3919605889991886,1.2947698135310062,1.4200244767979406,1.4422878977791387,0
0.6136097542089769,0.836679187484952,0.859625961738265,0.8443371750273971,0.9701182389462237,0.9214080262909428,0.9049524378271858,1.0349315485214798,1.2428952412004746,1.5750812268440406,1.4458031474593447,1.4376513654415215,1.4540449737502625,1.599789213152693,1.26235923568023,1.3922563916794481,1.2950886582934127,1.4203077536050301,1.4425977341716378,1.3546311161131799,1
0.8371690276241356,0.8601097317506181,0.8448301917327472,0.9705659450629555,0.9218800369243885,0.9054463463511206,1.035400515522828,1.243306395585094,1.5754107949680898,1.4461465758180596,1.4379993685032757,1.4543824845903022,1.6000516415705521,1.2626701888545826,1.3925563487046229,1.295406495463851,1.4205980125175468,1.442875863427428,1.3549609738752686,1.3633590545632144,1
0.8605945098716923,0.8453171646062088,0.9710316180884684,0.9223382817228556,0.9059218356629152,1.0358661130372933,1.2437301019409694,1.5757491381385733,1.4465045169177444,1.438344525754029,1.454726773717347,1.6003566018829662,1.2630084468812754,1.3928379209920472,1.2957284187392357,1.42088730132921,1.4431609834265668,1.355259087607019,1.3636869188083371,1.4078592123509819,1
0.8458051385660957,0.9714912719619624,0.9228144018262042,0.906383566876653,1.036313178748293,1.24415048590382,1.5761006353323415,1.44687108680577,1.438704183749634,1.4550682250869031,1.6006684880167603,1.2633885471443735,1.3931468998398766,1.2960318416683196,1.4211807646589893,1.4434451400646762,1.355564158546885,1.3639830426965998,1.4081769124754404,1.4716946849235621,0
0.9719519868189815,0.9232844933482062,0.9068631430907957,1.036746423144359,1.2445521582514016,1.5764488852669676,1.4472505773196187,1.4390724616832604,1.4554242029149973,1.6009776066575996,1.2637752326590848,1.3934979872135542,1.2963625955172575,1.421455877427389,1.443733487115045,1.3558682399595232,1.3642861271320634,1.408462890972592,1.4719978046177902,1.4993100935218853,0
0.9237556229691154,0.907336687604174,1.0371977601527849,1.2449399083247543,1.576778136713269,1.447626791447179,1.4394536461194405,1.4557888196517805,1.6013014761013666,1.2641589884815159,1.393855791338971,1.2967352598518955,1.4217584191171653,1.4440035105310547,1.356176450078161,1.3645882246456538,1.408755847041562,1.4722692295522537,1.4996069056801595,1.5236169869683502,0
0.9078112626457516,1.0376430909485999,1.2453461464543643,1.57709330481415,1.4479841182984692,1.4398315524068008,1.4561663731643522,1.6016341499673417,1.2645569772281318,1.3942107284001912,1.297114543141289,1.4221031278777114,1.4443009804862943,1.3564662320229517,1.3648944570093018,1.409047829472285,1.4725476564803472,1.4998720347016457,1.5239082472766932,1.4388812593642213,0
1.0380895141313884,1.2457464190767271,1.5774275918653502,1.4483274242467947,1.4401905781475173,1.4565406523060926,1.6019800247342193,1.2649633883239557,1.394580098347914,1.2974909127898175,1.4224545823008863,1.4446406636389182,1.356783392108707,1.365182271608044,1.4093439780790886,1.472825128825555,1.5001441762817074,1.5241678346787118,1.4391918738547236,1.3413039642048965,0
1.2461478828764259,1.5777559783509365,1.4486896045667892,1.440535586763766,1.456896036476231,1.6023226580921095,1.265382390611734,1.3949580381701172,1.2978815666123558,1.4228031834289276,1.4449871152326004,1.3571425863132616,1.3654974711581285,1.409621761991879,1.47310681228402,1.500415371522287,1.524434443938499,1.4394707797747057,1.3416368659737226,1.29432808101072,0
1.5780857136247193,1.4490458591452522,1.4408994549518224,1.4572373954226912,1.6026462706248588,1.2657980754010862,1.3953488046038902,1.2982806805944471,1.423166261406079,1.4453307243795752,1.357508460525567,1.3658547226577713,1.409926965579322,1.4733702071786636,1.5006907973160766,1.5247001141145915,1.4397566751347444,1.34193801810298,1.2946717123717275,1.2643199743824223,0
1.4494034014109218,1.4412573958749109,1.4575976456644701,1.6029557872706905,1.2661950298868154,1.395736282918741,1.298692446105931,1.4235379416918,1.4456888450130991,1.3578714501740299,1.366218662970421,1.4102743120280032,1.4736610715585454,1.5009479674801829,1.5249700319548065,1.4400416061168466,1.3422461223417277,1.2949835743216127,1.2646704597869174,1.1541049061373305,0
1.4416166207878838,1.4579519719067684,1.6032844719901886,1.266578051605328,1.396104918754374,1.2991009016488797,1.423922500347143,1.4460555935094974,1.3582488168351847,1.3665797229128087,1.410628392184063,1.4739942092124618,1.5012326286777304,1.525221723153742,1.4403307251130948,1.3425532330749943,1.295302370409221,1.2649891631502572,1.154480565368354,0.9697111670008078,1
1.458307590064164,1.6036072612006278,1.266979602479711,1.3964595588393331,1.2994905981378908,1.4243037773427787,1.4464352611548636,1.3586347121490576,1.366955173257377,1.4109796133511976,1.4743341449747298,1.5015596195662617,1.5255009243526985,1.4406015164122263,1.3428644631325701,1.2956201589686995,1.2653147891709904,1.1548243961700955,0.9701289429412421,0.999367036274535,1
1.6039314114713283,1.2673751920774718,1.3968329747778412,1.2998663457171882,1.4246661871968918,1.4468116522296361,1.3590333682931515,1.3673391621329665,1.4113452931879964,1.4746712524195982,1.5018934364231908,1.5258225049004517,1.4408997515924005,1.343157249122337,1.295942033783671,1.2656393987059518,1.155175107463776,0.9705148128434037,0.9997780386247467,1.1226828181285429,0
1.2677719831201328,1.3972004548337682,1.3002606856803325,1.4250145874531372,1.4471691567318479,1.3594287281090518,1.3677359276024876,1.4117195619212008,1.47502291646383,1.5022244382313101,1.526150935938824,1.4412401930103607,1.3434774028539398,1.2962454085073891,1.2659680733721062,1.1555247693716715,0.9709074926931966,1.0001571474184656,1.123065654365445,1.1104803097737812,0
1.397569197964964,1.3006490708752816,1.4253818178005162,1.447512640726208,1.35980527679003,1.36812939871107,1.412106687621004,1.475383241653608,1.5025700390034624,1.5264765636073085,1.441587399432562,1.3438395634776132,1.296576114317834,1.266278212159337,1.1558784188245246,0.9712990681143088,1.0005430775053898,1.1234166489479058,1.1108659331416393,1.0040291492603852,0
1.3010386733108348,1.4257431178483078,1.4478749975446321,1.3601678473192789,1.368504051173445,1.4124905289900818,1.4757565391045677,1.5029243321763452,1.5268168275289173,1.4419317617712424,1.3442083906638236,1.2969487310508816,1.2666156586180783,1.1562134009559513,0.9716945012758395,1.0009279120161294,1.1237745120010223,1.111219709719175,1.0044390867541717,1.043009244505813,0
1.426105694521079,1.4482314284622209,1.360549124769392,1.3688647212667144,1.4128555134160088,1.4761265666131431,1.5032916474871785,1.5271658113618565,1.4422906303703638,1.3445743268827912,1.2973279669544373,1.2669949546943062,1.1565756047584748,0.972071047207951,1.001316625143628,1.1241313162886275,1.1115803500989998,1.00481713265369,1.043410278696527,0.9253342922871403,1
1.4485891466803917,1.3609244592412781,1.3692441147997396,1.4132064939701685,1.4764776822416055,1.5036556990800642,1.5275278612339356,1.442658122976718,1.344954619669329,1.2977042893198825,1.2673808396671018,1.1569794330144068,0.9724746709293992,1.0016864864093002,1.1244920860015153,1.1119399280707747,1.005202001630018,1.0437794376992011,0.925762204189596,0.9580017909424445,0
1.3613010395675704,1.3696175670549249,1.413576282187101,1.4768147631527342,1.5040008150269493,1.527886652866774,1.4430385285792389,1.3453434260248833,1.2980948961874164,1.2677637966835589,1.1573897389754746,0.972919542396726,1.0020834486046752,1.1248341509189912,1.1123034628778388,1.0055857764218368,1.044155434691468,0.9261581913761142,0.9584222413792644,0.9489920626087536,0
1.3699922692912898,1.4139401377957634,1.477170772544546,1.5043318829126204,1.528226487935041,1.4434156568433194,1.3457449691402095,1.2984939634565489,1.2681609921668082,1.1577970640243136,0.9733707055419578,1.002521719131442,1.1252034129890234,1.1126482783367782,1.0059734331123233,1.0445303491350726,0.9265609715328115,0.9588107808494833,0.9494145709251515,1.0081956139687327,0
1.4143052644263203,1.4775208617645852,1.5046819315451496,1.5285522631969013,1.4437739014666002,1.3461432129234396,1.298905682641328,1.2685666140884106,1.1582184584595256,0.9738187991778681,1.002966311254696,1.1256142353186513,1.1130202814267012,1.0063422435010199,1.0449091729175028,0.9269626340140024,0.9592061257876271,0.9498051644828679,1.008604599815331,0.961254954510013,0
1.4778722521894228,1.5050260653859704,1.528897065209949,1.4441181272281314,1.3465226570411264,1.2993140919057753,1.268984833727389,1.1586481545914125,0.9742806793225804,1.003407848117614,1.126031503652968,1.1134338198470832,1.006738158457249,1.0452691968858088,0.9273681229963747,0.9596003628017546,0.9502025600616186,1.0089816958212732,0.9616746619034665,0.8706293151412462,0
1.5053715134888006,1.5292359571667837,1.4444812193661682,1.3468881294468193,1.2997037419322377,1.2693997366822907,1.159090249378934,0.974750652466693,1.0038632169842647,1.1264457759774409,1.1138537919615468,1.0071753912693422,1.045656355837673,0.9277546718254622,0.9599984493134497,0.9505988450268825,1.0093656164980074,0.9620624596995346,0.871069722010378,0.7549621158436248,1
1.5295761748784957,1.4448383849396846,1.347272283549804,1.3000794429456493,1.2697959062242572,1.1595290026402036,0.9752326912290478,1.004326712414899,1.1268740694838089,1.1142707622031327,1.0076189503813358,1.0460849122798586,0.9281682638167735,0.9603776346311222,0.9509989731472879,1.009748444233953,0.9624570642081044,0.8714781811389398,0.7554289418408896,0.8364874515589541,0
1.4451968362030447,1.3476504920781514,1.3004737367476655,1.2701781412532147,1.1599491173398921,0.9757113469033069,1.004802327025862,1.1273106291232573,1.114701734906803,1.0080594564730354,1.0465198343473539,0.9286230128941452,0.9607838886013482,0.9513801893286679,1.0101351568015622,0.9628505617637513,0.8718934123089618,0.7558637714147245,0.8369356566481012,0.7836619122978039,0
1.3480299401595162,1.3008620758231508,1.2705789122760733,1.1603553507829527,0.9761715227056826,1.0052745652330808,1.1277595306662496,1.1151409599327253,1.0085138017205928,1.0469517221236242,0.9290840088794252,0.9612313663957613,0.9517884671323432,1.0105030280363074,0.96324791110704,0.8723075094736368,0.7563053287787204,0.8373518996268001,0.7841221830779931,0.7879566920424592,0
1.3012516322403576,1.2709737227261884,1.1607799116218778,0.9766179063512541,1.0057282980465037,1.1282050836005373,1.1155925048229858,1.0089762788087249,1.0473975088549339,0.9295419140332816,0.9616851240549735,0.9522379503537645,1.0108980070896625,0.9636263631360297,0.8727253946297566,0.7567457176098544,0.8377749015851593,0.7845504695141334,0.7884159818674852,0.7758120512530912,0
1.2713697363294907,1.1611984904158377,0.9770822684007369,1.0061682243732823,1.128632025015169,1.1160406983541298,1.0094508834975253,1.0478514715445828,0.9300135376175848,0.9621358065787691,0.952693704350442,1.011334312510768,0.9640318863560043,0.87312427439143,0.7571898130081529,0.8381967593465726,0.7849854947202397,0.7888432891560806,0.7762741149917511,0.6359687895264171,1
1.1616182202507235,0.9775406124814617,1.0066261852320155,1.1290451003564566,1.116470290867126,1.0099221128334093,1.0483176322376664,0.9304932039754352,0.9626002576480679,0.9531463788827286,1.0117769484351489,0.9644786400462226,0.8735501546292337,0.7576147650672909,0.838622381065161,0.7854193599605857,0.7892773368577144,0.776704191082455,0.6364627943605002,0.7591059367220359,1
0.9780000204174417,1.0070781338995802,1.1294764436227398,1.1168860232030808,1.0103748327632713,1.0487804263638403,0.9309848558015256,0.9630727884640671,0.9536128081387365,1.012216533341129,0.9649316768832225,0.8740170801934636,0.7580666273478668,0.8390289566717127,0.7858569519714061,0.7897102258756115,0.7771410029399697,0.6369247526883687,0.759571816244108,0.7706190662542813,1
1.0075311604443884,1.1299017987223718,1.117320000369011,1.010813743953737,1.049224677537628,0.9314731145370939,0.9635573637497592,0.9540873069442126,1.012669963794721,0.9653816401478783,0.874490197476009,0.7585592986523503,0.8394625061136236,0.7862754348704463,0.7901468446873062,0.7775766524884825,0.6373933932826084,0.7600057010868319,0.7710823161039296,0.7877403176675087,1
1.130328290005832,1.1177479869909834,1.0112706984998836,1.0496551011366748,0.9319429315916249,0.9640385533080943,0.9545738339467229,1.0131315308045024,0.9658453769487005,0.8749601976426052,0.7590580449832873,0.8399370311317773,0.7867208503852704,0.7905643595091756,0.7780160232815359,0.6378608298235976,0.7604463153050361,0.7715135761199602,0.7881996569138259,0.8147669866874782,1
1.1181771040271526,1.0117216417631396,1.0501036418668985,0.9323989779324424,0.9645012730716636,0.9550569731911079,1.013605232940091,0.9663171971781614,0.8754438323169993,0.7595536186227569,0.84041771342393,0.7872071335563045,0.7910088102980299,0.7784362756010639,0.6383318891660339,0.7608857622273398,0.7719515699160989,0.7886270135326433,0.815220152869727,0.8653054991250244,1
1.012173665107995,1.050546178908377,0.9328729186874856,0.9649502063364479,0.9555216503945211,1.0140755606618732,0.9668010677529221,0.8759354478497167,0.7600626493255164,0.840895262195727,0.7876995207078318,0.7914941375171224,0.7788834544111581,0.638783663257856,0.7613289186338634,0.7723883998530913,0.7890611104817197,0.8156413477996592,0.8657471219877856,0.9351340386875108,1
1.0509898144621552,0.933340832828219,0.9654170958434473,0.9559725454526877,1.014527375391964,0.9672815533335798,0.8764389500468694,0.7605795299741863,0.8413863930984489,0.7881887489575059,0.791985573049534,0.7793714848405741,0.6392622547210588,0.7617529366431477,0.7728289473790064,0.7894940486824701,0.8160692933995597,0.8661567948692502,0.935559712265209,0.9105277434896613,1
0.9338097898417835,0.9658779651004552,0.9564413797008487,1.0149653793694051,0.9677435663197913,0.8769390468231483,0.7611080883783418,0.8418854662176513,0.788691478298693,0.7924738517436387,0.7798656113310826,0.6397814121105335,0.7622038681072781,0.7732503702382418,0.7899307165247008,0.8164960883187947,0.8665732377554196,0.9359534652515589,0.9109590373025658,0.9497518889021839,0
0.9663398926762513,0.9569041919437333,1.015421434588167,0.9681917912352757,0.8774207489976253,0.7616332152905531,0.8423963643369546,0.789202090068289,0.7929756381178578,0.7803565751480541,0.6403065244790074,0.7626956170609428,0.7736987155359762,0.790348280119058,0.8169266319050168,0.8669885450470437,0.936354014957219,0.9113584001676438,0.9501742236693964,0.9441714428133465,0
0.9573680582453957,1.015871479335754,0.9686579785500599,0.8778887068920621,0.7621400471444342,0.8429038493399014,0.7897244314286735,0.7934853117813278,0.7808610280141036,0.6408284069823657,0.7631934452215907,0.7741879018440141,0.790792779511564,0.8173381034753737,0.8674076365823958,0.9367534499126696,0.9117645503382957,0.9505646439977289,0.9445950521901387,0.9525521758710189,0
1.016322606134942,0.9691181462486377,0.8783744556636036,0.7626331906091479,0.8433929691236167,0.7902433477659695,0.7940067227924779,0.7813733544240705,0.6413635640019095,0.7636881026817851,0.7746831789741562,0.7912781548922656,0.8177765319326904,0.8678077163741181,0.9371567182678633,0.9121695784135768,0.9509618666377856,0.9449867447793115,0.952973871034777,0.9430291873920968,0
0.9695793738041755,0.8788541671631512,0.7631439060339794,0.8438683611247826,0.790743944345821,0.794524709748571,0.7818973962470276,0.6419064362904329,0.7641962235622853,0.7751752909356477,0.7917696383679953,0.8182558915923862,0.8682347924878165,0.9375410581569508,0.9125784225669239,0.9513579788911691,0.9453852375452733,0.9533636529382604,0.9434530576673331,0.9063260550458565,0
0.8793348956697378,0.7636485616524051,0.8443614793846138,0.7912308386686439,0.7950243732511219,0.782418011277559,0.6424607714181041,0.7647121990786826,0.775680883979683,0.7922579649014551,0.8187413866132005,0.8687029030516413,0.9379524488549682,0.9129683089086945,0.9517579348345764,0.9457826182587575,0.9537602382247858,0.9438450106741891,0.9067583085512758,0.7261088445420977,0
0.7641541795877135,0.8448485537208955,0.7917353592701208,0.7955103324213887,0.7829203133062552,0.643011648233061,0.7652398598348069,0.776194344690203,0.7927597987830902,0.8192237376774586,0.8691771999628034,0.938405016659456,0.913385226859193,0.9521389797451271,0.9461838387338931,0.9541557139605445,0.9442437634208367,0.9071586293404311,0.7265822608110747,0.7662135833410465,0
0.8453366289211448,0.7922338256565181,0.7960139259988044,0.7834089168710084,0.6435443323956322,0.7657640900329931,0.7767195114345543,0.7932695197090832,0.8197196375513783,0.8696483772000411,0.9388638412584117,0.9138432716466857,0.9525470868708629,0.9465661415209318,0.9545550353575974,0.9446414037740349,0.9075657358277024,0.7270236685126452,0.76667783943117,0.6627237325871463,0
0.7927332679297329,0.7965114661978542,0.7839151318574127,0.6440633856671077,0.7662700216066666,0.7772412502159952,0.793790977591958,0.8202234550585046,0.8701331807778354,0.9393195797345042,0.9143075484043709,0.9529964009666331,0.9469755021687537,0.9549354490614165,0.9450428830847903,0.9079717189653677,0.7274717929658564,0.7671101038334636,0.6632116264211084,0.5915969467749576,1
0.7970099843143937,0.7844152910994188,0.6445997856865349,0.7667622627888614,0.7777446804646965,0.7943090113710058,0.8207390583359453,0.8706259591884454,0.9397890516747884,0.914768727216415,0.9534519866042168,0.9474260583860274,0.9553429271654741,0.9454254433451948,0.9083815152233073,0.7279187402732906,0.7675491003304408,0.6636674850096727,0.5921010864217298,0.6586302313308172,0
0.7849164225166444,0.6451301027171445,0.7672720837739572,0.7782344147587267,0.7948087218827236,0.8212512436012962,0.8711306146480352,0.9402665774799963,0.9152436017442487,0.9539044931424894,0.9478828805152331,0.9557916179604177,0.9458350605750848,0.9087723486587366,0.7283693738365404,0.7679869316532024,0.664130036100362,0.5925731608867404,0.6591190601466484,0.5992555932557605,0
0.6456613258018102,0.767775845759951,0.7787417506459291,0.7952947281667102,0.8217450823401002,0.8716318634867776,0.9407561064529713,0.9157265022875424,0.9543707555701292,0.9483366208638472,0.9562465831222687,0.9462858710408539,0.9091902104243315,0.7288008296502153,0.7684284774636336,0.6645913911243495,0.593051900642595,0.659575851994179,0.5997579836186914,0.5919013804885507,1
0.7682805720221229,0.7792430297770301,0.7957983684483259,0.8222252037917741,0.872114722305407,0.9412422445442602,0.9162213615566581,0.9548450884072105,0.9488041085408925,0.9566984705302842,0.9467429462661806,0.9096491904430735,0.729259173171226,0.7688508933534056,0.6650563877840083,0.5935294230998758,0.6600393347777662,0.600228312023288,0.5924054506007156,0.5753764165969887,1
0.7797452786279859,0.7962959553094212,0.8227230103929765,0.8725838394164863,0.9417099325208264,0.9167128243978965,0.955331450813664,0.9492796603114169,0.9571641181235742,0.9471969391620874,0.9101143981930979,0.7297582667703005,0.7693002282440945,0.6655021311010008,0.5940105371229086,0.6605016202727112,0.6007053086487301,0.5928774556592511,0.575884261116601,0.5987222052616967,0
0.7967945199856996,0.8232147688390242,0.8730707373285747,0.9421638450484007,0.917185858300649,0.9558144256332551,0.9497672315723531,0.9576378392956769,0.9476646776340966,0.9105765059786634,0.7302634062869542,0.7697903951448973,0.6659747126661583,0.5944723129774628,0.6609675445216947,0.6011810902617609,0.5933561261250991,0.5763600336274357,0.599224717453857,0.6292309921297055,0
0.8237075178790959,0.8735515969314774,0.9426356705376451,0.9176451286442744,0.956278937757966,0.9502514139886096,0.9581235950948089,0.9481404789067776,0.911052303034228,0.7307653592487852,0.7702866484232946,0.6664879148166479,0.5949608715802113,0.6614142105461019,0.6016604688318716,0.5938335793832491,0.5768424652235564,0.5996951674631869,0.6297265359198093,0.6032283274190943,0
0.8740334710241944,0.9431014713217772,0.9181222653785794,0.9567296673702791,0.9507171385125314,0.9586059639382555,0.9486282976068189,0.9115361213497715,0.7312807250102374,0.7707797344163047,0.6670070989380943,0.5954899054596934,0.6618877116245301,0.6021205183672061,0.5943146244214582,0.5773236746791549,0.6001722854893015,0.6301900303678448,0.6037298103841324,0.5918787366586139,0
0.9435683196122897,0.9185933726139466,0.9571983376106684,0.9511690832205499,0.9590698676768882,0.9491127272047192,0.9120318908023796,0.731803908061399,0.7712862947334278,0.6675230660495804,0.5960248495532545,0.6624018249254644,0.6026073566267489,0.5947763316542563,0.5778084642820134,0.6006481883437848,0.6306602045045434,0.6041992330629099,0.5923828119427744,0.47154439241293433,0
0.9190655157212624,0.9576609859938112,0.9516389579948396,0.9595199875500126,0.9495786998933126,0.9125242628800612,0.7323387167555487,0.7718007177308995,0.6680523487218849,0.5965565424620158,0.662921916067591,0.6031346858092712,0.5952648218727972,0.5782738963717873,0.6011276877798676,0.6311291725767092,0.6046753254823988,0.5928548221637749,0.47207595283098525,0.4824562024613058,0
0.9581246887949958,0.952102809824694,0.9599880533511633,0.9500308933179454,0.9129982096352403,0.7328700874543059,0.7723268388053677,0.6685893769444775,0.5971014418163269,0.663438788232921,0.6036679329323648,0.5957937879900151,0.578766098552935,0.6015878575450558,0.6316017587072288,0.605150204075367,0.5933334977834253,0.4725753975386741,0.4829852705521492,0.4474740011902527,0
0.9525677134340247,0.9604500978406227,0.9505010146469648,0.9134583948615655,0.7333831879259279,0.7728495309239416,0.6691379163288805,0.5976540062194597,0.6639689696792483,0.6041979325504679,0.5963286646284426,0.5792987428730544,0.6020748156182515,0.6320550515516362,0.6056286824220335,0.593810956188618,0.47308146160818376,0.4834822275252732,0.4480110594396144,0.4584763865583708,0
0.9609131980721649,0.9509651128090136,0.9139364385262644,0.7338826139504038,0.7733539183011451,0.6696830034310604,0.5982179533208263,0.6645068920428291,0.6047411503632145,0.5968602902283441,0.5798372810430295,0.6026022635247409,0.6325351565099459,0.606087836471807,0.5942920063579297,0.4735862725425436,0.4839858080347962,0.44851599184769103,0.4590109317925426,0.3936848411662421,1
0.9514302622104536,0.9144084518734478,0.7343995573259873,0.7738446118524255,0.6702098748554856,0.5987784321081867,0.6650563181748621,0.6052920418928573,0.5974051227408255,0.5803725602346006,0.6031356288336882,0.6330558136295317,0.6065737823456987,0.5947537186948252,0.4740945905312911,0.4844881386664255,0.44902753440887505,0.459513355816194,0.3942341852037915,0.4298369736506897,0
0.9148814991059232,0.7349104352739388,0.774352898658861,0.6707231024607151,0.5993207564296766,0.665602291102008,0.6058543299531756,0.5979576206466876,0.5809210209878822,0.6036657463813643,0.633582418930631,0.6071002272586745,0.5952422139997948,0.4745834271768708,0.48499398403384464,0.4495378166497194,0.4600223942021829,0.3947513807608793,0.4303780603099487,0.3747067956982072,1
0.7354222618962719,0.7748551278509143,0.6712537274515149,0.5998494713007303,0.6661300518742763,0.6064131514257256,0.5985215018006275,0.5814771284315507,0.6042090813054155,0.6341057911292529,0.607632594120149,0.5957711851571812,0.475098952894076,0.48548036107152176,0.45005158900052566,0.46053017555212555,0.3952751658927237,0.4308870137047211,0.3752604744427261,0.3863356603612402,1
0.775358324679807,0.6717782746659249,0.6003954489395736,0.6666441708053458,0.6069538118413553,0.5990819147091797,0.5820445892772138,0.6047600893426732,0.6346424275076371,0.6081617153854437,0.5963060668129326,0.47565470862642706,0.48599343569526987,0.45054585130181285,0.461041454757193,0.3957976746477661,0.4314025705051272,0.3757819967191643,0.3868866829986912,0.419458551596382,1
0.6723037405847535,0.6009353349450279,0.6671756793744393,0.607480859105859,0.599624172889865,0.5826085781528078,0.6053224929472432,0.6351867715291455,0.6087040609399346,0.5968376974192782,0.4762162534567913,0.4865467626264663,0.45106678389268745,0.4615332370341874,0.396323635647726,0.43191686172041044,0.3763101013098464,0.38740555406250343,0.42000200875361915,0.4071629519407695,1
0.6014761060244936,0.6677011093696428,0.608025183633254,0.6001528214730105,0.5831544265219586,0.6058814298438208,0.6357425662205248,0.6092540847076717,0.5973825349034659,0.47677448941977213,0.4871058896641507,0.4516278973240576,0.46205169818589026,0.3968300224492088,0.4324346306300158,0.3768369238586395,0.3879310118894645,0.4205133282782232,0.4077092174916113,0.46946870800207274,0
0.6682274561337617,0.608563418019326,0.6006987334001307,0.5836866732785011,0.6064222061425131,0.6362949010805088,0.6098155121813226,0.597935037755406,0.47734574765624177,0.4876617130773337,0.4521947755698171,0.4626103626554322,0.3973630375687943,0.43293286845618123,0.3773671852926966,0.3884551911458387,0.42103124723794333,0.40822334023475776,0.4700007425197193,0.4672068409895096,1
0.6091025411005965,0.601238553753172,0.5842361521031221,0.6069493695478146,0.6368290490866717,0.6103734739626487,0.5984989238145264,0.47792453506576527,0.48823057550376225,0.45275833338290516,0.4631748030392158,0.3979361236402115,0.433457762809826,0.3778778498950577,0.38898281747365193,0.4215478975145048,0.4087440577090397,0.47050066045337446,0.46773939213204885,0.47933386991114924,0
0.601779259324168,0.5847795361342526,0.6074938092064931,0.6373495694574708,0.6109132712681099,0.5990593416231553,0.4785144883440908,0.4888069794532573,0.4533348765432077,0.4637359282767296,0.3985149202603552,0.4340228019723683,0.378415128007022,0.3894908608383544,0.42206801817946626,0.4092635028298355,0.4710071969547469,0.4682398257386055,0.4798636511627177,0.4581543409770494,0
0.5853237975699485,0.6080321586199334,0.6378874238239606,0.6114394535028034,0.5996016047234046,0.47910094624889316,0.48939456897960304,0.4539189216336378,0.4643100557401657,0.3990903706033317,0.43459358815603105,0.37899243829958495,0.39002552678662056,0.4225685953836806,0.40978640968350616,0.4715124797013624,0.4687468770475472,0.4803613199824165,0.4586889597684917,0.4519298037255689,0
0.6085713964763738,0.6384191938889677,0.6119829205193649,0.6001302582370557,0.4796693530053436,0.4899786655919176,0.4545140891188325,0.46489169758625537,0.3996787237758245,0.43516104543282264,0.3795754399947078,0.390600248672696,0.42309582101712945,0.4102897584126962,0.47202126804118116,0.46925267392654796,0.48086561114399007,0.45919145721386884,0.45246584424113195,0.48545776791846695,0
0.6389518668222428,0.612520298168576,0.6006761750518247,0.48022420832125273,0.49054470166515013,0.4551057558051036,0.46548448169874823,0.4002745179997449,0.4357414609999475,0.38015508629413447,0.39118067369321274,0.42366317025685946,0.4108197459769094,0.4725105725623706,0.4697619748065037,0.4813686514956306,0.459700568898377,0.4529697607908008,0.4859861504325617,0.44840239821765615,0
0.613058566391387,0.6012160002881033,0.48079609918804245,0.4910971810252093,0.45567939205805974,0.46607376749222507,0.400881337468702,0.43632935853556987,0.3807476063089469,0.3917577489054443,0.4242362560473482,0.41138983202808566,0.47302656453553665,0.47025178917032734,0.48187520438508535,0.460208423450706,0.45348028919825273,0.48648242309225803,0.44893924441519867,0.4396492999565806,0
0.6017567107316302,0.4813618750326717,0.4916667165883356,0.45623948850138807,0.46664501338370745,0.4014846440148061,0.4369283466113523,0.3813475458957897,0.3923477156728483,0.4248060079443648,0.41196564222549786,0.4735827822833252,0.47076828922120095,0.48236228522110397,0.46071977563145483,0.453989558615455,0.4869853204366752,0.4494439651622067,0.44018814541775125,0.36611220424668844,0
0.48192847918765763,0.49223013925515235,0.4568165749388829,0.4672027141491635,0.4020699664186764,0.4375238299128734,0.381958476451024,0.3929451151738596,0.425388702210226,0.4125381126216755,0.4741447870350547,0.47132501042581176,0.48287606120684895,0.46121163050005903,0.45450232127929496,0.4874869687991881,0.44995529641750304,0.4406948617443191,0.36666784605086633,0.37917266215793966,0
0.49279439539168474,0.4573875416647969,0.46777742573239955,0.4026417750040654,0.43810129795954805,0.3825658898058057,0.39355352664639826,0.4259788666982619,0.413123506524076,0.4747034819220805,0.47188751635245924,0.4834300831212672,0.4617301639920806,0.4549955792076065,0.48799213401045216,0.45046536762959305,0.4412081852304648,0.3671913277696088,0.3797253208699953,0.34176253912145466,1
0.457959325320024,0.46834601974755175,0.40323047177981713,0.4386652347188802,0.38315533535090557,0.3941584235395987,0.42658010298177246,0.4137163567324621,0.4752751958982974,0.47244671132762617,0.4839899019921809,0.46228890014401774,0.4555155109023519,0.48847783447164145,0.45097892960519287,0.4417202460605395,0.36772138851452524,0.38024582499359677,0.34232374254488884,0.35025900730991444,1
0.468915435894202,0.4038130383647243,0.4392461280917406,0.38373127624779474,0.3947453426152881,0.42717783215175376,0.41432025652898297,0.4758544366983036,0.4730189219220647,0.4845464157383819,0.462853411885298,0.45607563254058286,0.4889902348610123,0.45147298263848007,0.4422357914923536,0.36825016465200344,0.38077291313996803,0.3428527756344218,0.35081827008567057,0.35159247729507404,1
0.4043963964461721,0.439820898316955,0.3843240694163372,0.3953187514236509,0.42775755499858376,0.41492064644058,0.4764448396181748,0.47359865678030594,0.48511596370787274,0.4634146083255727,0.4566415234884783,0.4895428936898852,0.45199370668577943,0.4427318175429092,0.36878237362455674,0.38129872057754444,0.34338837843457237,0.3513453661035813,0.3521514354977566,0.3682558201473599,1
0.44039647713228336,0.3849107286967112,0.3959090345129837,0.42832375157296804,0.41550304061064863,0.47703174669666915,0.47418954967320687,0.4856930496665666,0.4639888064977211,0.45720409614461643,0.4901013556534014,0.45255461347024484,0.4432545077774664,0.3692949755155033,0.38182797004414526,0.34392268935872955,0.3518790350826402,0.35267822750383443,0.36881097233595544,0.46262272341788585,0
0.3854981705003622,0.39649318597969635,0.42890688511820835,0.4160719144495565,0.47760060441315066,0.47477694621491234,0.48628131556280096,0.4645705186880311,0.45777966098359485,0.4906565154346018,0.453121286005721,0.4438173628670314,0.36983418420972475,0.3823376280050429,0.3444604159769402,0.35241141472196424,0.35321159298121174,0.3693339653413362,0.4631563216021987,0.5184422801928847,0
0.3970781254680851,0.4294838934938669,0.4166577019881109,0.4781559116920702,0.4753462953411731,0.4868660878412389,0.46516337256309104,0.45836273279578876,0.4912247188337352,0.4536846385545998,0.44438597487696757,0.3704134075262084,0.382873902960243,0.34497850647413086,0.3529472160364567,0.35374366951690495,0.36986353819298345,0.4636578003211319,0.5189631288334053,0.47014047495686073,0
0.43006170555247897,0.4172373619616412,0.47872825059333596,0.47590209512281556,0.4874328022676819,0.46575272804654677,0.45895693505046553,0.49180046715311404,0.4542609778749427,0.44495126269463736,0.37099831357452345,0.3834502192195919,0.3455231847746419,0.35346339136281796,0.35427916866646675,0.37039182707707774,0.4641658949886846,0.5194518815022913,0.47067235603863816,0.44509136708469405,0
0.41781781980447796,0.47929447406805403,0.4764749222458921,0.4879859614896755,0.46632404390516125,0.4595476375105444,0.4923874064705338,0.45484482017617506,0.4455295238556842,0.3715798600976322,0.384032231386929,0.3461078279522217,0.3540061611222627,0.3547950434181939,0.370923550305252,0.4646727338579032,0.519947271474925,0.4711721208191624,0.44562896954292486,0.371023399361842,1
0.4798615248716967,0.4770416335017615,0.4885561710052681,0.46688181479336316,0.46012030570263385,0.492970853550467,0.4554397865489693,0.446115278090843,0.3721742671512042,0.38461089030431944,0.3466981292962611,0.35458891311665164,0.3553375136435062,0.371435669008296,0.46518307350107324,0.5204414223117756,0.4716785044244047,0.4461344451570501,0.3715779194176433,0.392197896333734,0
0.47760917101709194,0.48912026701625483,0.467456595889827,0.4606794319320331,0.4935362375081637,0.4560312523320982,0.4467121405884097,0.3727760840494275,0.38520242978816044,0.3472850594156213,0.35517733184923606,0.35591996882797766,0.3719743961872707,0.465673921161092,0.5209391132169259,0.47218363447541745,0.4466465300127482,0.37210028145506896,0.39274757999899373,0.37685292757998284,1
0.4896851950206454,0.46802525935546574,0.4612555565888528,0.4940880633023181,0.4566046868829314,0.4473055005233866,0.3733888763931707,0.38580139389851015,0.34788481271073773,0.35576238343950545,0.3565080920959275,0.3725531423678116,0.4661914509311907,0.5214173787093344,0.47269227059252583,0.44715735383687266,0.3726292243975658,0.3932651145579556,0.3774061161342532,0.3667009438250419,1
0.4685947448003318,0.4618255624021761,0.49465695098043855,0.4571645811755314,0.4478808367590053,0.37399814959926403,0.3864113570431463,0.34849194829149616,0.356360271239923,0.35709284886226494,0.3731375734427895,0.466749192489895,0.5219223698676186,0.4731814236921543,0.4476716660936964,0.37315688419865256,0.3937892381228072,0.3779271491237225,0.3672564511573345,0.3977657625170508,0
0.4623963872516201,0.4952197263470177,0.4577414672194242,0.44844263696592446,0.3745894623922016,0.38701780399392394,0.34911001533933467,0.3569655509423056,0.3576904438844206,0.37371864602252086,0.4673127141459091,0.5224676868511753,0.47369726476793667,0.4481664654594714,0.3736879802920651,0.3943120848669927,0.3784547652484907,0.3677797986519847,0.39831417444606193,0.40331601683263946,0
0.49578333660252283,0.4583122337326076,0.4490214123576257,0.37516727468987093,0.38760627929168423,0.34972455776117534,0.3575817774574173,0.35829543231776584,0.3743125824212266,0.467872922647876,0.5230188402460878,0.4742533329907291,0.44868793325567313,0.37419947516096286,0.3948383828093563,0.37898109997200613,0.3683097253980455,0.39883043961221953,0.4038631610480652,0.37838516007236433,1
0.4588838176140718,0.44959406651332917,0.37576192299267996,0.38818124778330854,0.350321160725241,0.35819448126161185,0.35891136997224826,0.37491393109073323,0.4684461397366412,0.5235667073070096,0.47481518889518043,0.44924957702476376,0.3747375806653231,0.3953451047799123,0.37951087509156173,0.36883836771241124,0.3993532959143895,0.4043781608366692,0.37893799865493316,0.38773202987400146,0
0.450167533898644,0.37635043573291277,0.38877307699888747,0.3509042749598982,0.3587892382959504,0.359523785216374,0.3755262590773893,0.4690268759008939,0.5241276685872499,0.4753737352576971,0.4498169832045024,0.37531571082528065,0.3958784539083134,0.3800210559388984,0.36937044327629703,0.3998748770579426,0.40489975388467025,0.3794586823175983,0.38828273357172455,0.3878125412693318,0
0.3769397269326988,0.3893587731963431,0.3515041791144145,0.3593705024953515,0.3601182525430562,0.3761350684095606,0.46961876182033563,0.5246962121196856,0.4759453017399594,0.45038106780676695,0.37589952867177157,0.3964518709507895,0.38055785197045716,0.369882912460707,0.4003999133191903,0.40542007343084646,0.37998594970175503,0.38880128628352306,0.38836322657773725,0.386904272090761,0
0.3899452540286418,0.3520979429625259,0.3599685726954128,0.36069922639046276,0.3767259154837752,0.4702071503553343,0.5252760062241804,0.4765243958063185,0.45095813410105823,0.37647998935277627,0.3970309970418748,0.3811346845670587,0.37042198890778316,0.40090538024886824,0.4059438520018358,0.38051193614204176,0.38932642629268555,0.38888176093410437,0.38745516485365616,0.36879172412252786,0
0.3526924737570995,0.36056050424436054,0.36129700876231524,0.3773032610269174,0.470777495419991,0.5258523155258072,0.47711465320583496,0.451542699628806,0.37707331809848565,0.397606776141349,0.3817172107313639,0.3710010811798882,0.4014374786809768,0.4064480678604893,0.3810413640569884,0.38985028814808775,0.389406882618637,0.387973906282234,0.36934675390722777,0.34141281774798815,1
0.3611532067570993,0.36188865274284227,0.377897446632304,0.4713342933550941,0.5264105333186466,0.477701414915389,0.4521383832479931,0.3776740622473487,0.39819545578922433,0.3822963825311416,0.37158585677777967,0.4020096564020429,0.40697891955241655,0.38155119952705674,0.3903775980579076,0.3899307261734426,0.3884992346914969,0.36986962473426815,0.3419741010500209,0.36815014894098896,0
0.3624810683176561,0.37848549709273593,0.47190810995552235,0.5269551770096897,0.47827012668480584,0.4527305655312174,0.3782857907119439,0.3987915748055996,0.38288843133867595,0.37216727313334114,0.4025875487889085,0.40754986187220366,0.38208765137694256,0.39088532666992715,0.39045801783934214,0.3890232846999077,0.3703990756125981,0.34250321387095906,0.3687053252655639,0.3289058756796333,0
0.3790743270262728,0.47247580979566073,0.5275169450126829,0.47882528769206023,0.45330471943162737,0.3788940011458592,0.39939871638140945,0.3834879021472378,0.3727615509225485,0.40316209685939897,0.4081265244572127,0.3826641429221484,0.3914196789550924,0.3909657283034592,0.3895507821800336,0.37092724268334637,0.3430388962687205,0.36922834236244845,0.32947001564722955,0.35486325273037095,0
0.47304433372778215,0.5280726071302139,0.4793974815930774,0.45386533467370827,0.37948424694003235,0.4000023446992129,0.38409836780036494,0.3733632392227439,0.40374955401992807,0.40869984539262044,0.383246329580864,0.39199409003078256,0.39150006250354474,0.390058697375175,0.3714588444754258,0.34357328668609405,0.3697579392651723,0.3300019798697176,0.35542146386702406,0.324510456690815,0
0.5286291197325194,0.47996356019842124,0.4544429354004743,0.3800609898658273,0.40058799015445096,0.3847053167367718,0.3739759040317942,0.40434445685068127,0.4092860839326859,0.3838251626112558,0.3925742056496536,0.39207445565863613,0.39059323559756587,0.3719708423814943,0.34411109255133365,0.37028625216879957,0.3305405088841941,0.35594751018370036,0.3250756006002216,0.3374199557358219,0
0.48053046645031683,0.45501441595147213,0.38065457809191255,0.40116012250970556,0.3852942960165304,0.37458504983589486,0.40495039229710866,0.4098797744247666,0.3844168749999949,0.393150972131164,0.39265455343813305,0.3911678309194124,0.37250944918165724,0.34462926187847553,0.3708179993421193,0.3310777421848681,0.3564801312229909,0.3256085669145438,0.33798215103307677,0.28821491328343507,0
0.45558671230521786,0.3812420317122261,0.40174914024106373,0.3858697696110585,0.3751762347201691,0.40555281574051155,0.410484507556952,0.3850160111239459,0.3937406323100108,0.3932313021189532,0.39174812994934904,0.3730880760782125,0.34517401873605147,0.37133014186428526,0.33161838212910777,0.35701146429694786,0.32614809633928016,0.338512174168692,0.2887883473271041,0.20499883826616788,0
0.38183026611422066,0.4023320274918891,0.3864620995391064,0.3757539188246936,0.40613725152962993,0.411085729937125,0.38562614485985935,0.39433772680287915,0.3938209446206219,0.39232507944420586,0.3736723884098561,0.34575873975623234,0.371868892779927,0.33213937061946924,0.3575462222872459,0.32668632873814873,0.33904876535356404,0.289329588499354,0.20559127939362523,0.0815597733380602,0
0.4029157055361928,0.3870482959970976,0.3763484400486331,0.40670817152834865,0.4116689598864512,0.3862327622244135,0.3949458357892871,0.39441802152743516,0.39291492136653977,0.3742533425037431,0.34634911859005324,0.3724476624812539,0.3326869368811437,0.35806135978043646,0.3272279646864144,0.3395840633661494,0.28987737889627546,0.20615149262507082,0.08218040873746986,0.11886422516817415,0
0.3876352759931072,0.37693682582469523,0.407295987441167,0.4122386713634717,0.3868214086136765,0.3955504305110947,0.3950261130732014,0.393512196666037,0.3748471612387323,0.34693612603116164,0.3730321169704104,0.3332744417543426,0.3586030952993862,0.32774994393882473,0.34012277401581326,0.29042386143284094,0.20671822324485545,0.08276876428692787,0.11947633999218457,0.052580702981329115,0
0.37752599033868045,0.40787767395819047,0.41282528925925494,0.3873965485773278,0.3961370462136723,0.39563069037251425,0.3941204849640431,0.3754483928510597,0.3475359561115203,0.37361321291354765,0.33386759182344417,0.3591848224595319,0.32829849753281864,0.34064184336549175,0.2909737219684442,0.20728362116366983,0.0833635900001097,0.1200561906672149,0.05320795738575989,0.004364441102843437,0
0.40846015390130946,0.4134057788405499,0.38798854777447156,0.39671015097419177,0.39621728858330885,0.39472525881087456,0.37606060474844405,0.34814316808170553,0.3742071725135496,0.3344573644905255,0.35977222100290623,0.3288869807587077,0.3411874971299887,0.2915038825221231,0.2078523385013104,0.08395704616484691,0.12064252577769403,0.053802919743315136,0.005002708409880993,-0.004169766802177598,0
0.41398706447223044,0.38857441380006996,0.39730013265851344,0.3967903758131418,0.3953120543508464,0.37666929811213484,0.3487613108873317,0.3748085442647535,0.3350599406100159,0.3603562546162031,0.3294811047461426,0.34177310689986573,0.292060589096106,0.20840125661352676,0.0845537348531014,0.12122750247538347,0.05440434117794635,0.00560866337642874,-0.003529550227469295,-0.05550584524971554,1
0.38916106408816203,0.39788398299225725,0.3973803401191565,0.3958853393487361,0.3772600287566687,0.3493759289881338,0.37542089514225196,0.33566988446394597,0.3609531315029994,0.3300718492196562,0.3423643704551492,0.2926571511519365,0.2089766558128482,0.08513047710248965,0.12181573795717365,0.05500438441366596,0.006221058973749281,-0.002921649585190878,-0.05485390318634158,-0.06354188889612987,1
0.3984686220079133,0.3979641730902787,0.39647549970377605,0.37783725761117914,0.34997260793213203,0.3760297273414476,0.33629073656426706,0.36155740550285675,0.3306753904025872,0.34295226069923873,0.2932593173522376,0.20959174048758308,0.08573360411993236,0.1223840714893908,0.055607639772997285,0.006832061979247229,-0.0023073115771083765,-0.05423429866210308,-0.0628881113489881,-0.04408580701832092,1
0.3985487947813808,0.3970595285469734,0.3784313275422101,0.3505557983157085,0.3766205973736274,0.3369080611407336,0.36217263463126725,0.3312862943452121,0.3435529674571476,0.2938580865994156,0.210212345353526,0.08637616443272272,0.12297881889818968,0.05619091413301995,0.007446243166371256,-0.001694368708372685,-0.05360827641192534,-0.062266674723250856,-0.04343647336472217,-0.017841608121718783,1
0.39764434568069984,0.3790192624326918,0.3511557779572456,0.3771979659257956,0.3375074573239008,0.362784342086545,0.3319080985955698,0.3441610515857522,0.294469596875188,0.21082951328287158,0.08702412040414474,0.123613075813535,0.05680055064883455,0.008040385851467548,-0.0010782536656927806,-0.05298366462529374,-0.06163882344595823,-0.04281947244370936,-0.017198268811007285,0.16894482904477892,0
0.3796079770496664,0.3517496172242447,0.37779217434021,0.3380933709900529,0.3633780988095418,0.33252637433135757,0.34478005933820616,0.2950884288312715,0.21145929457942098,0.08766858012924254,0.1242527660224333,0.05744956125715144,0.008660853069383079,-0.0004821873029378703,-0.05235591680290802,-0.06101238503103024,-0.04219604942774404,-0.016587251187030617,0.16954550513854577,0.06937236086992284,1
0.3523442232723496,0.37838024758908284,0.33869605024295985,0.3639583604728107,0.3331267254565542,0.3453955414858559,0.2957180955409471,0.2120963033721289,0.08832546385425337,0.12488897790896729,0.058103938288312326,0.009320595876299607,0.00014019693342508043,-0.05174827888385994,-0.06038281623734574,-0.04157403346635894,-0.01596980142774514,0.17011393816162476,0.06999577995229155,0.11183708994449383,0
0.3789691002610968,0.3392925866847124,0.3645554368509435,0.3337135961886205,0.3459930879129684,0.29634422555513656,0.2127439966201337,0.08898943536679398,0.12553767102399896,0.05875480514934984,0.009985656462664135,0.0008018393238132209,-0.05111436314855796,-0.05977336693078539,-0.04094887343004873,-0.015353750888952286,0.17068887477970507,0.07058691405518096,0.11245080981113527,0.0497049365793717,1
0.33988988399399617,0.36514637547496687,0.3343172241884723,0.3465771477090268,0.29695246219476734,0.21338813441597693,0.08966386838875227,0.12619349414782816,0.0594180515536444,0.01064718371206323,0.0014687908838393402,-0.050441294136367124,-0.05913764607846659,-0.04034380967753734,-0.014734537800549907,0.17126246793442657,0.0711845136592033,0.11303226257116436,0.05033284782724223,0.08969394024753333,0
0.3657380872397762,0.3349147085208494,0.3471779892059741,0.2975472359794258,0.21401445045321693,0.09033471813572155,0.1268598461574264,0.06008835294688765,0.011321016536378074,0.0021322050064028326,-0.04976296774538843,-0.058462788366509144,-0.03971245919775802,-0.01413538969711194,0.1718393551276437,0.07178074007674816,0.11362019707824082,0.05092846581786357,0.0903127177511943,0.05101324675349054,1
0.3355129516425008,0.3477726895504895,0.29815869833727815,0.214627343845839,0.09098785235604552,0.127522623300357,0.06076906350984298,0.012001849778361155,0.002807911611593734,-0.04908820345771694,-0.05778268138299651,-0.03904193211050162,-0.01350993438815368,0.17239640009742135,0.0723801904384439,0.11420677107487573,0.051530541785366514,0.0908992188284715,0.05164085917494929,0.07090459336230433,1
0.3483681547881922,0.2987640099565178,0.21525676831313748,0.09162762357802255,0.12816765281234077,0.061446184266006135,0.012693005105656376,0.003490608975415967,-0.048401225441855315,-0.05710614036393142,-0.038366136123252285,-0.01284524885608372,0.17297989802149266,0.07295967982656397,0.11479659890883794,0.052131238695520304,0.09149219318139586,0.05223617888981002,0.07152766247297153,0.0706454473085846,1
0.2993700632036503,0.21588002582957533,0.09228369224830342,0.12879930130031092,0.062105614434982026,0.013380559758345975,0.00418361301073879,-0.04770731476965865,-0.05641739794473308,-0.037693896752235626,-0.012175267947332041,0.17360300776437265,0.07356554447294517,0.11536651641266492,0.05273514570488122,0.09208380041398458,0.05283795708207823,0.07211844724905671,0.07126857560986798,0.07221541951752718,1
0.2165039856274001,0.0929335699191883,0.12944731784068228,0.06275169560841865,0.01405046531887992,0.004873014447868885,-0.04700319014512735,-0.055721731964413115,-0.037009426133601725,-0.011508831045058843,0.17423160132505927,0.07421081751637718,0.11596284230982572,0.05331906828529416,0.09267864589616238,0.053438356607537554,0.0727156981124676,0.07185941946749805,0.07283818922711642,0.061009239679978906,1
0.09358409150658423,0.1300891506493523,0.06341401938305627,0.014707045182173405,0.005544774137403295,-0.04630267968980035,-0.05501586654582516,-0.03631800993340621,-0.010830122634065905,0.1748567406259985,0.07486147392306357,0.11659866335743407,0.05392935077754902,0.09325355464028226,0.054041967153192975,0.07331157624678376,0.0724567293133112,0.07342867515383376,0.06163456895271835,0.09403652363316609,1
0.13073164501295034,0.06407014651256333,0.015379776390383954,0.0062032122534620955,-0.04561976680211574,-0.05431361710774375,-0.03561635915490595,-0.010144438938264324,0.17549443798385508,0.07550862822764495,0.11723991060920881,0.054579001487253906,0.09385485449951728,0.05462559483019126,0.07391067940387056,0.07305266635267262,0.07402562766936523,0.06222760972604667,0.09465430926300639,0.13161018544141606,0
0.06472690385659943,0.016046301559918395,0.006877785562209033,-0.04495015068209954,-0.053628958321466136,-0.034918319971564624,-0.009448473263960965,0.17613932203185637,0.07616818783548704,0.11787767616223693,0.05523401571856078,0.09449560427181126,0.05523558343990112,0.07448982341472231,0.073651828232378,0.0746212078470933,0.06282711280099257,0.0952398202942013,0.13221938900657626,0.11391277435535542,0
0.01671343414620596,0.007546151169636027,-0.04426449653038548,-0.052957592419807124,-0.03423788818397822,-0.008756113269445944,0.17679482541725375,0.07683482143711634,0.11852791216346754,0.05588551839800245,0.09514175790896208,0.05588494293987569,0.0750953438794306,0.07423103065679074,0.07522001397035206,0.06342524019300745,0.09583180626240421,0.13279633378736969,0.11452602012240123,0.09036570720232129,1
0.008215120158643117,-0.043585060081343024,-0.05227020369583091,-0.03357075868227032,-0.008081383256506898,0.17744676522401448,0.07751189453622255,0.11918527022016724,0.05654939620900142,0.09578441920807507,0.05653966728135237,0.07574027587146692,0.07483660933284929,0.07579886251066724,0.06402658564192835,0.09642242640656477,0.1333797678798889,0.11510699965646398,0.09098433127011313,0.09008391731866493,1
-0.0429050445236186,-0.051589034240117224,-0.032887569534782286,-0.00741996821075272,0.1780809143003396,0.07818538161333032,0.11985314447077998,0.05722032575414979,0.0964395169856884,0.0571908806995778,0.07639059277256371,0.07548159900681295,0.07640408852767178,0.06460796014341436,0.09701628785728932,0.13396184736438185,0.11569446173167765,0.09157067919425942,0.09070260574906854,0.12125440721704503,0
-0.05090728947535089,-0.03221059586510136,-0.006742443848257334,0.1787016581534944,0.07884116365230942,0.12051744227082799,0.05790165927502832,0.09710171175710106,0.05785447125643303,0.07703740830775917,0.07613197332839534,0.07704872874995906,0.06521570337744861,0.09759021774892135,0.13454719460553347,0.11628056391605691,0.09216350065105362,0.0912890179172248,0.12186597610818775,0.10817633743806535,0
-0.03153303768707739,-0.006071129850645161,0.1793388648438726,0.07948358858195013,0.12116399848749877,0.05857940234092482,0.09777438272922055,0.05852511502818624,0.07769663149680599,0.07677884615956247,0.07769875520374522,0.06586283792307981,0.09819054214417045,0.13511265509794562,0.1168699213989479,0.09275495518803961,0.0918819035102234,0.12244528185634777,0.1087908934439936,0.09166646943312783,0
-0.005399218935819115,0.17996989755930817,0.08014228789344512,0.12179717707569697,0.05923945729452558,0.09844347225976999,0.059206165138636024,0.07836293041382443,0.07743812624702623,0.07834528092145286,0.0665153473947577,0.09883032532416725,0.13570453941256563,0.1174393710271651,0.0933496484475071,0.09247342209929744,0.12303107295437883,0.10937318080254514,0.09228479639850641,0.08082510685567039,0
0.18060161550895215,0.08079479383117891,0.12244671041642155,0.05988616464216937,0.09909483926339038,0.059883625088993295,0.07903967159571695,0.07810448176915948,0.07900421630394414,0.06716435074603674,0.09947551675007399,0.1363359592731152,0.11803523066836508,0.09392440577006599,0.09306817921248611,0.12361550635310722,0.10996194850763417,0.09287084776771379,0.08144591005760358,-0.040070301176217765,1
0.08144793792293019,0.12309005865641051,0.06054910914820826,0.09973283933820046,0.06054339580111992,0.07971282710097205,0.0787812790881177,0.0796702288980032,0.06782574657075148,0.10011721792445769,0.13697282528609087,0.11867058970053591,0.09452555473191732,0.09364300005270354,0.12420320021851235,0.11054935460951994,0.0934633731672073,0.08203443310037331,-0.039421884689836734,0.00800758174154346,0
0.12373406512873368,0.061205856448856594,0.10038715225640758,0.06118981827510865,0.0803682762494555,0.07945449067202769,0.08034668612444691,0.06849420692385287,0.10077136223927854,0.1376062191008528,0.11931137703094542,0.09516615497921516,0.09424421231233379,0.12477099498487583,0.11114001197173505,0.09405453203517976,0.08262942602580234,-0.03880579924596606,0.00864501693195742,-0.020360105206897523,0
0.06186323260430437,0.10103527575992613,0.061852480383659654,0.08101036754821941,0.08010999612218773,0.08101955796970982,0.06917309166962292,0.10143260846284499,0.1382521136976303,0.11994868365992856,0.09581215976908777,0.0948848752817274,0.12536520549287133,0.11171075463800109,0.09464893054130928,0.08322304918348336,-0.038183290170913514,0.009250141315233346,-0.019716190655343333,-0.05080850852840825,0
0.10168404702598001,0.06250894554170654,0.0816687361288103,0.0807521438478487,0.08167472233010092,0.0698483885083699,0.10210433873034902,0.13890515272911363,0.1205984639214119,0.09645467254369165,0.09553094250940959,0.1259989303904401,0.11230790284112917,0.09522339466181938,0.08381990434751095,-0.03756218695178296,0.009861707723054088,-0.019104598850527517,-0.05015763936678585,-0.05245144418936886,0
0.0631660401731525,0.08232091163415126,0.08141056836486509,0.08231652820737582,0.07050598750631054,0.1027724885350894,0.13956874366711172,0.1212553685876289,0.09710962282735042,0.09617351758642928,0.12663809099291787,0.11294453871596369,0.09582425143660192,0.08439681219650896,-0.036937936830999635,0.010471882626556678,-0.018486575873915174,-0.04953910576724935,-0.05180019977073319,-0.07348253023832854,1
0.08297372601798503,0.0820627997561444,0.08297461384740673,0.07115023343600783,0.10342291207566298,0.14022876261134667,0.12192279319669601,0.09777167086511596,0.0968285297402113,0.12727377442146062,0.11358659710178254,0.09646456215422558,0.08500010424030387,-0.03633377820512243,0.011085238276285391,-0.017869952869585475,-0.04891415264469324,-0.051181291605674244,-0.07282648218512336,-0.09011568131736561,1
0.08271566990338622,0.0836265066675643,0.07181073791913693,0.10405996658907185,0.14087102295543058,0.12258664182305197,0.09844419631688067,0.09749063932916964,0.12792194274526816,0.11422517202994456,0.09711027872670933,0.08564282807855818,-0.03570332971869278,0.011678559768796283,-0.017250169088550007,-0.0482906085834935,-0.050555964546140676,-0.0722027792372128,-0.08945583414606748,-0.07407126981668202,1
0.08427903898600395,0.07246504739919234,0.10471334216484801,0.14149989611659972,0.12323274707969169,0.09911314047848978,0.09816322582318057,0.128577243783087,0.11487621179036582,0.09775250390891167,0.08629094683426947,-0.035033696421300976,0.012298208636855719,-0.016650453296038845,-0.04766392517983503,-0.04993204703839192,-0.07157266544078088,-0.08882833908074671,-0.07341508729159153,-0.04766353214831508,0
0.07311999107898598,0.10536052917196251,0.1421451614537525,0.12386547370487945,0.09976436153504556,0.09883223096352119,0.12924307802363272,0.11553436946300773,0.09840716859566215,0.08693556899066561,-0.03435879017283816,0.012957140536677056,-0.01602443226318145,-0.04705734607746992,-0.049304991344734046,-0.07094396747406859,-0.08819443953032087,-0.0727912501195887,-0.04701338131941332,-0.05627825144866644,1
0.10600836599488729,0.14278424554238606,0.12451455901112805,0.10040221533819046,0.09948351324131756,0.12990533793625125,0.11620303671780094,0.0990689325087252,0.08759261401992638,-0.033687438611246734,0.013621393891360573,-0.015359186152380628,-0.04642448549353626,-0.048698041911734775,-0.0703121461263448,-0.08756196077473337,-0.07216100232430116,-0.04639556472891672,-0.055626132962776284,-0.04407825907500876,1
0.14342399721253565,0.12515745962102817,0.10105638325614899,0.10012142840186508,0.13054984816092652,0.11686812669690581,0.09974117618512134,0.08825674600521966,-0.03300384964186937,0.014282115659526756,-0.01468864720570582,-0.04575246203628101,-0.04806481227914364,-0.06970045612095509,-0.08692637034709216,-0.07153217053447636,-0.04577132741221334,-0.055006352341117594,-0.04342892714540854,-0.04619671516463959,1
0.12580101944469463,0.10170436189029333,0.10077565714389793,0.13118097620664224,0.11751547824308593,0.10040983886455009,0.0889313381730341,-0.032313310546171294,0.014955148591533659,-0.014021653475591358,-0.04507517646128881,-0.04739242312966935,-0.06906250232645297,-0.08631093109848277,-0.07090021577808509,-0.0451484982180676,-0.054380154289022424,-0.04281192794521742,-0.04554689936611874,-0.06862668670746447,1
0.10235298860460011,0.10142369654721797,0.1318284768285261,0.11814945392968434,0.1010607773194864,0.08960234690026772,-0.0316125296196793,0.015635186064524083,-0.013342392100371732,-0.04440145073263793,-0.04671477351994807,-0.06838543198056383,-0.08566924103954791,-0.07028839306615879,-0.044522527467547354,-0.05375536693104236,-0.04218850664718615,-0.04492941718863835,-0.06797174775997997,0.05618861988457192,1
0.1020723838974636,0.13246979418436652,0.11879977744030293,0.10169834789247809,0.09025564073311176,-0.030915359383262217,0.01632555220277922,-0.01265615829078448,-0.043715504069634675,-0.046040684545962184,-0.06770312239182215,-0.08498846840995275,-0.06965030702451143,-0.0439166572676213,-0.053127444081045895,-0.041566492401481976,-0.04430551372378468,-0.06734915187402701,0.05681505021770557,0.06673812865395683,1
0.13311177422526896,0.11944391513699404,0.10235223504216501,0.0908955719226028,-0.030235799998354098,0.017012318487582664,-0.011959647051405758,-0.04302261943383946,-0.04535437715804382,-0.0670243835437852,-0.08430247331800446,-0.06897310563424364,-0.043284503132113135,-0.05251963205555878,-0.0409413340755393,-0.04368301794363293,-0.06672014328183169,0.057409190022490245,0.06736214941181234,0.3783801281101563,1
0.12008870933512998,0.10299993316145367,0.09155179916993454,-0.029569544839633654,0.017681432544934806,-0.011266742059477726,-0.04231951236175142,-0.044661133656812,-0.06633345854550629,-0.08362005695862028,-0.06829066559507836,-0.042613179698248065,-0.0518855428165235,-0.040336272024393764,-0.04305737957453635,-0.06609254906985079,0.05800979028464721,0.06795388408147358,0.3789329678420575,0.6590227243830526,0
0.10364827997593558,0.0922018352747418,-0.028887222435204602,0.01833721914466574,-0.010591464881700985,-0.04162001840010083,-0.043957670686627835,-0.06563562123694738,-0.08292547996583323,-0.06761179657949411,-0.041936590973809224,-0.05121230187858804,-0.039704923240090666,-0.04245184000670787,-0.06546182805857241,0.058609013424882464,0.06855208324447816,0.37945365265193703,0.6595114635509604,0.6825119239706928,0
0.09285251494869258,-0.028211114726277364,0.019009163984486932,-0.009929501454160815,-0.040938126048631986,-0.04325782119719434,-0.06492760244412091,-0.08222400948820632,-0.06692074231685052,-0.04126356058462046,-0.05053380434111344,-0.03903439783289041,-0.041820015358745355,-0.0648512325985486,0.05921145122853362,0.06914890843466746,0.3799809211813832,0.6599681659157628,0.6829952980551766,0.6822376820303488,0
-0.027534420610382037,0.019674903495392713,-0.009251433476501241,-0.04026953273460424,-0.04257557190402817,-0.06422320187239433,-0.08151238756779422,-0.06622277641026379,-0.040578304436385805,-0.049858869278070046,-0.038358603518082394,-0.04114901841578947,-0.06421436956041546,0.059793912335678205,0.06974895571463177,0.3805069087654572,0.6604315593667796,0.6834466452228617,0.6827211187534459,0.4910809856860735,1
0.02034125214561369,-0.008579576354381271,-0.039584892498486124,-0.04190662085442975,-0.06353638339753157,-0.08080438761754874,-0.06551463008274439,-0.039886106755867394,-0.04917172167178126,-0.037686365815880446,-0.04047275470244871,-0.06353838005064076,0.06040273841385907,0.0703290388794348,0.3810363378206489,0.6608937556463162,0.6839046924631258,0.6831725284443193,0.49160808382126375,0.5721685406892936,1
-0.007907123505851734,-0.03890646904989927,-0.04122162599223549,-0.06286285300392805,-0.08011395544963701,-0.06481010210902516,-0.039183680958848485,-0.048477642283368615,-0.037001896854481985,-0.03980004861958508,-0.06285714639915345,0.061050945955342745,0.07093549524701719,0.38154617442496114,0.6613595909561881,0.6843615495436094,0.6836306381028537,0.49210307446879675,0.5726771179082808,0.5454161136096684,1
-0.038227464271619827,-0.04054284823765105,-0.06217331860211596,-0.07943680332577657,-0.06412315572549902,-0.038484867563397966,-0.04777335033768033,-0.03631048230297915,-0.039115114527438495,-0.06217948115524602,0.061704523559548814,0.07158135463004081,0.38208262740516447,0.6618061685095709,0.6848220621897225,0.6840875575197445,0.49260469195234924,0.5731536217683363,0.5459308012541106,0.6084993078321307,1
-0.0398634899301924,-0.06149000540521317,-0.07874367867436363,-0.06344949713875073,-0.03780365848470346,-0.04707267273529459,-0.03560883315953905,-0.038423237242861195,-0.06148962231176982,0.06235459272715539,0.0722325947187507,0.3826591200704077,0.6622795814232355,0.6852633450925685,0.6845481323092113,0.4931050621325696,0.5736367834864268,0.5464134042798631,0.6089995868715291,0.6027905467069855,1
-0.06080612159942536,-0.07805677846834891,-0.0627598356580691,-0.03713574996311577,-0.0463895920358166,-0.0349107956095566,-0.03772112919253453,-0.060792845662158305,0.06301704697290743,0.07288033143966556,0.3832413078440842,0.6627936073612507,0.6857314816842328,0.6849894770283499,0.4936089531200225,0.5741187221064203,0.5469026549288591,0.6094678078431556,0.6032921296639384,0.683593795845445,0
-0.0773693155179919,-0.062076395496995646,-0.03645178856711277,-0.04571980773077713,-0.034230365461824855,-0.03702263321315972,-0.06008587875803858,0.06368656029105711,0.07354046942267782,0.38382014198701914,0.6633136115364282,0.6862402792875514,0.6854576752223169,0.4940933860636508,0.5746042386154798,0.547390674493961,0.6099427005720354,0.6037616521503743,0.6840769228234729,0.7096191043859926,0
-0.06139238500540702,-0.03577404334593326,-0.0450339868559308,-0.03356323760361881,-0.03634174281288717,-0.0593825289805249,0.06436648929525313,0.07420767841804697,0.3844118554805818,0.6638303969233934,0.686755078825316,0.6859665338676751,0.4946045233232368,0.5750703937857415,0.5478822531156754,0.6104163810478211,0.6042378442100378,0.6845280233400483,0.7100962870170906,0.6967599249630674,0
-0.035095715308042785,-0.0443543838342371,-0.03288005008534705,-0.03567415367849351,-0.05869676547882572,0.06504282930587157,0.0748853221531511,0.3850109927036613,0.6643604921934776,0.6872666708609065,0.686481394170808,0.495155930510288,0.5755633165442834,0.5483544384936446,0.6108936649878279,0.6047128223125,0.684985824343099,0.7105414541404591,0.6972400447129936,0.5568109920300223,0
-0.043674202069073145,-0.0322030780434119,-0.03499050889352021,-0.058024292404749635,0.06570147562432074,0.07555937927250803,0.38562112752961486,0.6648983288250399,0.687791608814287,0.6869930468399996,0.49571314650501486,0.5760966748882607,0.5488533705850731,0.6113516309171135,0.6051913998604833,0.685442435509316,0.7109933317069173,0.6976881435429244,0.557323077011351,0.5752405536173687,0
-0.03152552148956486,-0.034313079997603475,-0.0573358061320753,0.06634677120387013,0.07621573362076293,0.3862277459830749,0.6654476699339443,0.6883243147142779,0.6875180450062679,0.496267063019257,0.5766359238458002,0.5493926836080167,0.6118363927834441,0.6056506525894764,0.6859027030027496,0.711444027205289,0.6981429478963532,0.5578030821699501,0.5757484291689544,0.5713256870194287,0
-0.03363506759143042,-0.056653540118289436,0.0670083162131277,0.07685873213255143,0.38681639346557434,0.6659935579264283,0.6888685675159459,0.688050810808759,0.49683403177798413,0.5771719122836227,0.5499378602551033,0.6123616644572181,0.6061366968009888,0.6863437420431565,0.7118983973514732,0.6985965663431354,0.5582897393111805,0.5762242326545798,0.5718344567515851,0.5522545502505432,0
-0.0559707011996622,0.06766366528015305,0.07751800004052682,0.38739153452489355,0.6665212334262544,0.6894093724955949,0.688595123017613,0.49740855182132804,0.5777210773619682,0.5504797635285263,0.6128928633971651,0.6066632391572205,0.6868116356165624,0.7123335700824165,0.6990538503854711,0.5587751687699722,0.5767066951735133,0.5723111527700632,0.5527676759523176,0.47440003096605887,0
0.06831964626761491,0.07817107406153702,0.3879835348081815,0.6670352668952274,0.689931944767724,0.6891359873426346,0.4979942730189242,0.5782778855000191,0.5510348024016994,0.6134208192735213,0.6071957030202921,0.6873201924118348,0.7127956176538117,0.6994919216767072,0.5592641653068363,0.5771879355113685,0.5727945063241222,0.5532487199136137,0.47493093913799944,0.4591959571541363,0
0.0788247849910381,0.3885694019189438,0.6675666907450746,0.6904408636589208,0.6896586191961496,0.49857650324649166,0.5788460412462527,0.5515974540561169,0.61396200752526,0.60772492107684,0.687834752233009,0.7132983816155257,0.6999568577744246,0.5597337821894884,0.5776727559008425,0.5732766365284863,0.5537364141143636,0.47542973280148004,0.4597303380337816,0.47859920342875956,0
0.38915605328982045,0.6680920360974976,0.6909672173877162,0.6901675978012471,0.4991406655124679,0.5794107242993707,0.5521714050005987,0.6145108799559531,0.6082673627509866,0.6883461050718247,0.7138071748590008,0.7004624839917764,0.5602301546769816,0.5781382186152018,0.5737623440285868,0.5542228792725431,0.4759351469192754,0.4602325980057647,0.47912915248285154,0.4537060863850454,0
0.668618298404416,0.6914874971952792,0.6906940107249006,0.4996912668977394,0.5799572696067514,0.5527418772220409,0.6150711656125881,0.6088174821428982,0.6888708054881247,0.7143127736246995,0.700974126517794,0.5607669313751779,0.5786304513149216,0.5742286891847022,0.5547129083012738,0.4764393087543502,0.46074147261537446,0.4796269887958621,0.4542417211862878,0.4097518964968623,0
0.6920087050635804,0.6912143496738936,0.5002589408097341,0.5804902148515827,0.5532942347209493,0.615627986764963,0.6093790044500388,0.6894032750755004,0.7148317598931865,0.7014825683874854,0.5613095831933396,0.5791631258760513,0.574721801271422,0.5551835522417796,0.47694697965404825,0.46124909040373513,0.48013144716968287,0.45474523276925094,0.4102975707162085,0.21034278213122234,1
0.6917356165539567,0.5008205035057088,0.5810403860931211,0.5538330050841926,0.6161666389052545,0.60993706096618,0.6899472935185447,0.7153585447882554,0.7020043780327583,0.5618489671128235,0.5797016941499704,0.5752553472216679,0.5556809482317516,0.47743517261621327,0.4617602065537646,0.4806346545142672,0.45525535688955726,0.41081110321751324,0.21093400266772078,0.3008803621613464,1
0.5013829037493985,0.5815844619162072,0.5543889508112864,0.6166916734278183,0.6104769533832114,0.6904878643834208,0.7158969255438475,0.702533971750563,0.562401504112887,0.5802370033802063,0.5757947829351557,0.5562187391238357,0.4779500568782481,0.462251826633881,0.48114137387949507,0.4557642225498474,0.4113312314404173,0.21149299755740578,0.30145090333548286,0.30028407463968076,1
0.5821294136270997,0.55493879590799,0.6172340027083469,0.6110032309410124,0.6910102016097155,0.716431864587305,0.7030751381036578,0.5629616667909456,0.5807854939637258,0.576330957723954,0.556762400539079,0.47850517698936085,0.46277012615018404,0.48162862031512343,0.4562765827071949,0.41185008808265416,0.21205851187988545,0.30198925696892726,0.300854752009701,0.26105489726494985,1
0.5554895042433274,0.6177702436484233,0.611546792452118,0.6915188849323128,0.7169485475947374,0.703612859846194,0.5635331493395969,0.5813416310838624,0.5768803078602576,0.5573027918663757,0.4790660890794227,0.46332863045437434,0.48214256132722055,0.4567694402474089,0.41237240828026145,0.21262269509660167,0.3025341646725186,0.3013932415880594,0.2616345348299944,0.37183354527735407,1
0.6183073776543424,0.6120842645105842,0.6920450051401087,0.7174515641229349,0.7041323366193463,0.564101155733583,0.5819091213606085,0.5774373001023226,0.5578563292842359,0.4796236936741719,0.46389291139875133,0.4826967467671028,0.4572889729400835,0.41287517344096364,0.21319020149402979,0.3030777682964842,0.30193828500844044,0.2621819680923128,0.37238788029064657,0.429542603861513,0
0.6126226269356574,0.6925650516374436,0.7179720667930101,0.7046381531268726,0.5646510375985753,0.5824731396366623,0.5780056384302747,0.5584174872230996,0.48019432492323166,0.46445387754259615,0.48325672842230577,0.45784869920510374,0.41340457945683295,0.21373791503922168,0.30362475883536916,0.30248202417119946,0.2627359401885785,0.3729100576265436,0.4300837577567147,0.42436974671153577,0
0.693086026707051,0.7184865008229038,0.7051614314384105,0.5651873268218499,0.5830190175231968,0.5785705038751344,0.558989956803071,0.4807724885773638,0.4650278470162532,0.48381340459980515,0.45841419657180665,0.41397408924875445,0.21431211384137852,0.3041520644971456,0.30302914982911944,0.2632885963170223,0.3734388161774528,0.4305927782635332,0.4249120821203964,0.39802239258966654,0
0.7190018757304443,0.7056786386045273,0.5657408129754385,0.5835512938627728,0.5791172322996186,0.5595589492013677,0.4813618232579266,0.46560933168697555,0.4843831138735459,0.45897637650021655,0.4145493257987911,0.2149260090363688,0.3047059260620293,0.3035565898987983,0.2638446113251272,0.3739662918287864,0.43110840206336715,0.4254222819636837,0.3985707459027276,0.3890982076135139,1
0.7061967805681703,0.5662882007186,0.5841008020132867,0.5796503610688238,0.5601098209919556,0.48194766320861926,0.4662019599237326,0.4849603603049924,0.4595515513364537,0.41512122379152355,0.21554542981385147,0.3052996689836629,0.3041105854063035,0.26438089396026987,0.3744972043427506,0.4316227601902066,0.4259390831209842,0.3990869525609476,0.3896485992675031,0.40161018164407697,0
0.56683645708816,0.5846442153438413,0.5802007142395131,0.5606471023425172,0.4825154495533906,0.4667910900036628,0.4855487853470829,0.46013423515630725,0.41570604926216653,0.216161416222383,0.3058990288274155,0.30470446105237187,0.2649437014228553,0.37500851659837997,0.4321405958041457,0.4264546170611541,0.39960975045335995,0.3901668405105747,0.4021577154831704,0.3954284160713655,1
0.5851885060147219,0.5807449718275443,0.5612015719996647,0.48306968307776416,0.46736217956233445,0.48613371660578525,0.4607280526268249,0.41629833396896876,0.2167900241962376,0.30649499780351164,0.3053039530189894,0.2655463088806835,0.3755464401216258,0.43263889998357946,0.426973624846975,0.40013127326376147,0.39069166957367474,0.40267310417747765,0.39597736186525456,0.3864086238132583,1
0.5812901049048611,0.5617499423586939,0.4836409575577294,0.4679197236472802,0.48670059064474824,0.46131837070311404,0.4169016729398527,0.21742586571453917,0.30710372723820795,0.3059000538314475,0.26615449308236333,0.376124389955558,0.4331638604607968,0.4274730950291405,0.4006562513725131,0.3912152208908287,0.4031950854785732,0.3964941599125307,0.3869596297853902,0.40892413871362165,0
0.5622991791897295,0.4842061175718727,0.46849427991189796,0.48725390983425587,0.4618906529827405,0.41750150260935387,0.21807240133994654,0.3077197926880007,0.30650891418774395,0.2667592672811362,0.37670802829334643,0.4337289651455285,0.42799921747272807,0.40116166045575197,0.39174222122412533,0.4037157927686395,0.39701754820161034,0.38747848421459274,0.40947000199813993,0.39679459381087817,1
0.48477210724658554,0.4690627187486193,0.48782427792689936,0.4624493924413696,0.41808333430927463,0.21871538271770258,0.30834671576671785,0.3071251098842572,0.2673767408424501,0.3772883098549057,0.434299816554403,0.42856547355593194,0.40169370124166903,0.3922496418889253,0.40423995788269107,0.39753966063435797,0.38800392543485807,0.409983723216224,0.3973432275610334,0.39884511841069914,0
0.4696319800570686,0.48838853237180846,0.4630251336892923,0.4186516444270459,0.2193405377378444,0.3089701050047064,0.30775216213272744,0.26800150534430417,0.3778814607240107,0.43486733891496826,0.4291374711445966,0.40226582184082654,0.39278368729289453,0.4047445582500275,0.398065226539418,0.3885280881063166,0.41050403983922845,0.39785971413958254,0.3993932838079205,0.40195487105533523,0
0.48895361846275387,0.463594756439776,0.4192368731444175,0.21995226753115238,0.3095755899682204,0.30837568040606755,0.2686370555454768,0.3784820279131944,0.43544781911427544,0.4297061371995091,0.40284365736468697,0.393357794278424,0.40527579311958073,0.39857122032538866,0.38905569790057704,0.41102308463447396,0.3983827914825998,0.39990930289657567,0.4025023261651624,0.39455788660935576,0
0.4641651990662482,0.4198159748011461,0.22058053851332723,0.31016760595676424,0.30898129491809956,0.26926906292937003,0.3790935808813318,0.43603578094891177,0.4302877531575077,0.4034181486954773,0.3939376071854147,0.4058471151320547,0.39910384378996705,0.38956372481874285,0.41154559240238725,0.3989045933770992,0.4004319135341769,0.4030176362752789,0.39510703123774193,0.40979970013783984,0
0.42039587555129465,0.2212026435857545,0.310776334489705,0.30957344074329,0.2698832003126801,0.37970161600139396,0.43663483279204063,0.43087684489618333,0.4040055495100013,0.39451407161146274,0.40642415568880386,0.39967654176841677,0.3900983743774056,0.41204854414621145,0.399429849705636,0.4009532493353571,0.403539539124053,0.3956240277531203,0.4103453634385287,0.35723582291151335,1
0.22182545346631033,0.31137891475152984,0.3101822979843166,0.27048388796485073,0.38029168578450046,0.43723037979455803,0.43147701730054594,0.40460039628520394,0.395103431830694,0.40699785377633585,0.40025495205461364,0.3906730800229383,0.4125781360993063,0.3999355355443871,0.40147804101404777,0.4040601680646902,0.39614761417725997,0.41085888504129603,0.357793492137962,0.36540018159423543,1
0.3119822426297678,0.31078500683805793,0.27110121278593735,0.3808682523077629,0.43780791179556444,0.4320736836983492,0.4052062761395857,0.39570022791019016,0.40758446685161176,0.4008300169013923,0.3912534888765223,0.4131478301373841,0.4004678521277695,0.4019832646484086,0.4045842550719578,0.3966699244852082,0.4113790023839511,0.3583189975430186,0.36595598602894125,0.3745155811342975,1
0.31138846302627365,0.2717123815770668,0.38146166566463446,0.4383719126514689,0.4326523395464148,0.40580864404878664,0.3963080409507081,0.4081785299482346,0.4014179872524974,0.3918305479568783,0.4137232500984864,0.4010402460160585,0.4025151206274175,0.40508877774358687,0.3971956876526569,0.41189784816020875,0.3588510785783738,0.3664796300785303,0.3750693035534458,0.39298288243820517,1
0.27232427915419843,0.38204894457356786,0.4389528695637641,0.4332174667489247,0.4063930240828466,0.39691234003455833,0.4087836326040175,0.40201340062841234,0.3924204987043397,0.41429533110456523,0.40161835359037495,0.40308705810045614,0.40561993518639267,0.3977018776628226,0.41242015752548833,0.3593818723566253,0.3670098528818918,0.3755908694240336,0.3935323868076179,0.4004377344495782,1
0.3826370046472382,0.4395277032710638,0.4337995402174412,0.40696388820250223,0.39749865892344277,0.4093852241232974,0.40261984239847115,0.39301788226798856,0.41488033831869536,0.4021931163816913,0.40366471132821186,0.4061911804763031,0.3982346966723252,0.4129229119108735,0.35991609272139585,0.3675387908652711,0.3761190175357116,0.3940497424011234,0.40098553608310983,0.392844503477481,1
0.44010334542929264,0.4343754894731805,0.4075516487219672,0.3980714662101263,0.4099688246797764,0.4032227716386739,0.3936262779349456,0.4154728038321264,0.4027807867731809,0.4042390207581989,0.40676814465823163,0.39880758841724934,0.4134523071887267,0.36043069541858636,0.36807116118249483,0.37664588354842155,0.39457368730083414,0.4015011920783872,0.3933940394535334,0.4105167547525009,1
0.4349522447340011,0.4081332798956342,0.39866115300630195,0.41053890758821643,0.40380771523611814,0.3942311590390102,0.41607632211460854,0.40337590173572363,0.4048262409340594,0.40734176653655857,0.3993861915916794,0.4140218063402926,0.36097189799284396,0.3685839235689536,0.37717618831178945,0.395096355614203,0.4020234402319046,0.39391142659543665,0.41106225427332943,0.4978741346670748,1
0.4087157046167375,0.39924470871806,0.4111258936868781,0.40437914417257836,0.3948180622627712,0.41667633090913364,0.40398204755989237,0.4054209080017616,0.4079283039314158,0.39996144890842117,0.4145970322982009,0.3615530970553441,0.3691232922030986,0.3776868960154188,0.39562247567834324,0.40254441402440866,0.3944354029906049,0.4115756123980357,0.4983996812035885,0.6278698463524011,0
0.39982905375769107,0.4117067511387188,0.4049674645993703,0.39539145518394947,0.4172583424464486,0.40458468116213786,0.4060266096345853,0.40852229173774035,0.4005496103940142,0.4151689197217735,0.36213996989466096,0.3697026740048778,0.37822421707944737,0.3961290207068505,0.4030688448155501,0.39495810275812415,0.4120955665369563,0.4988931231115953,0.6283657010369064,0.5942236310476113,0
0.41228840383438636,0.4055496551750028,0.39598172252419156,0.41782683280159005,0.4051693279458889,0.40662879950766834,0.4091273197257757,0.40114521391914976,0.41575373469659205,0.3627234789438676,0.3702877378201581,0.3788015699334325,0.39666219350572457,0.40357370946171583,0.3954842541790025,0.4126142493235257,0.4993931944545059,0.6288295058064544,0.5947271707428953,0.4880517444367677,1
0.40613263807157896,0.39656585825602836,0.41841224018967993,0.4057404594085131,0.4072130007975705,0.4097288366550001,0.4017518442661477,0.41634600896167406,0.36331983490632247,0.3708694417681211,0.37938461399706896,0.3972354358223625,0.4041052076952421,0.3959908303992171,0.41313639620388976,0.49989202052188964,0.629299989743926,0.5951986463619556,0.4885795344700345,0.5060661691419418,1
0.3971507820440401,0.4189915203558621,0.40632848494715906,0.4077836857755238,0.410312362324783,0.40235496188707465,0.41694933757717695,0.36392359066711905,0.3714640051542367,0.37996430257313496,0.39781438797954966,0.4046767906764359,0.39652403428182187,0.4136389889595188,0.500394372178564,0.6297692672105527,0.5956767882767622,0.4890752157406747,0.5065898445653847,0.5212375351995115,0
0.4195715992240811,0.4069103809008059,0.4083712687104147,0.4108823701799716,0.4029400946144228,0.4175491569020719,0.36453830584161734,0.3720659775791347,0.38055686457124527,0.3983899935222941,0.4052540910190714,0.39709730739948895,0.41416822316713103,0.5008772738929239,0.6302421617773506,0.5961537136770794,0.4895775226884245,0.5070814188082444,0.52175774538591,0.5192624900328132,0
0.407493069821357,0.4089527224597919,0.4114692818777566,0.4035117131014304,0.4181309782162465,0.3651494998777537,0.3726789241635535,0.3811568459249689,0.3989785008176832,0.40582804832915487,0.39767629021810047,0.414737562713364,0.5013868852239108,0.6306957614347337,0.5966342324922111,0.49007858142859134,0.5075796256200699,0.5222458607771613,0.5197831513321602,0.5475723094158603,0
0.40953497014560947,0.4120500649958735,0.4041002214311662,0.41869927792517264,0.3657427411397696,0.3732883514498345,0.3817678179017274,0.39957444837002143,0.4064149188283365,0.39825192635578127,0.4153126297893461,0.5019367803604392,0.6311761721439219,0.5970954162714482,0.490583158843547,0.5080765896017513,0.5227406145415531,0.5202717170050886,0.5480865045713892,0.5298270946888223,0
0.4126316435207944,0.40468259974014514,0.41928449632417447,0.36632248619562174,0.37387981893572825,0.38237527263493415,0.40018141989957395,0.40700923802188654,0.39884046403382023,0.4158843586755213,0.5024924911579708,0.631697132233631,0.5975833848484717,0.49106827460200453,0.5085770849395311,0.5232341300045661,0.5207669202955559,0.5485686160157439,0.5303453429648942,0.4399059300291963,1
0.4052657699584609,0.4198635876718465,0.3669190504567717,0.374457786270406,0.3829647597230187,0.40078487834805393,0.4076145946570152,0.39943644181219057,0.4164690162129726,0.5030449057389748,0.6322240391316498,0.5981118340684184,0.491580092312714,0.5090581401048179,0.5237311875036071,0.5212608846950788,0.5490573759082474,0.5308315000610556,0.44044471687441694,0.45836316740868743,1
0.42044347813554117,0.36750947742603896,0.37505258826261706,0.38354074225528817,0.4013703532584075,0.4082164398913745,0.4000434433178462,0.4170611338522515,0.5036103829858017,0.6327477122731909,0.5986461961523973,0.4921321737622947,0.5095659112789461,0.5242088229235279,0.5217583897402907,0.5495449053604969,0.5313242988165024,0.4409513746930472,0.4588977385028371,0.4329542742386382,1
0.3681006786578988,0.3756412545535349,0.38413357669730963,0.40194231468946906,0.4088002951719438,0.40064693171123894,0.4176643071370386,0.5041834192057478,0.6332846475063669,0.5991773083136399,0.49269006096347445,0.5101139829945477,0.5247131861904515,0.5222364703509431,0.5500359953872198,0.5318158618346176,0.44146463976943523,0.459400188338814,0.4334946488865045,0.48338711546981333,0
0.37623069896734496,0.38472027721391,0.4025311629823345,0.4093706333710055,0.40123243668559455,0.41826397129284,0.5047676688491946,0.6338292888421191,0.5997216309500162,0.4932446472286865,0.5106678786357579,0.5252578809932189,0.522741277267478,0.5505076947416768,0.5323109729354075,0.44197664226635835,0.4599092524938136,0.43400289158191657,0.48391597093417144,0.5307353638673931,0
0.3853077601633767,0.403113880947599,0.40995787254126204,0.4018044282475235,0.418845636820822,0.50534842905377,0.6343853783893484,0.6002736216081019,0.49381228109123876,0.511218481996531,0.5258084150273596,0.5232864116849344,0.5510061424920648,0.5327866722009866,0.4424921295456764,0.46041705957897017,0.4345177388755615,0.4844127156726196,0.5312534046889752,0.4494515623380553,0
0.4036973900775016,0.4105389828362802,0.402393306409354,0.41941378039707183,0.5059111154505536,0.6349380077983837,0.6008369997085308,0.4943874628099053,0.5117821605904888,0.5263556640705676,0.5238373833412227,0.5515449755789721,0.5332891060159706,0.442988097749793,0.4609283644395506,0.43503132151462076,0.4849160843036102,0.531739354712926,0.4499881688998022,0.340157343177055,0
0.4111208878207647,0.4029760542166244,0.41999884402052745,0.5064602376841546,0.6354724515250034,0.6013969100870009,0.49497384021164803,0.5123534074293297,0.5269160116212815,0.5243850690576127,0.5520896744653193,0.5338318889148548,0.44351073033815863,0.46142017223703286,0.4355483840424355,0.4854182033345915,0.5322319467436426,0.4504926504525945,0.3407189132375098,0.37267639894721916,0
0.40355959312310413,0.4205777807323506,0.5070264453015005,0.6359932682739705,0.6019386637390696,0.4955567259605795,0.5129358824874765,0.5274839445878672,0.5249458502516013,0.5526311010140071,0.5343805197107642,0.444073528305815,0.461938658820879,0.43604591920450336,0.48592383775668174,0.5327233033081524,0.45100374291505835,0.3412483122884567,0.3732305414473425,0.3184041705512261,0
0.42115751689923653,0.5075865430262756,0.6365314164424621,0.6024668066714773,0.49612154635489186,0.5135148699532138,0.5280631331750805,0.5255142146261009,0.5531856664702549,0.5349258696428331,0.44464208345274603,0.46249734849126295,0.4365701133264688,0.4864100049592369,0.5332182085947161,0.45151357564749917,0.3417842804359145,0.37375252662481684,0.31897070917544307,0.2714760909980268,0
0.5081474815107251,0.6370634800442911,0.6030122173430565,0.49667280733224173,0.5140757765610748,0.5286388375894687,0.5260938310540575,0.5537478471481346,0.5354843312596111,0.4452073145307157,0.4630618139616665,0.4371344586258268,0.4869228704742511,0.5336937031292708,0.45202689988201206,0.34231895622821606,0.37428109333975745,0.31950506763451714,0.27205334829576816,0.1907332254060649,0
0.6375964458708065,0.6035515368929802,0.49724113510303525,0.514623115047328,0.5291964480894663,0.5266699628640195,0.5543213310104289,0.5360503880139448,0.44578551934575744,0.4636229642314009,0.437704554091221,0.48747599019852406,0.5341959329219494,0.4525207164254456,0.34285704658458843,0.3748083774067206,0.32004598686789715,0.272598405676932,0.19132892489074313,0.1887581802393664,0
0.6040917427588731,0.4978033510676488,0.5151875544219422,0.5297404831369887,0.5272280024593193,0.5548913366356845,0.5366277159026892,0.4463712175253656,0.4641971165533687,0.4382713221475377,0.4880349109684446,0.5347385136540785,0.45304120480155025,0.343375498905584,0.3753390989296438,0.3205856072526378,0.273150005878924,0.19189239047519369,0.18935433083699318,0.14070294115154167,1
0.4983664031476811,0.5157458854999665,0.5303016477868875,0.5277724675564941,0.5554432256827787,0.5372015615546718,0.4469680244308867,0.4647787831298483,0.43885105327642393,0.4885905285611469,0.5352869431995482,0.45360187805821267,0.3439205377773714,0.3758502211994195,0.3211286268882366,0.2737002932238977,0.1924623679903263,0.1899182467031208,0.1413100678731399,0.15255824411394114,1
0.5163050612110508,0.5308567070958988,0.5283340585179852,0.5559815265523251,0.5377573059000681,0.44756132883166166,0.46537159176824366,0.439438269901976,0.4891591865952039,0.5358320923175803,0.45416831812434416,0.3445055382468896,0.3763879553944873,0.3216519825456226,0.27425394678456383,0.19303100854609764,0.19048867374432893,0.1418849396373972,0.15316266300851564,0.2290289737911844,0
0.5314126182113467,0.5288895437538083,0.5565370068666359,0.5382994706424783,0.448136609312222,0.4659609020621037,0.44003658269790985,0.489735387205937,0.5363903545136933,0.45473143870797844,0.3450961952634514,0.376965717622151,0.3222019077798795,0.27478788040058444,0.1936029584783732,0.1910577632366102,0.142466304192035,0.1537348319354961,0.22961592628198982,0.20136576155188415,0
0.5294458798622205,0.5570863869706292,0.5388587812442546,0.44869835364007804,0.46653217255140594,0.44063139142221347,0.49032277507486227,0.536956212875343,0.4553075476725945,0.34568348028407314,0.37754916920399106,0.32279175017118295,0.2753483469756671,0.19415509217205307,0.19163016071505654,0.14304631685290142,0.15431349818839146,0.23017066099076336,0.2019590324973004,0.15832487280448013,0
0.5576366313327559,0.5394119881785711,0.4492770736384259,0.4670898979693898,0.4412081822089142,0.4909066702395816,0.5375333440118474,0.45589116080554654,0.3462835860179274,0.3781292644145745,0.3233872271636522,0.2759486348359896,0.19473369582143255,0.19218273959946816,0.1436296036712998,0.15489081608641114,0.23073192228118847,0.20252007401758887,0.15892797456417807,0.18461939132316368,0
0.5399660509806685,0.4498496724507729,0.4676646339908701,0.4417714402019797,0.49147250406407295,0.5381069931163115,0.4564858999049778,0.3468910722206591,0.3787222302257215,0.3239793217082655,0.27655450995367586,0.19535195580226533,0.19276178689845885,0.14419301458498016,0.15547141648753965,0.23129185804381663,0.20308763153629458,0.15949882878338298,0.18521648724665082,0.17133752707475383,0
0.450423084614072,0.4682332524222089,0.44235166070851806,0.4920247807255699,0.5386625401325306,0.4570771386512223,0.34750948699129286,0.379322613310891,0.32458420359467116,0.277156980075607,0.1959757215823183,0.19338048649398065,0.1447828564159124,0.15603215512258575,0.2318551301413587,0.20365385526952975,0.16007618253466677,0.18578134669667495,0.1719376566609868,0.12385341569755409,0
0.46880269293151317,0.4429257586747262,0.49259411535202213,0.5392045071068841,0.45765034526225795,0.34812437677412206,0.3799339836973099,0.3251964413296615,0.27777216554718376,0.196596043571464,0.19400468989618114,0.14541225236883626,0.15661933392553326,0.2323986316718187,0.20422339586407562,0.16065218965245623,0.18635271573838527,0.17250554418358824,0.12446439095853648,0.13260148199642147,0
0.4435006667049811,0.49315733726352623,0.5397636216596351,0.45821001110809995,0.34872132848061177,0.38054183642563044,0.32581956834369347,0.2783946537540326,0.19722895704300375,0.19462544855850905,0.14604710364749204,0.15724609107028548,0.23296863304001061,0.20477313290038954,0.1612314833327905,0.1869227459957096,0.17307993621657577,0.12504310417042594,0.1332104591431081,0.09740542233152191,0
0.4937213930849035,0.5403166327218764,0.4587866706909304,0.3493047922333304,0.3811317230916334,0.3264391654668153,0.27902794648213614,0.19786908186484728,0.19525879567332347,0.1466784870968011,0.15787831550109532,0.23357836897602577,0.2053493481889321,0.16179092212432436,0.18749608132568585,0.17365298550044259,0.1256283037265003,0.13378717792265218,0.09802243848335186,0.02870404230366109,0
0.5408705000813494,0.4593572109474507,0.34990504286784146,0.38170810609052186,0.32704084323443056,0.2796576987418688,0.1985198653765657,0.19589935190308083,0.14732238527727964,0.158507077798768,0.2341936493462606,0.20596524153068735,0.16237680558343887,0.18804959312570727,0.17422933050715217,0.12621214635909525,0.1343703863931666,0.09860718145446323,0.029336750290107017,0.006213687214338227,1
0.45992856906832114,0.35049915288322153,0.38230133751824263,0.32762904355949846,0.2802695720325138,0.1991670902206924,0.19655056325554268,0.14797343818366668,0.15914837301477483,0.23480550432584404,0.20658665139838953,0.16300227916530285,0.1886295701108259,0.17478583614395418,0.12679925128794695,0.13495224055156413,0.0991984006514367,0.029937156180293176,0.006851532141736043,0.019477939595019617,0
0.35109402908608967,0.3828884346622308,0.3282339895953178,0.2808679905564551,0.19979650558323683,0.19719821549524302,0.14863505941918487,0.1597968363745504,0.23543000953714954,0.20720462258388173,0.16363322585093806,0.1892491909371292,0.17536879660206336,0.1273664602173348,0.13553736316444656,0.099788255030009,0.030544012012958293,0.007457065506968329,0.020112754882334834,0.034827940310978626,0
0.38347631336947696,0.328832790774029,0.2814830659729362,0.20041250519436699,0.19782805995308972,0.1492931107104222,0.160455889475568,0.2360617694419784,0.2078352015630918,0.16426071317417298,0.18987431139465788,0.1759913737671481,0.12796008691635147,0.13610260021080994,0.1003813530866919,0.031149482519351897,0.008069040210447466,0.020715264190240442,0.03545924955995091,0.010664457787446234,0
0.3294323478548196,0.28209198738972874,0.20104500888042764,0.19844448961387223,0.14993339557626092,0.16111137530445757,0.23670425720343502,0.20847300392653548,0.16490074226230014,0.19049598512371796,0.17661943716393375,0.1285932333145906,0.13669426185288625,0.10095452360203121,0.0317581483413086,0.00867962287411766,0.02132421991095512,0.03605825929013458,0.011301286130377789,0.004573267534481628,0
0.2827016425199075,0.20167134283638516,0.1990774196115252,0.1505602888655274,0.1617490845052461,0.23734319492905676,0.20912148418350018,0.16554794602088013,0.19113024095596784,0.1772440474506102,0.12923181803977105,0.13732546106606325,0.10155409124972692,0.03234680468864857,0.009293385021196414,0.021931787551338348,0.036663721305643264,0.011905804784416812,0.0052114871442265325,0.01961380257463964,0
0.20229837232861433,0.1997041794942945,0.15120359154013935,0.16237339640093054,0.23796429021568252,0.2097664081694177,0.16620574993593096,0.1917717012188695,0.17788121946483082,0.12986692683978232,0.13796210743174447,0.10219312456466816,0.03296180456090951,0.009887110871658542,0.022542544012541337,0.037267799822909314,0.012516766479453168,0.00581739450137403,0.020248586829981326,0.0012546884582073426,0
0.20033163397948794,0.1518407147376928,0.16301414011984458,0.2385719512462287,0.2103935135233666,0.1668599878786361,0.1924238091293223,0.1785255808772575,0.1305145245221851,0.13859528207550792,0.10283756952426214,0.0336161297468047,0.01050716269789988,0.023133279996076513,0.037875077966675275,0.013126337463268538,0.0064297425691859506,0.02085106516309641,0.0018936660526390737,-0.027014875227174846,1
0.1524785098160298,0.16364870667136333,0.23919618883197558,0.21100719798821546,0.1674964442304656,0.19307235699414194,0.1791805659485823,0.13116925786016317,0.13924095902203038,0.10347852585101401,0.03427579726736668,0.01116649389106298,0.023750352305438486,0.038462353939185914,0.01373909106362608,0.0070406981075115125,0.02145998996099825,0.002500329997725473,-0.026369440683583763,-0.034328832296719666,1
0.16428395070913004,0.23981426414843943,0.2116374066516149,0.168119500490732,0.1937031006389597,0.17983198798057803,0.13183452909499177,0.13989378152521045,0.10413193048641475,0.03493194314560058,0.011831144729302133,0.024406731079951133,0.039075978215072735,0.014331813675356459,0.0076548319744671614,0.022067526719124746,0.0031134333838731907,-0.025756331687639522,-0.03368172719855345,-0.02918113495778307,1
0.2404330531083001,0.2122614476563537,0.16875899948841092,0.1943204314865933,0.1804656172229764,0.13249622658770255,0.14055715772530675,0.10479244084348868,0.03560043193801831,0.012492263119097506,0.025068442881296442,0.03972894031542256,0.014950865735786039,0.008248927588441502,0.022678252393712163,0.003725143249914137,-0.025136794065842807,-0.03306695072638602,-0.028535205626614008,0.07277648330373575,1
0.2128861892246758,0.16939232244215557,0.19495425483783774,0.18108584008604284,0.13314017215575713,0.14121696215507545,0.10546344132913867,0.036275948695723106,0.013165689920728415,0.025726628607376397,0.04038725092858704,0.015609206255847346,0.008869347898181577,0.02326895775266197,0.004340029108461237,-0.024518658402826837,-0.03244574842649821,-0.027921602754843084,0.07339912486276762,0.12739591709209103,1
0.17002632560874506,0.19558190726787514,0.18172253031486144,0.13377073428900038,0.1418590071315809,0.10613086211136553,0.03696183149900329,0.01384611923300873,0.026397143093919283,0.0410420428418203,0.016272870911183384,0.009529044223544999,0.023885999543451965,0.004934872756289267,-0.02389736664775089,-0.031825950268661446,-0.02730157208597501,0.07398948287507225,0.1280060832230969,0.1319095871928009,1
0.19621025234342046,0.1823530470348855,0.1344176739174131,0.14248766444617292,0.10678055373014322,0.03764411911375734,0.014536873970563304,0.027074675103624123,0.04170918706388063,0.016933005256571973,0.010194058539032783,0.024542348076954157,0.005556038510407925,-0.023296150817678694,-0.03120300116744725,-0.026682944022532244,0.07458630769083958,0.1285839887960038,0.13251872237268608,0.19793647930703034,0
0.18298425012044156,0.13505843078612412,0.14313271581292142,0.10741687469389032,0.03830873668963607,0.015224028450327264,0.027762556495447118,0.04238336618227041,0.017605454841702367,0.010855539617891595,0.025204029774355558,0.006216473500452671,-0.022668634939952952,-0.03060013671386279,-0.02606116139197469,0.07518176033628521,0.12916838206836564,0.1330955988942189,0.19853053352244518,0.1485502862151503,1
0.1356998515687691,0.14377158612427618,0.10806952309613517,0.03896001680727753,0.01589353224646989,0.028446840619205684,0.04306792240673599,0.018284911974874942,0.011529326592025803,0.025862185461770753,0.006882223132644358,-0.022001907579658492,-0.029970977919678718,-0.02545945726990247,0.07578043932222414,0.12975141947471097,0.13367896484202094,0.19909235686939075,0.14915562055294398,0.15795502358218116,1
0.1444111244858552,0.10871598358605092,0.039627494336069144,0.016549709451808628,0.02911346264409523,0.04374888482298527,0.018974702571951677,0.012210114220178503,0.026532670118075634,0.007544437933703595,-0.02132989409721278,-0.02930262258498804,-0.02483145479050125,0.07635916139434418,0.13033772167106777,0.13426097627117037,0.19966069490279828,0.1497287032362449,0.15855820981780702,0.1805032462368976,1
0.10936309548467102,0.04028877056805272,0.017222041502031486,0.02976675166883882,0.04441217193011779,0.019660893914429302,0.012901224310809135,0.027210172451312516,0.008218953539021624,-0.020661429028796485,-0.02862898850689544,-0.02416424525409563,0.07696426138094961,0.1309041320927483,0.1348462556677432,0.20022769812706914,0.15030828171211896,0.15912914835727504,0.18110128231424952,0.2698935388835637,0
0.04095066572512192,0.017888167873850416,0.03043622064299215,0.04506211861991999,0.02032943074294168,0.01358873377390305,0.027898024412052524,0.008900466042382415,-0.01998070652432651,-0.027958906357026046,-0.023491751780988765,0.07760877671906408,0.13149696304825848,0.13541164867264316,0.2007980157985969,0.15088651063671224,0.15970658628732712,0.18166708018570504,0.2704711576463302,0.20466169679822183,0
0.01855490253678926,0.031099486522897887,0.04572827431123944,0.020984638830019258,0.014258593965124779,0.028582279135351246,0.009592295014465997,-0.01929301911737353,-0.027276577991410228,-0.022822807762750964,0.07825867885471152,0.1321293209401509,0.13600346573337307,0.2013485258221304,0.15146801924300013,0.1602826774734821,0.1822393860741154,0.2710165758264429,0.20525421493094684,0.1991793739724433,0
0.03176336696557219,0.04638822989881545,0.0216560101857112,0.014915128358200243,0.029248871642856944,0.010280522611014219,-0.01859506629994852,-0.026587293001265496,-0.022141609631708383,0.07890508052385911,0.13276712073286806,0.1366348189516959,0.2019255114220361,0.15202966130331458,0.16086205496182546,0.18281035194944004,0.27156853622194,0.20581450502576148,0.19977314430276696,0.10475208715541967,1
0.04704880730699924,0.02232117673010326,0.015587814491427147,0.02990213108456712,0.010951103791667437,-0.01790072122994115,-0.02588775581053971,-0.021453449049960733,0.07956389271851567,0.1334014463025092,0.13727161862449888,0.202542168069296,0.1526177404041355,0.16142157712028612,0.18338461999984357,0.27211918328801527,0.20638131237993354,0.20033468428773996,0.10536742528201419,0.19454745275984203,0
0.02298695367004363,0.016254294626661742,0.030571570732827475,0.01160836077772564,-0.017223998246973894,-0.02519182801577747,-0.020755026970268105,0.08022978275975336,0.13404826618907661,0.137904946242944,0.20316433778284157,0.1532453896586962,0.16200754365773548,0.18393905961137721,0.27267319545574054,0.20694678693249613,0.2009027394346745,0.10595049332000836,0.19514228105059664,0.17039403416072596,0
0.01692138227738748,0.03123480731330922,0.01228176322304202,-0.01656058579863058,-0.024513516013646194,-0.020060213126262133,0.08090611844672474,0.13470222574063087,0.13855077510271555,0.20378306716648326,0.15387850215585125,0.16263309956235014,0.18451996119619515,0.2732074857914684,0.2075155806665531,0.2014694601434856,0.10654004039450984,0.19570487704648362,0.17099437924677513,0.1762537541521156,0
0.03189865852079872,0.012948959023836838,-0.015881081395287412,-0.023848511012004303,-0.019383019505007905,0.08157886887897756,0.1353667295872216,0.13920374873605654,0.204414399082997,0.15450815059413442,0.16326412819761044,0.18514049821311152,0.2737683078513989,0.2080645747731109,0.20203949617449316,0.10712822484364401,0.19627398643227806,0.17156248187208853,0.17685276084063967,0.1337965730208569,1
0.013616760771021022,-0.015207789143973516,-0.023167427898089416,-0.018719135371631886,0.0822339113435057,0.13602766049016465,0.13986727481666802,0.20505295050247452,0.15515032580216237,0.1638916972927661,0.18576653070864446,0.27436894796349126,0.20864004970370356,0.2025897260397827,0.10771965814259601,0.1968417599972863,0.1721370886468319,0.17741952753470994,0.1344052772011097,0.16415188504151687,0
-0.014533904312780906,-0.022492558361117014,-0.018039163383217423,0.0828755950538093,0.13667083641976618,0.14052722897100076,0.20570217362177462,0.1557996646177427,0.16453180758543004,0.18638911449799253,0.274975173736376,0.2092552094209459,0.2031664324512707,0.10829117266183769,0.1974128456238358,0.1727103523908149,0.17799280061998848,0.1349817235172186,0.16475365587434998,0.19049923916338596,0
-0.0218170997024758,-0.017365403968865354,0.08353355958876368,0.13730062720280498,0.14116942426751655,0.20634783969707668,0.15645958593570838,0.1651790921299506,0.18702427407597155,0.2755779937531245,0.20987588898926812,0.20378281244928678,0.10888909004601145,0.1979641195606376,0.17328691119346595,0.1785647324236765,0.135564659981509,0.16532318161920576,0.19109499209201858,0.15271171896128963,1
-0.016691052998892817,0.08418533141315178,0.13794680218571204,0.14179823223644536,0.20697569009165873,0.15711593907816332,0.16583697616294957,0.1876666334259395,0.2761935266917328,0.21049313145900403,0.20440470676749364,0.10952648810631321,0.19854186642936666,0.17384362950099969,0.17913996341100039,0.136146242490426,0.16589920912540562,0.1916585110219417,0.15331610280122737,0.14396365266242225,1
0.08483774300110603,0.13858679509907143,0.1424434329480192,0.20759012125418422,0.15775451904177548,0.1664912941402398,0.18831963298920282,0.2768163605744769,0.21112298677873662,0.2050231613529799,0.11016930522301455,0.19915927742183182,0.17442680189363652,0.1796953608915097,0.13673109429511593,0.16647389173751742,0.19222854179302976,0.15388823673816668,0.14457003461665574,0.14026012847722452,1
0.13922745360134225,0.14308245246940357,0.2082210701248452,0.15837970363694553,0.1671278308449476,0.18896907157906506,0.2774499961201952,0.2117600692130502,0.2056542203780571,0.11080863723678293,0.19978219806153366,0.1750495890657383,0.18027721702944013,0.13729606195855246,0.1670518650141172,0.19279723553490993,0.15446686805973645,0.14514416298594043,0.14086735634006983,0.1732698005626831,0
0.14372213971386816,0.20884585066874894,0.15902131246970225,0.16775096763680492,0.1896007094912899,0.2780800908408398,0.21240783549374245,0.20629250031280924,0.11146042882968422,0.20040167674297973,0.17567786151768996,0.18089869991796134,0.13788745515022707,0.167609990351212,0.19336923848857895,0.15504415107224387,0.14572478539307013,0.14144232905919993,0.1738694888052925,0.16308510905338913,0
0.2094713301547912,0.1596567433542289,0.16839054646608137,0.19021893659526903,0.2786923079543448,0.21305204624628232,0.206941454192202,0.11211933445923153,0.20103375275820812,0.17630268040620506,0.18152567399796196,0.1385183883545158,0.16819456490268372,0.19392142492460032,0.15562471669589925,0.146304056879775,0.1420237943993018,0.17443693579753983,0.1636871235446811,0.1655205787621334,0
0.16029284982994735,0.16902394917936914,0.19085364841245614,0.279291071065842,0.21367843553036373,0.2075868513077418,0.11278874348632001,0.20167304444069192,0.17694005957485626,0.18214919732999124,0.13915476991698675,0.16881874148121037,0.19450008113374265,0.15618542073650632,0.14688660481939964,0.14260390771344944,0.17501088803941145,0.16425689249900322,0.1661220369765665,0.17954717341734924,0
0.16965803193062837,0.19148218850652426,0.279906488074669,0.2142914023327354,0.20821443167292344,0.11345457446590353,0.2023230017020065,0.17758462707386596,0.1827852899315256,0.1397876803317546,0.16944839704214032,0.19511839319631566,0.15677256506477066,0.14744928074303118,0.14318729487340967,0.17558349810896026,0.16483316280654833,0.16669125067908813,0.18014542786784826,0.08334108795974499,0
0.1921114192998907,0.2805157507754929,0.2149208995716942,0.20882859220547662,0.11410266995948035,0.20296940115544576,0.1782398165277115,0.18342857749546357,0.14043309488266498,0.17007459604041983,0.1957422108220498,0.15739928804838144,0.14803839012823589,0.14375080560055345,0.17615940526158172,0.16540808790156483,0.1672669666665809,0.18071144371005193,0.08396131649550166,0.08397511519797171,0
0.28112574644143534,0.2155442297941101,0.20945927279852408,0.11473739124808749,0.20359798784476946,0.17889144272956725,0.1840824975976003,0.14108565634283987,0.17071334574278374,0.1963625845444515,0.1580314784728843,0.1486670602969088,0.144340746899424,0.1767154753487252,0.1659863029101091,0.16784133816855076,0.18128396720344153,0.08454926593103947,0.08459519891785192,0.0736495287468496,0
0.21616826213850457,0.21008378530695646,0.11538845387982341,0.20421315693962833,0.17952527695379794,0.1847328557685121,0.1417487736584099,0.17135927671062687,0.19699554939029001,0.15866020683799117,0.14930118908091086,0.1449702414156412,0.17729800176492178,0.1665446687069112,0.1684190012985048,0.18185515039835057,0.08514368621178632,0.08518300380436727,0.07427197089671822,0.04613224341158584,1
0.210708997345197,0.11603333003051562,0.20484483732839737,0.1801457052545964,0.1853654169189096,0.14240831947302257,0.1720158183592296,0.19763572532160614,0.15930146835687733,0.14993185160226558,0.1456051908108549,0.17792014883563556,0.1671294828856889,0.1689768181212581,0.18242963509530813,0.08573673747582414,0.08577727977865422,0.07486212986731337,0.04676097068542703,0.08614389090968409,0
0.11667886106358709,0.20547034873015527,0.18078259913544953,0.18598456931443375,0.14305010480587377,0.17266879534887924,0.1982865595201897,0.15994989819323538,0.15057503385703205,0.14623667216396022,0.1785477840874412,0.16775389691214948,0.16956108522637509,0.18298429021318324,0.08633302251734115,0.08637018692549395,0.07545875597537599,0.04735740319831768,0.08676347926732013,0.06957112337714472,1
0.20609655747164068,0.18141331932369578,0.1866201983803844,0.14367850189933856,0.17330398573291245,0.1989338349984417,0.1606089180480296,0.15122537452818807,0.14688066756891816,0.17917196715755215,0.16838378884478714,0.1701849571547223,0.1835654065583225,0.08690936324438792,0.08696632829613829,0.07605401017372743,0.047960292321269325,0.08735078970440158,0.07019449706088547,0.07591642772162091,0
0.18204472543136854,0.1872496548953253,0.14432329530684335,0.1739257732097459,0.19956330119648052,0.16126437066528862,0.15188628941771462,0.14753181719860817,0.17980871491949896,0.1690102237022122,0.17081430944629142,0.1841861563823495,0.08751209012944243,0.08754252610845334,0.07665249132715518,0.04856180132039647,0.08794457205897248,0.07078558584880358,0.07653835209726448,0.0750408662974029,0
0.1878798001003053,0.14496190789178331,0.17456401445245953,0.20017935175616822,0.16190204652236576,0.15254363509791571,0.14819353435765611,0.18045265426660356,0.1696492076271856,0.17144020583283703,0.18481240072045066,0.08815425394898459,0.08814511057350528,0.07723101660795813,0.0491665179037224,0.08853698623349177,0.07138314021389601,0.07712799424774368,0.07566299065687591,0.06226974621312022,0
0.1456011890920145,0.17519608078646387,0.20081190594793344,0.16252632500017913,0.153183211546542,0.1488516814726144,0.18110722076252586,0.17029537161025862,0.17207865502317365,0.18543519589299523,0.08880181522425318,0.08878713326833197,0.07783592048448065,0.0497512457973061,0.089132636158532,0.07197932145184308,0.07772410440294766,0.07625283242267182,0.06289478757810522,0.07918720315691793,0
0.17582883008846067,0.20143829036401006,0.16316703559169554,0.1538093948430066,0.14949206254325975,0.18175822465464828,0.17095214434736483,0.1727242870280803,0.18607056538746392,0.08944588110907964,0.08943455405852901,0.07848024149610201,0.05036233081497233,0.08970834511172507,0.07257872677386047,0.07831884332512656,0.0768491418582252,0.06348754097421035,0.07980838046653205,0.054470204790488995,0
0.20206537020572415,0.1638015690457168,0.15445199369618723,0.15011905225130176,0.1823914340942541,0.17160535218506953,0.17338053218577296,0.186713133571836,0.09010237372652553,0.09007847976291991,0.07912995018603584,0.05101277675124847,0.09031044240994279,0.0731581713593464,0.07891681079817228,0.07744407979939194,0.06408675715417048,0.08039727692760974,0.05509702762062121,0.0534965201032122,0
0.16443678005855253,0.15508841370756474,0.15076245050660195,0.18301123622084536,0.17224077433522778,0.17403321299301233,0.1873663402427203,0.09076595614759736,0.09073483317258846,0.07977615882894876,0.05166858260478396,0.0909519823686396,0.07376399135818709,0.07949482510209717,0.07804224567507134,0.06468459802747012,0.08099264264472689,0.055691559199145285,0.05412356532915473,0.05022826064901918,0
0.15572550714146646,0.15139966919857437,0.18364750937029725,0.1728627940936569,0.17466810601673413,0.1880159857247074,0.09144000329535651,0.09139827710347648,0.08043477933670555,0.05232087518985459,0.09159892261069506,0.07440922016014084,0.0800992197705946,0.07862045733743526,0.06528565784501321,0.08158663810516963,0.05629255057762018,0.05471831889367756,0.050856052366325004,0.04268283331789954,0
0.1520375595619581,0.18427760938740223,0.17350126559893758,0.17528959547189768,0.18864783135185562,0.09211046756963007,0.09207218690618169,0.08110047867915839,0.05298553742563068,0.09224236880899288,0.07505983252587227,0.0807430362053563,0.07922504868117435,0.06586674821840163,0.0821838644189516,0.056892164321213745,0.05531953188564445,0.05145155104664209,0.043312348459068735,0.04546550841900603,0
0.18490839668366332,0.1741335619876785,0.17592754128339322,0.18926626663273655,0.09276321478425463,0.09274251397830931,0.08177662524417058,0.053657247351973504,0.092898246039677,0.07570694288499966,0.08139224260541127,0.07986906000244788,0.06647420830790697,0.08276114146433987,0.05749499151853963,0.055919366952077935,0.052053507904051145,0.043909567387474355,0.046094387979384,0.04437608860094183,0
0.17476654084001522,0.17655931245282988,0.18990118481731866,0.09340259813979362,0.09339512344514257,0.08244918675124625,0.05433935480133058,0.09356121624620613,0.07636645885230836,0.08203795004763989,0.0805184604056969,0.06712106228416338,0.08336480142647477,0.05807783996997691,0.05652241478681542,0.052654085860327146,0.04451324160628527,0.04669097249819112,0.04500521699177423,0.03700426396600316,0
0.1771917672374094,0.1905299310925186,0.09405828231503328,0.09403436874652564,0.08310403953925224,0.05501787099043035,0.09423465624162367,0.07703304903836417,0.08269607283235149,0.08116436143043178,0.06777329245813947,0.0840078898369107,0.05868705205157746,0.057105482714447826,0.053257874284205864,0.04511553467159724,0.04729401337198354,0.04560204988251277,0.03763507612873276,0.024937618590861358,0
0.19115936761496327,0.09470777583791465,0.0946899160675981,0.08374553315117449,0.055678702141902764,0.09490451399529973,0.07771007908088601,0.0833612770174408,0.08182267645445494,0.06842201711736211,0.08465637151239017,0.059335642085841536,0.05771491351248092,0.05384167890325294,0.04572103289288518,0.047895673922926124,0.04620533871145257,0.03823358968866082,0.025571186852573532,-0.011735321982129853,1
0.09535791411955426,0.09533927285983415,0.08440330924011291,0.05632618741375845,0.0955566522772278,0.07838352314620993,0.08403693251938316,0.08248807188789332,0.06908313618375758,0.08530135580157819,0.05998960044918996,0.05836372027398659,0.05445184384248981,0.04630653831066404,0.04850054158871736,0.04680724689234267,0.038838556366519415,0.026172451432785876,-0.011093377386228762,-0.02508260173924558,1
0.09598927471061133,0.08505489278857273,0.056989903082168114,0.09619542534574421,0.0790392620023497,0.08470900347434183,0.08316391705681492,0.06975132120518403,0.08595876045093044,0.06064004955027864,0.05901789438226634,0.055101378068302564,0.04691839816096334,0.049085419769618145,0.047412361421180986,0.0394421401957841,0.026780164514540218,-0.010483751907003964,-0.024437608539278063,0.052668762319971606,0
0.085707116513395,0.057647420849151185,0.09685050453867328,0.07968164365310819,0.08536336375933208,0.08383617748140369,0.07042993289590638,0.08662325020253188,0.06130288109330023,0.05966855876045248,0.05575627634367736,0.04756961188289383,0.04969665455435057,0.04799748516588666,0.04004892518357841,0.027386491145717697,-0.009867691956362144,-0.023824940073687937,0.0532959966110862,0.026439659309994066,0
0.05830556578168084,0.09749939362528924,0.0803403000619079,0.08600436377286352,0.08449072798953432,0.07110495696372036,0.08729819717840233,0.06197276976381317,0.06033160408684643,0.056407663318632534,0.04822618204211625,0.05034724889558543,0.048608964664353674,0.04063571059560122,0.027996010441072736,-0.00925302940344134,-0.02320584224300714,0.05389093889238833,0.02707288449599886,0.022617884012904637,0
0.09814892879589418,0.08099276313566955,0.08666165055384696,0.08513191864928109,0.07176228210593306,0.08796956034451293,0.06265307101670696,0.061001705438713076,0.05707142622797401,0.04887923727550893,0.051003202481438234,0.04925980149369089,0.041248846009177595,0.02858551576997371,-0.008635200002372131,-0.022588145794309147,0.05449234028445567,0.027673806632693747,0.02325198211683156,0.02864365875716324,0
0.08164586445742826,0.08731274523599158,0.08578939441935257,0.07240625357082037,0.08862321002581787,0.06332978288869712,0.06168221761436827,0.05774224146376431,0.049544656867883216,0.05165564247847484,0.04991599646857538,0.04190132369334141,0.029201361684869025,-0.008037428303909832,-0.021967291893321327,0.05509236350389776,0.028281177845572825,0.023853775562911735,0.0292763805355974,0.007106860506284832,0
0.08796448116634148,0.08644067792000738,0.07306648597483133,0.08926349785521166,0.06398880254739019,0.06235914018965397,0.058423461620471344,0.05021712024677364,0.05232045110338187,0.050568677331201656,0.042559152085922966,0.029856525218776308,-0.007413344635214513,-0.02136651161290768,0.05569559890894122,0.02888716305624531,0.024462016623063045,0.02987680019235713,0.007744501427189984,0.0016874372081081865,0
0.08709260225488158,0.07372052362134186,0.08992007864247538,0.06463447229752882,0.06301837138959797,0.05910109144015215,0.050899974918626543,0.05299230666424337,0.051233725150424535,0.04321346282424845,0.030517027287560988,-0.006750018268558939,-0.020739429777094563,0.056278853419695594,0.029496341988461537,0.025068870540179557,0.030483669768494617,0.00834983116185494,0.0023263159599575564,-0.0007253886706994569,1
0.07437519606358761,0.09057046796811637,0.06529638822502527,0.06366425315147604,0.059761032697163256,0.051579237552734546,0.053674558543915105,0.051905818672593924,0.04388012921008891,0.031174005904334712,-0.006081390364841661,-0.020073132511171037,0.056888470154954275,0.03008550874555762,0.02567891548848935,0.03108915400033566,0.008961602576471902,0.0029328812446000655,-8.595881398680655e-05,-0.022141419828582302,1
0.09122150008846172,0.06595210787550601,0.06432637924787214,0.06040762609534503,0.05224081811778586,0.05435321901304929,0.0525883065459496,0.04455383295542714,0.03184332165723932,-0.005416303533668104,-0.01940154717370531,0.057537461162616245,0.03070101726068492,0.026268943703829373,0.031697833505232614,0.00957198221789876,0.003545886135862448,0.000521156559991113,-0.021497098413375135,-0.019899680664851902,1
0.06660845863391641,0.06498230887755818,0.06107045764238876,0.052889054469989795,0.055014195018349865,0.05326720276321549,0.04523791773754487,0.032519661112583614,-0.004738935826149871,-0.01873350932185453,0.05819181868196163,0.03135584646342105,0.02688531069508333,0.032286503463499414,0.010185541971486257,0.004157497636196763,0.0011347106175037076,-0.02088510049463912,-0.019255871277208014,0.030583480188404805,0
0.06563886915479301,0.06172709208599651,0.053553514690237725,0.05566182546620284,0.0539284154542051,0.04591840920198371,0.03320635981088659,-0.004054585922713744,-0.018053211069658383,0.058842666073494206,0.03201601571638144,0.027540990566243217,0.032901516899570125,0.010779066493655695,0.004772285433672045,0.0017468705638418547,-0.020266672085591794,-0.01864438444251564,0.031215758899216874,0.029579603727879086,0
0.062384355631843566,0.05421177633704116,0.05632568504871691,0.05457628311415931,0.046581223484356386,0.033889462471721844,-0.0033599430120846135,-0.017365945728027476,0.05950589314337525,0.03267266223902806,0.028202006631996054,0.03355585552591441,0.011398917688544194,0.00536703153652446,0.002362205108804779,-0.019649644180562705,-0.018026466259880136,0.03181573630480079,0.030212111730495584,0.026120129709776483,0
0.054870663518429445,0.056983346599910334,0.05524037784688926,0.047230696297790066,0.03455489833507513,-0.002668904404903641,-0.016668411486004942,0.06017617530187075,0.03334164820207919,0.028859498131157034,0.03421553642600701,0.01205805007506448,0.0059881000833397705,0.002957495081608437,-0.01902945675278975,-0.01740994791208714,0.032422164371888315,0.030812318005365037,0.026753427878385694,0.00808557715576978,1
0.05764163500140246,0.05589827433605658,0.04789638223174986,0.035206998560142796,-0.001995501034383265,-0.01597448455587089,0.06085686678912414,0.03401765956758328,0.029529323207754952,0.03487169565475858,0.012722503007746478,0.006648438750166027,0.0035791056156557867,-0.01842933943793711,-0.01679026846347111,0.03302720767373045,0.03141897455768075,0.027354422863199033,0.008722994531532267,0.014247214879648546,0
0.05655679716041944,0.04855586848595998,0.035875289067856274,-0.0013354155816306839,-0.015298181375696192,0.061533968489433696,0.03470403288891324,0.030206169361311427,0.035540197705059874,0.01338342392113461,0.007314092495721572,0.004239981340426994,-0.017802918272691513,-0.016190656454277023,0.033635447614171754,0.032024246045086524,0.02796186680195275,0.009328101132984006,0.014883224897944742,0.011967735999356919,0
0.0492159775897946,0.036537377544982874,-0.0006592092551028145,-0.014635189663828046,0.062193379526771904,0.03538681051133134,0.0308933705681054,0.036215727652305976,0.014056654616571239,0.00797621161807082,0.004906169709727076,-0.01713727566864249,-0.015564738845469122,0.03422368032141414,0.032632713464409546,0.028567924643117925,0.0099396497888196,0.01548692673528551,0.01260426666520904,0.00599228087717986,1
0.037200083166341914,1.0787896175271401e-05,-0.013956102339851608,0.0628394415260202,0.0360519200436076,0.03157697521456982,0.03690162353606749,0.01473688883355294,0.008650632208556691,0.00556882229651166,-0.01646634202581426,-0.014899595218092624,0.034838258020096005,0.03322117245331048,0.02917717598089299,0.01054980696361925,0.01609707298429444,0.013208488190701927,0.006630176375201209,0.005614883711568573,1
0.000681384851862082,-0.01328322679145678,0.0635017462931346,0.036703693211805895,0.03224291505992146,0.037583924217692584,0.015427450088987878,0.009332050186871393,0.006243772649927997,-0.015798954455428456,-0.014229158290338828,0.035492164872013225,0.033835975650329767,0.02976641476247688,0.011163144939550135,0.016705829591561888,0.013819153255792915,0.007235760217869904,0.0062528654095164,0.005473988769740395,1
-0.012609757749559155,0.06415785443227426,0.037371659505480395,0.0328955203878929,0.03824855491240858,0.01611441128795102,0.010023785415505462,0.006925717660331066,-0.015119301972643898,-0.01356226635792162,0.03615141595468452,0.034490105949713135,0.03038199505276421,0.011756448851280538,0.017317771337464368,0.014428427998701103,0.007847785314081075,0.006858535293269883,0.006112002648994107,0.009668129270232676,1
0.06481459282757947,0.03803342406119725,0.0335643116080753,0.03889984817806489,0.016783721034625734,0.010711919366144556,0.007617975563198175,-0.014432679071587861,-0.012883106074064114,0.03680714629805585,0.035149579467081055,0.031036895377876787,0.012376080199419022,0.017909686367536176,0.015040886275598167,0.00845841830439187,0.00747064628618338,0.006717704654752577,0.010305185180970133,0.0554539534021821,1
0.03869580647134652,0.03422690034573755,0.03956733874058672,0.017439703758911497,0.011382406528464024,0.008306631644225959,-0.013735781958009981,-0.012196972834729388,0.03747522243884788,0.0358055317628087,0.0316971354308534,0.013034994738660283,0.018527933641919434,0.0156333151181578,0.009072230622251553,0.008081365060540656,0.007329847715768276,0.010909930983472994,0.05608055153783929,0.06098911183114629,1
0.0348901051308075,0.04022862799453651,0.018111843018541664,0.012039569287082478,0.008977643013417904,-0.013042491493386233,-0.011500561334020788,0.038150328672079244,0.03647382831591486,0.03235385259998937,0.013699230811450077,0.01918547669533464,0.016252074426359855,0.009666006379445391,0.008695262896776926,0.00794059851616957,0.011521119445803496,0.05667485883593569,0.061614445701215145,0.083914731651474,0
0.04089053614502118,0.018777776773776907,0.012712878323999017,0.009635331144796365,-0.012366827309910101,-0.010807755976984445,0.03883580434537812,0.037149153825270585,0.033022908719340986,0.014359935335197598,0.019848347498520293,0.01691012485672827,0.010286107939655885,0.00928912372226345,0.008554528279266433,0.012130916899501572,0.05727562631033985,0.06220749106340132,0.08453482916334243,0.054757026636353505,0
0.019444319242445284,0.013379980800702584,0.010309160987849222,-0.011704476015931888,-0.010132578830341868,0.03951768525377101,0.03783484696157152,0.0336989898795012,0.015032951142438241,0.02050768971319364,0.017573500737195,0.010945488414465654,0.009909310056285004,0.00914842086358223,0.012743896268373304,0.057875016443518924,0.06280699871950468,0.08512264781643136,0.0553837839545416,0.05629932305315131,0
0.014047689428409246,0.0109767838006197,-0.01102602354323111,-0.00947071565641492,0.04018189450583979,0.038516945106695476,0.03438543241837819,0.0157129715789378,0.021179352663899653,0.018233346933910485,0.011610188310983762,0.010568774533901594,0.009768638846493243,0.013336843460396375,0.05847762072294317,0.06340513068666871,0.08571693753419068,0.05597825014184123,0.05692572810097319,0.08326057656441452,0
0.011645011623552784,-0.010353782273107624,-0.008792747060948201,0.040832765391519074,0.03918137245943382,0.035068279186322215,0.016403320821571223,0.021858027217620882,0.018905510369720775,0.012271355652677268,0.011233558052486107,0.010428134685157716,0.013956119323687151,0.05906024742969752,0.06400648069656968,0.08630985840647784,0.05657917623882236,0.05751984266703967,0.08388082348948885,0.004819833682680905,1
-0.009680946118821771,-0.008120989231320666,0.041499837245457895,0.03983246193085998,0.03573345813911234,0.017090070228332904,0.02254704170613886,0.01958468282862664,0.012944831066547887,0.011894808834915066,0.011092949422647018,0.01461468161115847,0.059669238534230576,0.0645878597350313,0.08690601346006245,0.0571787247865406,0.05812041773283061,0.08446879128045806,0.005457996975140511,0.07291989422666793,0
-0.007448635457584073,0.04216070816874284,0.04049975047056354,0.03638530088222255,0.017759167340520243,0.023232457747601375,0.020274191105314723,0.01362530874047969,0.012568367110557916,0.01175423135628388,0.015278567028749813,0.0603176096011782,0.06519560749033548,0.08748222488330433,0.05778148698990028,0.05871961570974557,0.08506322988583476,0.006063848118779281,0.07354250302972774,0.05019303691356224,0
0.042822198905755594,0.04116083788403691,0.037053336146052746,0.018414936957398664,0.023900216191769214,0.020960100421159044,0.014316111439799129,0.013248927219122937,0.012427820566988362,0.01593892165768,0.06097134998967353,0.06584274651611638,0.08808482291216603,0.05836427078943512,0.05932202842800626,0.08565629945046915,0.006676140067412347,0.07413282834642015,0.05082083667619453,0.03416372129950297,1
0.041822544636581825,0.037715169609674186,0.019086864961985,0.02455464416329909,0.021628354101433732,0.015003313831423573,0.013939811671450671,0.013108411451149785,0.016611589997889083,0.06162158158857846,0.0664952604476378,0.08872685904744182,0.05897341844293927,0.05990446458178499,0.0862526027359065,0.0072870395601608755,0.07472962052144061,0.05141634338701287,0.03479518226034586,0.03912523603673814,0
0.03837762077664697,0.01975258765285108,0.02522524218433189,0.022283278410524153,0.015672865729969516,0.014627095731019125,0.013799326424600616,0.017291264758493352,0.06228419713858044,0.06714426824908941,0.08937429321716948,0.05962194463507015,0.060513265792981275,0.08682896161085571,0.007901117555110488,0.07532504056894856,0.052018308261447474,0.03539434342283875,0.039755563755880935,0.04474593782324068,0
0.02041891951991041,0.02588963609206151,0.02295436845487239,0.016329091144696033,0.01529672962229799,0.014486640973534831,0.017981271183511987,0.06295387092948279,0.06780566849309866,0.09001823227207806,0.06027583944564811,0.06116144869364162,0.08743170658098992,0.008495157591133605,0.0759236870579044,0.052618894224234485,0.03599995661654353,0.04035359376491249,0.04537498173814513,0.039246003129733704,0
0.026554642089350756,0.023619253941826852,0.017001470985262994,0.01595303721211731,0.015156305475433987,0.018667678129361796,0.06363395907953495,0.06847413324271383,0.09067459893963016,0.060926225131777846,0.06181500176870821,0.08807388832113086,0.009115522515317123,0.07650237680407321,0.053222690629828345,0.03660418611373138,0.040958077703304,0.045971730308620576,0.03987630326490002,0.032774899730053805,1
0.024284750440550028,0.017667645104291398,0.016625498513498087,0.01581264374395462,0.019336431418689085,0.06431045807041773,0.06915302234864432,0.09133805606005949,0.061588993699852546,0.06246504646036572,0.08872146743577362,0.009775163958846754,0.07710744457663044,0.053806503188582745,0.03721161476984014,0.04156117942622746,0.0465749349587921,0.04047430574078444,0.033406677906626124,0.01410380395671622,1
0.01833442740975363,0.01729175401981537,0.016485135457372558,0.01999185644801167,0.06496926400138699,0.06982832354301498,0.09201197894324603,0.06225881972004424,0.0631274763999979,0.08936555112129031,0.010440123641251154,0.07775192799367832,0.054416676040041974,0.0377990404625459,0.04216748380074536,0.04717675907131664,0.041078762192231215,0.03400615570031104,0.014739846730984477,0.042720573034460765,0
0.01795861753412428,0.01715142134827769,0.020663442860252082,0.06561471954845037,0.07048592691390139,0.0926823190822447,0.06293905884065172,0.06379696553732185,0.09002206141591429,0.011101550205496137,0.07840179835294053,0.0550662181061167,0.03841281394034019,0.04275379112896327,0.04778178979214591,0.0416818364642598,0.03461208499388038,0.015343581263937466,0.043350079555637314,0.044038947132995776,0
0.017818315180556026,0.02132882426708679,0.06627642313475882,0.07113017722627028,0.09333494166791523,0.06361570864500443,0.06447687056063543,0.09068566142304119,0.011775283043272487,0.07904816831460865,0.05572112418621769,0.03906592388563002,0.0433664501137215,0.04836683016992474,0.04228811347289719,0.03521663017635929,0.01595376015369328,0.04394728987993446,0.04466815252909583,0.038340249932266784,0
0.021994815598382386,0.06693193063570654,0.07179068605397612,0.09397420011731314,0.06427466598922048,0.06515318661532363,0.0913597260114421,0.012456016814131486,0.07970694902179176,0.05637251894897484,0.03972438167363137,0.04401845570211097,0.04897822659005693,0.04287439357926144,0.03582437354009388,0.01656254935889839,0.04455095550907514,0.04526506228320344,0.03897075694725664,0.02656797434630179,1
0.06758806970972327,0.07244499987468693,0.09462976047211581,0.06492027328628858,0.06581180888257114,0.09203020770821038,0.013147073492796698,0.08037280773786883,0.05703628959208173,0.040379320442559034,0.04467581413867934,0.04962898109664346,0.04348702543640013,0.036412112284116734,0.017174523601783974,0.04515323999598246,0.04586842784653066,0.03956896592174455,0.027201170224331578,0.03597522769443681,0
0.07309994788561906,0.09527913028631808,0.06558212730356654,0.06645708035742663,0.09268297241461798,0.013834529599500527,0.08104911235869705,0.057707112521771124,0.04104661050133849,0.045329655940071566,0.050285094121902865,0.044139004143891415,0.03702619772953571,0.017766470957807003,0.04575872966543274,0.04647041266116894,0.040173628525276915,0.02780206310705764,0.036606274895632604,0.034166237280607116,0
0.09592914513051073,0.06623778509970772,0.06711860147151215,0.09332237330084343,0.014504336222136746,0.08172183175713114,0.05838834030875894,0.04172093470468274,0.04599585664275209,0.0509376932126084,0.04479633582139854,0.03767961680515465,0.01838475044623846,0.046344226576382326,0.04707560358642368,0.04077690867901705,0.028409405115057927,0.03720502306091852,0.034797697666783825,0.029028603866086827,1
0.06689407413939466,0.06777392666493277,0.09397807485439004,0.015160816927484912,0.0823768430644208,0.059065977750781186,0.04240563481444291,0.04666909710545164,0.05160265982729449,0.045450150921755424,0.038338382322360365,0.01904232542072026,0.046956077949300526,0.04766080332547082,0.041383390931758246,0.02901536115915461,0.03781022395045213,0.03539685825566949,0.029661237720595982,0.0268547961921663,1
0.06842988383113294,0.09462758573989305,0.015833449839646793,0.08301849554818912,0.05972592666044736,0.04308674096627364,0.04735272243566275,0.052274672563523326,0.04611632510866883,0.038993628153194494,0.019705228000291147,0.04760728327095034,0.048272358555209054,0.04196987520202495,0.029624511015122795,0.038414041684216874,0.036002470876729586,0.030261569615449225,0.02748792655825197,0.03665957455474495,1
0.0952777413460866,0.01649987680185265,0.08367642912803425,0.06037252772830446,0.043750172380616105,0.04803275492625626,0.05295708031893088,0.046789539192285755,0.03966122314329576,0.020364601922443968,0.04826384506796611,0.048923270427053696,0.04258271051631018,0.030213648848999363,0.03902105985211801,0.0366066998020238,0.03086835157695034,0.028088754049753587,0.03729046544674073,0.033783808152787816,1
0.01716691139613189,0.08432817002525257,0.061035366878357485,0.044400263698581646,0.04869510840946992,0.053635896501611637,0.0474731383615342,0.04033585070609025,0.021036296360623426,0.04891689195728525,0.049579540104317504,0.043234890830537845,0.030829128541030905,0.03960807721701889,0.03721412788801004,0.03147374830906397,0.028696030776260106,0.03788905759085956,0.03441535588822335,0.039059820528032134,1
0.08498055075384509,0.0616920089181122,0.04506656276093341,0.04934411939888204,0.05429702883972298,0.04815314471838564,0.041020851666920946,0.02171500223950528,0.049582303263482314,0.05023229550733412,0.04389242320100433,0.03148392918281272,0.04022144378052009,0.03780155301359386,0.03208234058521681,0.029301921624481465,0.03849410272103962,0.03501460366540827,0.03969016318849552,0.05268637418770007,0
0.0623492800434516,0.04572666159013784,0.05000934752306819,0.054944815968086244,0.04881547196392476,0.041702258356785635,0.02240404779416641,0.050254758398909416,0.05089741734974019,0.0445464385591263,0.03214407000427053,0.04087415051233717,0.0384153259262294,0.032670923773825064,0.029911006486483444,0.03909776489973341,0.03562030332846006,0.0402882081113151,0.05331360445615144,0.04550073215446311,0
0.046387381925891785,0.05066837638071481,0.05560883086921865,0.04946445665730718,0.042365991504385254,0.023089494869447648,0.05093760489546149,0.05156958451351525,0.045212811614293066,0.0328006881570671,0.041532206914419785,0.03906843531150052,0.0332858507406085,0.030500079668457573,0.039704627994311674,0.036224619181588036,0.04089270693846835,0.05390854272220294,0.04612960366951461,0.045067983404562265,0
0.0513280290908311,0.056266647598842874,0.05012965871403291,0.043016385226692315,0.023757284470853998,0.05161685936277509,0.052252145419558346,0.04588622354102971,0.03346964594711566,0.042186745167817265,0.03972689254202143,0.033940103684089826,0.03111549493239271,0.040291491102041804,0.03683213392619589,0.04149582353062654,0.0545099401057575,0.04672618015782048,0.045696953762196124,0.049699904617163546,0
0.056925090838535995,0.05078866152774708,0.04368298406483892,0.02441174366891914,0.052278431728553114,0.05293111459352088,0.04657001891749807,0.034145629284844464,0.04285363749009001,0.040381830754677515,0.0345996992896747,0.03177023173204133,0.040904703942365624,0.03741964525431629,0.042102142728329704,0.055109959321944096,0.04732921301458735,0.046293628910945885,0.050327817014366436,0.05052766240040415,0
0.05144828825103244,0.04434338239926643,0.025082372645061187,0.052926659863247766,0.0535924005313519,0.04725022127741513,0.0348319748101516,0.04352756600719482,0.04104912026104516,0.035255773408876104,0.032430309000728685,0.041557258349093,0.03803350407108038,0.042688464801718354,0.05571319073612998,0.04793086555901893,0.04689676026259809,0.05092343615220223,0.051155385732434965,0.03318752063112203,0
0.045004401583576145,0.025746797479960584,0.05359111193741431,0.05424034160105568,0.04791274530551326,0.03551472466546874,0.04421187370251516,0.04172344391482519,0.03592419094016972,0.0330868637385663,0.0422151631164952,0.038686698579195745,0.04330113848060383,0.05629644127703069,0.04853572524309502,0.047498511172736305,0.05152551326499454,0.051750816153491454,0.033819204562441404,0.030226210871626275,0
0.026411834336611567,0.05424936544548886,0.05490450910544597,0.04856192721911841,0.0361798063202158,0.04489258784821467,0.0424081434795653,0.036599636804089945,0.03375575855366797,0.04286955006402573,0.03934524054674394,0.043953158629479815,0.05690605405617819,0.04912059548428849,0.048103468917884216,0.05212621131893562,0.052352704866183326,0.03441858828454028,0.03085857118503541,0.03228428341475925,0
0.05490824450599248,0.05556247830059136,0.049227324781797296,0.03683155154888255,0.04555562569743911,0.04308924908694308,0.037285449299782995,0.03443167924107553,0.04353629213028483,0.04000026331267862,0.0446105315605397,0.05755504114370918,0.04973182235679855,0.04868843670405329,0.05273011946854156,0.05295321476711579,0.03502442366438175,0.031458630042846256,0.032916173651235996,0.02381297503734008,0
0.05622107367152392,0.049886522925004784,0.037499490145880346,0.04620532257495918,0.04375267995466732,0.0379676666801052,0.03511796263409636,0.0442100711659214,0.04066763678564212,0.04526438782499274,0.058209394760691466,0.050382408857771434,0.049299760783866706,0.05331404318319839,0.05355693534641575,0.03562887505630317,0.03206513942547865,0.033515763298331135,0.024446800174833153,0.01139157632652389,1
0.050546344549522164,0.03816122702991898,0.04687123062540464,0.04440277072479891,0.03863221374223361,0.035800650421776055,0.04489423061578671,0.04134204397318381,0.045930602890380444,0.05886023825832305,0.05103835463889804,0.04995044360805808,0.053924326805770736,0.05414067247795063,0.03623652491994602,0.03267026393621812,0.034121804257613506,0.025048321157478164,0.012028238590930433,0.0139201373361188,1
0.03882358182906038,0.04753093879562244,0.04506906924407858,0.039283423189295265,0.0364656697620461,0.045574796670281074,0.04202682638097233,0.046603857641749756,0.0595234614613214,0.051690786848132664,0.050606485275820824,0.05457397863551305,0.05475077016329739,0.03682417065596887,0.03327858483405593,0.034726460959352834,0.025656290211405443,0.01263259147247943,0.014556222061017943,0.03255097741179115,0
0.04819126932891233,0.04572916753070109,0.039950830661787,0.037117352537642305,0.04623768583934981,0.042708014745200036,0.047287497142482295,0.06019373977286734,0.05235558773927429,0.05125901316376544,0.055228993981780806,0.05540023774688339,0.037438163415354435,0.033866898072615385,0.035334315496976985,0.026262872479041435,0.013243387673202637,0.015159998467298862,0.03318280673365318,0.024452034237775106,1
0.04638988732506272,0.04061203690070213,0.03778522922442161,0.04688723370603493,0.043371528698893644,0.047967543788852776,0.060874427444980346,0.0530274356062367,0.051923909069739226,0.05588049777376562,0.05605506968208551,0.038091490647904576,0.03448155602383839,0.035922164829780334,0.0268726466191587,0.01385279337975512,0.015770219160116478,0.033782335578381735,0.025085713410059347,0.021138487123708836,1
0.04127386221816319,0.0384469042541207,0.047552994040871335,0.04402170273978594,0.048629911484140136,0.06155152533411918,0.053709679855627655,0.052595851461747715,0.05654437668958822,0.05670639046072389,0.03875016473831769,0.03513554239841274,0.0365363604811537,0.02746240545157188,0.014465382214707105,0.01637905011355754,0.03438831583732779,0.02568708869646745,0.021772923131347547,0.027939184048022488,1
0.03910919733453862,0.048212554628805304,0.04468808380602361,0.04927893671723501,0.062210932545129854,0.0543883327024204,0.05327818945458818,0.057215307333865026,0.0573700876330594,0.03940531934061439,0.03579487264330689,0.0371898887604215,0.028078503992424154,0.015057940928193575,0.016991065975386396,0.034992911918340946,0.026294912298645452,0.02237505385848009,0.028572066732986075,0.024409262559005725,1
0.04887273790338656,0.04534826456509885,0.049944178961295556,0.06285699070954048,0.0550493010550659,0.05395693594729006,0.057896641944783674,0.058040837470707346,0.040072823735178016,0.03645068197724112,0.03784876298631354,0.028733917854695767,0.01567682965774718,0.017583054731311866,0.035600706022978976,0.02690134930529607,0.022983631633704527,0.02917264699977074,0.025042951500614967,0.033260484083140196,1
0.04600906665109178,0.050603221926072244,0.06351929167515023,0.055696923833243546,0.054617998318269315,0.05857438609958609,0.0587219927700278,0.04074736116944019,0.037118836560510855,0.03850411729010376,0.02939466911723833,0.016335008332400675,0.018201375476331372,0.03618849524085549,0.02751097863429565,0.02359082182428324,0.029779676916419237,0.025644336538346014,0.03389215134914045,0.13075978382823886,0
0.05126288871238863,0.06417539601621641,0.05636077581274833,0.05526571532388671,0.05923444214642329,0.059399557799806366,0.041432272746981816,0.03779402083186167,0.03917182000050892,0.030051896387403704,0.01699851187588878,0.018858991332179158,0.03680263098540237,0.028100593417733216,0.02420120200462925,0.030385321278480374,0.02625216987548361,0.034491518436629606,0.13136918163056668,0.10744921889898783,1
0.06483213062177544,0.057018429767794795,0.05592966071179133,0.059881150589734984,0.060059434009249346,0.042113590146561054,0.03847957389800839,0.03984655472832659,0.030721459068389557,0.017658485458793727,0.019521934607822363,0.03745609990268669,0.028716548408265426,0.024791563687676606,0.030994160417680296,0.026858616604326164,0.03509733720977529,0.13194632029060452,0.1080639409834411,0.08299136658627862,1
0.05767671058979455,0.056587407990929046,0.060544096181918056,0.060705962215190826,0.04277723364877268,0.039161532118721615,0.04053166196806808,0.03139804417894084,0.01833077539690962,0.02018134913779977,0.0381149150356518,0.029371820025784156,0.025408262992269916,0.03158298917009344,0.027468255625408423,0.035701772016781055,0.1325299479370263,0.10864639411448267,0.08361167500063382,0.15668445312462354,0
0.05724578193240633,0.06120084456773024,0.0613687291366556,0.0434275375263116,0.03982581899057756,0.041213174826259975,0.03208498650120854,0.019010073706022198,0.020853083902041714,0.03877021037465563,0.030032429688294275,0.026064272154432546,0.03219816085061146,0.02805788004991916,0.036309405346871104,0.13311222072157067,0.10923532731388486,0.08419970416757687,0.15728792956666857,0.13807122491667967,1
0.06185822180596264,0.06202529901301417,0.044094047300635104,0.04047676766867804,0.04187701456441239,0.03276833253251694,0.019699706792302946,0.021531829899111735,0.03943785452940842,0.03068951566548095,0.026725616018685682,0.03285265628219515,0.02867384464814996,0.036897034636357365,0.13369776066413083,0.1098228986930335,0.08479420404593455,0.1578591577777887,0.13867895273909855,0.15178583791499023,0
0.0626824981331762,0.044754356651626775,0.04114391663885394,0.0425275151143401,0.03343401273421433,0.02038574078787512,0.0222209152402369,0.04011253100341862,0.03135893803386582,0.027383434605529642,0.0335124932768117,0.029329125785986794,0.037511011006139454,0.13426341284376253,0.11041372082065416,0.08538733480318876,0.15843688489340527,0.13925442449652042,0.15239043323208093,0.1477049165641812,0
0.04541528704759745,0.041804864608772356,0.04319421985154466,0.034086357841058554,0.021054119643722065,0.02290640206058422,0.04079758047103424,0.03203538355510486,0.028053584500274707,0.03416880826160278,0.029989744925664436,0.03816432199814695,0.1348554881820368,0.11098462738516411,0.08598369909173476,0.15901326488585008,0.1398363880374958,0.1529627782564816,0.14831044398981022,0.12563473031923886,0
0.04246643222349329,0.04385472398944772,0.034754891101997205,0.021709169406787507,0.023574231565120594,0.041479035617212376,0.03272218744227851,0.028730753797593392,0.03483746498721224,0.030646840359467797,0.03882297992162722,0.13548709732891107,0.11158193891916816,0.08656011864873274,0.15959293028606125,0.140416998899113,0.15354162031129437,0.14888371940514106,0.12624529871656828,0.13904490960395646,0
0.044515848745258116,0.03541722211324467,0.02238038381464483,0.024228730755064234,0.04214281741383352,0.033405395182535054,0.029418275476179884,0.03551314881244035,0.03131627211885352,0.0394781183920484,0.13612415177027637,0.1122187366394105,0.08716292409085216,0.1601527388411073,0.14100088206565745,0.1541191137806625,0.14946349028962835,0.12682360581453753,0.13965241503056502,0.07914443147814855,0
0.0360801697369668,0.023045393552860317,0.024899399375469006,0.042793259893362315,0.0340709365432047,0.030102200260984816,0.03619919730181735,0.03199272698268433,0.040145606766669395,0.13675773360482885,0.11286095613707728,0.08780516575299531,0.1607389907837206,0.1415648861888988,0.15469988920940178,0.15004191137048575,0.1274083999381769,0.14022766480198814,0.07976561855708766,0.06747531111745066,0
0.023711014030422754,0.02556386381884899,0.04345990706492511,0.0347231425002251,0.03076846151784951,0.036881650430271265,0.03267954013519892,0.04082012826356914,0.13740381491679976,0.11349969182772295,0.08845280451804545,0.16136482949778486,0.14215531917587348,0.15526080195088693,0.15062361153793719,0.1279918376700725,0.1408094067294715,0.0803545247694883,0.06809916349811646,0.06668277706966713,1
0.02622894019713869,0.044120353689144035,0.03539153782085236,0.03142138897218475,0.037546434178088714,0.03336275713115579,0.04150502403552917,0.13805703970098995,0.1141508912351587,0.0890969477246201,0.1619961396606687,0.14278530090837027,0.15584815425756773,0.15118544415122723,0.1285785389521867,0.1413897962682488,0.08094990022156505,0.06869073010085873,0.06730681047017853,0.07367217257678636,1
0.04478142105736944,0.036053731016290655,0.032090499518757296,0.03819788083725159,0.03402830778433516,0.04218632564597257,0.13872081485576673,0.11480920773186061,0.08975351712730825,0.16262398967296707,0.1434207353115691,0.15647508332806456,0.15177371314538496,0.12914534635923305,0.14197345879738166,0.08154390540419972,0.06928876147897144,0.06789855775919887,0.07429460955465939,0.05380598577901334,1
0.036716541126365757,0.03275340729459196,0.0388655234599592,0.03468052305453275,0.04284995329625582,0.13938101782510218,0.1154780324974498,0.09041717593780686,0.16326437893359752,0.14405270062094006,0.15710747890537033,0.15240155056623292,0.12973857292586152,0.1425372434444279,0.08214114141006437,0.06988541910432328,0.06849676952038646,0.07488476336278946,0.054432960321016154,0.06966924664020366,1
0.03341693041834089,0.03952696463684824,0.035348927607385575,0.04350024128661014,0.1400234629261443,0.11614327982346014,0.0910912988433537,0.1639119410080499,0.14469717662417694,0.15773641197841487,0.1530348503768167,0.13037132283085245,0.14312745771497004,0.08271842809652581,0.070485299338392,0.06909360729223592,0.07548138431704994,0.05502764333184945,0.07029259791196353,0.09038835103225791,0
0.04018902437718004,0.0360111300267166,0.04416673531184297,0.1406525212551892,0.11679078934230569,0.0917618387965887,0.1645701002761768,0.14534880437473963,0.15837787678484888,0.1536646857223473,0.1310095128598795,0.1437572227202252,0.08332209766635931,0.0710652163364633,0.06969366711489546,0.07607663336835858,0.055628785888520445,0.07088366432919958,0.09100696992805417,0.09444411257202616,0
0.03667394934046099,0.04482702892795879,0.14129797015070913,0.11742492335291624,0.09241466199114577,0.1652246932022119,0.14601099570123566,0.15902650886084044,0.15430704654074504,0.13164422781961943,0.14439244137849272,0.08396519559711334,0.07167150711253475,0.0702737627563814,0.07667510939068374,0.05622855061203581,0.07148119636114941,0.09159331268973536,0.09506180510594586,0.08145410213168897,0
0.04548794362355245,0.1419372376320336,0.11807540381136944,0.09305412149560409,0.1658615059491205,0.14666961649026922,0.15968572928301503,0.15495657000990376,0.13229143439445726,0.1450241914107662,0.08461368674976033,0.07231720241007572,0.07088023155745608,0.07725362956738914,0.05683152832170449,0.0720773552952444,0.09218612899272743,0.09564722321276921,0.08207476166707803,0.0728343508691296,0
0.1425771722927844,0.11871969831423712,0.09370988115786456,0.1664849193971236,0.14731047311876552,0.16034138225896333,0.15561667445460806,0.13294577864096654,0.14566845363063075,0.08525868049556504,0.0729682791570159,0.07152610326089137,0.077858528357483,0.0574145264933369,0.07267673838248388,0.09277757838267063,0.0962391164125336,0.08266314130803977,0.07345697921083941,0.05767053275487187,0
0.11936464897475099,0.09435945009963363,0.16712477247780658,0.1479379394423458,0.16097925927154524,0.15627321053325757,0.133610664001596,0.1463198686998397,0.08591609453591814,0.07361585289036084,0.072177355614171,0.07850284432893594,0.05802388777684492,0.0732561608502137,0.09337226651103551,0.09682964390992396,0.08325799107229827,0.0740473240301777,0.05829662460962755,0.061406764694422675,0
0.09500966363480448,0.1677584491949669,0.1485818101703661,0.16160373935225297,0.1569119741605915,0.13427197602161106,0.14698184910357437,0.08658059363011134,0.07427582901671134,0.07282510457306039,0.07915254800154578,0.058672625656049,0.07386195880786353,0.09394701872949685,0.0974234130008018,0.08385147125656849,0.07464413567511735,0.05889042655975262,0.06203200316990623,0.0545834239401724,0
0.16839280534934328,0.14921950090861402,0.16224464979429926,0.1575373428279694,0.13491553458396624,0.14764025918931237,0.08725554987132274,0.07494287698976361,0.07348525470913259,0.07979875163801457,0.059326731194234296,0.0745071657690875,0.09454816260491952,0.09799725101867772,0.08444818388996843,0.07523957516700917,0.05949068953419178,0.0626249533132919,0.055210220910326666,0.007021317148746211,0
0.1498578622833085,0.16287938291846926,0.15817913413294907,0.13554570885077144,0.14828090427655774,0.08792692229313366,0.07562036103399151,0.07415247579491462,0.08045736717406503,0.05997732715101737,0.07515775639308166,0.09518875781204894,0.09859748385821088,0.08502494995847863,0.07583824104013036,0.06008957582907119,0.06322436591037801,0.05580472667652531,0.007658977608301364,-0.025520382451354438,1
0.16351479316367548,0.15881474732500284,0.13619226398414297,0.14890815858839856,0.08858058126694833,0.07629425862863116,0.07483013152045993,0.08112306157043989,0.06064030453075809,0.07580484505761782,0.09583475758459759,0.09923717631517631,0.08562810071258845,0.07641695006844551,0.060691677830563624,0.06382240294319727,0.0564056922859895,0.008264326845612204,-0.02487528925947221,-0.002579666744402401,1
0.1594510357085378,0.13683263670485046,0.14955181914751922,0.08922087840951931,0.07695045281774776,0.075504200617782,0.08179920323027157,0.061310338286225494,0.07646433948086576,0.09647726535275733,0.09988227742925135,0.08627068454616471,0.07702203705639993,0.061273804902878926,0.06442365831276149,0.05700528029436912,0.008876117730148361,-0.024262520986223727,-0.0019398133587176572,-0.00701030946867779,1
0.13747367418173911,0.15018929990656182,0.0898774684290086,0.07759329081418831,0.07616056699163773,0.0824717598372706,0.06199078342441388,0.07713090823391693,0.09713221066470976,0.10052388848764075,0.08691866393176532,0.07766653951408402,0.0618822981025617,0.0650049432089792,0.05760808183618203,0.009486516815959087,-0.02364332351536823,-0.0013322752362098132,-0.0063694440958562,-0.005286862412386577,1
0.1508274517624319,0.09052786697854232,0.07825239960204072,0.07680357755577316,0.08312660770571263,0.0626676390319855,0.0778079170206566,0.0977942537563973,0.10117794331174759,0.08756314702026904,0.07831642882768128,0.06253017579302392,0.06561259714793248,0.058190904767131506,0.010100095953711946,-0.02302552755717632,-0.0007182991395664507,-0.005760895851012946,-0.004646390685895901,-0.013179495135868717,1
0.09117890830255697,0.07890531464654663,0.0774628574113346,0.0837680963871293,0.06332680299788851,0.07848133985231509,0.09846677430298154,0.10183910050591016,0.0882200539465761,0.07896281770258277,0.06318342504124924,0.06625964321060716,0.05880009141658874,0.010693639758027725,-0.022404574454871658,-0.00010571770761326321,-0.005145911327084262,-0.004038235362006512,-0.012537220681582306,0.025030709891712282,0
