0,1,2,3,4,5,6,7,8,9,10,11,12,13,14,15,16,17,18,19,20,21,22,23,24,25,26,27,28,29,transaction
-0.9830247710471572,-0.9846837835388459,-0.9860001735641802,-0.9871600542800468,-0.9896076195086481,-0.9909342678529427,-0.9924072630572782,-0.9942903073290712,-0.9960365347120572,-0.9962851267422422,-0.9984610627656224,-0.9999296840647833,-1.0010277200287487,-1.0018747937819232,-1.0037082975076883,-1.0051007218919739,-1.0066207182590519,-1.0083712515289955,-1.009119309368933,-1.0114808739521928,-1.012921011252094,-1.0144113396135033,-1.015888609381799,-1.0176564617877288,-1.0191520920566692,-1.0201544442178967,-1.0222455523066507,-1.0238443765375629,-1.0251856544518996,-1.0267057247450666,1
-0.983159554359895,-0.9845063365092598,-0.985564591701787,-0.9880340916529886,-0.98933743574976,-0.990813325730301,-0.9927228451584498,-0.9944470029253164,-0.994775109341362,-0.9969673052726008,-0.9984325233446646,-0.9995180050814311,-1.0003919881239038,-1.0022011797560844,-1.0035605047834297,-1.0050721001349285,-1.0068378939332834,-1.0075951704378983,-1.009977081478296,-1.011406761486682,-1.0129042664005716,-1.014449635901335,-1.016264605716018,-1.0177211597045996,-1.0187277198280122,-1.0208141548013447,-1.0224207753955323,-1.0237002755085198,-1.0252361193321298,-1.0268668255061304,1
-0.9829822078957663,-0.984070999796675,-0.9864381227193038,-0.9877640638467139,-0.9892165640681523,-0.9911287238148372,-0.992879449810159,-0.993186315628253,-0.9954568966886116,-0.9969387821284743,-0.9980210800258555,-0.9988826392516329,-1.0007181876406221,-1.0020534722349312,-1.0035318997400249,-1.00528914845919,-1.006062266525313,-1.0084524415508336,-1.0099030120203845,-1.0113900264138247,-1.0129425403469083,-1.014825418225683,-1.0163292675059792,-1.0172970289162249,-1.019387055211519,-1.0209892779744056,-1.0222767564183692,-1.023750710868685,-1.0253971263309598,-1.0263234109986619,0
-0.9825471179037703,-0.9849440391822389,-0.9861682513480384,-0.9876432619333806,-0.9895317784535217,-0.9912852371500207,-0.991619494203226,-0.9938677040543493,-0.9954283899005733,-0.9965275734673174,-0.9973860779095431,-0.9992086509320911,-1.0005705645016694,-1.00202488368245,-1.0037488213191785,-1.0045139758725417,-1.0069190364928866,-1.008378415354452,-1.0098862866589204,-1.011428278008927,-1.0133181034453365,-1.014890043211399,-1.0159053735495667,-1.017955989180649,-1.0195620787860498,-1.020845341119835,-1.0223271630603763,-1.0239116236844497,-1.024854028096101,-1.02649412971561,0
-0.9834196625072839,-0.9846743196972679,-0.9860475194187882,-0.9879582943740344,-0.9896882006297201,-0.9900260162260451,-0.9923004871583856,-0.9938392139459411,-0.9950174170396877,-0.9958929335105029,-0.9977119029654787,-0.999061112799329,-1.0005419922812269,-1.0022416802054328,-1.0029741013936297,-1.0053702434374856,-1.0068450535708955,-1.0083616997617206,-1.0099245160565522,-1.011803621785869,-1.0133826907297796,-1.0144663905272615,-1.0165639658547274,-1.0181309131781142,-1.0194182237932847,-1.0208957190189347,-1.0224879842515417,-1.023368843141721,-1.0250246474530698,-1.0264821072707546,0
-0.9831500958818081,-0.9845536557171495,-0.9863623693519311,-0.9881146262618776,-0.9884297131212151,-0.990706612092676,-0.9922720135853476,-0.9934284815497227,-0.9943831410058352,-0.9962185727392804,-0.9975644492905298,-0.9990325570316977,-1.0007586649529154,-1.0014674069090654,-1.003829868942159,-1.0052963038984515,-1.0068283477498008,-1.0083999068308207,-1.0102996420208141,-1.011868171352604,-1.0129592851984306,-1.0151246079743679,-1.0167387921757336,-1.0179871400295126,-1.0194685730407524,-1.0210564485065385,-1.0219455127708943,-1.0235393626927551,-1.025012632005396,-1.0264388264692748,0
-0.9830295002862006,-0.9848683284496156,-0.9865186106721374,-0.9868568651642297,-0.9891099125843806,-0.9906781551226426,-0.9918615195740492,-0.99279457663764,-0.994708593502606,-0.9960712031612935,-0.997535909869572,-0.9992491049362355,-0.9999848339825989,-1.00232268110413,-1.0037559725800298,-1.005279607873508,-1.0068665324837316,-1.0087748136963663,-1.0103641541293178,-1.0114450130817845,-1.0136171186510914,-1.0152993347875998,-1.016595099309153,-1.0180374606315232,-1.019629211116007,-1.0205142863543228,-1.0221159352272038,-1.0235273542736683,-1.02496937639377,-1.0265590509178297,0
-0.9833439946825889,-0.9850244818356514,-0.9852615782322962,-0.9875366720098511,-0.9890814721887081,-0.9902679004713285,-0.991227982573953,-0.9931198387086337,-0.9945613084310747,-0.9960426800171671,-0.9977523338118356,-0.9984757195628858,-1.0008396195775027,-1.0022488273435533,-1.00373928630471,-1.0053177702162355,-1.0072412201854282,-1.0088392881254729,-1.0099412414180162,-1.012102462372606,-1.013791743531252,-1.0151557237082312,-1.0166453918124563,-1.0181980073141284,-1.019087357309925,-1.0206846116322312,-1.0221039336457738,-1.0234841239649553,-1.0250895308705088,-1.026539815006061,0
-0.9835000595710224,-0.9837681568661814,-0.9859409912459203,-0.9875082480302432,-0.9886714564844307,-0.9896347328880866,-0.9915530558661372,-0.9929726398151913,-0.9945328016430365,-0.9962589805267928,-0.9969793911608937,-0.9993300129445245,-1.0007658080080262,-1.002232150687939,-1.0037774263625834,-1.0056922382042472,-1.0073056569239365,-1.0084166224235522,-1.0105983091898123,-1.0122769852752604,-1.0136482162324898,-1.0152059875860102,-1.0168058488468046,-1.0176564617877288,-1.0192575857180304,-1.0206726168943505,-1.0220607279526248,-1.0236042081558245,-1.0250703061542306,-1.0266432080318182,0
-0.9822444466049906,-0.9844471874993977,-0.9859125837331555,-0.9870984689908965,-0.9880386576807191,-0.9899596166293007,-0.9914059424054407,-0.9929441497067832,-0.9947489781189935,-0.9954864787067005,-0.9978331955045496,-0.9992562438781434,-1.0007491408794347,-1.0022702687579141,-1.004151675680464,-1.0057566371575994,-1.0068832383048265,-1.0090733064237114,-1.0107727308165073,-1.0121335417936266,-1.0136984507870566,-1.0153663532913053,-1.016264605716018,-1.0178265933469075,-1.0192455978019668,-1.0206294358379793,-1.0221807437669272,-1.0235849946852855,-1.0251736390042259,-1.0265686688737141,0
-0.9829230924077234,-0.9844187959746639,-0.9855030420907968,-0.9864660354446215,-0.9883633521979793,-0.9898125889507949,-0.9913774688324027,-0.9931601996955454,-0.9939769192762894,-0.996339796101818,-0.9977594686670752,-0.999239586347025,-1.000787237173358,-1.002644302319544,-1.004216037028125,-1.0053344662411787,-1.007539538419263,-1.009247626176481,-1.0106293705753882,-1.0121837470121984,-1.0138587229373413,-1.014825418225683,-1.016434642274805,-1.0178146122511906,-1.0192024413041372,-1.020749383216788,-1.0221615412366387,-1.023688267089433,-1.0250991432286478,-1.0267225561678646,0
-0.9828947169734626,-0.9840094848264185,-0.9848709749317804,-0.9867905425451446,-0.9882164101536717,-0.9897841319807618,-0.9915933934279411,-0.9923885925928231,-0.9948297473517688,-0.9962661113128246,-0.9977428206715163,-0.9992776607038669,-1.0011610570574803,-1.0027086265626268,-1.003794112637903,-1.0059903815068043,-1.0077137562678224,-1.0091043496673553,-1.0106795466597798,-1.0123439255666895,-1.0133181034453365,-1.014995358002936,-1.0164226678692565,-1.0177714803066102,-1.0193223204647748,-1.0207301916361786,-1.022264754836939,-1.023613814891094,-1.0252529409588733,-1.026926937730408,0
-0.9824856377962057,-0.9833777734010918,-0.9851952940358449,-0.9866436853171706,-0.9881879697579994,-0.9899999306701811,-0.9908222341581611,-0.9932409216693687,-0.9947561048160032,-0.996249472812084,-0.9977808732327935,-0.9996512653303774,-1.0012253445534758,-1.0022869454135284,-1.0044496448825981,-1.0061644971954975,-1.0075705635155818,-1.0091544964455492,-1.010839632262363,-1.011803621785869,-1.013487944082205,-1.0149833904129888,-1.0163795600092824,-1.0178912912637783,-1.0193031397990726,-1.0208333463819543,-1.0221903450320715,-1.0237675226554066,-1.0254572035693292,-1.0268211402156797,0
-0.9818542843839072,-0.9837019099751358,-0.9850485218865602,-0.9866152613375628,-0.9884036427585152,-0.9892292210651115,-0.9916740685515488,-0.9931673222226475,-0.9947394758563141,-0.9962875036709193,-0.9981542639903255,-0.999715515807548,-1.0008039043019494,-1.002942099741224,-1.0046236588966444,-1.0060213884102702,-1.0076206809788661,-1.0093144885474064,-1.0102996420208141,-1.0119733632391354,-1.013475983473975,-1.014940307089178,-1.016499304064766,-1.0178721215106312,-1.0194062358772211,-1.0207589790070928,-1.0223439652743787,-1.0239716657798843,-1.025351467629799,-1.02697502750983,0
-0.9821782372583825,-0.9835552204306779,-0.9850201143737956,-0.986830809849589,-0.9876333820423869,-0.9900805587519423,-0.9916005118212006,-0.9931507029927427,-0.9947774849070319,-0.996660681473241,-0.9982184776874807,-0.9992943182349853,-1.0014586843537558,-1.0031160134354848,-1.0044806336796201,-1.0060714764850998,-1.0077805795522017,-1.0087748136963663,-1.0104692849728052,-1.0119614096156662,-1.0134329252843464,-1.015059982988652,-1.0164801450158887,-1.0179751589337958,-1.0193319107976258,-1.020912511651968,-1.022547992158693,-1.0238659916919195,-1.0255052653600245,-1.0270183083113098,0
-0.982031630848036,-0.9835268289059442,-0.9852355380122617,-0.9860609937352095,-0.9884842238795871,-0.9900070449126895,-0.9915839022369284,-0.9931886898039536,-0.9951504487171998,-0.9967248585475257,-0.9977975212283523,-0.9999487212432042,-1.0016324986947809,-1.0029730706730786,-1.0045306925055786,-1.0062312812952705,-1.0072412201854282,-1.0089443575654984,-1.0104573382860453,-1.011918376571176,-1.0135525313666482,-1.0150408348447362,-1.0165831249036048,-1.0179008761403516,-1.0194853561232418,-1.021116422195943,-1.0224423782421068,-1.0240196994562318,-1.0255485209716504,-1.0269533871090901,0
-0.9820032554137754,-0.983742131301842,-0.9844661678748825,-0.9869113444584781,-0.9884107528574334,-0.9899904450135033,-0.9916218670009791,-0.9935614353889611,-0.9952145889902859,-0.99630414217166,-0.9984515496253031,-1.000122435496295,-1.0014896375925686,-1.0030231006399206,-1.0046904039979225,-1.0056922382042472,-1.0074106649422463,-1.0089324178564045,-1.0104143302137094,-1.0120379128058707,-1.01353339439348,-1.0151437561182837,-1.0165088835892049,-1.0180542341655268,-1.0196891506963257,-1.0210108685025912,-1.022595998484414,-1.0240629297649448,-1.0254836375542116,-1.0272683751643041,0
-0.9822184357902516,-0.9829731941736354,-0.9853160259650953,-0.9868379158444911,-0.9883941626266244,-0.9900283876402145,-0.9919943962482267,-0.9936255381328796,-0.9947941138667209,-0.9969577975578919,-0.99862516443613,-0.9999796566581381,-1.0015396389783429,-1.0031827200579413,-1.004151675680464,-1.0058615836000997,-1.007398732212893,-1.0088894349036668,-1.0105337970813086,-1.0120187870083195,-1.0136362556242597,-1.0150695570606099,-1.016662155980224,-1.0182579127927125,-1.0195836570349648,-1.0211644011474663,-1.022639204177563,-1.0239980843018754,-1.0257984422832669,-1.027556913840836,0
-0.9814499344456936,-0.9838225739552544,-0.9852426398904529,-0.9868213351897197,-0.9884320831541876,-0.9904006996648175,-0.9920584617875623,-0.9932053090338585,-0.9954473944259321,-0.9971313133513281,-0.9984824673313408,-1.0000296292514932,-1.0016991672091466,-1.002644302319544,-1.0043209221872762,-1.0058496578679974,-1.0073557743872208,-1.009008831994605,-1.0105146823824929,-1.012121588170157,-1.0135620998532324,-1.0152227422119366,-1.0168657208745466,-1.0181524791504046,-1.0197371023605808,-1.0212075822038376,-1.0225743956378395,-1.0243127048819527,-1.0260868130274399,-1.0277781268261772,0
-0.9822988328539901,-0.9837492291830255,-0.9852260688413401,-0.9868592338291969,-0.988804178330902,-0.9904647278473925,-0.9916384765852514,-0.9938582073515466,-0.9956208107198318,-0.9969886976306956,-0.9985324113180171,-1.0001890656207684,-1.0011610570574803,-1.0028134512550582,-1.0043090034191908,-1.0058067252324292,-1.0074751016807546,-1.0089897284600549,-1.0106174238886283,-1.0120474757046463,-1.013715195638579,-1.0154261912410423,-1.0167603461057209,-1.0183058371755795,-1.0197802588584104,-1.0211428106192808,-1.022888837071312,-1.0246009069400388,-1.026307897264639,-1.0286581697895998,1
-0.9822255296488168,-0.983732667460264,-0.9852639455250265,-0.9872311142290665,-0.9888681692211649,-0.9900449875394007,-0.9922909959673729,-0.9940315221776965,-0.9954782767796403,-0.997038613132917,-0.9986917564183652,-0.9996512653303774,-1.0013301093617648,-1.002801539358191,-1.0042660958540834,-1.005925982553452,-1.0074560093137892,-1.0090924099582617,-1.0105433544307167,-1.0122004820850559,-1.0139185259784922,-1.0153208764495052,-1.01691361849674,-1.0183489691201602,-1.019715524111666,-1.0214570727517598,-1.023176875025638,-1.0248218618512381,-1.0271874280343662,-1.02791518269753,0
-0.9822089773121647,-0.9837705228265758,-0.985635610483699,-0.9872950681831842,-0.9884486733849966,-0.9906971264359982,-0.9924642102033543,-0.9938890716356555,-0.9955281636587073,-0.99719786735429,-0.9981542639903255,-0.9998202202888631,-1.0013182042699138,-1.002758656529469,-1.0043852835349372,-1.0059069013820883,-1.0075586307862285,-1.00901838376188,-1.0106962720212438,-1.012403693684037,-1.0138132726260665,-1.0154740616008318,-1.016956726356714,-1.0182842712032893,-1.0200296075125366,-1.021744946460901,-1.0233977041239548,-1.0257008781284007,-1.026444873368121,-1.0279272051423856,1
-0.9822468112245122,-0.9841419786085095,-0.9856995273874197,-0.9868758144839682,-0.9891004324524898,-0.9908702396703676,-0.9923218423381641,-0.9939389293253699,-0.9956873265585879,-0.996660681473241,-0.9983231222309928,-0.99980832205235,-1.00127534593925,-1.002877775498141,-1.0043662135060005,-1.006009462678168,-1.0074846478642374,-1.0091712120382808,-1.0108993656961627,-1.0122985017975055,-1.0139663684114129,-1.0155171449246423,-1.016892064566753,-1.0185981759110696,-1.0203173174980666,-1.021965649637909,-1.0242762198846491,-1.024958757828829,-1.026456888815795,-1.0280257891902005,0
-0.9826180564894218,-0.9842058595391605,-0.9852805165741394,-0.9875271973499817,-0.9892734448594971,-0.9907279548202009,-0.9923716710909806,-0.9940979990973158,-0.9951504487171998,-0.9968294434093228,-0.9983112308055937,-0.999765488400903,-1.0013943968577603,-1.0028587164631535,-1.0044687149115348,-1.0059355231391338,-1.0076373867999608,-1.0093741870928754,-1.0107942348526753,-1.0124515081779148,-1.0140094266010418,-1.0154525199389264,-1.0172057939921204,-1.0188857222082728,-1.02053789515364,-1.0228436644507892,-1.0235345221522596,-1.024970766247916,-1.0265554154867207,-1.0279584634990098,0
-0.9826819012165082,-0.9837870845493373,-0.9859315220749987,-0.9877001098925962,-0.9891312428811349,-0.9907777545177592,-0.992530648540443,-0.9935614353889611,-0.9953191138797597,-0.9968175587659368,-0.9982684216741569,-0.9998844707660336,-1.0013753487107986,-1.0029611587762113,-1.0043948185494054,-1.006088172510043,-1.0078402431989686,-1.0092691176528499,-1.0109471524432023,-1.0124945412224051,-1.0139448393165986,-1.015766070795548,-1.0174931797252815,-1.019106174369462,-1.0214154106095072,-1.022102389649751,-1.0235465237336898,-1.0250692352844286,-1.0264881289797472,-1.0278743063850213,0
-0.9822633635611644,-0.9844377236578198,-0.9861043344443177,-0.9875579899945569,-0.9891810135735616,-0.9909366392671122,-0.9919943962482267,-0.9937300018637096,-0.9953072360514105,-0.996774774049747,-0.998387335928148,-0.9998654335876127,-1.0014777325007176,-1.0028873050156348,-1.0045473787808983,-1.006290909955782,-1.0077352351806588,-1.0094219459292506,-1.010990160515538,-1.0124299916556698,-1.0142582072522297,-1.0160532929542856,-1.0177135087873717,-1.019983190575932,-1.0206745573967668,-1.022114384387632,-1.023644936701418,-1.025001988137542,-1.02640402084603,-1.0283407772454147,0
-0.9829136339296365,-0.9846104387666169,-0.9859622968804939,-0.9876077319588706,-0.9893398057827327,-0.9904006996648175,-0.9921628648887018,-0.9937181309852063,-0.995264475869353,-0.9968936204836074,-0.9983683096475093,-0.9999677584216252,-1.001403920931241,-1.0030397772955348,-1.0047499978383494,-1.0061859635132817,-1.007887974116382,-1.0094649288819884,-1.0109256484070346,-1.0127431765905703,-1.0145452618497544,-1.0162734966093174,-1.0185900352735129,-1.0192427588606336,-1.0206865453128304,-1.0222127412382551,-1.0235777278454086,-1.0249179292039337,-1.026870220215776,-1.0284273388483742,0
-0.9830862511547218,-0.984468481142948,-0.9860120100278321,-0.9877664325116813,-0.988804178330902,-0.990569070070848,-0.9921510008999359,-0.9936753958225939,-0.9953832541528459,-0.9968746050541897,-0.9984705759059417,-0.9998939893552441,-1.0015563061069344,-1.003242279542277,-1.0046451126791982,-1.006338612884191,-1.0079309319420544,-1.0094004544528818,-1.0112386516001446,-1.0130300635538378,-1.01476533704119,-1.0171495241934667,-1.0178500170106233,-1.0192547399563503,-1.0207848462245535,-1.0221455707061222,-1.0234937167753968,-1.025383855864506,-1.026956731439028,-1.0284129119145478,0
-0.9829443739834187,-0.9845181663112321,-0.9861706186407689,-0.9872311142290665,-0.9889724506719638,-0.9905572130000009,-0.9921082905403789,-0.9937941046076282,-0.995364249627487,-0.9969768129873097,-0.9983968490684673,-1.0000462867826114,-1.0017586926684017,-1.003137454849846,-1.0047976729106909,-1.0063815455197591,-1.0078664952035459,-1.0097132748311395,-1.011525372082383,-1.0132500102256763,-1.0156408535636403,-1.0164099271347178,-1.0178619914161715,-1.0193529849412282,-1.0207177138945964,-1.022061607540956,-1.0239593781348906,-1.0254703164819319,-1.0269423129018194,-1.028561990230756,1
-0.9829940309933748,-0.9846766856576625,-0.985635610483699,-0.9873992894417464,-0.9889606005071004,-0.9905145275449508,-0.9922269304280373,-0.9937751112020227,-0.995466398951291,-0.9969031281983162,-0.9985490593135758,-1.0002485568033337,-1.0016539278601129,-1.0032899271297457,-1.0048405804757983,-1.006317146566407,-1.0081791327126048,-1.009999827849391,-1.0117451911187656,-1.0141250154636428,-1.0149016879750141,-1.0164218947246653,-1.0179601815416683,-1.019285890805214,-1.02063379848215,-1.022527003370734,-1.0240457895211885,-1.0254559063790276,-1.0270913044529755,-1.0287375179256462,1
-0.9831524605013299,-0.9841419786085095,-0.9858036882675573,-0.9873874461169098,-0.9889179399135917,-0.9906330982534232,-0.992207948046012,-0.9938772007571521,-0.9953927564155254,-0.9970552516336575,-0.9987512135453607,-1.0001438523220187,-1.0018063130358057,-1.0033328099584677,-1.0047762191281373,-1.0066296007474866,-1.0084655182170863,-1.0102195184967169,-1.0126196885895926,-1.0133862815332286,-1.0149136485832444,-1.0165200289622338,-1.0178931248705974,-1.0192020231351964,-1.0210989296254238,-1.0226133654834766,-1.0240313876234721,-1.0256048107757054,-1.027266729989014,-1.0290452925139468,1
-0.9826180564894218,-0.9843099617965178,-0.9857918518039053,-0.987344810147498,-0.9890364415622268,-0.9906141269400676,-0.9923099783493983,-0.9938036013104309,-0.9955447926183963,-0.9972572905712201,-0.9986465690018486,-1.0002961497493859,-1.0018491713664694,-1.0032684857153849,-1.005088490851974,-1.0069158183179414,-1.0086850804371887,-1.0110935052023835,-1.011881383347829,-1.013398235156698,-1.015011725570732,-1.0164530104585285,-1.0178093040317588,-1.0196668896490084,-1.021185242621083,-1.0225989717980195,-1.0241802072332074,-1.0257801336943744,-1.0275743254494647,-1.0276434754437958,1
-0.9827859444754637,-0.9842981319945454,-0.9857492405347581,-0.987463243395864,-0.9890174812984451,-0.9907160977493538,-0.99223642161905,-0.9939555485552747,-0.9957467157003345,-0.997152705709423,-0.998798779246957,-1.000338983400833,-1.001784883870474,-1.0035805774133053,-1.0053745412860227,-1.0071352517886234,-1.009558556225857,-1.0103556311803863,-1.011893330034589,-1.0134962548691477,-1.014944746164643,-1.0163692373288968,-1.0182739109670358,-1.0197531535381694,-1.0211708571218066,-1.0227477065477424,-1.024355430322089,-1.0260875492229995,-1.0261733242506916,-1.026806713281853,0
-0.9827741213778552,-0.9842555447074447,-0.9858676051712779,-0.9874442940761254,-0.9891193927162715,-0.990642583910101,-0.9923882806752529,-0.9941573534898329,-0.9956421908108606,-0.9973048291447643,-0.9988415883783939,-1.0002747329236625,-1.0020967972769708,-1.003866462938118,-1.0055938466187935,-1.0080082153785108,-1.0088211135518175,-1.01036757088948,-1.0119912928660204,-1.0134293145777187,-1.0148610219070315,-1.0168335798188555,-1.0183601266869842,-1.0197387762233092,-1.021319507280997,-1.022922829720803,-1.0246626708067033,-1.0246873675574646,-1.0253370490925904,-1.026902892840697,1
-0.9827315582264643,-0.9843738427271688,-0.9858486668294347,-0.9875461466697203,-0.9890459216941176,-0.9907943544169454,-0.9925899684842723,-0.9940528897590029,-0.9957942270137315,-0.997347613860954,-0.9987773746812386,-1.0005864667203048,-1.0023825194813956,-1.0040856418404744,-1.0064663004426424,-1.0072712051345896,-1.0088330462811708,-1.0104654765040493,-1.0119243914201648,-1.0133456392134323,-1.0153250935063631,-1.0169197464664768,-1.018345757400326,-1.0198873418101977,-1.021494530855528,-1.0232298950105534,-1.023263286411936,-1.023851581589015,-1.0254331726739814,-1.027311655965784,1
-0.9828497892025501,-0.9843549150440128,-0.9859504604168419,-0.9874727180557333,-0.9891976038043706,-0.9909959246213483,-0.9924855653831328,-0.9942048370038465,-0.9958369871957891,-0.9972834367866694,-0.9990889300266953,-1.0008720243966187,-1.0026015731714544,-1.004957592691153,-1.0057297205749667,-1.0072831308666919,-1.0089308946618687,-1.010398614133124,-1.0118407646128453,-1.0138094398040483,-1.0154112098856205,-1.01690538535854,-1.018494240029126,-1.020062265807663,-1.0218014215067601,-1.0218313085736432,-1.0224279763443904,-1.0239476489417103,-1.025841697894893,-1.0274847791717032,1
-0.9828308722463763,-0.9844566513409756,-0.9858770743421995,-0.9876243126136419,-0.9893990566070503,-0.9908915823978928,-0.9926374244393356,-0.9942475721664589,-0.9957728469227028,-0.9975948144433836,-0.9993743242362738,-1.0010909519484592,-1.0034730258949496,-1.0042214374647604,-1.005741639343052,-1.0073809218699306,-1.0088640713774897,-1.0103150361694673,-1.0123042960591304,-1.0138955058930286,-1.0153968571557443,-1.0170537834738875,-1.0186690663501323,-1.020368981858013,-1.0204036304937258,-1.0209964748171343,-1.0225239889958324,-1.0243559351906657,-1.0260147203413967,-1.0263378379324886,0
-0.9829325508858102,-0.9843833065687467,-0.986028581076945,-0.9878256491358643,-0.9892947751562514,-0.9910433529047371,-0.9926801347988927,-0.9941834694225403,-0.9960840460254543,-0.9978800458846486,-0.9995931264636173,-1.0019619028612161,-1.0027372912185561,-1.0042333493616276,-1.005839373241352,-1.007314137770158,-1.008780542272016,-1.010778296882307,-1.012390312203802,-1.0138811615448653,-1.0155451686977988,-1.0172285102871195,-1.0189756111321706,-1.0189719860974338,-1.019569271535688,-1.0210924327201811,-1.022932042764461,-1.0245288564255173,-1.0248684466333096,-1.026397950156766,0
-0.9828592476806369,-0.9845347280339936,-0.9862298009590289,-0.9877214278773022,-0.9894464572665043,-0.9910860383597871,-0.9926160692595571,-0.99449448643933,-0.9963691139058375,-0.9980987233229517,-1.000463578802832,-1.0012265918447083,-1.0027491963104072,-1.0043310269159387,-1.005772628140074,-1.007230657645442,-1.0092435321709274,-1.0108642627877824,-1.0123759761796902,-1.014029386475887,-1.0157197935779596,-1.0175348805897726,-1.01757939544523,-1.0181381018355444,-1.0196651748641983,-1.021500253808131,-1.0231048655370567,-1.0233832532446252,-1.024928523871679,-1.026424399535448,0
-0.9830105833300269,-0.9847358346675246,-0.9861256400788914,-0.9878730224352107,-0.989489117860013,-0.9910220101772121,-0.9929269057652222,-0.9947793875234121,-0.9965876659474644,-0.9989686792188097,-0.9997286887131672,-1.0012384900812212,-1.0028468180635854,-1.0042643202934824,-1.0056891967634765,-1.0076933760510105,-1.009329447822272,-1.0108499351368698,-1.0125241150955133,-1.0142039093785413,-1.0160259851486524,-1.0161394596019067,-1.0167459768190628,-1.0182339506012787,-1.0200727640103662,-1.0216729780336158,-1.0219599146686107,-1.0234432953400598,-1.0249549578565613,-1.0270760160466161,1
-0.9832115759893728,-0.9846317324101673,-0.9862771468136368,-0.9879156584046225,-0.98942512696975,-0.9913326654334095,-0.9932116414956027,-0.994997811687875,-0.997457122982633,-0.9982342082575526,-0.9997405801385663,-1.0013360556206286,-1.00278014954922,-1.004180937015412,-1.0061516449651886,-1.007779241322147,-1.0093151285470479,-1.010997987529633,-1.0126985367222083,-1.0145099221393599,-1.0146313782290117,-1.0153065153415683,-1.0168417720634497,-1.01864130785565,-1.0202453900016843,-1.02052868003978,-1.022019922575762,-1.023469713862051,-1.0256061951204851,-1.027049566667934,1
-0.9831075327304173,-0.9847831538754142,-0.9863197580827839,-0.9878517044505049,-0.989735601289174,-0.991617235133743,-0.9934299388888942,-0.9958667599943256,-0.9967230731906465,-0.9982460929009386,-0.999838089826839,-1.0012694254961554,-1.0026968139062626,-1.0046431186138591,-1.0062374600954034,-1.0077649304436243,-1.00946309439103,-1.0111723072824026,-1.0130043719032624,-1.0131161296428182,-1.0137989198961903,-1.0154022560611475,-1.0172489018520947,-1.018813835633972,-1.0191017428092015,-1.0205886537291844,-1.0220463260549084,-1.024120570176562,-1.0255797611356026,-1.0270086903554254,1
-0.9832588683798071,-0.9848257411625149,-0.9862558411790632,-0.988161999561224,-0.9900200052458984,-0.9918354052373319,-0.9942983828665543,-0.9951331397028141,-0.9967349510189957,-0.9983435469767041,-0.9997714978446041,-1.0011861378405638,-1.0031587314700823,-1.004728884271303,-1.0062231575737008,-1.0079128095216925,-1.0096373122395896,-1.011477963835204,-1.0116113882270545,-1.0122841574493422,-1.0138946047620319,-1.0158091541193588,-1.0174213332919912,-1.017670839102589,-1.0191616823895204,-1.0206150421525222,-1.022696811768428,-1.0240941516545707,-1.0255389086135114,-1.0266961067891824,1
-0.983301431531198,-0.9847618602318639,-0.9865659565267453,-0.9884462393573027,-0.9902380482793869,-0.9927033428233489,-0.993565188360825,-0.9951450105813175,-0.99683234921146,-0.9982769929737423,-0.9996882578668103,-1.001647789417271,-1.0032444481314098,-1.0047145899950622,-1.0063709502979594,-1.008086925210386,-1.0099427901110363,-1.0100857937548662,-1.0107798988285635,-1.012379786437098,-1.0143012654418584,-1.0159814874146011,-1.016278975002676,-1.0177307445811732,-1.0191880558048605,-1.0212651569456659,-1.0226704082892815,-1.0240533230296753,-1.025226506973991,-1.0267057247450666,0
-0.9832375868041117,-0.985071801043541,-0.986850031654393,-0.9886641565342962,-0.9911054803473961,-0.9919705758449904,-0.9935770523495907,-0.9952423517850456,-0.996765833372704,-0.99819380047004,-1.0001496451722955,-1.0017334567201652,-1.0032301620211885,-1.0048622975162156,-1.006544964312006,-1.0083922239522043,-1.0085514338684307,-1.0092547900019373,-1.0108754723226427,-1.0127862096350604,-1.0144734982003734,-1.0148397793336201,-1.016338847030418,-1.01775710299175,-1.0198378008555165,-1.0212387685223279,-1.0226296029124187,-1.0237411041334155,-1.0252361193321298,-1.0268668255061304,1
-0.9835473519614566,-0.9853557162908788,-0.9870678225855896,-0.9895310879123361,-0.990373140158831,-0.9919824329158375,-0.9936743370574707,-0.9951758748654265,-0.9966826885742589,-0.9986549246334183,-1.0002352634351692,-1.0017191788363495,-1.0033777851601413,-1.0050362112104765,-1.006850084774991,-1.0070016835890778,-1.0077209159054346,-1.0093503076746877,-1.0112816596724805,-1.012958341813021,-1.0133324561752128,-1.014899617283357,-1.0163651907226243,-1.0184064783796007,-1.019811427440176,-1.0211979864135328,-1.0223175617952323,-1.023750710868685,-1.0253971263309598,-1.0266744663884424,1
-0.9838311063040627,-0.9855733846471711,-0.9879342517249152,-0.9887991704374336,-0.9903849903236945,-0.9920796608967848,-0.993607898720382,-0.9950927787159025,-0.9971435483142115,-0.9987404940657978,-1.0002209937246902,-1.0018667169691116,-1.0035515995011663,-1.0053411557702765,-1.0054603564162372,-1.006171652634759,-1.0078163777402618,-1.0097562577838772,-1.0114536919618236,-1.0118179661340323,-1.0133922592163638,-1.0149259459812412,-1.0170142035033465,-1.0183801199690237,-1.0197706685255592,-1.0208861232286301,-1.0223271630603763,-1.0239116236844497,-1.0252048791681778,-1.0273429143224082,1
-0.9840486513000606,-0.9864393261515517,-0.9872027582712224,-0.9888110137622702,-0.9904821616755753,-0.9920132613000404,-0.9935248507990211,-0.9955533688018352,-0.9972290686783265,-0.9987262324937346,-1.0003684473996393,-1.0020404312222024,-1.0038563698525524,-1.0039522285955618,-1.004630810157496,-1.0062670584915774,-1.008222090538277,-1.009928189594828,-1.010313978044926,-1.0118777342513796,-1.01341857255447,-1.01557458935639,-1.01698785981114,-1.0183393842435866,-1.0194589827079017,-1.0208957190189347,-1.0224879842515417,-1.0237194889790588,-1.025872938058845,-1.025914647873575,1
-0.9849141020450091,-0.9857082443896568,-0.9872145947348743,-0.9889081290259304,-0.9904158007523397,-0.9919302618041098,-0.9939851735631359,-0.99563883912706,-0.9972148152843073,-0.9988736020717215,-1.0005420622104662,-1.002345026076937,-1.0024682361427228,-1.0031231605736053,-1.0047261603021787,-1.0066725333830548,-1.008393921840966,-1.008789141347279,-1.0103737114787257,-1.0119040322230126,-1.0140668375205466,-1.0155482606585056,-1.0169471468322755,-1.01802787575495,-1.0194685730407524,-1.0210564485065385,-1.0222959589486575,-1.0243871570802916,-1.0244455028751893,-1.0254289411014128,1
-0.9841834346127986,-0.9857200741916291,-0.9873116537368206,-0.9888418064068455,-0.9903328495982952,-0.9923903161529821,-0.9940705942822501,-0.9956245940728559,-0.9973621003558386,-0.9990471178651577,-1.0008464827006833,-1.0009576916995129,-1.0016396417498916,-1.0032184557485426,-1.005131398417081,-1.0068442639253279,-1.0072555394606524,-1.008848839892748,-1.0103999941895976,-1.0125519186150587,-1.0140405241824402,-1.0155075708526844,-1.0166358122880177,-1.0180374606315232,-1.019629211116007,-1.0208645327004444,-1.0229632468761796,-1.0229605568927655,-1.0239600787891652,-1.0252774582962334,1
-0.9841952577104071,-0.9858170785678029,-0.9872453695403696,-0.9887589031329892,-0.9907926359949993,-0.9924756870630823,-0.9940563574957311,-0.9957717929662983,-0.9975355166497383,-0.9993513647358401,-0.9994599424991474,-1.000129574438203,-1.0017348824846997,-1.0036234602420273,-1.0053030286775104,-1.00570654908277,-1.0073152031074193,-1.0088751072527542,-1.0110475046119858,-1.0125256206434257,-1.0139998581144576,-1.0151964135140523,-1.0166453918124563,-1.0181980073141284,-1.0194374044589867,-1.0215314401266213,-1.0215374590022657,-1.022475416761654,-1.0238086841484741,-1.0254361545683262,1
-0.9842922071107975,-0.9857508316767575,-0.9871625142948056,-0.9892184241366496,-0.9908779571820168,-0.9924614585780656,-0.9942034709564276,-0.9959451077924482,-0.9978395890554802,-0.997965615317028,-0.9986322992913697,-1.0002247603303076,-1.0021396556076345,-1.0037949915569149,-1.0041659782021664,-1.0057661777432814,-1.0073414551119968,-1.0095222394856387,-1.0110212219011139,-1.0124849783236294,-1.0136888823004726,-1.0152059875860102,-1.0168058488468046,-1.0180063097826595,-1.0201039325921317,-1.0201064652663732,-1.0210525951124836,-1.022324110681159,-1.0239672880577693,-1.024493594891655,1
-0.9842259977641895,-0.9856680230629505,-0.9876217690845027,-0.9893036960754733,-0.9908637369841805,-0.9926084862565712,-0.994376685192409,-0.9962490022821358,-0.9964546342699523,-0.9971384441373599,-0.9987274306945625,-1.0006293003717521,-1.0023110889302893,-1.0026585965957846,-1.0042255720425932,-1.0057924143539063,-1.0079882090429506,-1.0094959721256322,-1.0109806031661301,-1.0121741841134229,-1.0136984507870566,-1.0153663532913053,-1.0166142583580307,-1.0186724587045137,-1.0186797681637572,-1.0196218778559856,-1.0209013751864624,-1.0224826218131062,-1.023025276960138,-1.0166044665774763,0
-0.9841432360809294,-0.98612701937948,-0.9877069916227971,-0.9892894840856693,-0.991010679028488,-0.9927815994909407,-0.9946804033048146,-0.9948648578486368,-0.9956279374168414,-0.9972335212844481,-0.999131739158132,-1.0008006349775402,-1.0011753431677015,-1.0027181560801206,-1.0042517933323811,-1.0064387890338502,-1.007961957038373,-1.0094553771147132,-1.010669989310372,-1.0121837470121984,-1.0138587229373413,-1.015174871852147,-1.0172800353065203,-1.0172491045333576,-1.0181954563547813,-1.0194707441586865,-1.0210597960613417,-1.0215411617566916,-1.015140740196545,-1.0167583538716265,0
-0.9846019722681424,-0.9862121939536814,-0.9876927878664147,-0.9894363413136433,-0.9911836914354953,-0.9930851405046296,-0.9932970622147167,-0.9940386447047986,-0.9957229600436358,-0.9976375991595734,-0.9993029756838793,-0.9996655432141931,-1.0012348686269565,-1.0027443622532284,-1.004897790562608,-1.006412552423225,-1.0079213857585716,-1.0091449446782743,-1.0106795466597798,-1.0123439255666895,-1.0136673532056582,-1.0158402698532218,-1.015857475927373,-1.016765068266399,-1.0180444086123779,-1.0196290746987142,-1.02011887207721,-1.013661237151855,-1.0152945379267706,-1.0201294474091087,1
-0.9846870985709243,-0.9861979981913146,-0.9878395600156994,-0.9896092538562578,-0.9914870556560011,-0.991702606043843,-0.9924713285966138,-0.994133611732826,-0.9961268062075118,-0.9978087380243325,-0.9981685337008045,-0.9997250343967585,-1.0012610598290288,-1.0033899870634304,-1.00487156927282,-1.0063720049340774,-1.0076111347953836,-1.0091544964455492,-1.010839632262363,-1.0121526675911778,-1.0143323630232568,-1.0144185201674718,-1.0153737099432187,-1.016614106460367,-1.0182026491044196,-1.0186886872488534,-1.012243434342679,-1.0138149449161675,-1.0186636694545235,-1.0190979216405067,1
-0.9846729108537939,-0.9863446877357724,-0.9880123723850184,-0.9899124429720749,-0.9901053264329156,-0.990877353912876,-0.9925662405067406,-0.9945372216019424,-0.9962978469357417,-0.9966749430453044,-0.9982279908278,-0.9997512105170873,-1.0019063158073545,-1.0033637808903224,-1.0048310454613298,-1.006061935899418,-1.0076206809788661,-1.0093144885474064,-1.0106484852742041,-1.0128172890560811,-1.01291144276551,-1.0139350295335972,-1.015222832433309,-1.0167722569238289,-1.0172627964850207,-1.0108177402514216,-1.0123970545849859,-1.0171821056281398,-1.0176327440441055,-1.0189728882140097,1
-0.9848195172641404,-0.9865174028445697,-0.9883153858545093,-0.9885315112961262,-0.9892805549584153,-0.9909722104796538,-0.9929696161247794,-0.9947081622523917,-0.995164702111219,-0.9967343662622344,-0.998254151963678,-1.000396094936096,-1.0018801246052822,-1.003323280440974,-1.0045211574911104,-1.0060714764850998,-1.0077805795522017,-1.0091234532019053,-1.0113127210580561,-1.0113971985879064,-1.01242823419301,-1.01378423790026,-1.0153808945865477,-1.0158329390196315,-1.0093963259639815,-1.0109712728962967,-1.0157622980180285,-1.016151783270482,-1.0175077833882973,-1.0191724607986108,1
-0.9849921344892257,-0.9868202457750632,-0.9869352541926874,-0.9877072158874982,-0.9893753562773233,-0.9913753508884595,-0.9931404575630076,-0.9935756804431652,-0.9952240912529654,-0.9967605124776837,-0.9988986672203096,-1.0003699188157669,-1.0018396472929887,-1.003013571122427,-1.0045306925055786,-1.0062312812952705,-1.0075896558825472,-1.0097873010275211,-1.0098934546709766,-1.0109142721997393,-1.0122775305293095,-1.0139422100875657,-1.0144421011915548,-1.0079709440102655,-1.0095497712895976,-1.0143345973980948,-1.014732562331313,-1.016026895711978,-1.0177072398196834,-1.0177610257725753,1
-0.9852948057880054,-0.9854408908650801,-0.986111436322509,-0.9878019624861911,-0.9897782618826827,-0.9915460927086597,-0.9920086330347457,-0.9936350348356824,-0.9952502224753338,-0.997404660149207,-0.9988725060844315,-1.0003294648116225,-1.001530114904862,-1.0030231006399206,-1.0046904039979225,-1.0060404695816338,-1.008253115634596,-1.0083688635871768,-1.0094108085258753,-1.010763656544024,-1.012435410557948,-1.01300395103569,-1.0065844962707093,-1.0081243020354405,-1.012911182953876,-1.0133054488879154,-1.0146077458844383,-1.016226235468821,-1.0162966262627713,-1.0101267732893333,1
-0.9839162326068445,-0.9846175366478005,-0.9862061280317248,-0.9882046355306359,-0.9899489042567173,-0.9904149281498342,-0.992067952978575,-0.9936611507683898,-0.9958940007718657,-0.9973785139337576,-0.9988320752380746,-1.0000201106622828,-1.0015396389783429,-1.0031827200579413,-1.0044997037085566,-1.0067035402865208,-1.006835507387413,-1.0078864993397871,-1.0092602802727,-1.010921444373821,-1.011497698872701,-1.0051508185122113,-1.0067377686617285,-1.011483801274432,-1.0118826197556052,-1.0131807036139544,-1.0148069721361805,-1.0148164470680165,-1.0086668169898643,-0.9918213987523501,1
-0.9830933450132869,-0.9847121750635797,-0.9866085677958925,-0.988375179408283,-0.9888183985287382,-0.9904742135040703,-0.9920940537538598,-0.9943045523832753,-0.9958678695494971,-0.9973381061462452,-0.9985228981776979,-1.0000296292514932,-1.0016991672091466,-1.002992129708066,-1.0051623872141031,-1.0052867633127696,-1.0063534251215358,-1.0077360590052051,-1.0094179765379312,-1.0099842802938135,-1.0036491477520475,-1.005304003663538,-1.0100953919774935,-1.0104558232619303,-1.0117579454285421,-1.013379816262777,-1.013397986476269,-1.0071911009478225,-0.9903720963616311,-0.9894096963143368,1
-0.9831879297941556,-0.9851143883306417,-0.9867790128724812,-0.9872453262188705,-0.9888776493530558,-0.9905002990599342,-0.9927370819449688,-0.9942784364505677,-0.9958274849331096,-0.9970291054182083,-0.9985324113180171,-1.0001890656207684,-1.0015086857395301,-1.003654431173882,-1.0037464375655616,-1.0048049637358374,-1.006203072731683,-1.0078936631652433,-1.0084813562959527,-1.0021403125731383,-1.003802243537394,-1.0086597158847868,-1.0090679879814428,-1.0103312198664756,-1.0119569448352006,-1.0119716340355618,-1.0057769822680591,-0.9889070820460786,-0.987961797558253,-0.8949926278861589,0
-0.9835899151128475,-0.9852847374790444,-0.9856498142400814,-0.9873045428430535,-0.9889037197157555,-0.9911429522998539,-0.9927109811696838,-0.9942380754636561,-0.995518661396028,-0.997038613132917,-0.9986917564183652,-0.9999986938365591,-1.0021706088464473,-1.0022392978260595,-1.0032649193349128,-1.0046546995113483,-1.0063605847591477,-1.006957589972289,-1.000641940444086,-1.0022933189535477,-1.0071559980851403,-1.0076328966673005,-1.0089434541637397,-1.0105301060553744,-1.0105495634893151,-1.0043549754812047,-0.9875033743823579,-0.9864981931772424,-0.8935996807962888,-0.9626453295770244,0
-0.9837601677184112,-0.9841561743708764,-0.9857089965583413,-0.987330598157694,-0.989545998651358,-0.9911168667439899,-0.99267064360788,-0.9939294326225673,-0.9955281636587073,-0.99719786735429,-0.9985014936119794,-1.000660235786686,-1.0007562839345454,-1.0017580571926248,-1.003114742857037,-1.0048121191750987,-1.0054250587778417,-0.9991227528649332,-1.0007948580346129,-1.0056451149743908,-1.0061297778989897,-1.0075084337318476,-1.0091422292958427,-1.0091235254182218,-1.0029372367888276,-0.9860917875837808,-0.9850958571474493,-0.8921912747200269,-0.9612130079466854,-0.9519886344571098,0
-0.9826322442065522,-0.9842153233807385,-0.9857350367783757,-0.9879725063638383,-0.9895199282886581,-0.9910765527031093,-0.992362179899968,-0.9939389293253699,-0.9956873265585879,-0.9970077130601133,-0.9991626568641697,-0.999246725288933,-1.000275318223764,-1.0016079672920981,-1.0032720705957638,-1.0038771417782795,-0.9975948017761453,-0.9992755811413339,-1.0041447090020976,-1.0046194940807092,-1.0060053875733956,-1.0077070957249743,-1.0077364340844632,-1.001515529638052,-0.9846844357901466,-0.9836856431648767,-0.8908426375431102,-0.9597650506059417,-0.9505625151285678,-0.9565836128808817,1
-0.9826913596945951,-0.9842413489450778,-0.9863765731083135,-0.9879464510491976,-0.9894796377281222,-0.9907682688610816,-0.9923716710909806,-0.9940979990973158,-0.9954972813049991,-0.9976684992323771,-0.9977499555267558,-0.9987660365338049,-1.000125314066441,-1.0017652043307452,-1.002337639177871,-0.9960514763727607,-0.9977475407118687,-1.002623475571237,-1.0031196832780955,-1.0044951763966266,-1.0062039336700168,-1.0063021006651505,-1.0001326865612432,-0.9832731132996482,-0.9822796598277563,-0.8894861686911937,-0.9583779365674229,-0.949120787927296,-0.9551548192295206,-0.9635061366286782,1
-0.9827173705093339,-0.9848825242119824,-0.986350532888279,-0.9879061837447533,-0.989171533441671,-0.9907777545177592,-0.992530648540443,-0.993908065041261,-0.99615768856122,-0.9962566035981157,-0.997269541940632,-0.99861611875374,-1.0002824612788745,-1.0008313116163572,-0.994516543560253,-0.9962041257436699,-1.00109347802256,-1.0015990485309885,-1.0029954377357924,-1.00469360654622,-1.004799758263792,-0.9987026810485564,-0.9819004566732832,-0.9808697054988574,-0.8881337598126239,-0.9569829576944673,-0.9477397347876477,-0.9537104057023168,-0.9620733140001345,-0.9547177294393082,0
-0.9833581823997193,-0.984856498647643,-0.9863102889118623,-0.9875982572990014,-0.9891810135735616,-0.9909366392671122,-0.9923408247201895,-0.9945680858860513,-0.9947466025533237,-0.9957764640053198,-0.9971197099806032,-0.9987731754757126,-0.9993491020777541,-0.9930147248921048,-0.9946691037917456,-0.9995481010251503,-1.000069649844039,-1.001474875556413,-1.003193752736007,-1.0032902511509025,-0.9972047720376187,-0.9804808285946573,-0.9794983909202785,-0.8867773683965182,-0.9555921610866139,-0.9463508220368575,-0.9523267392102899,-0.9606248534125652,-0.9532900217505361,-0.9558502437446962,0
-0.9833321715849803,-0.9848162773209369,-0.9860025408569107,-0.9876077319588706,-0.9893398057827327,-0.9907469261335565,-0.9930004624955705,-0.9931578255198448,-0.9942667382880123,-0.9956267174986556,-0.9972766767958714,-0.9978403537330878,-0.9915369808051108,-0.9931671971720049,-0.9980111263628826,-0.9985248732107743,-0.9999455494587637,-1.00167307472737,-1.0017912117103913,-0.9956997002477804,-0.978993549946325,-0.9780801300512104,-0.8854585943866476,-0.954197390214111,-0.9449660722876971,-0.9509352108549289,-0.9592372497978289,-0.9518466990600268,-0.9544218769214146,-0.9602480540728379,1
-0.9832919730531111,-0.9845087024696543,-0.9860120100278321,-0.9877664325116813,-0.9891502031449165,-0.9914061792726623,-0.9915910206301879,-0.9926782420283066,-0.994117077650811,-0.9957835947913514,-0.9963443890445814,-0.9900327309332093,-0.9916893659808038,-0.9965072930535659,-0.996988496061158,-0.9984008455969106,-1.00014363276603,-1.0002713528797573,-0.9942050656178352,-0.9774991131531446,-0.976594251935348,-0.8840938591583613,-0.9528409692884796,-0.943577346970737,-0.9495478538072661,-0.9578417809267382,-0.9504640937723149,-0.9529778921380146,-0.958817127680516,-0.961262748418642,1
-0.982984572515288,-0.9845181663112321,-0.9861706186407689,-0.9875769393142955,-0.9898090723113279,-0.9899975592560117,-0.9911117154840478,-0.9925286689591634,-0.9942738649850218,-0.9948518387498859,-0.9885412356976875,-0.9901850283605765,-0.9950275537358316,-0.9954852523023606,-0.9968645408730702,-0.9985988127498086,-0.9987427303399417,-0.9926896376051902,-0.9760150403571644,-0.9751012162851662,-0.8826628112603405,-0.951437881310326,-0.9422268562103975,-0.948156521753699,-0.9564504958767792,-0.9490736275358167,-0.9515946427430445,-0.95737057184001,-0.9598312314641905,-0.9628160482939726,1
-0.9829940309933748,-0.9846766856576625,-0.985981235222337,-0.9882354281752109,-0.9884012727255426,-0.9895185335937838,-0.990962229225598,-0.9926853645554086,-0.9933426432424369,-0.9870531357599674,-0.988693445942796,-0.9935212938788422,-0.9940060968550135,-0.9953613685749418,-0.9970623924232873,-0.9971987318010004,-0.9911654472005371,-0.9745102365389606,-0.9736185349931221,-0.8812246297299232,-0.9499675458932896,-0.9408298095809577,-0.9468034740109875,-0.9550552366674342,-0.9476873292341707,-0.9502035318441954,-0.9559848212302307,-0.958384082410946,-0.9613836273036545,-0.9594882355579704,0
-0.9831524605013299,-0.9844874088261039,-0.9866393426013876,-0.9868284411846218,-0.9879225260650567,-0.9893691345011087,-0.9911188338773071,-0.9917546876807403,-0.9855484122796293,-0.9872052591953085,-0.9920278016247056,-0.9925004251860206,-0.9938822838997629,-0.9955591060629373,-0.9956631290500652,-0.98962589191605,-0.972996673487061,-0.972115130894743,-0.8797964251926804,-0.9484900597174016,-0.9393656627580454,-0.945403822458851,-0.9536983367257436,-0.9462970556984512,-0.9488165909273768,-0.9545912069610204,-0.9569977547029439,-0.9599355701569761,-0.9580577513875275,-0.9593752245763286,0
-0.9829632909395924,-0.98514514581577,-0.9852331707195313,-0.9863499708612228,-0.9877732139877764,-0.9895256478362922,-0.9901886971580648,-0.983965017206795,-0.9857004484825002,-0.9905377132007539,-0.9910075173254622,-0.9923766835262846,-0.9940799084244899,-0.9941606493707288,-0.9880947113158568,-0.9714677722171121,-0.9706029679787702,-0.8783478194974436,-0.9470228209281638,-0.9378943678740513,-0.9439370072236256,-0.9522947607505594,-0.9449450462698793,-0.9474256749149741,-0.9532017706235003,-0.9556035628381664,-0.9585483590237325,-0.9566116397537167,-0.957944806179393,-0.9608275359148729,0
-0.9836206551666298,-0.9837397653414476,-0.984754977587991,-0.9862007449682815,-0.9879296361639748,-0.9885960534818695,-0.9824035477299157,-0.9841169644516387,-0.9890309915516426,-0.9895180107982318,-0.9908838465013114,-0.9925741942524016,-0.9926822506411794,-0.9865965948600609,-0.9699471950290763,-0.9690754703573938,-0.8768904712748335,-0.945534950510111,-0.9364332777841611,-0.942463042764088,-0.9508239254425715,-0.9435464524990157,-0.9460730352725365,-0.9518083597281806,-0.9542135507392816,-0.9571532829723759,-0.9552263212838389,-0.9564987606142996,-0.9593962722583964,-0.9604043458559594,0
-0.98221607117073,-0.9832618413417622,-0.9846058381459759,-0.9863570768561247,-0.9870005832386753,-0.9808154435919192,-0.9825554067861184,-0.9874455587839982,-0.9880118738792731,-0.9893944105070169,-0.9910812441629366,-0.9911773412857668,-0.9851225173157779,-0.9684595406900722,-0.9675562901511515,-0.8754179258653155,-0.9440383258922467,-0.9349515923693611,-0.9409993014638066,-0.9493459391578167,-0.9420807208262995,-0.9446737994720601,-0.9504532728221331,-0.9528195642066787,-0.9557623894947195,-0.953833139526949,-0.9551135064183944,-0.9579493776399995,-0.9589733285002762,-0.9615897589187116,0
-0.9817384180273432,-0.9831127858369098,-0.9847620794661822,-0.9854285601889345,-0.9792245050552385,-0.9809672140987636,-0.9858820692360621,-0.9864270374084045,-0.9878883444644404,-0.9895916955872252,-0.9896851908210815,-0.9836219610999656,-0.9669958244634056,-0.9660700141785131,-0.8739534368695264,-0.9425264055512889,-0.9334611545933992,-0.9395149491850139,-0.947878203700175,-0.9406078404016242,-0.9432074101215838,-0.9490515438748162,-0.9514639126504162,-0.9543675217732898,-0.9524441343282707,-0.9537203889908688,-0.9565632974551688,-0.9575266812881399,-0.9601580516409197,-0.9611256925472893,0
-0.9815894469974749,-0.9832689392229456,-0.9838341007158662,-0.9776569704311512,-0.9793761871654914,-0.984291936764326,-0.9848641389999524,-0.986303580271969,-0.9880855164150387,-0.9881964384537042,-0.9821341356926486,-0.9655057061851607,-0.9646076630380898,-0.8725211233216958,-0.9410227286395064,-0.9319554366158243,-0.9380218437522659,-0.9463898336812276,-0.9391451756786654,-0.9417338717324495,-0.9475826006121889,-0.950061608466376,-0.9530110058472667,-0.9510511544788787,-0.9523314479172713,-0.9551693533268787,-0.956140841788824,-0.9587107114101102,-0.9596942553607084,-0.9622582068526774,0
-0.9817455118859083,-0.9823414827483086,-0.9760670132674311,-0.9778085649890598,-0.9826989733932203,-0.9832746000856339,-0.9847407535167876,-0.9865006368551258,-0.9866910593668314,-0.9806496899035697,-0.9640282513799686,-0.9631189199406383,-0.8711122146952415,-0.939551749372767,-0.9304579326086366,-0.9365134514253173,-0.9448927093139498,-0.9376619063336551,-0.9402705535714508,-0.9461065071975867,-0.9485920759468173,-0.9516078210875791,-0.9496964903914757,-0.9509385321791407,-0.9537795881777735,-0.9547471385534718,-0.9573241977178468,-0.9582471864333552,-0.9608261105315868,-0.969498123144659,1
-0.9808185810333951,-0.9745787666940127,-0.9762185200021765,-0.9811294332732451,-0.9816822292479309,-0.9831512865488228,-0.9849376957303007,-0.9851069957188241,-0.9791486383650289,-0.9625541318839873,-0.9616428314449077,-0.8696773093088711,-0.9381045475593355,-0.9289930439896867,-0.9350132857708641,-0.9433802879698125,-0.9361698841566194,-0.9387866269302917,-0.9446406515882336,-0.9471153930184111,-0.9501373865301584,-0.948295192190141,-0.9495839309793209,-0.9523858485417305,-0.9533576135323292,-0.9559298197085263,-0.9568609366746391,-0.959378379511343,-0.9680618131207909,-0.9699525715601969,1
-0.9730602643826417,-0.9747301881592594,-0.9795374644101942,-0.980113276002264,-0.9815589875333504,-0.9833481139248867,-0.9835448634491901,-0.9775689878691514,-0.9610634569203915,-0.9601700724207479,-0.8682547112155616,-0.9366310658152353,-0.927551874142586,-0.933545770972328,-0.9418761124344188,-0.9346625778030427,-0.937293947261709,-0.9431541725168061,-0.9456489519507718,-0.9486598011706684,-0.9468266901720407,-0.9481826968446355,-0.951030439169565,-0.951964113972499,-0.9545396220562159,-0.9554668228263244,-0.9579914856453688,-0.966609849485486,-0.9685159970428631,-0.9632320248859728,0
-0.9732116000320314,-0.9780472646323234,-0.9785218958288535,-0.9799901054239633,-0.9817557002700847,-0.9819560938074223,-0.9760112305828771,-0.9594943882598415,-0.9586807645535228,-0.866835214052832,-0.9351701402214159,-0.9260844689700474,-0.9321020002480481,-0.9404046411884581,-0.9331634929640151,-0.935785981767078,-0.9416589396591802,-0.9441618839643233,-0.947192463880155,-0.9453510381943153,-0.9467142604546768,-0.9496283817102804,-0.950608940094262,-0.9531454500101758,-0.9540768884961548,-0.9565967271347031,-0.9652188379826664,-0.9670637677269716,-0.9617993617931703,-0.9656581542578125,1
-0.9765267966014788,-0.9770322676230906,-0.9783987966068728,-0.980186704616251,-0.9803644909151084,-0.9744268538194332,-0.9579471212879979,-0.957113090032055,-0.8653994273951655,-0.9337124793147487,-0.9246295807476476,-0.9306319749653439,-0.9389569521358689,-0.9316970445785396,-0.9342862409176567,-0.9401484145700935,-0.9426660620166065,-0.9457044943792432,-0.9438856209850061,-0.9452386741337021,-0.9481591019288842,-0.9492071225441322,-0.9517896164813321,-0.9526829797155072,-0.955206150189361,-0.9638199582865675,-0.9656724977607298,-0.9603510614573835,-0.9642240791337571,-0.9668411628315937,1
-0.9755123748266621,-0.9769092376825775,-0.9785952819034959,-0.978796298280433,-0.9728396362267779,-0.9563732777474454,-0.9555672051415688,-0.8638863327932828,-0.9322383430823211,-0.923177931417364,-0.9291744835351863,-0.9374829795495713,-0.9302543299927689,-0.9328191452634292,-0.9386461262832841,-0.9411549463595262,-0.944207770649065,-0.9423995829020776,-0.9437733221294626,-0.9466826718488157,-0.9477380885191814,-0.9503871269129451,-0.9513274044271647,-0.95381159893203,-0.9624252732429571,-0.9642733593784647,-0.9589636137412192,-0.9627743604291238,-0.9654063991848657,-0.9665862870006571,1
-0.9753894146115328,-0.9771056123953195,-0.9772056810707523,-0.9712757870091858,-0.9547965752055938,-0.9539947493354916,-0.8623945557678627,-0.9306861403077376,-0.9217098360335056,-0.927720242119508,-0.936021566279992,-0.9287853686585149,-0.9313757896451356,-0.9371765171374487,-0.9396520703096891,-0.9426957509471414,-0.9409047911640458,-0.9422873496365958,-0.9452164818900624,-0.94626190430269,-0.9489174044906786,-0.9499251779409758,-0.9524553934298219,-0.9610266147726887,-0.9628784164701673,-0.9575683009030542,-0.961385532873844,-0.9639559888672767,-0.9651516716941798,-0.9642731686104591,1
-0.9755856780318354,-0.9757167936437585,-0.9696895266517392,-0.9532431406129639,-0.9524194321339732,-0.8608764291438789,-0.9291555933510393,-0.9201637936023045,-0.9262495420286063,-0.9345634197811891,-0.9273289343132448,-0.9299061825380464,-0.9357306722442409,-0.9381818812330398,-0.9411919751463187,-0.9393947083012292,-0.9407926235081239,-0.9437296664951276,-0.9447959585161128,-0.9474405315767811,-0.9484557250129931,-0.9510525249140201,-0.959666380451055,-0.9614795001907838,-0.9561771713905255,-0.9599888390074152,-0.9625664884865808,-0.9637014103826341,-0.9628398995617273,-0.963188744084493,1
-0.9741976463725874,-0.9682048693912777,-0.9516673270952208,-0.9508673696507399,-0.859355347394864,-0.9275985382153947,-0.9186393537089921,-0.9247008433663123,-0.9330887955921308,-0.9258757454659948,-0.9284491065858407,-0.9342585574545286,-0.9367354619964675,-0.9397208983082812,-0.937892860140289,-0.9392826064194677,-0.9422340972140137,-0.9433093887350256,-0.945973901830642,-0.946979121710859,-0.9495824143082774,-0.9582594075803396,-0.9601190129807837,-0.9547820676850911,-0.9585963328521923,-0.9611691212148935,-0.9623120549602594,-0.9613909905503107,-0.9617561061815443,-0.9583340808518424,1
-0.966689979391136,-0.950192812908085,-0.9492929324866317,-0.857857002378909,-0.9260385951148216,-0.9170884306164128,-0.923173770215299,-0.9315360952085826,-0.9244061030687957,-0.9269952788729596,-0.9327989899968341,-0.9352627686162318,-0.9382735998636201,-0.9364236852554421,-0.9377808237202865,-0.9407232348574236,-0.9418140651407743,-0.9444866440516749,-0.9455127597217087,-0.9481051530416843,-0.9567850925845003,-0.958711782480351,-0.9534253202792405,-0.9571998528007418,-0.9597759437928661,-0.9609148327718191,-0.9600029506930791,-0.9603078311486705,-0.956904268410836,-0.935109121879989,1
-0.9486881309723044,-0.9478197546324193,-0.8563364488421008,-0.9245017598994794,-0.9155346089798041,-0.9216202030942229,-0.930005054946674,-0.9228584830225812,-0.9255249944992994,-0.9313426814235726,-0.9338026263005186,-0.9368000207737209,-0.9349782704392561,-0.9363117134248904,-0.9392206109049989,-0.9403034490874231,-0.9429906322550189,-0.944025771280654,-0.9466381376144941,-0.9553036250950074,-0.9572372035756016,-0.9520218996997588,-0.9558417553189031,-0.9583787926192752,-0.9595217999723146,-0.9586070452035382,-0.9589204080480702,-0.9554588315213723,-0.9336928265944555,-0.9149282459455479,1
-0.9463164175920221,-0.8549155878222884,-0.9229425971045737,-0.9140038367643085,-0.9200637419906386,-0.9284475044880562,-0.9213324791588394,-0.9239767197776035,-0.9298699041094717,-0.9323457453253542,-0.9353389984620833,-0.9335065889069024,-0.9348663625758564,-0.9377506705664473,-0.9388010702683939,-0.9414793262727085,-0.9425300289019779,-0.9451504918772906,-0.9538324323813245,-0.9557554720621538,-0.950551223574923,-0.9544369593511426,-0.9570200368248635,-0.9581247933900792,-0.9572153249216472,-0.957525119846683,-0.9540741694665346,-0.9322609675292608,-0.9135236961290987,-0.9179603065381047,1
-0.8534649028327601,-0.9214842494814384,-0.9124507557234506,-0.9185303555168607,-0.9268870669190491,-0.9197799856987333,-0.9224500669005823,-0.9283190871341553,-0.9308723928221522,-0.9338812412508305,-0.9320474519116105,-0.9333947454836794,-0.9363044976714604,-0.9373313717967222,-0.9399762608016112,-0.9410189930135603,-0.9436540920070675,-0.9523405846935808,-0.9542840171408499,-0.9490733965427125,-0.9529648743157763,-0.9556145702019659,-0.9567661794272381,-0.9558196305741662,-0.9561340148926959,-0.9526816446903846,-0.9308895144595744,-0.9121036352499572,-0.9165539920324485,-0.9095253592274866,1
-0.9199958376957901,-0.9109983130130934,-0.9169746521312407,-0.9253497419577806,-0.9182245964038215,-0.920896921772542,-0.9267899139911293,-0.9293209892798441,-0.9324070082448812,-0.930591571961575,-0.9319356725128589,-0.9348320524544587,-0.9358854384383042,-0.9385058848278275,-0.939516196353516,-0.9421423969775954,-0.9508399816236808,-0.9527919056973266,-0.9476058192420485,-0.9514856377588543,-0.9541417981656274,-0.9553608572950814,-0.9544623037997301,-0.9547389357405105,-0.9512932943861496,-0.9295102100521057,-0.9107436598707538,-0.9151321585436785,-0.9081239539444619,-0.912427577415604,1
-0.9095158439755403,-0.9155196633269489,-0.9237900879020562,-0.9166922715022189,-0.9193408819339643,-0.9252342382884577,-0.9277912346429668,-0.9308547067824862,-0.9291192253577962,-0.9304798563137462,-0.933372156701071,-0.9344132345291984,-0.9370592804948155,-0.9380460856087538,-0.9406389443071577,-0.9493240728495909,-0.9512910387932391,-0.9461176083138889,-0.9500166606302025,-0.9526618743082514,-0.9538882332711474,-0.9530582929892031,-0.9533822124192664,-0.9499009692900655,-0.9281350381341782,-0.9093758430452646,-0.9137704587074631,-0.9067070517122955,-0.9110244830129339,-0.8966012310078247,1
-0.9140346318815414,-0.922331263302663,-0.9151376329724521,-0.9178079127018275,-0.9236756722410372,-0.9262349750679637,-0.9293240619915144,-0.9275688476127391,-0.9290075737713128,-0.9319155212347797,-0.9329535785270224,-0.9355864006493875,-0.9365997439493658,-0.9391681862936434,-0.9478164264481659,-0.9497748655230572,-0.9446206430846924,-0.948527041609019,-0.9511922146073797,-0.9524084574906986,-0.951587012247658,-0.9519788163759482,-0.9485469474588313,-0.926755888584346,-0.9080121222295506,-0.912400915938822,-0.9053501491759987,-0.909605884079878,-0.8952073476950526,-0.852300926204281,1
-0.9208423714845648,-0.9136836780608307,-0.9162526278484695,-0.9221402009270594,-0.9246758261555177,-0.9277669086214255,-0.9260401099011278,-0.9274572613548069,-0.9304424154359077,-0.9314971817875911,-0.9341260730713744,-0.9351271287199828,-0.9377212036017325,-0.9463415305870673,-0.9482669558817928,-0.9431083812778804,-0.947028667868207,-0.9497019089838495,-0.9509389448480693,-0.9501085803351699,-0.9505081653852944,-0.9471463035551912,-0.925414790820475,-0.9066444213141206,-0.911035474660831,-0.9039854078415983,-0.9082473309332613,-0.8937980011938569,-0.8509328261063795,-0.8171064211342924,1
-0.9121996871326891,-0.9147980454066318,-0.9205824062523671,-0.9231397775432693,-0.9262068674558835,-0.9244848714109131,-0.9259285884067288,-0.9288912634780202,-0.9300243158780125,-0.9326690076254546,-0.9336670640509689,-0.9362479425995144,-0.9448904499144204,-0.9467918002886472,-0.9416043645220724,-0.9455149940161213,-0.9482028484365809,-0.949448787151061,-0.9486404023154585,-0.9490303634982223,-0.945678471781942,-0.9240273132948192,-0.9053145536669678,-0.9096660536538983,-0.9026247527504969,-0.9068809375660422,-0.892448449138478,-0.849549378542375,-0.8157588045858949,-0.7972934320124295,1
-0.9133134229274178,-0.9191253869681397,-0.921581403784595,-0.9246699351121593,-0.9229267418216633,-0.9243734149449491,-0.9273617582496432,-0.9284734085546997,-0.9311954697532531,-0.9322102603907535,-0.9347872363235648,-0.9434130606276868,-0.9453404623863891,-0.9401330499398861,-0.9440095719216995,-0.946688486054986,-0.947949874574289,-0.9471515871214126,-0.9475628111697127,-0.9442034903412448,-0.9225729688028528,-0.9039385168091268,-0.9083344987462687,-0.9012601168989894,-0.9055186356882886,-0.8910910646196551,-0.8482250218842863,-0.8143959325073261,-0.7959573468193586,-0.7011811988596262,1
-0.9176383120326382,-0.9201238222546112,-0.923110674888432,-0.9213917027973857,-0.9228153502719463,-0.925805749103294,-0.9269441458450853,-0.9296438771751372,-0.9307369855789702,-0.9333297937977183,-0.9419482526989069,-0.943862813967881,-0.9386855160416656,-0.9425368707276857,-0.9451823787012998,-0.9464356605344177,-0.9456540174466962,-0.9460746253611512,-0.9427387390560527,-0.9211114805228964,-0.9024958918276486,-0.9069567429938591,-0.8999332558135268,-0.9041523534050258,-0.8897377429819551,-0.846892854476198,-0.8130915924053673,-0.7946060578520825,-0.6999010519353789,-0.5654502009300105,0
-0.9186361814708028,-0.9216522326694467,-0.9198343417495615,-0.9212803755439215,-0.9242468501874586,-0.9253883802094717,-0.9281139351373979,-0.9291856612649051,-0.9318558770094739,-0.9404867260447908,-0.942397748578993,-0.9372116997570732,-0.9410879635772026,-0.9437090013794175,-0.9449297008178899,-0.9441411496779383,-0.9445776852590201,-0.9412533708290721,-0.9196601295732181,-0.901046128167021,-0.9055123572233036,-0.8985602818867688,-0.9028238773129053,-0.8883804390034266,-0.8455646698702124,-0.8117794588037173,-0.7933129862083124,-0.6986059523036112,-0.5642490507869308,-0.6571526013098168,1
-0.920163725681832,-0.9183777434834834,-0.9197230789912327,-0.922711049184184,-0.9238297243842629,-0.9265574873950083,-0.9276559851710362,-0.9303038980199274,-0.9390087052414197,-0.940935965564783,-0.9357504417808924,-0.9396127638854113,-0.9422594246153437,-0.9434564691658331,-0.9426365298382653,-0.9430654486423121,-0.93975924914612,-0.918188240801657,-0.8996064211779979,-0.9040608320060248,-0.8971207944889993,-0.9014492581000693,-0.8870607698490206,-0.8442324975061515,-0.8104712443851615,-0.7920121307760313,-0.6973675436223077,-0.5630333024961046,-0.6558980794641353,-0.5946551239729894,1
-0.9168910922637757,-0.9182665433449427,-0.9211529238003929,-0.9222941641499353,-0.9249981506398053,-0.9260998044603054,-0.9287735729127791,-0.9374525410546879,-0.939457687153023,-0.9342924499119873,-0.9381501314264321,-0.9407835503582977,-0.9420070366681018,-0.941164620208585,-0.941561456956965,-0.9382498380194099,-0.9167076025812354,-0.8981462451167934,-0.9026193755788525,-0.895674169779835,-0.9000080853157683,-0.8856951226933224,-0.8429374802843579,-0.8091590379047829,-0.7907151587120852,-0.6961213982611446,-0.5618720895910516,-0.6546287199234937,-0.5934369762762938,-0.6017026811472831,1
-0.916779955146255,-0.9196955834232099,-0.9207362802798429,-0.9234619159788251,-0.9245407342760736,-0.9272167405341142,-0.9359180669475723,-0.9379012602621173,-0.9328179811057669,-0.9366907709472899,-0.9393202476857043,-0.9405313077442206,-0.9397164969959645,-0.9400901671111641,-0.9367486584040936,-0.9152117087442174,-0.8966773230886299,-0.9011574397502514,-0.894237580148085,-0.8985597744853684,-0.8842631406415405,-0.841596947255172,-0.8078836054820364,-0.789414192163492,-0.6948789625319626,-0.5607032065336143,-0.6534153521084398,-0.5922041541420501,-0.6004804317027159,-0.5465605355730501,1
-0.918208185337372,-0.919279174393781,-0.9219033555959291,-0.923004763640132,-0.9256570198062165,-0.9343570685983142,-0.9363665257229213,-0.9312654391787045,-0.9352149268666546,-0.9378602198564763,-0.9390681494672432,-0.9382420870391054,-0.9386426577110019,-0.9352801431561915,-0.9137239822167808,-0.8951931748373231,-0.8996867574315556,-0.8927805398500368,-0.8971215103319323,-0.8828240245501402,-0.8401906914349209,-0.8065630244431763,-0.7881497851383097,-0.6936325205650835,-0.5595377877553254,-0.6521942691937951,-0.5910263312014191,-0.5992434894108024,-0.5453703794017476,-0.5253769877376603,1
-0.9177920123015498,-0.9204455928682608,-0.9214464680989624,-0.9241204048397406,-0.9327931890870238,-0.9348052658763394,-0.9297345560028126,-0.9336609824606951,-0.9363837051762253,-0.9376082654166922,-0.9367802392204551,-0.9371688661056261,-0.9338353816215575,-0.9122687407881471,-0.8937171381086829,-0.8982008444735192,-0.8913147545172151,-0.8956627856252817,-0.8813948918811593,-0.8387773127897867,-0.8051772069018501,-0.7868404362098742,-0.6924215974223575,-0.5583683461415231,-0.6509768163232608,-0.5898408237938417,-0.5980616582358327,-0.5441656744267364,-0.5241991606003901,-0.5125249941871316,1
-0.9189577697257564,-0.9199889625121257,-0.9225614629749797,-0.9312524550563469,-0.9332411253188645,-0.9281771632727395,-0.9321287089357606,-0.9348290769054318,-0.9361318952152203,-0.9353216600292183,-0.9357076326494556,-0.9323643582016473,-0.9108371251837454,-0.8922734307068761,-0.8967230514198125,-0.8898337508305566,-0.8941953153831241,-0.8799453525741949,-0.8373737405081657,-0.8037842754452202,-0.7854661245384901,-0.6911667351344428,-0.5572329536622809,-0.6497553518310082,-0.588658833457411,-0.5968721391396121,-0.54301520484784,-0.5230068399955837,-0.5113546470370239,-0.39110551461350235,1
-0.918501398158065,-0.9211033298579269,-0.9296893813862075,-0.9317001327351707,-0.926616883160161,-0.9305699201697099,-0.9332961254303201,-0.9345774142811591,-0.9338466010408158,-0.9342496651957977,-0.9309058750732963,-0.909379344905693,-0.8908532380026131,-0.8952776110967823,-0.8883608437311188,-0.892712622560048,-0.8784870704623177,-0.835949912505337,-0.8024010096871439,-0.7840847039675113,-0.6898482381030252,-0.5560550381463754,-0.6485689294230881,-0.5874728238567805,-0.5956861498539872,-0.5418570743751796,-0.5218684183677365,-0.5101698399916665,-0.3900058347995498,-0.20081185295168855,0
-0.9196151339527937,-0.9282272366057126,-0.9301367997122526,-0.9250797141515059,-0.9290082464296178,-0.9317366559410771,-0.9330446088684841,-0.9322934572571009,-0.9327752209237093,-0.9294506461965152,-0.9079340194873016,-0.8894069650948488,-0.8938557021674417,-0.8869202242547594,-0.8912380343469264,-0.8770135888206012,-0.8345173493409351,-0.800997608104128,-0.7827128699067778,-0.688522656503071,-0.5548153633057782,-0.6473390272291034,-0.5863211796204004,-0.5944961421659702,-0.5407023740359458,-0.5207223462290734,-0.5090387278187973,-0.38889201226522935,-0.1998229259280137,-0.09436272171212685,0
-0.9267350033326835,-0.9286744031202697,-0.9235202165307907,-0.9274696971035338,-0.9301743026521875,-0.9314852860391157,-0.930761977429935,-0.9312227040160922,-0.9279789538362638,-0.9064918921033658,-0.8879730728123608,-0.8924077003434457,-0.885503089724762,-0.8897957561584999,-0.8755481680393487,-0.8330696511701047,-0.7995854774318123,-0.7813209675175351,-0.6872062772731858,-0.5535686382572942,-0.6460460986424078,-0.5851267076465803,-0.5933405761528596,-0.5395436485512826,-0.5195796659316005,-0.5078999714344155,-0.38782995632211287,-0.1988203532736461,-0.09343574913404135,-0.164725282473422,0
-0.9271819164222881,-0.9220615438176921,-0.9259088148957622,-0.9286350802674561,-0.9299230791570811,-0.9292039856081094,-0.9296918456432556,-0.9264292432764105,-0.9050333650310948,-0.8865423297155614,-0.8909720902980155,-0.8840598976058738,-0.8883769788975996,-0.8741149351225265,-0.8316298913983865,-0.7981582630138779,-0.7799203394574208,-0.6858701571380089,-0.5523305730909175,-0.6447460966331279,-0.583870072818566,-0.5921421088737415,-0.5384187676646697,-0.5184329578982759,-0.5067645836594412,-0.38676031568028185,-0.19786652512780192,-0.09249540899424129,-0.16375735819012813,-0.2538548796541514,0
-0.9205728048590891,-0.9244487978557245,-0.9270735229191179,-0.9283840017809202,-0.9276431074373412,-0.9281344778176894,-0.9249011669796063,-0.9034970801835005,-0.8850952423639673,-0.8895396367775202,-0.8826290662380022,-0.8869321319001295,-0.8727051159849089,-0.8302219775462919,-0.7967388897052816,-0.7785046565093138,-0.6845253279146556,-0.551073229410753,-0.6434551210209667,-0.582606380389364,-0.5908813813631059,-0.537251560821033,-0.5173198650884278,-0.5056251665770137,-0.385693824165104,-0.19690520555417715,-0.09160212282806686,-0.16277588254234787,-0.25283508106512453,-0.1965486940059286,0
-0.9229587059565015,-0.9256128503698098,-0.9268225898896957,-0.9261053460823564,-0.9265742225666523,-0.9233465926095792,-0.9019823134817424,-0.8835706235276568,-0.8880908306736597,-0.8812013709778757,-0.8854996563293465,-0.8712692933543204,-0.828837233532248,-0.7953510906572697,-0.7770967599005959,-0.6831655837908134,-0.5498072000607191,-0.642144554494671,-0.5813514645681417,-0.5896135944671753,-0.536022855654497,-0.516164667333728,-0.5045192255572118,-0.3846232884947354,-0.1959466911246985,-0.09070139740931198,-0.16184257830675836,-0.2518014982851361,-0.19556224818285978,-0.23365717229691257,0
-0.9241220987611863,-0.9253620585679948,-0.9245452542830531,-0.9250370781820941,-0.921789125994766,-0.9004411031469061,-0.882067421939391,-0.8865644590862197,-0.8797573463037939,-0.8840703238912653,-0.8698457839339623,-0.8274266714509492,-0.7939862676475542,-0.775720284620135,-0.6818133603189339,-0.5485264535024457,-0.6408252864766597,-0.5800771707414276,-0.5883546123468132,-0.5347871050620415,-0.5149482639528947,-0.5033713136799659,-0.3835849141619243,-0.19498410927003695,-0.08980328471295508,-0.16090180033093546,-0.2508175023980727,-0.19456216786542443,-0.23264912897302428,-0.27753188255257166,0
-0.9238714490918842,-0.9230860046685029,-0.9234776052616436,-0.9202547436130711,-0.8988969775114326,-0.8805378240227508,-0.8850595199061376,-0.8782358507282191,-0.8826246540673138,-0.868425379337884,-0.8260282596233333,-0.7925957738825794,-0.7743666762770632,-0.6804918163050434,-0.547252852388752,-0.6394911676858283,-0.5787941862059814,-0.5870762282122169,-0.533559938853714,-0.5137248205088112,-0.5021623737548171,-0.3825058357652742,-0.19405162826108938,-0.08890109157432147,-0.1599637622677167,-0.24982598908460854,-0.19361076435263472,-0.23162735421911085,-0.27649830371404244,-0.2645139792630371,0
-0.9215966851119926,-0.9220189565305914,-0.9186980412389704,-0.8973758086937085,-0.8790052907715404,-0.8835281772904214,-0.8767357453880191,-0.881101480798945,-0.8669886808283014,-0.8246328453890088,-0.7912173009099877,-0.7729874801090352,-0.6791926099832203,-0.5460088830538025,-0.6381644478367011,-0.5774964419253144,-0.5857891521529405,-0.5323135584825645,-0.5125098767827156,-0.5009463970199333,-0.3813674069947934,-0.19308042855996238,-0.08802784665464192,-0.15902165236648172,-0.2488373767980075,-0.19265187150161808,-0.23065484559524974,-0.2754508788349158,-0.263487976972777,-0.3305845272109189,0
-0.9205302417076981,-0.9172420824941319,-0.895832360756058,-0.8774956036229753,-0.8819939023501183,-0.875209256384007,-0.8795997122760946,-0.8654746563370407,-0.8232212589268173,-0.7898417403407193,-0.7716202318522595,-0.6778682181289247,-0.5447865040035061,-0.6368680675980075,-0.5762059238217268,-0.5844873060836734,-0.5310584957006681,-0.5112757910592775,-0.4997388686363495,-0.38022197215222997,-0.19205250780563266,-0.08711699364776322,-0.1581092525670784,-0.24784470357257105,-0.19169577608848928,-0.22967482944473436,-0.2744534168668105,-0.2624481626475992,-0.3295200712092924,-0.45038819019596915,0
-0.9157560748933515,-0.8943892710438288,-0.8759636728698292,-0.8804824901467683,-0.8736798266818779,-0.8780715532865275,-0.8639819574647332,-0.8217328432276323,-0.7884501042170896,-0.7702558480405275,-0.6765554206416394,-0.5435395075436339,-0.6355937826063927,-0.5749452629235888,-0.5831927056733692,-0.5297887432233369,-0.5100330265799895,-0.4985122420379984,-0.379084500373103,-0.19101762915254844,-0.08615089041384676,-0.1571585105738703,-0.24688270554053263,-0.19073561272885875,-0.22869767781089073,-0.2734484258672086,-0.261458104494134,-0.3284416305816753,-0.4492540072793985,-0.3884894306129456,0
-0.8929162149330869,-0.8745317654529399,-0.8789488290028608,-0.8721732134414029,-0.8765404564799298,-0.8624629052232379,-0.8202655316603386,-0.7869820334967156,-0.7688754430974507,-0.6752452549551802,-0.5423036061708025,-0.6342944963707491,-0.5737063531280187,-0.5819280168671377,-0.5285260839730227,-0.5087756032591122,-0.49727693890121244,-0.3779283440160098,-0.18998995299956392,-0.08517785622904615,-0.1561515461418817,-0.24588143540785637,-0.18980550405363464,-0.22771646276834226,-0.2724463786939763,-0.26046052368979455,-0.3274139954022255,-0.4481055267828305,-0.3873912733857158,-0.5309770425513519,0
-0.873069963287316,-0.877515241510382,-0.8706443661046254,-0.8750321920569605,-0.8609408994536021,-0.8187719705653758,-0.7855348909471969,-0.7674188257230765,-0.6739193321418427,-0.5410700080554811,-0.6330066425450303,-0.5724427036811907,-0.5806851179710902,-0.5272929106960682,-0.507525214606605,-0.49602699564177044,-0.37676353206955515,-0.18894424053742265,-0.08421159908978336,-0.15513763294654634,-0.24482271131724972,-0.1888367211646172,-0.22676570421925774,-0.2714402734772425,-0.2594658631801371,-0.32637880518794465,-0.44700975435468415,-0.38627898027191554,-0.5297959561268784,-0.4900887075977988,1
-0.8760517485042011,-0.8692154524465385,-0.8735016884302154,-0.8594416392420475,-0.8172754119645311,-0.7840615813672034,-0.7659830374610802,-0.6725182746153218,-0.5398210256439663,-0.6317213139468295,-0.571190256750313,-0.5794174499251541,-0.526081223687174,-0.5063041484160732,-0.4947840515233472,-0.375584256847962,-0.1878899053181797,-0.08322766827904172,-0.1541307780209553,-0.24375701589991045,-0.18781127612720586,-0.2257758842962376,-0.270465099827508,-0.25846714303508844,-0.32534665470013635,-0.44590636817088847,-0.38521841220289,-0.528600361606271,-0.4889314185880493,-0.48403901334651167,1
-0.8677566632220179,-0.8720711666426785,-0.857920167678737,-0.815801355884108,-0.7825852393430847,-0.7645211286109732,-0.6711375656713896,-0.5384984304873912,-0.6304203491610527,-0.5699401837688461,-0.5781610103192695,-0.5248449983342938,-0.505104451845666,-0.4935703306650434,-0.3744116451219867,-0.18682138398658785,-0.0822351330773673,-0.15310600972145333,-0.24269873498437927,-0.1867788742702696,-0.22472888949052336,-0.26945040705025036,-0.2574992134997245,-0.32431045265635,-0.44480623827550425,-0.3841502607174028,-0.5274587549979477,-0.48775972829165687,-0.4828852453185584,-0.5483494753675484,1
-0.8706107589847303,-0.856498415326197,-0.8143051664138877,-0.7811312067574167,-0.7630561676480161,-0.6697309614299015,-0.5371955053027255,-0.6290447433600909,-0.5686746462700749,-0.576906961721742,-0.5236197985837259,-0.5038803055982591,-0.49237790865691916,-0.37326731944450975,-0.18575900011317267,-0.08122856680654353,-0.15207262489103532,-0.24162223705929667,-0.18575365787449247,-0.22367492847117784,-0.2683779331657943,-0.25649190065521427,-0.32330575663139,-0.44370207147429,-0.38308525362962975,-0.5263094951339863,-0.48664137655366146,-0.48171709180711897,-0.5471582780156193,-0.4491258334861417,1
-0.8550468332927889,-0.8129079610182577,-0.7796551027190549,-0.7616134074266838,-0.6683212096631517,-0.5358670029788779,-0.6276892660131034,-0.5673351685479033,-0.575637429248432,-0.5223968563673372,-0.5026671070304994,-0.4911610907657842,-0.37214362401666645,-0.18472343345119782,-0.08022784373171171,-0.15102510650837184,-0.24053710722534974,-0.18471041969275895,-0.22262830122769525,-0.26729848196071154,-0.25542698657414,-0.3222609879701023,-0.44263070792097553,-0.38201620206675907,-0.5251636372341001,-0.48551539160112195,-0.4806021807779589,-0.54595252718687,-0.44799238527364227,-0.2397741922393906,0
-0.8114810832246746,-0.7782773987242222,-0.7601486106205769,-0.666933131352891,-0.5345352183870681,-0.6263079965731867,-0.5660155068127221,-0.5742938775266091,-0.5211585817415533,-0.501456114721137,-0.48995517327885424,-0.37099604092565536,-0.18370744918025533,-0.07925311620969334,-0.14998362582813365,-0.23943771402186556,-0.1836585594894666,-0.22156352578170183,-0.26622653988938727,-0.2543550984679547,-0.3211577051639955,-0.4415180217958645,-0.3809792835145972,-0.5240137522831627,-0.4843927347012524,-0.47947963949946454,-0.5448010401646616,-0.44684464277870395,-0.23876258874948889,-0.3124113995673462,0
-0.7768701472853027,-0.7587818850736893,-0.6655231856011156,-0.5332243626125344,-0.6249235358999962,-0.5646701994809618,-0.5729701770272618,-0.5198469061828151,-0.5002298481900945,-0.4887514309414618,-0.3698589116031143,-0.182668373749434,-0.07829738491290023,-0.14896868381462997,-0.23834460490581413,-0.18259251938311796,-0.22049012191164943,-0.26513630014863904,-0.2532906674657341,-0.3200474316068491,-0.4403451661778811,-0.3799016881927216,-0.5228975431928622,-0.4832660457503163,-0.47836041533796847,-0.5436418913718541,-0.4457495883045077,-0.2377372378505356,-0.3113575205054717,-0.3337344077630597,0
-0.7573856824263544,-0.6642097161854483,-0.5318918782628895,-0.6235605071362588,-0.5633216388735126,-0.5716208144116063,-0.5185548061538262,-0.4989304182597859,-0.48753244968469767,-0.36872366352850316,-0.18163905210097056,-0.07731900801538352,-0.14797312548021554,-0.23727872242925546,-0.18153260495010143,-0.21940248409002816,-0.2640374244139219,-0.2522079831418655,-0.3189448792236106,-0.43916528948025385,-0.37876477864390307,-0.5217391707312233,-0.48217258992282896,-0.4772371583856212,-0.5424861759462332,-0.44464692069339634,-0.2367612502269618,-0.3102897042898874,-0.332668118499846,-0.3221135125657341,0
-0.6628671109042819,-0.5306536178773248,-0.6221756884148013,-0.5619941673056267,-0.5702682055165037,-0.5172371732637149,-0.4976504579484029,-0.4862404491396281,-0.36757351005382277,-0.18061115108560605,-0.07634999333219838,-0.14695462703179435,-0.23623271442698246,-0.18049947482209108,-0.21832107452239669,-0.262924250824104,-0.251116665070068,-0.31782384843778816,-0.4379936127863224,-0.37762086368527026,-0.5205195152665192,-0.4810373973201427,-0.47614706905088533,-0.5413264355939428,-0.44354750708880947,-0.23577775207852478,-0.30927240491225694,-0.3315878363824482,-0.3210539867782842,-0.3351217978993843,0
-0.5293867035228781,-0.6208866154020855,-0.5606450157663013,-0.5689367243248473,-0.5159162393535173,-0.49634501443090073,-0.4849678539577121,-0.36635169878217083,-0.1795688673755036,-0.07538214161694265,-0.1459457496230114,-0.2351633932451119,-0.17948590360988156,-0.2172667356923704,-0.2618174267731369,-0.25001106810375073,-0.31669417250457466,-0.43680304955756916,-0.376484901334142,-0.5192928183208968,-0.47984148667562854,-0.4750153060586151,-0.5402005592102682,-0.44244405642402573,-0.23479712950413176,-0.30824755940721027,-0.3305584097369514,-0.3199804984930317,-0.3340547011614105,-0.3578562411211334,1
-0.6195685628421217,-0.5593905728287051,-0.5675835507590974,-0.5146161306292532,-0.49503624886400815,-0.4836698056952151,-0.36514868581591275,-0.1784570596543109,-0.07440019960517136,-0.14493820549807254,-0.2341040209618302,-0.1784492590818984,-0.2162321601172586,-0.2607380121195063,-0.248911784690301,-0.3155501214450635,-0.435603820511136,-0.37533026331719743,-0.5180746434754915,-0.4786385449011828,-0.4738229086141949,-0.5390323382052049,-0.44137339533839587,-0.2338124442690515,-0.30722572077815674,-0.3295214265127345,-0.3189576811264701,-0.33297360794507874,-0.3567759127126971,-0.36931363106842424,0
-0.5581073722336529,-0.5663252027449324,-0.5132944265728844,-0.4937481922671468,-0.4823684226249133,-0.3639205043807306,-0.17736309883232654,-0.07334992720931424,-0.1439163778022583,-0.2330461977048086,-0.17742235265444734,-0.21517435590314932,-0.2596786023183932,-0.24783981019170925,-0.3144125665802467,-0.434390041844325,-0.37416697016225675,-0.5168373075551725,-0.4774439618049663,-0.4726234815713387,-0.5378025941591499,-0.44026142485138836,-0.23285828176227238,-0.3061998283708309,-0.32848748870884137,-0.3179273128770784,-0.33194339223400243,-0.355681528438444,-0.3682266343458944,-0.34552121269939107,0
-0.5650380720518056,-0.512066633018273,-0.4924385776180796,-0.481087678016811,-0.3626888676023552,-0.17624441559665166,-0.07231696950176035,-0.14282543073844034,-0.23197384605259538,-0.17639685654091683,-0.21412642629133058,-0.25859578023395774,-0.2467877688621022,-0.3133028306150577,-0.4331830905509338,-0.37298921754250486,-0.5155912919128001,-0.4762303569271368,-0.47143238902736917,-0.5365658042343007,-0.43908930231371074,-0.23186499406147068,-0.30520524520446196,-0.32744949973415227,-0.31689996904161105,-0.33090561926418777,-0.3546383827186085,-0.36712555182827855,-0.3444480633993073,-0.3543192378446455,0
-0.5108102525602694,-0.49122252194288507,-0.4797853979741033,-0.36147720316195475,-0.17512208810970634,-0.07125953890113415,-0.14175215015275902,-0.23083137561140762,-0.17535698944284348,-0.21307999681626366,-0.25752299414283125,-0.24571236973760244,-0.3122133916386011,-0.43200488289664063,-0.3718181211866107,-0.5143306092723562,-0.47500807938191036,-0.47022229531113346,-0.5353376058435917,-0.43791015901595803,-0.23081444695804615,-0.3041707790056244,-0.326443050885065,-0.31586857261429074,-0.3298708942225993,-0.353587668596927,-0.36607588982163847,-0.34336089045526424,-0.3532409680070448,-0.4147801130229514,1
-0.48997795457394233,-0.47857646363437795,-0.3602442169672051,-0.17401868898312842,-0.07019835837519388,-0.14065423174161512,-0.2297070172672454,-0.17424764613699764,-0.2120190944257789,-0.2564518143892731,-0.2446469587206784,-0.3111003183188461,-0.43084763193407594,-0.37067529068620836,-0.5130769767807692,-0.4737711943924877,-0.4690035299712831,-0.5340901871957228,-0.4367392106765296,-0.2297569320924511,-0.3030780497632338,-0.32539649653631897,-0.31486859048200294,-0.32883211817987135,-0.35254004349916934,-0.3650186537974033,-0.34232476017117014,-0.3521486515430722,-0.41366665435893285,-0.3862027616014296,1
-0.4773390632303649,-0.3591025615942124,-0.1728943029907917,-0.06915552221481851,-0.13955263325538728,-0.22855781217461735,-0.17315612841595712,-0.21088829972565906,-0.25536604120369794,-0.24358312253087053,-0.3099974761440102,-0.42966624517161794,-0.36955307602988313,-0.511852709976812,-0.47254124652243434,-0.4677701659986184,-0.5328340858284529,-0.4355493801027195,-0.2287067754511481,-0.30197833437037763,-0.3242913845203063,-0.3138286240931698,-0.32782489728534775,-0.35148837018034546,-0.3639645275079326,-0.3412810675311467,-0.3511075174618284,-0.41253899113119163,-0.3851059352381458,-0.4313951318132515,1
-0.3579328712422209,-0.17185809001449956,-0.06809188652335015,-0.13846976515356071,-0.2274050154875236,-0.17203989827422503,-0.2097755161406217,-0.25420988373604636,-0.24250472866708084,-0.30889636872318454,-0.42849553024611026,-0.3684069846604106,-0.510649843629874,-0.47134034873148695,-0.46654372242187747,-0.5315632921601567,-0.4343508839290297,-0.2276384497686305,-0.30088626751729897,-0.3231792809558538,-0.31273026060500064,-0.326777556416248,-0.3504684981773303,-0.3629063543984586,-0.3402404416177516,-0.3500588167123728,-0.41146347047456455,-0.38399497896158336,-0.43027200304422014,-0.4020868157445152,0
-0.17079451767401443,-0.0671146573903798,-0.1373659736929814,-0.2262714381622506,-0.1709200196491049,-0.2086379331512759,-0.2530719567427053,-0.24135609649254136,-0.3077805221434692,-0.4273268400650596,-0.36727133743626855,-0.5094225041660486,-0.47016062624453425,-0.46534628222791524,-0.5302995966641253,-0.4331378399735852,-0.22656149460665576,-0.2997757841715903,-0.32207491115471243,-0.311624908510251,-0.3256716387100707,-0.34940826900676647,-0.3618801066649345,-0.3391957659749057,-0.34901319859321117,-0.4103803535153056,-0.38293571141485605,-0.4291346263093148,-0.4009807447048617,-0.37252602833381365,0
-0.06611044682808045,-0.13634975641411137,-0.22511678062336749,-0.16981904599606668,-0.20749673851682254,-0.25190912750114625,-0.24022562970704578,-0.3065936963959458,-0.4261430816441988,-0.36613756512770107,-0.5082061329814035,-0.4689566017850874,-0.464169984025098,-0.5290654009499066,-0.4319316199019702,-0.22547029658367032,-0.2986566588139858,-0.3209520522203654,-0.31052724373256324,-0.3245587291042322,-0.34828914887336804,-0.3608133822266312,-0.33818275808469456,-0.347963531820462,-0.40930042847786,-0.38186886157245986,-0.4280496560111725,-0.3998605022592217,-0.3714371619643523,-0.41864653128848,1
-0.13530630789208556,-0.22405117631677607,-0.16869709297979643,-0.20637465243674621,-0.2507427301697251,-0.23907029118776887,-0.3054253663686368,-0.42488700068254326,-0.364988894605016,-0.5069919816103539,-0.467763395199041,-0.4629694091717092,-0.5278527013546067,-0.43075413372558535,-0.22438534372423166,-0.2975231847992508,-0.3198205475951636,-0.30941112941029214,-0.3234535588068084,-0.34716303108502583,-0.3596876085167432,-0.3371295217207421,-0.3469456280649975,-0.4082164621802635,-0.38080515199430254,-0.42695708126667836,-0.39879220080050465,-0.3703342014083035,-0.4175308223308492,-0.41190915319145827,1
-0.22295802432309184,-0.16766324223508275,-0.2052315216880258,-0.2495956820954698,-0.23791137165551382,-0.3042320097357897,-0.42365001442030625,-0.3637685956198262,-0.5057625406351964,-0.4665723094544364,-0.4617796299382105,-0.526615455927439,-0.42959759728971825,-0.2233275088183984,-0.2963961567424051,-0.3186746632558619,-0.30828637140217396,-0.3223298946497906,-0.3460447434698378,-0.3585548342514438,-0.3360175648291887,-0.3458874040442437,-0.40716491356778994,-0.3797373976614231,-0.4258677284779764,-0.39771630926067514,-0.3692827123798017,-0.41640089870954505,-0.410797365454413,-0.39680174898603776,1
-0.16660204726201025,-0.20417710900312588,-0.24842751213959471,-0.23677172996238885,-0.3030351376794332,-0.4223877207284069,-0.3625670818604643,-0.5044598734666799,-0.4653660464192424,-0.46059195690258187,-0.525389242683113,-0.4284169303377453,-0.22228947085106063,-0.29529680731060803,-0.3175352838186129,-0.3071472506057941,-0.3211975845625451,-0.34490788454617854,-0.3574299359520521,-0.3348986134053355,-0.34477033793204487,-0.40607241388967863,-0.37870175157929564,-0.424774336460885,-0.3966435866977422,-0.3682236477591737,-0.4153231790625335,-0.4096713806532353,-0.3956987539074289,-0.3577312076946362,1
-0.20309522034066887,-0.2473487883212419,-0.23561098929722102,-0.3018579059344613,-0.4211220305443353,-0.36134040576437393,-0.5031767039155347,-0.4640870156765425,-0.459389123193877,-0.5241652913031798,-0.427246930579204,-0.2212281786410008,-0.29421765479659007,-0.31642374759426234,-0.30601460258729674,-0.3200508927404655,-0.3437623757698113,-0.35628642731257615,-0.33378744285414863,-0.3436462750603037,-0.4049202367216918,-0.3776254525847275,-0.42371354203564826,-0.39556682132246296,-0.3671676986801693,-0.4142378612177958,-0.40859749282902047,-0.39458160122861186,-0.35665095205688885,-0.3301565281740631,1
-0.2462424327534393,-0.23453947874551553,-0.3006594589430921,-0.4198766379312772,-0.3601102717280548,-0.5018680380315391,-0.4628272781228876,-0.45811358961362075,-0.5229260025999285,-0.42607895250952554,-0.22017678353439613,-0.293114944005685,-0.3153325257035699,-0.3049097080824332,-0.3189107096556643,-0.3426024521458848,-0.35513426684359484,-0.3326577430159331,-0.3425300282250662,-0.40376104748833713,-0.37648987095852,-0.4226116231969746,-0.39452233618981253,-0.3661077031739883,-0.41315574228396523,-0.4075160101093522,-0.39351630560376605,-0.35555664087994,-0.3290923212721026,-0.2619676254426423,0
-0.23344038266286343,-0.29955133846509635,-0.41860981923516305,-0.3589000956775084,-0.5005560556574323,-0.46154214008012,-0.45685731897591325,-0.5216132929041243,-0.4248959096675228,-0.2191269033710801,-0.2920223975107202,-0.31421765628527115,-0.3038250639203682,-0.31779838049273645,-0.3414491001050942,-0.35396767483936165,-0.33151939545323,-0.3413952221307807,-0.40260991594075896,-0.3753472845013744,-0.4214497972958203,-0.393437032423222,-0.36507966782746104,-0.41206958256278725,-0.4064377141218342,-0.39244342248824143,-0.35451356627173386,-0.32801413086218095,-0.26094310515545144,-0.32943999046067546,1
-0.29841539788060356,-0.41743531512016996,-0.3576686024765322,-0.49926481297603964,-0.46025364495662624,-0.45557566202979544,-0.5203201676821843,-0.423640558439684,-0.21806253348990043,-0.2909315417808485,-0.3131130295985761,-0.3027168208717349,-0.3167063733031783,-0.3403237774685993,-0.3528076860904495,-0.3303666510089412,-0.34025176679404306,-0.40144001916353333,-0.374212641512403,-0.42028095512316366,-0.39229222655225265,-0.36401112226057436,-0.41101588239214826,-0.405355376523091,-0.3913736987961134,-0.35346292332296586,-0.3269867391033085,-0.25990477948498947,-0.3283762005907401,-0.32587653780550535,1
-0.4162325655501538,-0.35652839668501574,-0.49795200238717613,-0.4589856652067299,-0.45429064199730684,-0.5190015054057823,-0.4224042955998923,-0.2169282027082,-0.28982599681067406,-0.3120101452903266,-0.3016187778077995,-0.3155907127788798,-0.3392189019934686,-0.35167581518303476,-0.3292204440495071,-0.3390939017613928,-0.4002614627122566,-0.37305933064755536,-0.41912023704298357,-0.3911404118292562,-0.3628834830358511,-0.40992119081675993,-0.4043054255228374,-0.39029993164535653,-0.35241536917210625,-0.3259517925193854,-0.2589161695472066,-0.3272984290846006,-0.32481482190020516,-0.27266519687506546,0
-0.3553601652025927,-0.4967328437016341,-0.45769618950676133,-0.45302610414894795,-0.517679543885208,-0.4211427282894481,-0.21581191362468485,-0.28864967645017353,-0.31089251317098454,-0.3005224489933817,-0.31448530008963305,-0.33809027802510067,-0.3505644545274965,-0.32810217128285873,-0.3379425985343791,-0.39906840850377984,-0.3718973650392413,-0.4179406971311739,-0.3899966040596238,-0.36174884244248984,-0.40876676832852227,-0.4032145534102415,-0.38925838751074565,-0.3513637667848907,-0.32491988488826645,-0.2579200382066246,-0.3262714448500656,-0.3237391336672375,-0.27163445049566015,-0.2939882050707791,0
-0.4954851534400213,-0.4564996871934649,-0.4517400809970805,-0.5163784173649407,-0.41987776323366643,-0.214670810798345,-0.28749176095018186,-0.30970386656384224,-0.29941140428855556,-0.31338163313707545,-0.33697198551934415,-0.34942929742205925,-0.3270042777543158,-0.336819297410271,-0.39788208323569235,-0.37072094329665034,-0.4167524946786458,-0.3888340743022924,-0.3606220906543056,-0.4076053327961231,-0.4020640434763215,-0.3881760798823485,-0.35034396435962717,-0.3238839256488318,-0.25692682255783267,-0.3252369061416852,-0.3227141761141389,-0.27058987078853064,-0.2929450484900346,-0.324493956647123,0
-0.45527479847322344,-0.4505469308409479,-0.5150556923643004,-0.4186330888234332,-0.21352610239937767,-0.2863088614431213,-0.3085337314252888,-0.2982294754024349,-0.31226321456249323,-0.3358554937800745,-0.3483045139246931,-0.3258826873626878,-0.33571642397089674,-0.39672422675538704,-0.3695511714967737,-0.4155497702691366,-0.38766288706094415,-0.3594767175824412,-0.4064519704027527,-0.4009065222038245,-0.38703434317425933,-0.3492838060713136,-0.3228794677938677,-0.25592954696226955,-0.3242054050908664,-0.32168166583379304,-0.26959517670384453,-0.29188800288109157,-0.32343304541771023,-0.3753128310513183,0
-0.4493254157565835,-0.5138269075517677,-0.4173669905517042,-0.21240053611361323,-0.2851224284717476,-0.30733856229776313,-0.2970659998842207,-0.3110737659431371,-0.334724187971011,-0.3471815589269694,-0.3247713830598604,-0.33458981684295463,-0.39558713088970693,-0.36840964790206804,-0.4143538207296703,-0.3864772205501882,-0.3583226921268215,-0.40527982960810144,-0.3997570471424875,-0.38588559895207125,-0.348164758547774,-0.3218349417679751,-0.254963034404578,-0.32316985234411044,-0.3206521867695679,-0.2685929559730293,-0.29088118152853915,-0.3223581654722418,-0.3742223427351551,-0.37767403922093845,0
-0.5125695294844268,-0.4161931859130668,-0.21125391439415783,-0.28395553611144203,-0.3061398808736734,-0.29587751761683356,-0.30990283572886757,-0.3335215971931076,-0.34604375838788964,-0.3236618496659988,-0.33347352816692694,-0.3944260482671985,-0.3672887275598179,-0.4131864682258485,-0.38529824789116124,-0.357154230457092,-0.4040990284723078,-0.3985888166319324,-0.38474484055995817,-0.34703871340094317,-0.32073190751100056,-0.2539571651043565,-0.3221657932231845,-0.31961865557365,-0.26759367027136627,-0.28986682307855366,-0.3213339942496599,-0.3731177529526514,-0.37658217665830307,-0.3676978144798451,0
-0.4149911403012524,-0.21019611224668847,-0.28276746048674545,-0.304960857041653,-0.29468551151660227,-0.3087068682735331,-0.332337638485085,-0.3448345444068685,-0.32253753608463376,-0.3323590316959019,-0.3932755064990355,-0.36614394007562406,-0.41203996782782504,-0.3841476460430041,-0.3559923809228597,-0.40290372394787444,-0.3974119269426664,-0.38358537818465516,-0.34592049792753454,-0.3196218826113355,-0.2528937297509848,-0.3211216734071106,-0.3186165794186452,-0.2665903259310806,-0.288855438202051,-0.32030227097749214,-0.372064678955334,-0.37547620646132257,-0.3666117581785264,-0.40384690167136034,0
-0.20911081240391693,-0.28166940980360017,-0.3037606124199132,-0.2935130992545861,-0.30750738989892273,-0.33112858924563937,-0.34364401977893766,-0.3213420758485968,-0.3312297308706483,-0.39212690328429034,-0.36500958832535835,-0.4108694111282654,-0.3830177349133935,-0.35485867402594884,-0.4017151590519465,-0.39622054367775444,-0.38241725923719266,-0.344783711571603,-0.318519577174957,-0.25182332101711796,-0.3200190552604811,-0.3175744797467035,-0.2656178604615246,-0.28783999729440224,-0.3192735764222355,-0.371004027999961,-0.3744217895482355,-0.3655116203029965,-0.4027398062443162,-0.4098364836983701,0
-0.28054360353546637,-0.3026507465818679,-0.2923194866539006,-0.30632757672779776,-0.3299160516558249,-0.3424283777630468,-0.32016518601132554,-0.3300291847374009,-0.3909633296392554,-0.3638771059556764,-0.40970945640060125,-0.38186389015669603,-0.3537454950700907,-0.40055509278787643,-0.39503588141690665,-0.3812346687180241,-0.343638275384536,-0.3173987947940486,-0.25076035920998063,-0.3189094466525544,-0.31647393098105137,-0.26460592663954596,-0.2868556661421277,-0.3182408295662177,-0.36994649762374876,-0.3733597945197655,-0.3644628772774126,-0.40161853481354676,-0.40872590227543787,-0.42951963041579344,0
-0.30151304945405283,-0.29121605999533573,-0.3051265403253527,-0.3287233039938267,-0.3412092587707523,-0.3189632345563844,-0.3288472529901727,-0.38972783273110884,-0.36272973165297995,-0.40855148044379586,-0.3807205395626584,-0.3526085062183524,-0.39941580842899693,-0.3938796657835013,-0.3800587574408337,-0.34247842453202104,-0.3162693673395938,-0.24967915275579722,-0.31780755464406524,-0.3153663926561993,-0.26353627895421156,-0.2858316441702407,-0.31723952278058176,-0.3688849211611431,-0.3723009243386713,-0.3634065610262133,-0.40054923232189354,-0.40760112920265024,-0.4283975932070964,-0.4182065098067687,0
-0.29008484330559453,-0.3040159057294841,-0.32750929309126403,-0.34000999256311587,-0.31775778250586095,-0.3276402390023852,-0.38851125249361945,-0.3615107545284753,-0.40737848841798185,-0.37957909679731067,-0.35148190279133446,-0.3982525211298028,-0.39274419495568197,-0.3789111761801859,-0.3413251449170064,-0.3151255653822222,-0.2485893129930193,-0.3166871881320578,-0.31426655668842157,-0.2624596551802645,-0.2847496137112842,-0.3161982069027534,-0.367855335033575,-0.37123800835992327,-0.36235335158896326,-0.39947233888643563,-0.406528420190445,-0.4272613129317552,-0.4170910569459856,-0.4169802204315078,0
-0.3028774349180835,-0.3263860612593129,-0.3387894429516096,-0.3165720527114651,-0.32642973315297946,-0.38726944829308996,-0.36031055119720007,-0.4061333868228377,-0.37842271846806913,-0.35035713563971893,-0.3970997889073883,-0.3915847493878768,-0.37778425653568254,-0.3401998937411805,-0.31398825843640754,-0.24748519804448688,-0.3155581766701317,-0.3131482583566535,-0.26139052108896715,-0.2836606017657408,-0.31509846103457906,-0.36678520961037975,-0.37020710828327646,-0.36129609513412025,-0.3983986176094767,-0.4054481172986888,-0.4261774093080531,-0.4159613905709638,-0.4158654812832509,-0.42960378752978196,0
-0.32523491249591785,-0.33765986253902047,-0.3153650813843232,-0.32523899782689614,-0.38602421225158395,-0.35908519088923124,-0.40490728496802064,-0.3771945592071961,-0.3492175141228214,-0.39594900459724036,-0.39043583411372884,-0.3766334253855492,-0.33909508903821795,-0.3128787670865856,-0.2463873896098201,-0.3144147917489261,-0.3120213156897859,-0.26030310590746614,-0.2825791647263808,-0.3139917259572087,-0.36565595202361006,-0.36913564427604767,-0.36027074655923247,-0.39732085373540293,-0.4043709973924419,-0.42508590215726133,-0.4148839211821863,-0.414736531824098,-0.4284817013408135,-0.4252420445362069,0
-0.3365023245168995,-0.3142486844356194,-0.3240270054848488,-0.38479907843020655,-0.35785637037101464,-0.4036559202039578,-0.37598525315463766,-0.3480064431429828,-0.39478323923638886,-0.3892888504437044,-0.375493068957211,-0.3379665363653647,-0.3117895703687046,-0.2453168704352376,-0.3132778998585197,-0.310880004753809,-0.25920705557166834,-0.28147937395624134,-0.31289268771102957,-0.3645196923627161,-0.3680050154800203,-0.35920493813770166,-0.39627538916209504,-0.40328983562151416,-0.4239976135720297,-0.4137988538113557,-0.4136597598763006,-0.42734537186536364,-0.4241224969247338,-0.4297672927798168,0
-0.31310441434950953,-0.3229057335190297,-0.38355258119070185,-0.35664749529358514,-0.4024011400929583,-0.3747507528925876,-0.3468140775771721,-0.39354550725780924,-0.38812690422944374,-0.37435460756480815,-0.33684831469519344,-0.3106767410989807,-0.24426627040805482,-0.31216881803330093,-0.30974517699801674,-0.25809671446909926,-0.2803709443528463,-0.31177519181086577,-0.3633913326452575,-0.36686738401212277,-0.3580801027706051,-0.3951890875915202,-0.40224103800629696,-0.42290528552906365,-0.4127169845560317,-0.4125753905475062,-0.4262614203780649,-0.4229887174206292,-0.42864511142917816,-0.46622175007066163,0
-0.32175655717947216,-0.3823978076382837,-0.3554173070899238,-0.40116655335440127,-0.3735128081886874,-0.34559658709342583,-0.39232671128071595,-0.38689306694449177,-0.3732012251257189,-0.33573189348885973,-0.30957414139980194,-0.2431923232441335,-0.3110800268943835,-0.3086381318018647,-0.25699270945218006,-0.27924819292571057,-0.31064905181414576,-0.3622443421503855,-0.3657376619249081,-0.3569482672571452,-0.39404325959715314,-0.401151340903311,-0.42184553477010117,-0.41163107445955227,-0.4114942171175281,-0.42516986532242745,-0.4219072466351696,-0.42750868636494577,-0.4650783518658842,-0.47426717016796177,0
-0.38121491505304655,-0.3542783683498631,-0.3999105739577508,-0.37229489606771393,-0.3443756228222829,-0.39108268227755816,-0.38567813197633516,-0.37197612101709193,-0.3346006585561783,-0.3084732754186415,-0.24212835482114747,-0.3099676062028016,-0.3075513576697393,-0.2559160762676663,-0.27813183652838797,-0.3095085455620464,-0.3610886987909379,-0.36458930101640913,-0.3558243012515173,-0.3928904223051886,-0.40000203461743594,-0.42074467916518127,-0.4105776191490777,-0.4104090026964384,-0.42408152898447604,-0.4208181744192452,-0.4264246418855163,-0.46392061472030377,-0.4731190894492375,-0.48080257119141123,0
-0.35311141203743973,-0.39874659396415546,-0.37105564286693177,-0.343174528959458,-0.38983522527168957,-0.38443797977477223,-0.3707698436931712,-0.333398140056672,-0.30735767145423426,-0.24106595506170747,-0.3088654124460153,-0.3064409689003267,-0.25485942113709775,-0.27704301655132074,-0.3083745186681995,-0.35991861515840134,-0.36343228683594436,-0.35468173041036855,-0.3917455990012777,-0.39884571751768544,-0.4195839424119099,-0.4094831770246854,-0.4093562297831431,-0.42298915319908126,-0.41973231303654396,-0.4253329937576074,-0.46281583709832563,-0.4719566487732705,-0.4796506868047528,-0.5535407670561528,0
-0.3975544359481112,-0.36990790271581225,-0.3419521460394211,-0.38860789169766025,-0.3831943928821772,-0.36953838454814664,-0.3322142530019202,-0.306171093121224,-0.23998900462269995,-0.3077649506728337,-0.3053407939577199,-0.25377937409346574,-0.27597429204407775,-0.3072682636621375,-0.3587551513650478,-0.36226082894329004,-0.35353050801849883,-0.3905820477136257,-0.3976974383450753,-0.418416189861924,-0.4083290100672972,-0.4082624828500514,-0.42192935560893985,-0.41864241167302524,-0.4242445646429432,-0.461703437960004,-0.47084729539145015,-0.47848442538892016,-0.552346548321196,-0.5971726239257309,1
-0.36873208859790235,-0.3408207856260487,-0.38735918790118157,-0.3819708924592242,-0.3683034757146873,-0.33100527570882826,-0.30500300836857264,-0.23884184442551656,-0.3066497528846163,-0.30424234237321174,-0.25270934514127275,-0.27488208637305206,-0.3061822721068713,-0.3576198517197642,-0.3610959974170141,-0.35236485644481463,-0.38940983863828094,-0.3965304107841601,-0.4172565539084342,-0.40716783017714003,-0.40710902802781734,-0.420828452294813,-0.4175850412759884,-0.4231520961008298,-0.4605943237314761,-0.46973031654988723,-0.47737135505693506,-0.5511377625486019,-0.595953011019202,-0.5482773406984153,0
-0.33966145619791344,-0.386202271952611,-0.3807260336706069,-0.36708857046954035,-0.3297928099412443,-0.3038098980136284,-0.2377128368864392,-0.30546358876242014,-0.30312916456188504,-0.2516409107466046,-0.2737999772291288,-0.30507267170132335,-0.35650509536115843,-0.3599593482644811,-0.3512058036597761,-0.3882231477299626,-0.39535472440214137,-0.4160781025125399,-0.40601472166733926,-0.4059485605832526,-0.41966766666952127,-0.41648661066189924,-0.4220922075243978,-0.45948117453331927,-0.4686166371613443,-0.4762506560619323,-0.5499833230262442,-0.594718717098851,-0.5470861853295761,-0.5592057430720642,0
-0.3850172232439675,-0.37957285092727205,-0.36585233344551743,-0.328600133415526,-0.3026132718102921,-0.23655896358232611,-0.3042959146381282,-0.3019450603740058,-0.25055789628790304,-0.2727195142560829,-0.3039732800368226,-0.3553665174420826,-0.35884325540070006,-0.3500748562440839,-0.3870431555388591,-0.3941645474633206,-0.4148909888995163,-0.4048428362552682,-0.4047961596178263,-0.41849986522621047,-0.41532835800360685,-0.4209912115180976,-0.4584010000281892,-0.46749892378700375,-0.47513326833360425,-0.548821219188817,-0.5935394623529138,-0.5458804766723484,-0.5580082272651231,-0.5833468123419068,0
-0.3783915593441165,-0.36470752176874055,-0.3273861938692833,-0.30143628357027796,-0.2354015067374218,-0.30310321659113376,-0.3007794283679309,-0.24940455211786117,-0.27162441264821363,-0.30287560838381733,-0.35423833519884734,-0.3577033310932502,-0.34896441018271857,-0.38589154774436124,-0.3929810857989892,-0.4136893560611801,-0.4036622905779736,-0.4036249859276999,-0.41734018071575374,-0.4141630906314818,-0.41983033094145195,-0.45727933775657986,-0.46641427222116366,-0.4740118474186578,-0.5476625581025647,-0.5923525219060974,-0.5447290306760799,-0.5567961296223586,-0.5821352461942524,-0.6318693997787017,1
-0.3635346548891684,-0.32626303131879986,-0.30023808083708126,-0.23426331376199483,-0.3019070019844268,-0.29958878079201556,-0.24826941409029019,-0.27045874223153005,-0.30176321430171604,-0.3531119959766026,-0.356573811147232,-0.3478301744347022,-0.38476064036038377,-0.39182605476359705,-0.41249449290835283,-0.40246724215293084,-0.4024451521839275,-0.4161616804761966,-0.4130059227592508,-0.4186624345053955,-0.4560972872170469,-0.4652880489493747,-0.47292355907726197,-0.5464998727244581,-0.5911691030811623,-0.5435699229445689,-0.5556384681961789,-0.5809090351488934,-0.6306295930059884,-0.6860497497644947,1
-0.3251119522807886,-0.2991301975148785,-0.23310402629572965,-0.3007304214100161,-0.29839461311888166,-0.24710938522218867,-0.26931138456539727,-0.30057990934611234,-0.3519707947341881,-0.3554461399376207,-0.3467063063510531,-0.38360579198220995,-0.39069175712056503,-0.4113282123145662,-0.4012789321400221,-0.40125081747849783,-0.4149745180049901,-0.41182995401696365,-0.41750265565568884,-0.4549082115895638,-0.4641013262446929,-0.4717936308447771,-0.5453711075260578,-0.5899816652998789,-0.5424142484498505,-0.5544731396782865,-0.5797376437081243,-0.6293750145837015,-0.6847784094930472,-0.6143166302896728,1
-0.29799449560573793,-0.23203392668775885,-0.2995326276034228,-0.2972200599284449,-0.24594578343297518,-0.2681390860768306,-0.29941506965985853,-0.3507581127800759,-0.35430360022198976,-0.3455842628558858,-0.38246144424108763,-0.38953349341302296,-0.41018277349906485,-0.4001191173625372,-0.40006321779531456,-0.41377283618589616,-0.41064532379557916,-0.41632406051987236,-0.45372739924915134,-0.4629075764153423,-0.47060311287862655,-0.5441999435444888,-0.5888286201422307,-0.5412545490196419,-0.5533112641518084,-0.5785585733430884,-0.6281760263606203,-0.683492156040814,-0.6130870394021394,-0.5882784192216325,0
-0.23093625058936504,-0.2984251413173229,-0.29602429977697314,-0.24480150420161012,-0.26696323583490106,-0.2982252176445845,-0.34956415017309544,-0.353089553318148,-0.34444737825774435,-0.3813190085890268,-0.38838575237492273,-0.4090132862322259,-0.3989800820672494,-0.3989041038820834,-0.4125779242849504,-0.4094461805791875,-0.41513680312419626,-0.4525276464341122,-0.4617221220288972,-0.46940556613335366,-0.5429671847929477,-0.5876327209815642,-0.5401287127769779,-0.5521453650262157,-0.5773829996078385,-0.6269693354303099,-0.6822623532341929,-0.6118427227167986,-0.5870639828300735,-0.6371616800040925,1
-0.29728983898826633,-0.2949187880127003,-0.24363611165326948,-0.26580682513182124,-0.29703184415957773,-0.348345056115813,-0.35189423756670796,-0.34323909833600863,-0.380161632538406,-0.3872399379239513,-0.40785439403834045,-0.39781704567342435,-0.3977657626984447,-0.4114115955926365,-0.40825379522357913,-0.41393502614248723,-0.4513192250695545,-0.4605176997596875,-0.4682163409515957,-0.5417273788484237,-0.5863746241819686,-0.5389605326655205,-0.5510134474204534,-0.5762034052255557,-0.6257662288411736,-0.6810248211642722,-0.6106537174724528,-0.5858348886583479,-0.6359187930720256,-0.5892955180564077,1
-0.2937854728570816,-0.24256008448280994,-0.2646292635864374,-0.2958580775722348,-0.347122491037645,-0.3506737848302085,-0.34204949968880777,-0.37893245582009705,-0.38607916662202507,-0.40669747607557366,-0.396664562737781,-0.3966034255490909,-0.41026610914202205,-0.40708995940921877,-0.41274001953091144,-0.4500962310230332,-0.45930460755284513,-0.46700812562308075,-0.5404961851865299,-0.5851094691438737,-0.5377308305097687,-0.5498390719277,-0.5750580537615962,-0.6245591075385719,-0.6797909713741143,-0.6094570181242287,-0.5846606924108136,-0.6346611206657635,-0.5880804897032829,-0.6029698468350526,1
-0.241456442841484,-0.2635414212610778,-0.29466310645699445,-0.34591981165658403,-0.3494498634168389,-0.34083478744117945,-0.3777221411099577,-0.3848465274905018,-0.4055255471954916,-0.3955140266493114,-0.39545163734707206,-0.40909657388781745,-0.4059469418184698,-0.4115735973900304,-0.44888010811936274,-0.45807693094588176,-0.4657912392293497,-0.5392457535824283,-0.5838531007756712,-0.5364940824934837,-0.5486030233910153,-0.5738699925420633,-0.6233867545548494,-0.6785531134959155,-0.608263871388084,-0.5834788148218243,-0.6334591225062172,-0.5868508009131013,-0.6017468598875417,-0.577212960976631,0
-0.26242588876007056,-0.29355836078587305,-0.3446958383139521,-0.34824584065449427,-0.33961659661309623,-0.37648662806462163,-0.383632780313103,-0.40428152977630377,-0.39434851071880467,-0.3943017930239354,-0.4079376340161342,-0.4047798936808746,-0.410428018391196,-0.44769285107073437,-0.4568561477220907,-0.4645597589166835,-0.537986638363248,-0.5825773458256707,-0.5352659257230321,-0.5473599262272445,-0.5726199247172453,-0.6221711855697378,-0.6773506105991692,-0.6070667077920398,-0.5823004427771927,-0.632249419045472,-0.5856760261998128,-0.6005091767825638,-0.5760049647910443,-0.5730339591448596,0
-0.2924258166320943,-0.3435629337232534,-0.3470205197752028,-0.3384182497050755,-0.37524767232470563,-0.3823938207607102,-0.40305650272054827,-0.39311103310458406,-0.3931369722271765,-0.406780668579276,-0.4036234248813383,-0.4092583899043952,-0.44652663790187724,-0.4556642924542603,-0.46333519005329654,-0.536712823281923,-0.5812928997325819,-0.5340185489411599,-0.5461254639878094,-0.5713628021539676,-0.6208929395343094,-0.6761043264266551,-0.6059041224542177,-0.5811180506885882,-0.6310433094924407,-0.5844935696465465,-0.5993266249185812,-0.5747823397307469,-0.5718283951796075,-0.5803820774405406,0
-0.3424020502235834,-0.345886306830635,-0.33719862223678226,-0.3740287588237936,-0.3811514244597076,-0.4018062171517902,-0.39189248929188597,-0.391900203497235,-0.40560869199393673,-0.40246891995882117,-0.4080993574015621,-0.445336222659335,-0.45449352536858395,-0.4621395995912667,-0.5354461207233869,-0.5799936902275327,-0.5327624894523325,-0.54487174450743,-0.5701144110017506,-0.6196076264768037,-0.6747946165845028,-0.6046985042465453,-0.5799699549175409,-0.6298331858731085,-0.5833146204761868,-0.5981363845122566,-0.5736144368624099,-0.5706082132561336,-0.5791722367978762,-0.6137996651608865,0
-0.34472410659390956,-0.33606993715392847,-0.372788501145583,-0.37992910325739265,-0.4005525143742502,-0.3906487134845497,-0.3906823624377695,-0.4043646259258278,-0.40129941586881235,-0.4069422997293261,-0.44415653749673395,-0.4532985225338834,-0.4609651332988018,-0.5342089580171606,-0.5787017138588026,-0.531491737767543,-0.5436093404345669,-0.5688466803677933,-0.618331238764832,-0.6734778260043789,-0.6034304515182256,-0.5787790979384835,-0.6286578878772453,-0.5821316513862297,-0.5969496762071074,-0.5724388580762647,-0.5694426871572544,-0.577947759002059,-0.6125703751521631,-0.6240956869351361,0
-0.3349133001983056,-0.37163978572457324,-0.37868542733700394,-0.39931899467989,-0.389401509237685,-0.3894392922581325,-0.40313955064190926,-0.4000578712047864,-0.4057702304594872,-0.44297891540447243,-0.4521142793738163,-0.45976640390238993,-0.5329933200158797,-0.5774396141275792,-0.5302280840556131,-0.5423322282485193,-0.56757026097618,-0.617035346270396,-0.6721701773171368,-0.6021553362113575,-0.577526166213271,-0.6274393186645798,-0.5809829896269335,-0.5957589496545213,-0.571266764832108,-0.5682694871888717,-0.5767780537274242,-0.6113263606960612,-0.6228604045400645,-0.6249733254095874,0
-0.3704629900877992,-0.37753339306722833,-0.3980640856280404,-0.3881744260086403,-0.38819279242160676,-0.4018892166477208,-0.39883529551765984,-0.40452606987347434,-0.4417861815802209,-0.45093211875840955,-0.45857845822077087,-0.5317531144537838,-0.5761992793616235,-0.5289939295687033,-0.5410622442452121,-0.5662790983099059,-0.6157307566464741,-0.6708428392725442,-0.6008890760953327,-0.5762661785011498,-0.6261579992772408,-0.5797915560480328,-0.5946026784976586,-0.5700906501908429,-0.5670997652083452,-0.575600670981664,-0.6101376494709521,-0.621610370802099,-0.6237375322202571,-0.6430550824722583,1
-0.37635325731639635,-0.3969011448564592,-0.3869259733315188,-0.38696640687530615,-0.4006354655282948,-0.3975874713443469,-0.4033009008891248,-0.44052094767154965,-0.4497348243115695,-0.4573926109030602,-0.5305239601704472,-0.5749341944070281,-0.5277812708035005,-0.5398218438209822,-0.5649951305606301,-0.6144113530747247,-0.6695067947504753,-0.5996033709934386,-0.5750149419106744,-0.6248696115280704,-0.5785380336695454,-0.5934034928541967,-0.5689487120508139,-0.5659260213196823,-0.5744267795065152,-0.608941244395351,-0.6204158038078197,-0.6224869853954443,-0.6418087655217563,-0.6335958228599515,1
-0.3957100327211718,-0.3857693012004208,-0.38571865403901584,-0.3994018979537463,-0.3963362257158125,-0.4020504728112431,-0.4392748876249273,-0.4484649395660395,-0.4561916118022466,-0.5292970803172712,-0.573680321228886,-0.5265440665083605,-0.5386029992960832,-0.5637409327303067,-0.6130992785531731,-0.6681558573668785,-0.5983089717905203,-0.5737443490380727,-0.6235901702765536,-0.577277455046668,-0.5921420294705684,-0.5677641281509038,-0.5647864086821978,-0.5732488670217921,-0.6077483909973423,-0.6192135379165343,-0.6212919192522279,-0.6405476477021715,-0.632355011291956,-0.6451109205425487,1
-0.3845844978714933,-0.38456266139923484,-0.3981469408736043,-0.39510513970302436,-0.4007966277704386,-0.4380034830342049,-0.4472142689070324,-0.4549179491204996,-0.5280548488811542,-0.5724288280938826,-0.5253178941307183,-0.5373595634987438,-0.5625084237329436,-0.6118173484862997,-0.6668123988066904,-0.5969997842053898,-0.5724650665569418,-0.6222912062134897,-0.5760256316105644,-0.5908735063808589,-0.5665176223982002,-0.5636041938851903,-0.5721051653533662,-0.6065515206762173,-0.6180148423143463,-0.6200891537818386,-0.6393422977233266,-0.6310994235645832,-0.6438634070739878,-0.6395709779531347,1
-0.3833785419154176,-0.39698395347026616,-0.39385267186066275,-0.39956296717152423,-0.43672869766958117,-0.44593823484516926,-0.45366353320014713,-0.5267391382419017,-0.5711618635264174,-0.5240939834428635,-0.5361271998185065,-0.5612512224169943,-0.6105573744436847,-0.6654995029079938,-0.5956978771485367,-0.5711710336182628,-0.6209835441078378,-0.5747544484274086,-0.5896137931313099,-0.565264063459837,-0.5623601149773847,-0.5709187848610363,-0.6053892230156375,-0.6168121310480871,-0.6188899601870009,-0.6381292395546782,-0.6298994534540046,-0.6426010873660348,-0.638326688785869,-0.6163267830695124,0
-0.3957927944044319,-0.3926921013146755,-0.3983079167792714,-0.4354742967410922,-0.4446588279962438,-0.4523837385577219,-0.5254430380312771,-0.5698209305065198,-0.5228547356298326,-0.5348971242807726,-0.5600051820199131,-0.6092725049837566,-0.6642088613795188,-0.594425979060197,-0.5698842092292479,-0.6196610603461502,-0.5734745754602388,-0.5883346735507041,-0.5640192114168339,-0.5611089839418446,-0.5696704387276794,-0.6041838978788074,-0.6156441039272681,-0.6176867510354138,-0.6369197859468958,-0.6286917797900038,-0.6413945681478996,-0.6370676078507823,-0.6150960222532103,-0.6258004696156457,1
-0.39150337459203727,-0.39714483877709095,-0.4341984418648326,-0.4433998497217515,-0.45110057761604927,-0.5241213885976148,-0.5684998260602905,-0.5215420676331036,-0.5336516815993423,-0.5587614881999382,-0.6079989749307083,-0.6628930976535712,-0.5931759403411867,-0.5686271928252294,-0.618345920264352,-0.5721799505541161,-0.5870468618267881,-0.5627550407881332,-0.5598665430990819,-0.568415038606393,-0.6029161453643274,-0.614432941909754,-0.6165182355322999,-0.6357063189934852,-0.6274876935879296,-0.6401803397323083,-0.6358642394248397,-0.6138505303881315,-0.6245641950202192,-0.6221961406479671,1
-0.39595358853190865,-0.43301516431783493,-0.4421194033407437,-0.4498378811029326,-0.5227964450732726,-0.5671530701163711,-0.5202489837495891,-0.5323326961927141,-0.5575023609247276,-0.60672790890599,-0.6615888726343235,-0.5919010796746702,-0.5673918924102345,-0.6170609654872382,-0.5708925370092699,-0.5857442782472541,-0.5614821824600789,-0.5586047979071261,-0.5671683580467517,-0.6016413304021698,-0.6131592102526656,-0.6153065759759138,-0.6345277414770601,-0.6262795928835048,-0.6389697195937988,-0.6346531645168,-0.6126603818875911,-0.6233131646286243,-0.6209619638075933,-0.6242856415638528,1
-0.4318035851006603,-0.44093166779777226,-0.448553704981965,-0.5214923650293888,-0.5658030633959321,-0.5189303629806988,-0.5310333495377444,-0.5561694202275849,-0.6054412761424842,-0.6602872427895119,-0.5906374938480123,-0.5661318790346568,-0.6157979958765064,-0.569634939300194,-0.5844489438295669,-0.5601945897913205,-0.5573343657368395,-0.5659023481052606,-0.6003753685646558,-0.6118784135414355,-0.61403233465347,-0.6333058312567914,-0.6251062791915964,-0.6377550863610585,-0.6334456878716183,-0.6114625382979114,-0.6221176280546292,-0.6197130405863659,-0.6230502486133117,-0.5978506898155811,1
-0.43971560202032545,-0.4473623481499749,-0.5201666773692292,-0.5644741595264128,-0.5176084428960268,-0.5297084403808282,-0.554856238979566,-0.6040802858673948,-0.6589698973814194,-0.5893763295623737,-0.5648830447186267,-0.6145101086968113,-0.5683990631808312,-0.58318353079694,-0.5589141750834756,-0.5560492053125666,-0.5646276499176333,-0.5990899635024051,-0.6106065111058605,-0.6127510280547079,-0.632021089431682,-0.6238897314861833,-0.6365753648258328,-0.6322341974547558,-0.6102682509539447,-0.6209143917480429,-0.6185195539418399,-0.6218001038236726,-0.5966306822680082,-0.6081731609685127,1
-0.44614263788035236,-0.5189350160434546,-0.5631235712550279,-0.516307357415921,-0.5283802427569597,-0.55351743864206,-0.6027392976385261,-0.6575775869309153,-0.5880996467525128,-0.5636365689168913,-0.6132335803913952,-0.5671384698436628,-0.5819399146521883,-0.5576634829486646,-0.5547712112970019,-0.5633382127734826,-0.5977958644283246,-0.6093151303703407,-0.6114786192393356,-0.6307292777528113,-0.6226104828761652,-0.6353522891377954,-0.6310575587491403,-0.6090699469958891,-0.6197147288121875,-0.6173183693313559,-0.6206054287944175,-0.5953959919353534,-0.6069471456407922,-0.6115947487743877,1
-0.5176747430318137,-0.5618677333617279,-0.5149846735823883,-0.5270729396923993,-0.5521753738028928,-0.6013725765814681,-0.6562055494106941,-0.5867488032523992,-0.5623746461136087,-0.6119595289245243,-0.5658890593073911,-0.580671524053632,-0.5564344458705501,-0.5535229075976282,-0.5620559623507785,-0.5964869777249917,-0.6080150538465702,-0.6101867291341887,-0.6294464361262717,-0.6213241668070215,-0.6340663534390453,-0.6298376236900373,-0.6079062430619064,-0.6185110504207297,-0.6161207515762723,-0.6194030547750523,-0.5942163515455801,-0.6057064205633826,-0.6103667420487754,-0.5789778558814184,0
-0.5605831288728906,-0.5137559287399333,-0.5257440190420465,-0.5508543359643117,-0.6000026391920293,-0.6548076520615815,-0.5854178740403889,-0.5610388545896885,-0.6106698961818442,-0.5646420097473501,-0.5794143665563354,-0.5551807421480245,-0.5522962359431335,-0.5608034589628568,-0.595185370120866,-0.6067001746973877,-0.6088861430893681,-0.6281440516112735,-0.620046782983558,-0.632773347366093,-0.6285549051665718,-0.6066994852857492,-0.6173420746340281,-0.6149191179248323,-0.6182042513881538,-0.593029025122579,-0.6045209093615942,-0.6091240166355201,-0.5777688325095685,-0.6021547250738497,0
-0.5124985908987751,-0.5245092187328547,-0.5495116380552405,-0.5986539950048685,-0.6534065921659349,-0.5840612531445168,-0.5597228471713166,-0.6093058465846011,-0.563379510391959,-0.5781596031346306,-0.5539381767812888,-0.5510449151360803,-0.5595726280824805,-0.5939137674949079,-0.6053926031091748,-0.6075707531408546,-0.626832968036871,-0.6187498884962667,-0.6314893195622199,-0.627265117671355,-0.6054302652143141,-0.6161299461642942,-0.6137521478506245,-0.6170014323604127,-0.5918452215471585,-0.6033277070671004,-0.6079365594366437,-0.5765451756527068,-0.6009322125352534,-0.6082813629722121,0
-0.5232457866249791,-0.5482634610934556,-0.5972836053546682,-0.652027122713534,-0.582701398491301,-0.5583812091035926,-0.6079618254932522,-0.5620431309110778,-0.5768893523564478,-0.5526979431443814,-0.5498047173125592,-0.5583171172928705,-0.5926640213915927,-0.6041151159719722,-0.6062626731794064,-0.6255070542226899,-0.6174442965816215,-0.6301857418663144,-0.6259842863032438,-0.6041539820554551,-0.6148552244997072,-0.6125420626980661,-0.6158332995349326,-0.5906573990983067,-0.6021380462795027,-0.6067414094679981,-0.5753762690163708,-0.5996950059684706,-0.6070552846698571,-0.6109070649286533,0
-0.5469865666230179,-0.5960085418541056,-0.6506258124487222,-0.5813627407434182,-0.5570363114299056,-0.6065920591684175,-0.5607265406209073,-0.5755450681208698,-0.5514422929009171,-0.5485668411033943,-0.5570727565164934,-0.5913894555046081,-0.6028595420528114,-0.6049846844432775,-0.6241885003797992,-0.6161238882046127,-0.6288734647563012,-0.6246839239158885,-0.6028865621215932,-0.6135734373494083,-0.6112694341522951,-0.6146220298309228,-0.5895039766151593,-0.6009443678807536,-0.6055498071912488,-0.5741996855971776,-0.5985129176976102,-0.6058144963351649,-0.6096794584418301,-0.6240211477770319,0
-0.5947045885712672,-0.6493207274229722,-0.5800023684227642,-0.5557124678122889,-0.6052190817649475,-0.5593843172972679,-0.5742206414431822,-0.5501128980151391,-0.5473135597667019,-0.5558307351409411,-0.5901261625558508,-0.6015791052544038,-0.6037286137579362,-0.6229001773315364,-0.614810813650232,-0.6275463544121804,-0.6233748630702578,-0.601599690353923,-0.6123005512884188,-0.6099897410332572,-0.6133481878627028,-0.5883076930545972,-0.5997852012189966,-0.6043541877217556,-0.5730265909102681,-0.597323141283933,-0.6046289235944664,-0.6084371350637482,-0.6227859087644865,-0.6378734087395381,0
-0.6479865602541167,-0.5787370309743857,-0.5543669554452864,-0.6038674265979441,-0.5580388353773588,-0.572870549678904,-0.5488032319112307,-0.5459865806473497,-0.5545732884537913,-0.5888652898967741,-0.6003099792676461,-0.602447676519858,-0.6216338719018795,-0.6135278968764286,-0.6262266097223971,-0.622050977059448,-0.6003041241384076,-0.6110081811198426,-0.6087189345977915,-0.6120672807922535,-0.5870492024861517,-0.598583065783428,-0.6031931170380649,-0.5718494750420696,-0.5961368954979844,-0.6034356597080283,-0.6072500689788335,-0.6215359186037601,-0.6366301075743186,-0.6333072841834195,0
-0.577442866062733,-0.5531160458625385,-0.6024940166542738,-0.556714413093466,-0.571517212893118,-0.5474679610958049,-0.5446793094162221,-0.553242061588641,-0.5875889001334932,-0.5990432984925776,-0.6011780533217806,-0.6203426242355198,-0.6122669456334922,-0.6249371116958264,-0.6207344413886597,-0.5989937666128917,-0.6097071148688813,-0.6074286563335194,-0.6107952687566676,-0.5857836535075528,-0.5973185807125965,-0.6019890418824558,-0.5707065547853157,-0.5949466313649221,-0.6022459375240766,-0.6060553104612119,-0.6203413940029521,-0.6353720190757092,-0.632066640547783,-0.6543946524599652,0
-0.5518364012620595,-0.6012160206823608,-0.5553683202702446,-0.5701850107626261,-0.5461294196895288,-0.5433464432693087,-0.5519305793499081,-0.5862383554767521,-0.5977610723318297,-0.5999108774597584,-0.6190627571220375,-0.610981091747034,-0.623669642608405,-0.6194481096194238,-0.5976906951724102,-0.6083912435094916,-0.6061296826087342,-0.609503777774023,-0.5845268939089313,-0.5960470346184514,-0.6007225698149098,-0.569520970355181,-0.5937908138014786,-0.6010521977422049,-0.6048640983924017,-0.6191391705416729,-0.634169616126888,-0.630811221506497,-0.6531417357677496,-0.6562941987471341,0
-0.5999091161385663,-0.5541168471094043,-0.568831114028017,-0.5448118716326733,-0.5420103023829719,-0.5505934849711338,-0.5849077225234576,-0.5964045758270825,-0.5986281538013284,-0.6177853811123606,-0.6097065836180202,-0.6223772226792552,-0.6181837762834522,-0.5964176482163918,-0.6070826844236797,-0.6048159090252269,-0.6082035909703539,-0.5832507454185614,-0.594784319161008,-0.5994490358578665,-0.5682734396863928,-0.5925920902557634,-0.599892970868932,-0.6036688690467545,-0.617940517234751,-0.63295950752802,-0.6296114154996785,-0.6518739885849543,-0.655040176500221,-0.66334656489937,1
-0.5528366353197457,-0.5675720638728244,-0.5434726742999957,-0.5406951319194678,-0.5492531231475506,-0.5835513990980862,-0.5950680425025293,-0.5972711499578321,-0.6164924076386687,-0.6084345436962254,-0.6210961908652848,-0.6168945152940313,-0.5951664716986783,-0.6058042229477403,-0.6035094377516866,-0.6068886012646039,-0.5819659056681133,-0.5935021796465035,-0.5981843462128844,-0.5670188553851573,-0.5913311002325612,-0.5986907740929546,-0.6025081810406977,-0.616737848254643,-0.6317529941234152,-0.6284039060808627,-0.6506621893283401,-0.6537713188006876,-0.6620884381057125,-0.6600163476743968,1
-0.5662842265397504,-0.5422278961271315,-0.5393583195345643,-0.5479337720596036,-0.5821918414021701,-0.5937057945716514,-0.5959341136824361,-0.6151249512269785,-0.6071469322934431,-0.6198176551313731,-0.6156166220413763,-0.593890464819656,-0.6045476840772869,-0.6022330362669557,-0.6055809196449234,-0.5806663015181015,-0.5922113470909366,-0.5969002208546008,-0.5657729850331917,-0.5900630507096278,-0.5974262261866682,-0.6013044957374649,-0.6155698626128682,-0.6305424667395432,-0.6271999836023993,-0.6494426763239218,-0.6525584391943199,-0.6608154574370747,-0.6587601591000508,-0.6692159224778248,1
-0.5409544222231177,-0.5381158569615216,-0.5465927661186599,-0.580853477775444,-0.5923403225912821,-0.5945713607434988,-0.6137775527862707,-0.6057849440204863,-0.6185235162863983,-0.6143412114590866,-0.5926257401747431,-0.6032662751919574,-0.6009785375403492,-0.604303323942474,-0.5793739323788175,-0.5909057351011227,-0.5956074018649121,-0.564507790083104,-0.5888038077689866,-0.5961546172296768,-0.6000384230241427,-0.6143587428520801,-0.6293667726857092,-0.6259920465863015,-0.6482267883782342,-0.6513378449091004,-0.6595985668613056,-0.6574891253499979,-0.6679543796600955,-0.6603722120421195,1
-0.5368447134943737,-0.545346231927059,-0.5794934004857288,-0.5909961011655166,-0.5932053846263186,-0.6124043952977283,-0.6044429664253019,-0.6171548714510636,-0.613050212983043,-0.5913634419365195,-0.6019961833892393,-0.5996991838853383,-0.6030476425040575,-0.578111445110889,-0.5896073866569139,-0.5942997984574327,-0.563233907129157,-0.5875251612741441,-0.5948918393418474,-0.598765288595412,-0.6130850544816384,-0.6281477999894653,-0.6248188934584353,-0.6470068884735737,-0.6501208791163083,-0.6583739581500231,-0.6562741288051258,-0.666677967635309,-0.6591158163511974,-0.580584054514113,1
-0.5440709907527408,-0.5782283494895721,-0.5896301479572922,-0.5918606638785892,-0.6110280325810413,-0.6030752519551301,-0.6158062948652305,-0.6116847706366869,-0.590085619652515,-0.6007285409247178,-0.5984311340545871,-0.6017670973913102,-0.5768707265420214,-0.5883389997610613,-0.5929994680540095,-0.5619452872639359,-0.5862378227766281,-0.5936096370283478,-0.5975009957302163,-0.6118043010759247,-0.6268660672844683,-0.6236025093274459,-0.6458220007902902,-0.6488999015968285,-0.6571529906793099,-0.6550514157570201,-0.6654577389155545,-0.6578445745549709,-0.5793740963187972,-0.466688220931055,0
-0.5769344728655639,-0.5883593918987448,-0.5904942098038873,-0.6096730244328502,-0.6017043228664297,-0.6144319544126041,-0.6103393688419281,-0.5887336141381714,-0.5994453483917599,-0.5971655248375836,-0.6004978637889518,-0.5756052549463655,-0.5870924384053124,-0.5917291256094644,-0.5606638502384076,-0.5849357136107192,-0.5923187416551171,-0.5962172694944352,-0.610532441647949,-0.6255772660374638,-0.6223234282786405,-0.6445936620951717,-0.6477139568669339,-0.655928012344305,-0.6538323379296483,-0.6642297891834675,-0.6566293756154612,-0.5781495004427192,-0.4655445512356303,-0.4485559695999911,0
-0.5870597736575561,-0.5892229674427307,-0.6082962511364789,-0.6003546964514057,-0.613054410772702,-0.608968216166202,-0.5874015329620387,-0.5980878663988676,-0.5958843754526411,-0.5992310758580769,-0.5743509976213956,-0.58582108081649,-0.5904806275461144,-0.5594121494087686,-0.583640851353379,-0.5910130666900432,-0.5949248497458981,-0.6092411041739592,-0.6242974141327414,-0.6210372798437539,-0.6433023351144013,-0.6464845413068596,-0.6547381431616123,-0.6526092488307507,-0.6630054913016376,-0.6554064599982942,-0.5769796802954524,-0.46438654138087626,-0.4474228530539009,-0.515566672735573,0
-0.5879228597829829,-0.6070149896092365,-0.5989833215350939,-0.6116982329799104,-0.6075938548035954,-0.5860437553901733,-0.5967503561095264,-0.5945289770235418,-0.5979487420197487,-0.5730991219808553,-0.5845609754690688,-0.5892073189281104,-0.5581821133542807,-0.5823759041893442,-0.5897146555696823,-0.5936176465811821,-0.6079410709245792,-0.622998036991843,-0.6197600625013197,-0.6420039354092283,-0.6451921112147719,-0.6535047295699997,-0.6514212328247116,-0.6617771832732482,-0.6541871802451358,-0.5758021825780627,-0.4632814984578194,-0.446275443713984,-0.5143945552985129,-0.5182837452729157,1
-0.6057047985862948,-0.5977073014173437,-0.610320286420969,-0.6062408288952007,-0.5846827460564803,-0.5953871272177881,-0.5931935322775254,-0.5965921357074364,-0.5718317730453177,-0.583303276792108,-0.5879452751376546,-0.5569274032681436,-0.5811327494246887,-0.588446206832866,-0.5923177145195265,-0.6066262351583536,-0.6216899616855586,-0.6184633354780152,-0.6407145510782385,-0.6438926079174068,-0.6522082040026038,-0.6501897071545721,-0.6605840479503304,-0.6529638892639681,-0.5746281764963863,-0.4621688337897821,-0.4451807133447138,-0.5132079700206573,-0.5171100464728072,-0.5309097168601611,1
-0.5964023853878601,-0.6090378857465187,-0.6048660439701325,-0.5833429446560995,-0.5940206759689282,-0.5918323773777895,-0.5952554935250296,-0.5704904480541129,-0.5820300764660228,-0.5866856462997746,-0.5556838380298776,-0.5798648236180456,-0.5871995842319716,-0.5910477651086611,-0.6053187067470455,-0.6203670636866053,-0.61715791107714,-0.6394055852285517,-0.6426021275863076,-0.6509046034446058,-0.6488951155228401,-0.6593473069823166,-0.6517756752289438,-0.5734501494298344,-0.46105945487475,-0.44407837011784274,-0.512075127920651,-0.515921872734301,-0.5297286696199047,-0.5539495301812399,1
-0.6077265482773628,-0.6035867129976319,-0.5819814251453769,-0.5926754846273479,-0.5904679965428472,-0.5938931362910375,-0.5691689550266844,-0.5806827843371507,-0.5854105064142323,-0.5544426087934519,-0.5786081279142758,-0.5859281649451076,-0.5897996562922357,-0.6040412622113955,-0.6190515113350058,-0.6158376706341578,-0.6380879183629913,-0.6412920592653732,-0.6496100540396831,-0.6475934497435588,-0.6580473729405847,-0.6505439478170151,-0.5723063353665789,-0.4599460410471312,-0.4429792798673873,-0.5109346401182775,-0.5147874853238879,-0.5285331144593842,-0.5527550735421075,-0.5022217589459688,1
-0.6022784648993269,-0.5807149738641729,-0.5913085585031442,-0.5891248558413323,-0.5925275551961257,-0.5678218089121547,-0.5793553757810409,-0.5840612363592245,-0.5531859581025936,-0.577353824313057,-0.5846679982976608,-0.5885267397995627,-0.6027857304833351,-0.6177661497817759,-0.6145247632161832,-0.6367554047415643,-0.6399732896008274,-0.6482958926198,-0.6463008218071823,-0.6567403624224077,-0.649249149526454,-0.5711198403721526,-0.45886560696346623,-0.4418761524870493,-0.5097975264235726,-0.5136454508793558,-0.5273915461419383,-0.5515460487975572,-0.5010574083805182,-0.5165140413901863,1
-0.5794196879828885,-0.5900368578184325,-0.587759986700278,-0.591183225697935,-0.5664714126942343,-0.5780022899415839,-0.5827318669838011,-0.5518555429794414,-0.5760840355943655,-0.5834102385825823,-0.5872650856048257,-0.6015053361880227,-0.6165027773140872,-0.6132420113516159,-0.6354302824379179,-0.6386396704137253,-0.6469730286395277,-0.6449885932008157,-0.6554424265158814,-0.6479472769982557,-0.5698713769459467,-0.45774368024653866,-0.4408058085154028,-0.5086563837933649,-0.5125067954539823,-0.5262423246018533,-0.5503913767948727,-0.49987862483417633,-0.5153413725752137,-0.49381085652506146,0
-0.5887362888984534,-0.5864902831871038,-0.5898171640829936,-0.5651421230471976,-0.5766459642460462,-0.5813768123047046,-0.5505448654620572,-0.5747402225583378,-0.5821369769211665,-0.5860058446980932,-0.6002362524301715,-0.6152144842983853,-0.6119812234290676,-0.6341354784566733,-0.637313447795406,-0.645635304864925,-0.643667662608638,-0.6541248585993963,-0.6466544437352763,-0.5686158594806803,-0.45656135881637844,-0.439694161087882,-0.5075487501609515,-0.5113641114253622,-0.525096504904143,-0.5492290402767668,-0.4987533725330716,-0.5141542334447066,-0.49265140118787926,-0.427389253187399,0
-0.5851917242353997,-0.5885463027699088,-0.5637911478050001,-0.5753108017519107,-0.5800185211662018,-0.5492085790961778,-0.5734162630048577,-0.5807896222436815,-0.5847310946326526,-0.5989696137035843,-0.6139375527750224,-0.6106955340707202,-0.6328627545357672,-0.6360175581616898,-0.6443049971542826,-0.6423318770725924,-0.6527985871098543,-0.6453420085899925,-0.5673690623843185,-0.45537201218017975,-0.4385223694835995,-0.5063991139366562,-0.5102549658148847,-0.5239466581471486,-0.5480701472487325,-0.49762048107050355,-0.5130208525373549,-0.4914775348409673,-0.4262684558792868,-0.4445837538197341,0
-0.5872465785997717,-0.562534934192972,-0.5739539354965979,-0.5786814120004098,-0.5478690238914924,-0.572066640275462,-0.5794621516799335,-0.5833822221088288,-0.597687429796064,-0.6126630998129778,-0.6094211894084416,-0.6315650409146502,-0.6347437590482294,-0.6430050768639854,-0.6410034983946357,-0.6514574472772602,-0.6440208713974984,-0.5661029352180366,-0.4541909306954367,-0.43734355726350455,-0.5051884076370562,-0.5091037892647666,-0.5228304865217913,-0.5469072299788295,-0.496490939592799,-0.5118798254632907,-0.49035706616446745,-0.425133421069553,-0.44345294914245453,-0.4970256582794219,0
-0.5612499515780149,-0.5726920021664839,-0.5773225930519539,-0.5465504717186876,-0.5707137717153717,-0.5781090035792089,-0.5820532468263947,-0.5963309763803613,-0.6113730636201223,-0.6081493122549604,-0.6302787495584751,-0.6334449622837157,-0.6417272859280414,-0.639705481431773,-0.6501237397335589,-0.6426848787428201,-0.5648281197707703,-0.4529909071469519,-0.4361729377241089,-0.5039706637577126,-0.50789150509708,-0.521672152227518,-0.5457782373147027,-0.4953573675477137,-0.5107421742093968,-0.4892289624490417,-0.4240507290786125,-0.44230786204766565,-0.4958643318958718,-0.491875242903326,0
-0.571401263184746,-0.5760587638078319,-0.5452102671641077,-0.5693820333387039,-0.5767526157298177,-0.5806985878522433,-0.5949944857721811,-0.6100086025920037,-0.60686186441306,-0.6289949767540722,-0.632157594771534,-0.6404244678222843,-0.6384295754853071,-0.6488204649145494,-0.6413562939299625,-0.563538565072801,-0.45178221496846616,-0.4349834378916731,-0.502761380386612,-0.5066721826618159,-0.5204525358604302,-0.5446068416027001,-0.494257160002252,-0.509600494135849,-0.4881041935145925,-0.42296043460476984,-0.4412153908401586,-0.4946885861048096,-0.4907169141123862,-0.5492054734412599,1
-0.5747661167641493,-0.5439645110566815,-0.5680286017924121,-0.5754173916754401,-0.5793406917360089,-0.5936322807323986,-0.6086641736281904,-0.6055000429364041,-0.6276955753377242,-0.6308727504090663,-0.6391331049106502,-0.6371286563081631,-0.6475393517697122,-0.640058073579042,-0.5622561976546127,-0.4505589494286018,-0.4337852725576789,-0.5015329884387314,-0.5054613315943564,-0.5192258780294677,-0.5433738454727743,-0.49311508909505086,-0.5084923333181637,-0.4869753929842385,-0.4218733548455314,-0.44011530872200083,-0.49356628903891675,-0.4895441793679732,-0.5480137778899988,-0.5246291916676483,0
-0.5426900529520581,-0.566770003299095,-0.5740604636694657,-0.5780039738197558,-0.5922668515691283,-0.6072939977625734,-0.6041582306949216,-0.6263215638314059,-0.629572272216913,-0.6378442822193167,-0.6358391800750975,-0.6462331868879665,-0.6387819662040974,-0.5610035788302257,-0.449342556321075,-0.43257256027193697,-0.5002959194276209,-0.5042313626939315,-0.5180077420296358,-0.5421338020463862,-0.49191213250154064,-0.5073421600245106,-0.48587986588060683,-0.4207822353680462,-0.439018472399921,-0.49243635535838826,-0.48842481155419687,-0.5468075266258587,-0.5234517997550754,-0.4981870264524631,0
-0.5654826205218884,-0.5727984703842355,-0.5766455473310602,-0.5909226725515296,-0.6059206115248674,-0.6027906822547966,-0.6249676669902179,-0.6281971626349465,-0.6365398063266097,-0.6345522360013839,-0.6449384987904941,-0.63748084410895,-0.5597726336255777,-0.4481550326691815,-0.4313666702947238,-0.49904420586364834,-0.5029927162614877,-0.5167704451842472,-0.5409023725363675,-0.49070214170658577,-0.5061309035655955,-0.48474256316785536,-0.4197236701069286,-0.4379175984622176,-0.49130976227004186,-0.48729780965022035,-0.5456555527624954,-0.5222599163283773,-0.4970250241411675,-0.5043088553728834,0
-0.5715076710632233,-0.57538209913501,-0.5895567618826498,-0.6045685514282714,-0.6014199189097054,-0.6235879845208329,-0.6268421772152218,-0.6351606199650538,-0.6332496478738548,-0.6436463651203806,-0.6361911662669111,-0.5585170076662901,-0.44698855546569705,-0.4301895098140804,-0.49779949984894517,-0.5017394213187645,-0.515524468628421,-0.5396517036916177,-0.4895005580830887,-0.5049126092871079,-0.48354449098369673,-0.4186240222265034,-0.4368494649222187,-0.4901791379789115,-0.4861741390283271,-0.5444959167089727,-0.5211219200027748,-0.495848599388606,-0.5031432900967018,-0.5334560706805559,1
-0.5740898355809383,-0.5882860471265158,-0.6031947353024716,-0.600070456655327,-0.6222051080803063,-0.6254614017146948,-0.633801593025268,-0.6318723866196059,-0.6423385621267358,-0.6349040214456106,-0.5572725324631983,-0.4457978742360422,-0.4290332959359796,-0.4965840405724434,-0.5004931414362381,-0.5142638251725834,-0.5383923511612634,-0.4882799113446063,-0.5037027793032945,-0.482339386727335,-0.41746452263351946,-0.4357400693692636,-0.489081821924243,-0.4850464365738332,-0.5433397155699728,-0.5199762735328829,-0.494725641805079,-0.5019632863876655,-0.5322735414372302,-0.5371181073835409,0
-0.5869864704523828,-0.6019163449591275,-0.5986992464074462,-0.6208436484187405,-0.6240774341287413,-0.6324167594736781,-0.6305152681371282,-0.6409559828504242,-0.6336012315929941,-0.5560303971498265,-0.4446179248022193,-0.42785295392702566,-0.4953898968952288,-0.49927612926442905,-0.5130102316794912,-0.5371182981734006,-0.48705058984535465,-0.5024738375153234,-0.481142656025841,-0.41629800778313153,-0.43457058452434333,-0.48794269671978796,-0.4839519865873179,-0.5421794896089791,-0.5188340175524347,-0.493595047037681,-0.5008368470693633,-0.5310764976219938,-0.5359334467986907,-0.5298180788672817,0
-0.6006090435169946,-0.5974233861700059,-0.619460403653035,-0.6227148937429249,-0.6310287408376777,-0.6291323508489962,-0.6395935923407546,-0.6322237646233071,-0.5547728359700594,-0.4434400395678508,-0.42668327701528636,-0.4941713446035917,-0.4980804476535606,-0.5117860033543556,-0.5358513588382894,-0.48580664323011297,-0.5012362185006682,-0.4799268908625793,-0.4151396010145744,-0.4333940800691871,-0.48674275762445063,-0.4828157811863252,-0.5410531368853128,-0.5176877337446908,-0.49246779496180104,-0.49970276756662385,-0.5299334810888656,-0.5347342620758696,-0.5286376669711174,-0.5264277494180309,0
-0.596118631045254,-0.6181728588296144,-0.6213305649100493,-0.6296621880920801,-0.6277462451704848,-0.6382053814612944,-0.6308664422045972,-0.5534414923474985,-0.44224704132017356,-0.4255156204130274,-0.49296370390482835,-0.4968603460555461,-0.5105831751155082,-0.5346139625106452,-0.48456966727418727,-0.4999839535533084,-0.4787024523897209,-0.41396238606111746,-0.4322257524186277,-0.48553578564307487,-0.4816188330586354,-0.5398844306094592,-0.5165750570633186,-0.4913365118251546,-0.4985720418214677,-0.5287828100850231,-0.5335891627925203,-0.5274427500062919,-0.5252493107270862,-0.538782013751542,0
-0.6168563442507122,-0.6200419675412554,-0.6282738344883061,-0.6263815871123392,-0.6368139913240446,-0.6294833201460741,-0.5521298943611743,-0.4409815377574824,-0.4243329006037662,-0.4917582457181296,-0.4956511660450264,-0.5093558740415753,-0.5333980931388146,-0.48336183504985863,-0.4987386987740722,-0.47746340105135493,-0.4127765092580951,-0.4310385580070794,-0.48433720006544645,-0.48041485334874806,-0.5386541894651398,-0.5154202832390002,-0.4902385495002163,-0.49743728576415064,-0.5276355455264473,-0.5324364072435385,-0.5263018025480715,-0.5240563758237805,-0.5375963847567542,-0.5592802822301683,0
-0.6187243936728687,-0.6269813293782714,-0.6249951340567051,-0.6354440992773129,-0.6280970100504448,-0.5507926837613673,-0.4397352103890422,-0.42307787879862185,-0.49053754025706947,-0.49444417512337424,-0.5081395409991686,-0.5321576544952283,-0.48217524494058983,-0.49752269804557825,-0.4762312971216642,-0.4115761163326554,-0.4298426987793178,-0.48311956907426307,-0.479219239457492,-0.5374169022253279,-0.5142043141209767,-0.489098765908706,-0.49633591680545036,-0.5264842542199675,-0.5312870647594686,-0.5251532024022696,-0.5229173565847405,-0.5363962272774992,-0.5580827230407012,-0.6473110279511051,1
-0.6256598227300647,-0.6237044742319137,-0.6340523960432072,-0.6267321495275029,-0.5494522059172576,-0.4384635373830773,-0.42184194253239116,-0.48924378140099384,-0.49322192946401017,-0.5069254276073921,-0.5309282686340169,-0.4809643020740807,-0.49632801813308963,-0.47502827200157005,-0.4103824872036257,-0.4286322983853422,-0.4818932642188181,-0.4780045976984764,-0.5361882099408988,-0.5129813051290094,-0.48789815237948736,-0.49519266270991813,-0.5253666656169377,-0.5301336959753056,-0.5240080021255535,-0.5217706863198622,-0.5352501816624671,-0.5568705818206975,-0.6460622339983059,-0.6059754580489276,1
-0.6223848246924866,-0.6327566387012025,-0.6253454933808039,-0.5481327399168586,-0.43718848406628547,-0.4205807031312896,-0.4879694431154715,-0.4919265999427671,-0.5056960247964404,-0.5297011581923965,-0.4797642217118197,-0.4951089256408218,-0.47384644268161197,-0.4092174241896995,-0.42742870931931837,-0.4806523418155057,-0.47678128296382455,-0.5349402944832018,-0.5117667928662479,-0.4866905056702269,-0.4939884940903023,-0.5242068877783755,-0.5290140695469736,-0.5228587746560629,-0.5206274097955733,-0.5340964789662518,-0.5557128780010464,-0.6447986280589412,-0.6047507218060089,-0.6114480749471507,1
-0.6314318589825759,-0.6240546363702971,-0.5467916187080134,-0.43593381774475265,-0.419316065419136,-0.4866696446195636,-0.4906507045765529,-0.5043933965470606,-0.5284586950450302,-0.47856629155962666,-0.493900748226278,-0.47264029580953487,-0.408073191223063,-0.4262538190891596,-0.47941837570769136,-0.4755433581828871,-0.5336836961584145,-0.5105331411536427,-0.48549125000645577,-0.4927772907408881,-0.5229857926835852,-0.5278522156763512,-0.5217432104979985,-0.5194801056639244,-0.5329461923426929,-0.5545475070531479,-0.6435908575496357,-0.6035112815542937,-0.6102201535871543,-0.6131047678482386,1
-0.6227347883817007,-0.5455449726001955,-0.43465769665452975,-0.418071715226178,-0.485366514335382,-0.4893493426310368,-0.503110265578446,-0.527142748111018,-0.4773531507893515,-0.4926947556169494,-0.4714449805026045,-0.4069049187221094,-0.4250998535884006,-0.4782135132238576,-0.47431237545991994,-0.5324124042858394,-0.5092908108142086,-0.4842729449727247,-0.49157450290461263,-0.5217576554803043,-0.5266289939505024,-0.5205854950602947,-0.518366428133356,-0.531791879622511,-0.5533855892314038,-0.6423753767645087,-0.6023270202761443,-0.6089775139226596,-0.6118758822766133,-0.5857537058019776,0
-0.544269618792565,-0.4334741606343645,-0.41680594217459993,-0.48408403920047327,-0.48804465159453575,-0.5018016384347946,-0.525846413649316,-0.4760671062621957,-0.49147351313099397,-0.470251795046754,-0.4057472334576187,-0.42392177658310637,-0.4770298642425763,-0.47311045660595186,-0.5311482129518035,-0.5080338227223501,-0.4830459658743559,-0.49035264484329105,-0.5205380502853892,-0.525398729189109,-0.5193665126331285,-0.5172106346951301,-0.5306713272748691,-0.5522196478196599,-0.6411635082334668,-0.6011350689824759,-0.6077901401431948,-0.610632274072837,-0.584540738818561,-0.5995242141394665,0
-0.4322623212878734,-0.4156324532995746,-0.4827800232780566,-0.486760630613547,-0.5004896947341967,-0.5245245290064205,-0.4748004155853809,-0.4901792066270635,-0.4690434220761843,-0.40459151726756765,-0.42275435006342144,-0.47582188425313054,-0.47192972289359675,-0.5299135280068508,-0.5067838672316952,-0.4818043675365863,-0.48912211166110364,-0.5192992755703154,-0.5241770110724642,-0.5181404890184386,-0.5159936211122137,-0.5295085301250702,-0.5510876887348534,-0.6399476268772334,-0.5999466552230474,-0.6065950736658514,-0.6094439580642835,-0.5833131206500947,-0.5983032325842107,-0.6042442259897355,0
-0.41443072547460547,-0.48156940353339794,-0.48545506406340605,-0.4991984903569546,-0.523199350678632,-0.47350829597914157,-0.4889043254302203,-0.4677622396612019,-0.4034207960119965,-0.42158893423828014,-0.47462474765432566,-0.4707246797309301,-0.5287003438943998,-0.5055632284309338,-0.48056972870473785,-0.48787695032306944,-0.5180518207054697,-0.5229361109602888,-0.5169229828718341,-0.5147695672000442,-0.5282843421295612,-0.5499132709853738,-0.6387666810411858,-0.598754223583722,-0.605403554615271,-0.6082479485458362,-0.5821403603104607,-0.5970675638722526,-0.6030204973409719,-0.6290681701273704,1
-0.48033030692533696,-0.4842429387791627,-0.497885718190725,-0.5218950380738334,-0.47221283133688313,-0.48760398180232506,-0.466500369044794,-0.4021780101054975,-0.42040846611715893,-0.4734297486881807,-0.4695304610133482,-0.5274626103671698,-0.5043639551325322,-0.4793642024612284,-0.486638765413807,-0.5167896952318471,-0.5216865300665132,-0.5156863195985295,-0.5135540172055336,-0.5270531106772856,-0.5486771791620425,-0.6375423580981682,-0.5975962798847531,-0.6042080183540107,-0.607055489448857,-0.58095991986684,-0.5958869716806711,-0.6017820692057774,-0.627829993697977,-0.6248458874941192,1
-0.4830023269848771,-0.4966665968105886,-0.5205691171333968,-0.47093794863183647,-0.4863003073266268,-0.46521308921442156,-0.40095420391124015,-0.4191557405410913,-0.4722195533767859,-0.46833836746160173,-0.5262359121715294,-0.503140235287146,-0.4781798961153854,-0.4854297403460034,-0.5155346267599721,-0.520422273230203,-0.5144409768031329,-0.5123193216340761,-0.5258304325200386,-0.5474340386927552,-0.6362551447451708,-0.5963953903410447,-0.6030470292903748,-0.605859013343786,-0.579782980403803,-0.594698692635597,-0.6005987925501879,-0.6265770529364493,-0.623610168474914,-0.6143334617124706,1
-0.49541894409341325,-0.5193372293105166,-0.4696415486243487,-0.4850172931975982,-0.4639224559983698,-0.3997051441976616,-0.41792208064415515,-0.47093651257301683,-0.46713109171194767,-0.5250114779122658,-0.501927460370675,-0.4769712539002933,-0.4842419688859279,-0.5143089431108273,-0.519165083518775,-0.5131809686976959,-0.5110759471254761,-0.5245885666988716,-0.5461995334457209,-0.6349608604610085,-0.595132181528117,-0.6018430372850977,-0.6046971023749411,-0.5786020205880597,-0.5935139394632337,-0.5994078267276296,-0.6253796578873717,-0.6223596961531229,-0.6131038610288828,-0.6193708661069248,1
-0.5180767283505057,-0.46843832334402197,-0.48371273661383335,-0.46265235857614434,-0.3984526651604358,-0.4166631269233657,-0.46967279964078157,-0.46585102822215096,-0.5237717039783983,-0.5007168899025255,-0.47577345934787935,-0.4830298359327501,-0.5131046735695556,-0.5179373068965744,-0.5119280075373398,-0.5098179122448518,-0.5233380198090227,-0.5449457707038116,-0.6336755632392872,-0.5938619122482298,-0.6005766503945015,-0.6034921711798481,-0.5774553297523815,-0.5923251676220855,-0.5982203953098659,-0.6241745615040655,-0.6211647024890673,-0.6118595345035204,-0.6181383336042339,-0.6056652789716556,1
-0.4672066685798075,-0.4825015919288239,-0.4613607586534172,-0.39722035751884277,-0.4154007709482314,-0.46838366995897,-0.46459026685349253,-0.5224584994535678,-0.4994910472667684,-0.474577805239272,-0.4818285731611046,-0.5118759205350443,-0.5167309645473781,-0.5107044031188145,-0.5085669149372661,-0.5220727945531589,-0.5436833233565579,-0.632370708630481,-0.5926004648212927,-0.5993032016515388,-0.6022248222086221,-0.5762659040495312,-0.5911708138674935,-0.5970289458005024,-0.6229730443983176,-0.6199620095603012,-0.6106705196864552,-0.6168910621009396,-0.6044407232560233,-0.594527686057521,1
-0.4812619670168935,-0.4601621938841233,-0.3959666642689079,-0.41415868070016204,-0.467091190082873,-0.4633041008080179,-0.5211648836823126,-0.49819204961687313,-0.4733669515953278,-0.48062946565144293,-0.5106581448986994,-0.5155001233769262,-0.5095021927754351,-0.5073452482022659,-0.5208146410217898,-0.5424061677875536,-0.6310571542279722,-0.5913196008241558,-0.5980385966344133,-0.6009504109656335,-0.5750144384849302,-0.589973581575274,-0.5958719654857867,-0.6217675122365569,-0.618762888276725,-0.609473810757262,-0.6156991823057307,-0.6032014643418513,-0.5933096125309507,-0.5532185655340255,0
-0.45893522949284143,-0.39480490394694806,-0.4128951745839827,-0.4658192636374537,-0.4620145794553442,-0.5198457288501048,-0.4969125178471673,-0.4720832394364473,-0.4794151417907891,-0.5094425950765551,-0.5142802730752674,-0.5082755141661883,-0.5061449568734457,-0.5195859134229939,-0.5411361406073414,-0.6297287633868984,-0.5900300441651364,-0.5967545564036565,-0.5996848500699317,-0.5737559175725582,-0.5887141191517947,-0.5946720573886203,-0.6205967180620774,-0.6175597514208157,-0.6082806544705733,-0.6144996059293495,-0.6020173794752437,-0.5920768648997287,-0.5520245343235363,-0.5704539424788693,1
-0.3936149798249305,-0.41172388672789,-0.464525829033959,-0.4607455832774501,-0.51852327562349,-0.4956075046242033,-0.47081886095556236,-0.4781278907703897,-0.5082117488408212,-0.5130626574519425,-0.5070597995729296,-0.5049202114695017,-0.51837862925956,-0.5398956975815589,-0.6284077442820193,-0.5887257112728251,-0.5954618225668008,-0.598399848316783,-0.5725061376910887,-0.5874475978945048,-0.593409853942969,-0.6193827371119955,-0.616391306833487,-0.6070834813260433,-0.6133035913012886,-0.6008256047451495,-0.5908991144382585,-0.5508159369170724,-0.5692498801087951,-0.5765252771308964,1
-0.4105243740247289,-0.46332548293154596,-0.4594550880054469,-0.5172216620933073,-0.49429916860949774,-0.4695290630028121,-0.47686000403513196,-0.5069076486140854,-0.5118297353560166,-0.5058463019879398,-0.5037064176103815,-0.5171468393103354,-0.5386768108655596,-0.6271169888225229,-0.5874286358509088,-0.5941543045257849,-0.5971061526716983,-0.5712370101283732,-0.5861898727059137,-0.5921405904686241,-0.6181061178166741,-0.6151797195224713,-0.6059208866219854,-0.6121035604313836,-0.5996373669886025,-0.5897136795723044,-0.5496616806439134,-0.5680312065200807,-0.5753176811840991,-0.5670924668972717,1
-0.462096725793377,-0.45825759576656516,-0.5158984485763219,-0.4930115374623097,-0.46823591600868825,-0.4755666834782201,-0.5056230583990524,-0.5105235182062277,-0.5046175179823243,-0.5024948325530769,-0.5159260463505037,-0.5374333325651249,-0.6258482744171427,-0.5861615050137383,-0.5928540590833681,-0.5957976704094796,-0.5699591933927292,-0.5849127529244192,-0.5908801419278626,-0.616822432208414,-0.6139055522062298,-0.6047152588724717,-0.6109381625467556,-0.5984451113142285,-0.5885317615471352,-0.5484997602136095,-0.5668671477823224,-0.5740954581589751,-0.5658903609391813,-0.5454448526904596,1
-0.45703171077785915,-0.5146691894522034,-0.49170234957892595,-0.4669633288166702,-0.47427001995718887,-0.5043129660402373,-0.5092368293771296,-0.5033155207789499,-0.501267970387823,-0.5147074920965701,-0.536200926655981,-0.6245545999611476,-0.5849161876149449,-0.5915838004676848,-0.5944964653255317,-0.5686666298767832,-0.5836269415941056,-0.5896002827146476,-0.6155476607497681,-0.6126243196459313,-0.603447196369748,-0.6097296790604289,-0.597287340221605,-0.5873458242421823,-0.5473412819520559,-0.5656954164396354,-0.5729279464045995,-0.5646736525433779,-0.5442553458576125,-0.5547165621630208,1
-0.5134113340341581,-0.4904867082602012,-0.4656692314227411,-0.47299394982347187,-0.5029995596522886,-0.5079246298203027,-0.502033015398507,-0.499967933040985,-0.513473626799559,-0.5349708090697661,-0.6232723217133214,-0.5836460831819003,-0.590335385425532,-0.593225259855984,-0.5673812679313206,-0.5823263634267394,-0.5883117311382478,-0.6142533940515392,-0.6113519843596803,-0.6021720712842149,-0.6084586912181993,-0.596086626520402,-0.5861942509215876,-0.5461787793592479,-0.5645271584210622,-0.5717527590694785,-0.563511505614424,-0.5430512931354702,-0.5535216591037004,-0.5531728802435747,1
-0.4892425579026884,-0.4644682418020808,-0.47169635871433396,-0.5017069065573486,-0.5066091198697146,-0.5007250164018664,-0.49868737056653806,-0.5121664477911011,-0.5337253241351079,-0.6219925448710182,-0.5823872229061121,-0.589062160442651,-0.5919759070826033,-0.5661256944831188,-0.5810330248963006,-0.5870084058500962,-0.6129504307071337,-0.6100601682177943,-0.6009058014567967,-0.6071806395179284,-0.594823597835778,-0.5849998511931379,-0.5450501934573613,-0.5633548781788564,-0.570581056033261,-0.5623416877281421,-0.5419014580911126,-0.5523121859353027,-0.5519788756223756,-0.5256270545906548,1
-0.4632388370223663,-0.4704919769664324,-0.5003926811922164,-0.5053143833025799,-0.4994136997645897,-0.4973813224229484,-0.5108788054223228,-0.5324062956394353,-0.6206971588743194,-0.5811307639811402,-0.5878001997477855,-0.5907017374341524,-0.564891823121519,-0.5797695811548023,-0.5857123332466159,-0.6116326574948926,-0.608759656158222,-0.59962008658617,-0.6059114632092076,-0.5935535087627172,-0.583743290371326,-0.5438792121338987,-0.5622167012515158,-0.5694053315158418,-0.5611753370896349,-0.540743962699834,-0.5511570776901228,-0.5507703049245422,-0.5244490819120067,-0.4721464108954518,1
-0.46925915832465787,-0.4991721488683452,-0.5039980680206122,-0.4981231164617904,-0.49607195327307924,-0.5095656484255588,-0.5311069062680928,-0.6193272422171898,-0.5798588094437717,-0.5865406536504649,-0.5894388381677824,-0.5636332493669115,-0.5785279153276842,-0.5844461918648625,-0.6103222055892826,-0.6074443403805703,-0.5983256776116151,-0.6046228246964748,-0.5922922403028865,-0.5824796719805874,-0.5426466404923785,-0.56103594908248,-0.5682637760534466,-0.5600049638164383,-0.5395898954252287,-0.5499943045535668,-0.5496160746344785,-0.5232566151125918,-0.47099956447956703,-0.47930457456241604,1
-0.49792307616691156,-0.5027755065491415,-0.4968109672911244,-0.4947832988578665,-0.5082491826868246,-0.529781954220081,-0.6179774048093806,-0.5785127877467252,-0.5852655969083709,-0.5881783575090611,-0.5623858453848143,-0.5772614894689853,-0.5832018543883971,-0.6090418765162435,-0.6061363342377016,-0.597016480230333,-0.6033254912106867,-0.5910115563295356,-0.5812248296884864,-0.5414070217394416,-0.559793368451185,-0.567079582005913,-0.5588686574601893,-0.5384318028687631,-0.5488349762936005,-0.5484541802096622,-0.5221180512614858,-0.46983836364633796,-0.4781535620245887,-0.4683136554755186,1
-0.5015243916984866,-0.49559245079149367,-0.4934730845412635,-0.5069534994599666,-0.5284537137791135,-0.6166017983776467,-0.577186638634644,-0.5839164116414828,-0.5869023616549038,-0.5611407938058232,-0.5760062840369513,-0.5819327371240177,-0.6077834880423957,-0.6048584183364851,-0.5957145634238563,-0.60201336198119,-0.5897221797478188,-0.5799506098250332,-0.5401760139813637,-0.5585437363452933,-0.5658334756074331,-0.5576898109331891,-0.5373075428297801,-0.5476716238855616,-0.5472957278710137,-0.5209718367769959,-0.46873021642715385,-0.4769881763706899,-0.4671690397611375,-0.3689265083440771,0
-0.49434540683055367,-0.49225644663527385,-0.5056362345900474,-0.5271463683063863,-0.6152229909427247,-0.5758348173907107,-0.5825871263208579,-0.5855522186992543,-0.5598803021602565,-0.5747534643401918,-0.5806748576486407,-0.6065002158762106,-0.6036024197843154,-0.5944426557158112,-0.6007085272516253,-0.5884180273845863,-0.5786676992748354,-0.5389257693787144,-0.5573027841204007,-0.5645803161973826,-0.5564491823900227,-0.5361409684739149,-0.5465422043886892,-0.546133251195524,-0.519829014585727,-0.46761444478770053,-0.4758759580107257,-0.4660100796414279,-0.3678397369307958,-0.43653833372243395,0
-0.4910112933049327,-0.5044127511421231,-0.5258174051166888,-0.61386556142501,-0.5744797541089961,-0.5812321560403685,-0.5842219839727916,-0.5585459701039698,-0.5734851667515396,-0.5794193753335506,-0.6052282728127165,-0.6023215552128195,-0.5931926074697782,-0.5994337405031652,-0.5871211316343063,-0.5773700291650301,-0.537666841216577,-0.5560425363355953,-0.5633358609341659,-0.5552015032232257,-0.5349129112107349,-0.5453703738413437,-0.5450046907162774,-0.5186821646891855,-0.4665019687676971,-0.4747561117219749,-0.46490411226718953,-0.36673888073367966,-0.4354122115591012,-0.4151191459678765,0
-0.5031607084075147,-0.5245825635050836,-0.6124863592692831,-0.5731458419717784,-0.579873949154867,-0.5828660604031164,-0.5572314095304887,-0.5721428743417891,-0.5781484021614731,-0.6039587869970432,-0.6010520042125502,-0.5919177372057886,-0.5981808409553582,-0.5858541780745647,-0.5760795848800219,-0.5363932136615818,-0.5547736020176013,-0.5620720894279675,-0.5539624905023239,-0.5336778088040733,-0.5441369322778608,-0.5438337352920986,-0.5175689327238341,-0.4653854585025598,-0.47363957399205975,-0.46379052235127677,-0.3656894388995843,-0.43427182799469893,-0.414005489983336,-0.4062081098409805,0
-0.5233190898301523,-0.61120273950747,-0.5717902299410142,-0.5785369234374033,-0.581506901873059,-0.5558912242256748,-0.5708204222628903,-0.5768033812422325,-0.6026737421370985,-0.5997849002398664,-0.5906541418435712,-0.5969030983047662,-0.5846090362451885,-0.5748189968167966,-0.5351266977386991,-0.5534899432034164,-0.5607996303410648,-0.552704193672967,-0.5324512863223924,-0.5428964432237392,-0.5426011901811038,-0.5164135932046339,-0.4643019870824299,-0.47251900289234416,-0.4626802211265704,-0.36463242323763895,-0.4331839325470341,-0.41287762854944277,-0.4050996401674642,-0.4447400456028556,1
-0.6098901751397339,-0.5705295143659271,-0.5771781881953997,-0.5801689335998881,-0.5545477768085679,-0.5694723131740888,-0.5754782242523621,-0.6013143711760977,-0.5985022488208258,-0.5893929680631143,-0.595636649085797,-0.5833391086798629,-0.5735801591543979,-0.5338897191811198,-0.552213443665882,-0.5595124379150699,-0.5514372108903925,-0.531205553478659,-0.5416645711516511,-0.5413615979702575,-0.5151970446040828,-0.46317696608265485,-0.471431548145934,-0.46156588518804303,-0.36357851661067947,-0.43208843013211756,-0.41180191507089764,-0.4039769883222179,-0.44360914996221484,-0.4157058412768249,0
-0.5692400009418968,-0.5759144402237686,-0.5788092528866438,-0.5532253695966008,-0.5681209556432352,-0.57412739918871,-0.5999749882560838,-0.597145318645696,-0.5881162757122018,-0.5943726336418645,-0.5820804241308152,-0.5723165823741522,-0.5326742635542722,-0.5509666145299285,-0.5582324215489926,-0.5501555085076177,-0.5299511384166731,-0.5404134571318027,-0.5401306165716759,-0.5139734558769766,-0.4619914749528867,-0.47030246913733204,-0.460484546593607,-0.3625205631163775,-0.4309961589700528,-0.41071860512354635,-0.4029063429147951,-0.44246397149579564,-0.41459184382982084,-0.4233256668262403,0
-0.5746218749733246,-0.5775445869355668,-0.5518812980783686,-0.5667907138644537,-0.5727733303686503,-0.5986098790740644,-0.5958083554015181,-0.586765422482304,-0.5930930857905566,-0.5808241401817804,-0.5710642076410825,-0.5314342417152335,-0.5497414032319032,-0.5569821224478612,-0.5488809561092132,-0.5286820352842448,-0.5391536592940098,-0.5388803984841579,-0.5127583678673223,-0.46079895723532543,-0.46911282109314434,-0.4593616984074262,-0.36149453080627664,-0.42989984920853314,-0.4096384877108581,-0.40182810540624003,-0.4413714113987519,-0.41346363940088454,-0.42220723456551906,-0.40730455681180205,0
-0.5762510978237877,-0.5506317874483321,-0.5654387835453569,-0.5714404031953066,-0.597241550778831,-0.5944456757925183,-0.5854344836246612,-0.5917393205752377,-0.5795523614723598,-0.5698142065489542,-0.5302052699697513,-0.5484915535803748,-0.5557534746166714,-0.5476360481658611,-0.5274200222947004,-0.5378791598815265,-0.5376214968450342,-0.5115241370084287,-0.45961472648444546,-0.46791614464905595,-0.4581784330491008,-0.36042802583032507,-0.42883619272924417,-0.4085543290794773,-0.40075304432439923,-0.44027124031445225,-0.41238759224469396,-0.4210745754181742,-0.4061954489953211,-0.4259417508267969,0
-0.5493535507642565,-0.5641816426275315,-0.5700857791751279,-0.5958945003179386,-0.5930797728787653,-0.584077853043703,-0.5904054949175512,-0.578206519081337,-0.5685487412895724,-0.5289785718745253,-0.5472528174219109,-0.5545001630194767,-0.5464127395503563,-0.5261874866667925,-0.536611776242136,-0.5363478958795931,-0.5102812273505403,-0.4584115350755401,-0.4667277837813083,-0.456988142073254,-0.3593024769317309,-0.4277313581764688,-0.40750259180425424,-0.39967394093418307,-0.43917431530874984,-0.41130394833213324,-0.4199941945551875,-0.405072156142945,-0.42482179597935293,-0.48405344028033825,0
-0.5628957267651299,-0.5688260228819,-0.5945257093237548,-0.5917351246353211,-0.58271798872211,-0.5890459657286911,-0.5768805477244852,-0.567209337235767,-0.5277365230813931,-0.5460163966327504,-0.5532579872484599,-0.5451648066513196,-0.5249764311633988,-0.5353739415307722,-0.5350814064199747,-0.5090236584868397,-0.4571996740949067,-0.4655204378699924,-0.45580612274537946,-0.35816992757572635,-0.4265665454966973,-0.4064098999261951,-0.3986271624117966,-0.4380733527065361,-0.4102234980147696,-0.41890621320103333,-0.40400088714123406,-0.42368760741148787,-0.482899663855767,-0.5166198389049147,0
-0.5675374748862605,-0.5932521979945339,-0.5903687432891763,-0.5813793213981896,-0.5876832077999217,-0.5755289049628524,-0.5658897485318041,-0.52642099869801,-0.5447645778029431,-0.5520181415426999,-0.5439279748803205,-0.5237408419858804,-0.53415763799891,-0.5338444539730245,-0.5077731249827808,-0.45597323180303895,-0.4643044211519169,-0.4546051558164346,-0.35704525263838227,-0.4253947152434086,-0.4052575258737833,-0.3975395222571881,-0.4370051321943476,-0.4091390065504573,-0.41782143921598064,-0.4029220255009761,-0.4226057386744102,-0.48173150191002323,-0.5154471085147438,-0.5247229667375212,0
-0.5919498068284669,-0.5890975715418232,-0.5800189394718771,-0.586341674504729,-0.5741740198555175,-0.5645445145299811,-0.5251250831323524,-0.5434390901205154,-0.5507628811193374,-0.542693450342014,-0.5225162743066887,-0.5329167619847623,-0.5326290242052383,-0.506551915870911,-0.45475367703183195,-0.46307381269673886,-0.45339551997704497,-0.3559019686797555,-0.4242310296388819,-0.4040981396701766,-0.39639232305356337,-0.4358956480385797,-0.4080869427950151,-0.4167326250157669,-0.4018463422694142,-0.4215162681639122,-0.48061658267567514,-0.5142599075326714,-0.5235455202469316,-0.5357860204935516,0
-0.5877975349483319,-0.5787535926971472,-0.5849784177420605,-0.572840284190994,-0.5631960271259594,-0.5238036190989092,-0.5421332974270713,-0.5494338837647433,-0.5414435369964801,-0.5212939614611127,-0.5316869415744799,-0.5313890284164838,-0.5053520777561674,-0.45356303384688745,-0.4618501115498597,-0.45217130840883074,-0.35475003295841556,-0.4230485046815041,-0.402946812507389,-0.39523811395459535,-0.4347260724313359,-0.40699391831562787,-0.415676321031577,-0.4007666168635555,-0.4204300097514547,-0.4794940331849215,-0.5131264664539411,-0.5223535819972553,-0.5346021351964261,-0.534663124144048,0
-0.5774594183993851,-0.5837102797235872,-0.571484849178793,-0.5618686280623586,-0.5224788606549304,-0.5408019158654938,-0.5481246117538242,-0.5401199924909587,-0.5200563192707386,-0.5304593984404258,-0.5301600825532347,-0.5041277889177311,-0.45239346716606305,-0.46065537724161437,-0.45095397376621676,-0.353583666265668,-0.4218573162960272,-0.4017767189599787,-0.3940919282809282,-0.43354947717429043,-0.4058412035554168,-0.41457897682428496,-0.39971922819780864,-0.41933971144374316,-0.47837480083724493,-0.5119853791566423,-0.5212155323379307,-0.5334037292410388,-0.5334798923836866,-0.5511074242173999,1
-0.5824132962973821,-0.570224305475039,-0.5605195492515903,-0.5211749639237676,-0.539467257003262,-0.5467897366433434,-0.5388161261681403,-0.5187452886576974,-0.5292165004937153,-0.5289334102296585,-0.502914448678801,-0.45119967361297747,-0.4594817588541639,-0.4497655211256261,-0.3524239017581006,-0.4206515984624936,-0.40059796568002226,-0.39292700657964935,-0.43238105934650684,-0.4046814764954874,-0.41342183705171387,-0.3986309664603903,-0.4182819516789039,-0.4772515357004813,-0.5108476678707579,-0.5200698324883537,-0.5322593875700484,-0.5322821428983207,-0.5499146217120049,-0.5685375647689027,1
-0.5689349650235952,-0.5592651769277975,-0.5198494601433559,-0.5381535544095313,-0.5454515902593358,-0.5374866788566091,-0.5174538279963554,-0.5279001101595363,-0.5276913873336657,-0.5017033153035667,-0.45001663193341396,-0.45828388363286104,-0.44859812388395587,-0.3512922521039111,-0.4194526697165904,-0.39940471414906425,-0.3917534266832874,-0.4311937742252989,-0.40352981082127365,-0.41225768305044613,-0.3974831305241571,-0.4171831243968374,-0.4761614383375433,-0.5097059277781567,-0.5189275232977321,-0.5311073902863372,-0.531138439864463,-0.5487072585254094,-0.5673346177495804,-0.5451755499256965,0
-0.5579820473990019,-0.518617977350594,-0.5368182144348475,-0.5441344334520193,-0.5361539509074239,-0.5161368370890921,-0.526603336132577,-0.526375889359697,-0.50047690701976,-0.4488356676651124,-0.45709678661604214,-0.44740651581260976,-0.35018111056989343,-0.4182823777056337,-0.39821819249569973,-0.3905653615148513,-0.42999782426091193,-0.4023593767637565,-0.41110162088971786,-0.3963282844150123,-0.4160244654026041,-0.4750296671665519,-0.5085977080869893,-0.5177811862912818,-0.529958803659604,-0.5299870817682633,-0.5475542029447612,-0.5661170645176257,-0.5439861998297179,-0.5500807074267402,0
-0.5173578840159037,-0.5355771814582422,-0.5427956285791019,-0.5348421607852152,-0.5148165440541832,-0.5252810101264737,-0.5250799999750422,-0.4991773325326572,-0.4476395753907539,-0.4559117843371598,-0.44622564551617866,-0.34904617420633827,-0.41713296612169387,-0.3970601422470419,-0.38938400159082537,-0.42878733290267196,-0.4011802828724679,-0.40992676438741094,-0.3951814661134339,-0.41485879151740573,-0.47383726134407106,-0.5074474748160477,-0.516668457426596,-0.5288061905698839,-0.5288391322992488,-0.5463934842417274,-0.5649540957023402,-0.5427823045479232,-0.5488885024806565,-0.5524274886625337,0
-0.5343074767475713,-0.5415512314543096,-0.5335087391977512,-0.5135170700844157,-0.5239553911969241,-0.5237585622296896,-0.49789722891473265,-0.44637091659803596,-0.45471163438992435,-0.44504684335364325,-0.34792161002684174,-0.4159594767085579,-0.3959228544799059,-0.3882310442890781,-0.42758365330442816,-0.3999866898756558,-0.40874324673664836,-0.39401590804900455,-0.41370121992867875,-0.47263782591950204,-0.5062361569180213,-0.5155136304405898,-0.5276873054122133,-0.5276871562299345,-0.5452362038912597,-0.5637834552214236,-0.541632622667075,-0.5476817395353865,-0.5512339178665957,-0.5544544728651709,0
-0.5402781410399067,-0.5322695688267561,-0.5121960027459798,-0.5226506421984092,-0.5224338300284491,-0.4965916415045232,-0.445121461288737,-0.45343883765897325,-0.44385292371299845,-0.34679887340993887,-0.41479660818633907,-0.3947615785368672,-0.3870988003999254,-0.42640867374843316,-0.39879982837826566,-0.40754521888208345,-0.39284169160031684,-0.41252484508622317,-0.471446725051481,-0.5050178011736394,-0.5142976068651721,-0.5265262067101801,-0.5265688959339949,-0.5440748989513773,-0.5626162846004988,-0.5404752805713025,-0.5465292678906177,-0.5500257829411531,-0.55325972234441,-0.5567387373877157,0
-0.5310017386562108,-0.5109688273952332,-0.5213242835143937,-0.5211299592893885,-0.4952827322931693,-0.44384664754771846,-0.4521852801999225,-0.44258648053114513,-0.3456612923150423,-0.413635730884343,-0.3936108446952903,-0.38594260563337757,-0.4252546197824639,-0.397641442814161,-0.40635394359077154,-0.3916529882825796,-0.4113398086439466,-0.470236622962046,-0.503807910146782,-0.5130745433920714,-0.5253037585585969,-0.5254084338090937,-0.5429474878430661,-0.561445091521598,-0.5393213661054005,-0.5453691336267005,-0.5488719765858029,-0.5520504023992079,-0.5555426574024452,-0.5544544728651709,0
-0.5097130691021925,-0.5200919706763565,-0.5198044815814783,-0.4939945334237484,-0.4425684589143203,-0.4509063475301574,-0.4413392216701848,-0.3444523021190583,-0.41245982338581033,-0.39246205022777664,-0.3847969201894723,-0.4240764536577763,-0.396503822962236,-0.40519120304858813,-0.3904709932402109,-0.4101402581875404,-0.46901784924650713,-0.5025789069553488,-0.5118599770229754,-0.5240742677086903,-0.5241866377498968,-0.5417777033391367,-0.5603079810071043,-0.5381634263247068,-0.5442124358594146,-0.5477105064610478,-0.5508954432149433,-0.5543320020257226,-0.55325972234441,-0.5546324050490322,1
-0.5188310419779334,-0.5185730241030989,-0.4926847760620411,-0.4413106872205736,-0.44962404707405557,-0.44006661336162245,-0.3432619993406773,-0.4112117486466014,-0.39129828439870556,-0.38365315255004484,-0.42290893859360984,-0.3953422124787052,-0.40404927017741626,-0.38931740928336617,-0.40894746752614747,-0.46778447687714114,-0.5013412265189781,-0.5106262708845744,-0.5228533181794639,-0.5229577992766405,-0.5405463576871564,-0.5591283152448657,-0.5370393161454965,-0.5430517133771623,-0.5465524770750605,-0.5497328192677637,-0.5531757436866912,-0.5520504023992079,-0.5534375509699833,-0.5598092698038103,1
-0.5173129562449911,-0.49146858182391134,-0.4400314511525329,-0.448362202828291,-0.43879062635583244,-0.342046580081766,-0.40998269936205,-0.3900625915049053,-0.38249443802620775,-0.4217434346022987,-0.39419114625476676,-0.4028833147806908,-0.38818454477673897,-0.4077832318068894,-0.4665580249435799,-0.5000888999958084,-0.509383886103165,-0.5216131911926951,-0.5217374976360863,-0.5393079654582003,-0.5578868474992921,-0.5358728944590934,-0.5419248736092346,-0.5453904232610822,-0.5485736397234104,-0.5520118194651304,-0.5508954432149433,-0.5522281270016942,-0.5586114027383514,-0.5752797518438667,1
-0.490223875004201,-0.4388448907298391,-0.4470788816109271,-0.4375350352626624,-0.34082768346214715,-0.40872837511240134,-0.3888458169768163,-0.38126389635816915,-0.4205628778856998,-0.3930420208250154,-0.4017279316727207,-0.38702772480336983,-0.40663981816419953,-0.46536057650415585,-0.49884358393322337,-0.5081268434327479,-0.5203643836541573,-0.5204980223633335,-0.5380781757863199,-0.5566383287642577,-0.5346449935863786,-0.5407556711576293,-0.544262277572278,-0.5474104359989352,-0.5508513437755249,-0.5497328192677637,-0.551073066620111,-0.5573989522605219,-0.5740728808050862,-0.5470582647900677,0
-0.43763000760217113,-0.44588835482421246,-0.43625798654027875,-0.33962863750337696,-0.40747064062156885,-0.3876038176909818,-0.38005222850357023,-0.4193100619616358,-0.39187792242215125,-0.4005745078030866,-0.3858814181858709,-0.4054723710459354,-0.4641842701353192,-0.49762752273800953,-0.506876833622761,-0.5191009021132699,-0.5192498667325504,-0.5368291564618419,-0.5553984822508677,-0.533410047638357,-0.5395249217442978,-0.5430917447153603,-0.5462811623477345,-0.5496868441851278,-0.5485736397234104,-0.5499103413884007,-0.5562409475839775,-0.5728513859415703,-0.5458678189354457,-0.5415952658477289,0
-0.4446694799183226,-0.4350735498610345,-0.3384083088220155,-0.40623312771950276,-0.386358386900735,-0.3788153567790171,-0.41807631249811117,-0.3906418903758724,-0.39940609002993466,-0.3847370320268516,-0.40431550583956627,-0.46298368705552484,-0.49643278294137866,-0.5056561412264978,-0.5178444840149162,-0.5179870387349165,-0.5355714539421212,-0.5541393467060426,-0.5321836805389699,-0.5382871260139063,-0.5418596324708318,-0.5451094803804906,-0.5485562994019263,-0.5474104359989352,-0.5487510608811541,-0.5550752755199065,-0.5716845825684255,-0.5446628229769348,-0.5404079995124396,-0.5521341410080596,1
-0.4338608040845542,-0.3372789429155088,-0.40497421310807163,-0.38513306019059895,-0.3775750447038996,-0.4168172688443797,-0.38942477962858973,-0.398165653171341,-0.3835776959716635,-0.4031606062038886,-0.46179389964868933,-0.49521363012213687,-0.5044568148489702,-0.5166174687236894,-0.5167312710757429,-0.5342990551044208,-0.5528715249586705,-0.5309381039949579,-0.5370579287370217,-0.5406204733151495,-0.5438761910184425,-0.5473833224704951,-0.5462811623477345,-0.5475877562155439,-0.5539130575382092,-0.5705101042250197,-0.5435120703190524,-0.5392061973438386,-0.5509407409433533,-0.5562097498140738,1
-0.336121620773903,-0.4038073832479527,-0.383886369465688,-0.37635478782170384,-0.41555482309145714,-0.38818244274832653,-0.39694417570838375,-0.38234652047768125,-0.40199070547874133,-0.46060621847464506,-0.4940053927697901,-0.503233041531948,-0.5154118803702844,-0.5155048975562935,-0.5330337620629085,-0.5515889815063123,-0.5296838452791571,-0.5358095053052309,-0.5393899219925602,-0.5426358542321045,-0.5461487065821794,-0.5451094803804906,-0.5464583835498504,-0.5527468160311992,-0.5693391079290555,-0.5423536565234478,-0.5380585517171461,-0.5497327775154324,-0.555013977704795,-0.5467480857127959,1
-0.40261235710506377,-0.38273140805390565,-0.3751131826068337,-0.414312643923038,-0.3869366749460745,-0.39569745425129893,-0.38113422427901555,-0.4007487563336855,-0.4594033765878961,-0.4927993404787465,-0.5020202134887881,-0.5141817987712778,-0.5142999447913986,-0.5317979900912407,-0.5503135920330744,-0.5284148988851537,-0.5345523988553414,-0.5381401365203419,-0.5414041333802846,-0.5449070426913064,-0.5438761910184425,-0.545286600711712,-0.551614562578982,-0.568164089999581,-0.5411986737609853,-0.5369032476303772,-0.5485791379989048,-0.5538036315858982,-0.5455578203854599,-0.5362548958429161,0
-0.38154832640560865,-0.3739631588319548,-0.4130490486114586,-0.38571101444262557,-0.39444730943656864,-0.37989672164028426,-0.3995257796638321,-0.4581278346678248,-0.49157803802046773,-0.5008095901209365,-0.5129627031410463,-0.5130705034809567,-0.530583729425232,-0.5490678581692978,-0.5271530418895882,-0.5332805975828856,-0.5368816676251238,-0.5401531714735577,-0.5436740038646715,-0.5426358542321045,-0.5440532080202494,-0.5504398449430591,-0.5670232276386347,-0.540039665913958,-0.5357513647016129,-0.5474178348567544,-0.5526476741037601,-0.5443530057644923,-0.5350707376557069,-0.5192239004606158,0
-0.37278504645812544,-0.4118776741535314,-0.3844639888919051,-0.39321731372406876,-0.3786557797394519,-0.3982775528676555,-0.45687155576243227,-0.4902836703578936,-0.49958369432789285,-0.5117458389647693,-0.5118520440087697,-0.5293449113835379,-0.5478437315908496,-0.5259206601769675,-0.5320158992684182,-0.5356085004892515,-0.5388935257941059,-0.5424217162013809,-0.5414041333802846,-0.5428127678594529,-0.549203445924171,-0.5658397396873632,-0.5389145080543724,-0.5345954560202429,-0.5462599719231048,-0.5514840509983718,-0.5432024295181519,-0.5338720575854288,-0.5180496544809039,-0.5191012715230897,0
-0.41067807429364056,-0.38330870239015935,-0.3919659395545357,-0.37743489904680266,-0.3970259053108689,-0.4555898905148121,-0.48900872853135974,-0.4982846424691998,-0.5105136719749146,-0.5106358132725134,-0.5281171356696681,-0.546594974680191,-0.5247097571059358,-0.5307807140987824,-0.5343424427986819,-0.5376191789216966,-0.5411607443712506,-0.5401531714735577,-0.5415809443443316,-0.5479599981254125,-0.564594356594785,-0.5377470190448549,-0.5334733381731895,-0.5450980845255923,-0.5503238754687194,-0.5420441922861212,-0.5327274492458283,-0.5168609311068982,-0.5179270969146303,-0.5455626726500437,0
-0.3821252935689077,-0.3908064308802733,-0.37619266809189517,-0.395794421208515,-0.45430486219514304,-0.4877083240257806,-0.49700505695954084,-0.5092082248680485,-0.5094042828070905,-0.526891628495937,-0.5453573242132932,-0.5234743214879877,-0.5295670345811544,-0.5331059163672586,-0.5363519470978749,-0.5398850680211307,-0.5388935257941059,-0.540329879168146,-0.5467251876631579,-0.5633419208059441,-0.5365180248352269,-0.53230894617276,-0.5439701020768976,-0.5491596759735884,-0.5408893855265403,-0.5315751850636914,-0.5157260089917336,-0.5167384452322116,-0.5443730972448164,-0.5360721546811125,0
-0.3896187728332288,-0.3750420367718387,-0.39454155404520846,-0.45304031613875184,-0.4864045887774257,-0.4956999897768116,-0.5079222994218737,-0.5080994848158289,-0.5256507764232567,-0.5441219844770159,-0.5222499063777487,-0.5283288019853214,-0.5318909085104747,-0.5351142621790673,-0.5386165130340947,-0.5376191789216966,-0.5390701301885361,-0.5454711179039391,-0.562098184185837,-0.5352819850736781,-0.5310831244554268,-0.542799735520644,-0.5480294255577977,-0.5397305536444645,-0.5304263323860907,-0.5145834393816404,-0.515603592861145,-0.543168975642522,-0.534888102851064,-0.5675493198017807,1
-0.3738633129600284,-0.3933805957894698,-0.45175428475346285,-0.4851215144561603,-0.4943915998954331,-0.50661086637043,-0.5068142028711435,-0.5243364724328091,-0.5428712519640654,-0.5210277454492656,-0.5271016079405844,-0.5306513377526733,-0.5338981069965577,-0.5373775225838342,-0.5363519470978749,-0.5377956797568104,-0.5442083634481072,-0.5608351355658492,-0.534054531685575,-0.5298502585691448,-0.5415677936300151,-0.5468567485128099,-0.5386055683912243,-0.5292734533028391,-0.5134442504901683,-0.5144610930552554,-0.5420190735891292,-0.5336895296153076,-0.5663469479507883,-0.5528747236111582,1
-0.3921914788728569,-0.4505611266033147,-0.48381689749397083,-0.4931039153960352,-0.5052961216028373,-0.505503415953299,-0.5230417667050696,-0.54154687208707,-0.5197902559157144,-0.5258766799507693,-0.52942281417849,-0.5326573804287774,-0.5361600744482526,-0.5351142621790673,-0.5365283448655384,-0.5429309000000541,-0.5595633995800533,-0.5328078624390479,-0.5286259572218625,-0.5403288049024941,-0.5456224398200509,-0.5374382552242122,-0.5281543072286001,-0.5123010331104162,-0.5133219737463179,-0.5408615111310667,-0.5325450252080883,-0.5651299724686808,-0.5516808925200636,-0.5375268705086279,1
-0.44933960347371377,-0.4826056941861811,-0.4917946739954114,-0.5040021429106836,-0.5041893162045853,-0.5217215174581361,-0.5402421776177952,-0.5184793809792209,-0.5246364098822269,-0.528196562339724,-0.5314277085007795,-0.5349180453662613,-0.5338981069965577,-0.5352905582527018,-0.5416605664030976,-0.5582769320692732,-0.5315525106958985,-0.5273824586268223,-0.5390984228356179,-0.5443810832586491,-0.5362094411428879,-0.5269929427181285,-0.511191364328768,-0.5121788259341048,-0.5397073770026536,-0.5313928650479021,-0.5639675657087735,-0.5504724961311865,-0.5363419720196022,-0.5299984155401143,1
-0.481366010275849,-0.490578980715586,-0.5026865878479718,-0.5028959763709442,-0.5203979717048977,-0.5389118987724458,-0.5171880746480005,-0.5233226994086169,-0.5269549619760094,-0.5302003132146101,-0.5336870793266097,-0.5326573804287774,-0.5340743023559529,-0.5404198210437153,-0.5569976371753484,-0.5302824685323714,-0.5261302784777168,-0.5378488076184531,-0.5431483496472346,-0.5349735815881654,-0.5257702222795745,-0.5100396547986528,-0.5110692253921745,-0.5385492176067879,-0.5302441160619215,-0.5627974877676154,-0.5493184354150082,-0.5351425483248248,-0.5288178986862254,-0.4959724921100802,1
-0.4893347780640353,-0.5014647644905984,-0.501581062142876,-0.519095276082459,-0.5375783407240181,-0.5158712387021143,-0.5220285820644662,-0.5256398948924849,-0.5289575638357007,-0.5324583954579575,-0.5314277085007795,-0.5328334743291708,-0.5392006349070048,-0.5557480499324199,-0.5290195209717568,-0.5248634158650936,-0.536590509028901,-0.5418963690012535,-0.5337463071671689,-0.5245404590240001,-0.5088268246606813,-0.5099175853811894,-0.5374248920041542,-0.5290913406479437,-0.5616308779000577,-0.5481567107102163,-0.5339972165611488,-0.5276228762925956,-0.4948117786796409,-0.4972372533088787,1
-0.5002143924834553,-0.5003598609863753,-0.5177709771260666,-0.5362657284305757,-0.5145511003612406,-0.5207089236077829,-0.5243444326715596,-0.5276413250081617,-0.5312143512220668,-0.5302003132146101,-0.5316037015966862,-0.5379568549717001,-0.554520107100905,-0.5277860632263699,-0.5236036327537659,-0.5353175126259558,-0.5406357042797013,-0.5324998179444277,-0.5233192389631012,-0.5076069560171296,-0.5087048264567333,-0.5362582508553994,-0.5279722962642647,-0.5604602454536768,-0.5469984275526324,-0.5328442283314883,-0.5264818262695252,-0.49363664859279544,-0.4960758037749319,-0.4923176688740084,1
-0.49911011516681353,-0.5165406641242387,-0.5349314821287203,-0.5132517796080757,-0.5193859676255537,-0.5230234238371616,-0.5263447011774816,-0.5298967919238119,-0.5289575638357007,-0.5303762059367235,-0.5367241493735416,-0.5532675057167223,-0.5265740944898064,-0.5223732972899172,-0.534051624857399,-0.5393603358086302,-0.5312446462785809,-0.5220788398473535,-0.506395562498983,-0.5074850290577407,-0.5350301251713908,-0.526811035350928,-0.5593236848710277,-0.5458361200217473,-0.5316946539056364,-0.5253331234704828,-0.4925149505056267,-0.49489993428073936,-0.49115908258678465,-0.4865733447220509,1
-0.5152817480758362,-0.5336915110238399,-0.5119308659601752,-0.5180838561414125,-0.5216991198069113,-0.525022525982004,-0.5285988590429925,-0.5276413250081617,-0.5291333556952702,-0.5354937333787518,-0.5520260355771124,-0.5253375853259349,-0.5211644207527002,-0.532815266083699,-0.5380920872383386,-0.5299747846441325,-0.5208297600989396,-0.5051650479450673,-0.5062737062940317,-0.5337949543140743,-0.5255884210344755,-0.55814457935119,-0.5447077254586776,-0.5305410532296768,-0.52418782086651,-0.4913856163200234,-0.4937775168720892,-0.48998608919037184,-0.48541810168821,-0.46795538661882463,1
-0.5324228749887628,-0.5107038398310513,-0.5167601431301867,-0.5203956731495187,-0.5236970576028995,-0.5272753694429773,-0.5263447011774816,-0.5278170140100124,-0.5342479485824769,-0.5507868924879064,-0.5241121035952488,-0.5199310266543946,-0.5316004242693096,-0.5368533991216776,-0.5287120167551543,-0.5195660056652589,-0.503925855696923,-0.5050432629123104,-0.5325683638526397,-0.5243587639472639,-0.55690368550277,-0.5435369390614032,-0.5294211993356184,-0.5230384910918149,-0.4902596208228565,-0.4926474627450917,-0.4888664697508302,-0.4842484665506416,-0.46681097942045613,-0.48115122209222067,1
-0.5094482317157603,-0.5155303990357948,-0.519070620835055,-0.5223924577169711,-0.5259485889269669,-0.525022525982004,-0.5265202882112161,-0.5329286142935858,-0.5495323381023504,-0.5228888806035191,-0.5187086398938947,-0.5303610207817543,-0.5356362504068075,-0.5274787362871963,-0.5183093159702455,-0.5026720135691631,-0.5038041418575183,-0.5313225626277784,-0.5231376493243501,-0.5556557409150661,-0.5423045670969949,-0.5282591137345625,-0.5219228265812242,-0.4891295939941196,-0.49152074959276404,-0.4877392160042367,-0.4831321141434559,-0.4656522287526376,-0.47999913478729495,-0.4677149377217147,1
-0.514272055540063,-0.5178395763808095,-0.5210662486067804,-0.524642689435927,-0.5236970576028995,-0.525198010630543,-0.53162892177379,-0.5482040607517888,-0.521650323835214,-0.5174884986489032,-0.5291326633987519,-0.534394522959686,-0.52626694312005,-0.5170820327015099,-0.5014251891005139,-0.5025503711017199,-0.5300680791643364,-0.5218973562691276,-0.5544164645992014,-0.5410651481082143,-0.527035654630329,-0.5207650089095055,-0.4880328639982051,-0.4903900052635272,-0.4866152943394735,-0.4820081302447534,-0.46454646514056797,-0.47883266954244075,-0.46657067046697875,-0.4591958332971079,1
-0.5165799241932588,-0.5198340809933579,-0.5233151767006583,-0.5223924577169711,-0.5238724400428796,-0.530303665337359,-0.5468955025176825,-0.5203383605528566,-0.5162530386332942,-0.5279065770411048,-0.5331638566090491,-0.5250306108238976,-0.5158761789524745,-0.5002076395994436,-0.5013036176660431,-0.5287989074588473,-0.5206483826127679,-0.5531579026185316,-0.5398343387400296,-0.5258051523870715,-0.5195459217565813,-0.48689433584039643,-0.4892925714618945,-0.48548734089621154,-0.480887468044209,-0.46343307916242654,-0.4777194009184123,-0.4654120603708992,-0.4580565242452751,-0.45380977800184424,1
-0.5185732984500663,-0.522081743368116,-0.5210662486067804,-0.5225677389245529,-0.5289751210331081,-0.5455613441035707,-0.5190459752887322,-0.5149442333609019,-0.5266651429642867,-0.5319354711489718,-0.5238053048199519,-0.5146458299952876,-0.4990114258363109,-0.5000861382513982,-0.5275368262219371,-0.5193847345373042,-0.5518906546058215,-0.5385842936986315,-0.5245831984223018,-0.5183197933704807,-0.4856950083434856,-0.48815332630286207,-0.4843926447114983,-0.47976277336272316,-0.46232298122787024,-0.47659850346047766,-0.46430643351196293,-0.45690289460590794,-0.45267360368738174,-0.4351725839868493,1
-0.5208196869956974,-0.5198340809933579,-0.5212414282688298,-0.527667474599197,-0.5442239131794759,-0.51772805599679,-0.5136549787935312,-0.5253502454570014,-0.5306917267746979,-0.5225822568041594,-0.5134264687316115,-0.49779078815086847,-0.4988899938994304,-0.526304223256091,-0.518128150695348,-0.5506086863275045,-0.53732556515707,-0.5233420610694782,-0.5171021831732331,-0.4844886482271481,-0.486953264329302,-0.48325618849638924,-0.4786712737404833,-0.4612088485356822,-0.47548091789945324,-0.463193184404809,-0.45580211291048656,-0.4515231228549679,-0.4340472567033498,-0.4437686320585313,0
-0.5185732984500663,-0.5200091620625495,-0.5263382095173763,-0.5429074649989465,-0.5164068361788666,-0.5123402030038101,-0.524054951345673,-0.5293744732696614,-0.5213438758638023,-0.5122093400568248,-0.49658107551123665,-0.49766942613843507,-0.5250931010635388,-0.5169009718691285,-0.5493338692964571,-0.5360521377234565,-0.5220922428645285,-0.5158654152349366,-0.4832906703052765,-0.4857461694161378,-0.4820589834415066,-0.4775380740195253,-0.46012770930826524,-0.4743592991944451,-0.4620832229065951,-0.45469371314241924,-0.45042540442973383,-0.43290767158642496,-0.4426383017901662,-0.43148409790518205,0
-0.5187482802946732,-0.5251030747918697,-0.5415693709447559,-0.5151064442774888,-0.5110221212648867,-0.5227341113084892,-0.5280768435372952,-0.5200320918874685,-0.5109769072805371,-0.4953735542361625,-0.4964597829721657,-0.5238574447037087,-0.5156952215563388,-0.5480887002468144,-0.5347858209714575,-0.5208277481216805,-0.5146199677434338,-0.48207365055764567,-0.48454746175242125,-0.4808547466924251,-0.47634420482911977,-0.45900506422699383,-0.47327081683816485,-0.4609692266213462,-0.4535885855838148,-0.4493200705717862,-0.4318205528965576,-0.44149369123357257,-0.43036091735700666,-0.3227410841871912,0
-0.52383930612493,-0.540325663969968,-0.5137844561680767,-0.5097248374717334,-0.5214099757842416,-0.5267536583256992,-0.5187398843785733,-0.509671189129682,-0.49415077564092513,-0.49525233087362486,-0.5226328102755999,-0.5144649768002888,-0.5468651330406953,-0.5335490389307181,-0.5195703216336774,-0.5133598546792302,-0.4808479571274609,-0.48332970795431407,-0.47965887753025754,-0.4751433053987058,-0.4578220069238409,-0.47214069095325145,-0.4598882211972977,-0.45247942219641973,-0.44821799918725036,-0.43072582790885,-0.4404016836191876,-0.42922348861055787,-0.32168119314686017,-0.4576040615982399,1
-0.5390532681276573,-0.5125563868199308,-0.5084059670846129,-0.5201066960235055,-0.5254271816729724,-0.5174221435689316,-0.5083849949837418,-0.49285490264173476,-0.4940296217917623,-0.5214104309662959,-0.513245719065545,-0.5456169396388164,-0.5323337779273328,-0.5183423113900589,-0.5121067890586203,-0.47960764768334563,-0.48210328025543786,-0.4784439789931285,-0.47395075059636255,-0.45663192409386333,-0.47094997051730214,-0.458765712428046,-0.4514031574257172,-0.4471118913152921,-0.4296343317052097,-0.4393020654936774,-0.4281384677137563,-0.3206073379693689,-0.4564656789732549,-0.4388153847780654,1
-0.5112997288012646,-0.5071809248036674,-0.5187818111219465,-0.5241215831431162,-0.516101101925388,-0.5070732921334719,-0.49157846849804226,-0.4927338196809998,-0.5201727219885617,-0.512028693477357,-0.5443798490454866,-0.5310939521509596,-0.517135737670313,-0.5108830815718224,-0.4783742916234132,-0.4808622347005059,-0.47722040740402943,-0.47273918598810777,-0.4554501114799334,-0.46975222121396865,-0.457582794759237,-0.450285478191324,-0.4460386237400439,-0.4285387967351044,-0.4382056916907981,-0.4270458423269967,-0.3195841636771293,-0.4553129799187998,-0.437687937348532,-0.42722334344839324,0
-0.5059273132479236,-0.5175509292126826,-0.5227943722999708,-0.5148008864967042,-0.5057582780325144,-0.49027656557129,-0.49145745581263056,-0.518861623267031,-0.5107963642896278,-0.5431450667906834,-0.5298651752033368,-0.5159046634183706,-0.5096807691532005,-0.4771700310582914,-0.47962814602599385,-0.47598222512425126,-0.47151894931897825,-0.4542493524854391,-0.46856279486763364,-0.4563928516244737,-0.4491075077673214,-0.44492399789489234,-0.42747590025894855,-0.43710528017261846,-0.4259564390568481,-0.31855343819446025,-0.4542131035291213,-0.4365462225697615,-0.42610264270138754,-0.4277210726654108,0
-0.5162914406116094,-0.5215612320813299,-0.5134790754058554,-0.5044640325793113,-0.48897133448686253,-0.4901556234486482,-0.5175700950862607,-0.5094907517764299,-0.5418948944737533,-0.5286386710736847,-0.5146845815388369,-0.5084539877138844,-0.47598697819642644,-0.47842316260872014,-0.4747509861254615,-0.4702841103257799,-0.4530399246423138,-0.46735437718680106,-0.4552111777447348,-0.4479225140339976,-0.44374915528019443,-0.42637183995844513,-0.4360376002260387,-0.42486299656918924,-0.31752573826013936,-0.45310560984699116,-0.4354570320699237,-0.42496770488615365,-0.42660008223508566,-0.4347758433066178,0
-0.5202994707009196,-0.5122511779290425,-0.5031482099303993,-0.48768677861577,-0.4888504628052546,-0.5162530363833949,-0.5082046623545008,-0.5405710858740886,-0.5273968171906032,-0.5134667353270677,-0.5072381709539162,-0.47477959873458536,-0.47723939385915437,-0.4735488144106646,-0.4690561987342729,-0.4518159215921826,-0.46613728838059804,-0.45401055830356296,-0.44674575550664775,-0.4425672907196689,-0.4252078204017473,-0.4349286667708305,-0.4238021526367061,-0.31649398581070787,-0.45200138549697305,-0.43436023348675573,-0.4238851072548752,-0.42546485343635204,-0.433650746930112,-0.43234009597889367,0
-0.5109946928829632,-0.5019261267675225,-0.4863806755209916,-0.4875659767024365,-0.5149326756698457,-0.5068930646565939,-0.5392669577412424,-0.5260814915728121,-0.5122335815198926,-0.5060245716387303,-0.4735830587893639,-0.4760312932157606,-0.47236783027371454,-0.4678573100875196,-0.45059879447727275,-0.46490560514764967,-0.45280127005524595,-0.44555008043969174,-0.44139363983819874,-0.42403678361727537,-0.4337596552863362,-0.4227001833625852,-0.3154936544516283,-0.45089312512351515,-0.43326667027252885,-0.4227949072220139,-0.4243819727260875,-0.43251139375655656,-0.4312164172313862,-0.45030162859300954,1
-0.5006754932901901,-0.4851680292934053,-0.4862599435917413,-0.5136331346678146,-0.5055781555265889,-0.5379372475488037,-0.5247857730536492,-0.5109271280753439,-0.5047956854075637,-0.47238865392756374,-0.47483403674134994,-0.4711625348346112,-0.46667957738729426,-0.44941054659898366,-0.46368083432777213,-0.45157740695013693,-0.4443457380354317,-0.4402010907656665,-0.42287388602295384,-0.43258362439795617,-0.42153830579672363,-0.3144533322884237,-0.44981774613111203,-0.43216906873729555,-0.4217079216038517,-0.4232914893702821,-0.4314245007093592,-0.4300784880495466,-0.44916749605614664,-0.4828992855742103,1
-0.4839268932178685,-0.4850473653132866,-0.5123120000897693,-0.5042840140417948,-0.5366042571722374,-0.5234645068726784,-0.5096402049951684,-0.5034935839565012,-0.47117905561338763,-0.473638918411775,-0.46996806546803543,-0.4654775574286649,-0.4482433521467952,-0.4624850446004153,-0.4503604191155654,-0.4431268331824584,-0.43899987528511164,-0.4216921537284478,-0.43141576705630447,-0.4203694119368377,-0.3133546043546168,-0.44870096928228936,-0.4311041451401069,-0.4206168962471545,-0.42220422132889124,-0.430330001558781,-0.4289929803115903,-0.44801906616540466,-0.48174618087907556,-0.506273322862272,1
-0.4838062976222609,-0.5110847594545629,-0.502968295682889,-0.5352922071290064,-0.5221399459398339,-0.5083277702291084,-0.5022109752299947,-0.4698966236161171,-0.4724286031557335,-0.468775722338208,-0.4642863424123421,-0.4470519483645201,-0.4613103809624815,-0.4491723086616399,-0.441914780050274,-0.4377841052006351,-0.42050175824148184,-0.4302290457305194,-0.41920864252500695,-0.312248887655358,-0.4475239232376438,-0.4299980197125048,-0.41955842331036114,-0.42111291360983,-0.4292387304751056,-0.42789986766411525,-0.4469233429683863,-0.4805786936776789,-0.505106614246612,-0.43581698703110405,0
-0.5098289354587567,-0.5017463137775418,-0.5339585248165268,-0.5208362448334406,-0.507012025475074,-0.5009028724645749,-0.46863351422489335,-0.47114544003467707,-0.4675681957952018,-0.46309723972835876,-0.44587128103928514,-0.460111452761269,-0.4480052503097747,-0.44073153854154656,-0.43657517194802936,-0.41929683529567424,-0.42903365972915786,-0.41802905097846793,-0.31115086078143167,-0.446339854286638,-0.42883188469549605,-0.41845886948522953,-0.42005416370006393,-0.4281434205764499,-0.42680997868058784,-0.4458200060581461,-0.4794644308583709,-0.5039254620664683,-0.43469128469866913,-0.4536510817297517,1
-0.5004957822065397,-0.5327191013017077,-0.519510937282909,-0.5057170563470246,-0.49959145223754237,-0.4673449905527529,-0.4698816058430605,-0.4662878765510769,-0.4618929694099084,-0.4446926809807392,-0.45892330955734495,-0.44681398363425867,-0.43956930222413765,-0.43539500874504394,-0.41809869766209273,-0.42782373374880744,-0.4168407968758608,-0.31003438222498886,-0.44516401417963297,-0.4276587315285288,-0.41729946623994296,-0.4189543277090515,-0.427080744875852,-0.4257160505842257,-0.44471992527984516,-0.47834253834835727,-0.5027979054750664,-0.43355132284948383,-0.4525149997780867,-0.4713841878916131,1
-0.5314510163653371,-0.5182796450141831,-0.5044005077847797,-0.49830076633433956,-0.4660531156408293,-0.4685923544058812,-0.46502686164007573,-0.460615970802142,-0.4434989644281893,-0.45773726556125527,-0.44563345253130304,-0.4383828932410952,-0.434235821074878,-0.41692918622152064,-0.42662061684313046,-0.4156380206866934,-0.3089092598744211,-0.44396926295567185,-0.4264937321112127,-0.4161330477792528,-0.4177946354206729,-0.42597690949018113,-0.4246547303117507,-0.44361580758512903,-0.4772239608951239,-0.5016627077363592,-0.4324638376612191,-0.4513646117230206,-0.47023778509704367,-0.43686053524456137,1
-0.5170197434242981,-0.5031777198162034,-0.4969885142459042,-0.4647817883817667,-0.4672997529844708,-0.4637404410151959,-0.45935824780775386,-0.44223272835174304,-0.45653606882437614,-0.4444549881130185,-0.43720718849349594,-0.43305248328323853,-0.4157805476874174,-0.42544619248156396,-0.4144420196135019,-0.30776977382153337,-0.4427658446690425,-0.425309885583871,-0.4149747367372876,-0.41662792779088936,-0.42481312033015084,-0.42355227576683957,-0.4425444922010272,-0.4761013505116682,-0.500530867306286,-0.431368745859265,-0.45026698355485456,-0.4690770298762272,-0.435734225556761,-0.14387355411604402,1
-0.5019263770171785,-0.49576989782107983,-0.46348895481804475,-0.46602770615457806,-0.4624506655223215,-0.45807513256439086,-0.4409856748049625,-0.45526220459709876,-0.44326140786120344,-0.4360335298096715,-0.4318798299146961,-0.4146078370406729,-0.42429268836090106,-0.4132746162626656,-0.30663676228135295,-0.44154786625211606,-0.42411737523555976,-0.4137976180756231,-0.4154693295691486,-0.42364231404278235,-0.4223899011027135,-0.4414318551482433,-0.475011895404899,-0.49939499680427624,-0.4302768840062272,-0.4491617400317586,-0.46796931616447585,-0.4345936536262284,-0.1429177657445694,0.09061701932355601,1
-0.4945227532946824,-0.46228919227876275,-0.464734150794234,-0.4611814176314374,-0.4567886567505352,-0.439713272650375,-0.45400758887435666,-0.44199531078167464,-0.4348447786928927,-0.43070920957272624,-0.4134457422610006,-0.42311507614752003,-0.4121280655075225,-0.3055315090989007,-0.44033673515577143,-0.4229103321226662,-0.41261183759301845,-0.4142919220321066,-0.42247964535987603,-0.421220509927865,-0.4402590497986237,-0.47388077853160226,-0.4982925346720553,-0.429180983465525,-0.44805975869520875,-0.46685397840605286,-0.4335055749293649,-0.14194848047799424,0.09143633186564432,1.0360620827600187,0
-0.46106102244286495,-0.4635336874462604,-0.4598906698678401,-0.4555226770245052,-0.4384374914428997,-0.4527275936122914,-0.4407483950296455,-0.43358360627415005,-0.4295235115924083,-0.41228563539568913,-0.421948111421362,-0.41095745807846207,-0.30444650971499176,-0.4391544033963302,-0.42171008439195895,-0.411411541229644,-0.41310585258824883,-0.42129814332835214,-0.4200592466223141,-0.43907922339127353,-0.4726890429539724,-0.497148166907322,-0.4281177283963416,-0.4469537408518304,-0.4657419348892547,-0.43240988910732514,-0.14102703547412967,0.09226852876092322,1.0363311369387151,0.7761801057856044,1
-0.4623048123112881,-0.4586929324791499,-0.45423520753491975,-0.43718210418253134,-0.4514442323970911,-0.4394761312334305,-0.4323415725901661,-0.42826545270461713,-0.41111050208533045,-0.4207831554167068,-0.4097974529485546,-0.3033379088177173,-0.4379930680630619,-0.4205384909722801,-0.4102180082040478,-0.4119052665386785,-0.4201079781728198,-0.418879158265947,-0.43790759664165085,-0.47149027806643157,-0.4959428574751161,-0.42701330277962535,-0.44588056158680534,-0.4646258570341145,-0.4313174351205616,-0.14009812695034157,0.09305660937407258,1.0366106057562916,0.77660041384129,0.7820975531434813,1
-0.45746680076985513,-0.453040653096732,-0.4359052599234494,-0.4501813375231942,-0.43820048814562945,-0.43107421083108544,-0.4270265056230665,-0.4098632168486128,-0.41960314935507675,-0.40863942680485243,-0.3022395102136329,-0.4368075667267644,-0.4193877905182782,-0.40905304001293236,-0.4107114452027819,-0.41890328613629885,-0.4176904072058224,-0.4367170836520938,-0.47029984312252765,-0.4947305128158017,-0.42584890900288574,-0.44476602570758683,-0.4635428097706627,-0.4302209425737435,-0.1391719206467314,0.09385203857344462,1.03686097304907,0.7770318154057999,0.7825144171863685,0.7092992450544618,1
-0.45181772473247317,-0.4347210217622566,-0.44889696242787264,-0.4369452376857992,-0.4298034613233445,-0.42576224309152777,-0.40863495023824986,-0.4183508949785593,-0.40746638434776655,-0.30114282737813297,-0.43563276377065424,-0.41821300270413386,-0.407908900955519,-0.4095461925432341,-0.41770537831527554,-0.4164871328123761,-0.4355179048597915,-0.4690904108890405,-0.4935265915211854,-0.42467749783523967,-0.4435912752515559,-0.4624182208799901,-0.4291571067979408,-0.13824163995525887,0.0946451894272683,1.0371182255256473,0.7774299882201763,0.7829423592803819,0.7097584784315557,0.8296222776572697,1
-0.43350847577581825,-0.4477054124071747,-0.43566853065040967,-0.42855305770657753,-0.4244945874644909,-0.4073814118641565,-0.4171177022058307,-0.4062212313237629,-0.30003142692838886,-0.4344600030253601,-0.41704884415692983,-0.4067407230582291,-0.4084017717581514,-0.4165360936249032,-0.4152906359011801,-0.43430417657318854,-0.46787230722858136,-0.492303593309219,-0.4235142284332861,-0.44240950288987174,-0.4612331723910924,-0.428052089587059,-0.13734084358397178,0.09544244334354994,1.037374908681351,0.7778351735974481,0.7833371666001463,0.7102289800252652,0.8300114818411731,0.8605199609359029,1
-0.44648550771100126,-0.4344844257228084,-0.4272812125066102,-0.4232472481797764,-0.4061244618930739,-0.4158592175199238,-0.4049950784848878,-0.2988491352603135,-0.43327215421944604,-0.4158866823416587,-0.4055831317871112,-0.40723331004987023,-0.4153876796563335,-0.41412274331960985,-0.43309727542071913,-0.46663960659532183,-0.49107191963744806,-0.42233212213587584,-0.4412359435729677,-0.46004109750736016,-0.4268870897972666,-0.13640192256911343,0.09621275199380977,1.037635810512923,0.7782393198806905,0.7837389835824161,0.7106651907236857,0.8304116399309754,0.8608911823630169,0.8237481111008728,1
-0.4332720138236466,-0.4261018280451581,-0.42197847679051914,-0.404887726018064,-0.41459732977048536,-0.40374366252822713,-0.29768530009779803,-0.43201190196029704,-0.41470948407516683,-0.40442750918884046,-0.4060754367986341,-0.41421519523574146,-0.41297570804731565,-0.43191911723919685,-0.46541382320738456,-0.4898256149485827,-0.4211413525348237,-0.4400434866056283,-0.4588573065438658,-0.4257150723523908,-0.13540706722743276,0.09701873880080106,1.0378800043182461,0.7786476530602269,0.7841397721672733,0.7111084467661268,0.8307794179939313,0.8612732769843593,0.8241407341077207,1.8192931067391724,0
-0.4248941668582032,-0.4208020767615181,-0.40362959083720573,-0.41335570327624,-0.40248883131294816,-0.2964964567150588,-0.43077078047756795,-0.4134600930351494,-0.40325688198077636,-0.40491953342502235,-0.41305332522283006,-0.4118046125181929,-0.43076191527274854,-0.46421703440490525,-0.4885862921189561,-0.4199360545363567,-0.4388423632576469,-0.45765455751899276,-0.42455120084404807,-0.13440526840107386,0.09787741993756788,1.0381500122637155,0.7790364642222907,0.7845447483720374,0.7115505428179938,0.8311541824255245,0.8616234822696783,0.8245443263651066,1.8191063127273392,1.6990686581841794,0
-0.4195974191295571,-0.40246351774388694,-0.41209266234837794,-0.40125419395819206,-0.29530409012247766,-0.42950433465091264,-0.4122297388343015,-0.40201419198215044,-0.40374862407443707,-0.4118934421639498,-0.410644122436971,-0.42958057786872383,-0.4630413813176207,-0.4873761442941028,-0.4187375436314684,-0.437626685536885,-0.45644313905390155,-0.4233684888852182,-0.13341044450453102,0.09874298519712336,1.038459651160043,0.7794538009249092,0.7849302666332024,0.7119968175876528,0.8315280043673162,0.8619806587793797,0.8249154453071104,1.8189278873794872,1.6989518359886475,1.7712033273171752,1
-0.40126925321672857,-0.4109218261541606,-0.39999816378877545,-0.29413132081105714,-0.42823449949541553,-0.4109741043308661,-0.4007904808662716,-0.402505646352192,-0.41071853374980366,-0.4094856134139384,-0.42840991198323664,-0.46184145635026985,-0.48618726089438563,-0.41756766389360217,-0.4364178442093026,-0.45521714038775407,-0.42217711344269815,-0.13239777826915544,0.09960251273586601,1.0387759348373187,0.7799143594128725,0.7853442486970157,0.7124228461566644,0.8319060197405587,0.8623369486511794,0.8252935534969279,1.818732799118253,1.6988436965102895,1.7710445220318625,1.4586197610741944,1
-0.4097227680068669,-0.3988341344987512,-0.2929373500565345,-0.42698500149821045,-0.409715061846718,-0.39954151661997,-0.4012816500011776,-0.4094714778579998,-0.40831208572623645,-0.4272412706326801,-0.4606523228103751,-0.48497400777898625,-0.4164186606106324,-0.435237771706397,-0.45399802713521964,-0.4209712080828349,-0.13137649910051044,0.10047908378008273,1.039089959536835,0.7803816284715721,0.7858013707837741,0.7128780980475669,0.83226509176594,0.8626974357327419,0.8256707085785632,1.8185442121463233,1.6987169848157353,1.770894211031808,1.4586428825112645,1.6509788787621829,1
-0.3976419268704146,-0.2918335756582956,-0.42571406471908696,-0.4084762534435566,-0.3982891328853195,-0.40003239935304513,-0.4082434386089768,-0.4070664378732066,-0.4260575612800839,-0.4594652927095853,-0.4837716320713187,-0.4152455825177736,-0.4340786738624445,-0.45280781958550737,-0.4197720927012783,-0.13034111675017018,0.1013642272998082,1.0394178069170201,0.780845599859464,0.7862652019432521,0.7133774958283018,0.8326521317590565,0.8630393140252712,0.8260520563733289,1.8183564716535465,1.6985968333375485,1.7707264733972459,1.458675314771895,1.6508900452931714,1.8192931067391724,1
-0.2907020090007627,-0.424535562264011,-0.40721603932375827,-0.39705691963609774,-0.39877972971066883,-0.4069901285261979,-0.40583979448501617,-0.4248015303573186,-0.4582631050663637,-0.4825714163807217,-0.4140831226623927,-0.432895426561266,-0.45163868434270793,-0.41860161654167455,-0.12931171446087222,0.10226313246562077,1.0397540636506344,0.7813242792616631,0.7867257590827021,0.7138836211108344,0.8330816551177318,0.8634088379238543,0.8264143972150026,1.8181730456137628,1.6984773110159468,1.7705652606228135,1.4586853562107007,1.650810020162611,1.8191063127273392,2.3242357906701416,1
-0.42332878873482666,-0.40604794774152725,-0.39580332107051064,-0.3975472332843333,-0.40573340645257794,-0.40458788597254974,-0.42356459370119215,-0.4569882303314963,-0.48135597894306403,-0.4129226522811808,-0.4317228630994279,-0.4504453254180486,-0.41745202258330144,-0.12830868988816957,0.10315670578336968,1.040102704989246,0.7818114128559499,0.7872010040776347,0.714386181413968,0.8335178755181208,0.8638204182693311,0.8268047673107608,1.8179813923406394,1.6983620884457347,1.7704048073985066,1.4587020757199998,1.650710659094729,1.8189278873794872,2.323755115029844,2.3963704598031375,1
-0.40485165179212973,-0.39464165267972895,-0.39629335066570287,-0.40449689629845587,-0.40333256305123033,-0.4223023498183069,-0.4557326128409109,-0.48006759231784885,-0.4117471536848527,-0.43055233228003054,-0.44926271556311054,-0.4162783494471083,-0.12732493417379587,0.10402571136831881,1.0404486280166698,0.7823113095734311,0.78768470224369,0.7149036775728178,0.8339510118447089,0.8642386878346939,0.827237701936459,1.8178073816024478,1.6982373368568604,1.7702486627465515,1.458718989740748,1.6506178818140393,1.818732799118253,2.323281489030116,2.3958478010730593,4.271871857261024,1
-0.3934518210779322,-0.39513140648138667,-0.4032389875366901,-0.40209743868655873,-0.42103670935731796,-0.45445161171347825,-0.47879857979947144,-0.4104994959363962,-0.42936672425819766,-0.44808218127443755,-0.4151152983870352,-0.12631832562352058,0.10487673932535715,1.0407772810044134,0.782807769576132,0.7881811549141755,0.7154296394630245,0.8343986741254514,0.8646539968177315,0.8276773350909312,1.8176621797758,1.6981314821285267,1.770083770147128,1.4587401741096786,1.6505256467609075,1.8185442121463233,2.3227992191888265,2.395332003551635,4.270257638196648,4.151647408706032,1
-0.3939412973189275,-0.4020731342787973,-0.40084092000079713,-0.41979136599245365,-0.4531672463682458,-0.47750412885465704,-0.40927086003609925,-0.428108757108372,-0.4468865210734085,-0.4139542393270889,-0.1253212614108004,0.10574963862205936,1.0410931624900477,0.7832849535644125,0.78867418722775,0.7159684618884243,0.8348547813776525,0.865083726496534,0.8281138606938068,1.817523424453159,1.6980560974738572,1.7699370218128794,1.4587492258893031,1.6504377055785238,1.8183564716535465,2.3223232031431764,2.394808707770337,4.268645381111115,4.150103161457958,4.488275864660011,1
-0.4008790909956452,-0.3996764163991869,-0.4185245966968687,-0.4519033569544373,-0.4762063368958868,-0.4080169508615678,-0.42686990097135735,-0.445618302900919,-0.41277814918557154,-0.12432548000932707,0.10661385614353988,1.0414269580101154,0.7837479350015277,0.7891479892024453,0.7165036627172324,0.8353235739145045,0.8655218958158726,0.8285649322622176,1.81738554056076,1.6979871897583223,1.7698197468550227,1.458779683180685,1.6503397146633494,1.8181730456137628,2.3218489463314644,2.394291630428441,4.26705541088961,4.148561190241918,4.4865356963262935,4.704679872058999,1
-0.3984837314201459,-0.4173501405459686,-0.45061798424287186,-0.474929149101774,-0.4067596307297581,-0.4256057297563444,-0.4443692844009822,-0.4115298881904932,-0.12331547231324015,0.10747735844932511,1.041755549529305,0.7842299182489257,0.7896076212106029,0.7170190712922152,0.8357890774692075,0.8659727054173749,0.8290244498155847,1.8172588111348655,1.6979186729614506,1.7697089305752243,1.4588439328699727,1.6502611223389587,1.8179813923406394,2.321379065719481,2.3937764427140245,4.265470739845324,4.147039596587093,4.48479692467567,4.7028137544559385,4.921083879457985,1
-0.41614743924737196,-0.4494254656139633,-0.473630436875069,-0.4055225282293063,-0.4243381652882926,-0.44309490925600425,-0.4103006542609748,-0.12223657906210565,0.108354442942759,1.042085714327404,0.7847057415320511,0.7900862302606604,0.7175199090342697,0.8362357175184609,0.866420311448602,0.8294966612093285,1.8171403559278703,1.6978617201968011,1.7695987935210362,1.4589147203686492,1.6502136645530807,1.8178073816024478,2.3209064253725105,2.393265640020298,4.263891348660578,4.14552336103655,4.483083876634142,4.7009484682402265,4.919091812585584,6.435911931250893,0
-0.44820458610328956,-0.47242496660872435,-0.40426402528895233,-0.4230909162919332,-0.44181715846197356,-0.4090461446111071,-0.12117524803727324,0.10929778362003306,1.0424268643313568,0.7851825090374385,0.7905587011134916,0.7180400285267009,0.8366684492977088,0.8668492924671481,0.829965567382697,1.8170331445495924,1.69781306239394,1.7694999747596398,1.4589849377628321,1.650172695880388,1.8176621797758,2.320446159392916,2.3927528586627775,4.262316571841537,4.1440121880229785,4.481376021701118,4.699112342378673,4.917100011804782,6.433038219493098,6.652315938649881,1
-0.4711910524739007,-0.40309759512960813,-0.42182223547031295,-0.4405598204259325,-0.407788225039911,-0.12008932806418453,0.11022473444732107,1.0428236691291173,0.7856709756016459,0.7910321305120468,0.7185537420368194,0.8371199591968375,0.8672645353548459,0.8304155647091502,1.8169253799813407,1.6977758235267508,1.7694094385142982,1.4590675383206728,1.6501319259217273,1.817523424453159,2.320007725443958,2.392251699077269,4.260760124209727,4.142505614673509,4.479673837808257,4.697281303556913,4.915140808123206,6.430160816756668,6.649316277622743,6.2916425929849025,0
-0.40190297124854873,-0.4206459233754823,-0.43928101935699676,-0.406550528825124,-0.11899970731611116,0.1111757245684702,1.0432088109935616,0.7862180110477522,0.7915172427151692,0.7190682378809055,0.837565505716161,0.8676984270354351,0.8308516214192976,1.8168063909702135,1.6977376991276656,1.7693302161404558,1.4591584753260802,1.6501028838215759,1.81738554056076,2.319575610171473,2.3917713748251237,4.259195730870437,4.141016068725949,4.477976294743987,4.695456326955936,4.913186585412706,6.427340068334926,6.646312360321224,6.288852847406668,6.387822151828896,0
-0.41944135424112383,-0.43809488128478824,-0.405291430333945,-0.11792870255694476,0.1121306482477822,1.043615775994403,0.7867520842354977,0.7920608574471365,0.719594616494515,0.8380121258170574,0.8681264689918657,0.8313064808365501,1.8166789433455839,1.6976874222982787,1.7692503076398707,1.459261181481068,1.6500821449803686,1.8172588111348655,2.3191463844778593,2.391297350988375,4.257626258735426,4.139519831396516,4.476299424080529,4.693636017646439,4.911238816103616,6.424523558403266,6.643368534079458,6.286059787713632,6.384976428797621,7.085123953447854,0
-0.43688042321378684,-0.4041244219408133,-0.11683681113497155,0.11306824238622609,1.0440276131144055,0.787308589732405,0.7925915395060479,0.720180313933217,0.8384702981799341,0.8685556593191768,0.8317553552661574,1.816566131421884,1.697628024835323,1.7691588035014396,1.459362337420316,1.6500728951176147,1.8171403559278703,2.3187265930747354,2.390826505037445,4.256062612227827,4.138020176433484,4.474612349923494,4.6918387239513315,4.909295740548889,6.4217162401373695,6.6404288402590606,6.283321091171905,6.38212714040899,7.0818723938820325,4.872994100035988,0
-0.4029292161209739,-0.11583214787316204,0.11402631051888387,1.0444273075372152,0.787869709358774,0.7931446400034102,0.7207527147310885,0.8389864401711624,0.8689963170376236,0.832205289058639,1.8164509965750808,1.6975837662911544,1.7690585759414796,1.4594494849544095,1.6500626267861962,1.8170331445495924,2.3183149887703767,2.3903648476375743,4.254509639586672,4.136526377532991,4.472917206878922,4.690028968976553,4.907378023822133,6.418913800866044,6.63749872928505,6.280586703832736,6.379333742613919,7.078615447450335,4.871030021890107,4.007378070440041,0
-0.11480032739975557,0.11490104171752723,1.0448458121113033,0.7884172605391249,0.793702360504595,0.721347704609281,0.8394898870974425,0.8694945979249563,0.8326667912484684,1.8163393308550184,1.697536742584012,1.768973185369592,1.4595261878148018,1.6500398348295053,1.8169253799813407,2.3179138928455267,2.389911364890735,4.252959466271378,4.135042771987363,4.471227834678532,4.688208155022419,4.90544558802961,6.416153122917746,6.634573523768495,6.27786124737225,6.376544606879755,7.075425465568521,4.869066335457102,4.005917789371527,3.694794504197059,1
0.11580209759713116,1.0451966688279126,0.7889840792244471,0.7942465450237042,0.7219472422230538,0.8400156410624985,0.8699803382256704,0.8331863289343906,1.8162364989342508,1.697492896994632,1.7688852949786533,1.4596190360296957,1.6500076574312192,1.8168063909702135,2.317513639566776,2.3894682854592317,4.251417144020045,4.133562375333313,4.469550001265429,4.686393057129239,4.903499103165915,6.413361921401014,6.631692422788548,6.27514065226441,6.37376457588233,7.072239403970648,4.867134482402198,4.004460161198881,3.6935161498509292,3.646704724775062,0
1.045570493536261,0.7894789374714919,0.7948099866339563,0.7225328444730648,0.8405460622100598,0.8704883131398721,0.8336931421864495,1.816180539342934,1.6974582154412956,1.768800757310864,1.4597082346018746,1.6499908202388631,1.8166789433455839,2.3171060593923394,2.389026248078981,4.249882493415559,4.132089850486115,4.467874229959893,4.684590362944187,4.9015582795799455,6.410535740170389,6.628778540454073,6.272460256337211,6.370989417998833,7.0690637075804075,4.865207633889197,4.003020619424072,3.6922412649389673,3.6454543591554525,3.8631087321740494,0
0.789997686390043,0.7953015660023126,0.723137831928432,0.8410632081028223,0.871000985909287,0.8342222762465434,1.8161168327177295,1.6974717543087166,1.7687251855370687,1.4598000292738593,1.649971040987585,1.816566131421884,2.316692801088679,2.3885774405955,4.248354069396311,4.130625172392717,4.466206272381118,4.682788993648409,4.899630724622943,6.407714836734887,6.625826688313887,6.269750842032309,6.368255500724234,7.065892969573396,4.863287151848575,4.001586506466021,3.6909795022375262,3.6442075885912883,3.861732417285097,3.815018952752052,0
0.7958170150329887,0.7236697490989705,0.8415995274502689,0.8715005529329094,0.8347560716577476,1.8160731133070407,1.697476945059255,1.7686970253292469,1.459901648455386,1.6499543234504779,1.8164509965750808,2.3162920649709475,2.3881233521948357,4.246833351877682,4.129166388542637,4.464545671256673,4.6809954007421934,4.897703757336925,6.4049132563742415,6.622880059185593,6.267008441408058,6.365491561611446,7.062771022530152,4.861371357681678,4.000157195257859,3.6897233215632057,3.642973176516519,3.860359132155844,3.8136706265896203,3.4303007173760753,0
0.7242257943934841,0.8420647731992523,0.8720192390358809,0.8352765595876549,1.8160350435436003,1.6975024048347704,1.7686608776543398,1.4600541842402823,1.649946902044114,1.8163393308550184,2.31589086333757,2.387681484049385,4.245317680954904,4.127714383205748,4.462891894932926,4.679208849097789,4.895784529103268,6.402107103156535,6.619953618052999,6.264271355101082,6.362693307249613,7.059611778560188,4.8594804016286215,3.9987324660718757,3.6884713776001,3.641744370039696,3.859001642261051,3.812325455808165,3.429176301025808,2.9974927025781013,0
0.8425537198797253,0.8724673642683481,0.8358162313099071,1.8159891279977642,1.6975333949084752,1.7686448299181325,1.4601971697423073,1.64998824029503,1.8162364989342508,2.3154943530686416,2.3872394157322114,4.243806380088765,4.126266762444644,4.461247495487164,4.677429720469542,4.893872026938903,6.399308427630787,6.617021866845051,6.26155301525507,6.359900342856951,7.056408584600879,4.857575228240042,3.997323202145414,3.6872239774350017,3.6405197133450597,3.857649651895491,3.810995316540044,3.4280560450267332,2.9966201847665177,1.7952482170281738,1
0.872939080733789,0.8362847319555324,1.8159606442328953,1.6975558796316668,1.7686343840895504,1.4603609878902302,1.650020989995866,1.816180539342934,2.3151052896046616,2.3868022133848736,4.2423017779928855,4.124824014958036,4.459609334273373,4.675661639096648,4.891967546006156,6.396514271826705,6.614097555991861,6.258830594030857,6.357126509334518,7.053210504087004,4.855656670245138,3.9959087520278107,3.685988657887589,3.6392995945677904,3.8563022024927394,3.809670700371981,3.426944710771988,2.995752957897622,1.7950754173796009,2.107831783271155,1
0.8367769543881707,1.8158775098453481,1.6975960077130046,1.7686158286513252,1.4605300976382254,1.6500741214458627,1.8161168327177295,2.3147574364866466,2.386372259700435,4.240806581606902,4.123387524001816,4.457974637324077,4.673900987591843,4.8900757827061305,6.393732324762461,6.611177449667821,6.2561156753900695,6.354348266781309,7.050034341410512,4.85374378570201,3.994492877671153,3.6847514133956154,3.638091035694077,3.8549593174702417,3.8083505382376996,3.4258390881839023,2.9948877792829247,1.7949110492056477,2.1074770569001995,2.8051335848901133,0
1.8158145626817968,1.69757949012124,1.7686147896249391,1.4606893828994725,1.6501327354544257,1.8160731133070407,2.3144043608833207,2.3859827075071767,4.239313482190532,4.121960147746517,4.456347435176808,4.672142894559391,4.8881926409103125,6.390974787972508,6.608270150299076,6.253405486599295,6.351577510217214,7.046851394222082,4.851843977583219,3.9930828958991866,3.6835170636861023,3.636881053606047,3.8536303355648793,3.8070349346030303,3.424737224197381,2.9940285244723133,1.7947296362577494,2.1071299454655614,2.804373021984611,2.6849091363351203,0
1.6975835865959459,1.768558301955705,1.4608667346732238,1.6501825802852284,1.8160350435436003,2.3140700888905754,2.3855882934784054,4.237839754040966,4.120535198697578,4.454730162555598,4.670393092360733,4.886311151794704,6.388234214139598,6.605388931581991,6.250707107738051,6.348811343417569,7.043675812714008,4.849944920961699,3.991682530868192,3.682288685692611,3.6356746307653256,3.8522976726591054,3.8057327133713676,3.42363987166534,2.9931722459020222,1.7945547363845684,2.1067707534442954,2.8036182525069067,2.6842185452459195,2.757043805468116,0
1.7685221722474564,1.4609834506730244,1.6502501531050489,1.8159891279977642,2.3137419678111257,2.3852125139739377,4.2363705409506025,4.11913096900675,4.453114392477851,4.6686537435042945,4.884438749544657,6.385488952441895,6.602525867458068,6.248032025566186,6.346057252420991,7.040503805350049,4.848053611689695,3.990285866207636,3.681068675109987,3.634474191814676,3.8509655789088213,3.804427312869537,3.422551735823276,2.9923204258604383,1.7943806395260267,2.1064179212873824,2.802862476398897,2.683534061637709,2.7563112312891342,2.276146011248145,0
1.4611216344242448,1.6502602822315973,1.8159606442328953,2.313408771135373,2.384842956992201,4.234915566141353,4.117730653292129,4.451515567102557,4.666915302765171,4.882577324452989,6.382758349832124,6.599657209677209,6.245373111927285,6.343327200503734,7.0373458013723065,4.846169098529766,3.9888970982453986,3.679853429768669,3.6332819280702626,3.8496394142653823,3.8031231459880446,3.4214644345529894,2.9914731360816718,1.7942108541801571,2.1060664571837857,2.8021127183782752,2.682846662096379,2.7555845761592273,2.2756933243343673,2.228056231826148,0
1.650291196161606,1.8158775098453481,2.313092117616436,2.3844687201550316,4.233468675700152,4.116344857669084,4.449922338735855,4.665191380164149,4.88071621305249,6.380042391093859,6.596804007016049,6.242710114285019,6.3406138467354936,7.034217218800955,4.8442924736646855,3.9875163871653077,3.67864613505718,3.632094593393443,3.8483222897490204,3.801824920387448,3.4203836826218295,2.9906311964468735,1.7940325812438835,2.1057193428170304,2.8013655888818634,2.6821653395695,2.75485615067789,2.275247812682437,2.227631533638891,2.179966452404151,0
1.8158145626817968,2.312729192686602,2.38411089952837,4.232027394666149,4.114967027065028,4.448342841391439,4.66347413652111,4.87886719322574,6.377322585063722,6.593965972042556,6.240061245042841,6.337896006389603,7.031109174095007,4.842428195237356,3.9861411715182267,3.67744735250592,3.630915217643608,3.847009357081959,3.8005355427092966,3.4193089693639704,2.9898017863348363,1.7938722017076636,2.105367125501709,2.8006228943915943,2.6814864282442636,2.7541337668547654,2.2747928934678194,2.2272141363347586,2.1795697429434147,2.228056231826148,0
2.31238466224237,2.3837080045210666,4.230599229238663,4.113594146300053,4.446771643243377,4.661770116641526,4.877025934306363,6.374597884656877,6.5911234953510425,6.237426670461395,6.335192648235696,7.027993724147834,4.840572273506209,3.9847716207994264,3.676253201298671,3.6297444240967836,3.8457043460046827,3.799250520706733,3.4182415663915062,2.988978524462558,1.7937409633154113,2.1050295403398587,2.799882647307626,2.6808119372235653,2.753413924626823,2.2743442516196666,2.226786567746813,2.1791804599870797,2.227631533638891,2.107831783271155,1
2.3833232478938804,4.229157112217153,4.112234592718774,4.445207241725124,4.6600746107866025,4.8751973918916125,6.371888518803137,6.588273697718469,6.234788644872176,6.332503817549704,7.024895321383895,4.838718205742412,3.9834056602323304,3.675062302252395,3.628578128957201,3.8444076019378977,3.7979734285911104,3.417179829704928,2.988160843033992,1.7936161775141917,2.104716777300462,2.7991497572886006,2.680138591823847,2.752698511524383,2.2738972820764247,2.226365300096157,2.178780242025806,2.2272141363347586,2.1074770569001995,1.891427775872168,1
4.227726474833152,4.110859092493045,4.443655574974466,4.6583870887841,4.873377578329827,6.369188318642217,6.585440316588391,6.232147342615816,6.32981127166654,7.021813133939946,4.836873047948229,3.98204517680116,3.673873272105652,3.627414714783621,3.8431159544938165,3.7967046735287613,3.4161260892825345,2.9873503023278962,1.793492167040898,2.104410387720767,2.798432054651728,2.679473857814679,2.7519850251141142,2.2734546828522695,2.2259456178213854,2.1783863485726473,2.226786567746813,2.1071299454655614,1.8911989987705542,1.891427775872168,0
4.109495498747302,4.442093547720546,4.65671192071027,4.871566935843075,6.366498351132403,6.582615593892305,6.229520653612967,6.327114370643191,7.018725315925679,4.835038750908835,3.980690419212534,3.6726910274612634,3.626252904701548,3.8418288583931046,3.7954408821523464,3.415081246255669,2.9865478325603854,1.7933793929472526,2.104106022799103,2.79772054895082,2.678825972349786,2.751279397499032,2.273008803178999,2.225530299985059,2.1779939535663457,2.226365300096157,2.1067707534442954,1.8909784019010056,1.8911989987705542,2.3242357906701416,0
4.440542231787683,4.655029983223941,4.869768266446074,6.363825865255901,6.57980131867563,6.226903468475493,6.324432563739747,7.01562532384165,4.833204899655308,3.979344427114053,3.671513358835755,3.6250980814089715,3.8405445580200173,3.7941812709243306,3.4140403034205864,2.9857548905734395,1.7932748972210844,2.10381182938622,2.797013854875098,2.6781843142559834,2.750589621730951,2.2725757996033478,2.2251111809854875,2.1776059171178477,2.2259456178213854,2.1064179212873824,1.8907422876997635,1.8909784019010056,2.323755115029844,2.1318766729821537,0
4.653357988742215,4.8679664187273355,6.361162686596694,6.577005712314877,6.224296372770253,6.321760035253309,7.012543912158897,4.8313836792120535,3.9780012585060316,3.6703436990770477,3.623947657239327,3.839266338644285,3.792924190615913,3.413000571174139,2.984964652347356,1.7931816803450242,2.103525860409303,2.796314956826993,2.6775469872757878,2.749906055072885,2.272165292523181,2.2247054398137798,2.1772135587919763,2.225530299985059,2.1060664571837857,1.890512639431588,1.8907422876997635,2.323281489030116,2.131507952247938,1.6990686581841794,0
4.866173745696746,6.358521467251097,6.574219032332499,6.221705967216584,6.319097691678353,7.009470144392477,4.829569979242973,3.9766804269656886,3.669177721424349,3.622805125532893,3.8379933144232514,3.791673392591993,3.4119612513830786,2.9841722839551736,1.7930878438106057,2.103250715004412,2.7956241629060976,2.676917865888929,2.749227107835374,2.271761116293538,2.2243228596024047,2.1768350800242113,2.2251111809854875,2.1057193428170304,1.8902839680361063,1.890512639431588,2.3227992191888265,2.1311467836394007,1.6989518359886475,1.7471584376061766,0
6.355884044378465,6.571457902754492,6.219125122772826,6.316452565909462,7.006407253762079,4.827769108502705,3.9753627881019593,3.668037585876723,3.621666408027167,3.8367287064815887,3.7904276128268237,3.410929824173659,2.9833779447461395,1.7929825972358266,2.1029758140301613,2.7949431769368926,2.6762968693721674,2.748556120451767,2.2713596374381355,2.223946622415604,2.1764804266816276,2.2247054398137798,2.105367125501709,1.8900596199145798,1.8902839680361063,2.3223232031431764,2.1307739163047987,1.6988436965102895,1.7470136266841243,1.2723440004830882,0
6.568699801332998,6.216563843582167,6.313816831988738,7.003365406432827,4.825976918875778,3.9740600075023593,3.666899080189926,3.6205540718630362,3.835467318314486,3.789190132937434,3.4099020000554034,2.9825933097030326,1.7928687596435318,2.102691915782857,2.7942643629814765,2.6756858559140517,2.7478932454925253,2.27096775669951,2.223572890398412,2.1761321285376694,2.2243228596024047,2.1050295403398587,1.8898278256309067,1.8900596199145798,2.3218489463314644,2.1304073970491375,1.6987169848157353,1.7468773728579685,1.2724755362523354,1.085404600935959,0
6.214006873075444,6.311202259361454,7.000331723804104,4.824193636496636,3.972765048702877,3.6657761654744565,3.6194431251265367,3.8342298849246275,3.7879560049173038,3.408881544584198,2.9818106856875555,1.792769658395738,2.1024011477702103,2.793581934080079,2.675076682127801,2.7472402485277563,2.270584071356805,2.2232089203242844,2.1757861433586885,2.223946622415604,2.104716777300462,1.8896129212868005,1.8898278256309067,2.321379065719481,2.1300422893113056,1.6985968333375485,1.7467233105367423,1.2726168694391602,1.0856449372818093,1.1798024334523685,0
6.308591653944125,6.99733077376128,4.822422411838117,3.9714742482607357,3.6646607622515517,3.618347882085548,3.8329949229117903,3.7867463709109406,3.407865497739848,2.981034382686806,1.7926681457768672,2.102123807735635,2.7928964751297225,2.6744629654081438,2.7465892906400065,2.27021096443639,2.222853153943233,2.175450083949059,2.223572890398412,2.104410387720767,1.8894258291569654,1.8896129212868005,2.3209064253725105,2.1296815342506363,1.6984773110159468,1.7465757848610586,1.2727328535303797,1.085895559372828,1.1799878293274952,0.9193000983234099,0
6.99433131524206,4.820647210837692,3.9701970288949044,3.663547802508883,3.6172601027975015,3.8317751573356347,3.7855389678484004,3.4068782588014455,2.98026367716521,1.7925700440829413,2.1018452061536466,2.792221525493866,2.6738455566194617,2.745934346611305,2.269838567225306,2.222508036027254,2.175122236529661,2.2232089203242844,2.104106022799103,1.889245165270061,1.8894258291569654,2.320446159392916,2.1293159365984646,1.6983620884457347,1.7464289752709867,1.2728556069936843,1.0861178635551096,1.1801832643595045,0.919637109130098,0.6213742968482534,1
4.8188813552624055,3.968901468824115,3.6624489739431887,3.6161745031624437,3.830563070340727,3.7843468739467268,3.4058913273412834,2.979526632678263,1.7924808422356597,2.1015707721199464,2.7915478793018456,2.6732391603631362,2.7452761077256183,2.2694584719235653,2.2221634948838362,2.174805107618117,2.222853153943233,2.10381182938622,1.8890656611203458,1.889245165270061,2.320007725443958,2.128964720234643,1.6982373368568604,1.7462864713129458,1.272978218248851,1.0863470287363448,1.1803518806291604,0.9199848395841272,0.6218847034134809,0.8247796368694746,1
3.967618327444281,3.6613266175414334,3.6151031193352323,3.829354350221419,3.783162410886677,3.404920606835462,2.978787731770776,1.7924387823360906,2.1013043793173427,2.790880088510188,2.6726336253107768,2.744628579441574,2.269072433684575,2.221810884454792,2.174488422542366,2.222508036027254,2.103525860409303,1.8888970656977042,1.8890656611203458,2.319575610171473,2.1286379937608504,1.6981314821285267,1.746134959050372,1.2731050770735355,1.086575713790235,1.1805273116294186,0.9203016141984651,0.6224066078749864,0.8251716595181386,0.6985487748646744,1
3.6602177896210684,3.6140074096517902,3.8281594650710358,3.78198105087498,3.403957135254277,2.978066056335289,1.7923888551860345,2.1010816234250558,2.7902184235764818,2.6720336546498014,2.7439821777054183,2.2686991189186556,2.221452066280471,2.174163296986018,2.2221634948838362,2.103250715004412,1.8887367320482285,1.8888970656977042,2.3191463844778593,2.1283176346597346,1.6980560974738572,1.7460018419180952,1.2732177863227359,1.0868086235538255,1.1807024331396654,0.9206253312265656,0.6228928250916825,0.8255746487227643,0.6990142651215819,0.8941972334651276,1
3.6129253991867283,3.8269438451551854,3.7808136104630794,3.402994656103469,2.9773512001678264,1.7923589716125867,2.1008525630980674,2.789592576623516,2.671440140083527,2.7433415149660334,2.268325161741142,2.2211061728663646,2.1738316988763664,2.221810884454792,2.1029758140301613,1.8885875371632974,1.8887367320482285,2.3187265930747354,2.1279993963189647,1.6979871897583223,1.7458985303946342,1.2733538445357915,1.0870253595698989,1.1808817909030178,0.9209482678701144,0.6233861307481176,0.825945180993826,0.6994910516777416,0.8945488543870594,1.2528628308392376,1
3.8257411561412598,3.7796246372655418,3.4020467735994298,2.976634961985518,1.7923347138165755,2.1006428136404893,2.788963911517218,2.6708837915892985,2.7427071101792997,2.267955779524487,2.2207594601447154,2.1735132268140727,2.221452066280471,2.102691915782857,1.8884379884935458,1.8885875371632974,2.3183149887703767,2.127691247573833,1.6979186729614506,1.7458016836362569,1.2735262689513427,1.0872673949258025,1.1810459970546525,0.9212754089113342,0.6238781174772917,0.8263227020071072,0.6999333766087547,0.8949112605306391,1.2530057048415981,1.53075443020719,0
3.7784487657069192,3.401070974148396,2.9759340821278233,1.7923024783245447,2.100439000267901,2.788352922779657,2.6703240238587433,2.742109062609829,2.2675939762074795,2.2204172059803327,2.1731937585482877,2.2211061728663646,2.1024011477702103,1.8882777721733746,1.8884379884935458,2.3179138928455267,2.127391319116089,1.6978617201968011,1.7457054200011743,1.273705278332469,1.0875483794584067,1.1812345176747359,0.9215845776324002,0.624374272172387,0.8266992717768338,0.7003827521530461,0.8952423121720997,1.2531584271507157,1.5307355685544797,1.3624402022302,1
3.4001096422321972,2.9751981031416066,1.7922877169289173,2.100228924076398,2.7877485623516263,2.6697822143073866,2.741507956453828,2.2672739224729592,2.220082662810298,2.1728786324361784,2.2207594601447154,2.102123807735635,1.8881094944517405,1.8882777721733746,2.317513639566776,2.127102179208981,1.69781306239394,1.7456205565720269,1.2738829731044616,1.0878359962807738,1.1814606831602459,0.9219207786946436,0.6248492286191576,0.8270800343858306,0.7008309482737797,0.8955803185312937,1.2532854909808,1.5307258292934136,1.3625193011203112,1.5547993199181886,1
2.9744781283231343,1.7922179059005265,2.100035771880633,2.7871417645997623,2.6692469137165014,2.740924639390749,2.266948405819931,2.2197904084592732,2.172571349413116,2.2204172059803327,2.1018452061536466,1.8879555505003216,1.8881094944517405,2.3171060593923394,2.126813350200896,1.6977758235267508,1.7455439798075123,1.2740736856212356,1.0881215513369438,1.1816934570384658,0.9222982240283967,0.6253543257263094,0.8274418012110535,0.7012833217976877,0.8959174991289839,1.2534193337315107,1.5306948447922113,1.362607962076537,1.5547664639022178,1.4345748713631958,1
1.7921683674646265,2.0997927571832076,2.7865506636959987,2.6687085162336657,2.7403479028975766,2.2666418055016675,2.219492450756542,2.172306894445586,2.220082662810298,2.1015707721199464,1.8877995489697224,1.8879555505003216,2.316692801088679,2.126515709517244,1.6977376991276656,1.7454787519358874,1.2742727667246085,1.0884207609798209,1.1819245464385697,0.9226823437016934,0.6259047835975992,0.8278315865282471,0.701715332715305,0.8962588810546502,1.2535529990591348,1.5306705030052647,1.3626727047686866,1.554742667467253,1.4346119871635261,1.6990686581841794,1
2.099568905287839,2.785921271583035,2.668186027176108,2.7397684652533236,2.2663413083570756,2.21921352211276,2.172036495693152,2.2197904084592732,2.1013043793173427,1.8876471911712505,1.8877995489697224,2.3162920649709475,2.126211331472262,1.6976874222982787,1.7454127714691356,1.2744838882882772,1.0887283714628302,1.1821689688425703,0.9230637377243858,0.6264619912291125,0.8282639221226097,0.7021766791166089,0.8965820188473875,1.2536909095740285,1.5306464861233078,1.36274417267298,1.5546980076527148,1.4346584765980555,1.6989518359886475,1.723113547895178,0
2.785308566585773,2.667623251858926,2.7392048090880423,2.266035471788934,2.218940648903026,2.1717852387238517,2.219492450756542,2.1010816234250558,1.8875034690300236,1.8876471911712505,2.31589086333757,2.1259202807617807,1.697628024835323,1.7453350097670526,1.2746929447056314,1.0890482946834408,1.1824217757998017,0.9234593521979724,0.627015282463889,0.828702955984613,0.7026823199488621,0.8969324508844891,1.2538144595721448,1.5306267484104956,1.3628156612306683,1.5546599787670197,1.4346821933501972,1.6988436965102895,1.722982731336386,1.6990686581841794,0
2.667077590499922,2.738602063693391,2.2657462630084795,2.2186621724424955,2.171539989448976,2.21921352211276,2.1008525630980674,1.8874058103634643,1.8875034690300236,2.3154943530686416,2.12562805695186,1.6975837662911544,1.7452483922394275,1.2748865548941135,1.0893656359926354,1.1826867580041556,0.9238633961704815,0.6275838090861738,0.8291388864178089,0.7031946910044221,0.8973244740437514,1.2539615617850377,1.5305956591795706,1.362891408375256,1.5546223182508279,1.4347125999582448,1.6987169848157353,1.722860534684129,1.6989518359886475,1.8433379964501708,0
2.738016176151433,2.2654099847969587,2.2184004084005235,2.1712888730960564,2.218940648903026,2.1006428136404893,1.887300765312814,1.8874058103634643,2.3151052896046616,2.1253400588920237,1.697536742584012,1.745176712343446,1.2750686946750034,1.089666088126749,1.182949419245324,0.9242799948118625,0.62816081660992,0.8295893593024662,0.7037034541132379,0.8977231778974117,1.2541452993751363,1.5305852228650376,1.36295398150228,1.5545889398441013,1.4347431576132281,1.6985968333375485,1.7227201476762388,1.6988436965102895,1.8431372080750776,1.6509788787621829,0
2.2650922718080295,2.218090776907316,2.1710545537925676,2.2186621724424955,2.100439000267901,1.887215538390403,1.887300765312814,2.3147574364866466,2.1250600360159337,1.697492896994632,1.7451024441804395,1.2752677594961432,1.0899540404650292,1.1831959199485789,0.9246935523715807,0.6287508127315794,0.8300482779941059,0.7042271897011362,0.8981190557696502,1.2543356268625179,1.5306075822511382,1.363038963601548,1.5545444702763263,1.434777982676073,1.6984773110159468,1.7225863090993034,1.6987169848157353,1.8429447255533267,1.6508900452931714,1.6990686581841794,0
2.21779988137369,2.1707715690176728,2.2184004084005235,2.100228924076398,1.8871360327246756,1.887215538390403,2.3144043608833207,2.124823380431899,1.6974582154412956,1.7450314705387866,1.2754624894681121,1.0902597003070698,1.1834304406609157,0.9250889386302305,0.6293369442017057,0.8305198890237045,0.7047593928752205,0.8985292396101048,1.25452456187867,1.5306364611855512,1.3631590670284186,1.5545204027598218,1.4348004147925475,1.6983620884457347,1.7224531431434669,1.6985968333375485,1.8427359619787564,1.650810020162611,1.6989518359886475,1.5788442096291873,0
2.1705074909393494,2.218090776907316,2.100035771880633,1.8870490770174226,1.8871360327246756,2.3140700888905754,2.1245805406297626,1.6974717543087166,1.7449695288384777,1.275659364650576,1.0905603376523196,1.183682273760416,0.9254709104328825,0.6299026047436824,0.8309881976844216,0.7053044722425619,0.8989478572805972,1.254726581005632,1.5306650583224177,1.3632857326127799,1.5545287987115266,1.4348445032859007,1.6982373368568604,1.7223242798793403,1.6984773110159468,1.8425336879080783,1.650710659094729,1.6988436965102895,1.5787973592499562,1.4105299816521972,0
2.21779988137369,2.0997927571832076,1.8869794261448298,1.8870490770174226,2.3137419678111257,2.1243569553349437,1.697476945059255,1.7449552683224034,1.275866576011401,1.0908626677123843,1.1839294316010271,0.9258712849951513,0.6304532102909755,0.8314376054603555,0.7058459002952968,0.8993790661822935,1.254936972080371,1.5307057928835115,1.3634114436833844,1.5545437081245186,1.4349227164095841,1.6981314821285267,1.7221861479536162,1.6983620884457347,1.8423323037810664,1.6506178818140393,1.6987169848157353,1.5787595056410926,1.410581091815788,1.222470090244535,1
2.099568905287839,1.886856321679813,1.8869794261448298,2.313408771135373,2.124139329994926,1.6975024048347704,1.7449329001226448,1.2761267927082658,1.0911758474425357,1.1841785106508824,0.926266026053179,0.6310234656119932,0.8318730783001156,0.7063674531135707,0.8998071646093336,1.2551594319897363,1.5307548514464384,1.3635498655702212,1.5545584318422796,1.4350074734296818,1.6980560974738572,1.722066662023311,1.6982373368568604,1.8421352370473685,1.6505256467609075,1.6985968333375485,1.5787011705132183,1.410641638424216,1.2226306531220568,1.3596870623582904,0
1.8867531483333073,1.886856321679813,2.313092117616436,2.1239155737496174,1.6975333949084752,1.7449306882236786,1.276376527804267,1.091544128682861,1.1844381800755344,0.9266620577621969,0.6315869915229911,0.8323273495293718,0.706874375901082,0.9002168979715307,1.2553797729001024,1.530815574094773,1.3636966404989361,1.5545852110711242,1.43509156424297,1.6979871897583223,1.7219773139342458,1.6981314821285267,1.8419302034373952,1.6504377055785238,1.6984773110159468,1.5786494545287746,1.4106790304896937,1.2228011436989825,1.359767763602995,1.252800314125989,0
1.8867531483333073,2.312729192686602,2.1237086991846112,1.6975558796316668,1.7449340543625254,1.2766475321832944,1.0919009936863528,1.1847518925160279,0.9270693954029992,0.6321510869414503,0.8327756395654008,0.707400625436711,0.9006130786479404,1.2555845172105136,1.530874945932521,1.363855324662795,1.5546203101532243,1.4351881201330599,1.6979186729614506,1.7218944366972895,1.6980560974738572,1.841742561497232,1.6503397146633494,1.6983620884457347,1.5785981503783477,1.41072312419649,1.2229454931251238,1.359858034105632,1.252943224513694,1.2265553170064338,0
2.31238466224237,2.123452361128029,1.6975960077130046,1.7449291789781058,1.2769236432429623,1.0922795661655924,1.1850546606780337,0.9275336971038857,0.6327273066447772,0.8332249914611611,0.707920429444938,0.9010277671558552,1.255777683839601,1.5309208661575704,1.3640121927373758,1.5546670382993415,1.435293016619294,1.6978617201968011,1.7218120464813125,1.6979871897583223,1.8415833962361883,1.6502611223389587,1.6982373368568604,1.578551131277707,1.4107673254857083,1.2230966363686524,1.359924342621159,1.2530959833714639,1.2267135022416378,1.258708143527981,0
2.123215100505009,1.69757949012124,1.744941862320961,1.277188907881041,1.092663059747234,1.1853789150438496,0.9279857520996516,0.6333638310862926,0.833685908920838,0.7084409897651096,0.901436729819844,1.2559878570503602,1.5309567389209584,1.3641543100168616,1.554712482103256,1.4354097172765,1.69781306239394,1.721741138384414,1.6979186729614506,1.8414306713921262,1.6502136645530807,1.6981314821285267,1.578493281373082,1.4108157912424673,1.2232475472499493,1.359997377698259,1.2532230827573632,1.226881604504718,1.2588476155006332,1.2357356558980928,0
1.6975835865959459,1.7448986980108834,1.277472566849305,1.0930346813316292,1.1857081842225614,0.9284599039261343,0.6339866192909399,0.8342048503099841,0.7089734623845748,0.9018469223721485,1.2561936237513998,1.5310084551081335,1.364285453006593,1.5547446598919574,1.435524801249581,1.6977758235267508,1.7216785211007262,1.6978617201968011,1.841278914080622,1.650172695880388,1.6980560974738572,1.578455582654606,1.4108516036957917,1.223402699601951,1.360070428452067,1.2533569610945303,1.2270236304951236,1.258996920510776,1.235888498085404,1.133011078074765,1
1.7448759770302862,1.277692498912491,1.093425026231797,1.1860260992837215,0.9289388119599722,0.6346322026751708,0.8347110724225593,0.7095653743754573,0.9022684898096703,1.2564014885078396,1.531056786996516,1.364433143925112,1.5547669226230105,1.4356256912200225,1.6977376991276656,1.7216272877313192,1.69781306239394,1.8411382293224783,1.6501319259217273,1.6979871897583223,1.5784500151719152,1.4109093233911165,1.2235431623458453,1.360147737456108,1.2534906618956032,1.2271724483005748,1.2591206598721887,1.2360512333194897,1.1332237069807964,1.1901513539839819,1
1.2779345600768273,1.0937485420830813,1.186362571534485,0.9294049367240617,0.6352822465102415,0.8352396129252355,0.7101439359766677,0.9027473027887414,1.256619742954203,1.5311078895900911,1.3645768314090194,1.5548049281342795,1.4357160041127497,1.6976874222982787,1.7215752352984006,1.6977758235267508,1.8410058146346564,1.6501028838215759,1.6979186729614506,1.578450955063486,1.4110014999491955,1.2237074943980302,1.3602118426317014,1.2536286078763013,1.2273210411284152,1.2592511752891933,1.2361880380752635,1.1334464972732128,1.1903307266851615,1.1463824412430514,1
1.0940948507414163,1.1866337812100565,0.9298900771231856,0.6359178726130031,0.835772815803037,0.7107451118576906,0.9032137435565625,1.2568912211813217,1.5311686185511588,1.36472288218555,1.5548396377947298,1.43582256300355,1.697628024835323,1.7215112160326658,1.6977376991276656,1.8408846087541608,1.6500821449803686,1.6978617201968011,1.5784518053621415,1.4111002264907144,1.223908881769205,1.3602983855035953,1.2537521926632933,1.2274738759265207,1.2593815238493347,1.2363316301464125,1.1336417257026206,1.1905201115095247,1.1465872878836738,1.140755937050678,1
1.1869274485445045,0.9303056320718589,0.6365730386559751,0.836292716858636,0.711350824802101,0.9037023399971246,1.2571521204080882,1.5312794552608129,1.3648790216610218,1.5548771763621685,1.4359253838036607,1.6975837662911544,1.7214382085373752,1.6976874222982787,1.8407629161520758,1.6500728951176147,1.69781306239394,1.5784646292587372,1.4111981907231081,1.224116866731663,1.360420087743704,1.2538993303173114,1.2276120653511844,1.259516118311538,1.236475013834702,1.1338437917970434,1.1906828419243207,1.146802260981685,1.140964058372303,1.3864850919411986,0
0.930744569561683,0.6371536753539413,0.8368317998912478,0.7119425434041684,0.9041956677249584,1.2574343345824481,1.5313811023373918,1.3650871562129085,1.5549242752497499,1.436030742501782,1.697536742584012,1.7213802393173003,1.697628024835323,1.8406301847046005,1.6500626267861962,1.6977758235267508,1.5784857688600105,1.4113087019454469,1.2243233377495644,1.3605483528382678,1.2540831042123393,1.2277740814621543,1.2596364155497661,1.2366226406158711,1.1340454638195117,1.1908523819972776,1.1469898845693465,1.1411823208490066,1.3865501964680496,1.2647410063564708,0
0.6377587523428581,0.8372997289647653,0.7125536661308234,0.9046760744652208,1.257721636098127,1.5315034129735925,1.3652852596155278,1.5550212122676563,1.436145991756795,1.697492896994632,1.7213195933822258,1.6975837662911544,1.8404891270476362,1.6500398348295053,1.6977376991276656,1.5785185025039097,1.4114275579125082,1.2245429964164891,1.36067565241536,1.2542734680204768,1.2279730964458253,1.2597802040174597,1.2367557214279254,1.1342513663732212,1.1910216312873496,1.1471843392681553,1.1413731444599886,1.3866248002503765,1.2648769671433808,1.1770228442017772,0
0.8377913761629874,0.7130915401752408,0.9051755410178327,1.257997984315799,1.5316310868193006,1.365504421112414,1.5551090798690865,1.4363124272334389,1.6974582154412956,1.7212621837667093,1.697536742584012,1.84036260444803,1.6500076574312192,1.6976874222982787,1.578550018273991,1.4115582530719315,1.2247710322749932,1.3608156721877394,1.2544624391075183,1.2281787079865938,1.2599605470966566,1.2369125331459827,1.1344416106603656,1.1911951180960414,1.1473784240656255,1.1415708019399047,1.3866758676291902,1.2650227452085923,1.177209857825297,1.0527660676422497,0
0.7136535805118873,0.9056050055534655,1.2582927611476222,1.5317493319191309,1.3657287787301253,1.5552175546680465,1.4364691922106123,1.6974717543087166,1.7212138721398866,1.697492896994632,1.8402338473732947,1.6499908202388631,1.697628024835323,1.5785684536263445,1.411687265078846,1.2250111812351618,1.3609640454770089,1.2546644945183443,1.2283828219105892,1.2601474785933808,1.2371062168904012,1.1346566575994859,1.1913535653506957,1.1475767410294495,1.1417680793477858,1.386733648434735,1.2651430534338888,1.177406917866609,1.0530253999367893,0.9437152793359578,1
0.9060579417549577,1.258523487796397,1.5318855165851581,1.3659427842065945,1.5553314165463257,1.4366468461957762,1.697476945059255,1.72121351131556,1.6974582154412956,1.8401086176270958,1.649971040987585,1.6975837662911544,1.5785771063250627,1.4118018974856357,1.225249127180293,1.3611243320113717,1.2548749218877333,1.2286001095665648,1.2603330409813482,1.2373064948678913,1.1349099959283298,1.1915362191014507,1.1477595445112716,1.1419695882339858,1.3867914933581882,1.2652701347578177,1.1775771150024863,1.0532951032356583,0.9440380802661914,1.001192183701129,0
1.2587764127118763,1.5319622625074891,1.3661750254573113,1.5554359815923504,1.4368297679112003,1.6975024048347704,1.72120492259095,1.6974717543087166,1.8399921556328416,1.6499543234504779,1.697536742584012,1.5786014011604252,1.4119058204106976,1.2254712419302483,1.3612827948458264,1.2550974181828045,1.2288257737092763,1.2605316675670406,1.2375053119204722,1.1351699544952352,1.1917563747247968,1.1479670111389755,1.1421555227146307,1.3868535998088616,1.2653970601301294,1.1777541282313597,1.053535970288262,0.9443715370658439,1.0014815325054256,0.8734320667107094,0
1.5320602200757552,1.3663450348937378,1.5555584438891363,1.437002733226253,1.6975333949084752,1.7212165465292244,1.697476945059255,1.8399222963497774,1.649946902044114,1.697492896994632,1.5786224885929436,1.412026089977404,1.2256816116402072,1.3614264856342742,1.2553177953060584,1.2290635450035183,1.2607386650919905,1.237717271430595,1.1354280415689184,1.191983136120997,1.148212584401952,1.142366179043596,1.3869027925990358,1.2655282321422296,1.1779308269457243,1.0537837143373388,0.9446744257670204,1.0017813870365901,0.8737957731647527,0.9563749137687985,0
1.366536853555564,1.555621866452311,1.4371938073692456,1.6975558796316668,1.7212337246355003,1.6975024048347704,1.8398448102494243,1.64998824029503,1.6974582154412956,1.5786464631342458,1.4121425330054471,1.2259091151453119,1.3615591869727082,1.2555225753468042,1.229299124575701,1.2609577229378668,1.237937605843527,1.1356996210494756,1.1922082544015178,1.148464774517995,1.142615019750221,1.3869741434963323,1.265645172253942,1.1781117615732932,1.0540309192603394,0.9449842449150515,1.0020515862687684,0.8741703190837113,0.9566903466667755,0.8840623124519416,0
1.5557064152929254,1.4373238467282028,1.6975960077130046,1.7212425293048863,1.6975333949084752,1.8397872550014949,1.650020989995866,1.6974717543087166,1.5786799319483409,1.4122614557297046,1.2261321003424572,1.3617084477636185,1.2557157773619763,1.2295189044857209,1.2611746779432078,1.2381700340368222,1.1359795931563959,1.1924466704305186,1.1487151465833136,1.1428704787342767,1.3870802834888072,1.265785540653061,1.1782775144918676,1.0542823449018492,0.9452933278123982,1.0023286877759507,0.874513180725769,0.9570164023643702,0.8844198319979875,0.8568026209865824,0
1.4374754392070745,1.69757949012124,1.7212689350169827,1.6975558796316668,1.8397353732706254,1.6500741214458627,1.697476945059255,1.5787629692744998,1.4123903350582039,1.2263571100279334,1.3618536949926237,1.2559259862204926,1.2297269618511861,1.261376081467343,1.2384002958856875,1.1362718086620656,1.192693469227202,1.1489789655036071,1.143124097179666,1.387192979551747,1.265962380306568,1.178467610878899,1.0545172433871626,0.9456066180930174,1.002605156930022,0.8748630072634422,0.9573120910130755,0.8847881632403655,0.8571760059422564,0.6456668489232754,0
1.6975835865959459,1.7212390940660618,1.6975960077130046,1.8396757776709838,1.6501327354544257,1.6975024048347704,1.5788370574007815,1.4125706702265954,1.2265925928871837,1.3620012988501469,1.2561317883393244,1.2299521359124543,1.2615659394975702,1.2386148289335095,1.1365615738570736,1.1929524281978015,1.1492511747432397,1.1433911816477058,1.3873048172032463,1.2661458068503677,1.1786953905374251,1.0547777817366226,0.945902200420046,1.0028858404959087,0.8752119705036577,0.9576147039036155,0.8851249790263973,0.8575602738026836,0.6461631169833012,0.6345268515201695,0
1.7212297818131161,1.69757949012124,1.8396335715368735,1.6501825802852284,1.6975333949084752,1.5789316963625006,1.4127412146789176,1.2268816403246716,1.362158998969033,1.256339688362232,1.230172806693074,1.2617727796430165,1.2388176899886294,1.1368348173414617,1.193209094813208,1.1495356079062262,1.1436666574058518,1.3874292837578341,1.2663278883974816,1.1789297792923212,1.0550777202350754,0.9462245603598075,1.0031494384657313,0.8755651325325884,0.9579166034275373,0.8854687544977139,0.8579125932914444,0.6466708194820167,0.6350296031686937,0.615269299350631,1
1.6975835865959459,1.83953711379017,1.6502501531050489,1.6975558796316668,1.5790317462733505,1.412932704501322,1.227159956808026,1.362368725035625,1.2565579782467868,1.2303955118505094,1.2619752347804452,1.2390376293138365,1.1370958231767223,1.1934496807718586,1.1498176277216194,1.1439543652823572,1.387562099205722,1.2665230135903127,1.1791624724596739,1.0553842992858196,0.9465878272222752,1.0034392143803,0.8758998255842293,0.9582227118828106,0.8858116858872341,0.8582718858266122,0.6471432205296495,0.6355438183560765,0.6157832590846902,0.4916689482802143,1
1.839460757898967,1.6502602822315973,1.6975960077130046,1.57912263126557,1.4131294381841752,1.2274596594806582,1.362568406188149,1.256829492613104,1.2306286789602747,1.262179802122131,1.2392530991278317,1.1373743372515361,1.1936783437262788,1.1500832290371545,1.1442396442576674,1.3877067888673633,1.2667265086815231,1.1794085081000825,1.0556886861210832,0.9469577622435208,1.0037691030491882,0.8762620295273537,0.9585112494624879,0.8861588173653853,0.8586302850042646,0.6476226981102188,0.6360225551763778,0.6163087326626486,0.4922548446391764,0.5419732620445943,1
1.650291196161606,1.69757949012124,1.5792313711931145,1.4133160835530334,1.2277644193231672,1.3627891518883992,1.2570904276665062,1.2309153648401345,1.2623947430976303,1.2394706255400882,1.137648003947703,1.193924275750869,1.1503366663334336,1.1445084613033079,1.3878497289081109,1.266942055306793,1.1796629287732974,1.0560068387319552,0.9473250691964535,1.0041056453264288,0.8766661115085599,0.9588264325744114,0.8864875949701048,0.8589928809371065,0.6481009006757252,0.6365083739897974,0.6167984220414008,0.4928525777138444,0.5425298807961797,0.7591058296018243,0
1.6975835865959459,1.5792814703971325,1.4135208800652674,1.2280580591288492,1.3630150909763807,1.2573726778140428,1.2311913401906611,1.2626628423096855,1.2396985886877965,1.13792347859242,1.194165570584578,1.150607555901376,1.1447650833471534,1.3879781037512486,1.2671555157684453,1.1799295287421077,1.0563333978142389,0.9477065134256745,1.0044397892583317,0.8770768794409196,0.9591823476886696,0.8868437725588375,0.8593368278297127,0.648583274177759,0.636992897651045,0.6172952028522081,0.49341256367326886,0.543098204857334,0.7595360750548609,0.6646767387287909,0
1.5793526105100957,1.413664242783381,1.228370181035394,1.3632306628190107,1.2576600152408368,1.2314886921545463,1.2629203917460434,1.2399799676653471,1.138209672140076,1.1944088116775842,1.15087364727659,1.1450391812132577,1.3880956367086452,1.2673534713153005,1.180193800063987,1.05667231717216,0.9480963829413521,1.0047878746613446,0.8774847383978975,0.959544927756887,0.8872416813056975,0.8597084591121205,0.6490447124702101,0.6374815908865692,0.6177906537001144,0.49397970164648347,0.5436295806937281,0.7599774586185565,0.665161942845223,0.6258586687793549,0
1.4138292439899043,1.2286177484101422,1.363464475281006,1.2579363990266486,1.2317911053437889,1.26319924242837,1.240250682012262,1.1385504333807104,1.1946626147186075,1.1511415789663724,1.1453084601898078,1.388229616951258,1.2675399145884148,1.1804418893928839,1.0570085643944798,0.9484987715651811,1.0051443754340537,0.8779069740632823,0.9599049303546607,0.8876462733126368,0.8601221982045549,0.6495360379740102,0.637949228289083,0.6182902717673946,0.4945452862318114,0.5441680838876508,0.7603853422729328,0.6656585317422541,0.6263664653958344,0.5515094653039764,0
1.2288876219573728,1.3636360102420555,1.2582312115366323,1.2320824209083294,1.2634831862547666,1.2405427514534886,1.1388800164013555,1.1949703447317732,1.1514201928301626,1.1455795658617063,1.3883596822072333,1.2677433147252761,1.1806779834249588,1.0573276705116923,0.948898186599345,1.0055133115997814,0.8783376471414168,0.9602790271014525,0.8880479988310283,0.8605426274579294,0.6500723885875298,0.6384468691287564,0.6187686254816914,0.49511502292208853,0.5447051246257957,0.7608002468590259,0.6661201210871635,0.6268857481944077,0.5520605338910928,0.5044560206285231,0
1.3638293642031976,1.2584619728261404,1.2323922113843402,1.2637562088513585,1.2408398912335667,1.139231195306442,1.1952671822076748,1.1517532244522162,1.1458613691626924,1.3884921689576273,1.2679423520457174,1.1809314014785937,1.0576340971078637,0.9492796187881269,1.0058794330618703,0.8787809416952282,0.9606615469504748,0.8884640648440257,0.8609600812715608,0.6506154828115515,0.6389896890014316,0.6192771835510238,0.4956621569199284,0.5452463236203348,0.7612140814869386,0.6665887776474622,0.6273694149651667,0.5526232828770787,0.5050344747851035,0.49986585118269344,0
1.2587149326043114,1.2326375151203677,1.2640476497752196,1.2411259837535644,1.1395873425737708,1.1955854816291425,1.152075144706731,1.1461976533126148,1.3886346783596129,1.2681435161732455,1.1811801340487538,1.0579583678213793,0.9496477709639463,1.0062280153308059,0.879221068372287,0.9610565674688862,0.8888885664356867,0.861391968444729,0.6511547577310057,0.6395392553047275,0.6198311867383066,0.4962407848198754,0.5457654646154511,0.7616321009232234,0.6670561935557424,0.6278601679776852,0.5531492350842039,0.5056247322546921,0.5004469768632201,0.5013325894550643,0
1.2329051105247704,1.264275137515383,1.2414305350289987,1.1399318790196364,1.1959088061370728,1.152418629502728,1.1465227979643144,1.388828913219752,1.2683550373633068,1.1814307811000306,1.0582774959788244,0.9500342237058997,1.0065636340853321,0.8796426697025143,0.9614486493932369,0.8893256740200677,0.8618322958998033,0.6517091852811193,0.6400849577792534,0.6203919412313088,0.49686656564532583,0.5463155746777534,0.7620304134624843,0.6675277827251676,0.6283496101690744,0.5536823099747629,0.5061774456824845,0.501039917847306,0.5019128614794321,0.3993534032127773,0
1.26452480276917,1.2416707519065002,1.1402950550009434,1.1962208333030748,1.1527670959349694,1.1468695203462258,1.3890132371472226,1.2686196491427022,1.1816920261611772,1.0585982378479666,0.9504151327536853,1.0069173128275992,0.8800506040028482,0.9618228461892816,0.8897596431133686,0.8622852690513485,0.6522720895413862,0.6406458508347981,0.6209487549271963,0.4974991290662414,0.5469121426021045,0.7624574296816229,0.6679786425233052,0.6288432208747547,0.5542139396475702,0.5067373048565845,0.5015952418924142,0.5025049449759103,0.3999930281306044,0.3475462838414599,0
1.2419332278586857,1.1405921919334336,1.1965513994461168,1.1531040249029139,1.1472212187788455,1.389218562806868,1.2688737413087454,1.182007345406037,1.0589299190398684,0.9507973915505642,1.0072656593017357,0.8804771330504756,0.9621838326830766,0.8901751689124864,0.8627350283566063,0.652847947017455,0.6412152225225319,0.621520824808339,0.4981272576856985,0.5475154803872548,0.7629279036043505,0.6684591911988265,0.6293156818887028,0.5547497287429028,0.5072956337572263,0.5021577139336654,0.503059434826905,0.40064473091302216,0.3482160610143675,0.3477506654040034,0
1.1409119526518916,1.1968168747479073,1.1534595698746857,1.1475613488793805,1.3894291084571504,1.2691491205795082,1.1823117064753699,1.0593170677217718,0.9511908892147484,1.007615494650538,0.8808978598705067,0.9625630667541655,0.8905770862175252,0.8631661339558119,0.6534200069949995,0.6417975636514782,0.6221013766442671,0.4987710635567342,0.5481145844266014,0.7634050924202114,0.6689845023211128,0.629818236776687,0.5552635630964244,0.5078581163264798,0.5027186474040827,0.5036210719551325,0.40125722050293744,0.3488980513836677,0.3484203236248232,0.18787378922660278,0
1.1971047709659743,1.1537492976871488,1.1479201048855547,1.389629433879814,1.2694295989832771,1.182637560263971,1.0596926369848303,0.9516410771686346,1.0079764109870606,0.8813197663157826,0.9629368036989447,0.8909975537753345,0.8635834809545085,0.6539717835535337,0.6423760764870977,0.6226949259700396,0.4994233727079045,0.5487291943470389,0.76387891532301,0.669516552241499,0.6303660904674618,0.5558082670240247,0.5083981346611829,0.5032837339818044,0.5041811731638614,0.40187690735437753,0.3495400058036967,0.34910219450814534,0.18863649736817614,0.18319465368884244,0
1.1540616018121599,1.1482129503640606,1.3898479527612893,1.2696991892543692,1.1829684261061175,1.0600899902295406,0.9520791404853345,1.0083933731177934,0.8817531046847672,0.9633119210360628,0.8914122582083968,0.8640194923055927,0.654508638885159,0.642934219916392,0.6232845937679562,0.500088859372877,0.5493522988683714,0.7643675044066391,0.6700448588358084,0.6309206927832303,0.5563992970502947,0.5089695134879214,0.5038263066228121,0.5047454276592543,0.40249487394462385,0.3501891828781005,0.349744032688011,0.189411835806469,0.18396008513350626,0.18989836894026887,1
1.148528392131342,1.3900046388385594,1.2699871872357873,1.1832879225814976,1.0604922321757702,0.9525392434026829,1.008798497977098,0.8822439214376314,0.9636982424665564,0.8918281679977177,0.8644496402584617,0.6550650423103085,0.6434773807759979,0.6238537435145216,0.5007501228359102,0.5499885076352542,0.7648645506282611,0.670588253300246,0.6314713966253436,0.5569970945232494,0.5095878685589603,0.5044002876460071,0.5052871840997142,0.4031169813510461,0.35083654604266956,0.3503930934220754,0.19014460251223697,0.18473815909783983,0.19065989875645573,0.12432314572043385,1
1.3901830487727342,1.2702113321451387,1.183625981138145,1.0608824230652012,0.9530041267647934,1.0092255277091062,0.8827222621601908,0.9641411122327376,0.8922554805112141,0.8648809275842135,0.6556148056844266,0.6440401363572948,0.6244078046490246,0.5013899142022792,0.5506206322587048,0.7653743848417671,0.671140121194971,0.632037320578164,0.5575906963645787,0.510213002988384,0.505021308336672,0.5058603336195888,0.4037154864761537,0.3514880436881995,0.3510403406157535,0.1908846701345907,0.18547358701958297,0.1914340535807063,0.12512284096410398,0.16185000509238925,0
1.2704576331491584,1.1838987309940352,1.0612913947093772,0.9534563608022487,1.0096573949442744,0.8832228072297941,0.9645719206557718,0.8927401522103566,0.8653236925120213,0.6561651973672802,0.6445962109096139,0.6249815411106547,0.5020139363469959,0.5512316730739901,0.765880735141293,0.6717049146175865,0.6326117246587358,0.5581997716002463,0.5108337537235609,0.5056491095477351,0.5064805025407557,0.4043464486498301,0.3521153780870838,0.3516917223153852,0.19162263521666068,0.1862163181513532,0.1921656688250914,0.12593533251301148,0.16262785933331914,0.29976187451879244,0
1.1841939483774,1.0616329956883805,0.9539275675076451,1.0100769281811128,0.8837280629726996,0.9650247390048129,0.8932124010269529,0.8658241222916981,0.6567276466073638,0.6451528868057765,0.6255485257053247,0.5026581511670547,0.5518272216700592,0.7663676776336243,0.6722659630915825,0.6331991108057317,0.5588173397914828,0.5114701381489065,0.5062725087186192,0.5071074516110121,0.405025839288956,0.35277571004852815,0.35231894298140626,0.19236471525419782,0.18695693828464527,0.19290458399373048,0.12670424307192646,0.16341841185092273,0.300459462689807,0.16411743819213648,0
1.0619975053536297,0.9543295939174308,1.0105153329350747,0.8842202838074285,0.965482350366072,0.893706829272912,0.8663119928992703,0.6573501281903067,0.6457216508589063,0.62611606503002,0.503295159462187,0.5524427523850545,0.7668403235547004,0.67280687487994,0.6337826446975481,0.5594479983387861,0.5121150236481732,0.5069115572168911,0.5077300045033307,0.40571203589346383,0.3534851863034031,0.35297915907763383,0.1930809031179673,0.18770167280121816,0.19364140028179785,0.12748048569627274,0.16416597934831423,0.3011693888807964,0.16489397276461093,0.1500992674906243,1
0.9547549161851977,1.0108855111871327,0.8847316009981173,0.9659273818551987,0.8942059787450172,0.8668221068339093,0.6579589949912115,0.6463505721690359,0.626695745409005,0.5039324233068341,0.5530512616171299,0.7673320427530594,0.6733329701200013,0.6343457422751458,0.5600745991040184,0.5127730680368663,0.5075591075810476,0.5083682017263355,0.40639342873089246,0.3542014816387649,0.3536885166433164,0.193831754439224,0.18842046447853864,0.19438233177290742,0.12825451090362577,0.16492086051764357,0.30183852025101804,0.16568319969071585,0.1508839607768795,0.10352431612042012,1
1.0112787812323216,0.8851725715867176,0.9663913637331895,0.8946921516279586,0.8673369149334887,0.658590600029078,0.646965823000777,0.6273357989822551,0.5045821677155681,0.5536601481626969,0.7678175391802394,0.6738785338847794,0.6348938095514085,0.560680189669048,0.513426924571507,0.508219823520214,0.5090149005621615,0.4070908133090318,0.35491276614499817,0.35440469323774615,0.1946339562765471,0.189173968431699,0.19509739301231416,0.12903264329517838,0.16567359210504606,0.30251489769676493,0.16642947760605978,0.15168138303536743,0.10433611648831034,0.13102205199391795,1
0.8856370875654096,0.9667863753943793,0.8951974021592057,0.8678385968934296,0.659226689633455,0.6476038381820372,0.6279620857956427,0.5052936712642773,0.5542813770946903,0.7683039385005863,0.6744175275254944,0.6354615078313696,0.5612703405262931,0.5140594077102261,0.5088763389165135,0.5096747628366927,0.40779671709494064,0.3556402188820012,0.355115859819917,0.19544301761585828,0.18997888755335546,0.19584709658636487,0.12978419538924207,0.16643043546560665,0.3031893748556492,0.1671830680819771,0.15243563365838622,0.10516076749264035,0.13181784840798377,0.16115270329077025,1
0.9672046379670376,0.8956324824907229,0.8683594044746857,0.659848494777857,0.6482463268709241,0.6286111820989491,0.5059907900917189,0.5549638010982944,0.7688020837799763,0.6749571954892845,0.6360224931968582,0.561880433587224,0.514676192039747,0.5095114454863314,0.5103304286229283,0.4085159328522776,0.3563761997652996,0.35584319393659597,0.19624642994900318,0.19079066736153522,0.1966481227025118,0.13057107397730963,0.16716110486794875,0.303867980652195,0.16793451307467125,0.153197203712874,0.10594150719759095,0.13262642362824306,0.1619309633682347,0.14061115401066426,1
0.8960910704709203,0.8688095894984786,0.6604897971111844,0.6488744699842541,0.6292647327925499,0.5067110081327778,0.5556320918857776,0.7693589893971926,0.6755088687932698,0.636584058924443,0.5624835402437015,0.5153131155223589,0.5101308279710252,0.510964696904129,0.40923067021560705,0.3571255680771149,0.35657905616430724,0.19706655446533908,0.19159677946203804,0.19745600780811934,0.13141018117174053,0.16792670923909928,0.304521905794501,0.16869007011779572,0.15395660294432714,0.10672958916235475,0.1333915242448626,0.16272192354388135,0.14140136947266194,0.1407938951724679,1
0.8692833789532144,0.6610569732193947,0.6495221298912511,0.6299038322609728,0.5074355578637507,0.556323363971745,0.7699028473902412,0.676120361279917,0.6371577366190646,0.5630870472965028,0.5159428795166768,0.5107703688216676,0.5115832491768504,0.4099232229178471,0.3578703147821415,0.3573283055228537,0.19789523467701614,0.1924196196860296,0.19825825199937558,0.13225616395616785,0.16874402370146882,0.30520932704362347,0.16941947775437288,0.15472011251200363,0.10751541611332108,0.13416395364349754,0.1634698876253596,0.14220433869197036,0.1415840042773048,0.25518745797254344,1
0.6616485033707652,0.6500954787117587,0.6305624824134952,0.5081449782807557,0.5570190176856596,0.7704691777151731,0.6767183340277693,0.6377916687680691,0.5637028705413515,0.5165729300122247,0.5114027332992978,0.5122219536762624,0.41059949805970675,0.3585924769377371,0.35807293383959277,0.19873753488025844,0.19325101641267556,0.1990772014767361,0.13309624373600848,0.16956820425381414,0.30594655283167294,0.1701837967031775,0.15545732088496428,0.10830534770510954,0.1349341777343527,0.16422516572055265,0.14296398559363152,0.14238686666209158,0.25591098889416986,0.46974241335275446,1
0.6506932211266501,0.6311465019123512,0.5088741669001263,0.5576998180620981,0.7710401052196135,0.6773390004527132,0.6384118871006013,0.5643797819272085,0.5172154259478786,0.512035373167435,0.5128534871979887,0.4112963522777725,0.3592980762552653,0.3587949791844794,0.19957477208675845,0.19409603994604946,0.19990470630012755,0.13395325219547852,0.17038663178845687,0.30669060979695506,0.17099979441368351,0.1562295868245183,0.10906847379054836,0.1357085098285808,0.16497829297334796,0.14373095657728552,0.1431464096313714,0.2566469742741329,0.4703410711715736,0.49222438523253803,1
0.6317549833772186,0.5095266737943904,0.5584002981127788,0.7715973706061716,0.6779641703156409,0.6390548901011868,0.5650426077748477,0.5179195376405165,0.5126804710841175,0.5134852996605317,0.41198566039260454,0.36002447149563865,0.3595004628167327,0.20038819226516696,0.19493598754793343,0.20074582816628314,0.1348188273149809,0.17122186016088586,0.3074294649489766,0.1718226576401588,0.157053725217277,0.1098671433683213,0.13645633416079814,0.16573553191403206,0.14449573958680778,0.1439132765930749,0.25734145694021676,0.47095162298311993,0.4928099583217089,0.47803068683613564,1
0.5102040814828774,0.5590249312073516,0.7721739335458923,0.6785751600095042,0.6397023580043318,0.5657283925677655,0.518609328543074,0.5133872362279099,0.5141295661427315,0.4126750006027975,0.36074313006277325,0.3602267415163609,0.20118417036341754,0.19575208200445526,0.20158189263233436,0.1356981149875847,0.1720656487186618,0.3081846511177581,0.1726397769113799,0.15788473267474085,0.11071832893350451,0.13723941509599638,0.1664665893461428,0.14526463177230284,0.14467795591097699,0.25804320752962384,0.47152407946077546,0.49340736667565976,0.47862452079793893,0.5990967065310133,1
0.559674286496719,0.772678252710274,0.6792056134377095,0.6403354327770588,0.5664185684553978,0.5193221886858883,0.5140796576322734,0.5148354834053274,0.41337707495266734,0.36146169532367983,0.3609452842945581,0.2020016127182141,0.19655070861499818,0.20239415569760238,0.13657216398750607,0.17292309517165438,0.30894837367730366,0.1734736892959778,0.15870994014930043,0.11157639535396113,0.13807463207760468,0.16723258902215052,0.14600712002618443,0.1454467444271983,0.2587429772576529,0.4721036986993389,0.49396703673534614,0.4792302271016423,0.5996200788738014,0.5528415521939656,1
0.7732065231663304,0.6797622560981706,0.6409880395981673,0.567093943322497,0.5200393932125825,0.5147951590364168,0.5155270642617067,0.4141419435879029,0.3621931370298833,0.36166373426124254,0.20281073105215475,0.1973708190673261,0.20318898783113035,0.1374219054251825,0.17377540668917216,0.30972555326337625,0.1743161614747118,0.15955198849259952,0.11242847564132796,0.13891672295336405,0.16805030842411753,0.14678476483803646,0.14618913099051983,0.259446870172577,0.4726817249147257,0.49453385853657966,0.47979796969879096,0.6001550073069242,0.5533918454933573,0.537539384381886,1
0.6803431853094599,0.6415661914896508,0.5677889810815366,0.5207415385769737,0.5155150002676933,0.5162417216797786,0.4148919659542826,0.3629879539409581,0.3623950601118213,0.2036193695850232,0.19818258828682234,0.2040052757470156,0.13825385483889394,0.17460370030644018,0.31049797915003974,0.17517228824614525,0.16040259904865556,0.11329755546319341,0.13975293759864188,0.16887489409258405,0.14761441320200772,0.14696667220523685,0.2601255997833353,0.4732639005537833,0.4950991279539568,0.4803728709944158,0.6006538947014262,0.5539538157119093,0.5380985836940566,0.6625704063901073,1
0.6421687677508605,0.568408330131868,0.5214634296403817,0.516219757154356,0.5169607203810418,0.4156653039252601,0.363767665564493,0.3631897588755163,0.20444132315721972,0.19899386637917693,0.20481324708936438,0.13910753451011074,0.1754144085426867,0.3112474516493899,0.17602328635007253,0.16126688461488192,0.11417520553361103,0.14060605810254734,0.16969372395638085,0.14845093303262433,0.14779621444710672,0.2608382905546726,0.4738232360807965,0.4956685495442045,0.4809461942490818,0.6011598814548518,0.5544790103066757,0.5386694998980778,0.6630568364127611,0.8622487885061237,1
0.5690523675198488,0.5221088511722464,0.5169442678180521,0.5176646427844224,0.4164428819427833,0.36457081423038945,0.36396935337351244,0.20532844236131328,0.1998184723636739,0.2056207435312321,0.139952656392476,0.1762466899620166,0.31198009818417693,0.17685028405559292,0.16212600276253403,0.11506659845063313,0.1414677441106914,0.17052935703344507,0.14928161495836292,0.14863262810936054,0.2616014017574049,0.4744142942738214,0.4962153744562631,0.4815236679409471,0.6016645090111445,0.555011326931964,0.5392033974622511,0.6635546567182258,0.8626190037385194,1.1808171277981723,0
0.5227791280993683,0.5175922327791799,0.5183883163835948,0.4172048241903639,0.3653781515129353,0.3647723844347923,0.20619965796752016,0.20070829644778154,0.2064415494512411,0.14079714464642315,0.1770705516332482,0.31273374065077886,0.17765970886579027,0.16296101230844534,0.11595269519982032,0.1423431329149773,0.171373550416165,0.15012917007576748,0.14946320459711393,0.2623713554214976,0.47505280835509733,0.49679368747544456,0.48207839126584817,0.6021733018091514,0.5555422007474347,0.5397444245571831,0.6640174440205834,0.8630000876490584,1.1810019331111696,1.0573177652645418,1
0.5182650694324105,0.519035468619814,0.41798669710196285,0.3661695688044454,0.36557960431561504,0.20709468489419774,0.20158219353985232,0.20732749830128955,0.14165512250284393,0.17789387051160413,0.31347947067148296,0.17849069736838222,0.16377837176749388,0.11681432384493783,0.14321330156467274,0.17223140270972187,0.15098528904295777,0.15031065365399338,0.26313592911785677,0.47569811058259687,0.4974191457455605,0.4826647507835535,0.6026606551380135,0.5560772341483244,0.5402839811814809,0.6644872995707324,0.8633493096793486,1.1811967749304404,1.0575744484261163,1.0498446135423634,0
0.5197074873406579,0.41869035636903656,0.3669810079328117,0.3663709053266678,0.20799374192765283,0.202479912920457,0.20819755367568887,0.1425789785922263,0.17873057591233488,0.31422499172153057,0.1793132744635198,0.16461735359413915,0.11765804593661884,0.1440592143595826,0.17308411814022082,0.15185509683975926,0.15116666652912938,0.2639169856815615,0.4763388903729362,0.4980513864705312,0.4832984516689932,0.603178381553792,0.5565903272311845,0.5408276955199778,0.6649559106613717,0.8637055020866499,1.1813648141018733,1.0578414907019662,1.0501056461520393,1.0658633190678306,0
0.4194192441855958,0.367713373709524,0.3671822278148955,0.20887600298446402,0.20338165776277373,0.20909141562487082,0.14348661335125096,0.17963273875280683,0.31498352047277334,0.1801353142542111,0.16544787244816117,0.11852358534249456,0.14488737201828555,0.17391281028814293,0.15271971098956197,0.15203636796771403,0.26470658632666383,0.47699542211144974,0.498679194614007,0.48393893860245885,0.6037417765470493,0.5571342759901957,0.5413493038492091,0.6654286947555836,0.8640608109811481,1.1815396675065644,1.0580797690177555,1.0503770573975368,1.0661150286327024,1.2056218360240383,0
0.3684711519706811,0.367914480343055,0.20977856687801438,0.2042665809580555,0.20998930969066834,0.14441820839575595,0.18051886788496704,0.31580596024125807,0.18097073433901206,0.16627782006609002,0.11938049045202112,0.14573723189519489,0.17472391321532715,0.15356014330085624,0.1529008762644596,0.26550970892094766,0.4776604609131861,0.4993226781168677,0.48457493622523257,0.6043119269401593,0.5577245324422,0.541901927505155,0.6658807266712294,0.8644203172968183,1.1817142132554466,1.0583249220990392,1.050619586000711,1.0663770749889485,1.2057922047518965,0.8830019328156865,1
0.36867214463002707,0.2105994077535415,0.20517181522466024,0.21087041888694913,0.14535377045912592,0.18142886933829033,0.31661305581575583,0.18187158643855222,0.1671211864837335,0.12023671158857631,0.14657855862485825,0.17555659224425832,0.15438287327866407,0.15374120413323764,0.26630795459673134,0.4783387091647309,0.49997466480403097,0.48522665756071987,0.6048780718977371,0.5583215560036681,0.5425010702868087,0.6663624694400434,0.864761233543128,1.1818929953815158,1.058569544282079,1.0508689930322856,1.0666104930983784,1.2059725451905732,0.8833600695131522,1.0075712929414564,1
0.2114462280115408,0.2059952488258792,0.2117718273570094,0.14627218789814522,0.18234287506409383,0.3174437004410009,0.18275641616620592,0.16803014210356249,0.12110647945856275,0.14741926794112378,0.17638084896009995,0.15522726533802197,0.15456383067479973,0.26708290282458347,0.47901267360181676,0.5006398281960022,0.4858868845294152,0.6054595281353506,0.558914389257579,0.5431069840517091,0.6668890037591829,0.8651297773582893,1.1820566368829353,1.0588183877402308,1.051117855656846,1.0668507817847666,1.206126476908769,0.8837290206768992,1.00785692904118,0.9149287373739506,1
0.2068446784222795,0.2125915464056955,0.14721102001360048,0.1832399420431388,0.3182784862464184,0.18366511290007742,0.16892300526522783,0.12204235878130672,0.14827344845907128,0.17720456119521386,0.15606315952318603,0.15540811853302072,0.2678407796373128,0.4796649966958915,0.5013007699214539,0.48656030887604557,0.6060494691180828,0.5595226913678398,0.5437086463495387,0.6674222774096454,0.8655403537328331,1.1822445822662957,1.0590507533277786,1.0513709386426662,1.0670905550201994,1.2062872107023908,0.8840664395442491,1.0081530542041093,0.9152682923558795,1.0349584223222843,0
0.21343723764882655,0.14806707452737822,0.18415735765691907,0.31909708990885627,0.18457781615735236,0.1698397682922107,0.12296191278633496,0.14919343209433278,0.1780416618680757,0.1568984595058283,0.1562439091892525,0.26861983895490976,0.4803014298290943,0.5019402438375432,0.487229472319869,0.6066524311460469,0.5601394862038387,0.5443258296332429,0.6679517993154686,0.8659576188896058,1.182470158494874,1.0593087112907051,1.051607462838907,1.0673345505757341,1.2064476816781962,0.8844108186166204,1.0084196253756594,0.9156185784041235,1.0352281188422545,1.0565363063489344,0
0.14894933405256033,0.18499261840406125,0.3199357995016159,0.18547359310732345,0.17076052392649677,0.12390547583005324,0.15009722789158103,0.17894422779960834,0.1577472043504695,0.15707910608529616,0.26939082186175445,0.48095814741451204,0.5025639515905129,0.48787705839613466,0.6072514669395198,0.560769369455719,0.54495150828284,0.6684964162670112,0.8663719303738097,1.18270234285929,1.0596060065110269,1.0518696573794064,1.0675621607915655,1.2066123920644234,0.8847543516904104,1.008693095695544,0.9159378391904259,1.035508232884113,1.0567934443273146,0.9727639105958151,1
0.18585395092799775,0.32069464278998,0.18638971470168428,0.17166427634783651,0.12485298524524932,0.15102496827183076,0.17983075653654787,0.15866164478866204,0.15792774734137882,0.27016148790345385,0.4816075778192956,0.5032078496939584,0.4885088001511916,0.6078298598487729,0.561395198607877,0.5455902976359317,0.6690495070122566,0.8668006566642235,1.1829328468011076,1.0599099411313662,1.0521712924351383,1.0678152742253115,1.2067622304103485,0.8851020847231632,1.0089659451934527,0.9162640445330789,1.0357592278737735,1.0570609434613163,0.9730698049357941,0.9811050828365607,1
0.3214790682155988,0.187223719056058,0.17258839808346502,0.1257832359308104,0.151956682321075,0.18074115922915115,0.15955994533122106,0.15884208214191411,0.27094528408492546,0.4822572106993766,0.5038445433156253,0.48916079166662446,0.6083930750910242,0.5620000278419329,0.5462249905888211,0.6696155263532664,0.8672378222968905,1.1831766802900874,1.0602117017283932,1.052479568782735,1.0681076068410489,1.206936113845755,0.8854314524007377,1.0092430098832437,0.9165894615893316,1.0360171085881833,1.057299666224789,0.9733862792636593,0.9814061225319247,1.0236332792684038,1
0.18808378713697696,0.173430169956227,0.12673393789565943,0.15287128849710405,0.1816555655020101,0.16048216797957912,0.15974027796046197,0.27179349110197176,0.4829193843721227,0.5044814938312688,0.4898055264894398,0.608976033353269,0.5625894247033866,0.5468385655093689,0.6701777949230261,0.8676876256936834,1.1834288981572278,1.0605272125948704,1.0527856412384202,1.068406576693475,1.2071472853954108,0.8857882311254774,1.0095030580497002,0.916919082508705,1.0362744179866985,1.057545264136782,0.9736726468187947,0.9817177204261643,1.0239095671334695,1.0846399734431493,0
0.17429805532536677,0.12760151711510756,0.15380629756048866,0.1825530292026154,0.1614083738162127,0.16066239545645702,0.27262613106750005,0.4836435630497365,0.5051309233853052,0.4904504838497116,0.6095521802584462,0.5631987581928724,0.5474366237954005,0.6707199105488076,0.8681342302992779,1.1836932897935883,1.0608511291474336,1.0531054894221603,1.068703406677352,1.2073650588015286,0.8861867556597942,1.0097892176063858,0.9172306837750104,1.036535945926121,1.0577903297379345,0.9739659305828277,0.9819993440151035,1.0241963021042344,1.084880754809751,1.1110316443899413,0
0.1284953751897082,0.1546586401864054,0.18347084276510367,0.1623175243867841,0.16158849632213812,0.2734824245678221,0.4843532473805661,0.505842105851135,0.491107959236127,0.6101288427471208,0.5638011101779224,0.548054682759033,0.6712471980277016,0.8685622232366507,1.1839553632717288,1.0611873993460847,1.0534337445813646,1.0690139578187479,1.2075812509241972,0.8865919637226283,1.0101154017761287,0.9175693629897722,1.0367807538889056,1.0580396165186385,0.974258530605655,0.9822878797245805,1.024453738166476,1.0851318239188998,1.1112570655434286,1.1342614123397372,0
0.15553716404006385,0.18430648988966142,0.16324706096931524,0.1624975429243006,0.2743428149984596,0.4850860823216049,0.5065389063727007,0.4918273466899954,0.6107176907135327,0.5644038657836759,0.5486657039299391,0.671793962847689,0.8689764875630235,1.1842012840441698,1.0615210099916,1.0537743642713049,1.0693329131718252,1.2078106880924289,0.8869943010588023,1.0104482379393362,0.9179493468758984,1.0370513875065455,1.058272416967134,0.9745553415639564,0.9825757467706918,1.0247180655043966,1.0853545629761454,1.111492705498506,1.134473313538879,1.053280628282065,0
0.1851682112666998,0.1640940902396004,0.16342697521682553,0.27518677874464215,0.4858232271856764,0.5072588048059193,0.4925322812357413,0.6113670932194522,0.5650189339224533,0.5492770916819257,0.6723341497955709,0.869409393446015,1.1844352304131422,1.0618375146656118,1.0541123037497355,1.0696642097243882,1.2080485053591483,0.8874109825019519,1.0107787012531506,0.9183360062081894,1.0373616673245118,1.0585308179441246,0.9748347591060367,0.9828678257722743,1.0249818010546363,1.085584163407121,1.111700434531834,1.1346953728582525,1.0535396610972307,0.9600273325158992,0
0.16496726669267142,0.16427390322958108,0.27605092686550137,0.48654512244374665,0.5079830354804447,0.49326034696368315,0.6120026481078248,0.5656950752653875,0.5499008339994699,0.6728750059680505,0.8698364559642573,1.1846864849221193,1.062141364882662,1.0544330795729644,1.069992870346679,1.2082984602670208,0.8878360997067174,1.0111230843065178,0.9187199224184752,1.0376785922028207,1.0588285669760642,0.9751406511906964,0.9831426016755014,1.0252497537608927,1.0858132823285798,1.111915012003223,1.1348898901713669,1.0538090635725783,0.9603406396700972,0.9151331189364939,0
0.16514697777632195,0.2768344689970698,0.4872868244916284,0.5086921398882068,0.4939927308425819,0.6126610503952593,0.5663571377301035,0.5505858211062323,0.6734278732664732,0.8702646710380892,1.1849330679047116,1.0624630401652289,1.0547411597880645,1.0703044909588129,1.208546165585459,0.8882738244486461,1.0114758816289635,0.9191180739714646,1.0379932536922738,1.0591329556058497,0.9754870488280706,0.9834437650961971,1.0255008638623333,1.0860466258662367,1.1121291556717454,1.1350912445366548,1.0540496379734767,0.9606645600829765,0.915472554966335,0.8864547789781861,0
0.2776437515220089,0.4879514809571074,0.5094210115208478,0.49470991058610536,0.6133238910181529,0.5670421560176382,0.5512566528289329,0.6740405833661176,0.8707043487542524,1.185181574552664,1.0627795896349264,1.0550670963487028,1.0706035041703714,1.2087779096605633,0.8887084077682392,1.011841105053253,0.9195246557775881,1.0383217416222095,1.0594351670889977,0.9758401072704873,0.9837853188181794,1.025777917776102,1.086263787377022,1.1123475271837622,1.1352922070901428,1.0542970891186403,0.960958171451586,0.9158227215286009,0.8868109060850876,0.7811237351101855,0
0.48864111606433974,0.5100732106455155,0.49544688253330965,0.6139721916907653,0.567731566722275,0.5519504762432875,0.6746397631959928,0.8712016302537484,1.1854406687882146,1.0630977638339207,1.0553878796068414,1.070920306678721,1.2089978159201793,0.8891245396087999,1.0122035314079658,0.9199437986194723,1.0386586390959933,1.0597511315037729,0.9761906537457987,0.9841335312336151,1.0260947743716686,1.0865062562051484,1.1125500024368211,1.135497400327769,1.0545440020678682,0.9612587052718261,0.9161418660747399,0.8871778386386627,0.7815411659247848,0.6049011429072485,1
0.5107503085923938,0.49610694643688735,0.6146400715088395,0.5684061837143932,0.5526486768839961,0.6752616416402791,0.8716863798101994,1.1857537946617165,1.0634268648529117,1.0557102695051592,1.0712320148086114,1.2092349264958915,0.8895270571162646,1.0125484678085381,0.9203598882957414,1.0390079227822568,1.060075501739463,0.9765552385381295,0.984479265019839,1.0264182788945668,1.0867876847749662,1.1127775096576633,1.135686948837397,1.0547951357985281,0.9615585323277077,0.9164679550770536,0.8875132937310176,0.7819696773343412,0.6054211370107455,0.6332428544096024,1
0.4967919595556982,0.6152330522990641,0.5691004612541769,0.5533319998623563,0.6758880214315536,0.8721933599277033,1.186055981329871,1.0638113823231674,1.0560436067509897,1.071545368352717,1.2094674567881487,0.8899481293148813,1.012880475821486,0.9207577729293192,1.0393544851064336,1.0604122267594362,0.9769282436050203,0.9848390087074126,1.0267394747644187,1.0870757458281146,1.1130436119618885,1.1359012869540148,1.0550297479446331,0.9618625687615755,0.9167932561624152,0.8878557073360087,0.7823650385042957,0.6059526720420891,0.6337463533571247,0.7510940723501195,0
0.61585055247415,0.569719072190411,0.5540350103179251,0.6765002094981302,0.8727050396166601,1.1863796518233556,1.0641843431315803,1.0564324442454405,1.0718696252435909,1.2097019707867387,0.8903634344881954,1.0132305171214353,0.9211422190358497,1.0396837688720055,1.060746290066051,0.97731372547072,0.9852071712304045,1.0270745356558435,1.087361742059012,1.113316340068325,1.1361538991842701,1.0552899945863707,0.9621490738680852,0.9171227611358904,0.8881972811839225,0.7827674098140648,0.6064482582159517,0.6342613191975937,0.7515289807249945,0.7394323008402852,0
0.5703623667348798,0.5546621002399263,0.677131865005881,0.8732036230444139,1.1867083381370418,1.0645790772523007,1.0568096877147295,1.0722492027633994,1.209947004238481,0.890779942451069,1.0135752496185013,0.9215450861989982,1.040000275058124,1.0610632413692442,0.97769631404721,0.9855877984032849,1.027418008045097,1.0876613954814547,1.1135871088344125,1.1364131313360617,1.0555896342673274,0.9624621864004291,0.9174342486693325,0.8885430554130291,0.7831687509661085,0.6069509409037395,0.6347407862796272,0.7519750481390332,0.7398739964813413,0.6376983724730504,0
0.5553139280986726,0.6776896747926043,0.8737213225090369,1.1870256758999311,1.064978704593096,1.0572087220136646,1.0726172663463445,1.2102457911899764,0.8912078560508061,1.0139214864311696,0.9219423037780641,1.040334699898216,1.0613675339123454,0.9780611439986399,0.9859655553448381,1.027773883141905,1.0879694498759542,1.1138714448841784,1.1366704969919514,1.0558959143703133,0.9628159804690027,0.9177728120188776,0.8888705016742321,0.7835742796189761,0.6074522748867279,0.63522733598412,0.7523874884078129,0.7403268816247209,0.6381992782650606,0.6749511201023007,0
0.6782717786084358,0.8741684897919808,1.1873615690667128,1.0653663058483416,1.0576126421139367,1.0730070832105096,1.2105337629515676,0.8916931407263549,1.0142787867091965,0.9223408014270336,1.0406639166776674,1.061689654791879,0.9784128538943955,0.9863256180450988,1.0281270055700171,1.0882898181217355,1.1141641773525226,1.1369413507952317,1.0562000043144082,0.9631764385669163,0.9181526772158114,0.8892253229583686,0.7839603397837835,0.6079577748212239,0.6357125882154356,0.7528069535352092,0.7407459544204686,0.6387116393112061,0.6754303444273118,0.5624907664349894,1
0.8746392421699036,1.1876322164965278,1.0657726798480203,1.058004495129905,1.0734018017780806,1.2108431603953544,0.8921659972178051,1.0146920612517085,0.9227506170151956,1.0409947040645662,1.0620066469839844,0.9787827427687866,0.9866726066206375,1.028462762023109,1.0886076023424058,1.1144691852326696,1.137220597009149,1.05651785828117,0.9635343337923279,0.9185392178071704,0.8896218423435063,0.7843748739112767,0.6084418981367704,0.6362020098640149,0.753225334222049,0.741172057790758,0.6391885723576785,0.6759209266939359,0.5630354437964048,0.5937106512357496,1
1.187925317982669,1.0661117587151352,1.0584151340419439,1.0737845411422038,1.2111575982834408,0.8926610356241865,1.0150935304162563,0.9232174456800418,1.0413364796888922,1.0623252620138284,0.9791471948030073,0.9870377392615568,1.0287856785344571,1.0889084914859954,1.1147716820434046,1.1375120848007034,1.056844118630564,0.963906310724151,0.9189230160933938,0.8900250443830643,0.7848325615171282,0.608956333980393,0.6366703617765164,0.7536478987375461,0.7415970556402017,0.6396725858427731,0.6763766725774567,0.5635917728710712,0.5942371583159081,0.5851001762302411,0
1.06647373010824,1.0587583538090848,1.074186038211854,1.2114608237028244,0.8931607942040553,1.0155168895006443,0.9236720057843898,1.0417339224825037,1.0626548060102075,0.9795130668999108,0.9873974657449078,1.029126561102901,1.0891968766233038,1.1150574874888586,1.1378011257379521,1.0571827385061374,0.9642867101280358,0.919321049026059,0.8904253894962547,0.7852969584422237,0.6095163582005871,0.637168730522375,0.7540506696050453,0.7420262358922473,0.6401553099086651,0.6768394806404602,0.5641114795625958,0.5947752355559841,0.585631694691883,0.6416802062091918,0
1.0591244926347436,1.0745203819571247,1.2117825608734965,0.8936475703773695,1.0159450924208535,0.9241486729660828,1.0421196968248574,1.063039775220445,0.9798900980723162,0.9877586324811445,1.0294621939517086,1.0895029724648382,1.1153309342546762,1.13807365461565,1.0575186876685332,0.9646796048815602,0.9197275121765955,0.8908400669536934,0.7857580774551475,0.6100831363512261,0.637712296042447,0.7544822277406807,0.7424354962231188,0.6406422039366619,0.6773010666238318,0.5646383035551563,0.5952771862206733,0.5861748058059323,0.642178794534646,0.5968196554753817,0
1.0748775878884222,1.2120394639260057,0.8941534260651003,1.0163609963394176,0.9246300920155994,1.042527296890628,1.0634131838618002,0.9803234938086022,0.9881309353810576,1.0297993699949177,1.0898040429969365,1.115621981258336,1.138333952729229,1.057837499697608,0.9650695711375717,0.9201465360652108,0.8912631795770121,0.7862338876410362,0.6106459322654318,0.6382626083181869,0.7549573542797491,0.7428736654917104,0.6411080764727453,0.6777668271247473,0.5651637021802085,0.5957862388842186,0.5866816536003271,0.6426888277127939,0.5973443530843705,0.5102099627363651,0
1.2123187329687017,0.8945890939567562,1.0167957605488196,0.9250987038134706,1.0429397679799357,1.063808367647231,0.9807449101413751,0.9885595093142763,1.0301475653838554,1.090106804393032,1.1159081000330557,1.1386117538488958,1.0581436350390874,0.9654416804575351,0.9205625073531923,0.8916988947084225,0.7867181511660649,0.6112240196858404,0.638809051633293,0.7554391977401475,0.7433555642964605,0.6416039193568785,0.6782119695049491,0.5656932615706305,0.59629392261458,0.5871956076139343,0.6431634961273778,0.5978806127318615,0.5107850680418172,0.39966839126799136,1
0.895048273261843,1.0171624041136933,0.9255863389393227,1.043340090317215,1.0642084438769677,0.9811882979837528,0.9889761455471201,1.0305515549322803,1.0904204175595205,1.116195973554064,1.1388847121892105,1.0584676123441388,0.9658005995874185,0.9209602751760613,0.8921314779623569,0.7872151706138902,0.6118105908499011,0.6393706899035797,0.755917643266192,0.7438441829747482,0.642144897452557,0.6786866935678679,0.5662009851243127,0.5968057709280238,0.5877081771297153,0.6436452430289197,0.5983807951785364,0.5113719616296918,0.4003078328596597,0.4775810473985401,0
1.0175521168234363,0.9260043160746907,1.0437592247480512,1.064596489733962,0.9816364951080123,0.9894147337375592,1.0309438194074287,1.0907891408100434,1.116494626351894,1.1391594815045682,1.058786448985906,0.9661777510068371,0.9213446055973169,0.8925456363890582,0.7877087670128349,0.6124101746050298,0.6399408070275897,0.7564108822665265,0.7443293571090589,0.6426926211759776,0.6792060381146371,0.5667394636819727,0.5972961214523401,0.5882249101756497,0.6441257077089824,0.5988880781002135,0.5119214025550028,0.4009593514930994,0.4781751430549364,0.4270963969613275,0
0.9264456912712018,1.0441106930068458,1.065003309710641,0.9820722022724652,0.9898581394903174,1.03135793615254,1.0911464440008447,1.1168480933007547,1.139444966288403,1.0591069005848888,0.9665494187351935,0.9217473562197201,0.8929461994958795,0.7881831255562024,0.6130058481711353,0.6405238954629544,0.75691257978716,0.7448293644455343,0.6432364937465235,0.6797321188585198,0.5673241166077541,0.5978169012573602,0.588720052198592,0.6446103428380671,0.5993939977086683,0.5124779864063724,0.40157166193641003,0.4787811122277917,0.42771987518282495,0.431200859634995,0
1.0444851331757936,1.0653428215869285,0.9825268309835811,0.9902891010441051,1.0317769126785066,1.0915254564597088,1.117190272139633,1.1397850047450666,1.059438290093218,0.9669224756967414,0.9221444580098486,0.8933653028414362,0.7886433087706696,0.613580923656254,0.6411031520555807,0.757427076968805,0.7453378323143687,0.6437955460937443,0.6802544973408456,0.5679155342002757,0.5983834240599222,0.5892457133370381,0.6450739995903679,0.5999040822803889,0.5130330503853417,0.4021911694868565,0.4793491105532997,0.42835535879799824,0.4318219490186839,0.41959439137149596,0
1.065705228763682,0.9829127614431697,0.9907389694653311,1.0321836783211285,1.0919093892619145,1.1175540983835415,1.1401138712330037,1.0598251413217181,0.9673067267190726,0.9225428403645959,0.8937786518628192,0.7891224731031012,0.6141408534366997,0.6416620293309759,0.757938068089204,0.7458591168295893,0.6443630765259571,0.6807919286918132,0.5685028000510997,0.5989567036258306,0.5898172364454572,0.6455675851474548,0.6003927027271506,0.5135922687365416,0.4028089573454944,0.4799242677976711,0.4289520698113865,0.4324550330742727,0.42022223583433055,0.28594808537982375,1
0.9833218846270609,0.9911202780516285,1.0326092759878773,1.0922814458720207,1.117922871170297,1.1404643306745539,1.0602004157040084,0.9677474851220772,0.9229525400971333,0.8941932120315396,0.7895954956561637,0.6147205019417807,0.6422059169663086,0.7584295895613266,0.7463768630463975,0.6449435717800609,0.681337831700381,0.5691055018865291,0.5995259562292881,0.5903955184969866,0.6461062508983972,0.6009117200177558,0.5141290851566365,0.4034308860588263,0.48049784618829733,0.4295559644882905,0.4330494097116745,0.4208621052877603,0.28665371331253137,0.40362858460339296,1
0.9915247497478974,1.0329670195488345,1.0926722271435305,1.1182799125533462,1.1408197597195762,1.0605974728618017,0.9681762004428364,0.9234192506145997,0.894619168352724,0.7900694743977774,0.615293360441135,0.6427694046976988,0.7589067703451767,0.7468750496001488,0.6455202475080178,0.6818966452721988,0.569716694782872,0.6001105384613253,0.5909697391718256,0.6466516612690705,0.6014764373482504,0.5146972020367433,0.40402921590152113,0.48107557496113884,0.43015818905335645,0.4336509680008221,0.4214630829989094,0.2873717153499256,0.40426572132343236,0.414631526135146,1
1.0333477752285063,1.0929961666776358,1.1186556321523768,1.141163584802644,1.0609994192319283,0.9686269171282006,0.9238736935934089,0.8951024570325378,0.790555138618876,0.6158667485739003,0.6433262066769896,0.7594030579407477,0.7473588312496814,0.6460765783099578,0.6824517422973377,0.5703409620410124,0.6007036063677627,0.5915593188083412,0.6471932364014126,0.602047910655039,0.5153122156579312,0.40465999950645176,0.48163054849833903,0.4307645578271404,0.43425086359752413,0.4220712480506229,0.28804870318765874,0.404914924740331,0.4152622590345575,0.43099407358348035,1
1.0933429017335103,1.118964947967472,1.1415260472207505,1.0613893173682079,0.9690824304516072,0.9243502431704854,0.8955733347913567,0.7910993162883591,0.6164523062405726,0.6438836068921479,0.7598930932942746,0.7478617685230668,0.6466179440062988,0.6829867819426437,0.5709612018731931,0.6013097031642236,0.5921573856048628,0.647749977745613,0.6026153694254062,0.5159340071808789,0.4053392072245871,0.48221716291952116,0.4313476247195906,0.4348549039048569,0.4226777294295702,0.2887329438716367,0.4055249828595351,0.41590502988867994,0.4316152833186933,0.45682309411103506,1
1.1192969656038763,1.1418224913385644,1.0617979953536822,0.9695253839405608,0.9248315448182788,0.8960663863715104,0.791630556416014,0.6170983533609042,0.6444530987912018,0.7603840121481302,0.7483584106571409,0.6471788911494437,0.6835070616158884,0.5715605162675425,0.6019118588372752,0.5927684938325678,0.6483151964878009,0.6031981472329836,0.5165514380068638,0.4060252208283643,0.4828511249211841,0.4319628592124322,0.43543568677380684,0.42328835409985544,0.289415259298389,0.4061422361448177,0.4165088301845016,0.4322484882659776,0.4574292711012339,0.5051220640735178,1
1.1421415548031846,1.0621393112127995,0.9699872813906638,0.9253000403356927,0.8965641615528563,0.7921842172647846,0.6177305818839759,0.6450827623448706,0.7608866989680058,0.7488559080636726,0.6477331689298985,0.6840467668088517,0.5721444514230203,0.6024933300522702,0.593375637134535,0.6488933742523374,0.6037894101785501,0.5171844829212022,0.40670643192400263,0.4834918730847003,0.43262613884095236,0.43604859442047195,0.42387559565740274,0.29010170167358856,0.40675777689689707,0.4171198202533968,0.43284298251107406,0.4580473758323161,0.5057001305862358,0.5718562509774233,1
1.062503533931277,0.9703802692335978,0.9257875588214063,0.8970489732704441,0.7927424971506503,0.6183856442003005,0.6456987490005847,0.7614482359625123,0.7493652054691892,0.6482880557310137,0.6845799396715714,0.5727482828182647,0.6030595939417644,0.5939620295159864,0.6494677434978915,0.6043936974858742,0.517826027916707,0.4074036336872895,0.4841281301404113,0.4332962174116444,0.4367094904907407,0.4244950830852595,0.29076331381941484,0.40737745898794137,0.4177291176784502,0.4334446585092709,0.45862718005582703,0.5062899986721073,0.5723954775343488,0.5483403488400667,1
0.9707964950205259,0.9262054227082214,0.8975528584259518,0.7932872357119386,0.6190451506142567,0.6463375030155535,0.7619966852766804,0.7499334838141932,0.6488550219774507,0.6851138117269933,0.5733451682032458,0.6036456233954123,0.5945331671580597,0.6500217985523722,0.6049940522641511,0.5184807234210194,0.4081093546039995,0.48478011244061164,0.4339616030981092,0.4373771844641262,0.42516271930531113,0.29145856619406996,0.407973585089157,0.4183425577879593,0.4340446714412274,0.45921415337254806,0.5068423332937203,0.5729463313397816,0.5488932618842608,0.5858263318995132,0
0.9266466839305475,0.8979866130832329,0.793851233078145,0.6196901489218806,0.6469807292635011,0.7625676257025811,0.7504886161738084,0.6494821099182386,0.685659660900578,0.5739424805653105,0.6042248216796462,0.5951241064047496,0.6505609104273586,0.6055737465821265,0.5191312469771637,0.40882838703335744,0.4854406004515984,0.4346428860138996,0.4380402019579497,0.4258371563666866,0.29220381397517975,0.4086021236351229,0.41893256104703247,0.43464882905852786,0.45979951031260935,0.5074018133351851,0.5734607114967619,0.5494578636057665,0.5863574277313846,0.5804931753616138,0
0.8984438668950289,0.794343352042547,0.6203547161600199,0.6476096028917043,0.7631431553545688,0.7510662669807708,0.6500955432372076,0.6862652140489415,0.5745520789555979,0.6048045225101755,0.595708182808806,0.6511195870825734,0.6061382506944398,0.5197604415508648,0.4095429419394436,0.48611428649542027,0.4353326833508305,0.43871910269852515,0.4265068705599123,0.29295589643051834,0.40927903157561324,0.41955486195497615,0.43522972699837464,0.4603890150965071,0.5079597643071585,0.5739822043643598,0.5499856182191895,0.5869001143187821,0.5810273751432563,0.5885025281243473,0
0.794859344126693,0.6209444806913441,0.6482579955732188,0.7637049789350548,0.7516484954369616,0.6507317334715358,0.6868572988270627,0.575222642352234,0.6053964236130482,0.5962927409170947,0.6516716090220828,0.606722507357693,0.520373968999648,0.41023531461576757,0.48678371039347645,0.43603575225150865,0.43940651715207885,0.4271925075393644,0.29370272186181595,0.4099627443992124,0.420225380227887,0.43584275187337673,0.4609555398785098,0.5085218690291906,0.5745022887938774,0.5505204970693635,0.5874065491187141,0.5815731796118245,0.5890320663835878,0.5794015373687346,0
0.6215587439995749,0.6488320558611054,0.7642861141682068,0.7522169538435434,0.6513724003619188,0.6874720531987537,0.5758791751135728,0.6060489396499192,0.5968895229492829,0.6522242496204697,0.6072999442878552,0.5210076115175156,0.4109114114662036,0.48743155345330175,0.43673441944940117,0.4401071971912285,0.4278866602343132,0.29446592536897453,0.41064167054272405,0.42090270059848384,0.4365037680291813,0.461553922116354,0.509061516728563,0.5750265351340198,0.551053924973163,0.5879200897819391,0.5820826475962546,0.5895731884075305,0.579936372494469,0.5443248522583297,0
0.6494305143020533,0.7647948726758594,0.7528047444257773,0.6519987390761519,0.6880913212079989,0.5765586410796226,0.6066875811407251,0.5975470164657687,0.6527889587267374,0.607877891289805,0.5216341157126894,0.411608086074415,0.4880635497159634,0.4374111161285829,0.4408034868737457,0.4285940954196833,0.29523766765025505,0.4113365738627895,0.4215752782654129,0.437171582140451,0.4621999387509307,0.509632517971007,0.5755290470464991,0.5515915119119535,0.5884322472599662,0.582599224057982,0.5900781011450882,0.5804828151587323,0.5448801023611883,0.3720937117474184,0
0.7653276109199694,0.7533199647626209,0.652644589002646,0.6886964654148711,0.5772425090417301,0.6073490826557015,0.5981905923866253,0.653413744878572,0.608468030024176,0.5222609203367827,0.4122972157380611,0.4887157976210357,0.43807168801513463,0.44147783771904275,0.42929710816413186,0.29602288707785174,0.4120399956530073,0.4222637956254412,0.4378347189456788,0.46285274680228977,0.510250486254913,0.5760622162509911,0.5521071097938719,0.5889485683569444,0.5831144076940824,0.5905901184342225,0.5809929040023878,0.5454470516307353,0.3727492020748736,0.41042126594675,0
0.7538592062396418,0.6532161804720807,0.6893210552746994,0.5779116362282563,0.6080150171592992,0.5988570485149176,0.6540248963164563,0.609118748830904,0.5229001545958514,0.4129863782595117,0.48936078717951337,0.4387527228553397,0.44213608637307494,0.42997809248345414,0.2968033146199525,0.41275672318785,0.4229608295572327,0.43851373970211166,0.4635009807807145,0.5108752337285934,0.5766414304190753,0.5526536103138922,0.5894433062937139,0.5836337542969708,0.5911007573757593,0.5815101018583985,0.5459770900214852,0.3734168414753405,0.4110544492591684,0.31151742109849967,0
0.653812154275795,0.6898720048637931,0.5786004069812635,0.6086663821639642,0.5995279290840516,0.6546587953361374,0.6097556086355732,0.523600940092254,0.41368827405541886,0.4900059981870739,0.4394263136435837,0.44281478080090286,0.4306429107000943,0.29756068214898457,0.41346898414676386,0.42367115320786053,0.43920127420720045,0.46416501071924543,0.511495600170061,0.5772274068830034,0.5532464807208154,0.5899685557698604,0.5841314599924535,0.5916155602635048,0.5820259049154931,0.5465142546171503,0.3740448347679848,0.41169968152444053,0.3122081674253164,0.24354251788550677,1
0.6904472045257569,0.5792136712534679,0.6093373357927483,0.6001841929159843,0.6552971749647142,0.6104153211767944,0.5242874335664085,0.41445296060469256,0.4906637284558635,0.4401000036804204,0.44348604627483884,0.4313282232711822,0.298301147647348,0.41415909344382124,0.42437704069849225,0.4399020745990691,0.46483754995003007,0.5121315980327034,0.5778092690370857,0.5538461193766934,0.5905396571825607,0.5846597328691975,0.5921088089687828,0.5825458708058853,0.547049961007867,0.37468003868327615,0.4123058763676273,0.3129112210639866,0.24427282627726007,0.3076053175425204,0
0.5798515848755303,0.6099333010154241,0.6008600605251939,0.655921248262037,0.6110794697930035,0.524996982793371,0.4152028024599478,0.4913833758339675,0.44078635165150176,0.444157420932414,0.43200606419454096,0.2990626668972581,0.41483294872193177,0.42506086145667676,0.4405984840626773,0.46552331744761644,0.5127760968543511,0.5784065352706041,0.5544415497346609,0.5911175173545432,0.5852339313716467,0.59263254129215,0.583044183968661,0.5475898259425412,0.37531347306165475,0.41291926304751336,0.31357366657351826,0.24501561954654233,0.3082983407522395,0.25086178231353456,0
0.6105538047455038,0.6014607968427835,0.6565648257641847,0.6117290659667114,0.5257108821162595,0.41597595918145736,0.49208856805589873,0.441535182822399,0.44484144224995126,0.43268398620753223,0.29981622288790916,0.4155273651818214,0.4257284887839909,0.44127295309292697,0.4662047654172809,0.5134337535953327,0.5790122909491651,0.5550524642831188,0.5916913190521252,0.5858148899834804,0.593202088574602,0.5835730757019744,0.5481076583407135,0.3759510449227676,0.41353094947292135,0.314243352396687,0.24571672516687482,0.3090036814931031,0.25158783082111147,0.24383346105100992,1
0.6020861022382353,0.6571342108853432,0.6123982452931527,0.5264097538437751,0.41675335626220733,0.492816892513997,0.4422693064303522,0.4455879007434672,0.43337458676154134,0.3005695364709722,0.4162142512645271,0.4264166312385858,0.44193131879323727,0.4668644723224055,0.5140872243234362,0.5796311073486917,0.5556718723339283,0.592280477237607,0.58639176880542,0.5937783939388503,0.5841479081443451,0.548656435271463,0.3765647193357618,0.4141467780679349,0.3149111591827938,0.2464251044182058,0.30966835197611453,0.2523263450866589,0.24456360011096778,0.22804077748882604,1
0.6577279642037583,0.6129924878054894,0.5271283611442237,0.4175151193010831,0.49354953467668666,0.44302668061232126,0.44631967219501256,0.4341277546362638,0.3013358956994328,0.416901179790873,0.4270972837897898,0.44261013113287795,0.46750821812598176,0.5147193267966685,0.5802459222116942,0.5563043753566239,0.5928781224578075,0.5869840222835946,0.594350651524886,0.5847295009724514,0.5492516375719303,0.37721113520311345,0.4147391242239904,0.31558309604408485,0.2471314817582949,0.3103402646902496,0.25302328794161194,0.2453062232884459,0.2287801080465732,0.2503520306516614,0
0.6136112577870839,0.5277705943962422,0.41829681244964495,0.4942669702372163,0.44378832238182486,0.44707468459956456,0.4348661774404634,0.30216632084082645,0.417600830713677,0.4277780054177756,0.4432815137579741,0.4681723024575639,0.5153357341282938,0.5808398839270862,0.5569328118367154,0.5934888080515456,0.5875847637166425,0.5949382564818884,0.5853070096476184,0.5498536091378857,0.37790635618781376,0.41536381195539934,0.31623047953970496,0.24784198086128173,0.31101029129564645,0.25372750084008383,0.24600716343748702,0.22953196397586806,0.2510783758397394,0.27950886391521845,0
0.5284376626148372,0.4190002971807137,0.4950041987927254,0.4445344805833247,0.4478339686662281,0.43562786840365153,0.3029813327237971,0.41836322798371983,0.42847141921895227,0.4439530050661741,0.4688290520854154,0.5159722778251831,0.5814185179749695,0.5575402136548557,0.594095530726891,0.5881985532909725,0.5955343480118729,0.585899896697877,0.5504513563568437,0.37860839003875674,0.4160367752256729,0.3169112364941835,0.2485271905691764,0.3116844474978374,0.25442972505791184,0.24671537707492314,0.23024188607070825,0.2518171881173735,0.28021823953840713,0.2546584703989012,0
0.4197290093429407,0.4956645118431193,0.4453005206252929,0.44857779168254325,0.4363938195069931,0.30381992603753705,0.41911080035941806,0.4292274559900514,0.4446371436023433,0.46948597291673955,0.5166016644837873,0.5820170090619485,0.5581321583143625,0.5946815080867647,0.5888083652042222,0.596143476017514,0.5865012718913545,0.5510646014457873,0.37930551117142525,0.41671654165947053,0.317641635559157,0.24924648293162854,0.312334007974263,0.2551360719336711,0.247421589327038,0.23095908939460247,0.2525144208889693,0.2809400060869715,0.25538230919651933,0.24381182065026993,0
0.4963497757051373,0.44598880740057184,0.449341489316082,0.43714424588528017,0.30466264681824257,0.4198816783185341,0.4299687228779217,0.4453837216332083,0.47015547002796987,0.5172313392558111,0.58260858858915,0.5587440584423778,0.5952522347058615,0.5893973906364778,0.5967486485026939,0.5871156968160852,0.551686340729895,0.38001871690973527,0.41739154856208494,0.3183788628254163,0.25001635662563865,0.3130169827253023,0.25581720866702873,0.24813192337762843,0.23167426278568287,0.2532189239539347,0.28162065617361604,0.2561186038343082,0.24454197230515473,0.12880992214050613,0
0.4467022242271668,0.4500275017939529,0.4379145673064517,0.3054891096715917,0.4206568005682485,0.43073326955791635,0.4461156115882399,0.4708871170099596,0.5178734576384295,0.5832006177630346,0.5593489605084968,0.595842759890139,0.5899711359607465,0.597333096329402,0.5877261410620709,0.5523211808344608,0.3807404465590575,0.41808250950079007,0.3191109352628371,0.2507930757289556,0.3137496536410519,0.2565323516916007,0.24881697118344723,0.23239355604403622,0.25392143741680845,0.2823085622626389,0.2568133873572854,0.24528460813408934,0.1296070060359919,0.13923819080816616,0
0.4507386297507378,0.4386070109697875,0.30633570276548044,0.42141631050226247,0.4315020714513352,0.4468707429809922,0.47160420505278655,0.518577184309606,0.5838049072396991,0.559954255299943,0.5964264249029119,0.59056470217294,0.5979023081519,0.5883157904009367,0.5529519432962026,0.3814755278835587,0.4187819877376743,0.3198592986696821,0.25156436832218754,0.31448915374844644,0.2572979749161808,0.24953609860835554,0.233087392055098,0.2546280734752787,0.28299453145463926,0.25751543906286495,0.24598556059091248,0.1304168745162499,0.14002920534830596,0.10580617615399383,0
0.4393246113194097,0.30710220032367996,0.42219574357661027,0.43225532139272776,0.4476301458305756,0.4723444739891748,0.5192665935207019,0.5844700567063994,0.560571874988477,0.5970105733776112,0.5911513885958681,0.5984913073379491,0.5888901536206734,0.5535616401012129,0.38220605545884495,0.41949476182564044,0.3206161964390514,0.2523521834533005,0.31522348339115575,0.2580704416971771,0.25030580334480945,0.23381547245346124,0.2553094938717775,0.2836846268076691,0.2582155089508472,0.24669378654673746,0.13118323326169637,0.14083297723224403,0.10661664845681067,0.1163210064246134,0
0.3078943290633345,0.422897033950426,0.4330284751109107,0.4483740864953535,0.47308904002334595,0.5199790704108246,0.5851212223621679,0.5612506183537065,0.5976069437815802,0.5917385455715646,0.5990734561967531,0.5894843422975531,0.5541558576361196,0.3829141879611728,0.4202030881149964,0.32138653411298973,0.2531485446749673,0.3159741173305577,0.25883751122163334,0.2510823534169172,0.23459434837362625,0.2560249258778313,0.2843498222077037,0.2589197019610374,0.24740001107812315,0.13195692187341615,0.14159340499429668,0.10743996543533767,0.11712535899237654,0.05440060644085008,0
0.4236235376952088,0.4337236687155764,0.4491379021412677,0.4738182855743259,0.520695892346021,0.5857952992696125,0.5619152603361702,0.5982640175273751,0.5923379391258328,0.5996560949953434,0.5900716471696293,0.5547700474470113,0.3836058927966904,0.42088931517378547,0.32215215058391217,0.2539584448066751,0.3167332863074575,0.25962107834960974,0.251853478141778,0.2353800736274034,0.25679084512722056,0.28504872501824685,0.2595987259392064,0.2481103574053381,0.13272840117862095,0.1423611575112892,0.10821940735305267,0.11794252876875758,0.055240997292880935,0.08895070846658368,0
0.43444403662658587,0.4498240292000274,0.4745673606512011,0.5213976587729218,0.5864737874704063,0.5626028686924364,0.5989071773080823,0.5929980958232574,0.6002509483721334,0.5906594199521124,0.555377224425195,0.38431829080803104,0.4215593256177614,0.3228949044061317,0.25476343582924427,0.31750590088690667,0.2604131903053128,0.2526411244133707,0.23616031041393265,0.257563608062071,0.28579771220708783,0.26031171659698715,0.24879541725346008,0.13350398821668913,0.14312671957232628,0.10900619041214524,0.11871599047195076,0.05609436710348626,0.08977099081804592,0.03626354613184369,1
0.4505352724718701,0.4752391757575548,0.5221191697267018,0.5871375862759752,0.5632948649973759,0.5995732155940899,0.5936443118915524,0.6009064750822369,0.5912594323117168,0.5559847844090059,0.38502304244266977,0.4222498688117075,0.32362089699611035,0.2555450395190198,0.31827378344893376,0.26121883051054556,0.2534373167253195,0.23695712254774656,0.25833097170301234,0.286553535700263,0.26107513499527607,0.24951455694645014,0.13425304353989664,0.14389639064144386,0.10979072258222267,0.11949678816276058,0.05690304547358228,0.090604161875476,0.03711449293208173,0.04737709415626739,1
0.4759360153741543,0.5227642222015179,0.5878210121661629,0.5639720428955666,0.6002436790418076,0.5943134189662602,0.6015481012073599,0.5919202200551468,0.5566046803198123,0.3857277601892936,0.42293290661502236,0.32436783631326166,0.25630950767040883,0.3190187731655471,0.2620195818396159,0.2542470475235505,0.23776248344670237,0.25911483468403235,0.28730407643319705,0.26184539598884005,0.250284274249995,0.1350373785456763,0.14463964291255957,0.11057935967215865,0.12027535397158702,0.05771909018108947,0.09139319018783955,0.03797846606895895,0.04822157276180655,0.0790321914607968,1
0.5234341277068839,0.5884290869899759,0.5646688892628722,0.6008995297361154,0.5949869459083535,0.6022125995646828,0.5925670617116137,0.5572857449335635,0.3864452869534749,0.42361600330398475,0.32510690642672974,0.2570952070683472,0.31974698010778657,0.262797002331767,0.25505187001691026,0.23858140583398998,0.25990724258072895,0.2880710171783319,0.26261027490041955,0.251060836894672,0.13587388016324897,0.14541806606604415,0.11134121596363043,0.1210580259860743,0.05853279107679788,0.09218956790315488,0.0387974597279043,0.04907904867290773,0.07985824648710389,0.06728145385903188,1
0.589061777912618,0.5652899943319404,0.6015749829297738,0.5956458308385955,0.6028815257404255,0.5932367969333321,0.5579526880883771,0.38722591366924464,0.42431180373102884,0.3258457960243992,0.2578727872201794,0.3204961501519079,0.2635573275893134,0.2558333074232059,0.23939537625997148,0.26071317946940875,0.28884649780857785,0.26339163848143377,0.25183197410561003,0.1367172562349791,0.14624851174211942,0.11213859194033628,0.12181403105624163,0.05935059060625322,0.09298366426083103,0.03962382861399756,0.04989172160202919,0.08069721612876725,0.06811434793066423,0.1268262187393487,0
0.5659357989902256,0.6021753168819169,0.5963243276537517,0.6035358538447448,0.5939109509387468,0.5586426070294624,0.38799155782660033,0.425070274338153,0.32659766103271454,0.2586500223197367,0.32123743660186055,0.26433885345750585,0.25659761089320376,0.24018583969846055,0.2615142260727963,0.28963546496386844,0.2641815462351143,0.2526196329370018,0.13755474723481464,0.14708582923240918,0.11298845237559534,0.12260544610832531,0.06014105271987633,0.09378186347720094,0.04044782090300943,0.05071176431108085,0.08149188550788188,0.06896018731321195,0.12762445716980345,0.12466458315432984,0
0.6028002173337936,0.5969276167269557,0.6042097797387067,0.5945704569434315,0.5593369099329626,0.38878058148625766,0.4258139540121218,0.3274133052419039,0.2594404195457977,0.3219785330665824,0.26511228700315553,0.25738314439196364,0.24095908223769585,0.26229193790459804,0.2904196224334298,0.2649849767084469,0.2534158378124833,0.13840915162928702,0.1479173033303787,0.11384519308846908,0.12344920033372313,0.060967570843277176,0.09455309938480447,0.04127590960788431,0.0515294505123493,0.082293909151431,0.06976153981795387,0.12843548536690808,0.12546407967804168,0.13625421999503126,1
0.5975554912346254,0.6048086308009757,0.5952495767541511,0.5600163724001388,0.3895738181312552,0.4265809233472173,0.3282136640310015,0.2602953581835574,0.32273261568785394,0.26588539321315685,0.25816055971483787,0.24175362090839098,0.2630525516948299,0.29118067018691585,0.2657835288009749,0.25422558120576627,0.13927212190966715,0.14876565529725466,0.11469595678836281,0.12429983217487939,0.06184728370493082,0.09536003083409238,0.04207646450959327,0.052351234488497,0.08309363350822908,0.07057025234666145,0.12920297232570477,0.12627637161507982,0.13704697123565165,0.11601323183631272,0
0.6054320388614647,0.5958534707078609,0.5607155104031077,0.3903512694558352,0.427352143716133,0.32903754431541954,0.2611346715489002,0.3235505213768906,0.2666716414448487,0.2589376306896789,0.24253998331057103,0.2638343682293516,0.29192478045193854,0.2665587793624267,0.2550304162343565,0.1401487982081571,0.14962257135080018,0.11556371224919781,0.12514452902859832,0.06273388985765085,0.09621967963686283,0.042913264648641265,0.05314560499851396,0.08389745951083864,0.07137664434751018,0.1299777901230713,0.12704508798454542,0.13785248761487057,0.11681776353192558,0.11006452612181174,0
0.596481953971766,0.561338840473155,0.391148699417443,0.4281077890349469,0.32986557744996103,0.2619976657451979,0.3243531220865949,0.2675223490164404,0.2597278629918508,0.24332596313777852,0.2646080905662334,0.2926899714208563,0.2673169555958674,0.2558118660088449,0.14102024823696518,0.1504931782336783,0.11644003756488497,0.12600618182264084,0.06361431354025013,0.0970862129842528,0.043803510128859593,0.05397610479601069,0.08467421480739275,0.07218713655723563,0.1307503950281005,0.12782113625208946,0.13861461248330822,0.11763511324013252,0.11087252002289517,0.1421067461506884,0
0.561986884388958,0.39186746337679246,0.42888334553998403,0.3306774929340933,0.26286474531166126,0.32517925346173204,0.26835746790954795,0.2605826334433403,0.24412514767221616,0.2653814843335888,0.2934471754441476,0.26809631654833427,0.25657618172787183,0.14186742533601907,0.1513585876742129,0.11733010240364661,0.1268764026573624,0.06451190410590033,0.09794670195093945,0.04470065349158761,0.054859896376851326,0.08548676912749392,0.07297043082440827,0.13152710742341664,0.12859496771983636,0.13938406356925542,0.11840874998733641,0.11169334747592469,0.14289609116329127,0.10669343258432956,0
0.39261155266789016,0.42958087206483797,0.3315094936605309,0.2637153343079019,0.3260095338033742,0.26921625047698955,0.26142178007703376,0.24498904744124547,0.2661680215228386,0.29420412147340996,0.26886759914419345,0.25736172756624004,0.14269683511769682,0.15219980467862262,0.11821487738242302,0.12776034770030423,0.06541807339564717,0.09882424009968102,0.04559154189421813,0.05575058302677848,0.0863521778469526,0.07378964671291294,0.13227726662441425,0.12937290641353538,0.14015131880530107,0.1191897228730102,0.1124703674956479,0.1436981860263832,0.1075033884951421,0.09832821545387314,0
0.43030358784405925,0.33226182315860336,0.2645861281721847,0.3268236750322607,0.2700791256805675,0.2622846068597009,0.24583724443421656,0.2670190237678953,0.29497413083555024,0.26963856359446786,0.2581391551491194,0.14354795637678952,0.15302331178927678,0.11907520187033109,0.12863903194988535,0.06633805708070009,0.09971035101142779,0.04649965896698375,0.05663505913509846,0.0872244736219288,0.07466187936276081,0.13306272620435655,0.13012426850681583,0.14092268268453342,0.11996846332035487,0.11325472656955209,0.1444569823235549,0.10832618676395223,0.0991430400036639,0.028049811806566648,0
0.3330396930572733,0.2653761228065926,0.32765790838817377,0.27092555046842975,0.2631515193013584,0.24670915859478343,0.267854434785876,0.2958082783143939,0.2704226596375562,0.25891623833158395,0.14439053635142265,0.15386848672822895,0.11991763236994354,0.12949334687037842,0.0672526088030087,0.10061022599624406,0.047416357893118294,0.057536726053298584,0.08809068537399645,0.07554100204285552,0.1339003798052669,0.13091095353181537,0.1416675954554522,0.12075130993572424,0.11403684245200649,0.1452231019696667,0.10910512406260514,0.09997072876327344,0.028905539081294375,0.040531514055545996,0
0.2661918991783333,0.32841240559678103,0.27179216724351546,0.2640019427689479,0.2475851427366483,0.26871351067306715,0.29662698034080937,0.27127117244782095,0.259706482900822,0.14523249355809273,0.1547051587426079,0.12078187063267576,0.13032982570285084,0.06814231324558528,0.10150476452673761,0.04834689763119404,0.05844697290739496,0.08897398009729074,0.07641399373484001,0.13474490836251424,0.13174986244547787,0.14244771024110145,0.12150748627420326,0.11482306377505026,0.14598703634513954,0.10989140206775388,0.10075442370343594,0.029774314148775443,0.041379976856305345,0.004779167544262338,1
0.3291924570954399,0.27257810624739615,0.2648725705925629,0.24844455126357734,0.2695766786903546,0.29746927889176233,0.27210411556180253,0.26056126586203404,0.14608792804280096,0.15554123323114258,0.12163748299277155,0.13118806828700927,0.06901384063332629,0.10237472246252567,0.0492719552694231,0.059371044386545675,0.08986584929487859,0.0773041084290044,0.135583543919426,0.132595646862701,0.14327988877938522,0.12229907580567216,0.11558255040886593,0.14675508007947313,0.11067543078772803,0.10154546345023933,0.030597979294756366,0.04224145484481552,0.005648438563753306,0.01289912679966646,1
0.2733898010024397,0.26566240401432506,0.24932419193931005,0.2704233934953575,0.29831569851734535,0.27296071345054385,0.2614004248972552,0.14700919044970323,0.15639075635297983,0.12249241690324639,0.13203772364683034,0.0699073909500785,0.10322669359480481,0.05017202563173702,0.06028966448753699,0.09077149701185966,0.07820279962487231,0.1364390996288089,0.1334355296399903,0.14411893988728336,0.12314300876303023,0.11637751229970261,0.14749673607640268,0.11146356453605859,0.10233423879056383,0.03142902369378214,0.04305802113564374,0.006530818164133671,0.013763671922684451,0.014173505954349457,1
0.2664780181404611,0.2501227761433662,0.2712903011846712,0.29914582488910363,0.2738214077444648,0.2622632641321758,0.14791425395866517,0.1573059904635712,0.12336089127925898,0.13288672600867568,0.07079212627127039,0.10410054304134732,0.05105381906686816,0.06118338309577084,0.09167178085630945,0.0791152864550872,0.13730322156635724,0.13429233993374243,0.14495213567656387,0.12399381941406071,0.11722489981073018,0.14827353302749205,0.1122249270931006,0.10312711813630716,0.03225767664824868,0.04388196056170912,0.007367718278361162,0.014641304415439179,0.015037309376114655,0.030098436409943637,1
0.25094719712182373,0.272076522643766,0.2999960928334752,0.2746656724518311,0.26313018900460394,0.14884326723594105,0.15820507781416115,0.12429545152125611,0.13374923995355273,0.07167605871322238,0.10496570458322353,0.05195771134645647,0.062058885973956826,0.09254740754709108,0.08002237692967132,0.13818105241128015,0.13515771682861707,0.14580221950017194,0.12483869384754417,0.11807916652136025,0.1491023128658439,0.1130218000784537,0.10389313571253925,0.03309042501416469,0.044703531105644276,0.00821200905155583,0.015473586376353108,0.015914196838652743,0.030952971364921592,0.12028360424898606,0
0.27288850166383577,0.30076615838725684,0.2755301224648136,0.26398062478424195,0.14977625198618877,0.1591280904888257,0.12521369785409275,0.13467772186034865,0.07257367282334132,0.10583014687602003,0.05285272191417756,0.06295644117914127,0.09340499281770832,0.08090471954909624,0.1390536515028795,0.13603680577928937,0.14666086792528807,0.12570052526983946,0.1189274732387304,0.14993796379222812,0.11387114526298356,0.10469475099305825,0.03389555063894156,0.04552919858734937,0.009053866315234999,0.016313255016300373,0.016745754007959867,0.03182054876118648,0.1210856505456839,0.1736295965618074,0
0.30156187798417644,0.2763139577102835,0.2648512649579892,0.15069211672716792,0.16005508498879945,0.12615594787685686,0.1355899424287028,0.07353794921632555,0.10670817593354652,0.05374688570104429,0.06384515555311213,0.09428449791806216,0.0817689560425155,0.1399019623529321,0.13691065700113034,0.1475332115258914,0.12657092478591564,0.1197927572102241,0.15076778279129835,0.11472737050051686,0.10554895405641437,0.03473700719658304,0.04632737847926748,0.009899816144721246,0.017150504824698386,0.017584697231673458,0.03264304877047118,0.12190050369980641,0.17440059496417612,0.1274682172946324,0
0.2771235352272309,0.26564111037077465,0.15162838824852273,0.16096501669044316,0.12710214653634394,0.13652614203984154,0.07448565468908241,0.10765247985945868,0.054654780975593946,0.06473305004709859,0.09515527862896038,0.08265516155018472,0.14073249496227747,0.1377602032962106,0.1484003494354247,0.12745504895848586,0.12066661030185682,0.15161446988703703,0.1155776222712456,0.10641003929045009,0.03563202258599095,0.047161759079965525,0.010717891259501424,0.017991848191849777,0.018421223927457014,0.033472927028683576,0.12267171171136183,0.17518426087228667,0.1282660820755881,0.10352912509836219,0
0.2664567365647656,0.15248195662348188,0.161895336820258,0.12803109898479886,0.13746630072597188,0.0754574843482836,0.1085803856043745,0.05562954190606334,0.06563464550168288,0.09602531608253817,0.08353259944387337,0.14158474735213242,0.1385919594474629,0.14924327187618522,0.12833391148690002,0.12155419671427571,0.15246972057451988,0.11644486278032062,0.10726511762368562,0.03653393793723643,0.04804952605057861,0.01157254009441098,0.01880540476687576,0.01926184433783095,0.034300417545513294,0.12345025376829787,0.17592512883367487,0.12907673494614963,0.10434092266737977,0.03274337427815346,0
0.15336171408008425,0.16274312685435097,0.1289804986968069,0.13838927088689765,0.0764332116129372,0.10953233454904442,0.056587641236924814,0.06660298199462655,0.09690896754537776,0.08440926563702406,0.14242845116056996,0.13944544442708182,0.15006846799185214,0.12918840231057835,0.12243650503826024,0.15333865791328344,0.11732067299116526,0.10813721319285008,0.037429565499833374,0.04894418982325438,0.01248106929562705,0.01965545034487952,0.020074691755003884,0.0351320037243078,0.1242265711062024,0.17667330469332726,0.12984385677408025,0.10516557086027499,0.03359636985317278,0.05297955345893005,1
0.16361706894577088,0.12984681352947108,0.13933266980683642,0.07739141064842303,0.11048821539769924,0.057569907268156736,0.06755471245207433,0.09785900509413578,0.0852995781167764,0.1432715273993963,0.14029037287381044,0.15091534442568424,0.1300250553514647,0.12329439574069107,0.1542024057393817,0.11821022143279507,0.10901787990707439,0.038342449714095256,0.04983261569399368,0.013396504349703933,0.020559264094300155,0.020924014879303152,0.03593598934438507,0.1250069951343326,0.17741935226431804,0.13061830912591021,0.10594630783016291,0.0344624009603088,0.05382077137782958,0.03831457522419185,1
0.13073939911581758,0.14019315833454146,0.0783701474136321,0.11142675756387187,0.05855605289984205,0.06853058355933356,0.0987925948725504,0.08625640844489145,0.14412808636516716,0.14113466851858644,0.1517537069585496,0.1308834734322747,0.12413441590357703,0.15504198327113514,0.11909448246712304,0.10991229703602573,0.03926391719888025,0.050738255695285096,0.014305558607311128,0.021469981640993115,0.02182708856670082,0.03677628452361857,0.12576079512498708,0.17816951304893,0.13139054974590533,0.10673438705750699,0.03528339668512654,0.05467497196741233,0.03916432830524379,0.028612462225804044,1
0.141079880284286,0.07926494625583701,0.11238577665671805,0.0595245707999134,0.06951034529967318,0.09975025110008214,0.0871967322528112,0.1450504954966386,0.14199245282796374,0.1525914647427278,0.1317333031566133,0.12499622600560625,0.15586386670493174,0.11995429985912985,0.1108014036333243,0.04019923745891357,0.05165247681357288,0.015231948792123615,0.0223743508449684,0.022737065728758457,0.03767011022841596,0.12654996375498584,0.17889362742424936,0.13216689793469394,0.10752021127974645,0.03611176936247659,0.0554844585485265,0.04002710236518744,0.029467862032431482,0.05830068755197381,0
0.08018619836102957,0.11326143116415095,0.060513658348241225,0.0704725402788756,0.10071182938530145,0.0881611500540025,0.1459566958123003,0.1429161115417233,0.1534426793566847,0.1325824791379932,0.12584942586913525,0.15670740596024826,0.12079622814854915,0.11166600201893662,0.04112905291350009,0.052580532527504976,0.01616692626245282,0.02329602831408039,0.02364069964152115,0.038570835376436366,0.12739141680639524,0.17965255386955403,0.13291669988069768,0.10831014014339613,0.036937759079540465,0.05630131216356974,0.04084492951990523,0.030336308162043316,0.059138808518283854,0.06360499022222019,0
0.11416341626858113,0.06141850700025789,0.07145528534814008,0.10165601457366885,0.08912947824770437,0.14688685054614853,0.14382355063220084,0.15435963841902192,0.13344516754781086,0.12670195759058134,0.15754245284283494,0.12165996048734043,0.11251266523860519,0.0420338176920705,0.05350311793972863,0.017115790401732455,0.024226291667734372,0.024561637478023948,0.03946528092372552,0.1282397464704213,0.1804630276454131,0.13370179550754735,0.10907326355276759,0.037767844782004394,0.057115819398061436,0.041670130896475234,0.03115965330569218,0.05998989825528279,0.06444002403199503,0.03977890900759173,1
0.06234987330871793,0.0723539759435546,0.1026206941438271,0.09008034887836656,0.14782097478370915,0.144754949207817,0.15526043580247786,0.13437382737066117,0.1275680180805795,0.15837690914305155,0.12251507018722553,0.11338116752154424,0.0429202603142472,0.054400749019590765,0.018059085407462833,0.025170429863615083,0.025491160979194103,0.04037697614367979,0.12908215698467165,0.1812803645292142,0.1345390762847593,0.10987193040430014,0.03857035856502818,0.05793442509252711,0.04249295938348686,0.031990377426607236,0.06079635848955571,0.06528801275643188,0.040627809831921116,0.048711585535227746,0
0.07327914473809415,0.10350184453691207,0.09105173457037305,0.14873796812912726,0.1456903151412495,0.15618516550454398,0.1352862243162972,0.12850011668716815,0.15922480619712187,0.12336950358513593,0.11424101639452694,0.043828836160725096,0.05528012667398247,0.018977150115930895,0.026109021372319956,0.026434557466457276,0.04129725428069833,0.1299415099399595,0.18209199547583718,0.1353832318557847,0.11072311317679646,0.03940915431204481,0.05872567798405805,0.04331988453717085,0.03281871112003268,0.06161018314964588,0.06609145621658288,0.04148972780997433,0.04955528745360596,0.04878852918230288,0
0.10440936074149848,0.09193939608907781,0.1496753717459445,0.14660853832350473,0.15711387406967567,0.1362226010261526,0.12941592267495594,0.16013838207448775,0.12423747501143688,0.11510016871713022,0.0447285000815078,0.05618158530859743,0.019876764527401208,0.02702244526003328,0.027372410789368987,0.0422313822091427,0.13080943025224084,0.18292038713099737,0.13622149699240635,0.1115811768033488,0.04030144403905867,0.05955300171149541,0.04411929809614652,0.033651140293711086,0.06242167104788138,0.06690226150268912,0.04230672213810996,0.05041198319155576,0.04963218631871867,0.04792050866373597,0
0.09285346513886748,0.15053003929803405,0.14754717558131678,0.15802550346599664,0.13716293650546607,0.13035572237094473,0.1610358255336925,0.12517152235480852,0.11597288204599704,0.04562729733970275,0.057074177930860566,0.020798609566021187,0.027917463563584134,0.02828510632795586,0.04316001099524662,0.1316910690012172,0.18375733693911625,0.13707668009441823,0.11243325431603181,0.04120063253972275,0.060433539812121836,0.044954935493666345,0.03445595281860568,0.06323725805678382,0.06771073961521237,0.043131089970366174,0.05122389714078707,0.05048883707371198,0.04876467099666545,0.030610592560787953,0
0.15141090297466767,0.1484030409033945,0.15895752654183434,0.13808608177108053,0.13129947493100014,0.1619571875929742,0.12608926022501216,0.11691176509212767,0.046539848647355324,0.057965934103088076,0.021711457078996597,0.028834678506950567,0.029179403299792968,0.04406360491824018,0.13256745791082256,0.18460792748547236,0.13794042931382847,0.1133023313468308,0.0420935520109103,0.06132097156355787,0.04584398989293072,0.03529709040612102,0.06402554987976988,0.06852331748703731,0.04395308756005288,0.05204318021585818,0.05130070726194062,0.049621829215636515,0.03146482943582846,0.004444943577279325,1
0.14928511002464398,0.15980697000479863,0.1390296563373456,0.1322260046419261,0.16288253432523367,0.12703099970538212,0.11783429684173552,0.047519357712525676,0.05887141003959391,0.02262338160168643,0.0297429257935533,0.030095891577336373,0.04494888796566195,0.13341950807780548,0.1854534156592152,0.13881788650554217,0.11417997862535226,0.04300371214431718,0.062202215165226275,0.04673994165548151,0.036191779051164066,0.06484985702221094,0.0693086576077143,0.0447791819954775,0.05286010919542659,0.052119946538295735,0.050434193082676576,0.0323321074142893,0.005314409118419609,0.02999744787315761,0
0.1606825761193201,0.13989031540404784,0.13317297412234147,0.16379083399645836,0.12797668870327106,0.11878084980988152,0.04848216411209792,0.059843703774778115,0.023549124094459035,0.030650269744616845,0.0310034168858587,0.04585629566255264,0.13425374397694914,0.1862749768569163,0.13969011371863815,0.11507136874347391,0.04392245473844477,0.06310063049101237,0.047629646655462335,0.037093367515608294,0.0657273050148056,0.07012995770700044,0.04557778069193901,0.05368113611306205,0.0529368318582346,0.05125392646329652,0.033154316139399946,0.006196984113517168,0.03085204160446126,-0.0075077710980580616,1
0.1407772089855063,0.13403692938809902,0.16471951704762272,0.12890513635774056,0.11973134399123903,0.049469156465331295,0.06079935724880071,0.024542085281302667,0.03157140936157313,0.03191004194353701,0.046754798969515524,0.1351097270417182,0.187079017538322,0.14053805764564026,0.11595746270705434,0.04485504327164519,0.0640076247860761,0.04853657333838711,0.03798867044019817,0.06661164531115113,0.0710043253659674,0.04641258794925876,0.054474764014383836,0.053757815125649526,0.05207130431843126,0.033983902862409,0.00703407431460003,0.03171967804085652,-0.006631348958941121,0.01729934161677919,0
0.13492714028877847,0.16556571760496833,0.12985402971432355,0.12066455093642749,0.05046002026509037,0.06177916741892239,0.025518227456923746,0.03255967662251361,0.032830459166598526,0.047652440572683655,0.13595713745837607,0.18790458209752542,0.1413682268671223,0.11681908860368458,0.04578213997402745,0.06492843554621008,0.04945208152080712,0.03890122809968543,0.0674898187251715,0.07188558398588742,0.04730079197536844,0.05530450728017115,0.054551400209893394,0.0528927800148965,0.034811102769829516,0.007878555338467303,0.03254223548645723,-0.00574178614269845,0.018161325771320562,-0.011708413330569505,0
0.1664380600351794,0.13071985291503488,0.12161821830526956,0.05143321127154169,0.06276286142638905,0.026518610133438755,0.033531165469377004,0.03381798974387639,0.04856383059807519,0.13680390446871413,0.18872177023929307,0.14222011318193056,0.11766280797335912,0.04668422222902272,0.06584381041531824,0.0503814275278437,0.03982236893261907,0.0683851457359309,0.07276069692365313,0.04819589299406468,0.05618752389040282,0.055381099855834406,0.05368684812930065,0.03564239840184365,0.008720602248662338,0.03337217123048437,-0.00489789794335627,0.0190363858012518,-0.010829546376191004,0.0006290195801439763,0
0.13161194371933105,0.12248867670263142,0.05242698638120236,0.06372895111690992,0.02752284115527564,0.0345268757836558,0.0347887482785569,0.049542155409508654,0.13766417217748061,0.18953844410124476,0.1430634532768823,0.11852834463709967,0.04756800817288767,0.06673432703588299,0.05130529710478678,0.0407573617213005,0.06928905079788764,0.07365294538811838,0.04908475310282198,0.057077435231891106,0.056264071783076006,0.054517039861632824,0.03644609902074601,0.009566741683793994,0.03419971905057788,-0.004046613062701069,0.019866165179825243,-0.009937527771668205,0.0015007060267336577,-0.04639557122765586,0
0.12338543240327753,0.053336386292706886,0.0647156029446974,0.028509271717799975,0.0355264425040919,0.03578372529346193,0.05050378779779823,0.13859036341507655,0.19036847212897456,0.14390616735621078,0.11938524702218063,0.04847390769542866,0.06760665877653498,0.05220419523728021,0.04168685125989531,0.07020676457468084,0.07455377098860473,0.0499908299060128,0.057961141365450726,0.05715393842209574,0.055400515868856116,0.03728610385537752,0.010385002785256385,0.035031362520286824,-0.0031977839019278176,0.020703329080701518,-0.009091250495086228,0.0023855118953289623,-0.04549651600483817,-0.1259240439467836,0
0.05427233302253267,0.06561808670046378,0.02951632733641242,0.0365082533124461,0.0367825599796243,0.05148960133769869,0.1395003131259262,0.1912638255104594,0.14476236239901957,0.12024146544593059,0.04937091255731901,0.06850101939423327,0.053084827736653184,0.04259129446545518,0.07111905716990169,0.0754683975782087,0.05090548795605045,0.058862033762711034,0.05803760016071423,0.05629088680759915,0.03817963213902228,0.011239841093873345,0.03583540433777886,-0.0023448636778513727,0.021538082104034528,-0.008237574478279648,0.003224772368638245,-0.04458421852124891,-0.12497870236748275,-0.24389308184688469,0
0.0665470729597657,0.030438621594908618,0.037510674886965745,0.037763645745126806,0.05247928835783281,0.14043423259108764,0.1921432040777443,0.14568440040872135,0.12111123058990234,0.05026706211761213,0.06938655978909593,0.0539875504955867,0.04347741861287525,0.0720065325893026,0.07637761764916592,0.051833981697901974,0.05977150586562152,0.05893844790091134,0.05717504937664735,0.03908005973623641,0.012148564386827517,0.03667575676806065,-0.0015199512109409122,0.022376929224199604,-0.007386361774605543,0.00407142553507692,-0.043718213237648434,-0.12401991078122307,-0.24287908112255652,-0.20824172387238718,0
0.031387545291355484,0.038428469847074785,0.03876534003407666,0.0534513138236999,0.1413721150649857,0.19304642735440336,0.14659023281239658,0.12204710713270797,0.05117695283492017,0.07027129386499259,0.05488139908726517,0.04438567362953694,0.07287585242979891,0.07726206148710847,0.05275700305758461,0.06069480064989915,0.05984787533348318,0.058076400904338646,0.03997420977969862,0.013064193617252154,0.037569641119282494,-0.0006583368318238881,0.023188037197582057,-0.006531058521302272,0.00491563769002505,-0.04284479221218713,-0.12310867439876381,-0.24185132222971434,-0.20724847259046494,-0.27158798581601273,0
0.03937286541619376,0.039682428856150406,0.05444391978750121,0.1422928307530443,0.19395366659736335,0.1475200181293905,0.12296665838184116,0.05215374868026141,0.07116971351245457,0.05577440586270247,0.045285018790186024,0.07376717887491913,0.07812837895447171,0.053655064275704434,0.06161264774501272,0.06077112533535371,0.058986332274168336,0.04088560775107599,0.013973440715384915,0.03847042493929287,0.00025732768436838993,0.024035588265625022,-0.005703808509544141,0.0057639419032809005,-0.04197389720176562,-0.12218998329419153,-0.2408729920249661,-0.20624155626936258,-0.27055786638408147,-0.31766761245817055,0
0.04062611376270385,0.0553521845488056,0.14323396822653212,0.19484403171804898,0.14845377358742076,0.123910218658392,0.05311386532628464,0.07213481137722107,0.056681138491983744,0.04618349865016939,0.07464970467074042,0.07901668082448701,0.05453486792410823,0.06250560364802925,0.06168892786075901,0.05991008747756893,0.04180558855115292,0.014900024879315663,0.03936492875494226,0.0011799011638914851,0.024936846706551247,-0.004839812759442685,0.006584326464201366,-0.041098915883421606,-0.12127396196353779,-0.23988714927651344,-0.2052835024516976,-0.2695139164383426,-0.3166106742284874,-0.32582363904814127,0
0.05628698885503548,0.14409226106464815,0.19575472474313793,0.14937040167540228,0.1248577253111946,0.05409815692408861,0.07308333121695923,0.05765471377874707,0.04709573101410238,0.07553143702765308,0.07989620155682647,0.055436755702879044,0.06338035116942066,0.06258183978797922,0.06082839280499561,0.042739418396700056,0.01583519638642836,0.04027668258729198,0.002096044738661566,0.02584500783082413,-0.003921708831261476,0.007441328044571214,-0.04025236339772386,-0.12035386405007228,-0.23890418954757597,-0.2043179535645595,-0.26851983500769394,-0.3155397851146888,-0.3247619539304402,-0.37488483201446265,1
0.14497677325607572,0.19658345837662933,0.15030743890496076,0.12578797326074492,0.05508632462780554,0.07405597857414135,0.05861163772037836,0.04807491482648584,0.07642684033985254,0.08077494168957343,0.05632977470087645,0.0642771454320923,0.06345654375726717,0.06172180083416799,0.04366775051568332,0.016784255049288824,0.04119701935413,0.0030295660982533014,0.026746838199103118,-0.0029966948763461045,0.008352267334563984,-0.03936870327565823,-0.11946305610024359,-0.2379171676616282,-0.20335522325210226,-0.2675182274589027,-0.314519496313563,-0.32368629662325515,-0.37379459279796545,-0.3825647697881556,1
0.1974382219648894,0.15116175072336083,0.12673867248112008,0.056056845287754016,0.07503252212607,0.059592723554693645,0.04903739878633961,0.0773888622028353,0.08166733820756182,0.057221955427122044,0.06516510377241293,0.06435329414577591,0.06259699612562322,0.044571051724782665,0.017727743654689484,0.04213120605948368,0.003971676863285021,0.02766596184241354,-0.0020781276152583013,0.009270113528038158,-0.038430455697017765,-0.11853431077765703,-0.2369607131031467,-0.20238842642302118,-0.2665195529920533,-0.31349165880873,-0.32266136915584587,-0.3726902532331572,-0.38147006077203316,-0.36397085657464034,1
0.15204225638696614,0.1276062490358964,0.057047941790938785,0.07599152965273573,0.06057769102555727,0.05002406738098155,0.07833433264472307,0.08262629379854508,0.058127857984928,0.06605224546294881,0.06524120889496715,0.06349424146953218,0.04545604487851571,0.018645999383022784,0.0430598933433297,0.004927692193197916,0.028593670611076212,-0.0011421682591226624,0.010181562337782954,-0.037485289310500235,-0.11754987913975275,-0.23596509037744726,-0.20145181088998698,-0.2655168197548551,-0.3124668376812327,-0.3216288889871172,-0.37163742265641714,-0.38036123134588157,-0.362886969399627,-0.3388896321170977,1
0.12850010442875148,0.05795474098273595,0.07697107740996698,0.061545042017039,0.05101460798070278,0.07930391813112382,0.08356872448821505,0.0591005867804639,0.0669530844484546,0.0661283071806194,0.06438264798115177,0.046363160538009596,0.01954580297394255,0.043963544984555916,0.005878104424217106,0.02953524781305108,-0.0001976187727904934,0.011110361212941622,-0.036546708255010905,-0.11655850856113474,-0.23491215133771076,-0.20047639914745077,-0.2645449537243899,-0.3114379634182171,-0.32059943993888745,-0.3705770153314019,-0.379304032874062,-0.3617890103860514,-0.33782034246240106,-0.16038037090264456,0
0.05888807032892417,0.07786666366269802,0.06253295904727055,0.05198747887389505,0.08027740509466043,0.08453525778892047,0.06005667155205864,0.06792064950850629,0.06702910254989004,0.06527023592814754,0.04726137369151752,0.02046783859095763,0.0448488851941135,0.006803191517659025,0.030471290491564457,0.0007608413966598377,0.012047748089661539,-0.03559061693657283,-0.11557404117195413,-0.23385224349309625,-0.1994441636918928,-0.26353363058025964,-0.31044045531021286,-0.31956593875249617,-0.36951972781187903,-0.3782392538897065,-0.36074238703403455,-0.3367370464869194,-0.1594149754007918,-0.25554042642289243,1
0.07878870822369478,0.06343667121675114,0.05298093288011548,0.081233385225419,0.08550569783244225,0.06103691478388596,0.06887161520508332,0.06799662313092814,0.06617152334307104,0.04815872638092894,0.021380875452901293,0.04575635047584299,0.007709760655652415,0.031382199513426086,0.0017136868551897043,0.012999027680023955,-0.03462592950319986,-0.11457179259210243,-0.2327997103351005,-0.19840496845668945,-0.26246460845678615,-0.30940300933062426,-0.3185638920342324,-0.368458394153625,-0.37717760859340893,-0.3596881922831413,-0.3357046878542433,-0.15843603988433508,-0.254519646829001,-0.21495746156866904,0
0.06436689376074253,0.053890021025015736,0.08220989622233713,0.0864586601433313,0.06202104110593315,0.0698467184233757,0.06894754473318469,0.06713954570298122,0.04906982608575522,0.022292988515554425,0.04665491099616319,0.008638611849660499,0.03227472718105967,0.0026411747522616285,0.01394472666439396,-0.03364728086485024,-0.11356093417589469,-0.23172899410416864,-0.19737300541720132,-0.26138861051739876,-0.30830722768147484,-0.31752182235093507,-0.3674290461960528,-0.3761119180975187,-0.3586370976091977,-0.3346647701160547,-0.15750520677786536,-0.25348507864112224,-0.21396030166108823,-0.27433631670998004,1
0.05482565399061448,0.08310253401568683,0.08743214398559479,0.06298755898213813,0.070825713599523,0.0699226036767979,0.06809096474429065,0.050047854833754464,0.023218920466348488,0.04755260956824109,0.009558420321109222,0.03318943307073526,0.0035501215629039065,0.014865163317375696,-0.03267434282471247,-0.11253599872145993,-0.23064964768312826,-0.1963229807573951,-0.26032009795527733,-0.3072044585512359,-0.3164213043048386,-0.3663591634082527,-0.3750782964603567,-0.3575819554619114,-0.3336279071169816,-0.15656690206078636,-0.25250012411459405,-0.21294945917131594,-0.2733045977223281,-0.2361193690033189,0
0.08402161122525433,0.08832184264591458,0.06397464032008288,0.07178714933573922,0.07090155465464942,0.06906652316162823,0.05100919371922338,0.02421207485890741,0.04846405683994127,0.010477276061154794,0.034095187489626415,0.004481368011992815,0.015767126820426993,-0.03172703008896484,-0.11151699370941855,-0.2295560524019129,-0.19526433205857668,-0.2592333079726611,-0.3061093589687408,-0.31531379671293364,-0.36523015437061523,-0.37400405986664687,-0.3565586808392353,-0.3325869935775173,-0.15563132940227384,-0.25150765133550756,-0.2119875858386362,-0.2722590410416126,-0.23510989265663276,-0.27308598244500804,1
0.08923796189016216,0.06487754109699084,0.0727691328135108,0.07186294661469346,0.07004597275150395,0.051994712555790606,0.025188408569233055,0.049442440030080075,0.011409983521478895,0.03500004922390699,0.00540355628666128,0.016691338321708396,-0.030798449445676387,-0.11052422786544971,-0.2284687136702786,-0.19419148642579953,-0.25813788302160434,-0.3049958249874025,-0.314213991266678,-0.3640941433672025,-0.3728705909080634,-0.35549498525401013,-0.33157767598420934,-0.15469168437442918,-0.25051808263014663,-0.2110182141448176,-0.27126339652264964,-0.23408667844811207,-0.27205499116424564,-0.25407609263949255,0
0.06580694704946825,0.07366708396249214,0.07284488618088347,0.07100785856149038,0.05298410538101849,0.02618898356388571,0.050404130292165276,0.012410047450805522,0.03591869453741528,0.006324781662072893,0.01760653703122489,-0.029847423975525103,-0.10955063204021394,-0.22740852468509895,-0.19312479878992986,-0.2570281688727346,-0.3038736480872892,-0.31309572363664084,-0.3629660305966041,-0.3717301180395088,-0.35437231421924487,-0.33052819910576064,-0.15378170240189462,-0.24952445319206681,-0.21005167316531853,-0.2702602245384714,-0.23311276947216533,-0.2710101654565729,-0.25305616530232367,-0.2543237550035159,1
0.07459150857264703,0.07374279469511551,0.07199029350521,0.05395583946173952,0.02719340657206986,0.05139000194258215,0.013393230938227548,0.03690441815476596,0.00725987029623505,0.018520802704825878,-0.028905584274841755,-0.10855425850950269,-0.22636815531922222,-0.19208498571512347,-0.2559247878317311,-0.30273711487436944,-0.31196881168063106,-0.3618192885066461,-0.3705975740988481,-0.35324264398160526,-0.3294200933294136,-0.15283342356688281,-0.24856151719841524,-0.2090810664904272,-0.269259990604229,-0.23213135176273814,-0.27001523205390343,-0.25202245319633537,-0.2533036835244054,-0.25282335388554955,1
0.07466717639734191,0.07288868299270758,0.05494815313907599,0.02818002728734209,0.05237974697297947,0.014400683727572597,0.037873385357677154,0.008262362501709974,0.019448897748282217,-0.027964791435325667,-0.10756736328993384,-0.22530451447037964,-0.19106479594418954,-0.2548487703083658,-0.3016070421493279,-0.31082753153255904,-0.36066389362595724,-0.3694463746757697,-0.3521208283559388,-0.32830499469956836,-0.15182898232748948,-0.24755929151848077,-0.20814071382931085,-0.2682556982357164,-0.2311528030207488,-0.26901277179886013,-0.2510383314963893,-0.25226982662952596,-0.25180415565470654,-0.2635329477628283,1
0.0738135487500022,0.055856134112830344,0.029187273646886995,0.05335182989507255,0.015411972664765716,0.038866563713740886,0.009247953263440465,0.020444258021921475,-0.02701004005715218,-0.10658170743397137,-0.2242507858761302,-0.19002148391451318,-0.2537927249072458,-0.3005046886209451,-0.3096927344184412,-0.35949405909556015,-0.36828652113690474,-0.35098042059128853,-0.32719765043737076,-0.15081759342467493,-0.24649958859112298,-0.20716149489206398,-0.26728230283274923,-0.23017019117114354,-0.26801324733359794,-0.25004669226161663,-0.25128556407385255,-0.25077117592747833,-0.2625075164425892,-0.23196922103920053,0
0.05679065281316125,0.030109753100075465,0.05434449349282467,0.01640539373478469,0.03986360284413747,0.010257823173551478,0.021422778534953207,-0.025987496156362245,-0.10558187458774197,-0.22319858219513697,-0.1889879529976187,-0.2527132921018944,-0.2994225609538587,-0.30858571945564917,-0.35833084322120884,-0.36711221676249933,-0.349831361918947,-0.32607179947978954,-0.14981324542591623,-0.24543291391033206,-0.20612535944927926,-0.2662694216422336,-0.2292180624755656,-0.26700966428116885,-0.24905795445358062,-0.25029378386196277,-0.24978776671135708,-0.26146827565010644,-0.2309621601196131,-0.1960605827447953,0
0.031058863177836685,0.05525281421223751,0.017419461484079465,0.04084291020264526,0.01127152506145445,0.022425549276975973,-0.024982027123782353,-0.10451335745649702,-0.22213187748236912,-0.18795586069817802,-0.25164387342551275,-0.2983168530092006,-0.30749897526559483,-0.3571957881912922,-0.36594455227414163,-0.34866787949310657,-0.32493730194189846,-0.14879099885495167,-0.24437366046812162,-0.205082262526743,-0.2651988034982087,-0.22822684671746357,-0.2660369646557179,-0.24806515573376017,-0.24930490552449414,-0.24879684057442922,-0.2604787754494254,-0.22994137217930738,-0.19507442100730069,-0.21297375816751163,1
0.05618767483512353,0.018348563979104636,0.04184282058359374,0.012267336036873251,0.02343216424439111,-0.02395219763486778,-0.10346231280986305,-0.22099516568347236,-0.18690936529536828,-0.2505760466992155,-0.2972213286952098,-0.30638861665966927,-0.356081274091262,-0.3648051079100555,-0.34751098555331217,-0.3237884171813213,-0.14776013650271907,-0.24329618427424834,-0.2040464246412987,-0.2641212088425229,-0.2271784220560672,-0.2650247922877048,-0.24710303460262273,-0.24831196630552635,-0.24780881359973686,-0.2594817530787149,-0.22896982356244241,-0.19407462605049547,-0.21197775279489978,-0.23547737044803518,1
0.0193043395353814,0.042758177368977135,0.01328380108407449,0.024420955984202283,-0.022918570602751695,-0.10238672128927459,-0.2198765161758642,-0.1857932625694256,-0.24949364286780618,-0.29612750786922465,-0.3052884716859639,-0.3549429402222173,-0.36368624676569755,-0.34638216821525397,-0.3226460515736184,-0.14671514692660634,-0.24221007588069546,-0.20299250225719534,-0.2630511105485977,-0.22612303055772814,-0.2639549002422685,-0.24610163906288834,-0.24734970735691938,-0.2468167255600693,-0.25848764922933426,-0.22799076824625922,-0.19312350014656648,-0.21096807002197412,-0.2344682677508481,-0.23574667321279838,1
0.04370011914093589,0.014215231169944305,0.025430380083745787,-0.021903024781713003,-0.10130741117488698,-0.21873304327060503,-0.18469504388962035,-0.24834092140395458,-0.2950189833649861,-0.30419004994231325,-0.3538150004546392,-0.36254353370676834,-0.3452738317089005,-0.32153156897091484,-0.14567618304208182,-0.2411097016626058,-0.201929954675382,-0.2619627254715054,-0.22507498267612916,-0.2628780320016965,-0.24504278650868525,-0.24634817141580467,-0.2458553015444818,-0.2574894856245973,-0.22701457439553888,-0.19216488514365443,-0.21000732490264462,-0.2334454288688705,-0.23473741377874277,-0.2059574593498423,0
0.015173349230941775,0.026354973954032395,-0.020866763844644202,-0.10024661857588643,-0.2175859688816171,-0.18357208538023806,-0.24720640069687025,-0.2938396245318695,-0.3030769021171482,-0.3526889026720597,-0.36141124299958877,-0.3441417211156496,-0.32043742908928985,-0.14466372428682622,-0.24001561619138267,-0.20085320037813545,-0.2608657049517901,-0.22400877820411344,-0.26180865512556484,-0.2439769625717489,-0.2452891750382273,-0.2448546161903701,-0.25652210200697684,-0.2260343169297032,-0.1912090666963006,-0.2090390823944728,-0.23247188502378985,-0.23371441745641752,-0.2049655375324298,-0.2184559930216193,0
0.027306211996871905,-0.0199161134808552,-0.09916497090255189,-0.21645805920263578,-0.18244548999535717,-0.24604699167427713,-0.2926786968386104,-0.30189282850859084,-0.3515479440449532,-0.36028081286706126,-0.34301996447732996,-0.3193196201020768,-0.1436706252852547,-0.238948770370036,-0.19978262264241614,-0.2597543912313169,-0.22293394488322438,-0.26072099572574947,-0.24291855402076196,-0.2442232072152203,-0.24379649113109902,-0.255515345315507,-0.22508449768026553,-0.19024918024275653,-0.2080736670147981,-0.23149083275989923,-0.2327407204478275,-0.20395995664284783,-0.21745679693418413,-0.23423424964997658,0
-0.01893865198934774,-0.09817025352835271,-0.21530908684132932,-0.18133786373215333,-0.24488400866120447,-0.291492772817529,-0.3007272268173613,-0.3503355095053542,-0.35913550079448325,-0.3419000234062138,-0.31821207280971314,-0.14265460435596977,-0.2379018083044963,-0.1987389713051377,-0.25864941821604626,-0.221844874024576,-0.2596247010990372,-0.24184192770662266,-0.24316465576801657,-0.2427313950062287,-0.25445100094255607,-0.2240956346676238,-0.1893193431883705,-0.2071041856971547,-0.230512648302944,-0.23175951488843088,-0.20300320197994975,-0.21644390912560954,-0.23322587046137006,-0.24459519262644588,0
-0.09714844267013806,-0.21424900240243647,-0.180209237527721,-0.24374034229624988,-0.29030332055007535,-0.29953660968028784,-0.3491417921730314,-0.35791862669334007,-0.34076525146946274,-0.3171062803742599,-0.1416481884837742,-0.23683152600424476,-0.19771498025217268,-0.25757182993220634,-0.22076203822628002,-0.2585141150926793,-0.24075666944545213,-0.24208788571395512,-0.24167370926037718,-0.2533796827928448,-0.22304962009500412,-0.18835083701275307,-0.20616493691382845,-0.22953040065986624,-0.23078117762277223,-0.20203895336719277,-0.21548004603483942,-0.23220375833528303,-0.2435807832667105,-0.3601332921767649,0
-0.21316140564461825,-0.17916890763344953,-0.24257556451005124,-0.2891334377300078,-0.29834247239348227,-0.34792294439365185,-0.3567205081966548,-0.3395591259999479,-0.3159857259671624,-0.14064309537835815,-0.235771198802785,-0.1966678388307157,-0.2565142289043905,-0.21970629217077167,-0.257409866335168,-0.23965714749254755,-0.24100248367013205,-0.24059781001904806,-0.25231581782612367,-0.22199663973606237,-0.18732567543305995,-0.20518684255074424,-0.22857862921928218,-0.2297987772039226,-0.20107751919998784,-0.21450868286815292,-0.23123092150390184,-0.2425526139043905,-0.35905163850212785,-0.3141859124280179,0
-0.1781011919961201,-0.24150013422608194,-0.2879423623953951,-0.2971679492991639,-0.34670062516850403,-0.3554972412508605,-0.33837166317139505,-0.31479409926610946,-0.1396237306368229,-0.23471242470753126,-0.19563050322555978,-0.255433228968783,-0.2186703229283488,-0.2563329926580182,-0.23856391023858486,-0.23990281757385465,-0.23951327904682856,-0.25123370287981084,-0.220950986406601,-0.18629355715740856,-0.20415185909129718,-0.22758777741427277,-0.22884685590356585,-0.20011201823682864,-0.21354015673987264,-0.23025057686301653,-0.24157388438049282,-0.35795592301350654,-0.31313100058213483,-0.3412965255771687,0
-0.24039709329575476,-0.2868413992259382,-0.2959722193369045,-0.34549818929240084,-0.3542705104833159,-0.3371590954785391,-0.3136210098080841,-0.1385352952473037,-0.23363911758716663,-0.1945946224936192,-0.2543622532717487,-0.2176111147410267,-0.2552760993518838,-0.23749790133161178,-0.23880943686114348,-0.23841448620748956,-0.2501429543548311,-0.21988719062493145,-0.18526862239203926,-0.20310991465427813,-0.22653972557657479,-0.22785585142909437,-0.19917667383579518,-0.2125675653440168,-0.22927309778195124,-0.24058764196875673,-0.3569114822414981,-0.3120621469471168,-0.3402258350867098,-0.37039565110541917,0
-0.2857126618099398,-0.2948667368840217,-0.3442744602079414,-0.3530637051980272,-0.3359430455054074,-0.312422874277054,-0.13746450461278176,-0.23249567277758737,-0.19354432021128473,-0.25329287617726415,-0.21656179021306773,-0.2541958123714234,-0.23645176811704127,-0.237743286407076,-0.23732197460408958,-0.24903792836420433,-0.2188147667104331,-0.18422566750355038,-0.20207522132591008,-0.22548470706445767,-0.22680764320093114,-0.19820255705744627,-0.21162526584388877,-0.22829155536274884,-0.2396042838456996,-0.35585947195156514,-0.3110438383313621,-0.3391411319881208,-0.36930802463654266,-0.3719657824035473,0
-0.2937334512276039,-0.3431417927730357,-0.35183559318883206,-0.3347468190057265,-0.3112212315671475,-0.13636908633742725,-0.23137034849221724,-0.19242433530143696,-0.2522089144284553,-0.21551397178172443,-0.2531255450302416,-0.2353823207969524,-0.23669701300917245,-0.23625668167805025,-0.247939213214535,-0.2177281113028675,-0.18317409067771884,-0.20102245025671725,-0.22443702960314882,-0.2257524682301741,-0.19717164812815588,-0.21064406356675505,-0.22734047568557994,-0.2386168636514895,-0.3548105548016454,-0.31001798271842784,-0.3381074044565798,-0.36820630954610134,-0.3708772421027499,-0.39206490571297115,1
-0.34198114794871787,-0.35069867027301177,-0.33352931850466566,-0.3100392747315912,-0.13526998367371385,-0.2302201735073986,-0.1913222680142227,-0.25105460422983694,-0.2144516736717147,-0.25205687326511605,-0.23432282318917372,-0.23562742446912174,-0.23521125754616437,-0.2468677994073462,-0.21664767948321115,-0.1821083346597652,-0.1999610543320721,-0.22337119773850414,-0.22470463538657126,-0.19613377999748752,-0.20960589644426575,-0.22635032861371246,-0.23766001838717202,-0.3537575897091078,-0.30899513718916777,-0.33706611663980646,-0.36715603215036113,-0.36977460907885296,-0.3909646675239245,-0.4079609823009122,1
-0.34953374270108206,-0.3324026985424811,-0.30883608803388607,-0.13418958755760996,-0.22906640860138805,-0.19019544515549905,-0.24991850852874312,-0.2133194556431599,-0.2509736202801285,-0.2332648751431117,-0.23456778655239535,-0.2341425245522902,-0.24581631336705845,-0.21559430537221647,-0.18104870296583547,-0.1988854545812585,-0.22229673713575315,-0.2236386472222054,-0.19510313493281442,-0.2085607669563627,-0.22530299868557271,-0.236663997630375,-0.35273645058819303,-0.307968238098631,-0.3360278879129464,-0.3660981802066822,-0.3687234386851519,-0.38985028410836553,-0.40685149243831426,-0.3926275561322085,1
-0.3312481399396443,-0.30772336566763764,-0.13308827572915255,-0.2279318723043433,-0.18906499208811522,-0.24875751806995336,-0.2122052610398673,-0.24982003286548102,-0.23219239809422237,-0.23350969879686412,-0.23308373666258678,-0.24474147363813561,-0.2145606852213746,-0.180015851809283,-0.19781602590833045,-0.221208039930314,-0.22256403027326915,-0.19405443602957187,-0.20752291048843857,-0.22424870239771308,-0.23561065085835414,-0.35167493054280247,-0.30697266746340257,-0.3349856089400213,-0.36504343995367106,-0.36766469297392473,-0.3887876825202469,-0.40572781582509077,-0.3915269904750616,-0.36739003989154445,1
-0.306582793708614,-0.13207446598128209,-0.22677625282737635,-0.1879535449858835,-0.24759295634900355,-0.21106626126078806,-0.24868465369709494,-0.23104979977587053,-0.23243708135821792,-0.23202649530228647,-0.24367661840811122,-0.21350384349671392,-0.17900255688072989,-0.19677350832205073,-0.22012557601052135,-0.22147517632940517,-0.19299711348143198,-0.20646695760349298,-0.22320174219217198,-0.23455033510371412,-0.35055448807216677,-0.3059371952818595,-0.33397495197499466,-0.36398465301297084,-0.36660906179159797,-0.3877174957631758,-0.40465617348732574,-0.39041227812163337,-0.3663041627180755,-0.3756230101285903,0
-0.1310334404163429,-0.2257097145533081,-0.18682108612372209,-0.246447726353899,-0.20992365228086995,-0.2475243827018417,-0.22992531466053695,-0.23129433987304107,-0.2309547283802258,-0.24261333563056972,-0.21245687016529602,-0.17796619067946765,-0.19575064009675333,-0.2190701968780635,-0.22039255641563357,-0.19192559732636555,-0.20540237891721932,-0.2221366318182046,-0.23349739684188048,-0.34942704737014596,-0.3048434355380106,-0.33292411061322863,-0.3629578031642885,-0.3655493841135852,-0.38665045986699204,-0.4035769381892719,-0.38934935653118274,-0.36520420477437143,-0.374532341285141,-0.3639636431077271,1
-0.22461562260781548,-0.18577703501523818,-0.2452813801008961,-0.20880016536328394,-0.2463605392031982,-0.22877598227820628,-0.23016971282911344,-0.229812854235814,-0.24153549787377826,-0.21141139288486388,-0.17693956078324358,-0.19470462980605863,-0.21803459102350395,-0.21933702336788863,-0.19086023285371004,-0.2043235884199001,-0.22106289292061232,-0.23242627311524697,-0.3483074459421687,-0.30374268919447345,-0.33181460709709854,-0.36189046532189645,-0.36452166052890655,-0.3855793799329363,-0.4025008824864954,-0.3882788494960009,-0.3641556367927982,-0.37342757016509404,-0.36287976013102274,-0.3659882228213932,1
-0.1847055743202757,-0.24420442695697517,-0.20765562944395322,-0.24521602057089154,-0.22762305852101217,-0.2290202379376592,-0.22868908703113566,-0.2403874328066621,-0.21035144732553787,-0.17591434001944364,-0.1936684180347071,-0.21697574891122856,-0.21830126508096695,-0.18982172531035668,-0.20325098415525802,-0.21997491923093784,-0.23134651907736645,-0.3471692654485454,-0.3026495984830648,-0.3306981101181591,-0.3607640632574607,-0.3634534325690258,-0.3845404717246848,-0.4014207846896929,-0.387211494338776,-0.36309949573646294,-0.3723743197562346,-0.3617818053345993,-0.3649031615193023,-0.3874242419987483,1
-0.24309985340907744,-0.20659985244707568,-0.24405038788108918,-0.2264893553392442,-0.22786717191720057,-0.22754047549592524,-0.23925752822375257,-0.2092216283837787,-0.17487474961186206,-0.19263365633492277,-0.2159267880967554,-0.21724226940912142,-0.18880282849249458,-0.20220533329349097,-0.21889317539049438,-0.23025251515668635,-0.34602243470934385,-0.3015380852338362,-0.32958937712670905,-0.35963066036369734,-0.36232611869232395,-0.383460849443076,-0.40037303074075004,-0.38614009521248266,-0.36204646093773113,-0.37131349223728777,-0.36073518608517646,-0.36380402310883664,-0.3863267047218109,-0.2681399486314557,1
-0.20551659073090717,-0.24297412755184442,-0.22533457155456402,-0.22673332783087838,-0.2263882713422342,-0.2381027542066351,-0.20810981211789678,-0.17376568846975868,-0.19158447853365093,-0.21487933182490992,-0.21619315602569536,-0.18776081897702931,-0.20117936198082123,-0.21783850674199573,-0.2291647697264641,-0.34486118580605735,-0.3004179296665466,-0.32846212924036966,-0.3585051377604459,-0.3611918035888118,-0.38232186353156283,-0.39928439687151784,-0.38510087390434894,-0.3609893790837702,-0.3702557858581939,-0.3596809954404128,-0.3627562523980309,-0.3852150343408144,-0.26711183599121596,-0.25805792637563385,1
-0.24187025125778455,-0.2242688446730684,-0.22557840270579504,-0.22525528089126945,-0.23694439820265115,-0.20697320040432526,-0.1726744504720637,-0.19046564034837232,-0.21381739763786226,-0.21514554783675718,-0.18672858217178837,-0.2001302256560199,-0.2168036045261079,-0.22810417946214306,-0.34370651478046277,-0.29928342285754794,-0.3273262343584478,-0.3573610011310187,-0.36006537505129277,-0.3811758713050947,-0.3981361797335256,-0.384020932652614,-0.35996420177719407,-0.3691940334306367,-0.3586299048595595,-0.3617009092995526,-0.3841550720881696,-0.2660699018442142,-0.2570356815719091,0.03977410002964965,1
-0.22317556931908977,-0.2245125385937001,-0.2241012120420268,-0.23580531465572144,-0.20583297536998543,-0.1715585011978276,-0.1893647098678578,-0.21268555073107714,-0.21408346099288647,-0.18569777845483065,-0.19909090801669985,-0.21574547125577687,-0.22706341268332217,-0.3425798907352457,-0.2981553669118054,-0.32617594874819866,-0.35620821248540024,-0.3589203271386697,-0.38003784597654544,-0.396980952256446,-0.382881619996736,-0.35889856783504853,-0.3681642746967232,-0.35757476680448136,-0.3606486699246967,-0.383087526941157,-0.2650777814534979,-0.25599964159792316,0.040623003652851694,0.3079804178220118,0
-0.22341912512982667,-0.2230361793075432,-0.23464513386321867,-0.20471184962968625,-0.17043890295564626,-0.18823902846570653,-0.211571724039771,-0.2129514584095538,-0.18465257790900214,-0.1980530537189564,-0.21469721471048775,-0.22599937148274313,-0.3414737263900529,-0.29705500328820583,-0.3250321889443091,-0.3550409907285672,-0.3577666269389533,-0.3788811328016955,-0.3958337552105261,-0.38173530088346663,-0.3577739111999122,-0.36709397343102257,-0.35655149619590637,-0.359592383323191,-0.3820231242663806,-0.26407813663466717,-0.25501325526608865,0.04148492444233969,0.3086732227196641,0.33042872685619984,0
-0.22194360254827522,-0.23357416690456678,-0.2035696821912866,-0.1693382070077003,-0.1871097148856356,-0.2104330936775461,-0.211837477388126,-0.18353779565377548,-0.1970007682609297,-0.21365045969879354,-0.2249452451194381,-0.34034380402067665,-0.29597484635380156,-0.32391633072372705,-0.3538803752181326,-0.3565984913411254,-0.3777157638719559,-0.3946678161655263,-0.38059695091691026,-0.35664225449632647,-0.36596453571594917,-0.3554878047000417,-0.3585679860902532,-0.3809546769862503,-0.26308141866496715,-0.2540193494477632,0.042301921505537986,0.3093783441686148,0.3311084666163123,0.33016663755835013,0
-0.23247561789800283,-0.20251620480619945,-0.16821653255552566,-0.18599939638784282,-0.20929085347715834,-0.210698692064524,-0.18244088602410932,-0.19587876094593265,-0.21258923018654513,-0.22389264536888168,-0.3392242214899349,-0.2948711237150146,-0.32282082847786536,-0.35274788590108214,-0.3554369663300815,-0.3765359302697242,-0.39349321862301206,-0.37943991118728565,-0.3555184660704632,-0.36482809584822884,-0.3543651378543068,-0.3575031468471826,-0.37991835118301087,-0.2620806415032762,-0.2530283522538979,0.04312629207521395,0.3100428013167382,0.33180046428771115,0.3308465298570222,0.1474807790010964,1
-0.20143525743642357,-0.16718295227500285,-0.18486806962114383,-0.20816773181700896,-0.20955629717010102,-0.1813192419192649,-0.19477468874508425,-0.21145810189382336,-0.222825542657968,-0.3381064452373902,-0.29377757189962844,-0.32170164705199406,-0.35163591279408885,-0.35430357963193754,-0.37536276281519904,-0.3923041332553643,-0.3782742156056947,-0.3543760738575672,-0.36369955716366387,-0.3532354718075236,-0.35637930428027154,-0.37884135972338256,-0.2611106942131153,-0.2520332946351652,0.043948292393627506,0.31071450051213284,0.33245215416330404,0.33153868075161647,0.14826699627351064,0.22497505405067367,1
-0.16612202949910168,-0.18382511768979035,-0.20702356228493698,-0.208433022293349,-0.18019395867128976,-0.19364585277204208,-0.21034498760138243,-0.2216884249880722,-0.3369738486603675,-0.2926857151446278,-0.32059273617461437,-0.3505001387082358,-0.3531907177898328,-0.37421788881451173,-0.39112175797767185,-0.37709405453211114,-0.3532250301470521,-0.3625523866450058,-0.35211366034388286,-0.35524846199978466,-0.3777050687547078,-0.2601013257833477,-0.25106895772024546,0.04477438955719091,0.31138431427683555,0.33311107508330695,0.33219051968812474,0.14906594935823617,0.2257161688897365,0.1994081228209689,1
-0.18275476321485912,-0.2059681410217489,-0.20728869907074152,-0.17908763201319744,-0.19251339006339732,-0.20920707255194285,-0.22056937311978975,-0.3357699415816556,-0.29157916427503017,-0.3194855859801449,-0.3493747422106127,-0.35205404839684307,-0.3730936503463783,-0.38996779885231486,-0.3759205611615942,-0.35205955770299624,-0.36139656320825553,-0.3509732567658323,-0.35412548239425523,-0.3765617726458739,-0.2590343060163666,-0.25006530485346457,0.04557299092971979,0.3120582576842015,0.33376815115108793,0.33284958979750406,0.14982168922287725,0.22646981710870348,0.20016411786648633,0.2596958747933556,1
-0.20488523731860867,-0.2062331285859309,-0.17796030943384308,-0.19139995251333689,-0.20806554643027117,-0.2194254962080831,-0.3345846779573365,-0.2904018181172786,-0.31836366720269144,-0.34825117683171286,-0.35092776236773593,-0.3719455201993986,-0.38883456279180495,-0.3747753655878964,-0.3509006831967908,-0.3602262990466404,-0.34982420228133504,-0.3529839037772293,-0.375426424887212,-0.257960311306351,-0.24900413995452556,0.04640780091327994,0.3127076094273722,0.33442935960661546,0.33350681458089815,0.15058474980241876,0.227181482805994,0.20093271307845992,0.26041678177187066,0.2542400893179301,1
-0.20515007470504099,-0.17692124525869146,-0.19026549704645085,-0.20694313202890352,-0.21827801850964626,-0.33337431846410415,-0.289242885692021,-0.31717064914249454,-0.3471127629393263,-0.3498033112579294,-0.37080784734996297,-0.38767736851698353,-0.3736508086450064,-0.34976991168428384,-0.3590626555816504,-0.34866072405384524,-0.3518336739044464,-0.3742724050914861,-0.2568937881925293,-0.24793600266484186,0.04729600773207649,0.31339037153166077,0.33506621946730314,0.33416817171998936,0.15134563482564006,0.22790043123497866,0.2016589197364206,0.2611501314317277,0.2549641716174689,0.3314626571137729,0
-0.17585480345048893,-0.18921950738920967,-0.20579967194332133,-0.2171497093730938,-0.33216047288097406,-0.28805896510017204,-0.31599618035900684,-0.3459029234721765,-0.3486640073217442,-0.36967205807070896,-0.38653069001266205,-0.3725023576682104,-0.3486596398313324,-0.3579271786589379,-0.347503834292461,-0.35066901733986994,-0.37310973034154604,-0.25580899940455754,-0.24687529667565106,0.048191111544677014,0.3141228246178338,0.33573625548143105,0.33480517742634874,0.15211062986488383,0.22861734418942403,0.20239242165750465,0.2618420499765611,0.2557007108500836,0.3321417951162652,0.3563346910308298,0
-0.18814609572437394,-0.20474493949780165,-0.21600033631860552,-0.33096642971788054,-0.28687151280560214,-0.31479665986066896,-0.3447117787678639,-0.3474532602047233,-0.36852136075609654,-0.38538593355572925,-0.3713643660586412,-0.34752557957996766,-0.35681224673091505,-0.3463750210771337,-0.3495109548380369,-0.37193259767824244,-0.25471557624305136,-0.24579635935849134,0.04907997442811814,0.31486210680069415,0.33645567230525225,0.3354753620205781,0.15284929535652741,0.22933837663625142,0.2031238418882321,0.2625412342349528,0.2563957323235129,0.33283318832918635,0.35699935326396576,0.3440453478995385,0
-0.203662729025881,-0.21493986283762528,-0.32975111930695067,-0.28570361085732565,-0.3135936345728228,-0.34349551413929724,-0.3462612157006835,-0.36729899488674383,-0.384226225399535,-0.3702282593811756,-0.34640188586083603,-0.35567349194411996,-0.34526668865378995,-0.3483809845095691,-0.37076211833424705,-0.25360786890579967,-0.24470878940729585,0.0499860540223754,0.3155962200180655,0.33718191254291385,0.33619493104583426,0.15362304573397614,0.2300339186402616,0.20385937848489855,0.2632384457815628,0.25709802218461064,0.33348429016630576,0.35767620573620595,0.34471716265173674,0.21029805337108015,0
-0.21385187454495963,-0.3286266257528875,-0.28451452252177906,-0.31241030836388056,-0.34227577360846845,-0.345044047591945,-0.36609543211942736,-0.382994670443968,-0.36907724312284357,-0.3452800159852033,-0.3545451339741444,-0.3441345821737418,-0.34727150612150276,-0.3696198966237749,-0.25250648514484786,-0.24360694996482404,0.05090071486430923,0.3163466362542843,0.3379030735362083,0.3369213235512793,0.15444870474474057,0.23076373701687616,0.20456914780108118,0.263939781066378,0.2577983294718286,0.33414262254106253,0.35831316182921064,0.3454011997455566,0.21104771036947703,0.22791093508438665,0
-0.3274742071829838,-0.28341548857472804,-0.31120574805701434,-0.34107589179841075,-0.3438234051396431,-0.3648666986343393,-0.3817819980656308,-0.367854552000704,-0.3441433058520025,-0.3534186197759625,-0.34301282962209056,-0.3461382452025433,-0.36849828489188213,-0.25143243828685485,-0.24251140622845854,0.051829211405061186,0.3171055874632832,0.3386404610742394,0.337642635764842,0.15528123348308714,0.23154439327492665,0.20531346023475214,0.26461600186397694,0.25850275983009297,0.3347991119325714,0.3589573362690219,0.3460451452912074,0.21180993908739185,0.22865034121169542,0.22416955024535526,0
-0.2822886927424935,-0.31009169202251435,-0.33985472468028866,-0.3426226300220719,-0.3636345107584635,-0.3805441177085428,-0.36665066679366903,-0.34293520384632115,-0.35227724270559996,-0.34189289262018224,-0.3450153456593002,-0.3673528009053523,-0.2503783445643717,-0.24144312157402625,0.052752235550350586,0.31787798372849774,0.33938637971193836,0.33838017541599463,0.1561079517729873,0.232331899642685,0.20610896381259555,0.2653261367849446,0.2591820166261231,0.3354597338382606,0.359599712685278,0.34669631520718897,0.21252995219594267,0.22940227304972935,0.22491113389558734,0.2059435238444183,0
-0.30894977784985284,-0.33872454471653746,-0.34140056683323833,-0.36242230048391616,-0.37930279874099965,-0.36542160954998953,-0.3417457815764021,-0.35106438144546426,-0.3407581247724532,-0.34389426656639116,-0.36621775714590765,-0.24930087786994526,-0.2403947345381011,0.053650299516957684,0.3186456490131971,0.3401457107098825,0.33912624621203463,0.15695151985196834,0.2331139052901502,0.20691132397248102,0.26608662984372766,0.2598952444668181,0.33609601834446373,0.3602462246571823,0.34734566488490265,0.21325725523000347,0.23011226899126155,0.22566525302987991,0.2066957152220016,0.13153901712270433,0
-0.33756640330167215,-0.3402695168541342,-0.3611887667666338,-0.3780815445828815,-0.3641890984740759,-0.34053124642749055,-0.34987024108325443,-0.3395520034728459,-0.3427583510664746,-0.36508458572369795,-0.24823341262104906,-0.23932301673008213,0.054530105887367945,0.3193904243478034,0.34090037278219504,0.3398857297500529,0.1578036505954864,0.23391249672882586,0.20770808122648104,0.26685396422255386,0.2606589058288656,0.3367654682169069,0.36086866854294797,0.34799914861546655,0.21398249625878588,0.23082954622548899,0.2263773768501672,0.2074604896941095,0.13233451265796006,0.11700869027034812,0
-0.33911049984935326,-0.36004657979161075,-0.37683893900729365,-0.36297656808626955,-0.3393132323925904,-0.34865096854367156,-0.3383645447781356,-0.34155105941282216,-0.36393651901326834,-0.2471675309760998,-0.23826126328135788,0.05543199640827395,0.32011841897353843,0.3416323181782268,0.3406405436379342,0.1586694601630043,0.2347196374615871,0.20852151136993707,0.2676159366528308,0.2614294098921022,0.3374842846130491,0.3615240183000717,0.34862843119139614,0.21471185498517856,0.23154479329219427,0.22709678379695994,0.20818297940190547,0.13314278564898052,0.117812642599322,0.1355521092154702,0
-0.35887635443138594,-0.37568794395953226,-0.3617427132655469,-0.3381150605892584,-0.3474282252911237,-0.3371519812360308,-0.3403624404863043,-0.362716835784423,-0.24608708169722837,-0.23720106903256766,0.05632501813071694,0.32086737513111563,0.3423476064777741,0.3413726388265222,0.15953009507354082,0.23554034414790748,0.20934349521866152,0.2683943765917388,0.26219453020117417,0.33820992416128953,0.36222839091967496,0.34929074785584757,0.21541556434680187,0.23226416021029475,0.22781415381315218,0.20891276116954963,0.13390759224636337,0.11862941034052954,0.1363452690914978,0.11176209533540805,0
-0.37450885408945706,-0.3606002145239196,-0.33689560876729147,-0.34622536943736865,-0.3359359354064893,-0.3391487119667039,-0.36151593245581015,-0.2449363534491734,-0.23612633484350903,0.05721720156976775,0.3216084490743125,0.34308376234832516,0.34208807547542197,0.16036660117077045,0.23635609039820268,0.21017908225919,0.2691813598341861,0.26297613660496955,0.3389304885975624,0.3629395803949574,0.35000225718677047,0.2161537032090999,0.23295806847517553,0.2285356432232257,0.209640473060492,0.13467972737237519,0.11940248092976131,0.13715119594019454,0.11256910123444533,0.06975567301029363,0
-0.35942967539946774,-0.3357670942234348,-0.34500121907617354,-0.33473971301082456,-0.3379315031695048,-0.36028986928730955,-0.24380380871882537,-0.23498143473620378,0.0581231068535884,0.3223493339402267,0.34381211857952465,0.3428243807923404,0.16118544276234023,0.23714830599732617,0.21100963818786014,0.2699818584593041,0.26376628725361645,0.33966727605630687,0.3636457941665076,0.35072058648445126,0.21694288274750553,0.2336862224820294,0.22923163346852032,0.21037230211655256,0.13544965812509432,0.1201828871695469,0.1379137201277816,0.11338893625099758,0.0705871270619465,-0.12081690937216749,1
-0.334610628899526,-0.3438681426141417,-0.3335222166264745,-0.33673412891330967,-0.35906034712114754,-0.24264638375529257,-0.23385466773978558,0.05909583842906266,0.3231032039323518,0.3445403400706378,0.3435528855058243,0.16202591768159172,0.23792328381568414,0.21181646611955252,0.27077749262874407,0.2645699612312877,0.34041259443633026,0.36436814622957364,0.35143389096050626,0.21773891611113932,0.23446517380474016,0.22996190849040096,0.21107843465717938,0.13622369694440323,0.12096106277043425,0.1386835708770123,0.11416499079359928,0.07143151996130004,-0.11987454019562309,-0.03429137374713937,1
-0.342707086141885,-0.3323956006612977,-0.33551547710546953,-0.3578507770969847,-0.2414853813783492,-0.23270304414280785,0.060051925956552434,0.32392089278619723,0.34528148502615613,0.34428125484482236,0.16285791999623556,0.23871957059755733,0.2126059154852921,0.27154986414978094,0.2653687556716044,0.341171323670679,0.3650990249226298,0.3521633755938848,0.2185293900936265,0.23525097449393298,0.2307430325235037,0.21181904213015446,0.1369712335993783,0.12174334466107557,0.1394512245071776,0.11494838355833181,0.07223146527629969,-0.11891873435309952,-0.03339936328678687,-0.03486123763329001,1
-0.3312410460810792,-0.3343877393134517,-0.3566198917969659,-0.24034367673311036,-0.2315478331238075,0.0610321719555472,0.3247232785360892,0.34608619712778604,0.34502254836814167,0.16368934473661065,0.23950766983379873,0.2134167808288564,0.27230518908144746,0.2661442453514486,0.3419253868375367,0.3658432782438845,0.3529013889775915,0.21933649986710696,0.2360312861969254,0.23153100687022965,0.21261075044652913,0.13775402146373417,0.12249896705360899,0.14022298669467223,0.11572953620020923,0.07303876940254603,-0.11801040260719284,-0.03249414218453828,-0.033968895506528235,-0.07235202967067879,1
-0.33323205571836495,-0.3554802762302601,-0.23918086673466094,-0.2304118645251293,0.06201630103998788,0.32554919407216537,0.34687571835967923,0.34582741197641165,0.1645341954692568,0.2402953790743386,0.21421936458005802,0.273081677647312,0.26690265839945193,0.3426567413088055,0.36658293425254507,0.3536527948889297,0.22015216146696492,0.23682817368953343,0.2323134772772349,0.21340931369049235,0.13858893823150292,0.1232899922533163,0.14096829017142704,0.11651479449026265,0.07384375747343197,-0.11709461864239476,-0.03163502105367114,-0.03306334124925824,-0.07143786753272169,0.03351761972684771,1
-0.354312638754472,-0.23810734702039466,-0.2292548083161028,0.06298282165220362,0.32637925894711567,0.3476887167581074,0.34661708340458397,0.16544466476551709,0.24109630144314576,0.2150214964495888,0.27385010638641943,0.2676822579176796,0.34337144437696243,0.3673000735476555,0.35439956951568247,0.220981410397439,0.23763360996968574,0.23311253621954087,0.21420230014917951,0.13943072876255175,0.12413334712449038,0.14174880298817386,0.11727333647229672,0.07465284605575365,-0.11618149521965253,-0.030768490113719883,-0.032203896013465044,-0.07051039532990863,0.034370164683370064,0.08866938325696505,0
-0.23700622890161271,-0.22818687508633081,0.0639699057346222,0.32719318676716275,0.34850588678026595,0.34743023261363803,0.16633902851202612,0.24196197342287287,0.21583691167553393,0.2746182291732182,0.2684537775403048,0.34410701068844957,0.36800069839836524,0.35512373257001034,0.22180565831958604,0.23845260792728531,0.23392014459490984,0.21501193723333026,0.14026664512931883,0.12498357943733401,0.14258138925874198,0.1180673360002742,0.07543476348626443,-0.1152642945895744,-0.029904463308772274,-0.03133704068927345,-0.06962962754556197,0.03523574314950654,0.08948982934247744,0.08372575393238388,0
-0.22709137924705314,0.06487280917620201,0.32802720605411567,0.3493070429020802,0.3482475531862416,0.1672572982616845,0.24281192729892542,0.2167173631974962,0.27539946971591117,0.26922497800463396,0.34483478116384797,0.3687220823866949,0.3558313135082464,0.22260626230185637,0.23926665356464952,0.2347413200970545,0.21583012689516595,0.14111946559358093,0.1258278795112665,0.14342084827666562,0.11891373769283345,0.07625257672408624,-0.11437632862329264,-0.029036348715744707,-0.030472690530194465,-0.06874143129700155,0.03605629852923486,0.09032316486884213,0.08454907725898256,0.058545945427026104,0
0.06580221781042495,0.3287814954183201,0.3501282509851094,0.3490488584206423,0.1681795580192236,0.24368560552874047,0.21758196878947428,0.2762450705407548,0.27000931121100097,0.34556241940183724,0.36943576202952033,0.3565597050230318,0.22338954768395153,0.24005719121229488,0.23555753293648313,0.21666191022999165,0.14198085147288722,0.1266891331828067,0.144254449169784,0.11976701815525116,0.07712337253653478,-0.11345047856800483,-0.02819653189161718,-0.02960425265272113,-0.06785580798342336,0.036884230482005204,0.09111235318237171,0.08538530294030086,0.059383923650830894,0.050017223046534866,0
0.32956133774082763,0.3508701016612053,0.34987021607749624,0.16908480019842276,0.24456335069645255,0.21847035866502748,0.27707512685469277,0.27085806587590217,0.34630297826419565,0.370149369638874,0.3572803469865533,0.22419420346239788,0.2408305072457048,0.23635020890722425,0.21748868051906592,0.14285593939537544,0.12755895477637663,0.14510494048909373,0.12061434540923248,0.07800105775287527,-0.1124690127635662,-0.027319733716624033,-0.02876411871461026,-0.06696610153599888,0.03770978087404671,0.09190889103674241,0.08617730289825232,0.06023487000465606,0.05086016507098806,0.06197474669981459,1
0.3516374255955774,0.35061221197820697,0.17001041630006167,0.24542450343024177,0.21936279009770684,0.27792882613553216,0.2716912487527513,0.3471070926790804,0.37087582955321824,0.3580008871696654,0.22499061770656903,0.2416251199540498,0.23712564266166547,0.21829177325655888,0.14372580859234346,0.12844249957655504,0.14596399653105,0.12147864413426941,0.0788726218700338,-0.11148060931129804,-0.026388515330858373,-0.02788699748013039,-0.0661051049766717,0.0385394273461666,0.0927031470249391,0.08697665482012572,0.06104119075073296,0.051716097504395146,0.06281072932741848,0.05606691729782201,1
0.3513796820677105,0.17085363908663578,0.24630589370805275,0.22023848883270752,0.2787866268222767,0.2725480873850606,0.3478960213935422,0.3716655661269593,0.3587343134145684,0.2257866064286626,0.24241155591626068,0.2379223887511815,0.21907752341550984,0.14457142592487185,0.1293207854843685,0.1468367487711181,0.12235151168655575,0.07976130056050977,-0.11049908863633544,-0.02545038120142425,-0.02695544816096955,-0.06520672997207777,0.039341510282343825,0.0935015058374278,0.08777371593952113,0.061854875802415894,0.05252726888411231,0.06365967112824567,0.05690633834047893,0.047446824336429286,1
0.1717229846662168,0.24710617664040135,0.2211344701057328,0.27962802555837074,0.2734090220072148,0.34870842485096903,0.3724402413523274,0.3595311541207617,0.2265958485943258,0.24319760898920928,0.2387109443320586,0.21988466219736283,0.1453992909678796,0.13017470737118203,0.14770429337923935,0.12323811008711806,0.0806585553258006,-0.10949980416905342,-0.024518784025112608,-0.026016982953877745,-0.06425340886600714,0.040179867104656965,0.09427289829497248,0.08857487927867862,0.0626662245355822,0.05334580874972137,0.06446404177464085,0.057758733988933074,0.048291262358315,0.06896459613880172,0
0.24793230723163448,0.22194891976587253,0.2804896007349972,0.2742535247475173,0.3495250009585282,0.3732383330197123,0.36031287203587825,0.22747000494589564,0.2439968671260438,0.23949910796747406,0.22068354342701252,0.14624885606525692,0.1310107969567297,0.14854761709914124,0.12411943509191396,0.08156960212173728,-0.1084919107465733,-0.02356971782092869,-0.025085056977533306,-0.06329316238111547,0.041071707209083284,0.09507998922932345,0.08934902273347962,0.0634816724094067,0.054161996879950824,0.06527577504604223,0.0585664646598149,0.049148697503611866,0.06979651060500586,0.05737255480912941,0
0.22278930785721746,0.28127064473672375,0.27511821352972465,0.35032556883802873,0.37404062202816285,0.36111803519967695,0.2283283698135789,0.24486084195340851,0.240300486943743,0.2214819885942394,0.14708988991701977,0.13186864741555718,0.1493732106277523,0.12497635557833862,0.08247525940163995,-0.1074699477244096,-0.022612057590203953,-0.024135660031975086,-0.062339604969701805,0.0419704458911576,0.09593980140427633,0.09015891624295595,0.06426982775295689,0.05498228310790674,0.06608517819696662,0.05938156085137882,0.04996133077432465,0.07064136598538066,0.058211215957861294,0.05933221332057594,1
0.2820774131252282,0.27590228060164385,0.3511461868591806,0.374827039260007,0.36192738350468046,0.22921049343844574,0.2457091133555454,0.24116662456314367,0.22229369916621097,0.14793030760672335,0.1327179131796594,0.1502204874133209,0.12581541487294173,0.08335618792436465,-0.1064539010267544,-0.021640453784270736,-0.02317766896155475,-0.061368448870100914,0.04286291863824996,0.09680649819506694,0.09102159930002059,0.06509399585713785,0.05577518445693758,0.06689868090783896,0.06019431624323474,0.05078133379078994,0.07144176121818907,0.059062848301772726,0.060169733928702125,0.06230416168885527,0
0.2767120914304524,0.3518874646308327,0.3756334628624156,0.3627207926120246,0.23009666943107648,0.2465811022296334,0.2420170400516137,0.22317037275195625,0.1487841950780909,0.13356652761035726,0.15105924771524185,0.12667625700125199,0.08421902394545666,-0.1054640540762659,-0.020674527116364638,-0.022205733485918974,-0.06038869217717537,0.04377262940995842,0.09766714948075712,0.09189116822441538,0.06597130142270168,0.056604187548457835,0.06768492821535436,0.06101117047260182,0.05159898042551911,0.07224951564998423,0.05986983640314041,0.0610202206129408,0.06313995259368249,0.05523496411382157,0
0.35265421198991587,0.37636095895135624,0.36353422971735244,0.23096617246970863,0.24745716095612236,0.24289118178197633,0.22403123308258893,0.14970387986997982,0.13442865173513258,0.15189740156898326,0.12752849513548897,0.08510381862457514,-0.10449334902189804,-0.01973413232307462,-0.02123947672361103,-0.05939493647368172,0.04469092250880338,0.09854485090688601,0.09275467188507365,0.0668554992299287,0.05748644594420182,0.06850715251013417,0.06180070532888124,0.05242072484365446,0.07305495259643652,0.06068418938524228,0.061826094176271607,0.06398870181122726,0.05607486936144729,0.06980135830074465,0
0.3771138363225567,0.36426853537515796,0.23185593888170453,0.24831664335534195,0.24376938965059727,0.2249158623775801,0.1506073794085124,0.13535673611074453,0.15274901418108597,0.12838006923668982,0.08597985479100957,-0.10349988763874926,-0.018812402970063504,-0.02029875623457956,-0.0584069631210209,0.0456230604190324,0.09943112514455846,0.09363524252751293,0.0677335311350742,0.05837559874067694,0.06938246688995316,0.06262627880998545,0.05321505655069455,0.07386448995758797,0.06149620392775925,0.06263933165982546,0.06479288510582974,0.05692775138811833,0.07063278576310732,0.01956677471652642,1
0.36502826594706106,0.23266435439248226,0.24919635813186855,0.244631000666189,0.22580453971751224,0.15153482231826143,0.13626856258610942,0.15366637911442219,0.12924516744349984,0.08685512524587082,-0.1025158857803932,-0.017868279454163433,-0.01937670432380211,-0.057444815425235544,0.04654970863872522,0.10033116386505067,0.09452438683444338,0.06862871580144465,0.059258551547579134,0.07026467264342554,0.06350502400563547,0.05404551681770557,0.07464684760118111,0.06231231746744678,0.06345023424615227,0.06560443086397827,0.05773595522484159,0.07147715195383043,0.020427439202612353,0.02736934142774544,1
0.23349866967107383,0.24999501428206414,0.24551285064336956,0.22667652021388857,0.15246623941020596,0.13720436649230305,0.15456757885855246,0.1301762847318511,0.08774403519106141,-0.10153311092358211,-0.016933297183021116,-0.01843225586488306,-0.05650154275204169,0.04745134838727009,0.10122586535354007,0.09542730282459155,0.06953247847669695,0.06015868617029832,0.07114072619900659,0.06439066207052102,0.05492926790458645,0.07546510930554778,0.06310112577143524,0.0642652360692858,0.06641364709711364,0.058551524990022204,0.07227707128573475,0.02130117364104493,0.028225464742953434,0.036080804970040056,1
0.25081950766765104,0.2463135799082499,0.22756877174695406,0.1533805514650782,0.13814413015616495,0.155492712567066,0.13109111788869343,0.08869943524089564,-0.1005361731049612,-0.015999332474262128,-0.01749695074693875,-0.05553571660724959,0.048334696088093855,0.1020959840758334,0.09632486791683707,0.07045004950956754,0.06106740027339991,0.07203392083499834,0.0652701243251763,0.05581991404290149,0.07633636451498794,0.0639259590782724,0.065052953875821,0.06722696293047936,0.059364752451622656,0.07308434940649347,0.02212966343757079,0.02909463762845584,0.03693185812743887,0.053729754017913155,1
0.24714015969185935,0.22837960011807504,0.1543152654975241,0.1390667090675519,0.15642182444164665,0.13202994077457303,0.0896383411408226,-0.09947060826824343,-0.015051442475081644,-0.01656266457076033,-0.05457917171151351,0.04924015412687067,0.10294811444549085,0.09719781208404356,0.07136220003884329,0.06198993515620711,0.07293569288828473,0.06616674778630162,0.056704349918306064,0.07721450932858319,0.06480394605943474,0.06587667623969748,0.06801302692737991,0.060182078648999174,0.07388931155447437,0.022965536645035072,0.02991868978580417,0.037795938098837724,0.05457053531267896,0.06085425483928201,1
0.2292163437172443,0.155167321671219,0.14000971552773034,0.15733385329553873,0.13297271820972792,0.09060133523436184,-0.09842249038213104,-0.014035895679117423,-0.01561445153883822,-0.0536237365057831,0.0501367203530216,0.10382212430694146,0.09805274067634906,0.07224953528539346,0.06290702595908353,0.07385126830513908,0.06707194968402717,0.057605976366042665,0.0780865298812303,0.06568882557930712,0.06675352520095656,0.0688350644746927,0.06097207646493359,0.07469837421947761,0.02379900307365972,0.030750121529724533,0.038615035690164425,0.055424297318436073,0.06169088960421382,0.0535975071245026,1
0.15604555723723293,0.14086982300736353,0.15826627706455826,0.1338982821088552,0.09156824217661526,-0.09734983759337251,-0.013037363234327347,-0.014598575320179583,-0.052654271463281166,0.05103243315167313,0.10468744522888448,0.098929569452766,0.07311871630355994,0.06379923564780636,0.0747614326967902,0.0679909635500764,0.05851618273764465,0.07897566770213725,0.06656753450730496,0.06763726620483312,0.06971018755546048,0.061798121585626024,0.07548026622734838,0.02463656387638868,0.031579160599039924,0.03944150859820817,0.05623335722977416,0.0625404864693447,0.05443836538826634,0.07048663765750791,1
0.1417561614674972,0.15911610956960992,0.13484428279000216,0.09251770512974085,-0.09627346114086684,-0.012014498705879789,-0.013599716301828484,-0.05161672284524975,0.05194188498061491,0.10555204622078677,0.09979769110477185,0.07400990289978593,0.06467324414444199,0.07564680827191714,0.06890455005964037,0.05944021363273893,0.07987338173434728,0.06746340019388918,0.06851484444917387,0.07059220192648938,0.06267734991610613,0.07629805356588644,0.02544641008400619,0.032412294996593705,0.04026560457884023,0.05704978380733644,0.06334549438534133,0.05529220470847989,0.07131766628051768,0.15397289922306598,0
0.15999210721897883,0.13570729742660326,0.09348767878995241,-0.09521557418529458,-0.010987824618167472,-0.01257652386403832,-0.05059637886924692,0.05291823325588187,0.10643023475017305,0.10066508086044781,0.07489228974888232,0.06556929391741192,0.07651404849947267,0.06979330215137802,0.060358793342432125,0.08078488894940693,0.06836784409180582,0.06940957277617978,0.0714680654162287,0.06356347132643286,0.07716882284780964,0.026292675729703237,0.03321779928490343,0.041093796952988856,0.057863865360440005,0.0641578654755444,0.05610133983404133,0.07216163184178469,0.15475533801739993,0.2782080353818534,0
0.1365965616711105,0.09437396933499996,-0.09413684114318689,-0.009979165336214497,-0.011549522432697934,-0.04955161359403092,0.05387790620280532,0.10737470130247867,0.10154607173294287,0.07577388375272838,0.06645651257075584,0.07740327995331442,0.07066388636387823,0.06125247209760056,0.08169100446162271,0.06928609805638464,0.07031287897640905,0.07236106886416863,0.06444341360138918,0.07804648152205942,0.027192617418765944,0.03405964160556071,0.04189445354525788,0.05868204546525556,0.06496790441982414,0.056917841690646724,0.07296116142725893,0.1555504956651728,0.27891816810009445,0.24605280437133484,0
0.09528665862671429,-0.09314495365047257,-0.008949812239821789,-0.010540538933469769,-0.048503076543075195,0.05486175228665014,0.10830276826725371,0.10249339606187177,0.07666914803817829,0.06734291773467252,0.07828372427270769,0.07155648653079015,0.06212793550669278,0.08257238511050327,0.07019892827371145,0.07122999238905711,0.07326264967256771,0.06534051991701031,0.07891801927972165,0.028099461217168817,0.03495505216016201,0.04273135728144086,0.059472880890276775,0.06578204278703288,0.05773199828373858,0.07376804946570331,0.15630254319521314,0.27964069514176676,0.2467816517515638,0.14458577427989225,1
-0.09212599080601108,-0.008005868855032175,-0.00951086061692604,-0.047472763103953416,0.05584947524501585,0.10925487909121935,0.10342429608673738,0.07763102812430522,0.06824301660718801,0.0791633840464267,0.07244027783158634,0.06302545095091709,0.08343566890165909,0.07108693415115541,0.07214168747162651,0.07417803336474166,0.06624620481277249,0.07980667145506634,0.02899998332202616,0.03585736284886371,0.043621708883760595,0.06029977932421263,0.06656891361824549,0.05855025341237066,0.07457262277010851,0.15706190825809252,0.28032208506286277,0.24752297745189103,0.145373676473643,0.1618019153129672,1
-0.007035157317024456,-0.008566601468524416,-0.04642168886928858,0.05681955540723179,0.11021092153989309,0.10437925155883972,0.07857635801554647,0.0692098269139778,0.08005670468339746,0.07332327028652708,0.06391412582042695,0.08432091466201488,0.07195677933889982,0.07302857334050811,0.07508800694232926,0.06716570288859845,0.08070389969734361,0.0299177909775055,0.036753383029221334,0.044518958414851414,0.06117988176568591,0.06739177312703717,0.05934116242924455,0.07538129667533519,0.15781910950007041,0.2810107316239279,0.24822265536951124,0.14617432204210593,0.1625797975426236,0.17630098380869927,1
-0.007595572143671359,-0.04545665593929012,0.05781021005012698,0.11114962376269524,0.10533813374801687,0.07954580237640736,0.07016004438505426,0.0810166026734812,0.07421993983255341,0.06480198097873761,0.08519739899974828,0.07284863501611004,0.07389730931061723,0.07597319424607824,0.06807977130813304,0.08161491990372607,0.030844183367126198,0.03766666217938587,0.04540995225546713,0.0620668776680536,0.068267738202899,0.06016813583479125,0.07616280734360574,0.1585804215519573,0.2816974389365404,0.24892960568773287,0.14693170841447267,0.163370378174575,0.17707042743730977,0.17441345996638608,0
-0.044464719726282916,0.05871658022975931,0.11210880340726156,0.10627964858988145,0.0805191484578762,0.07113439631738445,0.08195996761156625,0.07518325297689953,0.06570353690610879,0.08607311571106942,0.07373168662992952,0.07478804756774109,0.07684024801619078,0.06896899888816833,0.08252055072036446,0.03178444088754193,0.038588524717478256,0.04631817538875785,0.06294768841904591,0.0691505949360696,0.06104831507515371,0.0769802061928876,0.15931547435265142,0.28238827225111096,0.24963455863240783,0.1476964169207035,0.16411797302259318,0.17785253159340017,0.1751840021525125,0.20146876986920145,0
0.05964947781491716,0.1129846137979966,0.10724164955356379,0.08147498905208593,0.07211264150370036,0.0829274389820366,0.07613000353202859,0.0666718330899464,0.08696247408567771,0.07461394255825105,0.07566998896998409,0.07772929163377262,0.06984005400778732,0.0834014531324601,0.03271917015246483,0.03952424102192434,0.047234980406946674,0.06384566833846585,0.07002729499298098,0.06193538780988921,0.07785057751693053,0.16008554430556785,0.2830541915273692,0.25034363364695,0.1484589446374867,0.16487288156612,0.17859188022747674,0.17596720979675395,0.2022235655977875,0.18450990915603424,0
0.1138867557845403,0.1081201992269414,0.08245136008083781,0.07307333441299493,0.08389881547695005,0.077100874367709,0.06762352358691624,0.08791833143537044,0.07550987199128707,0.0765511394301755,0.07860954932864321,0.0707331285640856,0.08426426329449067,0.03362878326257884,0.040454450639868335,0.04816562650323927,0.06475222709772778,0.07092113994745552,0.0628162748646866,0.07872783805981981,0.1609074331890454,0.283753831785939,0.25102744644767755,0.14922558201627775,0.16562564044079098,0.17933853545045816,0.17670763194292738,0.20299095610995796,0.18527457510902773,0.09857347332892545,1
0.10902509804789023,0.08334386197592412,0.07405457276611672,0.08485270529548712,0.07807564446301977,0.06859935457024748,0.08885769068002979,0.0764724303823713,0.0774459580122224,0.07948902327520416,0.07161739119396823,0.08514903192332493,0.034520027504163255,0.0413596043293874,0.049090789994525465,0.06567260122939257,0.07182356251254846,0.06371433153843392,0.07959898042503753,0.16173619015660828,0.2845035743965808,0.25174531571264386,0.14996585850047806,0.16638251108273938,0.18008306721368544,0.17745536160316058,0.20371599079356575,0.18605188014594903,0.09938815513621095,0.11621280442091388,1
0.08426280241646956,0.07495180045669585,0.08582711951438518,0.07903289547077687,0.06957907625588156,0.08982113997261423,0.07741843271199979,0.07840738357842919,0.08038215718016815,0.0725008529642133,0.08602504220752628,0.03543344047710088,0.042246432115479175,0.04999096479935563,0.06658754154384512,0.07273979007320613,0.06462096707484039,0.08048723487341312,0.16255916262335,0.2852601536408648,0.25251373162410307,0.15074125007464417,0.16711320724575518,0.18083171251720354,0.1782009643916753,0.20444831973028704,0.1867865600280527,0.10021570051264672,0.11701721996331167,0.0919298703017765,1
0.07587549697293927,0.08671772149845577,0.08001068127579752,0.07054123156292794,0.09078850132859607,0.07838855226171804,0.07935226288083308,0.08134186474447494,0.07339799411078227,0.08690028689073788,0.03633791031989804,0.04315539597408522,0.05087286167073251,0.06747762940039581,0.07365060351123388,0.06554141817626738,0.08138406527048683,0.16339896276262375,0.28601144492577246,0.2532889923093836,0.15156859028290984,0.16787883887930966,0.18155434033709886,0.17895068048966567,0.20517857070156054,0.18752854247552136,0.10099925596461319,0.11783445299697526,0.09274841875163081,0.14012785172747305,0
0.08763474985443813,0.08090455680921288,0.07152393683732162,0.09173841435549188,0.0793625723671974,0.0803212548098162,0.08228504090375047,0.07436178818446285,0.08778917093878884,0.03724149296651394,0.0440554454039184,0.051776858151457716,0.06834953650803896,0.07453661948389464,0.06645643509490602,0.08229468663355609,0.1642473244463186,0.28677914065438204,0.254058836517661,0.15240280095163553,0.168696181268548,0.1823117523558645,0.17967435866600373,0.20591293829075855,0.1882684163020208,0.10179015610300934,0.11860797623907846,0.09357984812521483,0.14091834847617224,0.18537792967460115,0
0.08182487968957919,0.07242258879499458,0.09270883948165147,0.08031908054803286,0.0812941492399501,0.08325232272325062,0.07530901550943206,0.08874454457920876,0.03815885296409247,0.04495462652405302,0.052671972248111085,0.06924346935264897,0.075404493938957,0.06734659853485662,0.08319992050123022,0.1651093554982377,0.2875553764925407,0.25484519471208716,0.153231189601196,0.16952038975993614,0.1831206747941622,0.1804328407341241,0.20662156091207315,0.18901240467263655,0.10257879227826465,0.11938883552183263,0.09436718206625604,0.14172160024467603,0.18614209043108093,0.10769610448527821,0
0.07334771870422394,0.09359556836521528,0.08129612122840371,0.0822495424964004,0.08422350999421029,0.076280365065081,0.08968342429813293,0.039143265840511365,0.04586756356278525,0.05356623912157646,0.07012858473400015,0.07629436431029597,0.06821858049767761,0.08408043125388995,0.16596622983963924,0.28834510075040126,0.2556400985639556,0.15407643790217979,0.1703388450414171,0.18393645966413338,0.18124285930202189,0.20736470515173513,0.18973046444553135,0.10337153248893005,0.12016746272701315,0.09516186395003642,0.14248152202013525,0.1869188880040245,0.10850547683114278,0.0032451035807005654,0
0.09450869880406934,0.08218927330341685,0.08322546480367808,0.08517721239601023,0.07725561305446481,0.09064639210358141,0.04011093363891604,0.04684746598923206,0.054474237984684606,0.07101289561228136,0.07717544342551087,0.0691125887510051,0.08494285352999897,0.16679902547905487,0.289130011726593,0.2564485376696319,0.1549302493671894,0.17117410132451058,0.18474654927389375,0.18205974077942463,0.20815901206325085,0.19048322277194388,0.10413741358572627,0.12095019612462303,0.09595426986143085,0.1432487681144741,0.18765307420731675,0.10932768891580133,0.004115267440567534,0.03432312353216624,0
0.0831088680898717,0.08411753102491998,0.08615143861844968,0.07821333739208358,0.09161327280309671,0.04110280727552797,0.04781066234795101,0.05544910455281128,0.07191089000145057,0.07805573528284784,0.06999777905460991,0.08582723140456991,0.1676141923618943,0.28989180294588546,0.25725207460546884,0.1557977438727743,0.1720179178012482,0.1855733904916411,0.1828709194525848,0.20896017503515052,0.1912873780937389,0.10493888982798516,0.1217062614063062,0.09675077899582478,0.14401382536104448,0.1883945625505206,0.11010605595388814,0.004998543888642645,0.03517519967751937,-0.017544108063428748,0
0.08503603300007122,0.08704185807249983,0.07919159799107998,0.09256270976412008,0.042098543937395996,0.0487980462553783,0.056407308607683886,0.07287555419583454,0.07894969108124306,0.07088216453503486,0.0867028534552752,0.16845096539865106,0.2906366495136575,0.25803224358488963,0.15666005571858438,0.1728753922432452,0.18640878940144012,0.18369885616391368,0.2097557433371332,0.1920983937690969,0.10579295046431045,0.12249773779879874,0.09752035707969262,0.14478299172448722,0.18913394384182414,0.11089176320701907,0.005836316487860972,0.03604030722833023,-0.016661844677086993,-0.06239263635238325,0
0.08795870272891335,0.08008593451272215,0.09353265735183008,0.04307656126682992,0.04978930093381561,0.05738967979127883,0.07382364411594805,0.07991023679696224,0.07178023388960825,0.0875777115637419,0.1692792897117532,0.29140258223014176,0.2587952908489029,0.1574982164051503,0.17372773161683064,0.18725782515859984,0.1845353508929576,0.2105679775086155,0.19290374699357468,0.10665389320922768,0.12334155485965133,0.09832559962305625,0.1455257489231395,0.18987743978338958,0.11167522298744562,0.006681480497955801,0.036860404485061796,-0.015766414396458945,-0.06148427067968853,-0.1395574964129198,0
0.0810067213350652,0.09441892258249523,0.04407517762835894,0.05076287908578963,0.058375930393916614,0.07479585979500827,0.08085424385858922,0.07274497453229684,0.08846620715469851,0.17010705216507147,0.2921605232159642,0.2595795588522767,0.1583186966446132,0.17455605271897134,0.1881017659277838,0.1853854852185414,0.21138876502983306,0.1937258238608922,0.10750883003358833,0.124192249563654,0.09918351835630507,0.14630366772215114,0.1905950165261241,0.11246278791883994,0.007524208225499163,0.037687877920024065,-0.014916818121330324,-0.060562620958304364,-0.1386042200296504,-0.14144502025523314,1
0.09533158639762702,0.044989278020973876,0.05175704253849983,0.059344552262396884,0.07577197241355314,0.08182235997907499,0.07369314023952367,0.08942118465390361,0.17094822277787633,0.29291820305904054,0.2603557168435128,0.1591608223292438,0.17536678817528253,0.18892180034080663,0.18623051933838128,0.21222315274152148,0.19455645700393695,0.10838078325836384,0.1250370088477589,0.10004832087999097,0.14713359675115376,0.19134728276614546,0.11322359251583532,0.00837102833125714,0.038512971250318696,-0.01405982024565746,-0.05968751748874146,-0.13763745802579008,-0.1404906453144478,-0.1873707596032404,1
0.0459299553499151,0.05266681950106848,0.060333744100730946,0.07673055312254014,0.08279438011167063,0.0746654320156887,0.09035967165778605,0.17185493915736477,0.2936889498081564,0.2611315358587414,0.15999446476013066,0.17619909701596426,0.18972432894761995,0.18705163253265744,0.21305251503769213,0.19540071503803952,0.1092613075858837,0.12589872444079653,0.10090709093005046,0.14797039736915094,0.1921509340079588,0.1140198970800662,0.00918995711152834,0.03934216075919247,-0.013205296231954523,-0.05880499043648272,-0.1367184677406693,-0.13952277982243644,-0.18638965542862804,-0.17604080757141788,1
0.05360314569788681,0.06123869401027719,0.07770967274185105,0.08374890742071504,0.07564162060005443,0.09132224514187316,0.1727455824455837,0.29452384926032366,0.2619205101051305,0.1608275226092526,0.17702298593165172,0.19054837025073018,0.18785522952700903,0.21385816524258947,0.1962399007764728,0.11015558197091244,0.1267690080931818,0.10178290001312637,0.14880135815061354,0.1929614453835935,0.11486865998938176,0.010045475617123682,0.04014379545408521,-0.012346682382238256,-0.05792501831620467,-0.13579201605110658,-0.13860271602521881,-0.18539494073446985,-0.17506629754077374,-0.10295876978380883,0
0.06217016222506739,0.07860484330577641,0.08472396110201975,0.07660027654933736,0.09228873220031675,0.17366011651918706,0.29534329675634463,0.2627739976150717,0.16167401440274648,0.17784633193805993,0.19136404496297457,0.1886803471181779,0.21464644822855794,0.1970552435217264,0.1110445465022659,0.12765301611138363,0.10266728134519869,0.1496491937701963,0.19376629777764157,0.11572430269787179,0.010954895685454198,0.04098169563113231,-0.011516184962726661,-0.05704096184419948,-0.1348682587798416,-0.1376751898984043,-0.1844487570887805,-0.17407820658695672,-0.1020267942208578,-0.1293961260210518,0
0.07952646951447044,0.08561518395462704,0.07757947164167911,0.09323777927980666,0.1745786470455203,0.2961863438260923,0.26361187240320894,0.16258615722189318,0.17868306459893765,0.19217921186162248,0.18949709117531496,0.2154561385671971,0.1978531256635006,0.11190900471502747,0.128531763037117,0.10356542241119018,0.15050559332295121,0.1945878708574649,0.11657397594702384,0.011871221994997752,0.04187306796050637,-0.010648880919906708,-0.05618550742039551,-0.13394042659292668,-0.13675036160185186,-0.1834950886033562,-0.17313846674891128,-0.10108142864138889,-0.12844876365569616,-0.17052971884965698,0
0.08653283715731795,0.07847471548407983,0.09420733577999328,0.17548019561019196,0.29703351067911327,0.26447342213809877,0.1634821800172101,0.1795852552387931,0.19300772558818796,0.1903133228500146,0.21625755489346493,0.19867248614185645,0.11275552911236622,0.12938613979857364,0.10445823525829179,0.1513756824092473,0.19541800006325177,0.11744063451874408,0.012781161376743875,0.04277133866361308,-0.00972738806619766,-0.0552927784596582,-0.13304203199210413,-0.13582145862046469,-0.1825442009654149,-0.1721912476244173,-0.10018325355069685,-0.1274879422135255,-0.16955841632707208,-0.14540040461269244,0
0.07939641544077594,0.09509322129492247,0.1764021066721357,0.29786437714178243,0.26533905973516253,0.16440211560167228,0.1804714119299036,0.19390153471391963,0.19114290653734875,0.2170585243259558,0.1994835102254848,0.11362389154641105,0.13022267987619157,0.10532649050621631,0.15224057651253006,0.19626175289582432,0.11831586261923824,0.01370844191175385,0.043663346651165405,-0.008798983708433373,-0.054345241008114276,-0.13210555777799968,-0.13492201366319942,-0.18158924425865144,-0.17124678886692754,-0.09927763499413934,-0.12657473111582052,-0.16857354727751267,-0.14444372759915078,-0.15809370189112865,0
0.0960055029613162,0.17724173215173758,0.29871538746633,0.2661882205337858,0.16532603832008982,0.1813814410549014,0.19477938238151554,0.1920378067888826,0.21787277145460318,0.20029404636560974,0.11448360147266883,0.13108098415839156,0.10617677535548918,0.1530812850467949,0.1971004358322362,0.11920482749012556,0.014644309996959806,0.044572589919243524,-0.007877049368528677,-0.05339078069899525,-0.13111320887279304,-0.1339844693997402,-0.18066424285800292,-0.17029825965513648,-0.09837464469854344,-0.12565406359418896,-0.16763694182128383,-0.14347354970203305,-0.15712963725322193,-0.20347362224269613,0
0.17810745737485267,0.29948617381384196,0.2670575817827198,0.16623292757776717,0.18229547440463975,0.19568106849665712,0.19291673614527768,0.2187520317729827,0.201117906785087,0.11534261544220552,0.13193070081823832,0.1070489260492869,0.15390428858625269,0.19791528247553763,0.12008850772544268,0.015594066985480933,0.045490415375480785,-0.0069377030532562015,-0.05244296965777506,-0.13011391757552923,-0.13299102436493349,-0.17970066299877804,-0.16937956306921162,-0.09746757501183546,-0.12473607212275166,-0.16669285977982304,-0.14255123631577166,-0.15615203857400298,-0.2024831460430084,-0.19511321409018192,0
0.3002826188229275,0.26784618545843186,0.16716019585266273,0.1831925687437923,0.1965867732300358,0.19381950837364267,0.21961545646394054,0.20200697055605607,0.11621518974432278,0.1327797642182013,0.10791239979712232,0.1547489562301963,0.19871267329514458,0.1209477520578538,0.016538250599769874,0.04642208446988551,-0.005989765600927358,-0.051477593856791716,-0.12912158395771584,-0.13199063646023812,-0.17868054780427553,-0.16842240623235574,-0.09658954662173208,-0.12381400449308494,-0.16575152814329994,-0.141621458661213,-0.15522250598983153,-0.2014790172594902,-0.19412760373059978,-0.22874961030689786,0
0.2686605619590057,0.1680050227716793,0.18411001180231107,0.1974756184967436,0.1947262973464645,0.2205026606082422,0.2028801139108362,0.11715393101359758,0.13364233949840904,0.10877516150708051,0.15558512422214177,0.19953153881810018,0.12178911280892472,0.017457192075676944,0.047348266100444916,-0.005027908965788785,-0.05050361918082465,-0.12811142270447895,-0.13099721377902496,-0.17765347811366575,-0.1674088706081405,-0.09567382046014855,-0.12292126442261513,-0.16480612537855405,-0.1406943859868289,-0.1542855029158435,-0.20052367525645973,-0.19312836262644617,-0.22774442323255098,-0.29440658615175047,1
0.16887598276206955,0.1849452991961716,0.19838478696660983,0.19561621649739605,0.22139390835531286,0.20377707647114382,0.11807632221255891,0.13457088395381783,0.10965150179850205,0.1564206968417094,0.2003420711393002,0.12265227341253071,0.018357674807210213,0.04824944547737212,-0.004071683173447579,-0.04951566000014958,-0.12709264926264238,-0.1299859570322065,-0.17663355720196117,-0.16638838335602435,-0.09470272529843562,-0.12199055075446387,-0.16389049556583518,-0.13976323911129282,-0.15335122776694676,-0.19956084052100348,-0.19217777552986265,-0.2267255175478303,-0.2933631860690853,-0.3159003130644122,1
0.18580665853756337,0.19921204037489895,0.19652646217324773,0.22226843470970242,0.20467806579884218,0.11902273405516506,0.13548316652981013,0.11059408355260669,0.15726971565082767,0.2011521176180816,0.12350681506551105,0.019280394586953017,0.049132337242112675,-0.003140859987073981,-0.04853345563910251,-0.12605977892545017,-0.12896608777112503,-0.1755956457705471,-0.16537499959940224,-0.09372469700972696,-0.12100410279663286,-0.16293646300047115,-0.13886159308861576,-0.15241287996909333,-0.19860081574121502,-0.19121969979864128,-0.22575580005542106,-0.2923058958653164,-0.31484440342042863,-0.3032238472087736,0
0.20006531425351692,0.19735476146523065,0.22316323997568374,0.20556224069518078,0.11997308735445479,0.13641942840221644,0.11152028202055159,0.15818443547282435,0.201975485991906,0.12436068284353155,0.020194111198070495,0.050037335973246624,-0.002228610021584049,-0.04757700006045252,-0.1250328767182253,-0.12793211886550876,-0.17454911390108635,-0.16434366392054392,-0.09275348012313397,-0.12001071501912162,-0.1619261277954194,-0.13792180649243221,-0.1515041704665932,-0.19763672386173717,-0.19026441891047632,-0.22477857744176027,-0.2912988365623119,-0.3137745475089116,-0.30217531539310083,-0.28855405999609346,0
0.19820908792896924,0.22397654782394374,0.20646672434818802,0.12090615476309444,0.13735964924220023,0.11247051670498738,0.15908301298283384,0.20286404798400298,0.12522808589576812,0.021106901105627834,0.05093344585476183,-0.0012940359914526906,-0.046639364662651735,-0.12403231891284713,-0.12690412330762796,-0.1734884154962342,-0.1633037097584488,-0.09176456028111331,-0.11902424430822219,-0.160908842357613,-0.13692606447266742,-0.15055718795888887,-0.1967027616495003,-0.18930506990027246,-0.223804210473664,-0.29028423995680824,-0.3127552638433161,-0.3011128704236633,-0.28751406614144576,-0.3116467720745365,0
0.22481578678732891,0.20728942916166113,0.12185968216377024,0.13828268096336813,0.11342468625087775,0.16000551373152047,0.2037366938997303,0.1261615536219939,0.022033513197088864,0.051828704258537785,-0.0003685416020650983,-0.04567921747982001,-0.12305100619927754,-0.12590248672099646,-0.17243381739373184,-0.16224960556304163,-0.09076703456504329,-0.11801998057839373,-0.15989863838864987,-0.13592337858169826,-0.1495540746421066,-0.19573005297431503,-0.1883757600311583,-0.22282577949674345,-0.2892726176810699,-0.311728432340241,-0.3001007963832585,-0.2864601974538039,-0.31059333803341366,-0.31746803987356925,0
0.20813812530065887,0.12273000466286871,0.1392261416339685,0.11436153345838386,0.16093199718869933,0.20463315698631346,0.12707871688808384,0.02302736118426599,0.05273769948001778,0.0005559757624898361,-0.04472831491089342,-0.12204685871532743,-0.12492010561988859,-0.17140593275367555,-0.1612015703500815,-0.08975546525967668,-0.1170071064131546,-0.15887050127194302,-0.13492767372304224,-0.1485440142407792,-0.19470058646779773,-0.18740779092489857,-0.22187775187441,-0.28825693942534697,-0.31070461401986,-0.2990811807186437,-0.28545646672206537,-0.30952596883595934,-0.31641121779710113,-0.30309400480433424,0
0.12362662359449278,0.14008669011678973,0.11531885234968105,0.16184142272835222,0.20553364770198765,0.12801987941404083,0.02400438249040155,0.0537135821156112,0.0014943724154871168,-0.04377849792478874,-0.12105223969252106,-0.12391488184787983,-0.1703975564908082,-0.16018016114603242,-0.08874976291274947,-0.1159801501525996,-0.1578337466228534,-0.13391412132406885,-0.14754098560417742,-0.1936641613886922,-0.18638317950452063,-0.22089071407971225,-0.2872723754552113,-0.30967674234784714,-0.29806455532223136,-0.2844452015563971,-0.3085091043332929,-0.3153404453578459,-0.3020455485582231,-0.32063956082644984,0
0.14097347240580868,0.11619285609291446,0.16277123513050515,0.2064173287483839,0.128964992452888,0.02500564789333252,0.05467279345011717,0.0025002380761491704,-0.042814678458724824,-0.12005889303373922,-0.1229191934801808,-0.1693661453278185,-0.15917819793040125,-0.08777012246973667,-0.11495913393247267,-0.15678284996735456,-0.13289195572839135,-0.14652006618530974,-0.1926349494482127,-0.18535161162801322,-0.21984656921095816,-0.28624811630040997,-0.3086802176946013,-0.2970438750240501,-0.2834369001412315,-0.3074846940779865,-0.31432027006182084,-0.30098317949752457,-0.3195808928934677,-0.34765639890572786,1
0.11709317985598863,0.16361853220030934,0.2073213170238615,0.1298928696491138,0.026010760118691377,0.05565617603341442,0.0034891731164982324,-0.041782887093015246,-0.11905133193584308,-0.12192478204534724,-0.1683444385047691,-0.15815324723789856,-0.08680952558638386,-0.1139643836806952,-0.15573800705974902,-0.13185568472716025,-0.14549053137970377,-0.19158769213079144,-0.18432722347535668,-0.2187954593709347,-0.285165842877695,-0.30764377360835765,-0.2960544044843916,-0.2824245420304074,-0.3064632893165017,-0.31329254615990737,-0.2999711793038118,-0.31850826631297524,-0.34658200690618657,-0.35464624834471514,1
0.16449197816880615,0.20814354086406905,0.13084119078289946,0.026998063468648508,0.056643436290871256,0.0045024009843075835,-0.04076825057561897,-0.11797493367937728,-0.12091615098668243,-0.16732411978001488,-0.15713795920865078,-0.08582624712223066,-0.11298882256679028,-0.1547197476221109,-0.1308253980077139,-0.14444687268075193,-0.19053181159702098,-0.18328481842695843,-0.21775166369229154,-0.2840765878624789,-0.30654901827163633,-0.29502514676782726,-0.2814432348342609,-0.30543783068324226,-0.31226783827457427,-0.2989516375495302,-0.31748628724312117,-0.34549358568510136,-0.3535677881837741,-0.34972666390984486,1
0.2089917529479986,0.13170645839953393,0.028005994574418554,0.05761305817128472,0.005519455036705581,-0.03972921610418811,-0.11691607607033404,-0.11983866160441443,-0.16628945528099126,-0.15612403185301207,-0.08485236249255979,-0.11199046921447815,-0.15372090382589085,-0.12982150079030313,-0.14340923335224498,-0.18946174107403363,-0.18223379160467146,-0.21668973652961013,-0.2829949094256264,-0.30544727590122184,-0.2939377529537194,-0.28042229351401954,-0.3044436730115852,-0.31123907722931815,-0.2979350858287428,-0.31645675801288276,-0.34445624103318295,-0.3524752805422365,-0.3486510669956268,-0.2522871528449943,1
0.13259799005988704,0.028929138863228933,0.05860325311481032,0.0065185861611829895,-0.038686399970141484,-0.11583263963003006,-0.11877872230657203,-0.16518541748748544,-0.1550957898446152,-0.08387966163796028,-0.11100160694519591,-0.1526990956203059,-0.12883688083887618,-0.14239808150268607,-0.1883978153672731,-0.1811685869701052,-0.2156191817895945,-0.28189487583270584,-0.30435319601503097,-0.29284337531499816,-0.2793434187912364,-0.30340964028497025,-0.31024168017810977,-0.2969144791903086,-0.31543025053219403,-0.3434113329787906,-0.3514339604767313,-0.3475614354518689,-0.25126826668845204,-0.20008810177138764,1
0.029878918036499964,0.05950917696191091,0.007538381627399102,-0.03766175280930596,-0.11474549813011019,-0.11769419975304465,-0.16409915939210917,-0.15399830158586084,-0.08289284687491763,-0.11001399244385933,-0.15168692980570014,-0.12782940166068085,-0.1414062768151896,-0.1873607274175945,-0.1801095040407085,-0.21453440024587586,-0.2807862033343444,-0.303240687750613,-0.2917566094953597,-0.27825756395753426,-0.3023173550797935,-0.3092043473374975,-0.29592508090446906,-0.31439969027941067,-0.34236949551067547,-0.3503850735827328,-0.3465229133554723,-0.25023560043620174,-0.19909959597804694,-0.19577444855723444,1
0.06044162535469243,0.008473045292536204,-0.036616362379980893,-0.11367694894060189,-0.1166059740136816,-0.16298821038945188,-0.1529185363791746,-0.08183760533926077,-0.10901219141501851,-0.15067611132485192,-0.12683147243648699,-0.14039155977118334,-0.18634323651607257,-0.17907719433614813,-0.21345583338994978,-0.27966320840287007,-0.3021195368723405,-0.2906514584821034,-0.277179262310892,-0.3012180839177185,-0.3081086815848536,-0.29489589679639544,-0.31340052836177174,-0.34132360857421,-0.34933926991014547,-0.34547682684187775,-0.2492524961795679,-0.19809744644461366,-0.19478845335266265,-0.13267344448866106,0
0.009434417651734682,-0.03565684798534506,-0.1125875206839075,-0.11553635093994957,-0.1618736037922994,-0.15181410682302515,-0.08079972146934125,-0.10794166716828521,-0.1496509933292981,-0.12583482971935397,-0.1393864393728641,-0.1853026433134284,-0.178064435642869,-0.2124042993911821,-0.2785466096577588,-0.3009840322553337,-0.2895376670421228,-0.27608262544584083,-0.3001264582393674,-0.3070060284016425,-0.29380857838483326,-0.3123613975656195,-0.34030941251008656,-0.34828941762395915,-0.3444338146568549,-0.24826187526494214,-0.1971440299257009,-0.19378882567622682,-0.13172417469159303,-0.17987115850237997,1
-0.034670465667331084,-0.11158524896506658,-0.11444584547726973,-0.16077785181579876,-0.15070600842492524,-0.07973734455690146,-0.10688863276543979,-0.14855669087989226,-0.12482395651360066,-0.13838263620633365,-0.18427181368433287,-0.17702860964223746,-0.21137250162366983,-0.2774575505622991,-0.29985498324077886,-0.2884095403266852,-0.2749773506851127,-0.29901641867322426,-0.305911043968526,-0.29271427618152773,-0.31126389003597876,-0.3392549656953991,-0.34727133189591347,-0.3433867532566435,-0.2472741525432932,-0.19618312233374846,-0.19283786250852655,-0.13076143725661996,-0.17889441916966847,-0.1708831787284087,1
-0.11055583535827355,-0.11344252787473504,-0.15966113662786796,-0.14961670248977776,-0.07867122625260532,-0.10581104334995375,-0.1474800839289101,-0.12374418063204021,-0.13736456768478694,-0.18324241113127507,-0.17600251646179393,-0.21031749575851302,-0.2763885892404935,-0.2987536397814677,-0.2872878341715672,-0.2738577620154781,-0.29789773722711,-0.30479762581644537,-0.2916275852783524,-0.3101593942728922,-0.3381417688508713,-0.3462129224908128,-0.3423714051455172,-0.24628236869109998,-0.1952250185776603,-0.19187941038208958,-0.1298463622137073,-0.17790408890804937,-0.16991167048868386,-0.14933414856941185,1
-0.11241206168282136,-0.1586323714093443,-0.14850645328223347,-0.07762349947299445,-0.1047297387874694,-0.14637882554665624,-0.12268197461053586,-0.13627745415595294,-0.18219861857203767,-0.17497783012062376,-0.20927234644341525,-0.27529614500370697,-0.29767251245175796,-0.28619373572469875,-0.2727445533538019,-0.2967647082375455,-0.3036755647800229,-0.2905225096238903,-0.30906257993579567,-0.3370215769335159,-0.3450956664759062,-0.34131578468434,-0.24532124305702419,-0.19426284730788557,-0.19092375429398317,-0.12892382914051628,-0.1769621705925895,-0.16892659479866812,-0.14837518207804085,-0.06390505991520516,0
-0.15757629454761637,-0.1474839660305444,-0.07655495803452231,-0.10366697078869933,-0.14527389285149106,-0.12159517606178236,-0.13520797394951764,-0.18108527215496853,-0.17393877673793756,-0.20822868538608277,-0.2742137988330177,-0.29656781224177886,-0.28511978360403595,-0.27165883916734934,-0.2956381230921758,-0.30253914772147156,-0.2894087935651061,-0.3079473210753914,-0.3359091744227125,-0.3439714136186737,-0.34020138558811075,-0.24432086167871647,-0.19333076904707716,-0.18996403016469668,-0.12800397804173277,-0.17601277111326488,-0.16798978831533326,-0.14740270442727324,-0.06299581399706138,-0.12624624546891106,0
-0.14643420736128582,-0.07557296580065352,-0.10258334160524632,-0.14418772238467584,-0.12050467825377724,-0.13411387146228473,-0.17998978594508522,-0.17283026324368905,-0.2071705648935966,-0.27313309984591705,-0.2954732891615411,-0.2840223116623946,-0.270593190527414,-0.29453921066985456,-0.30140919059911075,-0.28828074241998053,-0.3068234187834479,-0.33477823535099327,-0.3428549781049363,-0.33907999089496105,-0.24326304800403242,-0.19235997964512952,-0.18903435233631913,-0.12708005118548552,-0.1750661389248415,-0.16704550507352084,-0.1464781537597501,-0.06207328007943898,-0.12530071636514248,-0.1314856269369376,0
-0.07456396161821878,-0.10158670033798495,-0.14308061834416166,-0.1194328048111942,-0.13301608231667383,-0.17886957108222779,-0.17173956815731492,-0.2060426071205624,-0.2720377610747692,-0.294380465291477,-0.28293497022072267,-0.2695040834691431,-0.29346049095486487,-0.30030695113294964,-0.2871591114762453,-0.305685155850054,-0.3336386481863927,-0.3417199822181323,-0.3379663938827726,-0.2421982633994898,-0.1913324791901751,-0.18806600837200518,-0.12618548737510307,-0.1741154367505099,-0.1661039728755745,-0.14554613689583618,-0.061197316432667244,-0.12434173641275256,-0.13053704846141465,-0.22172850251128634,1
-0.10056295325949743,-0.14206118480639124,-0.11834004201877416,-0.13193698717368682,-0.17774571461048808,-0.17062416401506608,-0.20493263592640287,-0.27087184880344917,-0.2932729425976397,-0.2818492973052377,-0.26842505294873253,-0.29235821616345364,-0.2992249364291317,-0.2860650872385331,-0.3045533616200306,-0.332484661030307,-0.3405763370324554,-0.3368342532569467,-0.24114088703088432,-0.19029802101968568,-0.18704101295718137,-0.1252529157741231,-0.17319460867692485,-0.16515836959262806,-0.14461683212289123,-0.06031392846189721,-0.12343031678109462,-0.12957500545083217,-0.22072740179101144,-0.1359122911327324,0
-0.14101449941751037,-0.11733453272365821,-0.1308369803425443,-0.17664080110195388,-0.16950510996440146,-0.20379787683143794,-0.2697242513744488,-0.2920946053918666,-0.28074896038614244,-0.2673476554455934,-0.29126610285533705,-0.29811934228308357,-0.28499120861204486,-0.3034493095265152,-0.33133721726146853,-0.339418281674575,-0.335693464181047,-0.24006529899346435,-0.1892707624566162,-0.1860090609188349,-0.12426456460018394,-0.17223528038959487,-0.1642425430889575,-0.14368345362983076,-0.059433098157025785,-0.12251144226939911,-0.12866060596839832,-0.21971260080106922,-0.13496113629493323,-0.158995385255291,0
-0.11630186079604588,-0.1298244376461296,-0.1755148960433421,-0.16840495301057543,-0.20265950121953683,-0.26855171214231416,-0.29093469049003085,-0.2795779510978586,-0.26625563423433213,-0.29017567846149644,-0.2970239310335846,-0.2838938107080535,-0.30236549965943227,-0.33021772416647244,-0.33826678902630114,-0.3345382720983203,-0.23898107931766732,-0.18822547004997564,-0.18498429124715296,-0.12326927277690301,-0.1712195203902804,-0.1632883101449245,-0.14277961858404506,-0.05854818368537339,-0.12159523811404661,-0.12773874903788546,-0.2187468765001541,-0.13399650535863597,-0.158030795828762,-0.1533953304415995,1
-0.12878468725119008,-0.17447720817119136,-0.1672838192197489,-0.2015402072384422,-0.26737562157215133,-0.2897497834029867,-0.27842530073532124,-0.26509310514798345,-0.2890705669276589,-0.2959302227890164,-0.2828065428264123,-0.3012580970752321,-0.32911862206705816,-0.3371433010050587,-0.3333896291257688,-0.23788259855572774,-0.18717155501110558,-0.18394150242711785,-0.1222809111189795,-0.17019680779340188,-0.16227776967738713,-0.14183760192321898,-0.05769188763838156,-0.12067495741528265,-0.12681957193463317,-0.2177736505193279,-0.13307958825101696,-0.15705267000552187,-0.15243400030227383,-0.1939710818289095,1
-0.17341215148455524,-0.16625076387957688,-0.20039987722528396,-0.26621897283613527,-0.2885613463151391,-0.27724768790167037,-0.2639488616432343,-0.2878946885773559,-0.29482181141438785,-0.2817209431566685,-0.3001608890538689,-0.3279958141674097,-0.3360402424692447,-0.33226895280700314,-0.23679039754748224,-0.1861034549140305,-0.18289009171910814,-0.1212747452773655,-0.16918121400111627,-0.16126027888761585,-0.14083957548558704,-0.05679830127504024,-0.11978397016894017,-0.1258963189286653,-0.21680326749242823,-0.1321552115256245,-0.1561226245971003,-0.15145914839483474,-0.1929861362015822,-0.16496092239258975,0
-0.16519036940754517,-0.19934818383798789,-0.2650411725215266,-0.2873924689790262,-0.27606653248305135,-0.262779690053884,-0.286737211264674,-0.29364256794871274,-0.28062067983997,-0.2990653917142533,-0.32688330021074197,-0.3349134488761103,-0.33116867888380486,-0.23572541107777348,-0.18504149027443367,-0.18182450223573088,-0.12025996843488966,-0.16814765523783068,-0.16024987097939186,-0.1398346041809134,-0.05584988552347282,-0.11885504218824719,-0.12500241610692323,-0.21582881959813066,-0.13123352262930954,-0.1551851082569092,-0.1505322879668891,-0.1919875628131888,-0.1639928609645359,-0.13978111388723213,0
-0.19826903189684456,-0.26395309836971775,-0.28620240223855276,-0.2749048672713048,-0.26160696131659344,-0.2855547517372377,-0.29248175462509735,-0.2794497456100216,-0.2979551825329319,-0.32577256233135937,-0.33379697493778265,-0.3300446904949608,-0.23468029044960867,-0.1840063372597929,-0.18076503628540377,-0.1192311047236824,-0.16710547733043984,-0.15922152871930095,-0.13883662963089172,-0.0548945465314564,-0.11787042344032202,-0.12407051788732064,-0.21488469903415736,-0.13030775837159203,-0.15425032147172865,-0.14959795935199657,-0.1910376252939887,-0.16301124755645147,-0.1388277073563844,-0.17589413374418086,1
-0.2628373325568494,-0.28510241833599387,-0.27372203496389536,-0.2604536423056737,-0.2843687579864283,-0.29129594544146503,-0.2782971696566501,-0.2967741056979153,-0.3246470383994688,-0.33268229399600224,-0.32893100366446815,-0.23361186320380722,-0.1829907626508237,-0.17973234866384385,-0.118208190112544,-0.16604914381082939,-0.15818456886584317,-0.13782079413956236,-0.05394586285217449,-0.11687886567011696,-0.12308285650704064,-0.2139016415504353,-0.12941139222983591,-0.15331146214785343,-0.14866635016922933,-0.1900801996999579,-0.16207780930279125,-0.1378608146208068,-0.17491970907915258,-0.18425454189669507,1
-0.28397466646147784,-0.27262907513628376,-0.25927918201573835,-0.28320230065183366,-0.2901066078133411,-0.2771196315365203,-0.2956114748615278,-0.3234503438708046,-0.33155280780174917,-0.32781909792243524,-0.23255337908978668,-0.18195209991134717,-0.1787192156946755,-0.11721156676669227,-0.1649988898620796,-0.15713346649116172,-0.1367963447728216,-0.052979609260792676,-0.11589421237712033,-0.1220882547781179,-0.21286157400452477,-0.12847698450595035,-0.15240225088272144,-0.14773066776296676,-0.18912556688441912,-0.16113689719340063,-0.13694169715527205,-0.17393170387409634,-0.18327525139156123,-0.18779394966215399,1
-0.27150839234298557,-0.2581943507695482,-0.28201466139847897,-0.2889368385377201,-0.27593855070252543,-0.29442384073096345,-0.32227223041614017,-0.330352072632694,-0.32669240044121745,-0.23149644020726923,-0.18092318829194445,-0.17768301265045655,-0.11623415060538013,-0.1639752914879203,-0.15608841884145883,-0.1357577842710277,-0.052004756533481605,-0.1148917767958165,-0.12110057846709821,-0.2118145432647563,-0.1274867524573981,-0.1514547572049432,-0.1468245727782871,-0.1881668658071762,-0.16019872542256636,-0.13601511817569092,-0.17299204745546226,-0.18228235850714036,-0.18681259918674825,-0.15624705436132397,1
-0.25708184864099015,-0.28091703439815485,-0.2877458770987721,-0.2747769593630694,-0.29323268130433555,-0.3210690503388521,-0.3291699534846038,-0.3254945091490939,-0.2304249772358473,-0.17989569555376667,-0.17665654485874488,-0.11523392848794198,-0.16297116019413818,-0.15506995739000642,-0.1347252189252462,-0.05101591709861703,-0.11388073132256567,-0.12009510201889731,-0.21077479862449192,-0.12648957893958174,-0.15045112025937105,-0.145880253807448,-0.18723819150406237,-0.15925648184253102,-0.13509123401862755,-0.17204491182227064,-0.18133794718205934,-0.18581763708632945,-0.15528406449051566,-0.16598042571633617,0
-0.2797916545275604,-0.2866450245131962,-0.2735942011564539,-0.2920611076296177,-0.31986237178562094,-0.3279627513294298,-0.32431520928161905,-0.22928341305456146,-0.17885382210887613,-0.17563148550685595,-0.11424320950899258,-0.16194402539096364,-0.15407091352631105,-0.1337190734452489,-0.05003283666424185,-0.11285560834180121,-0.11908101477477431,-0.20971694641882724,-0.12549934853210473,-0.1494405360009904,-0.14487986894574664,-0.1862708698798963,-0.15834395091582656,-0.13416327497325925,-0.17110053629094973,-0.18038605254463283,-0.18487121275512539,-0.15430754540225214,-0.16501177092728012,-0.16365288039231146,0
-0.28551639838963727,-0.2725013132749817,-0.29086833621016667,-0.3186754272024471,-0.32675205763726706,-0.32311083793874457,-0.22815995313217893,-0.17774243276840507,-0.17459205729714888,-0.11325374623089361,-0.16092656734080626,-0.15304890377379024,-0.13273222689253197,-0.04907551668634557,-0.11183641669410645,-0.11805284239197661,-0.20865046784721303,-0.12449130290723678,-0.14843698711117215,-0.14387253818890497,-0.18524692172265217,-0.15739307533683916,-0.13326475593530399,-0.17015209028739156,-0.17943693312168843,-0.1839173033767631,-0.15337906308214488,-0.16402956149502235,-0.16268558025761898,-0.15024785437842977,0
-0.2713807028888129,-0.2897657262735181,-0.3174672373289166,-0.325561136262452,-0.32190297017511776,-0.22701165013613897,-0.17664888670862267,-0.1734831615613773,-0.1122500874230366,-0.159910479235804,-0.15203653771243392,-0.13172250464775836,-0.048137025217510926,-0.11084346670149056,-0.11703061582570957,-0.20756977269814197,-0.12347464572269358,-0.14741554436734514,-0.14287222041839637,-0.18421601739841226,-0.15638597406319346,-0.1323281549510212,-0.16923347532152147,-0.17848374424885624,-0.1829661756108593,-0.15244311117734075,-0.1630955434080767,-0.16170473155979462,-0.14928835610125488,-0.242190703655346,0
-0.2886353315387819,-0.3163496572659197,-0.32434895729618296,-0.3207148477393113,-0.2258597539893216,-0.17553061993164873,-0.17239208753943658,-0.11117766864831811,-0.15888006595670076,-0.15102551984040147,-0.13072234682707481,-0.047176015633164696,-0.1098696885018215,-0.11603467135621344,-0.2064952728280952,-0.12244389695203758,-0.14638548608120816,-0.14185402787145016,-0.18319228823316325,-0.1553719239665482,-0.1313356761858747,-0.1682764016349976,-0.17756047693986346,-0.18201097882788292,-0.15150988385955325,-0.16215405096569913,-0.1607720372431799,-0.14831534427787912,-0.24117769373193668,-0.24158477243462892,1
-0.31520419648479436,-0.3232275041326793,-0.3195054763697891,-0.22472706860355673,-0.17440870818492304,-0.17127630291166362,-0.11012275610300994,-0.15778036347705102,-0.1500002014827674,-0.12972348503526587,-0.04622425622610118,-0.10887313124805309,-0.11505792753049864,-0.20544775162074116,-0.12141910623474184,-0.14534130258842315,-0.14082722074839776,-0.18215054606304681,-0.15436493308144988,-0.13033625497206167,-0.16726295118773216,-0.1765986636844141,-0.18108574193330584,-0.15057258366699244,-0.1612153007047733,-0.1598318697119612,-0.1473902739484492,-0.24015093008700655,-0.24057211516917373,-0.25145279517202274,0
-0.3220781454344257,-0.3183867491655688,-0.22357330576314813,-0.17330572082796464,-0.1701568690318947,-0.10904328086290797,-0.1566984031999736,-0.1489056947078929,-0.12871038194949022,-0.04527358606275251,-0.10788605349062995,-0.11405838272045025,-0.20441992798267067,-0.12042063178271403,-0.14430314095864744,-0.13978629657517927,-0.18110018231609912,-0.1533400280196919,-0.12934379233145057,-0.1662425491496967,-0.17558035815100928,-0.18012192216492626,-0.14966490177436237,-0.16027247875931597,-0.15889444015482931,-0.14645773697478284,-0.23917356809444248,-0.23954570576502585,-0.25043439461988554,-0.27775069104894173,1
-0.3172401338929927,-0.22250857013957373,-0.17218174787894208,-0.16905633587658903,-0.10796009372926305,-0.15559176959495172,-0.14782888519862603,-0.12762833207835986,-0.0443089092650663,-0.10690021587671726,-0.1130683366795607,-0.2033689256348785,-0.1194413823500464,-0.1432914737677255,-0.13875137878448332,-0.1800356424203882,-0.15230650638636178,-0.12833350129362375,-0.16522925002093114,-0.17455509891037566,-0.17910156121397838,-0.14871896614296948,-0.1593593805063291,-0.1579529386285429,-0.14552791374373697,-0.23818869439258122,-0.23856868839035786,-0.24940221615156957,-0.27671698486170687,-0.23951210294154077,0
-0.22141629239493238,-0.17114593593576055,-0.16793482472060836,-0.10689546113915928,-0.15448147095044035,-0.14672742342956474,-0.1265638717347212,-0.0432762436087458,-0.10590020038750314,-0.11207954346435287,-0.20232775401033687,-0.11843931340456366,-0.14229915870401647,-0.13774291220698684,-0.17897722107259859,-0.15125885085757657,-0.12731459802861553,-0.16419799946959954,-0.17353697599378715,-0.1780742456597916,-0.14771692521794877,-0.1584079269643781,-0.1570411355921631,-0.14459401690430776,-0.2372067006329476,-0.23758415960338508,-0.24841958642830847,-0.27566943206229777,-0.23850065199019863,-0.2553504717941755,0
-0.17008276719797777,-0.16690140298805953,-0.10580996159677868,-0.15338998578272164,-0.14562228769847835,-0.1254748096429951,-0.042260740362362686,-0.10483149700038877,-0.11107655798212608,-0.20128805364863625,-0.11744675951151182,-0.1412839275096637,-0.1367537669198086,-0.17794556413376475,-0.1502172336826068,-0.1262815975425527,-0.16315813046033745,-0.17250087317343255,-0.17705408057591074,-0.14670793767586654,-0.15740023364111402,-0.15609100155056294,-0.14368967340572175,-0.23622064450812896,-0.23660250966333415,-0.2474294404560093,-0.2746718456488411,-0.2374754543144408,-0.2543298027557539,-0.24928635060906165,1
-0.1658406397760174,-0.10481150435566428,-0.1522775506017572,-0.14453591613487218,-0.12438205219711859,-0.041220835616769376,-0.10378026770878782,-0.11000482585217992,-0.20023391313760805,-0.11645546915909226,-0.14027829627779703,-0.13574172894187442,-0.17693345191702153,-0.14920215699322692,-0.12525456580461317,-0.16210411163139382,-0.17145615045268697,-0.1760159235306491,-0.14570597451785205,-0.1563855912367605,-0.15508465988774836,-0.14274713875922077,-0.23526513727749643,-0.23561679728400214,-0.24644219116846833,-0.27366673009664055,-0.23649961575178238,-0.2532953456195489,-0.24826921094905421,-0.2501231127710044,0
-0.10378592966759786,-0.1512529409389545,-0.14342861037553015,-0.12330794069773296,-0.040177150709971465,-0.10270449078798033,-0.10895059401294409,-0.1991100140745642,-0.11544997438033665,-0.13927398446028647,-0.13473927032689312,-0.17589827717349554,-0.1482064652804956,-0.12425388019457696,-0.1610561613794401,-0.17039726573532224,-0.1749691459743258,-0.1446861268685011,-0.15537801211869212,-0.1540713697330684,-0.1417485817110818,-0.23427047964089656,-0.23466162723785824,-0.2454508806483539,-0.2726645587663368,-0.23551626679272172,-0.2523104991279961,-0.24723829903210653,-0.24910548610715555,-0.2623282987883074,0
-0.15020104625938105,-0.14240898098438012,-0.12221293292570504,-0.039151643073751574,-0.10162499559322917,-0.10787180226320184,-0.19800406648714805,-0.11437568331713976,-0.138255404810984,-0.1337381175710697,-0.17487283104887877,-0.14718783246745054,-0.12327244090770664,-0.16003483600425272,-0.16934447270600467,-0.17390820126623463,-0.14365766415102263,-0.1543525153508468,-0.15306513356196944,-0.14074307956459411,-0.23321852921231528,-0.23366731310754807,-0.2444902193119668,-0.2716583294192883,-0.23453579293394186,-0.2513181344769897,-0.24625690145457702,-0.2480740850005562,-0.26130356858566756,-0.24616051494663177,0
-0.1413620984872028,-0.12120524392903108,-0.03810538950740123,-0.10056401968150763,-0.10678929744074789,-0.19687334745665738,-0.11331891467652906,-0.13716777004370947,-0.13272271236588223,-0.1738487889989501,-0.1461788215608339,-0.12226816591447061,-0.1590329558098188,-0.16831836908569908,-0.1728533580303368,-0.14261508022984112,-0.1533184018355296,-0.1520409876702858,-0.13974457782464644,-0.2321596104098174,-0.23261571455751356,-0.2434903109363675,-0.27068303400848853,-0.23355125638242527,-0.25032867355633925,-0.24526798868987507,-0.24709221152212257,-0.26026503205759716,-0.24514519455384817,-0.2697822145987169,0
-0.12017037833357497,-0.03714503707347445,-0.09948218812842524,-0.10572534064530212,-0.19573900493924556,-0.11223757574915078,-0.1360977731069561,-0.1316383148368157,-0.1728103830447545,-0.14517114450843885,-0.12127342020494447,-0.15800808875243913,-0.16731175668302234,-0.1718252315234008,-0.14157851057433254,-0.15227015293985036,-0.15100822543271267,-0.13872821203069163,-0.2311080594898943,-0.2315571477869555,-0.242432981792857,-0.2696682171872929,-0.23259723972131782,-0.24933515187974134,-0.2442819686937787,-0.24610282244638418,-0.2592762169901142,-0.24411611006950734,-0.26875314614346646,-0.27071275183053245,0
-0.036157811346491195,-0.09848729222121337,-0.10464051898796205,-0.19462370553386218,-0.11115252814349315,-0.13500315177582667,-0.13057152713982445,-0.17170252978586398,-0.14414918323790446,-0.12027994740071955,-0.15699288381878174,-0.16628212242363008,-0.17081661572396437,-0.14056841414388518,-0.15122794521624608,-0.1499613312048481,-0.13770323220367947,-0.23003833129648568,-0.23050594647719383,-0.24136868193070768,-0.2685956162355838,-0.2316041006006176,-0.24837232159075087,-0.24329188720018594,-0.2451163276518164,-0.25827988034305105,-0.2431364902827115,-0.2677102518914874,-0.26968314179342384,-0.27383618300399126,0
-0.0974653016860482,-0.10364271992078997,-0.19348738245252242,-0.11008605285014178,-0.13390484468143715,-0.1294801281751884,-0.1706124892245594,-0.14305809995710736,-0.11927225954314,-0.15597903920370246,-0.16526218104132068,-0.16978496325307868,-0.139577654706872,-0.15021228584756502,-0.14892047171491887,-0.13666413991080126,-0.22895997320668784,-0.2294365699581579,-0.24031178696974514,-0.26751603790785616,-0.230553705698628,-0.247370203597312,-0.242332431432149,-0.24412577146207545,-0.2572864600397456,-0.24214935684084687,-0.2667171974768703,-0.2686397035288149,-0.2728047550990952,-0.2810472454283197,0
-0.10261780762386953,-0.19243957948610002,-0.10899870490462438,-0.13282523653643247,-0.12838503788801311,-0.1694977422845795,-0.1419846843325696,-0.11819573201954094,-0.15495088033875384,-0.16424362021435376,-0.16876301667881768,-0.13856399064277536,-0.14921601706946272,-0.1479061426140763,-0.1356310452997341,-0.2278673687362295,-0.22835856364727689,-0.23923668318235422,-0.26644396958841804,-0.22949634310081643,-0.24631061098108592,-0.24133375122784734,-0.24316585005831615,-0.25628897983377374,-0.24116511051720102,-0.26571661782919503,-0.2676461198795717,-0.27175949080759676,-0.28001162061388185,-0.2783878806262833,0
-0.1913643428934309,-0.10799845300703159,-0.13172471511644337,-0.12730861582753972,-0.16837934430236776,-0.14088663033022072,-0.11713674626137882,-0.15385347686811912,-0.16321072217285396,-0.16774245922720346,-0.13755991643156132,-0.1481968029237592,-0.146911191287104,-0.1346243776071556,-0.2267810161093906,-0.22726631183827445,-0.23815294790054187,-0.26535360285414633,-0.22844633767978167,-0.24524404665951424,-0.24027768018977588,-0.24216669548818587,-0.2553222665710294,-0.24017680231381713,-0.26471896799927674,-0.26664501054117484,-0.2707641307351512,-0.27896214057593116,-0.277353803588422,-0.2794290243507694,0
-0.10697107216335051,-0.13071167279406032,-0.12621129034734693,-0.1672798371510975,-0.1397848964867121,-0.1160531811477885,-0.15277379571623131,-0.16210848577939863,-0.16670755483888647,-0.13655715498223814,-0.14718721443467822,-0.14589330433482822,-0.13363701387320995,-0.22572180008870438,-0.22618031019788815,-0.23705495274782926,-0.26425460008815366,-0.2273781641103856,-0.24418490281731473,-0.2392146389815066,-0.24111013852259744,-0.2543161928027784,-0.2392190859895707,-0.26371725917819144,-0.2656468327026117,-0.269761243442627,-0.2779626792770162,-0.2763058782739045,-0.27839434135697894,-0.28647417703609207,0
-0.12967141957183387,-0.12520135103531144,-0.16615935517280994,-0.13870189432035823,-0.11496591119657154,-0.15166945055868905,-0.1610240135040016,-0.1656032724108059,-0.13554013325033518,-0.146178962267575,-0.14488503447741108,-0.1326267706227519,-0.22468239431311696,-0.22512144048659788,-0.23596323504235778,-0.26314129914836554,-0.22630136110675186,-0.24310753687056622,-0.2381589940156055,-0.24004661117498272,-0.2532525479978907,-0.23822217784152533,-0.2627463980110237,-0.2646445959866719,-0.26876129329597664,-0.27695568722357716,-0.2753079294646445,-0.2773458073668317,-0.2854353936938664,-0.29800610614148704,1
-0.124164220705755,-0.16512693269219783,-0.13759796838056035,-0.11389723478256286,-0.15056143641359043,-0.15991485762585073,-0.16451677179666704,-0.1344540872178274,-0.1451564230819248,-0.14387809530803788,-0.13162609515740692,-0.22361972418012854,-0.2240823776838253,-0.23489872543519028,-0.2620343483522906,-0.22521031562384058,-0.24202153875691185,-0.2370851476036502,-0.23899048341409673,-0.25218192972120257,-0.23716792204992532,-0.26173609857016145,-0.2636732170004681,-0.2677572846538974,-0.2759516453510198,-0.2743024512043271,-0.2763472664165042,-0.2843827409517668,-0.29696061110264177,-0.3330539373842385,1
-0.16406717513472957,-0.1365816205327706,-0.11280767890783451,-0.14947221392677118,-0.15880204105967705,-0.1634055792832743,-0.1333856652750835,-0.14406475045419762,-0.14285687551350112,-0.1306267179326048,-0.2225669600396167,-0.22302005305986972,-0.2338540770751475,-0.2609548086424892,-0.2241255145799707,-0.24092127509538974,-0.23600267007106035,-0.23791615135657918,-0.25111875981277865,-0.2361066968794408,-0.2606681251006111,-0.2626623900320896,-0.2667841675619368,-0.27494354586483566,-0.2732999183177161,-0.275341195504811,-0.2833801931346318,-0.2959012165399402,-0.33198804416150507,-0.34580975137592324,1
-0.1355380406052138,-0.11180528328175345,-0.14836204842567927,-0.1577080620181496,-0.16229072959549506,-0.13229262538015069,-0.14299075057991356,-0.1417665483759351,-0.12961309690403666,-0.22151571669167394,-0.22196763219950177,-0.2327861255898,-0.25989527499008186,-0.22306782946669365,-0.23982729965563387,-0.23490593582299757,-0.23683318803405654,-0.2500373440286115,-0.2350528554580234,-0.25959317627228246,-0.2615938761776281,-0.26577156990042217,-0.2739664160098538,-0.2722933274922789,-0.27433807184883763,-0.2823701119030053,-0.29489211004252935,-0.3309081598621286,-0.34473643414348026,-0.2715038287020244,0
-0.11077574497379326,-0.14733964244648104,-0.15659312524927246,-0.16119473685004745,-0.13119589699363832,-0.14189210993806567,-0.14069388235484542,-0.12853051884461988,-0.22044997698810892,-0.22091673066501766,-0.2317281141670887,-0.2588123281384957,-0.22202993984870834,-0.23876056239953436,-0.23381547303337447,-0.23573596677731656,-0.2489472948736212,-0.23398082323926048,-0.25852570560393584,-0.2605183867288204,-0.26470124219583263,-0.27294973035086784,-0.2713176775025526,-0.27333089038135394,-0.28136299066220105,-0.293875464478343,-0.3298791202279992,-0.34364909251335046,-0.2704737582503645,-0.29657062622574026,0
-0.14628996557046112,-0.15556608673809552,-0.160077780148418,-0.1301178524787836,-0.14078979046713805,-0.13959658102204245,-0.12746553488092557,-0.21931424928738788,-0.21985133443930446,-0.23067164595627818,-0.25773941808509504,-0.22096879708501588,-0.2377137078532501,-0.23275220161972193,-0.23464501929211606,-0.2478429700075555,-0.2329001604391781,-0.25743996366677147,-0.2594503791591544,-0.2636239381061924,-0.2718752150123031,-0.27030249945450474,-0.272354661023042,-0.2803518124714005,-0.29286179975055965,-0.3288425243486769,-0.34261279812549633,-0.2694298575047343,-0.2955259666503816,-0.3002230449728411,0
-0.1545117476474712,-0.15904878043877319,-0.12901889952559878,-0.13970620826650282,-0.13849559854956195,-0.12637594702738433,-0.21819657536662027,-0.21871595701081548,-0.2296006559484062,-0.25666811489889907,-0.21991755046069567,-0.2366435338673382,-0.2317087795235925,-0.23358126964167863,-0.24674495265238122,-0.23180524547640363,-0.2563455870727248,-0.258364097150632,-0.2625541283793846,-0.27079372146318864,-0.26922952847178416,-0.2713388927439488,-0.27937166267439156,-0.2918440794829578,-0.32780897265963266,-0.34156894124028786,-0.26843582393768234,-0.2944674113009619,-0.2991762596537032,-0.29446429388705697,0
-0.15799246758343857,-0.12800738006316734,-0.1386017004982491,-0.13741334057813512,-0.1252826647267455,-0.21705408203863769,-0.21759863033282162,-0.22845957408642403,-0.2555822176796551,-0.21886781814526451,-0.2355833142814791,-0.23064206337014415,-0.23253737391642396,-0.2456742273412535,-0.23071659333117886,-0.25523692391097164,-0.2572691803246774,-0.2614660335732031,-0.2697197510979911,-0.2681495799517388,-0.2702653171445189,-0.2783519004531207,-0.2908575124763957,-0.32677136971658133,-0.340528151603282,-0.2674342642937367,-0.29345912121975715,-0.2981155690195682,-0.2934208602179199,-0.3150467194796716,0
-0.12696865945851143,-0.1375847877400311,-0.13631016113522398,-0.12420803338531528,-0.21590798553694376,-0.21645648566793751,-0.22733659231182915,-0.25442593372480865,-0.21780359683188585,-0.23452464734203185,-0.22958527931016953,-0.23147018063145405,-0.24462342316358568,-0.22965510843425158,-0.25413458886530904,-0.25615997557568837,-0.260369303410689,-0.2686274710876681,-0.2670771439866944,-0.26918476374419603,-0.2772742335674128,-0.2898312127306592,-0.32576529953102684,-0.3394833122721091,-0.26643563757960714,-0.29244329277536607,-0.2971052016582677,-0.2923635362769337,-0.3139913066355838,-0.3202259887234207,0
-0.13654063928242188,-0.13529453807817232,-0.12311250416325618,-0.21478104440577186,-0.2153107372278228,-0.22618876941934146,-0.25328788133824376,-0.2166694175568255,-0.23345144789924777,-0.2285300332181139,-0.2304129225179474,-0.24354927033952578,-0.22861345564232566,-0.2530596033989134,-0.2550571015151164,-0.25925828077586194,-0.2675265544768541,-0.2659864074361181,-0.26811172706010433,-0.27618958709731356,-0.2887468489818152,-0.32471913094529664,-0.3384701438178558,-0.2654329520848376,-0.2914304425725466,-0.29608729414357676,-0.2913564441531772,-0.31292194975374016,-0.31916756149348663,-0.32253189364670554,1
-0.13425168758539976,-0.12210430887893428,-0.2136330435882077,-0.21418414083400678,-0.22503735254779386,-0.25212492619056576,-0.21555327866958945,-0.2323081128972333,-0.22746027127986307,-0.22935720439778223,-0.24248509758312078,-0.22754852187674512,-0.25200458011122184,-0.25398158421643413,-0.25815359746369504,-0.26641133489081187,-0.26488703474388353,-0.26702038624364166,-0.275112485501424,-0.28765550272924234,-0.3236144140944774,-0.3374167438794797,-0.2644611328855514,-0.29041353665437136,-0.2950723714727169,-0.2903418146986365,-0.31190315156176807,-0.3180951766963852,-0.3214721243573348,-0.3429989037687074,1
-0.12106893375182741,-0.21257390244314311,-0.2130364858201475,-0.22390514185989605,-0.25095840317024104,-0.2144123266538755,-0.23118289746971685,-0.22632044178010732,-0.22828696813297408,-0.24142249436328872,-0.2264935087064017,-0.250926176977631,-0.2529260342204912,-0.2570762950225311,-0.2653024745612984,-0.26377336294978665,-0.26592040910588727,-0.2740170557726123,-0.2865717474415498,-0.3225027058674811,-0.3363046194267135,-0.263449857450628,-0.2894277684539192,-0.2940533935331362,-0.289330159678176,-0.3108768059506986,-0.3170734328419205,-0.3203983914772565,-0.3419272224773296,-0.3408565040954575,1
-0.21148725502324262,-0.2119776804237337,-0.22275185518570012,-0.2498112306074961,-0.21326776880535317,-0.2300328317880124,-0.22519870153622334,-0.2271466549239455,-0.24034533947317893,-0.2254400259377438,-0.24985778133056702,-0.25184710048374276,-0.2560189770833879,-0.2642210507634737,-0.2626660430608151,-0.2648061313498444,-0.2729129885069757,-0.2854696247353915,-0.3213987286841004,-0.3351855003686033,-0.26238088419917494,-0.28840228249094046,-0.2930655928595165,-0.28831444868478767,-0.30985347197933294,-0.31604413902978057,-0.3193753361602429,-0.3408415241308286,-0.33978606970184616,-0.2926104328903389,0
-0.21089137090377,-0.22168758188268847,-0.24864293577806093,-0.2121423516321752,-0.22887917599654456,-0.22405212525267104,-0.22602443515432638,-0.2391979707806193,-0.2243720359090462,-0.24879097326263266,-0.2507781776564578,-0.25493826232983924,-0.2631596511756333,-0.2615861391764505,-0.26369820837700786,-0.271794610361783,-0.28435886250275033,-0.32027626468565595,-0.3340741633363871,-0.2613049351531125,-0.28731875235912985,-0.2920380363169583,-0.2873298526018435,-0.308826084551954,-0.3150178662196007,-0.31834472975533296,-0.3398068283871034,-0.33870162384953956,-0.29156807818660924,-0.2935698239898077,0
-0.22059576942089662,-0.2475640907171398,-0.21099587948654452,-0.22774474777192488,-0.2229019528393888,-0.22487737738363808,-0.23806875654941473,-0.2232340133692176,-0.2477095930497421,-0.249710844660712,-0.2538675699751459,-0.26207482459038034,-0.2605262448581863,-0.2626177094451494,-0.2706826064750333,-0.283233772594294,-0.31914515511376157,-0.33294429603418463,-0.26023647114795795,-0.28622824008698583,-0.2909523851394629,-0.2863055607321575,-0.30783003490066635,-0.3139875405867526,-0.3173171485206299,-0.3387645715237387,-0.33766814657623256,-0.2905118380537306,-0.29252691091098393,-0.29687599632507006,0
-0.24645761312991554,-0.20993822256369,-0.22658923670167494,-0.22177097472433888,-0.22372672431388932,-0.23691467570774302,-0.22211406445710297,-0.24655791545274075,-0.2486289369639775,-0.25279847501240493,-0.26100004692953016,-0.2594429346736886,-0.2615572258124851,-0.26959808100932486,-0.28211508882251785,-0.3179996668188727,-0.33180578095771157,-0.25914973000900454,-0.28514531304241386,-0.2898597508970151,-0.2852232537971999,-0.3067940747220927,-0.31298860881090756,-0.31628551474523553,-0.3377253768275748,-0.33662710923336636,-0.2895058002966323,-0.2914701098968668,-0.295831159021298,-0.31411137326991384,0
-0.20885306887604985,-0.225522803682144,-0.2206189244356116,-0.22259527013296695,-0.23575701168332727,-0.22096928683239198,-0.2454244295842401,-0.24747672144890553,-0.2517147967691246,-0.25992688411535086,-0.25836966363124775,-0.2604733219557206,-0.2685336096371865,-0.2810239724843369,-0.31686068154498115,-0.3306528685793962,-0.2580543539161307,-0.28404402346959085,-0.28877471648008096,-0.28413396525513246,-0.3056998150872924,-0.31194971247142916,-0.3152852997950865,-0.33668213209352055,-0.33558913018501285,-0.28849222611740516,-0.29046352649476637,-0.29477242514576973,-0.31305650480655683,-0.3082227797796902,0
-0.22442881766559986,-0.21955585156725993,-0.22144274230579009,-0.2346186135070932,-0.2198209099748755,-0.24426605963302375,-0.24634270231471664,-0.2505607756840946,-0.25883911821303196,-0.25729800099835914,-0.2593994610708103,-0.2674456885523815,-0.2799529737406907,-0.31574953423157925,-0.32950649448355607,-0.25694468874801873,-0.28293409461795505,-0.2876713070922894,-0.28305225352207414,-0.3045985686348884,-0.31085244511286003,-0.31424509622333907,-0.33567052780064494,-0.33454710083678635,-0.28748162302114416,-0.28944940620029913,-0.29376396138808564,-0.3119876947487779,-0.3071713385358956,-0.3104012467875067,0
-0.2184652472318295,-0.22037920578453976,-0.23345912020528942,-0.2186917102668203,-0.243104113898705,-0.24518379691659906,-0.2494249665960839,-0.2576809286104469,-0.25621174258216783,-0.25832721111559,-0.266367836354687,-0.2788584770157211,-0.3146586975048019,-0.3283880568076715,-0.2558413564551337,-0.2818098401812811,-0.28655925779551594,-0.28195218643635617,-0.3035049812550758,-0.30974818962554196,-0.3131464897714114,-0.3346187213497793,-0.33353668873192405,-0.28646696372525665,-0.28843825872303214,-0.2927479591175405,-0.31096942852649456,-0.30610597108000454,-0.3093485376544008,-0.31611190809386874,1
-0.21928813482538706,-0.23238882074693126,-0.2175414438860944,-0.24196147490579123,-0.2440213166591408,-0.24826426392270876,-0.2565409870578391,-0.25505509028549,-0.2572403625172167,-0.26529161213980873,-0.27777409159751043,-0.3135442160986313,-0.3272899999587406,-0.2547653870302955,-0.28069198791312483,-0.28543287759395514,-0.28084348043524077,-0.30239296840495267,-0.308651613911254,-0.312040894606989,-0.333508229222494,-0.3324860968211541,-0.28548339926628363,-0.28742305516345745,-0.2917349356405662,-0.3099436153435664,-0.3050910539419572,-0.30828189661855443,-0.31505587529948853,-0.31647258143953383,1
-0.23129094351762267,-0.21648010305443308,-0.24079772766952262,-0.24287814824814474,-0.24709998949068146,-0.25537613501687545,-0.2539166727428337,-0.25608310836388626,-0.264200769929904,-0.27669136207569706,-0.31243997492098674,-0.3261682450390017,-0.25370938926428876,-0.27960169199839385,-0.2843129096574596,-0.27972045191696104,-0.3012723130882495,-0.3075365950825644,-0.31094298843180884,-0.3323907432014379,-0.3313768488358734,-0.2844601583622696,-0.28643895682904413,-0.2907178564855783,-0.30892081210957245,-0.30406859272951253,-0.3072657404971188,-0.3139858956848412,-0.3154163387297047,-0.31660723282191544,1
-0.21539124185359732,-0.23972329796982594,-0.24171386995618652,-0.24595504404069607,-0.2542077183758162,-0.25275335094546886,-0.25494409416995595,-0.2630394431668915,-0.27559398288254827,-0.31133747447467686,-0.32505677726943916,-0.252630004446303,-0.278531505773678,-0.28322052626664734,-0.2786038197445686,-0.3001373052760714,-0.30641293289369115,-0.3098266312867566,-0.3312810279719152,-0.33026060749917596,-0.28337892800810394,-0.28541517204007144,-0.2897319183548481,-0.3078939553051868,-0.3030491308215427,-0.30624203923352755,-0.3129664916764883,-0.3143461482574489,-0.315550911743652,-0.312598949707092,1
-0.2386212640349454,-0.24063892464249048,-0.24478898321297338,-0.2530586702776945,-0.25158646190800726,-0.25378017328083863,-0.26189639158674266,-0.27442598982737365,-0.3102202280864145,-0.3239470811072639,-0.2515606334477191,-0.27743782757606,-0.2821482726780199,-0.2775147276672617,-0.2990087507067177,-0.3052749106657354,-0.30870163038367204,-0.3301527920480526,-0.3291521283912956,-0.282290716516138,-0.2843333845448734,-0.28870625927560434,-0.30689842614900265,-0.3020256146230967,-0.3052213412122961,-0.31193953972694427,-0.31332653911939595,-0.3144806425512224,-0.31154496148918415,-0.2688420594110169,0
-0.23953637178984982,-0.24371230719492293,-0.2518884941114364,-0.25043892682383645,-0.25261268618518734,-0.26072841679731373,-0.27327632961094356,-0.3090319748405486,-0.322822603965017,-0.25049285419551337,-0.27635425540485686,-0.2810525118287317,-0.2764457336813784,-0.2979078951038968,-0.30414335599789394,-0.3075622660829536,-0.32901590883488824,-0.32802513588753635,-0.2812100744236927,-0.2832446156690028,-0.28762255180817686,-0.30586299622418567,-0.3010333623114071,-0.30419658916698145,-0.310915601342582,-0.3122993818633707,-0.3134609568314148,-0.3104770356276434,-0.26781353813536996,-0.26355218367459715,0
-0.24260801254856035,-0.25080782241797484,-0.2492702683516164,-0.25146455875468676,-0.2595568827952058,-0.27210171915397396,-0.3078622296611419,-0.3216269769326791,-0.24941049806936122,-0.2752723356554039,-0.2799668704411057,-0.2753532565389698,-0.29682725093033496,-0.30303954027428376,-0.3064293757166675,-0.3278646324138821,-0.32688949646411364,-0.2801110832940911,-0.2821634200271352,-0.2865318621231108,-0.30476927976698337,-0.3000012706679529,-0.3032031245967732,-0.30988760963246265,-0.31127523882449487,-0.3124337229276365,-0.3094596295825689,-0.26677119351889034,-0.2625267411588674,-0.24164248016993523,0
-0.2496995064941896,-0.2481910702216776,-0.25029530610387857,-0.2584047471089402,-0.27092356093228703,-0.30666745208781016,-0.320449921741706,-0.24825782525443074,-0.2741757701776422,-0.27888289031608254,-0.2742708776749335,-0.2957230374493506,-0.301955964499757,-0.3053242420934115,-0.32671988650519707,-0.3257394669532551,-0.2790034535689475,-0.28106387207977684,-0.2854487588861162,-0.30366857672896264,-0.29891097385583415,-0.3021697979664204,-0.30889096723225257,-0.31024704250396684,-0.311409503484409,-0.30843467731815205,-0.26577867380902465,-0.26148748912064557,-0.24062978931800824,-0.2695081028560115,0
-0.24708423730317058,-0.24921553107248828,-0.25723147380394423,-0.2697648642922163,-0.3054691615423986,-0.319247804256718,-0.24712335277550945,-0.2730086069340649,-0.2777842544301583,-0.2731901461341701,-0.2946289979582044,-0.3008487977391824,-0.3042393611167839,-0.3256030553201216,-0.32459596203238467,-0.2778815040267888,-0.2799556853713482,-0.28434729208057363,-0.3025755290251532,-0.29781369195360946,-0.30107823606714534,-0.30785440319143154,-0.309250199398704,-0.31038123077599505,-0.3074127322687515,-0.2647786293269105,-0.2604979779797138,-0.239603346176643,-0.2684791939365022,-0.2680341511167272,1
-0.24810811755607398,-0.25614779502832113,-0.2685850097389322,-0.3042905248559009,-0.3180421864625854,-0.24596399217834664,-0.2718597693523012,-0.2766149798234046,-0.2720947746508458,-0.2935366556110681,-0.2997518240201396,-0.30313087950238987,-0.3245065894839706,-0.3234803552983878,-0.27676594570580487,-0.278833177448551,-0.2832371859435313,-0.30146405903745455,-0.29672404185013895,-0.29997968852627993,-0.30675952497648756,-0.3082134308898534,-0.3093843127408458,-0.306386733464013,-0.26378151296309077,-0.25950094465932433,-0.23862629598122298,-0.2674364599363056,-0.2670061000516858,-0.24226764730242129,0
-0.25503645275470493,-0.2674949410802576,-0.3030906685772107,-0.3168562925075439,-0.24480105750715997,-0.2706859848948149,-0.2754640491393658,-0.2709288290202656,-0.29242961678483964,-0.29865655998177354,-0.3020325994116884,-0.32338643734224515,-0.3223851021161178,-0.2756779131703404,-0.27771706339901714,-0.2821127537766792,-0.30034394674455556,-0.2956159895233081,-0.2988887814910385,-0.3056576596742846,-0.30711834322339343,-0.3083474678972642,-0.3053920459310167,-0.2627803374931375,-0.2585068298950363,-0.2376417343452132,-0.26644356142026054,-0.26596422775624917,-0.2412545925970495,-0.3172323999544015,1
-0.2663771679808598,-0.30198117979022954,-0.31564915651197106,-0.24365743902239373,-0.2695086512475835,-0.2742881630182026,-0.2697811985205249,-0.2912517730181235,-0.2975465852377161,-0.3009360345832159,-0.32227656201112787,-0.3212661715956156,-0.27460996851795016,-0.2766284825403424,-0.28099472462249325,-0.29920948331851377,-0.2944992959072636,-0.29777946481110584,-0.3045634577020056,-0.3060162683783692,-0.30725230203557163,-0.30435747340880376,-0.2618099994971406,-0.2575086553777442,-0.23666005166044013,-0.265443137805511,-0.2649721675369116,-0.24022778396916292,-0.3161757150226933,-0.2521500969736417,0
-0.30084386212940695,-0.3145325996829574,-0.24249270926448743,-0.2683507713067249,-0.2731087313331187,-0.2686086260823809,-0.2900923472876556,-0.2963657474773976,-0.29982475271511105,-0.32116845148360795,-0.3201575100050071,-0.2735185484686539,-0.275559994847662,-0.27990425417882064,-0.2980814705496761,-0.29336825973481495,-0.29666150646609846,-0.3034508266306638,-0.3049218583048036,-0.3061501489612274,-0.30326463525162495,-0.2608002330362755,-0.25654126105585423,-0.23567430654344274,-0.26444564351302297,-0.26397258294131537,-0.23925037821559617,-0.3151050803437423,-0.25113129058496997,-0.27386984584958657,0
-0.3133881686921157,-0.24141732561227516,-0.26717173597888455,-0.27194877339208706,-0.26743250236349625,-0.28890793137283344,-0.2952033536479826,-0.29864258197435395,-0.32004556769695164,-0.31905060803221597,-0.2724372198783912,-0.2744680277423971,-0.2788338951066942,-0.2969811495276292,-0.29224365794146306,-0.29552920239174885,-0.30232955290896,-0.30380901790347814,-0.30505566119651484,-0.3021648108965016,-0.25973280553701,-0.25553449345942286,-0.23471910438449037,-0.26344409019584836,-0.26297592500360595,-0.23826546071501892,-0.31408503906578794,-0.25009870445861093,-0.2728383983525819,-0.2891888450844638,1
-0.24031433161249477,-0.2660824627247516,-0.27076765363635896,-0.26627582079535106,-0.28771998460982956,-0.2940159574938188,-0.2974788666932723,-0.318851565538579,-0.31792893868510724,-0.27135753412404284,-0.2733861556252399,-0.2777400427834922,-0.2959010347843252,-0.2911467024420778,-0.2944033387185317,-0.3011939251403337,-0.3026875347895619,-0.3039427426453287,-0.30107263583075394,-0.2586584029169689,-0.2544701379157244,-0.23372475753929547,-0.26247338156452066,-0.26197520786096823,-0.23728342329575575,-0.3130574492974422,-0.24911567815126312,-0.27179311438104004,-0.288148481778626,-0.2844471928334548,0
-0.2649654901263946,-0.2696763565639701,-0.2650979875470562,-0.2865515929156268,-0.2928250356330307,-0.29629014368231704,-0.31767612116825084,-0.3167361749892693,-0.2702632135193844,-0.2723059286662487,-0.2766562976099943,-0.29479735464863355,-0.29006992079569255,-0.2933051381544133,-0.30006475355908113,-0.30155169710340235,-0.3028211813583199,-0.29996204363345375,-0.2575914746993093,-0.253398808590396,-0.2326731254770184,-0.2614632375193609,-0.26100531944428945,-0.23629732352071658,-0.3120328751197246,-0.2481251352531002,-0.2707977351631558,-0.2870942419815932,-0.28340958921605197,-0.2790755644720178,0
-0.26855734717988283,-0.2640098814191854,-0.28536201331926137,-0.29165369725523826,-0.2950978972538525,-0.3164756210926363,-0.31556195837017686,-0.2690983395550379,-0.27121106422165814,-0.27557420559740936,-0.29370384506215397,-0.28896959840453035,-0.2922271234390985,-0.2989632891663301,-0.30042231660164226,-0.3016852653029479,-0.2988428093918987,-0.2565062784156359,-0.2523349325249396,-0.23161452517960893,-0.26039542323296266,-0.2599960109918106,-0.2353417734730061,-0.31100424775326885,-0.24713749030016643,-0.2697948287086933,-0.28609015022158263,-0.28235812149371203,-0.2780410871953673,-0.28433177736284204,1
-0.26289408342537063,-0.2842625023959526,-0.2904611618605383,-0.2939252469589001,-0.31527161791749614,-0.31436269106766046,-0.26795177145283117,-0.2700456356596109,-0.27447746701771447,-0.2926120303556344,-0.2878794249016713,-0.29112555886069924,-0.2978820420683358,-0.299320646072346,-0.30055580680419836,-0.2977092262200465,-0.25541244763728954,-0.251252806414361,-0.23056329057364142,-0.2593206336571782,-0.2589290526639408,-0.23434707221655995,-0.3100069818293616,-0.2461457841999285,-0.26879485946095505,-0.2850785237165074,-0.28135672650549126,-0.2769927598456764,-0.28329424091838284,-0.2905161229965109,1
-0.28313522653126816,-0.28935878108566715,-0.29273139558898986,-0.31408732316074445,-0.31315991853881825,-0.26678026575773844,-0.26889851775634577,-0.273310127248052,-0.2915055217392645,-0.28679093202515255,-0.2900341511839895,-0.29677722120440875,-0.2982391948238667,-0.29945405931725855,-0.2965820895245369,-0.2543043316605731,-0.25016204672179654,-0.2294938805618081,-0.2582533211458094,-0.2578551194198194,-0.2332950771049886,-0.3089697825745287,-0.24518473483377273,-0.2677908317219044,-0.28406986210939805,-0.28034779909628926,-0.2759944199224549,-0.2822428406704776,-0.2894749872018212,-0.30835983565104297,1
-0.28822861698104657,-0.2916277371039756,-0.31288179131013594,-0.31197684267486064,-0.26560520694154255,-0.2677264600113471,-0.27216111466695386,-0.29032821867055736,-0.2856877614137795,-0.28894442940670284,-0.2956825782485652,-0.29713416829980105,-0.2983725318525982,-0.2954826329017363,-0.25320254120103336,-0.24905700953556797,-0.22841584074817312,-0.2571677382994327,-0.25678865734904177,-0.23223611360002216,-0.3078742536635418,-0.24418443115331628,-0.2668176958974721,-0.2830571438842545,-0.27934182801385105,-0.2749885502111133,-0.2812415113237609,-0.28841997144878917,-0.3073083146393778,-0.2810111780937531,0
-0.2904962871023733,-0.3117667919818077,-0.31077253348735157,-0.2644495801055458,-0.26655085009765084,-0.2709871544943346,-0.2891693289616727,-0.2845138623795813,-0.28784002391067187,-0.29458963501507107,-0.2960393210105385,-0.2972674285487475,-0.29440337422946616,-0.25212809306389894,-0.24795828324347158,-0.22732355535236534,-0.25607352084346746,-0.25570392996453195,-0.23118451828515793,-0.30677173738164065,-0.2431266970702083,-0.26580507915227475,-0.2820754834472153,-0.27833179973354744,-0.2739856271165632,-0.28023264961263283,-0.2874151248114824,-0.30624286705759546,-0.2799755742708601,-0.27975122587289686,0
-0.31062392847122844,-0.3096587212703241,-0.26327280485191945,-0.2653946774275072,-0.2698096454351168,-0.28798545126091923,-0.2833583472641606,-0.2866648655644014,-0.2934819923765871,-0.2949461743166523,-0.2961725049750085,-0.293300556495289,-0.25107360192847167,-0.24688685844233374,-0.22623752028469782,-0.2549650172190396,-0.25461056822474143,-0.23011474543468613,-0.30567688890803135,-0.24206199209193774,-0.2647347318988771,-0.2810541822632418,-0.277352777898935,-0.27297864616728007,-0.279226744019639,-0.28640274277855626,-0.30522787197026213,-0.27892611531867034,-0.27871635535463873,-0.28519739339243805,0
-0.30851705247737865,-0.2621857259550396,-0.26421735465134816,-0.2686515917575749,-0.28679804178344837,-0.2821778579599474,-0.28550810202853216,-0.2923035328535266,-0.2938383272270661,-0.29507928232257596,-0.29220790374694633,-0.24999573488230875,-0.2458353615140201,-0.22517861759156035,-0.2538628409529627,-0.2535029224632995,-0.22903634267454964,-0.30456360751820677,-0.24100469480182116,-0.26365740825190687,-0.27997493890579067,-0.2763341647879903,-0.27200261349991983,-0.27821678121466614,-0.2853933280428371,-0.3042053327413546,-0.2779266745327253,-0.2776676329983612,-0.28415935315090146,-0.29644799728821425,1
-0.26107096177412675,-0.26312974415243795,-0.26747238215564517,-0.28563018224333864,-0.28099383103329983,-0.28432635919746496,-0.2911434966923096,-0.29265965920862935,-0.2939713589045782,-0.29111694221767076,-0.24892787186435694,-0.24476051081655656,-0.22413952212471017,-0.2527880121503414,-0.25240159998569656,-0.2279436934216842,-0.30344168328469645,-0.239929186309795,-0.2625875791023123,-0.278888715276723,-0.275257675019802,-0.2709870455994956,-0.27723782360567056,-0.28437985685138956,-0.3031857930646697,-0.27691970300993446,-0.276668908798835,-0.2831074468447359,-0.2954034090841082,-0.2874576130252718,0
-0.2620144449632918,-0.26638293969485094,-0.2844411364471367,-0.2798293217383671,-0.28314108090656837,-0.2899584678498977,-0.2914994163552851,-0.2927926130478677,-0.29001129093292316,-0.24786159414984452,-0.24369564468874982,-0.2230771645951324,-0.25173314401701846,-0.2513276135944234,-0.22685729622513703,-0.3023054033722668,-0.2388450462030387,-0.2614994647586656,-0.27781004737181636,-0.27417420618035854,-0.2699136752625513,-0.27621927592449536,-0.28339745781975617,-0.30216219911426834,-0.2759156816028284,-0.2756626544800186,-0.2821056251867391,-0.29434492542627533,-0.2864182573135887,-0.28918644059549264,1
-0.2652657968056527,-0.28334214380249906,-0.27864363655039237,-0.28197533219876086,-0.2887699092167367,-0.2903141799753146,-0.2916322930294626,-0.28883486215482695,-0.24678074687282728,-0.24263235105998743,-0.2220247110414174,-0.2506548971851329,-0.25027357975608255,-0.2257980362286545,-0.30117558274463757,-0.23774664520976177,-0.26040271505287843,-0.2767130420859938,-0.2730982741136995,-0.26883332721419334,-0.2751428531807921,-0.2823754041934339,-0.30116987053465866,-0.27490760257768515,-0.27465934799934644,-0.2810962707400561,-0.29333670508916865,-0.28536502963307664,-0.2881460786890912,-0.2940964070744785,1
-0.2822153895373203,-0.27754790679641217,-0.28078840376413283,-0.28760091149615036,-0.28912541416264215,-0.2904469791688035,-0.28767683917492914,-0.24562961275377324,-0.24155450239913717,-0.22097377695327056,-0.24958665683146739,-0.2491961733886301,-0.2247585869009636,-0.3000734779543527,-0.23665452359130912,-0.2592916728257482,-0.2756073987949718,-0.2720040208193965,-0.26776049446936245,-0.2740594513950515,-0.28129539005440407,-0.30013770119335326,-0.2739304927932085,-0.2736519837465643,-0.28008987397622975,-0.2923209464489812,-0.28436192249562625,-0.2870918402977758,-0.2930531875190993,-0.29617388554550883,1
-0.2764244363286353,-0.2796914669138131,-0.28641072399882755,-0.28795621124124876,-0.2892581360091135,-0.2864938317483381,-0.24449666566275088,-0.2404064262122676,-0.21990834801538103,-0.24852000339343097,-0.2481287680775368,-0.2236958728938123,-0.2989915966288516,-0.23558961545348753,-0.25818697001433394,-0.2744874406704787,-0.27090113033799357,-0.26666935879628384,-0.2729835859208042,-0.28020839530775393,-0.2990473247896584,-0.27291382758102556,-0.2726755750917386,-0.279079420106276,-0.2913081658286963,-0.2833512814616609,-0.2860877499052965,-0.29199607865287375,-0.295129456877144,-0.2868035920251328,1
-0.2785667816153109,-0.28531062285070813,-0.28676581790838734,-0.2880888564794188,-0.2853072910436185,-0.24333883669277065,-0.23927651060577795,-0.21877293722763183,-0.24743877856337818,-0.24706294611430257,-0.22264306516217106,-0.2978861368474274,-0.23454457240250703,-0.25710964833375916,-0.27337386430870925,-0.2697839319293378,-0.26556958686289767,-0.27188939961209596,-0.2791289615901127,-0.29794996326116163,-0.27183933318761244,-0.271659624154539,-0.2780999808051538,-0.2902913294780601,-0.28234360219621646,-0.2850761247689311,-0.2909891957614113,-0.2940711334710936,-0.2857646169601304,-0.28955192291909976,1
-0.2841827529793887,-0.2856655169098805,-0.2868983863012896,-0.2841402919788932,-0.2421774310063784,-0.23812172551999067,-0.2176555774788976,-0.24628725942286275,-0.24598255680775447,-0.22159177840934466,-0.29679085909576214,-0.23347622330755827,-0.25605231134057066,-0.27228778732193715,-0.26867310217584023,-0.2644555148260373,-0.270786576136201,-0.27803118596995,-0.29686023407920226,-0.27075786059278006,-0.2705858614450881,-0.27708094240070763,-0.2893056295173258,-0.28133186610103483,-0.2840674645261852,-0.2899747757194815,-0.2930630690325589,-0.28471177163474837,-0.28851134829837677,-0.28450970954670346,1
-0.2845374459076464,-0.2857980106919715,-0.2829521093197165,-0.2410353269035684,-0.2369633584664328,-0.21651339960800414,-0.24515393064037877,-0.24483188971834316,-0.22052599508954449,-0.29569728377865007,-0.23241781684023693,-0.2549715773920757,-0.27122177937714814,-0.26758973519751594,-0.26334779659529817,-0.26966944490115585,-0.2769247721155864,-0.29575210220697756,-0.2696839110377112,-0.26950512085317824,-0.2760040169733662,-0.2882802130734771,-0.2803511690482487,-0.28305474766511113,-0.28896332944662473,-0.29204746642529716,-0.2837090364658207,-0.2874568962380181,-0.28347206954395615,-0.2714869972792267,0
-0.2846698646008625,-0.2818539547143698,-0.23987211621193713,-0.23582426397546002,-0.2153676180191676,-0.24399571841770695,-0.2436994056176858,-0.21939022290980983,-0.29458900597874166,-0.23136095527266842,-0.2539008659662633,-0.27013231035703333,-0.26652641115110337,-0.262267499677254,-0.2685586820022207,-0.2758040414945709,-0.2946353290218923,-0.2685916519603866,-0.26843189826527053,-0.2749201122848544,-0.2871967541551819,-0.2793308493108172,-0.2820730885661055,-0.2879478271558534,-0.29103484134244256,-0.2826987677209413,-0.28645259798077616,-0.28242056527296405,-0.27045693662362114,-0.2783542177806878,1
-0.2807280438581603,-0.2387982074555835,-0.23466407220506189,-0.21424098879322245,-0.2428339301398169,-0.24254204153183687,-0.21827250489472175,-0.2934098987300457,-0.2302895699926654,-0.25283175201388575,-0.26905292020980537,-0.2654396458762773,-0.261207216112065,-0.26747538098759094,-0.2746896963053338,-0.29350421308078106,-0.2674907562887938,-0.26734037044735576,-0.27384374736751926,-0.2861063131275972,-0.27825261132064255,-0.2810517887452522,-0.286963435792063,-0.29001816049571694,-0.2816914595623481,-0.2854407648005098,-0.28141913472892865,-0.26941304571801267,-0.2773201603349351,-0.27876778988371703,0
-0.2376966978019541,-0.23359309458772265,-0.213093300845677,-0.2416914470995165,-0.24138109992755022,-0.21712996729206002,-0.29224922044528673,-0.2291480850396225,-0.25174805468850253,-0.2679751646163762,-0.2643629420323975,-0.26012351380223636,-0.26641212226933353,-0.27360286073607526,-0.29237953189763627,-0.26637555769450494,-0.2662402062525583,-0.27274905866685006,-0.2850234568374626,-0.27716739349711716,-0.2799725467841445,-0.28593935247976715,-0.2890326130708228,-0.28068009449404085,-0.2844318971745235,-0.2804101717332699,-0.26841902172368004,-0.27627225470046113,-0.27773349173491624,-0.27434112568792224,0
-0.2324945348541766,-0.21203446347320118,-0.24052785629825726,-0.24023945547454809,-0.21598382659207033,-0.29106354685285946,-0.22802470366024832,-0.2505940141439041,-0.2668827835711749,-0.26328786126492254,-0.2590498531640767,-0.2653254228057518,-0.2725361015175014,-0.29128249806636386,-0.2652667182570422,-0.26512574097018565,-0.27164573264964537,-0.2839222384368341,-0.27608972447838614,-0.278886324552029,-0.2848572591853558,-0.2880073520226766,-0.2796997613864171,-0.2834189729749019,-0.27940416517738265,-0.2674174716607035,-0.27527432503663973,-0.27668534431705116,-0.27330940390139763,-0.2735500488164303,0
-0.21094812177229114,-0.239453578484855,-0.23907670585452334,-0.21485684168472624,-0.2898743445820162,-0.22687647952848064,-0.24945818576462817,-0.2657198875329641,-0.2621981680702127,-0.25797780260004055,-0.26424878434856613,-0.27144587566807654,-0.2902056388427943,-0.264185315072872,-0.26401763136169576,-0.2705280976125204,-0.28281238077855053,-0.2749937239764855,-0.2778076580344643,-0.2837681843769661,-0.2869240522875335,-0.2786798124176792,-0.28243711049477616,-0.27839410143127485,-0.26641885449711794,-0.2742688659382606,-0.27568717943784044,-0.2722638444092474,-0.272518787444457,-0.2901217868052505,0
-0.23835169740946965,-0.23800324476303733,-0.2137087969555805,-0.2887047093709226,-0.2257246621098776,-0.24829746372108089,-0.264575280250071,-0.2610380130512145,-0.25689115436374754,-0.2631737686884166,-0.27036573357386673,-0.28910523830077944,-0.2631239359000801,-0.26293694828119024,-0.2694168333043673,-0.28168819771383785,-0.2738890857680831,-0.276710654144175,-0.28268668490722004,-0.285833770512493,-0.2776019542329201,-0.28141560347965294,-0.27741504480778656,-0.2654161785508341,-0.27326635215273753,-0.2746814849213628,-0.27126819715522177,-0.271473690433328,-0.28908088051811826,-0.29295187032423503,0
-0.23690218564265705,-0.21264961317576664,-0.28751388241119313,-0.22459205470041943,-0.2471331699522992,-0.2634057433946176,-0.2598961230808207,-0.2557341045358858,-0.2620841409180595,-0.2692872292461949,-0.2880149871512212,-0.262039129880841,-0.2618762822740926,-0.2683330375620289,-0.28057041647865416,-0.2727701352477497,-0.27560501224910106,-0.2815868313380855,-0.2847510723793362,-0.2765171163803774,-0.2803361492743424,-0.27639639625571677,-0.2644443687177837,-0.27225978042427185,-0.2736787364653309,-0.27026502243362377,-0.27047849309711114,-0.2880260953027382,-0.29190931690054706,-0.2909849983458754,0
-0.21156292284793765,-0.28641316039453696,-0.22343837007751552,-0.2459882053502385,-0.2622326500213869,-0.2587293146524712,-0.2545952929002402,-0.26092405261758167,-0.2681940958209371,-0.28692641695975346,-0.2609643726533327,-0.260792194694271,-0.2672692888826075,-0.2794801906503485,-0.2716575617044162,-0.2744850555240582,-0.2804783389170267,-0.28365001306949533,-0.2754398247186461,-0.27924971470550125,-0.275319870182599,-0.2634331028247017,-0.2712841491670171,-0.27267193011692986,-0.26926478577065455,-0.269475768681062,-0.2870214729405702,-0.29085287715579905,-0.28994358966110206,-0.2990809127115686,1
-0.28528466567650906,-0.2223737103970883,-0.24482212531119885,-0.26107896985704665,-0.2575589449992175,-0.25343157539793026,-0.2597822287886686,-0.26703043251974184,-0.2858231686569615,-0.25989123018519267,-0.25971815127150644,-0.2661820958346931,-0.27841007383679767,-0.27057247417306113,-0.27337148055509214,-0.279355524514631,-0.2825403145492931,-0.27434420380178265,-0.2781708373119662,-0.2742363650223999,-0.2623641393476527,-0.270268990202652,-0.2716960687178813,-0.2682604906740031,-0.26847598089365904,-0.2860093153760635,-0.2898466452092514,-0.28888829979317904,-0.2980347921246856,-0.3109518747618885,1
-0.22128150908219457,-0.24374543064044557,-0.25990414729656336,-0.2564079625414877,-0.25226429133820016,-0.2586154867723378,-0.26588506460982053,-0.2846491903945204,-0.258803484727984,-0.2586457195583359,-0.26510496697730185,-0.27731646556362677,-0.26950744615060024,-0.2722854049425636,-0.27823910544115615,-0.2814162910219058,-0.27323994529125867,-0.2770736213006267,-0.2731603968848512,-0.2612882000802553,-0.26919603876873954,-0.2706806752968423,-0.26728709259496863,-0.2674721345758374,-0.2850001243959458,-0.288832876673222,-0.28788318648726224,-0.29697476920631083,-0.3098988451578639,-0.30853536334593323,1
-0.24264111722186427,-0.25881896431369145,-0.2552358460322188,-0.2511163650044906,-0.2574451834165278,-0.26471476401615146,-0.2834935967360913,-0.25764531597493656,-0.2575586883169779,-0.2640294630122114,-0.2762329628657861,-0.2684189642991507,-0.27121939835877784,-0.2771502236231254,-0.28029866856630775,-0.27212137542138554,-0.27596776722144417,-0.27206610730668435,-0.2602197457864941,-0.26811610980602424,-0.2696074836918583,-0.26627420867821255,-0.26649917670988527,-0.28398687691187846,-0.28782207983735486,-0.28687053755591047,-0.2959650514223938,-0.3088318822127353,-0.3074837401754163,-0.2907301225149388,0
-0.2577061081947234,-0.25415329041577256,-0.2499473140725102,-0.25629426662305627,-0.2635409082223187,-0.2823130285676058,-0.25650539509154147,-0.256401247907778,-0.2629393445592088,-0.2751511122928664,-0.26734055495233383,-0.2701299307097306,-0.27608143787073686,-0.2792085994017765,-0.27100918072057234,-0.2748475977799676,-0.27096318053063123,-0.2591330144162733,-0.26704369326376654,-0.2685273144533745,-0.26520358774150077,-0.26548674125967414,-0.2830046973177694,-0.28680722684361376,-0.28586085676932377,-0.2949477940448934,-0.3078154129266243,-0.30641818997626447,-0.28968886217041606,-0.2984701725129092,0
-0.25304307849789737,-0.2488677348944995,-0.25512221598115975,-0.26238647291900835,-0.28112892291274394,-0.2553405638043337,-0.2552620490688807,-0.2617787558698281,-0.2740546163284795,-0.26626377596878653,-0.26905054192472544,-0.2749891705016696,-0.27813863774259423,-0.26992446698348593,-0.27373381110488726,-0.26984594573626974,-0.258037648095036,-0.26595297625065545,-0.2674546592883082,-0.2641259902919107,-0.26441657971995397,-0.2819828672431594,-0.28582347238385747,-0.2848471195843449,-0.29393351944665974,-0.3067913982284717,-0.30540309505914376,-0.2886337213085364,-0.297424407382853,-0.3016368844878477,1
-0.24776051848638167,-0.25403972431683747,-0.26121089288374294,-0.2799643356415045,-0.2541721678812256,-0.25409794277954434,-0.2606364359798097,-0.2728875239733301,-0.26517237628887624,-0.26797278768769894,-0.2739070000577207,-0.2770451857711287,-0.26885980915390456,-0.2726475266073263,-0.2687350797698842,-0.2569279927230756,-0.264853623101694,-0.2663637022434824,-0.26305588922330164,-0.2633394418676186,-0.2809030821044537,-0.2848000379167755,-0.28386445963614293,-0.2929151894400399,-0.30577038776801624,-0.30438045591441537,-0.2876287529609409,-0.29636474151669523,-0.30058927630015014,-0.29513755079896475,1
-0.252929576760855,-0.2601249744514456,-0.27877857223602515,-0.2530231403031846,-0.2529302706035295,-0.2594691958733382,-0.2717387566668896,-0.26401048102847124,-0.26688040800550494,-0.27282647604655713,-0.2759618383666864,-0.26777170023283964,-0.271581313151049,-0.26765167706122545,-0.2558246701798142,-0.2637399708999002,-0.26526410899145075,-0.2619675013551429,-0.26226979723449817,-0.2798163164579549,-0.2837186092818414,-0.28284214020138215,-0.2919280243324206,-0.30474532335081095,-0.30336081663920056,-0.2866162491128359,-0.29535537108573695,-0.2995277591041899,-0.2940937252876564,-0.29851104882541796,1
-0.2590113781707112,-0.27768276653889773,-0.2518529847204803,-0.251781959860308,-0.25829839528670073,-0.27056504277217325,-0.26286686586778885,-0.26571751335726335,-0.27173131310335724,-0.27488014242366465,-0.26669366141062256,-0.270491637099728,-0.26658831762872875,-0.2547487103746815,-0.262632670510176,-0.2641502160842188,-0.2608704780435315,-0.2611818684967704,-0.27873711026438697,-0.2826301994226713,-0.28176185377538165,-0.290901115271956,-0.30375155237088886,-0.3023371231117336,-0.28560671294877205,-0.29433846136054476,-0.29851658763446526,-0.2930360077458011,-0.2974652599049442,-0.29005205662508865,1
-0.2765592196413732,-0.25077233301205754,-0.2506125233297519,-0.2571469860112922,-0.2693877795659757,-0.26169832519261677,-0.26457290745231776,-0.27056558013806076,-0.27378380184211554,-0.26561725136858616,-0.26941204125685825,-0.2655015167061453,-0.2536927221356974,-0.26155278586522235,-0.2630426761323127,-0.25975916152415784,-0.26008530445207817,-0.2776395635116732,-0.2815493603276747,-0.2806745866230638,-0.2898161273575945,-0.3027179135860109,-0.30134469685566495,-0.28459312035514867,-0.29332453331062064,-0.29749787531836785,-0.29202853271327117,-0.29640557014159086,-0.2890111909216098,-0.19687330001702705,1
-0.24966403720136374,-0.24953256976534896,-0.255974441364103,-0.2682299693933916,-0.26052622628104094,-0.26340337198044805,-0.2694181604642898,-0.2726168679434521,-0.2645262224266747,-0.2683340808466345,-0.26442477744447296,-0.2526133469151848,-0.2604929106010034,-0.2619625551174538,-0.2586541857232804,-0.2589744483518275,-0.27653337859279514,-0.2804501710323552,-0.27959488237375,-0.28872415666741413,-0.3016260319240882,-0.30031242800658514,-0.2836106022385173,-0.29230654977762627,-0.2964821504018151,-0.2910135200199655,-0.2953961764625999,-0.28795644647203406,-0.19588666527005424,-0.21915089033426713,1
-0.2484249765719841,-0.2548914700588511,-0.26705100404963433,-0.2593735310805747,-0.2622302799884141,-0.26824579971445556,-0.2714682577230283,-0.26336470523788524,-0.2672414939873235,-0.26334966141053,-0.25154398545216045,-0.259409619611452,-0.2609024457606787,-0.25757659469095323,-0.2578699307832632,-0.27541287748161597,-0.27934234308258377,-0.2784968346246085,-0.2876397812378875,-0.3005271644811822,-0.29922194966981924,-0.28258842729449746,-0.29131972453056293,-0.2954623703894321,-0.2900014829777464,-0.2943792434693398,-0.2869518637682747,-0.19488639518077125,-0.21815128980973372,-0.24252492762232888,1
-0.25378083978867316,-0.2659617987446331,-0.2581996965306768,-0.26107660119207926,-0.2670698873186726,-0.2702947015568565,-0.2622214648789269,-0.2660783880637673,-0.2622599327776291,-0.25047621569477296,-0.2583363676401302,-0.2598189189475017,-0.25651899094113095,-0.2567927918770918,-0.27429876071213377,-0.27822019481849364,-0.27739014856036875,-0.28653703472837777,-0.2994359397446433,-0.2981244861638161,-0.28150828888090157,-0.2902931617026284,-0.2944737829520057,-0.2889853900449285,-0.29336529222523755,-0.2859397458963544,-0.19393480705125152,-0.21713799574883347,-0.24151172317727024,-0.17209744565881405,0
-0.2648448945307871,-0.2571154728296642,-0.2599017800038329,-0.26591341505535065,-0.2691175958070876,-0.26105330053852777,-0.2649335727107995,-0.26109974161943234,-0.24939386910967226,-0.25726472399687816,-0.25874543267385947,-0.25543798826338826,-0.2557356358973334,-0.27321215051883135,-0.27710443871942925,-0.27626914504655997,-0.28542564850694363,-0.29832630348760214,-0.2970346557058972,-0.2804211698055108,-0.28920852845950057,-0.29344542489477154,-0.2880004193125526,-0.2923472855030635,-0.284930594482776,-0.19297572942440175,-0.21617373744150795,-0.2404847641376229,-0.17112523070374458,-0.1898858550670108,0
-0.256003582139087,-0.2588165983532969,-0.2647357917593052,-0.2679599415871169,-0.25988157731246603,-0.26376382693420375,-0.2599578158224032,-0.248241206024526,-0.25617848466278975,-0.2576735557293579,-0.25436700984190835,-0.254655084300828,-0.27214561450478775,-0.27601621104136864,-0.27515452826066317,-0.2842999330442381,-0.2972080254704838,-0.2959264219597471,-0.2793416126144395,-0.2881169125951643,-0.29235895266733375,-0.28697574576921137,-0.29136043750942753,-0.283917386556721,-0.1920194498222108,-0.2152019787176676,-0.23950721205820347,-0.17013944512644696,-0.18890328708200144,-0.17677898568554554,0
-0.25770374357520165,-0.26364788947882944,-0.266781132678369,-0.2587292542094633,-0.26259052500026486,-0.2587909714208768,-0.2471067431912373,-0.25502185182568043,-0.25658708195800556,-0.2532976300346185,-0.2535845540506471,-0.27105561351044777,-0.27494807312651925,-0.27406742471389584,-0.2831806266893497,-0.29607540092203344,-0.29480954687045186,-0.2782437127918198,-0.28703288955048295,-0.2912654970170263,-0.2858930478580907,-0.29033385150844965,-0.28293524576558876,-0.1910591023132124,-0.21423305828835792,-0.23852214810566963,-0.16920194803978864,-0.18790710200745345,-0.1758040460279493,-0.18067906679666954,0
-0.26253229663854777,-0.2656920792596621,-0.25755579290800873,-0.26143663826711216,-0.25762056585650783,-0.24594739227916057,-0.25388345357428926,-0.25543021004619815,-0.25221366555979496,-0.25251562049981713,-0.26997569482077605,-0.2738564583856251,-0.2730004000996914,-0.2820888960642639,-0.29494921829684145,-0.29367832876947436,-0.2771371746980768,-0.2859304975064123,-0.2901796468430488,-0.2848033681694234,-0.2892491945274833,-0.28191345522146455,-0.19012881300344084,-0.21326007267644795,-0.23753996469952013,-0.1682569735994894,-0.18695948792398914,-0.1748155235188936,-0.1797018572533525,-0.20177124405115748,0
-0.2645753279053113,-0.25647193160236514,-0.2602616084988533,-0.25646954783063813,-0.24478446727635111,-0.25272015114709656,-0.25429157478783443,-0.2510593525812383,-0.2514321044544113,-0.26889741294313285,-0.2727749363597258,-0.27190990689208644,-0.2810172889521724,-0.2938507030309307,-0.29255354591168264,-0.27601631952599154,-0.28481946585579115,-0.28907541688172095,-0.28372126798063013,-0.28815755491496065,-0.2808337105767186,-0.18915984609319678,-0.21231738648458498,-0.23655371896905608,-0.16731475239801422,-0.18600438776803574,-0.17387536384872873,-0.17871105467069037,-0.20078175865238856,-0.18895531783519526,0
-0.25536040562918016,-0.25917622433325815,-0.2552973956432092,-0.24364085836762253,-0.2515532814463894,-0.2531280343842412,-0.24992325412424946,-0.2502782487757131,-0.2678045030510802,-0.2716950579962063,-0.2708294991644319,-0.27992217935998975,-0.29277237664587547,-0.29145641176062487,-0.2749018503772534,-0.283694105853442,-0.2879625467674749,-0.2826208101456092,-0.28707350828546685,-0.2797469854418319,-0.1881342125494211,-0.21133579026571428,-0.23559802575174132,-0.1663684602600251,-0.18505207300595347,-0.17292772453030317,-0.17776867686470244,-0.19977862511678238,-0.18797329143204403,-0.2462013912591406,0
-0.2580631657425026,-0.25421480538602914,-0.2424761382153747,-0.25040576551429394,-0.25196092711769424,-0.24876226089829226,-0.24914260366345664,-0.26664106770482965,-0.2706005438445043,-0.2697507303382504,-0.2788371850281905,-0.2916704980929979,-0.2903794531838193,-0.2738148925003113,-0.2825751532706129,-0.2868353436891837,-0.28151171327903063,-0.2859710925173314,-0.27866781948117936,-0.18710162210394565,-0.21029721959997094,-0.23460317864143407,-0.16545195804934362,-0.18409568948260657,-0.17198284691324242,-0.17681881749885986,-0.19882425132593612,-0.18697765037012593,-0.24518604707593944,-0.25735341110710164,0
-0.2531045586054621,-0.24140076388951384,-0.24923712625339078,-0.2508131758886733,-0.24759769641494897,-0.24798206563654465,-0.2654959257783007,-0.26943547250453503,-0.26865733112655965,-0.2777538491944089,-0.2905787784672686,-0.2892789525538703,-0.27274801215244965,-0.28148377170341043,-0.28571455678429875,-0.28038829291468886,-0.2848600371355928,-0.2775703131989291,-0.1860762184170106,-0.20925168639289882,-0.2335510341211147,-0.16449703672961105,-0.18316928849872358,-0.17103389893214818,-0.17587172688432617,-0.19786238563707126,-0.18603056552128774,-0.24415693869440297,-0.2563315763382204,-0.2581108251329981,1
-0.2402977792758428,-0.24815794677615483,-0.24964430060301923,-0.24645246368383367,-0.2468179555669298,-0.2643258520923624,-0.2682887087337812,-0.2674933967813753,-0.27665586073697523,-0.28948874607378333,-0.28818860196204815,-0.2716576642780093,-0.28041251028614017,-0.28462136533822924,-0.27927127075734903,-0.2837346533425899,-0.2764641687625454,-0.18503279183829172,-0.20821342898316256,-0.23249192114226905,-0.1634857911086367,-0.18220428281577244,-0.17011479156988205,-0.17492056638267905,-0.19690332682658665,-0.18507599505605588,-0.24317729565957447,-0.2552959482394297,-0.2570885495416742,-0.25143115477128275,1
-0.24705113262986653,-0.24856489196400577,-0.2452861146863569,-0.24567317290958468,-0.26315222281479544,-0.2671170065697996,-0.2663477601716886,-0.27548724636557953,-0.2883840284490696,-0.2870999327531896,-0.2705774009459709,-0.27931774894512557,-0.2835483114797005,-0.2781817938918244,-0.2826156770821033,-0.2753437082354227,-0.18398074318200822,-0.20715707278911497,-0.23144017738182038,-0.16246759485803364,-0.18118270704603215,-0.16915721625512561,-0.17399928872977585,-0.19594020070823792,-0.18412420830261853,-0.24219013894964195,-0.2543099625942759,-0.25605247864190567,-0.2504127668140725,-0.2704169996870872,1
-0.24745784718760186,-0.24420915887776415,-0.24450727537805597,-0.26199801186436755,-0.26594175162366623,-0.2651771897791933,-0.27433697020661024,-0.28720855179985805,-0.2859965849508612,-0.2694987758984664,-0.2782331006179158,-0.282451744442669,-0.2771124188250358,-0.281524272152759,-0.27422963185723864,-0.18291451414987964,-0.2060920906738454,-0.2303702552092935,-0.16145648634214482,-0.1801541761434817,-0.1681432519534744,-0.17303950243405963,-0.19500718582385002,-0.18316835267412612,-0.24120586943181793,-0.2533164578079438,-0.25506606222438183,-0.24938060099721301,-0.2693875617806467,-0.2552566967243026,1
-0.24310458264812088,-0.24343075790797947,-0.2608226568759577,-0.26478593053090543,-0.26400306465199563,-0.27316174128771603,-0.28605147271400794,-0.2848225052206703,-0.2684055211655546,-0.277150109310398,-0.28136530206804056,-0.27601955778370174,-0.2804529875984338,-0.27314306151700163,-0.18185441168840633,-0.20501289573541207,-0.22929170308271216,-0.16042743933777534,-0.1791328040721387,-0.16712233583705066,-0.17202327326334946,-0.19403544223776434,-0.1822424695092792,-0.24021753803925439,-0.2523258603725616,-0.25407212629443915,-0.24839798358173393,-0.2683442964192767,-0.25423608226389766,-0.23545573004729534,0
-0.24232662282547593,-0.25973695694675053,-0.2636089604196359,-0.2628483625876361,-0.271982965671085,-0.28486941304226787,-0.28366681097207264,-0.2672417341571028,-0.27605246705683095,-0.2802805243782806,-0.2749367974972834,-0.2793582029492701,-0.2720765649720518,-0.1808210960375053,-0.20393988895059223,-0.228198904088673,-0.15938977453053582,-0.17809343291297136,-0.16610852616646202,-0.1710000912905512,-0.19300696434240225,-0.18127799135384437,-0.2392597989684353,-0.25133120242616064,-0.2530810990845785,-0.2474078499278236,-0.26735088097638754,-0.2532016799506709,-0.23444663994503517,-0.23157969382588237,0
-0.25862358056914964,-0.262521692331056,-0.2616725149661705,-0.2708236575326092,-0.28368381845731716,-0.2824861418019753,-0.2660962436098526,-0.27488420573760564,-0.27918108704403544,-0.2738556861637881,-0.27827353146427286,-0.27098660373867195,-0.17980734108985924,-0.20289384093241472,-0.22711235786216383,-0.15833796543349238,-0.17704544088181615,-0.16507676205890365,-0.16998403135138365,-0.19197152830541334,-0.18025695596901517,-0.23826286764734658,-0.2503672575551106,-0.2520860114563192,-0.24642061291955347,-0.26634993998930534,-0.25221688679284004,-0.23342381371451412,-0.23057285961497975,-0.24399407038367096,0
-0.2614067377462105,-0.2605863367283696,-0.26964318958941996,-0.2825177564762775,-0.28130193531975123,-0.2649258198772321,-0.2737342795773051,-0.27801099513540695,-0.27275993303840623,-0.27719051709791065,-0.2699067245534612,-0.1787705114677514,-0.2018674762898105,-0.22605295082161236,-0.1572922144180809,-0.17598327865203203,-0.16403637934074713,-0.16895000368893448,-0.1909432986030065,-0.17922896568694374,-0.2372085881179081,-0.24936400408254744,-0.2511216451046584,-0.24542931467606358,-0.2653519299674432,-0.25122457552151883,-0.23245028217721544,-0.22955229940089117,-0.24298001088301713,-0.2522318495986589,0
-0.259472478977446,-0.2685525253765911,-0.2813305137993939,-0.280137248184119,-0.2637518411568892,-0.2725594020886768,-0.2768592542182294,-0.2715935982164571,-0.2760928516732187,-0.2688284820114938,-0.1777434211402232,-0.20081794372647546,-0.22501335586657548,-0.1562730589735929,-0.17492722367719069,-0.1629818455141219,-0.16790735674298785,-0.18989702932310848,-0.1782081305169201,-0.23614733919923717,-0.2483032483122362,-0.25011796224923316,-0.24446866538197964,-0.2643498610320386,-0.2502351678110419,-0.2314692422317137,-0.2285809723241023,-0.24195219295004458,-0.2512129956291521,-0.26672370462747785,0
-0.26743415290706724,-0.2802332718441494,-0.27895138460534413,-0.2625972841011,-0.27138097729601846,-0.2756825545498364,-0.2704455818914122,-0.27492456672451737,-0.2677356116466543,-0.17671774191233985,-0.1997782324047682,-0.22395049515519197,-0.15527332780326464,-0.1738979015782924,-0.16193338271052307,-0.1668505530081029,-0.18884213712058057,-0.17716929942911083,-0.23509347419300727,-0.24723552032953014,-0.24905676663073847,-0.2434687692744621,-0.26337864662397803,-0.24924169933315024,-0.23049107005402927,-0.2276021387389188,-0.2409738053089803,-0.2501803617084018,-0.26569641625523416,-0.26315303850539457,0
-0.27910827948578404,-0.2778554816476949,-0.26142158193674836,-0.2702220166309093,-0.2745023107210677,-0.2692726220498255,-0.2737746171391091,-0.26657221660950975,-0.17567769080827444,-0.1987399861066694,-0.22289754166571188,-0.15425062566161057,-0.17288810170604285,-0.16091155161367812,-0.16579983107741633,-0.1877730574083502,-0.1761218476298636,-0.23402141825017952,-0.24617522083151913,-0.24798859860810765,-0.24241145269804254,-0.26236798731938377,-0.2482789212274735,-0.22950883468757602,-0.22662616591507306,-0.23998790507471293,-0.24919728890498863,-0.26465531007577503,-0.26212782829609493,-0.26967401259501733,0
-0.2767318368664585,-0.26033554492655453,-0.26904189723589883,-0.27334154839287234,-0.26809611159585284,-0.27259971612955747,-0.2654271146434588,-0.17456815985659,-0.19768730673951893,-0.2218461097778058,-0.15323757167774366,-0.17185525640635332,-0.15990917057005427,-0.1647757709573957,-0.18671011780638508,-0.1750602269873153,-0.23294073171897975,-0.2450966924055943,-0.2469278620973948,-0.24134716540846252,-0.26129964521516535,-0.2472768563957223,-0.22855707528929514,-0.22564612942847878,-0.23900488804251166,-0.24820669947069,-0.26366399516101424,-0.2610888096069598,-0.2686450071144016,-0.3151284721046891,0
-0.259221829308144,-0.26795157143639253,-0.2721596217618328,-0.2669390469862011,-0.2714212678565545,-0.26425708108144846,-0.173476456112635,-0.1965648977234304,-0.22078018061621932,-0.15222586882239134,-0.17083212469826223,-0.15888379895980126,-0.16377118236652716,-0.18567400282119995,-0.17400471102738332,-0.2318457929655515,-0.24400953146718707,-0.24584889407850413,-0.24029028293357718,-0.2602243275914711,-0.2462173182368904,-0.22756623575236753,-0.2246965269404981,-0.23801780886564944,-0.24721900812939981,-0.2626651565122998,-0.26009952547622944,-0.26760217611970505,-0.3140730116797662,-0.3462281324568945,1
-0.26683353954855105,-0.2710675412759256,-0.2657608295115675,-0.2702622839353539,-0.2630834918585871,-0.17236003918710016,-0.1954604272957502,-0.219644259709783,-0.1511998621460462,-0.16981038717637414,-0.15786809272815597,-0.16274358688464213,-0.1846574755099673,-0.1729759207607717,-0.2307571171426692,-0.24290810206363023,-0.24476129341645084,-0.23921519170598526,-0.25915649066486013,-0.24515080839645223,-0.22651819648176047,-0.2237078847533283,-0.23706129810975318,-0.24622725565080256,-0.2616692421526562,-0.25910271936167917,-0.26660918324399796,-0.3130036070035313,-0.34515457172253083,-0.3243040020184061,0
-0.26994774345865236,-0.26467235032964026,-0.2690821412123157,-0.2619293205803152,-0.17123997410041972,-0.19433119146701175,-0.2185263942543108,-0.15010465343673843,-0.16877429697166385,-0.15685374895691484,-0.16172567112762626,-0.18361785302317732,-0.1719666475967735,-0.22969560888360013,-0.24181296641865604,-0.24365942318607414,-0.23813146898770568,-0.2580703803069244,-0.24409171866058724,-0.22546319054221264,-0.22266209638834583,-0.23606561813300544,-0.24526616079150154,-0.26066926842783683,-0.25810883108171945,-0.2656086651882671,-0.3119847623154939,-0.3440669854975752,-0.3232432013444631,-0.328538307096513,1
-0.2635561768914513,-0.2679917927630988,-0.2607540053867762,-0.17013881576665513,-0.19319832959250832,-0.21738370860819062,-0.14902714806397657,-0.16766880527040126,-0.15582508850526194,-0.16070912727134581,-0.18258798784781938,-0.17093433290024157,-0.22865393295461928,-0.24074508441760875,-0.24256384880803422,-0.23703348643004507,-0.25697563518258393,-0.24301440713963451,-0.224415525566981,-0.2216093423356511,-0.23501262044684448,-0.24426581076495835,-0.25970010923951636,-0.25711088299994633,-0.26461107675470286,-0.31095837016828864,-0.34303045315926894,-0.32216843245066845,-0.32747504201519984,-0.32689123215130944,1
-0.2668737380804203,-0.25966834409531053,-0.16901667749840013,-0.19208449668889288,-0.2162374201201494,-0.14792498758513462,-0.16658110584192443,-0.15472717352597093,-0.15967825602177343,-0.181559545627812,-0.16991172837237145,-0.2275889758808897,-0.239697096155631,-0.24149553392024195,-0.23594178125980403,-0.2558666025659722,-0.24192846346795535,-0.22334970626213532,-0.22056391375557924,-0.23395265393024,-0.2432080292061734,-0.25869154368754493,-0.2561437107916481,-0.2636094293167402,-0.30993498980856654,-0.3419863581185423,-0.32114436926306195,-0.3263977976530816,-0.32582892568387967,-0.3344341140536498,1
-0.25855500660301983,-0.16798264688833783,-0.1909496446455358,-0.2151102888362296,-0.14681915434969306,-0.16546870961069177,-0.15364698528939763,-0.15857808651248095,-0.18051671807777744,-0.16889051577829484,-0.22653393955275877,-0.2386257800704161,-0.24044711694224566,-0.23487728402082925,-0.2547638998202164,-0.2408282543849919,-0.22227525822291708,-0.21950034405029212,-0.232900062503884,-0.24214327673153005,-0.2576253463668497,-0.25513716947316945,-0.26263862836108826,-0.3089075560028283,-0.3409453310823007,-0.3201127541189743,-0.3253713262427967,-0.32475264423817346,-0.3333674175544653,-0.2979171400495562,0
-0.16692127089744205,-0.189903269943215,-0.213962097277733,-0.1457320919433697,-0.1643526582817462,-0.1525421309730449,-0.15749566324503855,-0.17940435575888405,-0.16785495305742845,-0.22548043372525645,-0.23756442575297024,-0.23937536897073972,-0.23383264790981556,-0.25368855155350123,-0.239734333264568,-0.22118657361252994,-0.21842814627938317,-0.23182928766055672,-0.2410859322717885,-0.2565521744616458,-0.25407304572248196,-0.2616283902606349,-0.30791146085839544,-0.3399002544030537,-0.31908416734842815,-0.32433730080061934,-0.3237271095868521,-0.3322867263733071,-0.296871696789855,-0.3094105973314135,0
