date,price 1,price 2,price 3,price 4,price 5,price 6,price 7,price 8,price 9,price 10,price 11,price 12,price 13,price 14,price 15,price 16,price 17,price 18,price 19,price 20,price 21,price 22,price 23,price 24,price 25,price 26,price 27,price 28,price 29,price 30,price 31,price 32,price 33,price 34,price 35,price 36,price 37,price 38,price 39,price 40,price 41,price 42,price 43,price 44,price 45,price 46,price 47,price 48,price 49,price 50,transaction
2018-02-19,4.618375647418471,4.9417378259392954,6.695663386546557,7.221693496468734,7.1515334687948,7.614630958167388,8.9381528768858,6.54020926890994,5.547089739049518,5.241365532769221,5.302834155429812,5.779818937342489,5.882478765906227,5.4355096124607805,4.850644317642626,2.8764028646372313,3.4459550557316927,4.712872821708079,4.595373005015176,4.81781165134003,4.0280758828936065,3.999693469166291,3.968838998602739,4.121432916252573,3.9522266891187856,3.581541480620517,3.626094276127731,4.549079283690215,4.240693473310896,3.407314685807222,3.5476318075648847,2.5786550876960876,2.1967343801329795,2.4121930497591912,1.8657960163297265,1.2304054286814896,1.6747933156313666,1.4084430599882065,1.8381642284918722,2.626879695052893,3.2544356257181155,2.918260072066636,3.371324175775964,3.140179102031295,3.7685049353462707,3.8740780961506665,3.8736928071553947,4.265980932093907,3.882160018980814,4.052879935661168,0
2018-02-20,4.843603747671465,6.547326336023992,6.9298912547358205,6.815606625847034,7.264935327402088,8.474776445250253,6.06506035824268,5.331182207080464,5.093874074646823,5.169772809670233,5.632634370171819,5.704754987363841,5.264484383093754,4.719240661053544,2.810261137997153,3.4175009904855425,4.660778378357529,4.501416281755771,4.724617411366353,3.940947595022115,3.9386751614758926,3.90910404673021,4.060613092527716,3.8890440054026785,3.5280779936270776,3.581541480620517,4.493981762943609,4.159311743512773,3.348585669177828,3.507908166350431,2.545330458049858,2.18009246502564,2.3989584498427545,1.8523424465255842,1.2229100387357181,1.6702555036406947,1.401709135948694,1.8323552493138622,2.616096138824899,3.2310918657488408,2.8864918500912533,3.34237490373225,3.1044689026660337,3.7326238600285477,3.8227797120723195,3.8191951033561504,4.206952486079396,3.8163064331821577,3.9962448669666055,3.7642416173928326,0
2018-02-21,6.420200449442426,6.776696123178949,6.539511474420381,6.923896458012821,8.08709880230493,5.746039037952891,4.9408067639910245,4.894589101419821,5.024148587815639,5.491940063615677,5.559345433562484,5.104243387534661,4.56924070242972,2.729604684922331,3.3407607647049766,4.624566040454852,4.451326081353074,4.628290205727156,3.8629880356918402,3.8532611893903246,3.8492744400581773,3.999693469166291,3.8311778577152733,3.470743965872868,3.5280779936270776,4.440640811501465,4.108253991025442,3.2823347781135275,3.4477087585259465,2.5146984362070604,2.150713955698133,2.381352594208095,1.8408964586469259,1.2120643484726326,1.6618328853636524,1.3972899359265736,1.8249693274306498,2.609477234870363,3.218832348666407,2.8651308029592695,3.3069990222362384,3.077303133941241,3.6915505035078793,3.7864824743919345,3.7685049353462707,4.148493060123246,3.762606247514062,3.928725057910094,3.711032747002125,3.360147971817161,0
2018-02-22,6.6454285496954215,6.394413144587354,6.643612749171165,7.708997741214772,5.478856054337297,4.67827222640175,4.534826299400148,4.8274209313181835,5.337913278555967,5.420347340516689,4.973033940687804,4.428667837726834,2.638008256140741,3.2469100387164467,4.524183008899351,4.416451376667039,4.576997459555747,3.7824640459179193,3.77682509812439,3.765574783758533,3.9386751614758926,3.773219913076089,3.4181944350528752,3.470743965872868,4.376375384610492,4.058818886665489,3.2403665042095624,3.3797766631578883,2.4690169358472986,2.1236613992914464,2.34998143268507,1.8259507144957443,1.2026639225833493,1.6492066959891891,1.3894427441920174,1.820366287668785,2.6008960610655656,3.2115859206527912,2.8537652503302566,3.2833720175759225,3.0441820396456225,3.6604610274814586,3.744921558129865,3.7326238600285477,4.094153595702563,3.7094291177671197,3.8736928071553947,3.6476784960902515,3.3117357790518502,2.9086483688490983,1
2018-02-23,6.270048382607097,6.496355272211779,7.398346991114345,5.218331601401683,4.458239326871702,4.292689766674949,4.472367766386167,5.129677696775551,5.268187791724783,4.847605555724791,4.313433511203788,2.552069088260648,3.1401286921758764,4.40089890487255,4.320144690934804,4.5413201749397265,3.7391882715379285,3.6978814299369964,3.6906621605569385,3.8532611893903246,3.7151733579316044,3.365567512113725,3.4181944350528752,4.307344044932488,3.9993543219511976,3.199719555784539,3.3367984471891043,2.417684211172394,2.0836957506243583,2.321121371923738,1.8000785198048448,1.1907604384769237,1.6384096866891265,1.3779215107523617,1.8116272275409757,2.5959560036213323,3.2020786740086455,2.8468989029947944,3.270984791285857,3.021971258440514,3.6223794013449764,3.7134753814396606,3.6915505035078793,4.055775546208868,3.6599553818941746,3.8191951033561504,3.5959764080520618,3.25421330954247,2.8655955725186093,3.2380828270214814,0
2018-02-24,6.370149760497316,7.235435697488861,5.004017671846326,4.243723111909605,4.089683286398014,4.233369388255441,4.753431164949082,5.062509526673914,4.710383897075313,4.203271047833904,2.4812100959704106,3.039984763121857,4.260243511023485,4.201935307259428,4.442567681713532,3.7088615197884787,3.6554073527361473,3.6132988139560727,3.77682509812439,3.6340451753108463,3.312870111551886,3.365567512113725,4.2441612803776705,3.9355217875726574,3.151056930967781,3.2951750369935335,2.3846776581805957,2.0388983714394517,2.2782694188602477,1.7762064878211763,1.171177185879135,1.6244291352868423,1.367991204006843,1.7983933944879362,2.5855819573948158,3.1968774976183676,2.8379525629608517,3.2636840660325053,3.010222578188607,3.5970529285384107,3.6749427978630993,3.6604610274814586,4.0117768312397954,3.6249066313017755,3.7685049353462707,3.544780139383572,3.207173449307394,2.814589035681398,3.191119573518871,2.9814660437818348,1
2018-02-25,7.09588475020141,4.890766762127083,4.067106199089276,3.8917811573707985,4.03298235709437,4.500311091143225,4.690972631935101,4.525164165860815,4.082854515594658,2.413452970359221,2.957588183931089,4.128412037812245,4.0671202663945865,4.321313465827301,3.626414409855342,3.625615654273355,3.5716264339343655,3.6978814299369964,3.561417754205762,3.2394563499677846,3.312870111551886,4.180872314038451,3.877064904677762,3.098921708513037,3.2453121966326055,2.3526953432765274,2.0098177662362224,2.2301719196872796,1.7413196438614893,1.1530097571598903,1.6005521813765486,1.355299655121262,1.7871197631689455,2.5692085618438614,3.1852366755838553,2.83290954188694,3.254096689872616,3.003193339133936,3.583899447002557,3.6493330803654924,3.6223794013449764,3.978547151230669,3.584808394263908,3.7326238600285477,3.4971310517160283,3.1605991898219608,2.7727583491739947,3.1353587185488583,2.9375488861432495,2.9184562989038567,1
2018-02-26,4.7935530587263555,3.973287613507257,3.728777056149229,3.837636241287905,4.288136538960769,4.440990712723718,4.191304367823253,3.9206506349460764,2.339717344815062,2.878805670502639,4.020277764766448,3.9407521628656257,4.182994213171925,3.5254590753748154,3.544799082669524,3.5423697887582297,3.6554073527361473,3.4864248899846872,3.1736845351522307,3.2394563499677846,4.117476604311322,3.8185146242941292,3.0510980593529657,3.1918772728529947,2.3146828310909657,1.9816312511728043,2.1991088487079145,1.702329228401978,1.1272322807320256,1.5784900018135,1.3340873196413994,1.772430356140595,2.5554723283962457,3.1664307689410958,2.8220359844715377,3.2488729198657142,2.994006610552763,3.5762729383107867,3.636051889622007,3.5970529285384107,3.937759780453715,3.5544323195650565,3.6915505035078793,3.463330788211615,3.1172076146336867,2.7313483265774927,3.089727184126594,2.885491462297309,2.8752870803550032,2.9956497307415404,0
2018-02-27,3.892640657714378,3.6419756987278755,3.676726418773837,4.081288363660925,4.231435609657125,3.9664276853676554,3.629177570697425,2.2414463824051376,2.7929330092177573,3.9169001554379554,3.83705542324311,4.053348087833598,3.410501234656333,3.445873636329568,3.463183755483705,3.625615654273355,3.4459550557316927,3.1058031180705306,3.1736845351522307,4.0286340006539065,3.759873718640462,3.0032098223694024,3.142872153277943,2.274080508342421,1.9482843368720963,2.169005588012,1.6767370135877346,1.0986572621751554,1.5464932117477628,1.3144421747356316,1.7470880600441887,2.5371204187886724,3.1507865285668593,2.8047034085354055,3.237122488599901,2.9888958086289805,3.566204785056438,3.6283710836905008,3.583899447002557,3.910733839500901,3.517252608308731,3.6604610274814586,3.42469523039795,3.0863204876679085,2.692713730903914,3.044549101557956,2.8428206423397846,2.824138997852037,2.951564209718304,2.9404967208868262,0
2018-02-28,3.567311179571164,3.591004634915663,3.9109542869631007,4.027143447578032,3.7778281752279717,3.432544279592084,2.0677142453479043,2.678039488065782,3.803952568269923,3.737918347690487,3.9469888281571124,3.302708588047122,3.3332519368047744,3.3662881972843195,3.544799082669524,3.4175009904855425,3.0689409211236742,3.1058031180705306,3.9491509732592918,3.6778883781267417,2.9552672258810255,3.093799244805483,2.23674063690968,1.912734343083704,2.1333027106088625,1.651923246302877,1.0793218404408755,1.5108072033472875,1.2863050145178863,1.723696690977622,2.504207018875449,3.1295969375455095,2.7902148155918916,3.2181061061419087,2.977693423519674,3.5608454533497937,3.6182228009204085,3.5762729383107867,3.8968141027192575,3.4924926248842487,3.6223794013449764,3.3953892576904514,3.0510978480440474,2.665081493008988,3.002443599246457,2.800577733688496,2.7821951524155266,2.8993020903451354,2.8970658778354905,2.6938725962256287,1
2018-03-01,3.517260490626054,3.8203744220706195,3.8589036495877087,3.593984118914886,3.2675198114951733,1.9495348191043869,2.47369470993878,3.651977954539526,3.629638851191963,3.845307432338968,3.214099462063761,3.2276446380684756,3.2560026389532153,3.445873636329568,3.3407607647049766,3.0428945956674807,3.0689409211236742,3.8670466618988426,3.6044992229894874,2.8887107274406185,3.044667947298741,2.19936458238284,1.8799872015951162,2.0952014681048245,1.622721936502511,1.060557449116915,1.487200029661445,1.2550319992943453,1.689577391221772,2.4739480172390076,3.090817499283362,2.770743960068451,3.202296773277569,2.9597294201378443,3.548437366696172,3.6128408755971404,3.566204785056438,3.88886181058907,3.4795945617636574,3.5970529285384107,3.359562418754362,3.0242887799830394,2.6336721556345704,2.972436447596526,2.761175934266153,2.7406729470532816,2.856467626191722,2.8455997133125996,2.6533692340530384,2.8310566161322033,0
2018-03-02,3.7424885908790486,3.7694033582584066,3.4424985505845744,3.1066798741688464,1.8499965789040689,2.3351172788311887,3.379343438641503,3.4840575292854328,3.734227081438739,3.129380201349094,3.1408105254544267,3.152580688089828,3.3332519368047744,3.2469100387164467,2.973491792368791,3.0428945956674807,3.8229691903397103,3.528716197975149,2.8290327848824255,2.97639713307241,2.1619699243809305,1.847216320547064,2.0601351592651507,1.5916611760752728,1.0387917146557935,1.4643054979865988,1.2340758225344446,1.6514645644088224,2.4288621723523764,3.055237503905993,2.735517481731066,3.1808616486136607,2.9447455497240207,3.528158129346785,3.600323179712217,3.5608454533497937,3.8783128802402613,3.4720766475513605,3.583899447002557,3.335652169403004,2.9916186431274996,2.6096529148051526,2.938244753045858,2.7330187491669644,2.7019350154696706,2.814062485018108,2.8034015766510567,2.6054622890312524,2.788924850429757,2.7259749499834336,1
2018-03-03,3.6924379019339386,3.361634847760707,2.9740428142060487,1.7530569720965155,2.2185526193777565,3.1952627659140527,3.22319710610655,3.5848097844378883,3.0369722131269,3.0577874782501073,3.0675215888450915,3.2276446380684756,3.1401286921758764,2.888775563012828,2.973491792368791,3.7921073853036034,3.487845515132584,2.767472654146836,2.915195722449877,2.1106254070669177,1.8144425000138473,2.0250388273179687,1.5629948924735484,1.0157828638763664,1.4374632118382997,1.2137444053611093,1.6263995393524142,2.3782105035409247,3.0016548564594143,2.7031603220047624,3.141574644647976,2.9245380932729046,3.511358241541826,3.579833466547598,3.548437366696172,3.872817986833874,3.462168753328498,3.5762729383107867,3.3231372339053076,2.9696911066134324,2.5805098062799545,2.9121899285384223,2.7009944039347444,2.6742320715893277,2.774511246907743,2.7616272737022274,2.5661095766012045,2.739038098932987,2.6850905260354883,2.712466676688475,1
2018-03-04,3.29203239037306,2.902895273450793,1.6727768798212561,2.104998926635322,3.0407160942805973,3.0469618198652832,3.3168849056275223,2.9131280834215127,2.967246726295717,2.98619475515112,3.1408105254544267,3.039984763121857,2.79250685184386,2.888775563012828,3.7080297370411612,3.459123923243105,2.733817245916547,2.8520552701277597,2.0644659583776477,1.7697620424544558,1.9899316461207515,1.5343159259817192,0.994436025789529,1.408957014365086,1.1900525649947031,1.6020954851117823,2.345613078079584,2.9412881804582662,2.654724043740999,3.1055342441775973,2.887788917824907,3.488449915022567,3.5628684862525355,3.528158129346785,3.8597522447924444,3.4568546088551013,3.566204785056438,3.315782211412219,2.9580701355691565,2.560797583143462,2.8804733411899277,2.676525220888029,2.6427398978148466,2.746251810716048,2.7226571252236758,2.527156151885497,2.6981026267670365,2.6367202876368556,2.6717425988211505,3.3024203081634935,0
2018-03-05,2.841576189867071,1.6286186781454786,2.0111060227613025,2.890100209837274,2.8989637710214864,3.1359423874945445,2.6922995754877124,2.845959913319876,2.8975212394645333,3.0577874782501073,2.957588183931089,2.702196988217943,2.79250685184386,3.6050445144200642,3.381568428297886,2.7099111336069814,2.8175981647183286,2.0169288112401103,1.729524771171695,1.941886072389381,1.5056479382009884,0.9730963361057118,1.3826129108640057,1.1649579535291308,1.5735206878254733,2.3140263278387647,2.902854703781166,2.600241582803004,3.0512164011334733,2.8540505428195755,3.4461175168356575,3.5397146260907184,3.511358241541826,3.8382101525516625,3.444665740664082,3.5608454533497937,3.3061147057365865,2.951095193754222,2.5501754513539137,2.859144725575068,2.646813274647916,2.6186600535426514,2.7141076720553663,2.694795290553268,2.4907844240946506,2.6575800959623836,2.5969971945094774,2.623567308543687,3.254693355058954,3.010133601552245,0
2018-03-06,1.590308966239324,1.9599305929248605,2.765840264704483,2.7547379196300406,2.984015164976953,2.5427386032994654,2.6298410424737324,2.7787917432182385,2.967246726295717,2.878805670502639,2.6277879691890806,2.702196988217943,3.487750532507892,3.2867027582390707,2.647030483625515,2.7931569991221066,1.9903872629289359,1.6881308081374666,1.8986583094697236,1.4668888130819666,0.9517925888739597,1.3562624161836025,1.1417150917203327,1.5431383714898153,2.276500022970146,2.8656253715530595,2.565342903352768,2.9900091229804464,2.803408677763177,3.407314685807222,3.496874662200271,3.488449915022567,3.820419709806084,3.4248074549451606,3.548437366696172,3.300868342113061,2.9419885946887927,2.543625179110404,2.847793795650329,2.626743766658143,2.5894403273483846,2.6895508476555587,2.66311696646952,2.4647005182700084,2.619763003506432,2.557676584178527,2.5840000670314414,3.198003997178501,2.9658761538981206,2.799537311777302,0
2018-03-07,1.9156384443825383,2.6990110182019427,2.6357136712660028,2.835955293754381,2.4170058719405105,2.483418224879958,2.5673825094597515,2.845959913319876,2.7929330092177573,2.556638416557196,2.6277879691890806,3.37777253802577,3.1787533411016557,2.5704338068318338,2.728645810811334,1.9712289459585217,1.66470569727077,1.8541622541772207,1.4319136766668399,0.9236539929118925,1.3299308202544695,1.1184742412311341,1.5150888154447106,2.2364242092283053,2.8211635011408984,2.531531187321579,2.9510706752709366,2.746404410369545,3.348585669177828,3.4576114260788264,3.4461175168356575,3.7960381814314745,3.4083377521204077,3.528158129346785,3.289008301615946,2.9369003863816334,2.5351452890135064,2.840933665348816,2.6159605424740886,2.5696799809388837,2.6597281011724183,2.638900933883892,2.435105146913472,2.59269012944316,2.5209666274320064,2.5448339638646105,3.1516301694867273,2.913405006817255,2.7577796869296365,2.5012180643142448,0
2018-03-08,2.6413734340866317,2.5715833586714116,2.713789627329091,2.2945061329254477,2.360304942636867,2.4240978464604503,2.6298410424737324,2.678039488065782,2.47916831847743,2.556638416557196,3.2873883986730963,3.0775167381111808,2.4835096604376226,2.650019245877082,1.9228168778421504,1.6476272929415778,1.8291634518327278,1.3959782234085572,0.898117045848966,1.2945411828126807,1.095262866605109,1.4870282474700853,2.1995629514606723,2.773577233323185,2.4912700713140143,2.913353112157557,2.7099908178220815,3.2823347781135275,3.3981472138518876,3.407314685807222,3.75066038902334,3.3859204928862656,3.511358241541826,3.2697814433427217,2.9258076105036284,2.5302337899006853,2.8319965001444265,2.6093417796923752,2.5590361513549587,2.6395889999620565,2.609509032139003,2.4124130109036632,2.5619361211171587,2.494651293717488,2.508266329678111,3.1057161970274447,2.8704034350987273,2.7083478143822615,2.4630015524615456,2.239405791345767,0
2018-03-09,2.516246711723857,2.64803995438973,2.1932832535751734,2.240361216842555,2.303604013333223,2.483418224879958,2.47369470993878,2.3757827226084127,2.47916831847743,3.2009729244480813,2.9942326522357563,2.4019411883033532,2.560758958289182,1.8642324134638208,1.605553616472717,1.811034764654492,1.3753222146834754,0.8719720008835393,1.2625604228780147,1.0643731366697913,1.4589807616209416,2.1626668073539843,2.729888730615546,2.448232758133333,2.8682911339733104,2.6747144091350705,3.2403665042095624,3.3310557206357077,3.348585669177828,3.709095127436848,3.344603226106431,3.488449915022567,3.253807017988279,2.9080540829370314,2.519998289742534,2.826956066039619,2.6007608142243193,2.5524766540104182,2.628774397625687,2.5896405429064626,2.384947689534278,2.5383963216499335,2.4647847903887588,2.4820483779564553,3.062932837907638,2.827832627910252,2.6677759959849534,2.41787495087898,2.204297046926562,2.3773979985434943,0
2018-03-10,2.5913227451415217,2.1383293162676043,2.141232616199782,2.1862163007596616,2.360304942636867,2.3351172788311887,2.192631311375866,2.3757827226084127,3.106697699958084,2.9146020320521324,2.33463222275174,2.4770051382820006,1.7980380159518123,1.554859936263227,1.7657604229721204,1.3600919111590608,0.8562826665226767,1.2297310916980522,1.0363913280572117,1.4211165093421718,2.125753692134615,2.68614684384312,2.4086794018781252,2.820055015493164,2.63265296981125,3.199719555784539,3.288582475699333,3.2823347781135275,3.645954937222184,3.3067212052640147,3.4461175168356575,3.232126359681812,2.893235305013311,2.5038909356220334,2.8160950588812,2.5958208155234894,2.5439831499087955,2.622142294012171,2.5789479539470643,2.366289278270805,2.509859345019945,2.4418942931398195,2.452295963607214,3.0324618733045217,2.788128788388308,2.6276139818965794,2.3807449888556933,2.1629488565146717,2.3406512572391827,2.070667830486098,1
2018-03-11,2.0908158556904226,2.087358252455392,2.0891819788243904,2.240361216842555,2.2185526193777565,2.068175575943403,2.192631311375866,2.9802962535231505,2.827795752633349,2.270267524161246,2.4079211593610754,1.735861228167825,1.497746820413447,1.7110821738370976,1.323650195606539,0.8443671251197599,1.2106508187785734,1.0077101830097255,1.3869366232566307,2.07510364414548,2.6423647009190234,2.3690838653168376,2.7757757775780347,2.5876661046432696,3.151056930967781,3.247447296389036,3.2403665042095624,3.5746604332466094,3.2494625798297108,3.407314685807222,3.19233179001259,2.8732733822047534,2.4903633790819084,2.7987865824259117,2.585447054280974,2.53906781214051,2.613541640722097,2.572367725916392,2.35614228858825,2.490527831072681,2.4141781943380063,2.4294889343136004,2.9977267934220615,2.7597649370598223,2.5901289754140104,2.343995140032359,2.128839551885023,2.2973115967895033,2.037562041595327,2.2697994062594224,0
2018-03-12,2.040765166745313,2.0363871886431797,2.141232616199782,2.104998926635322,1.9633984375113573,2.068175575943403,2.7547581085016937,2.7116235731166007,2.2002663711526944,2.3418602472602332,1.6843028437488052,1.4440651354158291,1.6493833296311653,1.2799678505289862,0.8180269206249534,1.1964721624890833,0.9907342850157762,1.3518260978665155,2.0295613523690736,2.5818083077293497,2.3294621759570204,2.731441555061161,2.5463405427655914,3.098921708513037,3.1981845638001936,3.199719555784539,3.5296623331481887,3.184892893069168,3.348585669177828,3.1558309844492016,2.8370317724602936,2.4723218239985285,2.7843168925725146,2.5690742059671394,2.528813689373961,2.6085960907696624,2.563843628365659,2.3497940292251793,2.4800773532291105,2.3953622707018454,2.4018783595527657,2.971274426024838,2.7274984696600217,2.5632833260007515,2.309653211726808,2.095084302811391,2.2616102079683458,1.998649036474792,2.234329883158822,2.0961892305873837,0
2018-03-13,1.9907144778002033,2.087358252455392,2.0111060227613025,1.861346804262302,1.9633984375113573,2.6020589817189737,2.5049239764457707,2.1071100422018625,2.2699918579838783,1.6349894957423818,1.3994067604673375,1.5914119160264153,1.2309238831692686,0.7869201385558626,1.163235270022812,0.9779600900984322,1.3315885750689456,1.982664393506239,2.527462503396347,2.2749058880180795,2.687065061627881,2.504967998970959,3.0510980593529657,3.145399490683016,3.151056930967781,3.486085999411522,3.143934561230021,3.2823347781135275,3.1007779458075326,2.803753802547971,2.440049987134577,2.764874150651147,2.555338401759998,2.512670575412452,2.5981953985390165,2.5589196643545464,2.3416122609916044,2.4736000619055307,2.3851442619289265,2.3831287151743084,2.9390552466093762,2.7028521490636708,2.5327955252935554,2.284958164555078,2.0635008168411586,2.226276608787402,1.9664865449692148,2.192543059474301,2.062780497242586,2.030743378303221,0
2018-03-14,2.040765166745313,1.9599305929248605,1.7768781545720398,1.861346804262302,2.473706801244155,2.3647774680409426,1.9427971793199421,2.1742782123035,1.5815572637561846,1.3566871032396888,1.5432692785846318,1.1847904989920819,0.7523490331192892,1.1235426700855504,0.9490031976927557,1.3166375693601662,1.9564476127223347,2.4714334982136044,2.2258922219102675,2.625651510545245,2.4635632580835933,3.0032098223694024,3.0969851063154543,3.098921708513037,3.4338227279622533,3.1042640745755454,3.2403665042095624,3.038730065502627,2.753847133089118,2.410372937535699,2.729705788586818,2.536987130539895,2.4991149696582586,2.5817708363173786,2.548623692783486,2.3367848214294322,2.4652278738907434,2.3787658078708382,2.372940590355975,2.9174109547863507,2.6729162573588154,2.5094504843887564,2.2569899263235182,2.04069319083281,2.1932392431271066,1.9346613148730216,2.1580830887106037,2.023499173470902,1.998111501161839,1.5238425365267336,0
2018-03-15,1.9156384443825383,1.7305608057699038,1.7768781545720398,2.3486510490083408,2.2469030840295785,1.830894062265371,2.005255712333923,1.5110932848049816,1.310513378797324,1.4972200390468462,1.1462631089718633,0.7197543160843652,1.0790903882420293,0.9146388511356776,1.2810469948155419,1.9375060458383453,2.4405840301103114,2.1753943422803714,2.5705439721800727,2.406435496465767,2.9552672258810255,3.0485045335874426,3.0510980593529657,3.3777884015329103,3.056801665302958,3.199719555784539,2.9992866467607078,2.6976834678473645,2.3662163798843654,2.697401345243663,2.504075050297501,2.481031698409008,2.567994468885419,2.5324002191557216,2.3269571224163377,2.4603467428580266,2.3705394796135586,2.3665748418519854,2.9059176929497066,2.6527060900554713,2.481159730521051,2.2354882074389573,2.0149361822964242,2.16943682260705,1.904855644470919,2.123980198517703,1.991042228977931,1.9597746760438703,1.4972276803226159,1.497097309955989,0
2018-03-16,1.6904103441295437,1.7305608057699038,2.245333890950565,2.1320713846767685,1.7365947202967804,1.890214440684879,1.388571386620383,1.2499904571688865,1.4473810231725965,1.1094022580196314,0.6922234888897105,1.0372523053090505,0.8763187063114715,1.2384242513473669,1.8897545087991758,2.4185506043040457,2.1473508143040747,2.513724806204066,2.3551366282614445,2.8887107274406185,2.999967586589883,3.0032098223694024,3.3264203411278976,3.00596614417308,3.151056930967781,2.961080852762054,2.6617748463323103,2.316627232192888,2.649049246875819,2.4738172457143013,2.448673626132025,2.5495828700493397,2.5187815810888066,2.3116328435664095,2.4502585684676674,2.3656994757411822,2.3583672639013895,2.8989970483745084,2.641859445478907,2.4619828681750957,2.2095278663343456,1.9950522079323245,2.1425143512648206,1.8832644610486315,2.0920764867874233,1.9589250859874765,1.9280728126452409,1.4662063251070978,1.4707999252867066,1.450863224135767,0
2018-03-17,1.6904103441295437,2.1893003800798168,2.0371313414489984,1.6447671399307289,1.7932956496004246,1.3045146843598678,1.1457763312351357,1.3818382166698961,1.0696780610080734,0.665871019876785,1.0022137040662153,0.8402169430100986,1.1905997496907552,1.8319923521065915,2.3613768384751492,2.1271900750011086,2.482474489511202,2.302268266251757,2.8290327848824255,2.9325539302565145,2.9552672258810255,3.2749780896776444,2.9593239654279895,3.098921708513037,2.9154187668057223,2.626986668530573,2.284668090116513,2.5946630348842143,2.4287333123362242,2.4189183537078454,2.5165460809135864,2.500604565094828,2.2987195136357133,2.4344341148904207,2.355810823034561,2.353532546935303,2.8899705788248222,2.6352137186879414,2.451602119558892,2.191814727578286,1.9711370941057016,2.1217777196340104,1.85893258963636,2.069049751295133,1.9288505232615045,1.8967042370563336,1.4403528268679486,1.4401645506888705,1.4251146479107961,1.1541199418904562,1
2018-03-18,2.1408665446355326,1.985416124830967,1.5686756050704727,1.6989120560136222,1.2334590241208938,1.0739185773297153,1.2683793086149295,1.0179882392293251,0.6377147249915233,0.968686760768572,0.8098375743603715,1.1456071171032283,1.7667443253921464,2.2918847701734646,2.075723193324783,2.460173537061608,2.2730221925067475,2.767472654146836,2.8721142536661515,2.8887107274406185,3.223469390134171,2.9126203999333224,3.0510980593529657,2.8665327976631434,2.5855253369788382,2.2536984637146795,2.5598221746171896,2.3780838290903668,2.3746368863244887,2.4861751547990343,2.468052704232234,2.2815914664694725,2.421128459166243,2.3403694985837817,2.343669542788806,2.8849049641342868,2.6265929609023666,2.445154474528208,2.1820939418343595,1.9547085549969223,2.096784637142624,1.8400912513125018,2.0430360425549,1.907075354458684,1.8673192088871828,1.4147821656269697,1.4146196253270331,1.3951465124165683,1.1318937716177124,1.2748919870202933,1
2018-03-19,1.9406637888550933,1.5266765505210533,1.6207262424458644,1.1643122270691755,1.0130455016388382,1.1903615141482884,0.9300414352781948,0.6018679918156603,0.9326326166413818,0.78076302190604,1.1080062840617908,1.7054528220314755,2.213137117957166,2.0133357335150945,2.402184502068059,2.252058873273796,2.733817245916547,2.809763962137298,2.8290327848824255,3.1517699443359932,2.8658665044633116,3.0032098223694024,2.8216628245405233,2.5411883224732907,2.216930695069977,2.5260663610223637,2.345487716553711,2.3249049203274073,2.44091058386264,2.438121649143543,2.2512080278055318,2.4034169258518263,2.327364360719339,2.3282774696787913,2.873921797487583,2.621641742211521,2.4368260372290167,2.1759268886494607,1.9455669688223671,2.079679029924379,1.8174942860832284,2.0229642652913173,1.8825279328847395,1.8460158433549125,1.390737821933422,1.38935487506527,1.3701350125186613,1.106208163140824,1.2512322268532505,1.796190108112005,0
2018-03-20,1.4902075883491042,1.5776476143332658,1.1068042743199342,0.9538346947801449,1.1243465908154266,0.8690230242498139,0.5430983315499804,0.8859692008945568,0.7496101862582072,1.0720308565619605,1.6546134955283642,2.1392173633780875,1.9427645754767089,2.331677489696089,2.1981461841035115,2.7099111336069814,2.775707705317438,2.767472654146836,3.0875215975847796,2.801024321808828,2.9552672258810255,2.776736266279201,2.500453495803103,2.1776762925654514,2.4858739573547024,2.313902235713193,2.2928599836726256,2.390054564668066,2.393559484081044,2.2232439153551957,2.3718273080499994,2.3100997722944716,2.315310963457033,2.8563787457362184,2.611213549024742,2.4319572423109763,2.1680125366487757,1.939646169908844,2.0702321676599014,1.8018936712063636,1.9988117223724933,1.8635288971974222,1.8220211682597938,1.373088736491451,1.365592317876243,1.3453990861361425,1.0846203369285066,1.2238036655374829,1.766342428236302,1.5694820274113228,0
2018-03-21,1.540258277294214,1.0743848157833849,0.9044678316505743,1.0601184578050604,0.8171976567775858,0.5015214158652788,0.8072791886392156,0.7096594711947682,1.0332813568821957,1.6059872836149827,2.078120944619068,1.8764935384528214,2.2517617668829457,2.1327138920829674,2.647030483625515,2.751534066364544,2.733817245916547,3.0212205020896072,2.7428698473149753,2.8887107274406185,2.7317654223367387,2.4596732877529184,2.1415617241000864,2.4429110520748694,2.2763774911247823,2.2618074068433844,2.357334380748747,2.343506576182375,2.181822652924528,2.3427690889366355,2.2794340763427936,2.298103829904524,2.8417250603026014,2.594736178421063,2.4219289145609078,2.1632604987633623,1.93209522930091,2.0641815766245126,1.7931253790457153,1.9822340549338806,1.84073256368389,1.8034265241150087,1.3533752747295973,1.3481360404568934,1.322123649196351,1.0632785499752138,1.2008224326413233,1.7313906189778292,1.5423254207313997,1.4762864872088426,0
2018-03-22,1.0460827999946716,0.8762449994261713,1.0066406302865996,0.7668154473840274,0.46592405955564936,0.7524288204662714,0.643331785330817,0.9829264544362707,1.5533114690408725,2.019692993314791,1.821609666486395,2.1767493383674115,2.0586385222540478,2.5704338068318338,2.6878381472184243,2.7099111336069814,2.9851600023218925,2.6828900381659135,2.8290327848824255,2.669494713361141,2.4188628973747357,2.105414292374381,2.4034253350009203,2.2363033669946635,2.2249376798882046,2.325628941579718,2.3112688415874194,2.1353609655391166,2.299600707687962,2.251213932620235,2.267556904327474,2.822008671136602,2.5809183892833363,2.406219380778778,2.1537985986378896,1.92744566024497,2.056439094422146,1.7873632909639414,1.9730252298615074,1.8250067263291159,1.7811414410512938,1.3379127834434361,1.3286484651232304,1.3050006762132573,1.0431295869137707,1.17809925920062,1.70239491240589,1.5106454074620512,1.450236131437268,1.297786778425338,0
2018-03-23,0.8515207568583464,0.9762986491363541,0.7246823276241025,0.43137686326728714,0.7057519802312733,0.596718759152905,0.8974380810448971,1.4838834590968089,1.9562271672435514,1.769118462468335,2.1147654129237354,1.9890894634207925,2.4835096604376226,2.610226526354458,2.647030483625515,2.959648730152356,2.650036327114766,2.767472654146836,2.6136254409637982,2.362592293649871,2.0692524361986186,2.363897620882372,2.19944364513857,2.1855728677561315,2.2879567505117056,2.2800298582061806,2.10528056818882,2.2511414133488254,2.209383827917773,2.2394444953966794,2.78627462709568,2.5624451860563386,2.393003865554197,2.139176740726137,1.9184808708662189,2.0517355175850285,1.780046568930525,1.9670758434512632,1.8161819739277736,1.7657367182027532,1.319587512565307,1.3133512332546007,1.2859035874764824,1.0281458549397051,1.1566778473023371,1.6737091490329363,1.4842653438941675,1.4199010935816605,1.2738552522088333,1.184819513421476,0
2018-03-24,0.94976775672315,0.7001883964655983,0.4022182189560757,0.6603936148231009,0.5569177109021376,0.8380577867148311,1.3632694348964198,1.8720214468461316,1.7121879633344077,2.0554893548642847,1.9315430714003976,2.4019411883033532,2.5221343093634023,2.5704338068318338,2.891876465182972,2.6266652680918576,2.733817245916547,2.5560161141945277,2.312055159477719,2.0196858357861873,2.324343984655856,2.1625490411048176,2.149357933379014,2.247722958073827,2.242931010103619,2.076127404795648,2.2198610028371113,2.1624546816757015,2.197786426464043,2.7534570622763668,2.5292810486855677,2.375426393608617,2.126814373962662,1.9048135839192897,2.0425087182997745,1.7754630410159764,1.9594827146532903,1.8103958810363123,1.7570567497301028,1.306669933024333,1.29523489095846,1.2708920371694772,1.0115550182976258,1.140823462049346,1.6467953635715744,1.4581726597303137,1.3945962729516834,1.246096278821033,1.1622289326971342,1.1737993024299906,0
2018-03-25,0.6786431747074895,0.3844124619361789,0.6223767998627702,0.5182686245971142,0.7875997716810839,1.2804839990621257,1.7241923137710098,1.6369328514904,1.9910899106591433,1.8765075471168162,2.33463222275174,2.4394731632926767,2.4835096604376226,2.8091901239675794,2.565415156439697,2.7099111336069814,2.524364948912093,2.259976958261295,1.9751063758264442,2.2698858412956593,2.125637471196772,2.1131098638103265,2.210718092577253,2.203318084988629,2.0415923371169886,2.189547607568175,2.132093469934282,2.151053981125511,2.7042855884150585,2.49879460693318,2.344113906680921,2.110505746221732,1.8931999611261805,2.0283383099641137,1.766818639420319,1.954821250058198,1.8030437337439857,1.7513322136193306,1.2991113663329743,1.2824485386828455,1.2531368666870955,0.998377052082738,1.1232126016722828,1.6271829073350363,1.433647460413036,1.3695695561628478,1.2228508974182,1.1361002754559821,1.15133953395689,1.1773206899128643,0
2018-03-26,0.3685691465547448,0.6000047705426946,0.4857490818161043,0.7385518011887574,1.2104894776599882,1.623272737797094,1.5055874482220766,1.9056055318969503,1.8167761935811837,2.270267524161246,2.3712766910564076,2.4019411883033532,2.7152575539923003,2.4908483677865862,2.647030483625515,2.5017964698191704,2.2311317331058564,1.9292081802062948,2.2209593937345313,2.0749896518181585,2.076847027483054,2.17367795165109,2.1668776079092913,2.0047557040020454,2.153586443779932,2.1026688013458092,2.1208109326056754,2.6489625253251843,2.453345575421362,2.3153070687483406,2.0818162065802066,1.878004902114345,2.0163300500826615,1.7537665732813144,1.9457987514191666,1.798450217191528,1.744070909159002,1.2938636088546023,1.2749491396673824,1.2405773650845362,0.9829399832253359,1.1092883819986916,1.6051692362252026,1.4156693570071444,1.3460262608665032,1.1998658541429252,1.1141582531371368,1.1253699177257004,1.1548191218204567,0.9324861228249304,0
2018-03-27,0.5802685455858761,0.46621082514201767,0.6975118949141482,1.1423781215639959,1.5381414677340264,1.4156514133288163,1.7554215802780002,1.7376851066428562,2.2002663711526944,2.30606388571074,2.33463222275174,2.6271330382392954,2.4062603625860643,2.5704338068318338,2.4429921656609683,2.2104359405162333,1.9034980720396082,2.170551987515463,2.029449340550236,2.0271347959446087,2.136620349822938,2.130403384553374,1.9708389658761476,2.1152055055507826,2.067800013735093,2.091500510044357,2.613558874842539,2.4022786491468815,2.272540104295927,2.0553886040467706,1.8516173252080736,2.0005480674516543,1.7426355158367768,1.9320206489555174,1.789757357354712,1.7395030069897106,1.287305913659064,1.2697265381001803,1.2331802483734653,0.9718364726326066,1.0929078650809012,1.5880239025474396,1.3955704305137393,1.3287200099788932,1.1782032237518882,1.092465325543337,1.1035550410193713,1.1287986857799024,0.9128907931817847,0.808106098716739,0
2018-03-28,0.4488904921738572,0.6735815011556237,1.0857185611191635,1.455259933640603,1.3396882151712715,1.652932927006848,1.5992752477430479,2.1071100422018625,2.235129114568286,2.270267524161246,2.5544990325797454,2.3268772383247063,2.4835096604376226,2.371470209218713,2.157338520510602,1.8848946588327862,2.142554356702672,1.982554436105464,1.9824259173727996,2.085761926750024,2.0939136252016954,1.9368953192876621,2.079884944277805,2.030601998666771,2.0567721476523086,2.5792589279260763,2.369431767995531,2.224539778731716,2.01642090988379,1.8272777978929633,1.972947205487647,1.7281581516621398,1.920320104966369,1.7766122398577933,1.7309344111384213,1.2829364037779842,1.263205966909286,1.2280011334655678,0.9650958323324448,1.0812117782700439,1.567571104658508,1.37982593168279,1.3094081999320053,1.1621837885058655,1.071992913176683,1.0819881622188636,1.1069431810884318,0.8904037501818381,0.7899871864466904,0.8085967838577951,0
2018-03-29,0.6525167150781425,1.053736437833058,1.3864983742566022,1.2657527273504763,1.5664919323858484,1.5046319809580782,1.9427971793199421,2.140694127252681,2.2002663711526944,2.485045693458208,2.261343286142406,2.4019411883033532,2.2903864158087255,2.0929211725603434,1.8381736220177378,2.122424249200367,1.9563386975278925,1.9363934734338748,2.0400344574303975,2.043874130779717,1.9029447441813145,2.0445336710262128,1.9963567526919876,2.0197261976389957,2.5383977041464263,2.3376038316973857,2.1935350824036974,1.9727645640598446,1.791644436323529,1.947507125838207,1.7032541893073083,1.9049957724917266,1.765408195023381,1.7180279100732314,1.2753302756258291,1.258846924650788,1.2215447380038325,0.9601958269556877,1.074203957536596,1.553317233314138,1.361144133852535,1.2942395586526696,1.1443795619353625,1.0567878660581538,1.06163185829968,1.0853360247793291,0.87137302271302,0.7692951657624314,0.79047204705063,0.42475977545819515,1
2018-03-30,1.0258072659030082,1.3482778271783096,1.204321143442731,1.4823323916820494,1.424739609126738,1.830894062265371,1.9740264458269328,2.1071100422018625,2.409442831646246,2.1986748010622597,2.33463222275174,2.214281313356735,2.020013873328268,1.781694354629994,2.071050715843394,1.937397826213176,1.9106152610918201,1.99294541047872,1.9988744221544255,1.8565671997096478,2.009170681369843,1.9620837081960145,1.9856191837027652,2.494710540303312,2.2997810735893576,2.1634882611981205,1.9443694065360073,1.7518004734389998,1.910116352712401,1.6802604260790646,1.8783409622425424,1.750822280425369,1.7070110305948494,1.2642719416466142,1.2512915784554948,1.2172037909728883,0.954151329256679,1.0691903569045869,1.5451561601230155,1.3480026210588236,1.2762857865136772,1.1303138747785144,1.0399377451455978,1.046506256576183,1.064942619679969,0.8525662757392283,0.7516994720114116,0.7697729449175251,0.41119126567946246,0.41352597211119146,0
2018-03-31,1.31503017704122,1.1698791038355656,1.412523692944298,1.3469701014748163,1.7365947202967804,1.860554251475125,1.9427971793199421,2.308614552506775,2.130540884321511,2.270267524161246,2.1514098812284033,1.9515574884314688,1.7179227691499608,2.0087794671297536,1.8896484088738343,1.8919663951082963,1.966631183402691,1.9525402948246324,1.8148217712165933,1.9607561868813417,1.9278026147715104,1.951484745770993,2.454566448840614,2.2593842336202745,2.127854756253436,1.91684561607626,1.7256955110384482,1.8682630144440204,1.6467760412412547,1.853759031645963,1.7256939232730035,1.6927034774874057,1.2547047228145796,1.240330757921477,1.2097362308109445,0.9499265224526279,1.0629782202456914,1.5396522391270158,1.3403430874679114,1.2636015439491834,1.1137545081399889,1.0265700855177093,1.0297492108182604,1.0497916320523495,0.8347524366294511,0.7343153794641646,0.7521715898898873,0.3960316060782602,0.40009080997044477,0.42962044473783395,0
2018-04-01,1.1398527657333353,1.373763359084416,1.2823970995058185,1.6447671399307289,1.7649451849486026,1.830894062265371,2.130172778361885,2.0399418721002256,2.2002663711526944,2.091285716413778,1.89489860309573,1.6580124056449699,1.9383420531747073,1.8318888910358326,1.8451068440621736,1.9476245807917085,1.9266090384910797,1.771863368827782,1.9172005736342383,1.8809484047955674,1.9173427303656376,2.414378576534878,2.2222311526601413,2.0898286364859753,1.8843132880653803,1.7003859941126833,1.8409509692875976,1.6093891584466675,1.8177385895944211,1.7024966149531404,1.6681505475731409,1.2425531760690773,1.2308400264401071,1.1989439803573465,0.9430223975832654,1.0587061453363018,1.5327165089021038,1.3350524025918038,1.2561481841030715,1.1019460864846646,1.0108931974936735,1.0164496453470884,1.0330048451502014,0.821366476814354,0.7178120026955068,0.734781884902918,0.38285876803429153,0.38509327389223186,0.4159942377796644,0.2721855604215529,1
2018-04-02,1.340055521513775,1.2463356995538843,1.5686756050704727,1.6718395979721754,1.7365947202967804,2.008855197523895,1.880338646305962,2.1071100422018625,2.0259526540747355,1.8407111855673224,1.608294887591264,1.8721961273165435,1.7666439013049395,1.7884551376768882,1.899674851818612,1.9078580308351332,1.7476446178385938,1.872364433136315,1.8387793760072233,1.8706890953366477,2.374162536665878,2.185042394695696,2.0548306166362873,1.849645401566175,1.6705753348805419,1.8144743852536742,1.584760226373848,1.7774520496769277,1.6686872001416557,1.6454752005072224,1.2224571298410047,1.2188022354312023,1.1895854714513003,0.9333120770102885,1.0515727069941339,1.5282404068565163,1.328431357001119,1.2509451566907943,1.09488761627947,0.9996390573742483,1.0008588450983635,1.0196835209385386,0.8066475282874344,0.7053227063070013,0.7182733382976783,0.3698593775129021,0.3720500457811897,0.4007644301793064,0.26042813906623796,0.36228112508583143,1
2018-04-03,1.2149287991510003,1.5266765505210533,1.5947009237581686,1.6447671399307289,1.906697508207713,1.7715736838458638,1.9427971793199421,1.9391896169477691,1.7819134501655918,1.5607406826164223,1.8174138748655102,1.7053552388965034,1.724485097002451,1.8416659622225413,1.860687210021946,1.7300365375082756,1.8471931055588706,1.795381565201278,1.8286983123118314,2.3187490908339754,2.1478356703247905,2.0198027587011635,1.8177001240482344,1.6388547160906692,1.7832292284031401,1.5608778083257389,1.7510812200278125,1.630928687135723,1.6124992769446744,1.2038245538562926,1.1989413443935786,1.1777443283367204,0.924802209540369,1.041422049968109,1.5201171642729276,1.3240439846067364,1.2444534721903253,1.0898524813621815,0.992830501317468,0.9896587763904582,1.004065212285969,0.7948390429310136,0.6916542539989036,0.7057805045290901,0.3573949203685072,0.3591791471150893,0.3875355121951917,0.24747039350029143,0.3494542501919512,0.6933839127378056,0
2018-04-04,1.4902075883491042,1.5521620824271596,1.5686756050704727,1.8072018881794087,1.6798937909931368,1.830894062265371,1.7866508467849906,1.7041010215920376,1.5092449613635641,1.765019779070918,1.6545182199107722,1.6643890881956565,1.7761339775460032,1.8036479979906257,1.6863487096203185,1.8289492749133465,1.7709399023114294,1.7854853991315098,2.2689736906939935,2.096762186336532,1.9847642844228077,1.785733279539696,1.6095885999592592,1.7499552065897874,1.5328212641114023,1.725514649540951,1.6060765073694754,1.575693754598327,1.177304309316228,1.1805220740884577,1.15828994667106,0.9142232075619965,1.0325667924996444,1.5080658474926087,1.3163511993963144,1.2401025749306203,1.0836085653373424,0.9879016206686192,0.9828746000214147,0.9928478656519102,0.7811333349733052,0.6806143158926725,0.6921079079631904,0.34766919176549543,0.34683304881761806,0.37448052550620037,0.23605787946826984,0.3351962673067373,0.6766267772456074,0.36772484376837244,0
2018-04-05,1.5152329328216592,1.5266765505210533,1.7248275171966478,1.590622223847836,1.7365947202967804,1.682593116216602,1.5680459812360574,1.4414331755925736,1.7081961792133222,1.605894213074954,1.6145207827562276,1.7145768451513799,1.7392319879623133,1.6336455416460707,1.7833240413825082,1.753183050414756,1.761137534811621,2.217685650270833,2.050843597948234,1.9368177981438637,1.7537662303876442,1.5803081757525173,1.7192769970183928,1.5030001588078217,1.6953880335668068,1.5819782424469864,1.5514140604915216,1.1478800304053145,1.154342445668736,1.1402394148049302,0.8973779166388002,1.0214741095876754,1.497719755310765,1.3051264632375768,1.2325867428632111,1.0793275297995997,0.9818145100931381,0.9779560847156316,0.9860558990212012,0.7711172857228917,0.6678802408353574,0.6810649379013173,0.33723842867614284,0.33718830541038036,0.36196485656884053,0.2248036275569972,0.32274427628438435,0.6575903993015162,0.35483335077448147,0.3340696158582844,0
2018-04-06,1.4902075883491042,1.679589741957691,1.5166249676950814,1.6447671399307289,1.5948423970376706,1.4749717917483243,1.3237956420315837,1.633087473752081,1.553220825907992,1.5668224844436818,1.6635217657732286,1.6787187962465797,1.574219762821598,1.7282089603196347,1.7090418513443355,1.7434432841494865,2.189241273704966,2.003556299653527,1.8936780916783251,1.710249278952159,1.5510366844647623,1.6885806534481216,1.4754607616879056,1.663325268403163,1.5536563905866112,1.5278693029236678,1.1280344364369916,1.1253076177347878,1.1146486045392823,0.881694051112776,1.0035669404561083,1.4844098299464008,1.2954287222828664,1.2217017988605847,1.0721506204362974,0.9775776880037665,0.971884270864706,0.9811340715837942,0.7648669593835896,0.658474470596262,0.6683270297057614,0.3285671969978381,0.32685242144670434,0.35220408709489265,0.2139466854815609,0.310459514411398,0.6413183120238004,0.3404968054626597,0.3215776175866229,0.22225113136113073,1
2018-04-07,1.640359655184434,1.4757054867088413,1.5686756050704727,1.5094048497234962,1.3963891444749157,1.2429935199009965,1.5020116972070259,1.4837961404756768,1.5151681414698734,1.6146893791076644,1.6285116407549491,1.5183746926971913,1.6660073785288203,1.6557742729726024,1.6994928580635948,2.168813007758671,1.9771414996663745,1.8492733789735236,1.671045985444666,1.511407201221227,1.657888426703216,1.447911734862186,1.6337481301850094,1.5235479863051689,1.5002277932445056,1.1087767854496389,1.1056959768457801,1.086287014868774,0.8598824402967485,0.9869198614349992,1.461919190242179,1.2830830566395575,1.2122705832218972,1.0619164887019514,0.970615272945198,0.9676517618967477,0.9750573698324081,0.760175417399352,0.6524993065157227,0.6589188518867922,0.3188277499171086,0.318250603717572,0.3417322714753141,0.20532087400306503,0.2986533295179051,0.6252464078836231,0.3279820075714734,0.30772677635446594,0.21108644231238266,0.28826848751546436,1
2018-04-08,1.4401568994039948,1.5266765505210533,1.438549011631994,1.3198976434333696,1.1746544903400846,1.4122553216642992,1.3631882388035017,1.4471391116427081,1.5617866019652027,1.580489535283278,1.4719591432637487,1.6075656780618197,1.5956989300892241,1.646462776604308,2.1165308569176924,1.958067774620581,1.8243209147259851,1.630724586671214,1.4756586000698348,1.6162099932323446,1.4203775301127723,1.6041558412088153,1.4957474251500213,1.4708561246590637,1.0864047621063797,1.086664523227575,1.0670798052796229,0.835841881927759,0.9635701479093478,1.4411145151096671,1.262585728966268,1.2003213070911345,1.052995755551912,0.9607930213336805,0.9607102712404347,0.9708234826538359,0.7544385609501364,0.647924753364221,0.6529426022779881,0.3113028943733437,0.30859891295468184,0.33303100560111876,0.19617873131023436,0.2893780134400025,0.6099517389078299,0.315634980631921,0.29560027543602463,0.19884933830545853,0.27632015839065865,0.360607022839875,0
2018-04-09,1.4902075883491042,1.3992488909905223,1.2563717808181227,1.1081585345996072,1.3364420869686378,1.2804068825701804,1.3291014944111217,1.4920477501726628,1.528478736905946,1.4275603194715314,1.5590410577429603,1.5392462239887543,1.5866607622405917,2.053128453037719,1.909913494614073,1.8062231536277182,1.6078435876800008,1.438920817542072,1.578640543050453,1.3832535193903646,1.5745714243779756,1.467936526691681,1.4437252800086477,1.0627393672026964,1.0645705298151227,1.0484393757774333,0.8192304254336042,0.9377709657784122,1.4111257647795046,1.2435891567150228,1.180643393489636,1.0418056939973044,0.9521953576775241,0.950928199462045,0.9638753058344135,0.750300497818389,0.6423605439696258,0.6483675875999485,0.3061757960570023,0.3011291768277936,0.3232535879039346,0.1884502594863116,0.27947493625876785,0.5982894819826429,0.3037714409631716,0.28363819583271827,0.18801294242339311,0.26313030792489284,0.3478000198961571,0.3112902797805472,1
2018-04-10,1.3650808659863298,1.220850167647778,1.0528225582979156,1.2626529309047305,1.2104157664518933,1.248032786047734,1.370861269584269,1.4599615153151102,1.3795381244858544,1.5126267930577477,1.4923371320879744,1.5304637418412526,1.9813892244024884,1.8516499555507675,1.7610430570607805,1.5911283240164626,1.41785778715914,1.5400139601624727,1.3497314668150053,1.5344906475037958,1.4401395595821578,1.4165859125837885,1.0407957093357316,1.0412062107233446,1.0268260086796444,0.8030996979740765,0.920103059387354,1.3777356930364564,1.216487666535539,1.1623900992205451,1.0236972243077143,0.941485780908039,0.9423620519622493,0.9540803950312946,0.743817195670762,0.638271161044256,0.6428026971044696,0.30196180915569315,0.2960269307232573,0.315704883157184,0.17990269291970976,0.2711897617088769,0.5855899571486306,0.29445688077447,0.2721292461318852,0.177329838789741,0.25153223722630735,0.33356619724818215,0.29906867707902596,0.3117290100243152,1
2018-04-11,1.1899034546784453,1.0215227255037393,1.2013412444529896,1.1423077331730882,1.1794712342844296,1.2876943910590168,1.3410248283634902,1.3164835871610026,1.4623859479386667,1.447466676129205,1.4837623265046822,1.914025513442145,1.7858249019614814,1.7064821354602826,1.5501612939117018,1.4023558370810896,1.5179927413110301,1.3153033242859529,1.4983409933844662,1.4026365993552714,1.3894627606465257,1.0188575828492983,1.0195362404780102,1.003982154983409,0.7845711248679144,0.9029509040927449,1.3555077467314331,1.18639880756335,1.1364755088137382,1.0068675486267176,0.9243705665437013,0.9316993475651286,0.9455041768896026,0.7349149548952071,0.6320240229463909,0.6387131221333584,0.296929707823343,0.29182351006480084,0.31056703172556005,0.1731264530943676,0.2619383858655444,0.5752588902715382,0.28450782670962127,0.2630573086006156,0.16699900361352882,0.24009402934954907,0.32113352116958493,0.28554658169564384,0.2995021995013721,0.5863683698566374,1
2018-04-12,0.9941752304896984,1.1669610104323163,1.0856508952905755,1.1127581452208493,1.217381475616846,1.2593570462880177,1.207607155992326,1.396292806875768,1.3989252960992653,1.4390903275266234,1.8582541347910624,1.7239936176762012,1.6449183202153452,1.500845298783217,1.3650862972187792,1.5018512955447674,1.2954119743303363,1.4611871911990502,1.36877778416429,1.3529315603228904,0.9969533632981189,0.9978725431419797,0.9827853045657534,0.76506776351685,0.8831668455166033,1.3339467200735355,1.1661539834968044,1.1077437179555425,0.9832262565270797,0.9084418575892148,0.9146810274935964,0.9348264949402859,0.7270389270225409,0.623575273362336,0.6324650523570273,0.29299036006852497,0.2868070019362143,0.3063484729966651,0.16833689021379633,0.25472008605089375,0.5634210029348912,0.27618901528713546,0.2533925018650034,0.15873317257873562,0.22906763827743784,0.308867907620357,0.2736828972187895,0.28597377246961014,0.5708815316475764,1.1014780854046762,1
2018-04-13,1.1369873637912276,1.0536701754501023,1.0572442599429555,1.1489594361138715,1.190295441688495,1.1326427859461072,1.2818203849195378,1.335159696857763,1.3907674141400168,1.8049148240178288,1.6727158628708698,1.5870732197176498,1.4453177219615938,1.3203733779322588,1.4626329362712704,1.2806920046307353,1.439913114033709,1.3340003115485355,1.31993632300418,0.9679487807167922,0.9762436861817047,0.9615960089274516,0.7469075283597773,0.8623039315946627,1.3087435082831327,1.1465103371715542,1.0883141191237182,0.9570936915827091,0.8862392697544129,0.8988402098713654,0.9177772133608378,0.717402602358043,0.6160549537688461,0.6240145137285429,0.28747109303203977,0.2828720508991913,0.30130962475908935,0.16426641091711017,0.24973120740997193,0.5545781248703027,0.2668951141572036,0.24528164692950385,0.1500127690622165,0.22032588396470432,0.2970793609928496,0.26198136687600226,0.2741050261454267,0.5533895760411912,1.0798767851785895,1.1554534509208552,1
2018-04-14,1.0257422000073795,1.0258527173745873,1.0920453160921422,1.1230944097010733,1.0691765866029808,1.2031272595841662,1.2249737510968635,1.3273010209558715,1.7470507067499998,1.6236706862204324,1.5390331780486126,1.3931192325653212,1.2701433516885052,1.4154938946791404,1.2458054965367054,1.4242703111779462,1.31393174643147,1.286054655679749,0.9416422537611643,0.9476362248521873,0.940443167289981,0.7287630753822374,0.8429078193099996,1.2820122479242226,1.1236638686236844,1.0694586727396542,0.9392255136801974,0.8617516791610542,0.8767779708761348,0.9019083110279332,0.7025060084404381,0.6069476558906047,0.6164927908488872,0.2804200291466177,0.2773741138191173,0.29736837462175164,0.1594460918948695,0.24557598641122938,0.5488567572980895,0.25965010436818764,0.23625065398713777,0.14259284331246722,0.21104790712791943,0.2878161136234642,0.25071241923578635,0.2623984776212407,0.5383521798922487,1.0549508911961203,1.1332114516119476,1.1213768110660953,1
2018-04-15,0.9984270365155858,1.0599319706394323,1.0671807266179174,1.0074354544564053,1.1365486308015704,1.1491368171656515,1.2176661027342277,1.6705169365412187,1.5705336642881746,1.493081979651725,1.3496655591905817,1.222900466396241,1.3624717124806893,1.2040592587676286,1.386571532100446,1.2990935032028532,1.2664405326086796,0.9146989093463033,0.9216826092736637,0.9125222037169368,0.7106654331021701,0.8235241407214995,1.2572816194953602,1.0994847017862817,1.0475810181790388,0.9218797260164887,0.8448716790718641,0.8524508512335698,0.8798012251012525,0.688589776188005,0.5931446630378416,0.607383405934684,0.2739960227429074,0.27036400852733944,0.29183987848799087,0.15556645906878813,0.24063060925376814,0.5443901090511155,0.25464918274898624,0.22917077585299908,0.1344353549315333,0.20322005849906635,0.2779271756747302,0.24180469937282317,0.25112490753890443,0.5235043158411499,1.03397042006004,1.107506598256431,1.099539308728941,1.4120355975623105,0
2018-04-16,1.031890927144286,1.0355830934563384,0.9559953601203434,1.0717704437460986,1.0849422799958592,1.142196332890569,1.536816714729067,1.5004739971119132,1.4433508900337544,1.3080971220724062,1.1834719020884228,1.312616899410721,1.157243502878452,1.3413242447609204,1.26384656461113,1.2519055843356046,0.8986045976553971,0.8951053463543218,0.8871786609247783,0.687150603962107,0.8041830577411708,1.232548971433769,1.0770740086642752,1.024450970251068,0.9018576646979379,0.8284813104275479,0.8356672501144666,0.8554228287274227,0.6696008018296323,0.5802204195988067,0.5935760987734409,0.2665192155714395,0.2639721291222033,0.28477109253892613,0.15033688923063246,0.23671571457022209,0.5389851410431571,0.2504888415205365,0.2242443087018468,0.12790412176394209,0.1945468551896586,0.26965234544408895,0.2323322837111677,0.24221402484198504,0.5093371578130812,1.013230748845894,1.0859033866923633,1.0743262411679801,1.386747913533174,1.3009848909917507,1
2018-04-17,1.007981713035207,0.9267038040470712,1.0178419274497836,1.0224904483732538,1.0783082712673326,1.4453116025385702,1.378696692550873,1.3779558964380216,1.2631906908849997,1.1457498835369873,1.2710668391239006,1.1131945035024484,1.2904792293479281,1.2216516200685805,1.2175829163958485,0.8864187740847255,0.8791967478149639,0.8612342377847613,0.6657226787889156,0.7788749685732422,1.2078407250503667,1.0546675815382809,1.0029939600480338,0.8807370200032765,0.8096336000081907,0.8193700847461491,0.8386084243753427,0.6487875673023517,0.5628154976749045,0.5806479418911152,0.2560867635295875,0.25654310279757725,0.2783331853475492,0.14384211292486979,0.23131507760477432,0.5349406584121037,0.24553590814974072,0.22011562276416338,0.12322502734797207,0.1876917033933923,0.26041404736651874,0.22436218285759743,0.2327379037262949,0.498446382675797,0.9936364180172863,1.0645463471087664,1.0531161886142237,1.3573401289205629,1.2770154024980396,1.2642470058425568,1
2018-04-18,0.9010684363795579,0.9872676220687419,0.9704680398425711,1.0161554931915553,1.3680386798230937,1.295136132531744,1.2647692054067217,1.2044034201209053,1.1050776906722655,1.2313175061848975,1.07636012123388,1.24266105122812,1.1743194601685387,1.1765386139457812,0.8592549031528701,0.8671348693381464,0.8456466788807907,0.6438399981905919,0.7558534196313478,1.1747922429616247,1.0322934684745415,0.9815437997478769,0.8611066221353227,0.7897846480748445,0.800636934900483,0.8222814769230234,0.6341148460929257,0.5438134245440622,0.5632367708046341,0.2462198861511907,0.24620942304163362,0.2708357042433779,0.13785444597250238,0.22449181169417834,0.5289113467396038,0.241618882888147,0.2152094049010459,0.11920151516365779,0.18286656072757487,0.2532039616479083,0.21550913772108635,0.22476509194767988,0.48665069609039324,0.9790321845017322,1.0443833342561417,1.0321489164621636,1.3327766025112808,1.2492102747259966,1.2407136038689601,1.5644250840752616,1
2018-04-19,0.9605386649841372,0.940876308340057,0.9643781152696503,1.292825185391923,1.224494607197988,1.186932796275641,1.1033857248785468,1.0520895191899264,1.188413592532897,1.0411171187278179,1.20276521465083,1.129787389645228,1.1305306956813823,0.8271227230895702,0.8403487126102748,0.8337990624926149,0.6303129613764515,0.7323176436374369,1.1448920071890247,1.0026112168630392,0.9601292061461622,0.8414880231905744,0.7713102599344285,0.7809120394585953,0.8035117205032601,0.61985858347123,0.5302287139210652,0.5442275525555008,0.23369710411234634,0.23643214049433647,0.260360515169288,0.1310265842183164,0.21824648489250678,0.5208808757431603,0.23620790977218756,0.21130555171794385,0.11445050817253506,0.1787809542198982,0.2482187865740078,0.20854102794203266,0.2159086195346242,0.47698088090382423,0.9628859535878364,1.0293899889314986,1.0123449335547552,1.3084847851825512,1.2259279951202646,1.2134386683375666,1.537328504389622,2.0438186941207768,1
2018-04-20,0.9149850304407459,0.9349126938740281,1.2303464621304268,1.1557519158364704,1.1210692771016761,1.0336578364963953,0.9617516324893929,1.1323689160954042,1.0031738916684907,1.1645966678927955,1.092560640671373,1.0872373895998315,0.7913715159290047,0.8086867561347381,0.8076658548387138,0.6198405389456417,0.7179519914890552,1.1142208421837037,0.9757024629815776,0.9318307502370575,0.8219112207983039,0.7528508028079909,0.7625504226692892,0.783747184170964,0.6036340041344345,0.5170243935647806,0.5306385496787283,0.22027713363127152,0.22405242751877438,0.2504548716820598,0.12193562833091397,0.21103541878237989,0.5136886444552528,0.22936479599221513,0.2059584807838331,0.11059041882483328,0.17393831111457145,0.2440651401952176,0.2036649548442118,0.2089383570959186,0.4659789784695948,0.9500332627082533,1.0127878896593931,0.9975972488727916,1.2856184343704107,1.2029063719437412,1.190580251842392,1.5057214716989678,2.0110316101962304,2.8086467371018498,0
2018-04-21,0.909129099834168,1.1953646357416718,1.098575068550885,1.0569888816554693,0.974562580920455,0.899139980373398,1.0364020711477033,0.9539232385863837,1.1234329250805744,1.0569426901688486,1.0510168069543713,0.7576728704160792,0.7734767160816906,0.7768167670690685,0.5978981409057225,0.7069198765677379,1.09623540701692,0.9481344174435622,0.9061517397771313,0.7962631828100266,0.7344370849271403,0.7442040424364668,0.765349532534001,0.5866256144316496,0.5020928064337199,0.5174300793599188,0.21004573364609122,0.21079603821645523,0.23787018617390218,0.11328560161334104,0.20115230510146648,0.5050692955848677,0.22310390096872684,0.1992380744041412,0.10545566097175328,0.1700523837068987,0.23912208679371294,0.1995576945973283,0.20406131340811973,0.4576611794132591,0.9350074219404589,0.9996016836591717,0.9812829561160348,1.2687753721924433,1.181210046382511,1.167978835329311,1.4793997525818772,1.9725060852943097,2.7667809814357147,2.512145911043884,1
2018-04-22,1.1648781102058903,1.0663262905946744,1.0036321034463023,0.9170865402346854,0.845984718585046,0.9700396966603944,0.8704684864894603,1.0697715399691825,1.0185867105325235,1.0163603550801874,0.7292453952179164,0.7402843064035252,0.742542234757034,0.5722662716349712,0.6832718539084482,1.082787446248353,0.9317231948577414,0.8798593298237609,0.7729395301509734,0.7104664192196001,0.7259037860678191,0.7469670198207673,0.5707333889566941,0.4864845849682133,0.5024933913127954,0.20008355930655622,0.20066290559418176,0.22437943699163915,0.10270594153880827,0.1917837241552338,0.4922749880547447,0.21586968103610668,0.19307342830238314,0.09914294624616672,0.16479227673690247,0.23520784732504896,0.19468309584112312,0.19995364050221423,0.45217655917015326,0.9241622021814905,0.9841541976849039,0.9683073105176453,1.2500062161377343,1.1651675557415968,1.1466695784740533,1.4533649095615142,1.9406533655246223,2.717217643873295,2.473799683323401,2.4942041531803243,1
2018-04-23,1.0381697860724501,0.9733525216480083,0.869141064063896,0.7943048212793122,0.9137536692887619,0.8124432473132878,0.9781938413053232,0.9687707625873504,0.9790628183222668,0.7020360839502388,0.7122680130523635,0.7102249476345761,0.5439960894189569,0.6555166201482533,1.0517772984514981,0.9193258647228542,0.8640952372009433,0.7490903763864541,0.6886334038881006,0.7020967518020453,0.7286305080710594,0.5548630906028145,0.4718651575713163,0.4868796461166581,0.18913704784680457,0.19079574098492105,0.21410551844553,0.09150768254514953,0.18005664431161245,0.48026570765704724,0.2059387039093497,0.18598235448337452,0.09329808429773859,0.15823886186901603,0.22981038902730896,0.19078815809914082,0.1950784327616894,0.44781056714620243,0.9175380199077677,0.9730441441398116,0.9531260247202559,1.2352345826971909,1.1473363183614202,1.1308919335607373,1.4288929899718341,1.9091352349242918,2.676540725540654,2.428515373709479,2.4560708979464088,2.5326623227063974,0
2018-04-24,0.9468748269021228,0.8416509384168227,0.7511084362195888,0.8590188249815867,0.7631163104077704,0.9147560699923334,0.8842749452122004,0.930696485365237,0.6729365546642961,0.685451629644358,0.6829194583871556,0.5172955833994568,0.6248027174365802,1.0148568152534068,0.8915174419894243,0.8521298020790458,0.7345657476874486,0.6663305157799192,0.6804091514972871,0.704771187173815,0.5390473382326528,0.4572711058124249,0.4722551974704975,0.1778442246902512,0.17996601049761718,0.2041022350654549,0.08261092099862685,0.16754645753951622,0.46432183994414644,0.1965267067628462,0.1763472881617799,0.08668260914436567,0.15220520014890584,0.2229932269153547,0.18548433896770158,0.19118332330822077,0.4425541432345289,0.9126875281839263,0.9663005537569535,0.9421831705162854,1.2177827261890057,1.1332508699877986,1.1133709791999882,1.4109513423889117,1.8796124458156334,2.6362745181595533,2.391259331725746,2.4110455194267577,2.4940725608104763,2.868198594926973,0
2018-04-25,0.8175513542713004,0.7260664055630586,0.8133193580106574,0.7151720264241641,0.8609112382242302,0.8255560169629196,0.8488703257732252,0.6357979929425027,0.656784645639852,0.6567823236793687,0.4945522335138429,0.5958162282746209,0.9735948846310474,0.8585828471441569,0.8256375498850315,0.7234275316993872,0.652590307685845,0.6582571050845398,0.6830371210930943,0.5188233953910382,0.44273594104934855,0.4576561108577783,0.16714763351221396,0.1687996482799733,0.1931051945312937,0.07393914088887064,0.15786158770271244,0.44699029546973323,0.18473029797437635,0.1672037071845009,0.07803069759052315,0.1453089327219031,0.21675268779589615,0.17884698634470045,0.18587867114662363,0.43855154464997265,0.9067161005903238,0.9613992941139584,0.9355149668786921,1.205413734965641,1.1166665203070927,1.0995125351287989,1.3908951261288534,1.85821481950822,2.5986935351813805,2.354384490568361,2.3739964803574827,2.448492163323633,2.8256259460267867,2.093643440620257,1
2018-04-26,0.7040539094849217,0.7869870210314155,0.6750364296954542,0.8085584704381338,0.7756500508303407,0.7919302604558215,0.5746492595019932,0.620238486338458,0.6288630744383047,0.4727747067703519,0.5712161256540378,0.9347412220207105,0.8219081633697258,0.7943414807468325,0.6994561732893962,0.6419756145861132,0.6445934189862147,0.660836874871958,0.5003199956875573,0.42435883060390955,0.44311589411537383,0.1564870464979058,0.15821801417331363,0.18175765394896348,0.06457871427074022,0.14842782565030932,0.4344091137794431,0.17214084241935795,0.1558359174293998,0.06977892127840336,0.1360765690294951,0.20954874216140343,0.17274748573953708,0.1792397189074267,0.43272542657045926,0.9025118969052719,0.9553529454231361,0.9306457588963135,1.1981025154676233,1.1048424068958846,1.0832151747629588,1.3751818742760518,1.834109712131674,2.571782215347293,2.319927426961049,2.3373268564078256,2.4109994133740105,2.775203170507965,2.060264926344499,2.392713147710811,1
2018-04-27,0.7638744929121175,0.6515721958015103,0.7648107665086605,0.7271407601242874,0.7435091290545698,0.5314871050238934,0.5601807403293042,0.5933409926212575,0.44965462818479635,0.5476642747680475,0.9021266677856767,0.7873456498426384,0.7595525301439475,0.6712984127109263,0.6195996564044314,0.6340297967226943,0.6471487370096691,0.4814709794228114,0.4074966630461423,0.42473149782784464,0.14589872572610882,0.14767269569487512,0.17101132286645554,0.055003446414997506,0.13813081083228548,0.42217505466146316,0.16240835381419796,0.14373653292892682,0.05983520539574706,0.12729827345300979,0.19968034788589262,0.16575329949588202,0.17313896359933859,0.4250851356402938,0.8957077246939332,0.9511276167065409,0.9246467106586344,1.1929599208831725,1.0977768616005874,1.0715713182731297,1.3565395803175473,1.8154342752865418,2.5412174777129044,2.2951536002540673,2.3030588263545932,2.373889906207532,2.7338391730036538,2.0210203427956506,2.3557846123244968,2.170294232419597,1
2018-04-28,0.630904827591644,0.7394845381116235,0.6865422230872842,0.6964487144426993,0.49456653399338546,0.517745539363014,0.5351692207838558,0.4207053618260291,0.5225909736845561,0.8709161584684398,0.7582165118595865,0.7267540294198745,0.6401212532005446,0.5934280398771026,0.6118094734245448,0.6365687956209056,0.4694829205986106,0.39035012722656265,0.407862855530804,0.1332136579846723,0.13720003553216512,0.16030086118246484,0.04586816839035695,0.12754132104768345,0.40843606170586744,0.15292855158931354,0.13429844243566144,0.04936406726346363,0.11651378788500094,0.1903251186873572,0.15631851860090332,0.16614291130000008,0.41819895281053954,0.8861893370168668,0.9442209598639354,0.9204347189539321,1.1865574205337257,1.0927387186162172,1.0645870471175691,1.3434228797587713,1.793047050362649,2.5178161494433597,2.26709306696346,2.278414342909927,2.3392166826094867,2.6928918135263755,1.9885927703378394,2.312223927359663,2.1360058569222677,2.4584649566123393,0
2018-04-29,0.7172297533497218,0.6628393494571996,0.6570373192910434,0.4587281676265609,0.48143176372019597,0.49399069382492233,0.37463829923132247,0.4909666261608469,0.8374120055503754,0.7303366873912683,0.6990576822285315,0.6107014095553868,0.5645366777176862,0.5858316097202334,0.6142987409037123,0.460037613209532,0.3792257367734512,0.39070960334448157,0.12140986144093369,0.12468177071669899,0.14966249609779467,0.03677312474862559,0.11748408258471288,0.39411928846181415,0.14257494660838207,0.12510327881689165,0.04090410565997494,0.10508133713182874,0.17861935951606464,0.14735661347332582,0.15670427290567449,0.4100347742067293,0.8778300173886724,0.9345057772996266,0.9135927644405639,1.182231669969323,1.086490363416206,1.0595834588965671,1.3357745334944475,1.7775781725915876,2.48945423449161,2.2455238246432447,2.250505343186947,2.3142949517988147,2.654683394851972,1.9565047460052383,2.2763458401047676,2.095655067752529,2.420755933252407,2.51026976197514,0
2018-04-30,0.6419685323829604,0.6339464019352468,0.428511598426255,0.44618549781595834,0.45872587658055186,0.3415254572111035,0.43997304769059703,0.7942409893952553,0.700499039608663,0.672547041305766,0.585749321783669,0.5372550876987789,0.5571632322377548,0.5882589656111135,0.4412252780734646,0.3703568422900883,0.3795818056783588,0.10951046738510171,0.11302620761562067,0.13690525566177075,0.027755672372598777,0.10746458054662109,0.38067382914276254,0.13192417590631259,0.11509953666708587,0.03265464526598063,0.09604389065567684,0.1661335502063729,0.136278931901016,0.1477388686993901,0.3981813919778241,0.8674749175389489,0.9259920961931857,0.9040018257499869,1.1748378329763522,1.0822080761921022,1.053386098120375,1.330488605056541,1.7688692779834088,2.4702326761334086,2.219478117295227,2.229046963433036,2.286061139776114,2.627342761924563,1.9264570056078858,2.240837066775786,2.0623431372837215,2.376246334142225,2.471945804543632,2.3091465818057624,1
2018-05-01,0.6135972993544248,0.4101604948209183,0.4164540682782452,0.42450316617056394,0.3129931480843259,0.4035775390568296,0.7219826930286725,0.6623495705836799,0.6442166266385316,0.5618611117585767,0.5140397617582649,0.5300902336733169,0.5595193358222272,0.41949008357175954,0.3533010860961821,0.3707106372185276,0.10104795207589484,0.10128057885015783,0.12503732111252344,0.017336072942260444,0.09751952533091267,0.3672569262088132,0.12181123111327569,0.1048276289012149,0.0238133118707039,0.08723608942128334,0.156463324529509,0.12451124900967446,0.13665559964053897,0.38702561054154744,0.8510924757808084,0.9154074223876701,0.8955855987404538,1.1641871485560795,1.075025094477386,1.0491181894738908,1.3238745788114352,1.7631324435478362,2.45983177500424,2.2017113603191527,2.203141413657394,2.2643651260399893,2.596275057660945,1.9047001895652587,2.207638341392526,2.029378383837797,2.339609635820508,2.42668857105765,2.2732099993523804,2.32917230832722,1
2018-05-02,0.3938522520753673,0.398353047888819,0.3956103905412698,0.285339902854312,0.3723051551824028,0.6714179456776703,0.5993391176024198,0.6081314236776384,0.5364175377231799,0.49181121184237236,0.5070443327589037,0.5323796841476656,0.39570447479821086,0.33375269008831354,0.3536479512367218,0.09395559502021927,0.09289606867648145,0.11307139551789863,0.007545539445547348,0.08576215957702876,0.3539029142126358,0.11173587181448241,0.0950590827341448,0.014800164837965821,0.07770847277784998,0.14704372117277884,0.11527242008579776,0.12488152817284313,0.3724446484273757,0.8358284536590995,0.898550406696722,0.8851458634441406,1.154939680858877,1.0647793023828762,1.0420049630739747,1.319489185617869,1.755852989752192,2.453375561869126,2.1919663992222214,2.185462689131296,2.2381591484177674,2.5725057569866405,1.8801742693759098,2.1837255129976554,1.9985230541447339,2.3033487955687413,2.389454175131574,2.2308553267815823,2.2929980162355164,2.4312752270314615,1
2018-05-03,0.3822580099812323,0.3779416853852186,0.2618298423590383,0.3419781923228224,0.6283183561277516,0.5549364506131247,0.5489225897535346,0.5042860742920018,0.4681946351332079,0.48497768642257383,0.5092796453254884,0.3731990718229458,0.3124838062227263,0.33409092820425584,0.08231371524110717,0.08585577230559761,0.10457512875744988,-0.00226545963368838,0.07478278777630783,0.33722923364787993,0.10173476934575805,0.08532905517436488,0.006175872767804323,0.06795215652755342,0.13676410948014547,0.10626991237435705,0.11563886146912013,0.35667141222211574,0.8146872677084734,0.8828559058130494,0.8685884637879906,1.1432636836722818,1.055849423108885,1.0318931177882786,1.3118060021761089,1.7512799701287352,2.4450344801323505,2.1857890675698406,2.1757574200560965,2.220291726278497,2.543678634339706,1.8611909641878652,2.1566736920560325,1.9762136577169642,2.269457312083497,2.3526007933025395,2.1959413882363705,2.2503543372406436,2.3938889515517525,2.577741855253546,1
2018-05-04,0.3622152115931632,0.24693585717507013,0.3162774115855667,0.5864506101744976,0.5169804113471159,0.5070530411528982,0.45235857478726954,0.4385653782560543,0.4615393374151712,0.48716126447709296,0.3538631263517324,0.2923326785109491,0.31281211573859546,0.06950515682637465,0.07437254390592699,0.09746024595840606,-0.009668532120659379,0.06373858474702526,0.32188086013224426,0.08989657360256785,0.07567445905249409,-0.0024068004549792814,0.05865229967410608,0.126193465364754,0.09650297275141609,0.10663264320295132,0.34502634583170577,0.7914132544417823,0.8610273119787187,0.8531657400307214,1.1241506906988206,1.0446457589904796,1.0230683033749892,1.3005997036987855,1.7426865477865559,2.440162119941607,2.177859547051826,2.1695969639858257,2.2105013773291735,2.5241648807582258,1.8384145178974407,2.1358424277391204,1.9510403557029834,2.2450704747575543,2.3181634967174527,2.1613884464064457,2.21520935200616,2.349771748018795,2.5386169897065285,2.6411037388798113,0
2018-05-05,0.23357493086644213,0.30025413847583504,0.5512938469310663,0.48013165295412846,0.4712114212132145,0.4153407700974181,0.3912460231597398,0.4321541764198528,0.46366596476352234,0.3353417358733804,0.27490895494249584,0.29265170029835835,0.055992962566194085,0.06176149360727195,0.08574972051563019,-0.016053816258017675,0.05570990786631097,0.3063046108571178,0.07884537028261326,0.06433598636090065,-0.01091013964056296,0.049392231293971425,0.11615335822280065,0.08648749605694121,0.09686114276094251,0.33369736912884657,0.7752622810320815,0.8369673357000208,0.8317711321576216,1.1064098272982492,1.0265091701609135,1.012020896866708,1.2909164248462084,1.7297323739492159,2.430116495854839,2.173103232194785,2.1616923477213037,2.2043047484377905,2.513632234810465,1.8227011716335413,2.110729706238881,1.9315834233735663,2.2174633232704757,2.293403195287257,2.1290701746038985,2.1804273566068635,2.3134487510249735,2.4923860153486563,2.601226754281132,2.69687443473562,0
2018-05-06,0.2859304540374742,0.5303961372475464,0.44908721538074725,0.4364258766920172,0.3835489494633155,0.35729874583285043,0.38528435618355517,0.43420280560795277,0.3158060973893139,0.2582148952788415,0.27522043292308557,0.04309784539684573,0.04847660588523737,0.07285570381017964,-0.025540939634952128,0.04890709489670986,0.29597682680606063,0.06772665509052593,0.05372887398170123,-0.02058829749348929,0.04020919286608629,0.10615103392129786,0.07695205400274677,0.08684072720143314,0.3210708559611424,0.7595767713168351,0.8203442143750173,0.8082073633291778,1.0813135095915098,1.0096539880377642,0.9942073228508732,1.2785922679499875,1.7186781010218255,2.4143737489890653,2.163620583041827,2.1569430549603097,2.1963467498898805,2.5071200086428385,1.8138820512082556,2.0935489542041026,1.9082081957942052,2.1962257768975135,2.2653585076882456,2.1057597828452175,2.1478980946501647,2.2774989059625237,2.454373160585969,2.5540813565993483,2.6563354401006696,2.502453436316433,0
2018-05-07,0.5119168222279868,0.43030935634588585,0.40707194089133125,0.3527151291820602,0.3280699251861647,0.35163661571270827,0.38718934144048156,0.2917659840904202,0.24069083042607972,0.2585191643520122,0.03156769871852029,0.03579412306392332,0.059245158005744765,-0.03566700087192084,0.0381475809345016,0.2876395880209845,0.0596601781878151,0.043070822532086696,-0.029719931052375265,0.029550789246768787,0.09622321487035575,0.06745576212772614,0.07730079555966177,0.30795877587510756,0.7415954364880374,0.8042022087820399,0.7918823264046055,1.0535173089283556,0.9859719661020224,0.977645142528915,1.258139403032328,1.7043149345443422,2.401132182169546,2.148958882058251,2.14749447235644,2.191582405261492,2.4986962652976223,1.808098352825067,2.0840682106868402,1.892118757229541,2.170599414873024,2.243800858139603,2.079413753385246,2.1244433361678765,2.243893892245527,2.416748035280769,2.515337464517133,2.608385173274179,2.4642222603349935,2.2785682383684147,0
2018-05-08,0.41363728941536915,0.389165513636668,0.32659905297710695,0.29973703604075314,0.32265782148413175,0.35344588725450327,0.25473977633103373,0.21940571443992624,0.24098716374511225,0.020505576773273568,0.024436685186431977,0.04625803769094682,-0.04609198454464098,0.026437496487038754,0.272204016237993,0.0528321374557481,0.03523804035709569,-0.038847441045437796,0.01954803664869311,0.08449070669536773,0.05803569671677889,0.06780000193298333,0.29560842148370137,0.7226846739560459,0.7856597731863424,0.7760285235032052,1.0346497428556027,0.9597928317984376,0.9544309990714509,1.2391831622672302,1.6796470409982263,2.3835159650151705,2.1365652632864,2.132898187256238,2.1820608009877294,2.4938005975319695,1.8007497392443845,2.0780032145937497,1.8831300645183622,2.1530960471351497,2.2177698069083878,2.059098848949228,2.097928172233613,2.2197030673923988,2.3815998557548577,2.4769876081720295,2.56899782715188,2.4190778301635683,2.2429946273633434,2.1707849175606526,0
2018-05-09,0.3732363732988766,0.3103617004297968,0.27567010683715476,0.2945689038006408,0.3243871998278929,0.22765109277809484,0.1874531987150723,0.21969117916285819,0.0091812965004998,0.013539604815742089,0.03465316294977334,-0.056099164499936474,0.014189505033823161,0.2546726185810022,0.04199574361131308,0.028565967658089227,-0.04590377950242997,0.009516898772454086,0.07353342518157974,0.04703545852974819,0.058375419458166294,0.2832895905528102,0.7050631302346835,0.7661414002849759,0.7578403315253697,1.0163376974468485,0.9418966785007304,0.9287868239773218,1.2121460752220916,1.656867412178741,2.3521233842194564,2.120210156026933,2.120555879230311,2.1673242968994195,2.4836419005621915,1.7961572190704198,2.0702394740308563,1.8772742702602514,2.1434698428303953,2.2000122553847725,2.034638933439246,2.0774895283373285,2.1923255565435196,2.356353143755183,2.441171850689369,2.530010067510812,2.3819336150438555,2.2010812540223883,2.1364907175262067,2.101933133120924,0
2018-05-10,0.29585550565528956,0.2604890630427373,0.2707018734996735,0.2962203237411691,0.20414720914658502,0.16374524910675914,0.1877186474803817,-0.0036127607485411358,0.002397006631825602,0.02351963041574097,-0.06528363101071565,0.002476988865900985,0.23572504141252443,0.030189949938022327,0.01820487573664685,-0.05205765309330909,0.0020021498684286375,0.06251213681530182,0.036728926399643085,0.04736866687114909,0.27103738553055595,0.6874588282225059,0.7479675191446101,0.7387055654700374,0.995127962836564,0.9245238428459776,0.9112120342446399,1.1821308529984071,1.6237249668133493,2.3232438943631992,2.0914245341977282,2.1042770838269513,2.154872004256586,2.4676820268454236,1.7874691930007043,2.0655299031072487,1.869819260708565,2.137343002181245,2.190271444837089,2.0178682064192195,2.052873175691383,2.1712560161831997,2.3277385963304225,2.415468358880436,2.4936067124844055,2.3451696360781615,2.1665201129153635,2.096132846907622,2.0684562184298794,1.8490513297196682,0
2018-05-11,0.24688340905694667,0.25562387500186146,0.2722894179396229,0.18140061469578567,0.14306329800776926,0.16399736071504203,-0.019927868451248616,-0.010148223699430478,0.012116739496092672,-0.07410420680203783,-0.008092609327621082,0.21774538461466597,0.01783180942752428,0.006990794456332385,-0.06083956864281878,-0.004457667191760983,0.05449508454368508,0.02638267239905045,0.037056345562399486,0.2559527042677727,0.6699031741717625,0.7298093832113735,0.7208803953226531,0.9727211986958811,0.9044685355568534,0.8941499087252753,1.1619302643943006,1.5867290480796012,2.2803609160454927,2.0649097769801856,2.0756492134184064,2.1384296343405533,2.454270150613114,1.7743333574872373,2.05627402449293,1.8651967407304473,2.12948799409992,2.184095877845,2.008572334750925,2.0360041910880344,2.145842055112988,2.3057640350459487,2.3863186658835143,2.4675011662169046,2.310814691948745,2.1323169251231904,2.0628152551621963,2.0290920000511172,1.818576175886597,1.4259710555683058,1
2018-05-12,0.2421060707971358,0.25717849244813396,0.16191083632136727,0.1230702965996849,0.14330427695730977,-0.03321620335953309,-0.026005083713508962,-0.0007849807872621641,-0.08296093434690927,-0.018236825331743128,0.20208540308062994,0.0060162541073943135,-0.004686360896205228,-0.07008770325899077,-0.014171924557967733,0.047700029846740495,0.018708065077504124,0.026704086339778044,0.24201643330097397,0.6471699873142913,0.7116980114345441,0.7030719151793643,0.9519216767787835,0.883311889135493,0.8744765100223062,1.1423293870946003,1.5623349780339553,2.2322279434617154,2.02580291029059,2.049277550103771,2.1094636236603117,2.4364006409530754,1.7631365932316387,2.042047776923488,1.85636317552341,2.1247526890469777,2.1761689615362463,2.0025859393420764,2.0266640170956123,2.128472095624594,2.2792059047587694,2.363952589950471,2.4378804417538156,2.286110738902454,2.10032082537211,2.02984488927655,1.9965687853200877,1.7828614863095151,1.4005179546850592,1.4940146527168836,1
2018-05-13,0.24363261680996165,0.14908925452795596,0.10583668467685788,0.12330041249303719,-0.04520079755912072,-0.03898807617975122,-0.017298364211359992,-0.09237549753785479,-0.028550650698195033,0.18707678597153263,-0.004637035966490833,-0.015864887311381422,-0.07950230586544028,-0.0245807492129179,0.036964158690307176,0.01214155839195509,0.019026432568950983,0.22790498410439994,0.6264366874050358,0.6881633819471537,0.6853113885081056,0.9311307861621976,0.8636487645370443,0.8537334285625183,1.1195354879875652,1.5386796361705868,2.201143562704783,1.9819874384792935,2.010399182205892,2.0827852384727135,2.404484455377592,1.7485615066672633,2.0299957180044115,1.842947870222477,2.115371965518207,2.1714133809717464,1.9949381942661728,2.0206587859742995,2.1189060423566337,2.261117296840265,2.3368994887770613,2.4151697573094904,2.2581320668924283,2.0772308748169315,1.9989843897469046,1.9643859437705313,1.7532558937376743,1.3709090569252251,1.4677538598454862,1.7769552505826032,0
2018-05-14,0.13749512583296167,0.09417812748305945,0.1060578998857033,-0.05670706827034575,-0.050717797980365305,-0.030718815428071783,-0.10246681982922401,-0.039960815999042006,0.1714081004362738,-0.014861228437625778,-0.026000760988112017,-0.08856432286570146,-0.03533115735391896,0.025283507620882602,0.0021021716828847543,0.012457892680912649,0.21832029316868934,0.6052745544340894,0.666717860717819,0.6622827393249304,0.9103777046772034,0.8439973501920536,0.8344462478501165,1.0954132480681915,1.5109022020810472,2.1710196986655093,1.953496689939021,1.9668449695433998,2.0434170832677503,2.375130011627386,1.723455533162424,2.014148595298034,1.8315318961585194,2.1009059859952153,2.1619342941188058,1.9902613298619898,2.0129832439693844,2.1128047757073993,2.251227219770702,2.3184999914856697,2.387680986153221,2.236622714613662,2.05114310575198,1.9766714559390524,1.934250863545747,1.7239655055348744,1.34618475025999,1.4371629734086349,1.747335892561869,1.7489573337105744,0
2018-05-15,0.08357551863239492,0.09439475450426137,-0.06698704660065542,-0.06197536860521128,-0.04281368843543727,-0.11160808344091244,-0.0537273035917641,0.15266406221843398,-0.025263093994104622,-0.03573050722098059,-0.09698109609425304,-0.045642756267911054,0.013069390214975505,-0.008711412667295162,0.0024123099261909495,0.21047899527501557,0.5921130514487787,0.644816927405171,0.6412868696947859,0.8830332655029653,0.8243876207815743,0.8151717959728925,1.0730543033503612,1.4813833423205642,2.13529149671439,1.9258804773726914,1.9385111660000003,1.9993028614516761,2.331488605531252,1.7002785287071625,1.986413076152878,1.8166307900235552,2.088665886729911,2.1472794335992242,1.9811641215709033,2.008298541839595,2.104987508627989,2.244988190164809,2.3084697407898105,2.3690078461658137,2.2106527230198334,2.0310171456575685,1.9514940096672697,1.9124342865878414,1.6964947766196172,1.3217335396431473,1.4116536141846099,1.7126616760981548,1.719670316925314,1.504711588791908,0
2018-05-16,0.08378823406041164,-0.07506109569263016,-0.07205157361728105,-0.05442756730325592,-0.12013107563388621,-0.06531742614124952,0.1253912773857301,-0.03679383677874971,-0.04558807340539472,-0.10506805954234982,-0.05507448214103544,0.00138856159121055,-0.019927647362317873,-0.008408987998923137,0.19655476946945766,0.5818845865640202,0.6312806309886115,0.6198523682984015,0.8582020650208443,0.798692096246027,0.7959403112264573,1.0506997648355807,1.4541186961456518,2.097162830512397,1.8932345489605562,1.9110466955928136,1.9706326462064854,2.2824884677675965,1.6665015360215294,1.9608508510322626,1.7908508707775588,2.0725391012046592,2.1348911803333017,1.9672425587915918,1.9991633101061697,2.100262845168477,2.236967618478055,2.3021711145335826,2.358854215604462,2.192933522827385,2.0067961023035963,1.9320340453822102,1.8878383528196276,1.6765012405075892,1.298720365472079,1.3864241232500432,1.6838878915696438,1.6854001596016297,1.4783238210113698,1.5941490580905353,0
2018-05-17,-0.08260778387205357,-0.08002058020155844,-0.06479571476715142,-0.1282595748738889,-0.07588450545178753,0.10480155509021505,-0.050782383760154814,-0.05637335836337705,-0.11311720740139625,-0.06413134047434906,-0.009155298908456486,-0.03067500464216858,-0.01963410003048187,0.18090487512996162,0.5606856324753479,0.6208020286923409,0.6065526928042657,0.8327891040303766,0.7753262435215916,0.7707902819739908,1.0283777168764456,1.426845164674675,2.0620715926469675,1.858443645730952,1.8785872806762425,1.9428429163835295,2.25088315889363,1.6287800935704948,1.9232650305144279,1.7670625404397993,2.044225464723174,2.1185440529172177,1.9554294877611889,1.985168733266554,2.0909337475876493,2.2321856304944445,2.2940625926903486,2.352503132784925,2.183210004106415,1.9901754099964146,1.9086549846646088,1.8688038254162636,1.654041110942555,1.281776841699765,1.3626940447990725,1.6554221358338037,1.6569494008566201,1.4475785589896784,1.5666996485035647,1.3241510024159677,1
2018-05-18,-0.08747771590641276,-0.07291521390613598,-0.1357719638922353,-0.0860075896086032,0.08672241960520315,-0.06252047029876966,-0.06898904613373025,-0.121425731106813,-0.07324817403132552,-0.01927491981667849,-0.04046066818113385,-0.030389761632249643,0.16412266723391444,0.5359792907022899,0.5988407979347181,0.5962320114855519,0.8174711558877514,0.7514333148491255,0.7479091967876285,0.9987705522963669,1.3995873923470823,2.02695026413137,1.8263865420382337,1.8439983510325226,1.9099837096691952,2.2202556358731087,1.6039501830267764,1.8811886804951539,1.732309355039746,2.018138838201621,2.0897749269733783,1.9399377995557785,1.9732983916513342,2.076566902173632,2.222578432371959,2.2892558059531325,2.3443171978165314,2.177041788960586,1.980947185895402,1.8925631385200705,1.8459626216374438,1.6365691464669647,1.262889988723482,1.345259990449889,1.628711007966455,1.6288038843284633,1.4219457839353793,1.5346636466351755,1.2999065272463892,1.3991046009038888,1
2018-05-19,-0.08050064986746443,-0.1424193565204688,-0.09515424901634843,0.06926920073391794,-0.07321105663512063,-0.0798123606080562,-0.1294801353577707,-0.08301897144269683,-0.029561670257247243,-0.049855751488410815,-0.0401821702220183,0.14816860937945786,0.5087742720635381,0.5731854834559434,0.5747520341158237,0.8058034779198785,0.7368864791382578,0.7245191264439954,0.9719285263161234,1.362862045760691,1.991818001342665,1.7943075683732712,1.8121248478422922,1.8749618495141622,2.1839083627443063,1.579873449086328,1.8537426665238328,1.6934717610514463,1.9797156298981826,2.0632751329213583,1.9129370325230635,1.9577215278253206,2.0644045614711666,2.207677567719534,2.27952830073837,2.3394885833862946,2.1691257221882645,1.974989551734442,1.8835733602806268,1.830208601435911,1.615703406850153,1.2480322477427008,1.325798450806417,1.6092372170291558,1.6023877412543213,1.396593941814867,1.507998987361539,1.2717670717776575,1.3739704105587651,1.378432324549511,1
2018-05-20,-0.148749769313016,-0.10264408687460878,0.054116568848799826,-0.08345465681529472,-0.08973937752713292,-0.13726414710734958,-0.09376634618037662,-0.04093475446551579,-0.0593449119571873,-0.04958369914063459,0.13415388773743747,0.48307017540669217,0.5448883188091419,0.5496958411217383,0.7802186203061229,0.7257334421741559,0.7102273907755307,0.9444296988635978,1.3296942756836942,1.9437362555482114,1.7622280086698312,1.7802299721267043,1.8426947985287019,2.145109310598947,1.5515780619787019,1.8271365548360463,1.6679713499708948,1.9366818340279182,2.024192160088683,1.8880412898150885,1.9305446862500482,2.0483934222915594,2.1950963543511786,2.264396417831146,2.3296551846931726,2.164373200799455,1.9673842512630277,1.8777171044959784,1.8213711419684093,1.6011901683421965,1.2304715301084808,1.3105202667532332,1.5873860008251568,1.583115789062913,1.3727511609264094,1.4816241625514108,1.2482175133122984,1.3447492429510337,1.3535435185269091,1.5142712898929553,0
2018-05-21,-0.10969271419469956,0.043530729926054355,-0.09270006146409865,-0.0992378998534581,-0.1446542275577123,-0.10334475472707513,-0.05463295232046686,-0.06962563832443015,-0.05907995510722873,0.12071749093108146,0.46113614286681626,0.5181625720217097,0.5220881885482542,0.7500521839181514,0.7017169178524432,0.6992446077672431,0.9280535906142233,1.2956336369395887,1.9004763474523965,1.7185487972452083,1.7483351365615183,1.8104053087401626,2.1094086702934707,1.5214983161114726,1.7957321893935783,1.64324634306098,1.9086606580506833,1.9804040078473224,1.85151973844426,1.9054892290153083,2.0203188492564403,2.1784622472136723,2.2516339989456533,2.314319961100852,2.154908955036433,1.9627193546975703,1.8702614138434084,1.8155796465015943,1.5929121518296456,1.2180341636166987,1.2924280055843924,1.570359519808567,1.5615010393334934,1.3552399916914244,1.456839072508077,1.2249309169521807,1.3203349078314515,1.3246206881934968,1.4877700464245935,1.406568787814308,0
2018-05-22,0.03384265156208642,-0.10024080121586289,-0.10787282225902534,-0.1516772510797402,-0.11223263618188871,-0.06617757162833243,-0.08131211469738868,-0.06937039927804386,0.10677954669244973,0.4401320046733682,0.4953987207316803,0.49600744718551193,0.7165632958895546,0.6735029293724794,0.6757469207419154,0.9156796958132918,1.2759287216629818,1.855946947374418,1.6792013074854253,1.704922329810028,1.7781145168657588,2.0736762882239,1.4937238063789755,1.7622857621994819,1.614154132853579,1.8814984513845696,1.9519296708656033,1.810660244100046,1.8687126382916914,1.9944490735336948,2.149099878475538,2.2347303940820753,2.3013980463606707,2.1402825929422336,1.9536802064163041,1.8656387018195493,1.8082195263224512,1.5873585108512194,1.2106921151159586,1.2796567785752797,1.5500569809386693,1.5446475581388388,1.3356881072278708,1.4386831429246199,1.2029905142826745,1.2961909947965795,1.300444859327671,1.4568868211171515,1.3813459959810466,1.1986337433337986,0
2018-05-23,-0.10733282421093757,-0.11509886631712285,-0.1582838645570922,-0.120717188063542,-0.07670666892669041,-0.09151627127022513,-0.08107477227193549,0.09040588535122634,0.41786329246411774,0.4736016027221447,0.47376749109143507,0.6849809412567569,0.6422610587510326,0.6481788426682812,0.8879426906586855,1.261333178605193,1.830931229219445,1.6387303312738084,1.6658115869874435,1.7341306715259774,2.0379308934499223,1.4659390299269655,1.73145083057754,1.5832115152767712,1.8494105631896964,1.9243293258030452,1.7839452261952407,1.8275615390609905,1.9563721423567002,2.1220619629508093,2.2048109212277383,2.2842572314450167,2.127916693199471,1.9398701326763212,1.8568042049340459,1.8036237617051394,1.5803494060287415,1.2055364131778354,1.2721641992315043,1.5358974867253545,1.5245637336273794,1.3203438265416878,1.4183758821537142,1.186781017685624,1.2734608843837756,1.2765373950768637,1.4311437510736817,1.352017107039695,1.1758791847586343,0.9332423552187934,1
2018-05-24,-0.12192260003843709,-0.16446434161925072,-0.12852131010584336,-0.08679269089180519,-0.10092647087874193,-0.09129085383223093,0.06749846313507142,0.39008003466818714,0.4504599575576961,0.45247101049947863,0.6582723890054362,0.6127806809697951,0.6176803321746662,0.855097004913975,1.226825852199643,1.8127912524168608,1.6157734516445896,1.625586192750373,1.694512461491161,1.9889649035730892,1.4381682736748969,1.7005973403342667,1.5546526273357684,1.815223956091089,1.8917029008935027,1.7580458775369765,1.8006713467050424,1.9137342700999709,2.082119693503723,2.177267665072922,2.253847399364492,2.1116028110385896,1.9281445111379258,1.8433871105886834,1.794919995749809,1.5758526150084116,1.1991145695632883,1.266944497136904,1.5277789662422148,1.51054161308922,1.3021680029592007,1.40247896512913,1.1687541225812235,1.2567110425750447,1.254025086838178,1.4056825654216387,1.3275166539122636,1.1495511639046798,0.9136380489360916,1.120297303755772,0
2018-05-25,-0.170396692281776,-0.13531908733142772,-0.09590898325829164,-0.10992069179661296,-0.10071100734738801,0.04981749633317337,0.34616033110359756,0.4214811541907026,0.4298804801194722,0.6327056909011792,0.5877794253277474,0.5888953320865893,0.8185246441238276,1.1855516649176558,1.767482506375741,1.5990075451874695,1.6027538968627926,1.6537606621336183,1.9449191906496877,1.4007031141110904,1.669747432399275,1.5260813474822799,1.7837161770678156,1.8569331178104276,1.727510228105379,1.7746026307526768,1.8859509354790005,2.0373490454672463,2.13651844493797,2.2258593458493197,2.082902409491009,1.9127828821029789,1.83196973323856,1.7817539359092744,1.5676290032517202,1.1947833648998325,1.2604282048621505,1.5222931370864952,1.5024850315717813,1.289344290708838,1.3836044731847292,1.1545255302312252,1.2380510999024095,1.2374242727715161,1.3817390639522429,1.3032873657649102,1.1274497599982223,0.8911400921738061,1.098472615400274,0.999092301148532,0
2018-05-26,-0.1417777083429623,-0.10338316729988589,-0.11814241301319013,-0.1097149411154979,0.034166328233655514,0.31447833067072856,0.3753596952876335,0.4016564687852043,0.6054143932169775,0.5638442301884184,0.5644588856986569,0.7840578488335738,1.1392791786630716,1.712761426600952,1.5578861846298397,1.586071137686419,1.630661320915666,1.8995746606973782,1.3668778913909276,1.627841594939401,1.4975214126241185,1.7521880164116157,1.8248952130119527,1.6950045247302208,1.743858803934943,1.859018685559851,2.0082844983428476,2.0908251519795913,2.1843998532475797,2.056464954288583,1.8860509726234276,1.8170665400676338,1.7705334643720971,1.555384953767393,1.1873630682384257,1.2560703691027801,1.5153841060162287,1.4970255365773337,1.2818280468488883,1.3703419299345359,1.1377602113298158,1.2233593674105534,1.2189389252422766,1.3641589782300012,1.2804786130144536,1.1055988257190643,0.8721006396786707,1.0732751270267744,0.9787063419847888,1.0089464133342132,0
2018-05-27,-0.11041844918440369,-0.12515545720727242,-0.11794462059116359,0.019082278016684343,0.28714035936832905,0.3422106075818484,0.3569250592685571,0.5707523370160767,0.5383489337084035,0.5410634256983206,0.7550064564360977,1.0957383819349136,1.6510132898158327,1.50837806058885,1.5452031627851635,1.6138003354895067,1.874145427137404,1.3321352648661562,1.5900700567187747,1.4589181188100373,1.7206611432466647,1.792835490258685,1.6650247413946417,1.7111276673649867,1.82721344812563,1.9801135090215811,2.06120634865002,2.1378944545502705,2.017481526939815,1.8613991064932198,1.7912823065131573,1.7559231191766504,1.5448876863923617,1.176661574956356,1.2485208760404383,1.5109155321637004,1.490155368322203,1.276598283475765,1.3626278261992029,1.1258224318240926,1.206008525368946,1.2043749272581217,1.3445263538732717,1.2636749614122305,1.0849808672472263,0.8532852429448363,1.0520775292815776,0.9552580547873856,0.9884434837603763,0.9810812700885877,0
2018-05-28,-0.13179760096730728,-0.12496176716478595,0.005870833065549394,0.2606525283663166,0.3136480438177826,0.3247021978913307,0.514164416131254,0.5061466326038169,0.5161622837987206,0.7272009261195328,1.0593167790253788,1.5929957653709645,1.452629368003244,1.4960104833612182,1.5723892282707594,1.855729469849562,1.3120843771718904,1.5512338441723412,1.424081465641959,1.677779002946707,1.7607752469467932,1.6350287163750319,1.6809429579859294,1.7933329206890285,1.9467856781480253,2.032499477109077,2.1077877987062883,1.9738071922298188,1.825266988230411,1.7674900627321075,1.730744259236783,1.5313529258715066,1.1673742539320424,1.237571294914954,1.5028288113759813,1.4856977523737371,1.270067143201744,1.357313940112556,1.1187056368237729,1.1937029809563748,1.1871855730758065,1.329123003557166,1.2449519772650322,1.069676232475312,0.8354634362045623,1.0311226044969066,0.9354588589701056,0.9648529844079151,0.960909105699005,0.6602193699687737,1
2018-05-29,-0.1316074083493158,-0.003714349121485338,0.23809735424772815,0.2859652766350691,0.29691276453381205,0.4740412505624418,0.45408867615175663,0.4847737208774757,0.6974450632854572,1.024468230971148,1.5448156751470885,1.4002240354308004,1.4406248271171118,1.5225203931071902,1.8095796921381864,1.2972579318682447,1.5291062801900857,1.388289663615892,1.639139849663439,1.7171238931536916,1.605039190237133,1.6507414516965704,1.762103377948483,1.9112563496106987,1.9985129679448808,2.0786092473070825,1.945401228325888,1.7848527608460472,1.732730628169475,1.7075011406101654,1.5083975082525556,1.1556389849241337,1.2280893793725558,1.490847625137298,1.4776641920631992,1.2657051208452135,1.350658655179794,1.1136457043570966,1.1864203683208663,1.1749814585870972,1.310872501422602,1.230214123377349,1.052709438516639,0.8220720246625143,1.0113299952299784,0.9158902728255409,0.9449400968354935,0.9377207493298273,0.6438559046616884,0.9427501014225528,1
2018-05-30,-0.012549332021135774,0.22369560062989155,0.2624310272207237,0.26998440465320317,0.4396573540557363,0.4169839445796383,0.4342143709467078,0.6594076047332282,0.9869592297058987,1.4987306455042346,1.3566023570406553,1.3885590976041187,1.4663565682314659,1.7538115960604912,1.2620469466466828,1.5128938596053478,1.367706529164394,1.5994036439734782,1.677801159749954,1.5643741745431106,1.620545745367036,1.7308542074279183,1.878527993501709,1.9622703633204674,2.0440429740242747,1.9178669897251959,1.7584052260971088,1.6938858890628843,1.6736185738367249,1.487171240176375,1.1364034655898385,1.2160646998601634,1.4805565417731568,1.4657850865949036,1.2581353171923115,1.3462616285330282,1.1073651931824176,1.1812899363181164,1.1677445786188414,1.2980018838514027,1.2128049725387393,1.0392564204199068,0.8073466891029824,0.9965900927841965,0.8973746740159664,0.9252587996955649,0.9181293556660575,0.6252981493484161,0.923032936167722,0.969166280310471,1
2018-05-31,0.21075431924191904,0.24752457296210087,0.24706828159937688,0.40629423089188693,0.38511956520502627,0.3981082001665508,0.5966034338564074,0.9383032806292477,1.4488522309447343,1.3148733733137254,1.3452132562915649,1.413562899342006,1.690858477647667,1.2198967611376326,1.4734592094224686,1.3525248619837364,1.5768195134477014,1.6373558637641183,1.5277053225074537,1.5795833815999452,1.6996072733527925,1.84577594873033,1.9288936162477364,2.007172548674885,1.8853218194079937,1.7327644933387742,1.6683811857285573,1.6357764209166803,1.4565092712375405,1.1185514603998146,1.1962309128311086,1.4673284282184929,1.4555740730884625,1.2471467348982646,1.338522007298071,1.1030738391399628,1.1749053849801963,1.1626335904576413,1.2904644913466692,1.2004628045876164,1.0234716182804602,0.795533530967866,0.980284917394604,0.8835085460668298,0.906639378403103,0.8987667790736519,0.6094086977668274,0.9003977659201521,0.9491355493868715,1.0084499554267914,1
2018-06-01,0.23415301632375782,0.23248046347792634,0.3781057611919255,0.3542149433575562,0.3670773295006066,0.5523382180383504,0.8559437546370587,1.3832554650590403,1.2697902082135715,1.303747864144143,1.3696258010761342,1.6317137507699508,1.1726161131509119,1.4260509031684918,1.3162313623653485,1.5603023800162124,1.6144120117140606,1.4900129467253491,1.5426502840285283,1.6571288544204197,1.8130210285433055,1.8954914237632512,1.9732250923181973,1.850640026104612,1.7025467209940504,1.6436520288561176,1.610873996532708,1.4223494601040167,1.093277666475828,1.1778362281579544,1.4450069094066897,1.4424650433504393,1.2376342277174501,1.3272073348234845,1.0958468712407252,1.1705846953859171,1.1562777334993086,1.2852257363506456,1.1931636791515612,1.0121496977064688,0.7818219154676925,0.9673159420986273,0.8682270511102821,0.8927022115386599,0.8804409436774392,0.5937161285231737,0.8812486178651349,0.9261191472579043,0.9879529189140371,1.0704610117235611,1
2018-06-02,0.21938055548160865,0.36080011662517153,0.32804085563240515,0.33698603105997943,0.5144969106436164,0.798648293311831,1.2696971836615243,1.2107608874210254,1.2589548675600053,1.3275954002084154,1.5826181086501836,1.1281322295481988,1.372718831840698,1.2727335341197736,1.5199391382547933,1.5976547998728485,1.4684656511613563,1.5046838014672406,1.618848477866304,1.76836782860491,1.8620841444573475,1.9392506442710005,1.8186821068532313,1.670385243514783,1.614554717732654,1.5867271526371343,1.3996591118246162,1.06527854445321,1.1516958591831414,1.4243556412511684,1.420389693904852,1.2255640508210919,1.317439049847753,1.0855166152015627,1.163215410860758,1.1519651346791426,1.2786813266288175,1.1880262265157133,1.0053105808363023,0.7718021557118264,0.9521430892053673,0.856007004527987,0.8773374901342552,0.8667046583854531,0.578770879678715,0.8623244718580935,0.9066652227110721,0.9643695843215848,1.0492278907672066,1.1864185697046825,1
2018-06-03,0.34538316490092275,0.311773598897395,0.3114783428195554,0.4777601056296978,0.7499305092982077,1.1916131741329399,1.1092974250283203,1.2003229537872309,1.2821804272234725,1.5356581720786922,1.0909446196191372,1.322574132375388,1.2239019219945624,1.4713748107047617,1.5565599355630702,1.452640502145501,1.4829974515275255,1.5794844379099702,1.7281547804643722,1.8164901280156371,1.9052691629381755,1.7867025863597619,1.6407183726186116,1.5836065764252154,1.5583455900534366,1.3776510121450734,1.0462890783732337,1.1227059194041038,1.394611858094108,1.3999617222194403,1.2056362118671715,1.304988467678979,1.076520484311293,1.1526118730230974,1.1446351012197125,1.274315562769374,1.1816313144314077,1.0003687068579845,0.7655501563819044,0.9412055316771193,0.8417809818759159,0.8650565547486521,0.8515752820682224,0.5673477080308772,0.8444024919313429,0.8874389293608641,0.9444624246290355,1.0247496276629602,1.1638090078417374,1.3466359274090711,1
2018-06-04,0.29724190973906894,0.2955546063923488,0.4468073974637051,0.7025806261890871,1.1255429804237334,1.0392725103138019,1.0995913689979475,1.222696671248086,1.4848166370522589,1.0553640706245158,1.280788616565128,1.1779671859390233,1.4167123069671617,1.5070847972043644,1.414386035605373,1.4670794975190995,1.5570891070698814,1.6867859445433697,1.7754410006013894,1.8588470462560747,1.7547228181068135,1.611036107842836,1.555042667234949,1.528172525631082,1.3518982816677723,1.0278591740287744,1.1031212439682268,1.3615018749880659,1.370574508927189,1.1871562141302827,1.284274257180568,1.065218287542129,1.1434013860436778,1.1341069347714867,1.2667276078277685,1.177307703482499,0.9942624212893861,0.7608579031038262,0.9345397162017087,0.8314381249009787,0.8507535536615596,0.839466526093028,0.5549282862682996,0.8309425384481645,0.8692386297611829,0.9247868059575318,1.004127015812396,1.137657273408464,1.3221245513916222,1.2901782723557844,1
2018-06-05,0.2813157805167349,0.428076823750911,0.6629320539738066,1.0612609155344093,0.979929323879045,1.0300541235074103,1.1203963063449045,1.417900807197465,1.0170492635478958,1.2408142809039775,1.1396011446340752,1.3653230518882284,1.451374066913156,1.3684469623875413,1.4285422141057535,1.5406979786874,1.6633735806618215,1.7332048841937004,1.8170620075933475,1.711187523492419,1.5813614091696513,1.5264663525276327,1.5003131863227892,1.3245719530572722,1.0065045734023084,1.084115861879295,1.3394421850310414,1.3378722178648084,1.1608796134112447,1.2650809538330798,1.0468780125957333,1.1317803883930158,1.124955567412773,1.2557041707387193,1.1699242464837325,0.9900201925475565,0.7551199969579544,0.9296715235777131,0.8250404476779113,0.8403623468178616,0.8253812021622614,0.5448021439225513,0.8161369017992238,0.8555882403808504,0.9061726153232589,0.983742116817401,1.115696801988169,1.2936605989434231,1.2663370607265694,1.380175699991851,1
2018-06-06,0.41144506923957336,0.6397188749119801,1.0077388987352203,0.9222113565419313,0.9711179994652587,1.0498137415589484,1.3019132949901355,0.9672897044366092,1.1976626783610527,1.102894479489934,1.3225266659641453,1.3990042462436474,1.3168057900557397,1.3822510567899398,1.5007187287025325,1.6463036836798872,1.7093525489002392,1.7740625168432862,1.6719679288766374,1.5411504300115306,1.4979013656901434,1.4724433504578764,1.299300388398911,0.9839409353117141,1.0620539142218723,1.318043836904117,1.3160574388585022,1.1317339100534638,1.2376653145747651,1.0298380699087593,1.112781090137147,1.113422495359511,1.2461643242415437,1.1592934941231625,0.9830315479999375,0.7509816378498292,0.9236739737619784,0.820286257538466,0.8339428696330515,0.8151267175309292,0.5332233316352294,0.8042649950647822,0.8405594963942448,0.8922390274551347,0.9644745804823806,1.0939855844437447,1.269851620802448,1.2386878914514616,1.3552661997314943,1.367371704193468,0
2018-06-07,0.6192655398774586,0.9773741385827915,0.8740676568914769,0.9137972365826497,0.9900050790163024,1.222210625321722,0.882897734559242,1.1412787738593857,1.0633400142551193,1.2815863367088516,1.3554114118207536,1.2682428453808432,1.3302046807680927,1.4526324398096053,1.6042559327704624,1.6919890146745875,1.7498229217274406,1.6316296206622094,1.5048850684927142,1.4592907860339719,1.4445872454726894,1.2740253384961282,0.9629988099155283,1.0387242971554682,1.293040581023373,1.2948958827109358,1.1120556634852812,1.2072172663030782,1.0058610139797226,1.0951433574774097,1.0946049563820792,1.2340534869739777,1.1500616606847724,0.9731589295258348,0.7444968998212721,0.9194624045579072,0.8144569476539858,0.8291794109547832,0.8087688855806429,0.5245431776456443,0.7904791068742278,0.8285243634360554,0.876878499064506,0.9500939510042848,1.0734963244919944,1.2463078426456444,1.2155302931378358,1.3263182094268882,1.34261419008987,1.3866007889565044,0
2018-06-08,0.9508238262598916,0.8464753496066487,0.8659789878433412,0.9318329081298613,1.154789319758553,0.8242480026187694,1.0446871955520072,1.0118826525670868,1.2373713431114126,1.313709991563367,1.2277420842472917,1.2812626875046398,1.398520097323119,1.5535945277824075,1.6490464243300398,1.7322009300116692,1.6087400435111796,1.4676112408828015,1.4244476581266203,1.4069989980354534,1.2487728453514675,0.9420649294502326,1.0170858721702136,1.2665258509051855,1.270183679099653,1.0929598122133084,1.186756668114384,0.9793445460325887,1.0702117235845205,1.0771320947861485,1.2140415951395516,1.1384089155341277,0.9645217592367967,0.7355919018125376,0.9126224997371642,0.8102928160073779,0.8233364229619656,0.8040316361799953,0.5188951790132155,0.7804126967177472,0.8145321171209211,0.8646006313046114,0.9342096859394435,1.0582797496760195,1.2241305398174704,1.192632275692608,1.3021222663782546,1.3138509839445602,1.3616150215219038,1.3647508682635918,0
2018-06-09,0.8222886519799552,0.8385544462902309,0.8833170551530839,1.0891888632499656,0.7743997953391952,0.9779085448577415,0.9243639546272243,1.179531046732269,1.2686571690525645,1.1889954679249306,1.240454050302181,1.3476454916682565,1.496518556577607,1.5972710167304396,1.6884707081271502,1.5920190547774742,1.4462762748167044,1.3886491397338103,1.373064390308271,1.2149394637801403,0.9211683717523217,0.9954538055629367,1.241992055447459,1.2439841265527458,1.0707866645857183,1.1669044007318563,0.9612457478595757,1.042603817803387,1.0524637344367402,1.1954853543192603,1.1193439890327916,0.9537534262666475,0.7277137112282511,0.9030354969443319,0.8036830467286753,0.819168434585,0.798227326704427,0.51445972453047,0.7741396636813281,0.8043360941938198,0.8503015084515035,0.9215486503265118,1.0414161233586265,1.2077589479801631,1.1710498081793947,1.2781948614592575,1.289802766914031,1.3325743058929982,1.340024464040593,1.2805377525256216,0
2018-06-10,0.814510774917885,0.8555329076460787,1.0345866174934473,0.7259468647246595,0.9212750475608897,0.8636308018514811,1.08025733010347,1.2096694046568737,1.147195370992642,1.2014132257464503,1.3052671213926466,1.4428716186111685,1.5389129712385425,1.6357147630612476,1.5510345779125898,1.4305928346638201,1.368062598069301,1.3382082966935869,1.1843417081542822,0.8936170146627226,0.973856686919852,1.2174567736559179,1.219736837670652,1.0473366301915652,1.1438015061329745,0.9436769851505625,1.0238493652418938,1.0251568482861946,1.1690870052092688,1.101646725994528,0.9365167514294533,0.7180741700730358,0.8946223571643639,0.7945379589575052,0.8125399550105143,0.7940702442662056,0.509100790929306,0.7694384676478654,0.7980046214239885,0.8399127375121486,0.9067651089912716,1.0280385831223513,1.189542148356487,1.1550852231327708,1.255664185095304,1.2660218136574342,1.308304233422295,1.3112990811632363,1.2568109759197554,0.867040270540768,0
2018-06-11,0.8311826594055011,1.0036650132971308,0.6853945065331568,0.8662011480999819,0.812043542303885,1.0116915003676519,1.108282473866843,1.0926624523398207,1.1592892566835111,1.2647262504190397,1.3982414663752487,1.4840667143594501,1.5762282445657387,1.5016968629810008,1.392770216200209,1.3528786569121753,1.3180998471418588,1.1529469929105693,0.8686019315852358,0.9452949978218188,1.1929465648621753,1.195488838715168,1.0255887419723628,1.119344658107514,0.9233808546125004,1.005646683551441,1.0065832258514071,1.1398020981351369,1.0766200313108762,0.9204778675362096,0.7031709270447145,0.8841872133471664,0.7864714473697579,0.8033589390176841,0.7874946730676691,0.5050692883310031,0.7636873641707507,0.7932785789736225,0.8334943586265241,0.8960720766047997,1.0123492035772252,1.1751746210979446,1.1373452569361846,1.23905080292529,1.2436260396174668,1.2843033385572873,1.287281102010173,1.2293009362866785,0.8482217971010384,0.9590581664047135,0
2018-06-12,0.9766399716177792,0.6617154375001403,0.8202238750585026,0.7618936745120928,0.9535662267993158,1.0383085541644848,0.999479709356488,1.10431277144395,1.2209509909626686,1.3555487789424148,1.4384624347864519,1.5203263553966364,1.4461442894486052,1.3473687588564072,1.3165782275058877,1.3032349850122311,1.1345945006903155,0.8429982257792742,0.9193820588406132,1.1601836877833682,1.1712668899183794,1.0038469155516396,1.0966815438313469,0.9019634231203058,0.9845713730821036,0.9885553796409708,1.1200402283639872,1.048903435671505,0.8980993473949153,0.689248663485563,0.8676393051696727,0.7765518259884762,0.7952642461418761,0.7784152537508515,0.49910294716188575,0.7595452838939676,0.7874908082301038,0.8287313669045175,0.8895165124883375,1.0010872175798584,1.1582336542736245,1.1233265829268233,1.2205507310918602,1.2271049622594912,1.2617049677449135,1.2635301257845635,1.206254565407784,0.8266792527548072,0.939147420945715,0.7216069674980838,0
2018-06-13,0.6408649146917206,0.7937483326461049,0.7199509246866796,0.8970366778091903,0.9790079337778607,0.9349724549577019,1.0103131419077631,1.163712942673333,1.3094047435567082,1.394838865379139,1.4738646556155917,1.3939224168300925,1.2963463135197542,1.2730717722357154,1.267906927138625,1.1209015657744528,0.8275835127871266,0.8928469905076315,1.1305372617902874,1.1389197344176587,0.9821396637592034,1.0740220116417498,0.8820632364830913,0.9623101754898058,0.9676949677648171,1.100863526057413,1.0300836903555213,0.8734106007066118,0.6702500580648625,0.8522251909876427,0.7610696027621296,0.7853027121678096,0.7704002510200164,0.4911933945212934,0.7530424932250152,0.7833383891143535,0.8228890680255354,0.8846951946714062,0.9942751239780266,1.1461855509607408,1.1068266524789,1.205975960747659,1.2087130311767038,1.2450452667039351,1.2411619647541043,1.1834668158959234,0.8084036063803305,0.9162768966629731,0.7045148183357345,0.5584108623491661,1
2018-06-14,0.7705137168006858,0.6955551267650685,0.8498667130437887,0.9213315016555843,0.8802349149309122,0.9452615745945656,1.0655483455786772,1.2489224832642702,1.3476700907296617,1.4294217302721053,1.3504497508123015,1.2483621582289983,1.2242302315104312,1.225610995661082,1.0891448760035252,0.8158512538875542,0.8769597972829566,1.1001293783612818,1.1096427494301804,0.9534191433036043,1.0513939326054367,0.8621741178038533,0.941642978259186,0.9456664816947365,1.0785910005827657,1.0118178804116025,0.8564097610493663,0.6494258116493922,0.830844331272217,0.7466221551133823,0.7697338474758693,0.7605572361352129,0.4840960088689501,0.7441028298495119,0.7767854412611576,0.8187212739536727,0.8787668206666126,0.9893447392956372,1.1390190132240485,1.095055562473855,1.1887729876506534,1.1942173770397302,1.2264909294712873,1.2246597811673936,1.1619859204661442,0.790345426808086,0.896939594414473,0.6850711321162607,0.5432558857078165,0.7122146766216325,0
2018-06-15,0.6740935670823793,0.8227763534871606,0.8732218340341268,0.8270110578391839,0.8900696911186295,0.9977215512498575,1.1447832405602132,1.285784375016049,1.3813509871434655,1.3088631642095652,1.2083315093863092,1.178286207726432,1.1781626127366542,1.0512950085202737,0.7900695902974514,0.8649122047288929,1.082277505944543,1.0796180939859077,0.9273650550062374,1.021345417426272,0.842325875534039,0.9209847708493564,0.925210826741919,1.0550333509189138,0.9906649760073344,0.8399025587542039,0.6347464753194416,0.8072962817040134,0.7267849120745621,0.7552078086777452,0.7452333734083701,0.4756177190762148,0.7361974485321053,0.767749464152604,0.8120937370185762,0.8745747565317727,0.98325540913257,1.1339379319824952,1.0880139243422264,1.1765603191722744,1.177114426302934,1.2118764583432071,1.206289985296866,1.146090834534085,0.7732211222551301,0.8778289173225441,0.6684734215281246,0.5261674060633209,0.6952340159520907,0.5759831631653421,0
2018-06-16,0.7990175841549264,0.8456470698197002,0.7825496237261942,0.836402493533762,0.9402131579483073,1.072975383312845,1.1790604834782858,1.3182299595836455,1.263936753594093,1.170034135212164,1.1399126226146645,1.133521821156666,1.0089634756523835,0.759658146410913,0.8381695833744137,1.0689186850535333,1.061960633135111,0.900683569878264,0.9941111745928639,0.8162863735360462,0.9003648238784192,0.9047647347621764,1.033187636949351,0.968319752724384,0.8209112425449868,0.6204838168731488,0.7909806877377471,0.7050017907844436,0.7352450677504241,0.7309295721486417,0.4631150080427741,0.7265174679859606,0.7597685365117263,0.8029145311177569,0.8678294773604123,0.9790179612000178,1.127626210361434,1.0829859458011348,1.1693195823859484,1.1649645814970282,1.1946232936831207,1.191810525370028,1.1284322908143125,0.7603069657105829,0.8597351163564515,0.652078703060862,0.5114525694750995,0.6759258769946433,0.5606195995712537,0.5591093670793758,1
2018-06-17,0.821475328284597,0.7568554766588257,0.7915778067789561,0.8842855500716686,1.01214395686291,1.105530406989471,1.2092310778506896,1.2051221195409925,1.128728575805403,1.1031987485631043,1.096206765267688,0.9691092515184341,0.7258872861402378,0.8065618249122302,1.0381801849423407,1.0487315626661153,0.8847220994099417,0.9662054933478869,0.7926148369445009,0.8732123880722046,0.8843576247085775,1.011347719729347,0.9475761734314356,0.8009067813481203,0.604251376124539,0.7751360147539014,0.6897464339978238,0.7133184556729798,0.7113217101362556,0.45137023037101054,0.7115306288862667,0.7499761997707467,0.7948212580373638,0.8584241783388702,0.9720525099657423,1.1233260561053042,1.0767525908464708,1.1642069544481082,1.1577521706129548,1.182379100070629,1.1747280481010114,1.1144731858158032,0.7461407636624893,0.846157597005821,0.6364866772491954,0.4969244824307656,0.6594365299013024,0.5432775207469127,0.5439460990381307,0.521193837591647,1
2018-06-18,0.7342870281422155,0.765696407677054,0.8376087879418838,0.9529737906144269,1.04326142686475,1.1341851157850147,1.1040540311817961,1.0748729624884021,1.0636363475741513,1.0605044281430234,0.9356820074122607,0.6940411600191797,0.7714141598290541,1.0015978811084683,1.0183884680997797,0.8726249341688692,0.9496229881597423,0.7684048167456979,0.8485518160132897,0.8575121371438326,0.9895420434925901,0.9268413770098489,0.7822910302725519,0.5872344733780762,0.7569590447914039,0.674926850580699,0.6979769003311277,0.6898008567175232,0.4358487325288994,0.6975325366082965,0.7347570986051141,0.7848618356526234,0.8501535629056083,0.9622244281741429,1.116056395410475,1.072474533147399,1.1578486775784003,1.1526515858028878,1.1751241492494933,1.162591062604079,1.098048565260373,0.7347366698486008,0.8312142247299347,0.6246209585449027,0.4830518834446555,0.6431492401331946,0.5283599438525102,0.5268475387429252,0.5064806349595963,0.5747593366958844,1
2018-06-19,0.7429683201397449,0.8107726679593843,0.9036402265163055,0.9826885205607186,1.0706508107648758,1.034292564545484,0.9829375668877353,1.0121681172900183,1.0220555535023752,0.9036948867393111,0.667118363654183,0.7382800989390955,0.9607251516089776,0.9822984121399955,0.8457312434381798,0.9371113438901609,0.7536971204958355,0.8233158510405131,0.8331243420418378,0.9606795776899166,0.9061445805180744,0.7636898272024679,0.5713345092719027,0.7378364309434592,0.6580098668964717,0.6830739759018868,0.6747030508930151,0.41900011399074066,0.6784128444726804,0.7205483249565828,0.7692973360257335,0.8399303882820315,0.9536221914560106,1.105644159041279,1.0653120702807826,1.153535396431012,1.146311081659772,1.1700054780288704,1.155384449718032,1.086324777118732,0.7215422123407094,0.8192415500579739,0.6116830657533198,0.47236265573960856,0.6276561710758676,0.5136308654374159,0.5121246431609299,0.4899292623822704,0.5594103001826044,0.6447599016423219,0
2018-06-20,0.7872306469083528,0.875434559511557,0.9322056163079204,1.0088432222745607,0.9751692808640038,0.9192614527332952,0.9246294033925334,0.9721123790499071,0.8693358196960328,0.6413469325792271,0.7103111984448947,0.9222355679542679,0.9419921968799744,0.8139354158397725,0.9089545566426748,0.7424367250897659,0.8080876929819517,0.808171333649129,0.9344993462368224,0.8788813141962999,0.7451338812447698,0.5554564513197707,0.720022307544455,0.6402516794993715,0.6660545538209645,0.6600357955120959,0.40670903815856957,0.6574501508827956,0.70109220731553,0.7547752567114092,0.8238206615764017,0.9429058134046266,1.0965837246261143,1.0551056792588842,1.1462020527727965,1.1420028117765508,1.1636382827440603,1.1502863300026491,1.079304466424778,0.7118472775965297,0.8053282663905974,0.6011776079217032,0.4608030943369652,0.6158581619879802,0.4995731254800644,0.4975885666435794,0.4756438169747158,0.5420858833247966,0.628579943516391,0.5850983612562561,0
2018-06-21,0.850724950904119,0.9034074793316993,0.9573486766921038,0.9176658908367722,0.8652176738048422,0.8638829134597636,0.8873822572296461,0.82499393607629,0.6138302594775015,0.6835401039376153,0.8899167309465615,0.9040325600844458,0.7785713072750011,0.8755862761961746,0.7180930332522779,0.7964799409821844,0.7930867194704929,0.9076870104814845,0.8541222499270253,0.7209580976534439,0.5396329129579388,0.7022249040795873,0.6236778637420137,0.6481854369157869,0.643306045452759,0.3947554676841795,0.6426876458238072,0.6797448541809454,0.7348188384662271,0.8088040151111667,0.925776539470301,1.0851858925031737,1.0462067052990403,1.1356675299549508,1.134693779445838,1.159322486927142,1.1439494637395478,1.0742855555227224,0.7057417351859194,0.7951818396088975,0.5891192474926017,0.45130602928186697,0.602999595166323,0.48875721795182314,0.4837086082430409,0.4615414169761413,0.5271824263203121,0.6102452954973455,0.5696265983197321,0.5590574121820872,0
2018-06-22,0.8781927689971953,0.9280290517061889,0.8696980058838126,0.8126707768146297,0.8122845212534251,0.8285072057892904,0.7505793323691236,0.5788595351473446,0.6549229751414596,0.8589888108001486,0.8721441638187977,0.7452347739046172,0.8384124758557118,0.6894717477169087,0.7710777036613111,0.7815747687617016,0.8916591594867291,0.8287841171636797,0.698942799368046,0.5193977413479264,0.6844754917628503,0.6071241284061897,0.6315107826585106,0.625750611462338,0.38136123664364674,0.6283445757507098,0.6647512743775266,0.7128994555672888,0.7880578497551016,0.9098350772947381,1.0666479207152502,1.0350490050785217,1.126511176803036,1.1242059401638107,1.1519769437614826,1.1396422196065215,1.0680655821971874,0.7011117499823708,0.7888727287213225,0.580137891098563,0.44052252553586757,0.5925521725327041,0.4770492433638974,0.4730143449734058,0.448060934889372,0.5124673459901722,0.5945342074308531,0.5521529711691833,0.5438947608565369,0.28295754245932714,0
2018-06-23,0.902369754292131,0.8421963287996133,0.7687640124173217,0.7621237904054448,0.7784709220631971,0.6985777809370419,0.5217031610660415,0.6184450961967446,0.8257957394443002,0.841627575448644,0.7171014184217495,0.8033830627555768,0.6577611303649481,0.7411386147450836,0.7564644793286904,0.8795176918335215,0.813504129382487,0.6764508257820366,0.500884362928624,0.6614628714322736,0.5906226144185329,0.6148559356111092,0.6093611050897172,0.36741780260516127,0.6120132972520376,0.6501847898513279,0.6975622429763155,0.765235492024615,0.8876121245418843,1.049428650244549,1.017007432548658,1.114970689633769,1.1150862045262009,1.1414189949854014,1.1323381635349097,1.0637912976320918,0.6954657363651534,0.7841561937176343,0.5743540864947387,0.43234190188340327,0.5805671828791035,0.4674435986267432,0.4614488840978914,0.4376400070595333,0.49842250021347223,0.5790184630528026,0.5371302277361935,0.5267969503617974,0.2710722553833123,0.30799403018592253,0
2018-06-24,0.8180868966430129,0.7433557904081611,0.7201721398955248,0.7298344696994116,0.654278876609425,0.4812012202376765,0.5585130974978312,0.7830507722563225,0.8088873088877381,0.6901731697327365,0.7738746931661712,0.6278422625330108,0.7079113745301798,0.726888841884032,0.8524889925291655,0.8018617861877372,0.6626146946204782,0.48202499555748646,0.6404812462285304,0.5694096828000188,0.5982529659915349,0.592992178506161,0.3543117206628128,0.5948893641014721,0.6335789020361494,0.6826635173326879,0.7493558395506277,0.8631012492689184,1.0251652356302685,1.00023843825892,1.09613782217209,1.1036001767188532,1.1322442670393382,1.121859879854894,1.0566471395071027,0.6913532876165723,0.7783824536523222,0.5698608923272578,0.4269191312095534,0.5716319103962971,0.45652282343598394,0.4519475029647614,0.4263947754221709,0.4876154153273194,0.5642360944714794,0.5222968899996699,0.512074654209091,0.25795905118740786,0.2958115546690313,0.22772948664186363,0
2018-06-25,0.7210311031751031,0.6957717537862701,0.6891317422967101,0.6112408600030502,0.4465011562226862,0.5161616852592135,0.7115771014285432,0.7667624910066754,0.6613830414963688,0.7456324726813673,0.6024848504584106,0.6765737788591483,0.6940798877498584,0.820525090192719,0.7763541345638743,0.6519359823949977,0.47003168561676223,0.6190615208389801,0.5500273943702201,0.5768937175206923,0.5766761018773693,0.341235114614049,0.5788921059066249,0.6161575972224546,0.6656492561786055,0.733932656290039,0.8462072614821307,0.9983213531449778,0.9766940449390386,1.0786510563423504,1.084879887330219,1.1206764519756542,1.112747639416335,1.046475897946348,0.6849942494544717,0.7742339906788428,0.5644167489990525,0.4225794353388068,0.5658688840805546,0.4482559800995666,0.44115854263373705,0.41712767528501443,0.47591777700591137,0.5529243711043625,0.5081431127251075,0.49753917195006414,0.24642225548280614,0.282337029959661,0.2164997683493084,0.2529737939576121,0
2018-06-26,0.6743062825103958,0.6653751598818574,0.5751252312533894,0.4128295222630922,0.47991784890778894,0.6615351706329803,0.6964309071726529,0.6246682271566613,0.7153958898701457,0.5782093100782304,0.6500640281051906,0.6631335786154717,0.7849675491371102,0.7462838133793588,0.6293649303022145,0.4605828736286561,0.6057693412134693,0.5302666905822064,0.5573814010916022,0.5557306035214593,0.32822255698539715,0.5629164902573823,0.5998900185966598,0.6477857279891249,0.7162737593671826,0.8298033688422923,0.9800258687548415,0.9506722713582855,1.0539604930858963,1.067495239350109,1.1017870924511717,1.1012727588363596,1.0376044944323515,0.6763306251106459,0.7677002354020478,0.5603612203488317,0.4173618181516078,0.5613845240739787,0.44279433474291363,0.43297449172051117,0.4066349038006337,0.4663196943228294,0.540635517840532,0.4972614931598019,0.48365976094398727,0.23504479401245373,0.2705113759410292,0.20418360204879904,0.24144442036140173,0.1043135145166883,0
2018-06-27,0.6444585541579797,0.5537332388139679,0.3843882731231354,0.4447398285565453,0.6188719813057645,0.6471499788662496,0.5642998805815764,0.6767000501258951,0.5523393526410807,0.6246873059140926,0.6369416440052893,0.7514500689628492,0.7129055416362831,0.6029504376588665,0.4417598584665317,0.5954536626429857,0.5178161326553588,0.5374858168561784,0.5365859761096977,0.31204131363014787,0.5469950623666879,0.5836433501107576,0.6311161540546331,0.6977121615961164,0.8109390354376483,0.962266940116014,0.9328706486378454,1.026628220750364,1.0429677424771904,1.0842490835345802,1.0825755129306658,1.0264877983301404,0.6686417625940098,0.7587011126087414,0.5542783207231485,0.41337016165558244,0.5559534178179848,0.43843811079239137,0.4275501757652489,0.39863688800048386,0.45540847942979973,0.5306048999325451,0.48547653288870896,0.47296587222047853,0.2240743588186415,0.25884754798743514,0.19328399967837429,0.22876393434556233,0.09454877009489539,0.18726239442064238,0
2018-06-28,0.5348325301615053,0.36695232402730565,0.4150643162603225,0.5774300671550876,0.6051220059496306,0.5216577183197808,0.612683383180857,0.5196239259347106,0.5976051386918848,0.6118686288432191,0.7231697423730024,0.6814266632252678,0.5737795562056253,0.4200113681975059,0.5739889308066366,0.5080621530252077,0.5249668340750908,0.5170718024891823,0.2971305563159939,0.5266187168517047,0.5674499474270612,0.6144664010946339,0.6804080199017385,0.7910720826409527,0.9417370676007248,0.9155892098048157,1.0080393481903978,1.0158219156989448,1.0594766930081192,1.0652117673417782,1.0085309892727672,0.6592837994200804,0.7507490926628807,0.546144948100638,0.40759712732678827,0.5519015651491888,0.43319610218060006,0.42320982289790154,0.393296451452794,0.4471476408808325,0.5191468540476762,0.47581456511674325,0.46140085014873145,0.21537089144327287,0.24761332948472872,0.18253823480594045,0.21757307594395164,0.08401371314587038,0.17651302913028766,0.06076953782272657,1
2018-06-29,0.3514242830565976,0.39699212048503313,0.5426222107443261,0.5642999250049859,0.48517119000777154,0.5676102494624529,0.466620980801012,0.5632295019646933,0.5851207902747616,0.6961010472053325,0.654802157856984,0.546236489313724,0.39621045769913854,0.5489517172666655,0.48830916032696375,0.5151671876469237,0.5047463093222807,0.2820082544165975,0.5079798808373039,0.5466813664602587,0.5978685428894386,0.663121979885053,0.7725813311352893,0.9200665192755124,0.8956462426906259,0.9899967574072263,0.9973450457139669,1.0320508616530828,1.0407176483489882,0.9918388826335617,0.6449626327405759,0.7409997488627131,0.5388720030943188,0.4000587698339399,0.5458364989454383,0.42919756818767446,0.41799123614356204,0.3889917610125055,0.44168870295938134,0.510542552986352,0.46482258374619556,0.4518997900461988,0.20613777010269685,0.23872937249267356,0.1721496799248307,0.206538567554982,0.07453802174977091,0.16478087408165654,0.051521669677053225,0.08745126396345203,1
2018-06-30,0.3809216565863981,0.5219043580164318,0.5299999311807936,0.44975635503162537,0.5290945648928398,0.4288865785095127,0.507169060433688,0.5512030411079953,0.6671563118059908,0.6293157754624421,0.5228087830235717,0.37369074069530595,0.5213659076133424,0.4654029233569636,0.49527502850227345,0.4950757980048482,0.2719107578802488,0.48899037398351575,0.5276939609527369,0.5765166659764754,0.6458856703628935,0.7541054663087305,0.8999362412749805,0.8746112483132731,0.9691182222763556,0.9794107445411491,1.0134057858172094,1.013609984908438,0.9684172669784704,0.6315683617420875,0.7258695224517699,0.5301326128260869,0.39325254129714265,0.537737370738066,0.4233911688088721,0.41399930626477555,0.3838258033241061,0.4373336301103415,0.5049287548797269,0.4565110160730627,0.44111123557687054,0.19834273793491194,0.22928479649225206,0.1638443550818209,0.19588403978713162,0.06520388451054507,0.15434816052408648,0.04161502882972833,0.07788667804657032,0.16344973316350467,1
2018-07-01,0.5035783774497316,0.5095438750419702,0.4198868078131525,0.49169971427523884,0.39649660666980263,0.4673973681794569,0.4959858600975349,0.6302297516410769,0.6021128914155208,0.5003772811611661,0.3543431688865235,0.4953055992532118,0.4402695947287755,0.4721955405794756,0.475577169285976,0.2637272131517649,0.47693104428008926,0.5083428765199511,0.557010900460062,0.6236130344413108,0.7356752849187755,0.87981640782328,0.8550587093456665,0.9470701107162696,0.9586653133141269,0.995308854936507,0.9951560406083315,0.942535873957081,0.6134128786326517,0.7117413657350246,0.5170901564235045,0.38520727463642346,0.5304912862798867,0.415788742477867,0.40822494566428263,0.3798487129327181,0.43209332024428393,0.5005078411977828,0.4510292054325248,0.4329274395838666,0.1897110227099914,0.2213350632465839,0.15507768214584286,0.18739672714292968,0.05611563476221123,0.14406525685698443,0.03264172578104154,0.06759497300435507,0.15298302923321797,0.13523822393595758,1
2018-07-02,0.4914410853805423,0.4017145895472346,0.4602078340559999,0.3650791207695888,0.4333068499737281,0.4567760544234441,0.569471447115134,0.5675719241617642,0.476537289632559,0.3358106682096787,0.47308223953413797,0.4165034645656277,0.4468628223004062,0.4529875948659048,0.2487600135038665,0.46743817065382687,0.496100118501937,0.5371221116074603,0.6032890142275401,0.7116808759376003,0.859736666030139,0.8355181802520365,0.9265966155601858,0.9367613386309686,0.9743635278106032,0.9772439051177051,0.9248185813990533,0.5935526347649562,0.6924139808431019,0.5048557839758347,0.37359970647774143,0.5217918443352991,0.4089322597870823,0.40068404141406994,0.37414634367534394,0.42809526523603075,0.49517036628093497,0.4466644079478482,0.4275032385668912,0.1828819294253009,0.2125077677799013,0.14762390550310045,0.17841684433203714,0.04870002343433665,0.13410306143987016,0.02380564304564132,0.05831382971415411,0.1415945327315195,0.12510639662788964,0.27819501020789944,1
2018-07-03,0.38555885291716246,0.4411993241293653,0.3384848160217776,0.4002300002906028,0.42315454858191076,0.5265694456529161,0.5112070045930419,0.44660204980871515,0.3162627993280581,0.4518016185385033,0.39614351388165797,0.4229101726963053,0.42821870426393227,0.2318117012152546,0.4484808806602842,0.4864848246836875,0.5246065761242431,0.5825514346508144,0.6898267605734096,0.8333633010328374,0.8160197132568763,0.9061326350409609,0.9164188685439061,0.9522430878717884,0.9565257187835355,0.9076186771238645,0.5794523992149726,0.6712138171453114,0.48855247913529415,0.36266689922800927,0.5088319688726821,0.40081225268556836,0.3938758152581424,0.36674367994057594,0.42229118957293205,0.4911449142531638,0.441409746885521,0.4231629345670596,0.1780685360065856,0.2055558312727061,0.13942362126110305,0.17080708248902182,0.040975704469499066,0.12608946641308647,0.015176170677752248,0.04917256231526694,0.1314365575980615,0.11412504177924812,0.26636625540389824,0.27300529324543454,0
2018-07-04,0.42433061910849207,0.32200094285131553,0.3722760898058816,0.39053535306596093,0.48986602695411324,0.471232430644278,0.3987191866348625,0.2922059356045859,0.42922854681760086,0.37664357782918634,0.40239872462126475,0.4047934883689587,0.21353518060466406,0.42656522910288236,0.46715446752039963,0.5148092304252085,0.5696053076126801,0.6675019850112549,0.809395069035762,0.7904846486788913,0.8857075756019847,0.8960862680927998,0.9317038438871109,0.9346512473204517,0.8877759280076127,0.5657496439479118,0.6563086577696674,0.4708099642688274,0.3484419923417286,0.49667250433364507,0.38905018152672954,0.38582757764034825,0.36004388653214825,0.4146932253292098,0.48520792643618904,0.43740764536053045,0.41794441992928427,0.17398792484496464,0.20068705037064097,0.132865508172332,0.1624095945584781,0.03428451817586117,0.11766457285583029,0.008074470620033676,0.04026197248053236,0.1214260223292467,0.1042925567497018,0.25332178291738033,0.26123814148693664,0.3008300271265025,0
2018-07-05,0.3072845804759054,0.35509135747820364,0.3629564231838179,0.45423955408328887,0.43697256505320864,0.3643964291107445,0.2551488797222753,0.40102844639475416,0.356030730742224,0.382754016745685,0.38471043977060165,0.1961832649832995,0.4025719373772147,0.4447743775564353,0.49492408259537435,0.5595205847933821,0.6537506734112496,0.7848772812079828,0.7672613925652783,0.8588362018688722,0.8757930355967602,0.9111739363995288,0.9143355966118093,0.8668494586908863,0.5502054067923293,0.6418276624714802,0.45798190224079227,0.3330758597586236,0.48048881581682507,0.3779772269666853,0.37421386793665345,0.3521569154107865,0.4078402425992153,0.4773547392189159,0.4315839386841057,0.4139525103847527,0.16915265365508628,0.1965828904961464,0.12817429415255777,0.1557276185663146,0.027048335845007754,0.11046084337840069,0.0007179179681346043,0.032967922178791374,0.11171471604037511,0.09460470375056693,0.241839934897601,0.24826856573585934,0.28873258985151296,0.2522348798628454,1
2018-07-06,0.3397774877390704,0.34596498850262714,0.4241966005878349,0.4037304691153618,0.3348541913773457,0.2280396412567426,0.3563410719848766,0.33051530142205504,0.3619818010432656,0.3654751130257443,0.18103315603959844,0.37987225697604776,0.4202465767256515,0.4718533231915809,0.5387596748268778,0.6431285698234975,0.7700134544324824,0.743516381993311,0.8344254023991059,0.8491117794843068,0.8906827257488806,0.8940298882035009,0.8473955725029306,0.5339337527855449,0.6253268535271939,0.445509147043002,0.32167535083920945,0.46288306692046893,0.36352852654051193,0.3632754897852959,0.34087657486117506,0.3997254408109236,0.4703015653354223,0.42394827822187536,0.408178248432568,0.16526880486014292,0.19171286713529018,0.1241456291601925,0.15098055731004306,0.021095771581214402,0.10257668030189838,-0.005704209014810758,0.025386019414416917,0.10387278798818952,0.08519063265435524,0.23051694710690607,0.23684659404172284,0.2753614542952925,0.2407142773342929,0.23795305587492824,0
2018-07-07,0.3308159118834486,0.40593499363088575,0.37564116351220067,0.30621547525007126,0.20451860023352386,0.3241475523531085,0.2907721040267994,0.33624810474022987,0.3451535547965593,0.1665117762613485,0.36037851281630245,0.3970468887311624,0.44653065031964434,0.514598662502784,0.620730028685955,0.7586488573988364,0.7290445851384111,0.8094485311504406,0.8248699326228759,0.8637159503422815,0.8737636392205784,0.8279539634786235,0.5187112438153211,0.608019337564491,0.4314767613976338,0.3105828243540884,0.4501371636794068,0.347906514662375,0.3490416870322849,0.3302405907749061,0.38797413004499975,0.46188902945216415,0.41706572742690334,0.400637533610589,0.1600187819394264,0.1878192194888171,0.11938701787802575,0.14692814813474114,0.016677587076435584,0.09621712174154745,-0.012600234148612919,0.01879902538467043,0.09564901282426111,0.07755208314880259,0.21959668973874236,0.2255829660546789,0.26361845491528446,0.22804445514730376,0.22660198163845047,0.31488094045980536,0
2018-07-08,0.38970304996181754,0.35838663675366317,0.28189796559912034,0.1817552638961286,0.29638261084482315,0.26187301908830907,0.2961029398195427,0.32003706688619954,0.15137945434401626,0.3417063289568806,0.37714702151251844,0.42258739771139703,0.4880212481957169,0.5945302982078792,0.7339876182217161,0.7179416291619404,0.7943518113443995,0.8000683190381563,0.8392203698747347,0.8471212980764654,0.8085547530184968,0.5035124764949225,0.5918551966735277,0.416842276164717,0.298246943380405,0.43774384364665064,0.33635229256069543,0.33366538316314215,0.3164896644903627,0.37691093607292736,0.44952224451413075,0.4089069505632294,0.3938294560379026,0.15348473084654138,0.18252165904448517,0.11552478439610636,0.14213449621533983,0.012765004152902508,0.0916154318763229,-0.018339146941953637,0.011694567722063955,0.08859242237064255,0.06956657843049668,0.21092755575829336,0.21471738731107037,0.2520365685816358,0.2168621219622473,0.21413827126845802,0.30261671585138417,0.22985963743068366,0
2018-07-09,0.3430132647793717,0.26658775082786845,0.16225176799617605,0.2694781496878283,0.23685797526185748,0.2669360133864141,0.28102857287661837,0.1333700053567386,0.32200469316860636,0.35808674400192897,0.4020835821938445,0.4629042452449287,0.5656065804929302,0.7049710119709708,0.6940777232278506,0.7828317813309796,0.7850605074492821,0.8141555537297791,0.8229140339400949,0.7831628338086365,0.48837053929702134,0.5757122461764785,0.4031080064027234,0.2854495859701866,0.42380909553580065,0.325111148594097,0.32225876409423587,0.30166546811457406,0.3624778217934219,0.43790076332627514,0.39706473477980203,0.3857814394003867,0.14746625763552068,0.1758963245905338,0.11037962462697587,0.1382623825448709,0.008177701762443314,0.08762482924901277,-0.022661000391415997,0.005824739232523838,0.08089427923817265,0.06268430759126953,0.20173465809638289,0.2060856663270247,0.24087782969302612,0.20583606524721243,0.2031207145346145,0.28904280092468276,0.218604633794646,0.20977618324557273,0
2018-07-10,0.252871973989229,0.14942311499592592,0.2465816081399171,0.2126368167840069,0.24169739957792355,0.2526190400548658,0.1074500637774641,0.297737234412456,0.3379578845555813,0.3824461680363592,0.4414470700467185,0.538294723405983,0.6728054311215391,0.6660537322778441,0.7576968707691959,0.7735998148453525,0.7990142194757188,0.7981482936553895,0.7600667872783958,0.46911835635865756,0.5596229142669401,0.3894015105233133,0.2733853246397679,0.4092803410056617,0.31259259481459095,0.311160330015403,0.29059051401975416,0.3468736306809048,0.4225761508651866,0.3859190822555716,0.3741681865058251,0.1405925793036333,0.16980625076655534,0.10404693574652374,0.13306929065889228,0.004363771173503915,0.08292238875738205,-0.026532626907016,0.0014438585872941867,0.07465155911287635,0.05520654735976602,0.19396905373336018,0.19693660028586613,0.23204551845017732,0.19518932264503838,0.19225801282984933,0.277137689223635,0.2062577256750292,0.1987595744875173,0.041049767918633955,0
2018-07-11,0.13782295784555212,0.2320038840312823,0.19193884902323086,0.21725808537168187,0.22801263029048893,0.08776177638921141,0.2602923399159768,0.3131053117317107,0.3616819814498914,0.42089861961282543,0.515054813530304,0.6424609667913523,0.6350305244721266,0.7280905820136149,0.7486457309842889,0.7874644137468965,0.7831586805924818,0.7364537335589038,0.45147853452744785,0.5390044216471951,0.37575692056319643,0.2613533619099131,0.3956421838619268,0.29959742286272784,0.2988171877376774,0.2798127499863691,0.33533011396511236,0.405952645583301,0.3713542944445459,0.36323022271905125,0.13140691165595078,0.16282608449389038,0.09818640652078481,0.126644560704439,-0.0005470550200273783,0.07907599340071594,-0.031059487603750033,-0.0024528641125119237,0.0701025492957998,0.049102248914981717,0.18537454249724614,0.18920306331251766,0.22266144861366363,0.18670733687907853,0.18176174288301405,0.2653950890278212,0.19533354670375663,0.18670250590360443,0.032035977641079974,0.07101619812125268,0
2018-07-12,0.21891258153997203,0.1784944612412215,0.19638137092322058,0.20419020987507552,0.07043507766273135,0.23292467441958925,0.2745828522695757,0.33595928160879274,0.39913154042692034,0.49280277105729325,0.6167578708630785,0.6057546952517937,0.6952463521474166,0.7192645568234971,0.7622387637270869,0.7717101336981593,0.722048878418462,0.4335253235540252,0.5201503957687063,0.35866417550457147,0.24938900083925608,0.3820320610081384,0.28735334173514915,0.2860119671344435,0.26786375849334915,0.3240993204932817,0.3937968009936091,0.35559955148662725,0.34899708164207804,0.1226709733480223,0.15342028560058363,0.0915476302247331,0.12071183653277792,-0.006429767655093977,0.07400766970272771,-0.034856375827670115,-0.007016760671422503,0.0661343442798809,0.04461565058767469,0.17856881689956658,0.18064909315026667,0.2147559819203711,0.17773369483287593,0.1733827156855768,0.2540883103481466,0.18456341724005781,0.1760100396541466,0.022413927726196756,0.06164669993579248,-0.0148190649653851,1
2018-07-13,0.16636936828539567,0.1828448415375939,0.18381894959266973,0.05371607358910686,0.20918792176167914,0.24649717700197274,0.2958343681275825,0.37203530577038235,0.4691603331258197,0.5921519929017581,0.5809195808611137,0.6642670442601489,0.6866794050156789,0.7325195116964831,0.746793063057171,0.7109905993914272,0.4219917067758209,0.5009376684908211,0.3429433902206079,0.23471944114403426,0.3684841718758656,0.2751410720046843,0.2739405579080142,0.2554853598052013,0.3115934889985439,0.3819739787502954,0.34396559445893027,0.333621534314872,0.11195412577498762,0.14448466960381698,0.08284755068562488,0.11396568837483541,-0.011937345646241215,0.06782252436875355,-0.039684523778030785,-0.010824091664946097,0.06146495721349427,0.040673980632814896,0.17376595949048085,0.17386883125031175,0.20598465027200227,0.17012849875835703,0.1645296959193967,0.2451547051862259,0.17415241918602165,0.1654696240468457,0.013668141394301917,0.05159218177433293,-0.02316968029924492,0.004675567050458152,1
2018-07-14,0.17064119458686083,0.17054297528651632,0.039165023262718555,0.18621409773555503,0.222161094386353,0.26668093575921015,0.32938084620939173,0.4394956574119619,0.5659183912014537,0.5571431513063533,0.6380483069480899,0.6559424522075171,0.699545275572856,0.7174579673571702,0.6872628434078344,0.41284969434228386,0.48876509906084076,0.3269808313336547,0.22115207796901548,0.3515308864064255,0.262995790639032,0.2619014279156516,0.2438019454630516,0.29861209388072435,0.36874045657112703,0.3326473588355471,0.3222153697198949,0.10059901041978826,0.133448967700127,0.0745520819301785,0.10504365035357026,-0.018051195567867242,0.06207772497857699,-0.04540847450566752,-0.01570290100201426,0.05762788172368548,0.03604375286077202,0.16968982785113815,0.1690774548989921,0.1990678644309653,0.16173678308304631,0.15701274758909808,0.2356519633086553,0.16583173795182962,0.15527022436302926,0.005057612707034837,0.04250065794921004,-0.031985444779651984,-0.0039064537168440275,0.007735133224102697,1
2018-07-15,0.1585614608099585,0.02888929184599629,0.16653813798403974,0.19860245453532108,0.2414535855819178,0.2985419110083279,0.39211107384198335,0.5327049270620045,0.5318226281410048,0.6129496789620135,0.6299205638781149,0.6684443530764608,0.6849258459544487,0.6594083481175657,0.39496162985818345,0.4791966491578381,0.31645707240715637,0.2074233036446191,0.335934035249496,0.24806531208119265,0.24992987520383342,0.23215186158764256,0.28638053633954447,0.35497105254004113,0.3200340480388288,0.3111173750488588,0.09160802127861803,0.12172928319165775,0.06453859598531518,0.09654684645095087,-0.025666150389382664,0.05561106776595874,-0.05079152323152989,-0.02152413365145145,0.05260477183360906,0.032217718871407265,0.1648611673463086,0.16500620458150167,0.19421493224156727,0.15505843262292812,0.1487325987844628,0.22765967567379763,0.1570470740613939,0.14709432601480735,-0.0033640930518658626,0.03354737426666803,-0.040086644816139175,-0.013003559994339947,-0.0008832052452203471,0.0459681648619262,1
2018-07-16,0.019465591162603612,0.1536205821008618,0.1784473238155294,0.21702526223252536,0.27190765471090517,0.3581203330739605,0.47878478010548475,0.49985969188230367,0.5861736451259122,0.605010045970336,0.6421268362703996,0.654238500543002,0.6285802081015213,0.3743770774489607,0.46000904562528094,0.30798903984615683,0.1980327436808377,0.32010003552360683,0.2342660770667813,0.23524994389810677,0.2205706782902557,0.2741808241268619,0.34202316948625855,0.3069362646673675,0.2987747728681281,0.08284513728566972,0.11251928811373163,0.05398768470881843,0.08621185947128109,-0.03297731909648424,0.047266791785030314,-0.056720167126574086,-0.026983488126239533,0.0465064477734183,0.027248175012667828,0.16097918252473672,0.16018474772013747,0.19011751065452398,0.1503130060445143,0.14212432306090828,0.21877858098451367,0.14958013516415783,0.1384792841584049,-0.010323632046499071,0.02480994354662604,-0.04805814771949743,-0.021329679220700216,-0.010024466439049433,0.03689599216527453,0.2624873129277367,1
2018-07-17,0.14194463208018207,0.16528276150109608,0.19615755318250633,0.2461064966606474,0.3288552330570201,0.4404392222067118,0.44824255746164804,0.5522172804765297,0.578441088636334,0.6169338140024723,0.6282569050170832,0.5994868554285764,0.3519157103110548,0.43780667236802356,0.29215488296856656,0.19032100894052795,0.3096414946626317,0.22029677779691542,0.22167336374129873,0.2064537282886264,0.2620481429920043,0.32910519094985796,0.2945989064505261,0.28597013713049035,0.07337273055726819,0.10354465838584005,0.0454798013543541,0.07529335287376768,-0.04141903037335599,0.03929406699978353,-0.06395226513791118,-0.033025617670874245,0.04082974903540932,0.02125271048338119,0.15573820236560257,0.15630479406470005,0.18525743136657147,0.146261291873881,0.1374104917404625,0.21179285338567722,0.14136321059262155,0.1311364414220994,-0.017513634290735682,0.017634374669534953,-0.05589122196733563,-0.02952416105278962,-0.018385885390204706,0.02720296113960669,0.2508450118354313,0.390561907509763,0
2018-07-18,0.15339622971082326,0.1826256659632013,0.22411395051682928,0.30048694312850116,0.4075391126516873,0.4114315571595724,0.4969289839460458,0.5447683304122584,0.5900538684680676,0.6033848911559891,0.574799954654234,0.33064907177754976,0.4134834006987473,0.27412727915561336,0.1767916179914114,0.3012169886865017,0.21078419952246863,0.20793502847130388,0.19337745504414766,0.24713583618149568,0.3162518003875653,0.28229310690601284,0.2738992595657478,0.06367620056791547,0.09381198491668516,0.037184007849347306,0.06656464568683079,-0.050172818309350706,0.02979595316879929,-0.07091615028335575,-0.040492312550386364,0.034464374450346426,0.015656692445285652,0.1492215155274742,0.15107366777545989,0.1813665875879214,0.14146866561228122,0.13337221070693994,0.20690883677514166,0.1347946457747511,0.12307640494396647,-0.023813912326932314,0.010191280163537264,-0.062447999027384495,-0.03756262986694917,-0.02661536243468011,0.018400428835022523,0.2380272290231446,0.37739933370607104,0.27973633882745247,0
2018-07-19,0.1704259766243968,0.21000222433674073,0.2763910081648039,0.37562384317673225,0.37981235822220527,0.4576717921375784,0.4900023326347955,0.5559551891426859,0.5768583200852664,0.5511651589275877,0.312319292634731,0.3904750399105316,0.2546086322723382,0.16163326106515455,0.28551547610200045,0.20299102967192967,0.19853961823958863,0.1801580973831685,0.23335274992856633,0.30030010391605116,0.27005397759496064,0.26186066267555513,0.054430691353557235,0.08383361469503521,0.028285724226499692,0.058055348815693734,-0.057601124093627325,0.019834304000769704,-0.07880330352099926,-0.04766899692981989,0.02632946932212721,0.00941131015134107,0.14321666244688702,0.14457590271312093,0.176082629649194,0.13759684114010504,0.12859940848753504,0.20279819923994655,0.13009871928521521,0.11660638095410934,-0.03055589039920364,0.00370583881277018,-0.06916614095389356,-0.04425994495686902,-0.03468606670046843,0.009733643693127392,0.22672660845839773,0.3627332094338455,0.2678892881245087,0.22226267689386114,0
2018-07-20,0.19730820165681537,0.26119501227653635,0.3486216776506351,0.3491469792121974,0.42401073261439554,0.4510931621708552,0.5004048013082739,0.5432436129509514,0.5260005499906008,0.2947594007847197,0.37073057511237095,0.23609476718694644,0.14541674975915925,0.26765300368928263,0.1892134707890928,0.19082464642689462,0.17102596450508342,0.21940020206751767,0.2855933389757124,0.25498815380582257,0.2498896448791953,0.04522511786191182,0.07433190362118847,0.019210906365896712,0.04889463806411326,-0.06485312878900713,0.011680405340024255,-0.08692302525383167,-0.05589595757264872,0.018546661637746802,0.0015244523824406205,0.13636324064051072,0.13858589144739403,0.16948341524391297,0.1324051522522871,0.12473317367611159,0.19791861642786213,0.1260680507247037,0.1119548844979085,-0.03619804680608457,-0.0032702312666459264,-0.07512120408767971,-0.051142735808049074,-0.041405438395609354,0.0012601179251932936,0.21558328476751845,0.34995492906852893,0.2548225715574984,0.21109785079718094,0.052318207863829555,1
2018-07-21,0.24757661109883636,0.3319275575287439,0.3231689159740685,0.3913529412988124,0.41772259955462154,0.4609729711966241,0.48858452393537827,0.4942511496788167,0.2762822051790576,0.3518188010946124,0.220000883634782,0.12999187389212824,0.24832440189211413,0.17374616488784111,0.17728539072088578,0.16348670419172756,0.20989612178316977,0.27068264213675197,0.24106864098773154,0.23521048501557232,0.0360967596808715,0.06486943411717583,0.010530553524544392,0.03953564050882829,-0.07246844200591378,0.0037268616855944386,-0.093970431388362,-0.0644042056200796,0.009351815990749903,-0.006033355332986092,0.12721944716337005,0.13175454311548374,0.16341382939795632,0.12598311638826878,0.11956860211211762,0.19402227336292585,0.121306482663406,0.10794310594710123,-0.04047627479022,-0.009059419992646516,-0.08142674554944301,-0.0572182567559952,-0.04831406991308365,-0.005734878102738723,0.20482852299158463,0.3373466925814313,0.2433229404688129,0.198860580167931,0.04317065880449308,0.10090180959475652,0
2018-07-22,0.3170319521479655,0.3070027073245719,0.3637423878081861,0.38534827010521966,0.4271661393301434,0.4497465895807325,0.4430272699549805,0.25369170686830717,0.33185341818351094,0.2045776271330802,0.11640697173748682,0.22998831485618373,0.1571740928921663,0.16211475297137845,0.15048291727306276,0.2021086234974694,0.2606924928526904,0.22697457532860932,0.2216345904193932,0.025517214587706484,0.055483306120302923,0.001891667639612647,0.03059695916124049,-0.08015394413530104,-0.004750746389021438,-0.10085416352697972,-0.07168500936578948,-0.00026308478962961394,-0.014868910891462722,0.11852149227561484,0.12265637979509107,0.15646413385033286,0.12005250540048104,0.11319863796478781,0.18871163653729967,0.11744341547703321,0.10320941494433061,-0.0443293533687261,-0.013403941826463473,-0.08679477774433393,-0.06367608654527303,-0.054408495996210345,-0.012966420436942667,0.196272626790016,0.3252425426359963,0.23198232301451974,0.18802405107935696,0.033385985499643195,0.09117756283691517,0.06569370753238436,1
2018-07-23,0.2925571652538067,0.3467346515661913,0.35796997212325526,0.3943661058788255,0.41643548845942896,0.4064783055615433,0.2193351568920589,0.30722473843931214,0.1884524956921568,0.10338131303266153,0.21403882864161286,0.14141660707887813,0.1458841080111613,0.13597889478891878,0.18834834832092315,0.2525805917592899,0.2173987030618693,0.2078969662941123,0.015584541520590455,0.044532011648960354,-0.006668075409292478,0.021699044855261515,-0.08757136417655997,-0.013370018935258812,-0.10801681545140249,-0.07879440181958079,-0.008208682899506253,-0.024073009400218996,0.10786529833937762,0.11399981532519742,0.14712132386083512,0.11330950007316327,0.1073088708590516,0.18206119231859105,0.1122942111272677,0.09935420807718123,-0.04882884182288222,-0.017285206102116667,-0.09094940875732359,-0.06913977047232868,-0.06089022652981234,-0.019297089369693723,0.18721239413374063,0.3157633486166256,0.22104582627732797,0.17734081538829963,0.024510189615295812,0.08069174278515978,0.05638738844364724,0.04240059524812984,1
2018-07-24,0.3315716772865196,0.3410819605894171,0.3666390057781267,0.3841191805101381,0.37507783062535077,0.194025336270997,0.2691146077042015,0.16908332139977938,0.0898955200562784,0.1987535591089778,0.1275615478894274,0.1304460107894992,0.12051543859670921,0.1729025592339615,0.2378317211936855,0.20956329075434874,0.1985019168261277,0.005626098437331702,0.03426897453209216,-0.016427577546260886,0.012879392328690748,-0.09494389547343575,-0.02163626639616047,-0.11521213522611647,-0.08623442355626135,-0.0159608313137606,-0.03177182816655724,0.0965795326617083,0.10340971547317951,0.13824284413611093,0.1043939588929034,0.1006266105549028,0.17595142296054328,0.10595375568923349,0.09424313677898546,-0.05261801206736362,-0.021826289787895133,-0.09474993846721291,-0.07333752888473549,-0.0663689224254932,-0.026077489015859743,0.17954384802133366,0.30562141591807873,0.2123655807617959,0.16700985856887374,0.01577077290052408,0.07125541391236946,0.04640968317437482,0.03337077036251382,0.11367694156131257,0
2018-07-25,0.326021055882507,0.34957119126734104,0.356788422654834,0.3446258787192757,0.1720062873708145,0.24130367787134463,0.14065926578099783,0.07414111296111468,0.18278032733844024,0.11427772548832717,0.11685036980397343,0.10579500961651131,0.1563552503349398,0.221155210927096,0.19565700087041318,0.19078718578741263,-0.0018517723964532264,0.023967838712794898,-0.0256314996647998,0.002745055045130125,-0.10223297656875893,-0.029859924924233967,-0.12218396370036551,-0.09373010430715191,-0.02419089493239133,-0.03928537814717825,0.08763020363071182,0.09219951992896411,0.1272983800060763,0.09590304817547453,0.09183664112969808,0.1689419645243211,0.10008713455060975,0.08797590587707065,-0.05740871750431174,-0.025627188378765937,-0.09917187757603269,-0.07715639477248376,-0.07057344942590447,-0.031743777870417406,0.171072042304665,0.2971614937129998,0.20315966525479,0.15874394430160801,0.007230343365058599,0.06196029963638913,0.03737956754974438,0.023729225635513693,0.10380105126654261,0.12641166416331184,0
2018-07-26,0.33435699812631503,0.33992491744088,0.31882268775322314,0.15070856901419782,0.21719692802581878,0.11930242159486384,0.05237412936573582,0.1636191907620114,0.10050773915198437,0.10381444900741053,0.09278228302146772,0.14062092920910452,0.20319149962234045,0.18002943530046348,0.177248663823652,-0.008286977005456624,0.016316119845713073,-0.03483399591714306,-0.006791973365676764,-0.1101599608463642,-0.03800302826620194,-0.12910969614520393,-0.10097497059430294,-0.03254210408037505,-0.04722216909759094,0.07890759868579861,0.08329558779378121,0.11568301422465523,0.08557747169945332,0.08345963463227973,0.15947561304258234,0.09343929806314763,0.08216672041575382,-0.06306076969346507,-0.0304747919676826,-0.1029391817183456,-0.08160539361877003,-0.07439519306735877,-0.036032886679043044,0.16434338758741782,0.28768919381977287,0.19538453698404426,0.15002344327314063,0.00018956947723375626,0.0529079954577017,0.028487162331013484,0.014967854142105585,0.09313086361130556,0.11638460999937578,0.06920932224889285,1
2018-07-27,0.32488490524345315,0.30274662349625203,0.13240593252512664,0.19386206713226362,0.10058296177347906,0.03545306669888941,0.13557826412031068,0.0843641084505837,0.09031735925160721,0.08030339874170303,0.12678468516136845,0.18613220208115874,0.1632729249575469,0.16207893952380795,-0.017926229608515306,0.009764888931498095,-0.04192837490528552,-0.01634000693291429,-0.1177353717775267,-0.04716166272020408,-0.13595045865145053,-0.10817448062022536,-0.04056467326818698,-0.05525579622684361,0.06948470084859411,0.07461687480545412,0.10653568605185108,0.07466972480948396,0.07331594554709119,0.15048507071821965,0.08472048934957889,0.07560430508253778,-0.06838742282470817,-0.0362361021525231,-0.10762380734124025,-0.0853803276254168,-0.07884843877797944,-0.03989059138237467,0.15957527985372863,0.28033213243098093,0.18677798518428013,0.14260344618325857,-0.00709560442852426,0.045516979325460456,0.019805809132484163,0.006341874738426574,0.08354714173668251,0.10553063791879728,0.05986127206481478,0.0906551492962304,0
2018-07-28,0.2883779327268899,0.12019630700600342,0.17389029051331373,0.08250492547038128,0.020436198202777957,0.11447670881043708,0.06188031809046351,0.07454748039022971,0.06741950937624637,0.11351884262347794,0.17121976742760864,0.14734290592969235,0.14584934582712797,-0.028241679408999236,-0.00022794590827055467,-0.04810763677461652,-0.023609677009276093,-0.12524858326995125,-0.05583160928219176,-0.14323088873039466,-0.11528995193181626,-0.04854399330167557,-0.06298967311875507,0.05984178353889212,0.06524792665696008,0.09762164577682199,0.0659474812517619,0.06261616362949667,0.13936165997974254,0.07640803164620047,0.06706207847722974,-0.07423219242745441,-0.04164845479537879,-0.11307216103641156,-0.09010196828572192,-0.08262457024630726,-0.044396906871272124,0.15551392249331816,0.27528068904924047,0.17996469695334974,0.13444586761083666,-0.013465510434291594,0.03782147514133965,0.01266861042523052,-0.002094063276476257,0.074105905941815,0.09579998926512183,0.04983283029734067,0.0810525325781759,0.090839877819922,0
2018-07-29,0.1091238928044263,0.16082024486433674,0.06684034715521442,0.005971086587211631,0.09597034117462779,0.04448162829433831,0.052752003490470524,0.05248945332885189,0.09976864899157385,0.15692551063839424,0.13334770943473437,0.13041223201200866,-0.03888462505509059,-0.010983576952037182,-0.05696692136785176,-0.029905928279734657,-0.13148598805845008,-0.06448020281845708,-0.15023172368109125,-0.12296656038888736,-0.05644192705860563,-0.07067951867393178,0.05064500997915183,0.055663430921810836,0.08796344568218288,0.057444433735956354,0.054018849905192665,0.12754169163455414,0.06636741698378773,0.05890979570570928,-0.08129090599446309,-0.04762068091197711,-0.11823903765573276,-0.09562139966369725,-0.08735202019587136,-0.04818800209188987,0.15070706522972238,0.2710988678327511,0.17515842970842027,0.12791457779430723,-0.020295515398866253,0.031151369856931413,0.005270468927389972,-0.009063340470395758,0.0649190035471758,0.08621309415228542,0.040762153290823125,0.07071458984055519,0.08123506833495305,0.08875590916202493,0
2018-07-30,0.14901429189367876,0.0559906064749498,-0.006733228774901819,0.0781002365470381,0.029066079642792418,0.035811954988327545,0.03224062124867915,0.08365212584750638,0.1420432116573209,0.1199299709769922,0.1168173897824991,-0.049095697966928746,-0.022133114815980057,-0.06631137417629382,-0.03912173007867262,-0.13709330471700906,-0.07129358694531034,-0.1571489168871569,-0.130319468809253,-0.065246983881761,-0.0782869933370242,0.0414883041864234,0.046519764457223924,0.07806572192774087,0.048291404363858564,0.045636590710403865,0.11827145351246159,0.05578548748788665,0.049124955591682465,-0.08809751676013565,-0.05494287183569211,-0.12384617979921095,-0.10084402801692631,-0.09288260679205401,-0.052988046235344866,0.1468312281312338,0.26611423522552724,0.1710808483327766,0.12323545783649568,-0.02599296116943849,0.023941839110786636,-0.001182084622176194,-0.016264751612581146,0.05743589068407744,0.07689201929294237,0.03182953659219964,0.06139648174420096,0.07089445964011976,0.0791758368288098,0.04719776409774943,0
2018-07-31,0.04607754247471861,-0.01605699222361272,0.06260602780472647,0.014211942815027809,0.02077923882506511,0.0163311427153611,0.06121825764051535,0.12437618738012948,0.10601256633730631,0.10378223228201586,-0.058445773225064765,-0.03281808041405913,-0.0758368266823839,-0.0489100179290504,-0.14420962536313284,-0.07728531263766804,-0.16308396158454241,-0.13760187433396517,-0.07360271515547853,-0.08667315709788911,0.03240897992239066,0.0374163096479214,0.06863732109314366,0.03894072489705274,0.036632028001119955,0.10923857783995683,0.047258970702326424,0.038835471584420085,-0.09573352718165777,-0.06198847888514586,-0.13041367127833606,-0.10653408687149647,-0.09811398504725855,-0.05865803096395599,0.14162007264393675,0.26218827192919714,0.1662500483698767,0.11921193479273345,-0.030296117990903593,0.01800601460823384,-0.008116576425617056,-0.022573376444310334,0.04963248952918467,0.06931710101264076,0.023111143035100673,0.052218568415362425,0.06157422023962696,0.0688653034637808,0.038110995796323335,-0.015621479490171397,0
2018-08-01,-0.024669106349194232,0.051844110433826474,0.001188878233632633,0.006298663329513238,0.00215865364174831,0.04385283228309156,0.0990868662068922,0.08966703548010797,0.09028598278253304,-0.06742460573690238,-0.042553067321330525,-0.08500253843921472,-0.05894626770714063,-0.15138422924371212,-0.08557309354648159,-0.16848948289603868,-0.14372219124945035,-0.08192536736452254,-0.09465662895008513,0.021900150355395002,0.028390417494664196,0.05924836045501706,0.03000960496012081,0.02744212158820008,0.09943431151359217,0.03894516147765303,0.03048463422103503,-0.10356609921940833,-0.07000612934135361,-0.1367747019949941,-0.11327298328870619,-0.1038170571848843,-0.06399874997535589,0.13516065627513316,0.2567339374013349,0.16236746029874097,0.11446091177570757,-0.03415979539060621,0.013595377717626042,-0.013879649991103615,-0.029325906920679497,0.04288344638788096,0.06140614417879501,0.015948600039960906,0.043274222588827904,0.052394193992304744,0.0595691078381012,0.028400219492959327,-0.023962569992746496,0.0457257086745812,0
2018-08-02,0.04200591892903409,-0.00829919631139413,-0.0064183224187806,-0.011482527112108953,0.02846504979217382,0.07981877771883943,0.06681141927191729,0.07451725471368385,-0.07645554642555989,-0.05189972373288706,-0.09350353605214018,-0.06858980577638361,-0.15841246362080802,-0.0942060705616537,-0.17499084601126477,-0.14925136337549305,-0.08857340144817778,-0.10259312957946111,0.012030320345933005,0.01795864642224581,0.04993599135633374,0.021119272551670773,0.018657149541601234,0.08937841410791394,0.03002473387801547,0.022340680521348407,-0.11044100724926766,-0.07827505795614453,-0.14369919011721213,-0.11978949280527353,-0.11058285458438151,-0.06986443904444811,0.12920072486110307,0.2498075593888565,0.15712355357313107,0.11060081790928247,-0.038674925126235424,0.009686003760961381,-0.018212397035976945,-0.034974691253330796,0.035574118760246805,0.054578412871060474,0.00852076615386906,0.035957075275959184,0.04344790187435114,0.050412917952423024,0.01958350069520283,-0.03276675422151146,0.03665641398450477,-0.044317901092409455,0
2018-08-03,-0.017051391491748672,-0.015748617287548738,-0.023511751732859288,0.013638006704549168,0.06284282322897351,0.04916497217055845,0.05272389715061412,-0.08610870726737209,-0.06133557460621775,-0.10167098483130295,-0.0774789100625092,-0.16524214776888982,-0.10291270557935567,-0.1813998775796279,-0.15612954389862171,-0.09445477240016248,-0.10904526895739307,0.002137065528118518,0.008157296302275907,0.039091070179507734,0.012307227711617545,0.009913360996327697,0.07980622832381361,0.020925936527968713,0.0136290304156193,-0.11715795971747583,-0.08541209644892751,-0.15071822739237423,-0.1269622564807825,-0.11712376557087835,-0.07696639720939819,0.12241411275886692,0.24348135377628338,0.150601247030736,0.10546603813435622,-0.042468505644681784,0.005103437024882616,-0.022088655106126454,-0.03925590763292481,0.02957561220756652,0.047169604032144985,0.002046489533878427,0.02834811294593699,0.036129422841921895,0.04148858243454108,0.010902651439650683,-0.04085869640564675,0.02696688202767841,-0.05231835895961529,0.015239729499079266,0
2018-08-04,-0.024366299681076224,-0.0324875146434794,0.0006371414774535069,0.04646606932560756,0.03354261801131512,0.03578526081803866,-0.09663943869901966,-0.07154328958083206,-0.10980873305125664,-0.08601723592570952,-0.17184574484068885,-0.11131245290673092,-0.18754703630552386,-0.1630076826162707,-0.10240625477855671,-0.11479589963878312,-0.00530773529702681,-0.0016649230602241607,0.02892256425603185,0.002183862049086829,0.0012483584722462941,0.0702730931654883,0.012223785557460006,0.004756316111033017,-0.1241156148269543,-0.09238248956968134,-0.1571044244570679,-0.13426516510263414,-0.12433549461305721,-0.08381223448899515,0.11340842790965878,0.23615000073466708,0.14459198598066306,0.09915328131360661,-0.04728060680357993,0.0012908417186856818,-0.026622350850553388,-0.043110256766840736,0.025136713269309868,0.04110861370062093,-0.00491546557766322,0.021741322029350474,0.028518900320727222,0.034185126863403935,0.0024161706694582332,-0.048821021319341504,0.01816714705977611,-0.06070840339764033,0.006532309873855995,-0.054402923932705134,0
2018-08-05,-0.04080294593065035,-0.008839489587803558,0.03219544291815372,0.018486683939772222,0.020753723406878366,-0.10607349213437242,-0.08309530581493797,-0.11823860143549038,-0.09456325535561845,-0.1782000261879654,-0.11919130833371239,-0.193552516503337,-0.16969472357202825,-0.11062056736473616,-0.12234895997641146,-0.011720868957955604,-0.009073687597167063,0.01871948739117862,-0.007343416166108285,-0.00866294632756566,0.060816059152869875,0.003563042483558122,-0.0037403180807898356,-0.13108894561538115,-0.09965166062364923,-0.16334886707450805,-0.1408218908849724,-0.13168295514895842,-0.0915108835754281,0.10483574924771144,0.22601823061559068,0.13773200842603045,0.09330838634668044,-0.052973743871866624,-0.0036135065692757006,-0.03042116630997148,-0.04761162025166525,0.02121532333349157,0.03664154211116077,-0.010695788744834211,0.014611836228819643,0.021910967962016595,0.02659220524887382,-0.004587689616798485,-0.05664564136382801,0.009503135123390804,-0.06846926080450022,-0.002717255831733679,-0.062283670431174276,-0.024782859712008113,0
2018-08-06,-0.017581928794566812,0.022064266401541136,0.005298276054419801,0.006274298117275837,-0.11484087892985627,-0.0932098680741022,-0.12651647796625737,-0.10355228104276747,-0.18434179219945054,-0.12676423427749828,-0.19948666728289985,-0.1762052376632713,-0.1188453732612397,-0.13006726939544253,-0.02129286185493042,-0.015462770612860622,0.011117513834062544,-0.01688133567519204,-0.0180017715432019,0.049762505744896955,-0.005018632099135846,-0.012194987549198164,-0.1378589789427515,-0.10696232889094509,-0.16972573788216244,-0.14723120907236953,-0.1382664443960144,-0.09941507491651874,0.09437960203356624,0.21642409721429268,0.12857466294460532,0.08669286208657902,-0.05833262305717789,-0.009483780083662059,-0.035258663927762154,-0.051401319186775644,0.016615023935578815,0.032708174204256646,-0.015036313280452301,0.00872628765892672,0.014780039097677514,0.019997149784125808,-0.011829616973494264,-0.06319663376703587,0.0010321638629442636,-0.07610335703749536,-0.011165259013518208,-0.07052817026762566,-0.03301520268041886,-0.13768085151948528,0
2018-08-07,0.012763803912853504,-0.004275030823419955,-0.006441745205599622,-0.12320785420335502,-0.1025452824103611,-0.134449395151344,-0.11285991972275058,-0.19003801686563576,-0.13424751618558683,-0.20520122170474875,-0.18254959403248228,-0.12679439258982692,-0.13772123919126808,-0.03152457876961582,-0.02496147081193314,0.0045994829762846376,-0.024145874889607333,-0.027344205272032185,0.03940859375799087,-0.014809763362354542,-0.02056988758974743,-0.14458236949728642,-0.11403901286452366,-0.17607014319948652,-0.15381073627465708,-0.14470163882033102,-0.10633300647833935,0.08332256420142317,0.204336845047434,0.11986441524086676,0.0780408490195958,-0.06422532082695152,-0.014981601108644195,-0.041000568242438216,-0.05619458947973622,0.01279742866202304,0.02809019823517092,-0.01891587805250175,0.00433831915267352,0.008893584144773259,0.01288250048337356,-0.01816788363038393,-0.06990799861313945,-0.0059610842830645746,-0.08362563287434685,-0.019480573371393223,-0.0781726717891707,-0.041687172093673015,-0.14457307128332622,-0.32861509905399017,0
2018-08-08,-0.013099889599532255,-0.015771554266264327,-0.13091563942511134,-0.11146652915077968,-0.14196376846225445,-0.12147899440991872,-0.19328152683155217,-0.14178104505611458,-0.2106387595578318,-0.18865614339657252,-0.1343071515093877,-0.1451362687671093,-0.042071158591467483,-0.03510194425469989,-0.0052921769601505875,-0.030438701819031293,-0.034509574545387646,0.02901319175605722,-0.02404179346668053,-0.030062813622004695,-0.15122010186959614,-0.12106988490400165,-0.18226846299304783,-0.16037459616068483,-0.15131297173453911,-0.11309155621797286,0.07451063778834524,0.19141484728113226,0.10918859158217509,0.06978898062645741,-0.07138311121929072,-0.02108093999199502,-0.04639769935770639,-0.061851566802965975,0.007868823851174664,0.02426761880978794,-0.023454453684437448,0.00043858295606204634,0.004505206969055637,0.007006270663815903,-0.02495788867002362,-0.07585810360769901,-0.013190578866354639,-0.0899697509670754,-0.027630345726082264,-0.08569141587869727,-0.04967341491318629,-0.15161572428388662,-0.33324088863983103,-0.6118385624716128,0
2018-08-09,-0.024388822491101615,-0.13766375626678945,-0.11962845871025768,-0.14910807481160698,-0.12956611027001275,-0.1978599136628769,-0.1484081937876579,-0.2153704922194686,-0.19452519955114494,-0.14153023341666437,-0.15221530316987864,-0.05219208590354803,-0.04554351452989522,-0.01592185344479482,-0.039644068172661695,-0.04073621538325213,0.021313651652239588,-0.03327344665229522,-0.039029836456538715,-0.15820772681230452,-0.1280161446256282,-0.1884185910141057,-0.1667724072338156,-0.15791127370567581,-0.12010034050963296,0.06592088046731505,0.1814825921355512,0.0978803818270506,0.05984511770468161,-0.07827959305911873,-0.028665897680431377,-0.052347287272460824,-0.0671820830984775,0.0019519720388773594,0.01931483420251448,-0.02725464509510793,-0.004129760790972285,0.0006052970212770079,0.002622503790493779,-0.030630210636500472,-0.08215737676104522,-0.019519749656317805,-0.09643874986572873,-0.03440381852836926,-0.09310743636838756,-0.057530952275830896,-0.15829940725846423,-0.33752802492771333,-0.6131024292337791,-0.5262457555723205,0
2018-08-10,-0.1440800400344373,-0.1266106810791112,-0.15581406181362992,-0.13726928891008247,-0.20257422684138485,-0.15524118778738172,-0.2168377625577753,-0.19984792810897994,-0.14862839784451845,-0.15902391530590185,-0.06146894186019991,-0.055566210455088375,-0.026926433747669273,-0.04941936473893983,-0.049739884145547406,0.014730504809475516,-0.04038261695339284,-0.04798659270217692,-0.16494835341761183,-0.13544872023057306,-0.19448111096362833,-0.17312256703577364,-0.16434039374480355,-0.12712903857449911,0.05666127195489493,0.17180964577245242,0.08891757006948879,0.04937381145196781,-0.08605911366128163,-0.035949856446536095,-0.059622680638309666,-0.0730325981884596,-0.0035823839541646208,0.01335155142537689,-0.03209881791508486,-0.007938345730218498,-0.003963303140207702,-0.0012754460269303715,-0.03492203965124866,-0.08752147185473066,-0.026298255281235496,-0.10221153896032108,-0.04137583281222564,-0.09937885089635903,-0.06525904843025167,-0.16486562128406554,-0.3420088052653197,-0.6133021532478167,-0.5285256271795118,-0.6783292854679068,0
2018-08-11,-0.13322654813669027,-0.1620457646413613,-0.14443318995150065,-0.20698628285841567,-0.16183744418318194,-0.2202325943837945,-0.20240359557824408,-0.15563448013957729,-0.16566582055171813,-0.07037780556473569,-0.06476327956078967,-0.03747579851023417,-0.05944066321339046,-0.05926408354883698,0.00464040835836377,-0.046571750555862663,-0.05495630777896283,-0.17159562769669856,-0.14258476297197986,-0.20063917849752821,-0.1793857991522473,-0.17072194734121737,-0.13394940254154764,0.04719517901044099,0.16121863815688406,0.08018192935993876,0.04091374885427263,-0.09405577123907896,-0.04434811766359293,-0.06662583833818794,-0.08010318879293107,-0.009736059432613626,0.0077807760290181365,-0.03785354020690858,-0.012823238379623887,-0.007771960379027111,-0.005841153512896749,-0.03878090088578667,-0.09167432770973423,-0.03196335450809079,-0.10828664117020423,-0.0475166299816443,-0.10576267310818967,-0.07174399586650505,-0.17140422927338514,-0.3463911199519269,-0.6145152447214749,-0.5299606058057603,-0.678803893188797,-0.7889585800937953,0
2018-08-12,-0.1680217870913306,-0.15090094153882114,-0.21145359063605484,-0.16808586789866126,-0.22395898232825445,-0.20652365493104602,-0.1612902662217914,-0.17204702250391232,-0.07933172275734629,-0.07359589846803531,-0.04710064583793974,-0.0690702150562468,-0.06899640135762825,-0.006236305512987889,-0.055461118581273595,-0.06105236886221865,-0.17739374251588663,-0.14964220971884984,-0.2066425989065013,-0.1858333289066004,-0.17701668003467771,-0.14072326010150954,0.03815914450065879,0.15031078653275604,0.07074300864521958,0.032664190814101275,-0.10102924961446458,-0.0530522260124116,-0.07457570376030204,-0.08692057303778006,-0.017433341411242823,0.0015729358290207396,-0.04326072545482404,-0.01865615243680648,-0.012657203777972664,-0.009648995122156041,-0.043288923133369454,-0.09547410268799122,-0.036251926938044375,-0.11350993532797293,-0.0540569849824565,-0.1114731465968189,-0.07837798498164837,-0.1770752879769803,-0.3509180532947914,-0.6156580592003806,-0.5321612237313724,-0.6780440392286357,-0.7881199945287839,-0.8085398036051192,0
2018-08-13,-0.15707820395348243,-0.2165312833034259,-0.17405781021370492,-0.22740703795907907,-0.21085539756618207,-0.1674760158364052,-0.17655200876375757,-0.0888793942840647,-0.08246588339040814,-0.056342052201179195,-0.07794795925680881,-0.0783556256686054,-0.01752519419913434,-0.06484302282590917,-0.06965810474524683,-0.18270787672602187,-0.15564840504088417,-0.21252515556986734,-0.19209398689823734,-0.1835096391573578,-0.14741163113720165,0.02916361326399474,0.139964146891636,0.061082740322830634,0.02382273739727013,-0.10784150475147822,-0.06045068800867283,-0.08276712885668973,-0.09457378703628472,-0.02481918782443052,-0.006236315143808829,-0.049225266368410285,-0.024124669544795294,-0.018490791357764,-0.014530281627851614,-0.04708049959802129,-0.09989492799654216,-0.04010940359296911,-0.11759930693586287,-0.05957250268797276,-0.11746946654192034,-0.08427148158086535,-0.18275575650586637,-0.3552126549838818,-0.6172009628681316,-0.534283045783952,-0.6784899944189188,-0.7857635654429458,-0.8074687847471744,-0.926327328524062,1
2018-08-14,-0.22152347103920575,-0.179911122507542,-0.23108448852218405,-0.21489414785232225,-0.17353201085205852,-0.18197095030321186,-0.09921585318584643,-0.09189860353013343,-0.06566204106409268,-0.0864754293535429,-0.08701380071538348,-0.028340515797832602,-0.0744115771370228,-0.07868690994783019,-0.18893074389460254,-0.16110141233157124,-0.2179353291240687,-0.19824338086148854,-0.18981066905269975,-0.15447228593239035,0.020246011773510642,0.129654459572339,0.05187019413305035,0.014809460394399569,-0.1149163008980677,-0.06767383825873295,-0.08985760902028456,-0.10242602916438925,-0.033380147827224066,-0.013723726920514401,-0.05653157048560456,-0.030180426206591993,-0.023959836761721143,-0.02035627103071306,-0.051882878418103004,-0.103661918087584,-0.04461538253790044,-0.12137209075624697,-0.06379363188537614,-0.12264327785216407,-0.09049918778847109,-0.18795165361692032,-0.3592805196680852,-0.6194537887735294,-0.5367277514164194,-0.6788722903011039,-0.7849331358672449,-0.804829764196804,-0.92385814666228,-0.9447655442950436,1
2018-08-15,-0.1855645535665918,-0.23575502002020207,-0.21905558622473084,-0.17925325684075796,-0.1873868829274039,-0.10852045774417718,-0.102023364244825,-0.07571107453563863,-0.09500949847133788,-0.09533144920088754,-0.03818138225258349,-0.08361760856210886,-0.08784909249830157,-0.19499307056855625,-0.16774748572352322,-0.2229905510487906,-0.203788920984388,-0.19600194153799394,-0.16127781227723856,0.009970414869189903,0.11941823204218192,0.04269767297594516,0.006185050177196575,-0.12201648253580147,-0.07525368510630936,-0.09678298725341615,-0.10931275351640696,-0.042270281432253545,-0.022446871072126392,-0.06356276685564712,-0.03767529098265044,-0.03001637913117403,-0.025819356595777474,-0.05755734628157858,-0.10834502014216356,-0.04840638286532837,-0.12575308368252192,-0.06762243416799614,-0.1267103386614808,-0.09581833194968824,-0.1932974223589644,-0.36329662933367246,-0.6211295878544729,-0.5395976212569361,-0.6797146507011945,-0.7840500576925145,-0.8037734163824151,-0.9195192451442457,-0.9420774968856113,-0.9001247419916623,1
2018-08-16,-0.24040008837485413,-0.22397560717319956,-0.18479325417237943,-0.19248356708561287,-0.11717979226363165,-0.11118690875413417,-0.08697085778845547,-0.10398215733141782,-0.10363454119235524,-0.047629217800032264,-0.09215135517169812,-0.09667498266089461,-0.20074121637857006,-0.174336669864362,-0.22842440071982018,-0.20893448665656195,-0.20156872663614064,-0.16799240825591136,0.0003078526898813817,0.10724094463653601,0.03360247955331724,-0.002397741512735916,-0.12890182737567393,-0.08290078106154683,-0.10399682837079778,-0.11604113058733055,-0.04978049351798693,-0.03152244151186037,-0.0715574056896517,-0.04487752784474599,-0.0375128681174838,-0.03186703520073401,-0.06290158176301767,-0.11379044822350315,-0.0532059666500119,-0.12950884248674008,-0.07208609671566345,-0.13047363675408297,-0.09995092035344069,-0.19806262487791162,-0.36715085634265676,-0.6233956527234015,-0.5419963251664545,-0.681488140797278,-0.7837268328189947,-0.8026663688484142,-0.9171039245285034,-0.9374724995132975,-0.8979665904119043,-0.8399090160345217,1
2018-08-17,-0.22883337415963906,-0.19042390441881082,-0.19751182741505632,-0.12544133199177443,-0.11972849903583056,-0.09689069755503264,-0.11325965433403995,-0.11229085997299029,-0.057176449316737446,-0.10035009909012681,-0.10489996569489199,-0.2063734391596899,-0.18069116112119787,-0.23350446452255186,-0.2146436527244948,-0.206728471220411,-0.17382467537493088,-0.009370399376086023,0.09588839933345494,0.023070763870579495,-0.010901199568421427,-0.13574084186752514,-0.09028328865204309,-0.11124758040701731,-0.1230128282186758,-0.057111689262958155,-0.039144050207343246,-0.07980002345708882,-0.053145291843238573,-0.044716578275876974,-0.03934520106514607,-0.06877250069869639,-0.11895503005721192,-0.05887506738019905,-0.1341374577924397,-0.07586516535415236,-0.13484063105395755,-0.10374207835975154,-0.20194545238429912,-0.3709792270459841,-0.6250373923398723,-0.544791270109576,-0.6826023685680763,-0.7847027893632726,-0.8021368370844704,-0.9146496273463444,-0.9348444481032245,-0.8940058382622402,-0.8384656379449139,-0.41133884106969554,0
2018-08-18,-0.19588750816152067,-0.2028786838613249,-0.13306272821684628,-0.12787514596970057,-0.10606357507365219,-0.12185864483180345,-0.12098577486786931,-0.06753670823426919,-0.10852229781922147,-0.11280365327319569,-0.2120044176557742,-0.18689059094273194,-0.2381221516089394,-0.22006646313976178,-0.21248084655407046,-0.1791616028550777,-0.01670612930000911,0.08445709653155245,0.013180595562458554,-0.020579528852926344,-0.14249459145922738,-0.09762081290642197,-0.11826979859446526,-0.13000136551260358,-0.06482433996049701,-0.04658294968560588,-0.08692125635655738,-0.06170019331009873,-0.052986694900281704,-0.046532290599681614,-0.07588527001313182,-0.12455875928305853,-0.06421509300314052,-0.13947825834602723,-0.08060686450378562,-0.13859244275335153,-0.10815018711415401,-0.20563042127885775,-0.3744396563481303,-0.6274761079400116,-0.5471016443224513,-0.6844575856124581,-0.7848826576456507,-0.8029716313553334,-0.9128790915163001,-0.9321792552449129,-0.8918928298179027,-0.8353739045353843,-0.4149826822216516,-0.6398018427454494,0
2018-08-19,-0.2081173940052582,-0.13976631264904327,-0.13540240436687023,-0.11482622119372318,-0.12992899621755596,-0.1291965756422965,-0.07936965432065385,-0.11699934869711531,-0.12065104625350594,-0.2174292588100557,-0.19298227415882127,-0.24269688455435726,-0.2250786076667038,-0.2179574490050626,-0.1854539309564868,-0.023046468961288216,0.07623204392680737,0.0032662434514639208,-0.02971131475861875,-0.14964953362264188,-0.10487476788665245,-0.12524605727830512,-0.13678522204382923,-0.07261524786733092,-0.05442798415766674,-0.09387636785060215,-0.06900902294810732,-0.06154428629402787,-0.05477586666301497,-0.08274091392120989,-0.13111919559890448,-0.07007975083093398,-0.14456077270290568,-0.08616481295594851,-0.14320190932634283,-0.11191359159823766,-0.20988182073932107,-0.3779450371222612,-0.6303099703276761,-0.5499603268259979,-0.6855799124494464,-0.7860542935379561,-0.8029861193734283,-0.9128647481023875,-0.9302144552026003,-0.8897382369169136,-0.8339556346369651,-0.41807596954528053,-0.6407337794159382,-0.5423690920307896,0
2018-08-20,-0.14614463095342314,-0.14205746196740232,-0.12285820075940071,-0.1376158163730129,-0.1369429011724167,-0.08967140750137839,-0.12536411803214959,-0.1286832518862952,-0.22254787270859788,-0.19884736752971352,-0.24746893408103132,-0.23002233660046276,-0.22303150127363736,-0.1916027308652288,-0.03239662711856098,0.06929816965463961,-0.004189260031022951,-0.03883898278383993,-0.15653885071102877,-0.11275109413278367,-0.13213751788298503,-0.1435224732547842,-0.08012848515924477,-0.062362249120633394,-0.10112675553130376,-0.07614551221603133,-0.06885473183934017,-0.0633031123190783,-0.09045522267387054,-0.1374738266847697,-0.07717957721992921,-0.1500424471550365,-0.09141765323486646,-0.14850593975500923,-0.1165792986678097,-0.21360103888737358,-0.3819314082094036,-0.633548957984213,-0.5529835436558176,-0.6876923868144441,-0.786312405536778,-0.8040367624005781,-0.9118844192241286,-0.9300671895300533,-0.8882437703603465,-0.8324897871329539,-0.4216023252483352,-0.6405299441569232,-0.5444575762007277,-0.6849275574235213,1
2018-08-21,-0.14839440942150592,-0.12977343558865898,-0.14476631403070303,-0.14431354249246672,-0.09916307197739856,-0.13335493416950422,-0.1362287798499316,-0.2268428156728282,-0.20445062260156413,-0.25207297751765556,-0.2350940971345452,-0.2280331419260285,-0.19745039629009378,-0.042352177751721766,0.0581392553286679,-0.010609536653328616,-0.04589540141055001,-0.16334036437696062,-0.12028148658264491,-0.13949106353019877,-0.15017411342900883,-0.08759709331387004,-0.07000580259931959,-0.10841708347286547,-0.0836188399340626,-0.07599278344609706,-0.07059532841012063,-0.09837731884079622,-0.14438809558818183,-0.08402348079813554,-0.15635057255965396,-0.09715264474602482,-0.15355961245386665,-0.1219913242372719,-0.21805238318328954,-0.385575897970473,-0.6371421976412156,-0.5563030378297114,-0.6903791537367585,-0.7878820697758636,-0.8041419096357253,-0.9122072502168928,-0.928931134070391,-0.8884183230428462,-0.831629750757405,-0.4250384486264682,-0.641420409466606,-0.5456598667490168,-0.6853238422511854,-0.5931752088123823,0
2018-08-22,-0.13633219338573432,-0.1512271563472192,-0.15120497787403894,-0.10823678490643494,-0.14091763631660234,-0.14367371399557763,-0.22750567999656315,-0.2094093171229482,-0.2562880357862076,-0.23998454622239165,-0.23315194031439773,-0.20317571489059963,-0.05258092556417201,0.04593194978117232,-0.02020329723699967,-0.05204932850675781,-0.16921672484083294,-0.12774799957218758,-0.1465568743938395,-0.1571817958664125,-0.09498257806178269,-0.07760508001917016,-0.11547527743444957,-0.0911505873967182,-0.083468031508999,-0.07771575488191913,-0.10530600628560713,-0.1513954484934328,-0.09171904206305881,-0.16247633627378422,-0.1039844256869819,-0.1589983921786425,-0.1271297058928013,-0.22305278120090155,-0.38966470973385964,-0.6406758386004054,-0.5600150855197067,-0.6935556018325671,-0.790324094772673,-0.8056154972756097,-0.9113922638913036,-0.9291400348711425,-0.887659297531209,-0.8322384024003974,-0.4286938083432193,-0.6422433809100442,-0.5476744617852846,-0.6844687636318376,-0.5946606135568758,-0.6819257189135305,1
2018-08-23,-0.15739852836273102,-0.15753227694078983,-0.11652363819081542,-0.14810910110987774,-0.15078076296897128,-0.23036451501784638,-0.2112945677527844,-0.2593454931850105,-0.24451488733476237,-0.23808733906026838,-0.20888230895621665,-0.06240453629814292,0.033111720542562534,-0.03046211315836168,-0.06083140711010041,-0.1745830802517459,-0.13396171420904276,-0.15354146831557056,-0.16394024704807258,-0.10304859334962635,-0.08512167848940853,-0.12248760936512636,-0.09842823948788494,-0.09100185849377439,-0.08516933905424881,-0.11207495534309697,-0.157774626460776,-0.09961970287511157,-0.1690251394456567,-0.11058518933556995,-0.16521784585485197,-0.13269446892957387,-0.22786829147353604,-0.3939689589925902,-0.6442268855531813,-0.5635822260342646,-0.6970565483133366,-0.793396487638251,-0.8080142033091905,-0.9122879190635869,-0.9281810127391923,-0.8881440349552648,-0.8319879504550153,-0.43239204936661496,-0.6434916647142298,-0.5496118656714603,-0.6848385913024213,-0.5951296825605457,-0.6823576362035546,-0.636286228028941,1
2018-08-24,-0.16358979858524106,-0.12357025712271257,-0.15485372755405408,-0.15752760926249704,-0.2336435010533168,-0.2149679107990631,-0.25772936412202835,-0.24800414766334913,-0.2426671619337359,-0.21437940880603898,-0.07143990168589985,0.020863903413170626,-0.0410398804651491,-0.07007974471508646,-0.18096508796126679,-0.139553220042981,-0.15951070539764645,-0.1706060110897217,-0.11074755754080683,-0.09337678280843958,-0.12941526591581548,-0.10566062414762425,-0.09828140093760508,-0.09267970643011036,-0.1190965219303025,-0.16401228266891082,-0.10653551355859604,-0.17561462902120864,-0.11789249380542967,-0.17126317679923347,-0.1391743545682684,-0.23295286436555712,-0.39823842585420827,-0.6474984983672182,-0.5672957905942909,-0.7005641659448992,-0.7967438739150501,-0.81106817855105,-0.9144260472299163,-0.9289861995571569,-0.8875337382117274,-0.8328447623414647,-0.43576124094139124,-0.645542901571154,-0.5518866965560048,-0.6851454163775174,-0.5965581023554534,-0.6815458793889112,-0.6372598957947706,-0.6368808229645738,0
2018-08-25,-0.13024102454111433,-0.1611053485140261,-0.16390793592550348,-0.23665498962603715,-0.21892677485255596,-0.2590696461350461,-0.2471832408226178,-0.24622419115565564,-0.21957756696958958,-0.08011799554235283,0.0098595156948355,-0.051189982171333026,-0.07949458093565534,-0.18722553171774017,-0.14662135828147382,-0.16493904673181864,-0.17641350576590575,-0.11838893311389877,-0.10124378552711678,-0.13682101247871062,-0.1128090819124748,-0.10551568107172662,-0.09993792333295068,-0.12613906181427847,-0.17038081197853322,-0.11329201272851142,-0.1817427858883412,-0.12534923262107514,-0.17768354130021483,-0.14545591936587304,-0.23844010375784339,-0.4025108962234673,-0.6509579884538919,-0.5708794758995731,-0.7039889649850621,-0.8002081931397148,-0.814388384896109,-0.9173692343838178,-0.9310835374025688,-0.8885579581492744,-0.8327048593036731,-0.43926619855577553,-0.6469825267133631,-0.55464033224863,-0.6859182576809821,-0.5979143876299138,-0.6819503407517465,-0.6371067970339573,-0.6378474327618976,-0.6332786167525849,1
2018-08-26,-0.16709835188029343,-0.1699717650641605,-0.2399747373859009,-0.2226016766567222,-0.2610810807433501,-0.24905340023891234,-0.24552808969774723,-0.22398145162649857,-0.08881787524072876,-0.0007001878086462277,-0.06049053455646523,-0.08855681647070379,-0.19320168490825806,-0.15373597896749924,-0.17150995230678961,-0.18173390009949486,-0.124691355543626,-0.10905947057120273,-0.1439332129449105,-0.12053326263260526,-0.11266604075820655,-0.10715082014669763,-0.13297200844124654,-0.1767161843716495,-0.12029827656752877,-0.1877377425234064,-0.1319983681023443,-0.18412617767983352,-0.1522535127279548,-0.24382125431504953,-0.4063193620513033,-0.6540258216660306,-0.5745837486213228,-0.7070181517551143,-0.8034229370490118,-0.8178450403660149,-0.9205259444649542,-0.9340093820180986,-0.8907540535249479,-0.8340245317784455,-0.4424742035531272,-0.6490758057807544,-0.556902860722375,-0.6876441804190134,-0.5996539275526002,-0.6822915007522025,-0.6380378237255272,-0.6376857529513064,-0.6342879855047407,-0.6589905181439284,1
2018-08-27,-0.17580466922229532,-0.2444608777193279,-0.22646499445511795,-0.2628557145185491,-0.2515071288304299,-0.24748141021079528,-0.22484494649016767,-0.0980176238263924,-0.011471392698896602,-0.06942204271136415,-0.09697376720059231,-0.19904719764177406,-0.1606951803723216,-0.17800555860434808,-0.1879758445665284,-0.13034206502373286,-0.11545032019978929,-0.1509659276589513,-0.12792844729175634,-0.12039296438359451,-0.11427972377979606,-0.1397584827525652,-0.1829062929458267,-0.1273242452596127,-0.19380795825952524,-0.13849703254174656,-0.1901661161076042,-0.15912746207170259,-0.2491810256470124,-0.4101777227633809,-0.655344068639171,-0.5780156345652829,-0.7102874883116871,-0.8060487679667525,-0.8210226048240544,-0.923936499919501,-0.9371404987319065,-0.8937218861959656,-0.8363538406285993,-0.445896684614192,-0.6504991016132513,-0.5595981791701017,-0.6887026801113696,-0.6020412987498466,-0.6830959692912275,-0.6389010066488581,-0.6386099195076802,-0.6341782918597946,-0.6596946811511769,-0.5832114140657593,1
2018-08-28,-0.24894874604667883,-0.23123133810686813,-0.26516204081185285,-0.25371334543795265,-0.25000455420388323,-0.22783746689717546,-0.10771333660239844,-0.023507972732645935,-0.07840088750814993,-0.10506090027004011,-0.20485141744270327,-0.1674602874907589,-0.18425235375215487,-0.19406192093172678,-0.13759062232836333,-0.12116004605741441,-0.15695957642013209,-0.13525470674049467,-0.12779058659164852,-0.1219757040052481,-0.1464595134541029,-0.1890481875000367,-0.13414212813878978,-0.19982028988834602,-0.1451863794663257,-0.19607577880701205,-0.16542650113620241,-0.2544110093623305,-0.41310583465646344,-0.6569435898839259,-0.5800864492070584,-0.7130725158743271,-0.8090017212752914,-0.8235770423452682,-0.9268904177019932,-0.9405438377853037,-0.896914967064298,-0.839378310750386,-0.44917410662180224,-0.65280061348505,-0.561782600969963,-0.6905171262698808,-0.603874725895185,-0.6848435324721173,-0.6401863308116132,-0.6394663014746417,-0.6351440188468706,-0.6592139195867064,-0.5848150911757019,-0.4970009211653725,0
2018-08-29,-0.23595808973097554,-0.2691257754980575,-0.25637329069101805,-0.25227850516175593,-0.23122804146498166,-0.11659099522815115,-0.038428085929989524,-0.08798269921320778,-0.1131102348527133,-0.2104418090355947,-0.17401143291749474,-0.19035103903674772,-0.19983739959370678,-0.14492985013714285,-0.12858845173976732,-0.16240421012688297,-0.14139727075270103,-0.1351193745549253,-0.12934582761474075,-0.1535384257124117,-0.1951024459774817,-0.14091349788862498,-0.2057167439908798,-0.1518691620235787,-0.2020411557153476,-0.17158667510284428,-0.2597224765787476,-0.4155555267544419,-0.6562646851363328,-0.5823686130832183,-0.713806148670133,-0.8113162081653323,-0.826473996281164,-0.9290154003698067,-0.9434627463793183,-0.9003357777614303,-0.8426549747165902,-0.45260167945139107,-0.6555726135325378,-0.5645621732313018,-0.6915879086714682,-0.606256112088715,-0.6859273852710263,-0.6422629119564236,-0.6407453610118917,-0.6360416027242638,-0.6598829956789956,-0.5854279552465246,-0.49962793518471044,-0.537606559779362,0
2018-08-30,-0.2731682744272174,-0.2605193113733655,-0.2549939488005701,-0.23434841620090602,-0.12489395369539237,-0.050786899447391114,-0.09838203177010973,-0.12141901428980302,-0.2157426651938745,-0.1803155911555405,-0.19636089413651175,-0.20549519094493968,-0.15214754556504695,-0.1361515762104518,-0.16902476559398133,-0.14694129060744845,-0.14126322128261826,-0.13664609077338072,-0.1603601769921451,-0.2012485990166694,-0.14759937265217854,-0.21156418844652458,-0.1583750776396802,-0.20793995843344132,-0.17785996730903678,-0.2649278174030594,-0.41919680228116546,-0.6545902149567627,-0.5827797828481054,-0.7148753753287596,-0.8110771420468791,-0.8287051981596493,-0.9315754995888959,-0.9455205030717464,-0.9033394471740102,-0.8460993528152227,-0.4564732249424734,-0.6587852996061464,-0.56754972087943,-0.6936680081682798,-0.6080436462455632,-0.6877603798640542,-0.643732229486884,-0.6428176556843667,-0.6373586149441862,-0.6604864877149412,-0.5869713322584063,-0.5014849681621737,-0.5397515762213136,-0.5916338801928293,1
2018-08-31,-0.2647172155988357,-0.2591685781823418,-0.2377573802337093,-0.13280774782485197,-0.06199561281885992,-0.10772853069227671,-0.12947388950446947,-0.22028720227090856,-0.18640218033531206,-0.20214779206457698,-0.21114693709744495,-0.1591544614256219,-0.1436269480120198,-0.17558218198542017,-0.15386471856921535,-0.14680809722262436,-0.1427754668669902,-0.16709160339571444,-0.20724143132259534,-0.1546564273842168,-0.2173229952858548,-0.16483363488287225,-0.21373321109522656,-0.1840922084020249,-0.2700274788393848,-0.4227873194524339,-0.6557540016042801,-0.5823516734791262,-0.7133496722919141,-0.8112640483852624,-0.828293965754556,-0.9333057146231049,-0.9480278717494967,-0.9055599648143576,-0.8492173556169731,-0.4600853380509209,-0.662339724525723,-0.5708540498342655,-0.696340177928162,-0.6105739348543163,-0.6888546120525257,-0.6458472316246998,-0.6442819513494905,-0.6394568781480913,-0.6615326004979684,-0.5884415830735803,-0.5040229981742226,-0.5410225984789893,-0.5931375808362653,-0.5922804300257504,1
2018-09-01,-0.2633908723417902,-0.24228951040092775,-0.14014421743176825,-0.07274479241409855,-0.11642283485742795,-0.13725821506950778,-0.22140972717439875,-0.19202283629213918,-0.20766496754448183,-0.2165916239497975,-0.16590201208167213,-0.15087490774297693,-0.1819001126325748,-0.16079918668276516,-0.15373413404571815,-0.14831068509517212,-0.17293240858969183,-0.21311300475093498,-0.1614587544461299,-0.22304305513645115,-0.17120563314252638,-0.21947717449631624,-0.1901885672987734,-0.2749888069918526,-0.4259021244325875,-0.656949160406218,-0.5842641806763966,-0.7107069965538099,-0.8083294165052817,-0.8283247026853906,-0.9318588451565137,-0.9496796633382725,-0.9081949995147047,-0.8516574205801896,-0.46401707978585266,-0.6658624211370202,-0.5745437173505136,-0.6995104198494687,-0.613449085628808,-0.6909494402732715,-0.6472979907652974,-0.6463932794704694,-0.6409515975410786,-0.6634455049855437,-0.5902861010896842,-0.5064793216342502,-0.5430921412000794,-0.5936288939204276,-0.5937764559849859,-0.520761627525222,0
2018-09-02,-0.24681658669761722,-0.14670092588069472,-0.08240444539124626,-0.12471849736206775,-0.14464855746478208,-0.22457484608410255,-0.19512717648211533,-0.21250576976463378,-0.221732084512673,-0.17239385634463789,-0.15781824237366232,-0.1880653417598978,-0.1675510555566476,-0.16067184998029285,-0.15520729070142195,-0.17827503438734155,-0.2185176065097413,-0.168170031749471,-0.22865722945498534,-0.1778100227912915,-0.2251321483016922,-0.1962364581703395,-0.2799298650433124,-0.42871407151905777,-0.657119716634967,-0.5861832394119301,-0.7112891575661983,-0.8040758108033165,-0.8251406924587226,-0.9309501715355719,-0.9480706773859715,-0.9100366622692709,-0.8544646632569634,-0.4680197172013551,-0.6693603733781537,-0.5781045474679484,-0.7030022075265888,-0.6167056275829516,-0.6936282509119505,-0.6496167522387807,-0.6478393937494342,-0.6430851837834776,-0.6647230652697111,-0.592745301910726,-0.509232149527003,-0.5450840187659126,-0.5950750967842415,-0.594258438218904,-0.5231065969001866,-0.5507684670923981,0
2018-09-03,-0.15295402718440526,-0.09015872479380733,-0.13236785220788475,-0.15167183658813208,-0.22810949035328126,-0.19961283084517337,-0.21417390612472903,-0.22605694808263901,-0.17868705521744188,-0.16449717898681943,-0.1941292460167574,-0.17412221305136394,-0.16742745668008518,-0.16210836715505936,-0.18458472772195775,-0.22356910981412095,-0.17400061530441435,-0.23413601395299355,-0.18421007811081555,-0.23070246266838812,-0.20219639322197716,-0.284819324899461,-0.43170127287174365,-0.6567433664014082,-0.5872435754343499,-0.7119219720344777,-0.8036902453291959,-0.8206019545068401,-0.9262660682116729,-0.9470149503783225,-0.9088201768755155,-0.8565624421540823,-0.4720526065246552,-0.6725300317072921,-0.5817874981696723,-0.7065072427077712,-0.620324773112394,-0.6968013162897235,-0.6523965297770131,-0.6501552378025998,-0.6445594378067032,-0.6666977770364607,-0.5946628818674301,-0.5123128472204443,-0.5474090274761055,-0.5964490117223,-0.595697181518233,-0.5246207211311833,-0.552757248891694,-0.5886493599819348,0
2018-09-04,-0.09743279793759493,-0.13908584894715018,-0.15827865949335482,-0.23137044581634691,-0.20424973930230755,-0.21770258024420253,-0.22677491516029952,-0.18459067827039327,-0.17099633401996214,-0.1999677936462127,-0.18051582604157332,-0.1740021107313982,-0.16882180650630563,-0.19075514593939683,-0.22899162724376185,-0.1793364191726592,-0.2393413538779242,-0.19050407149923404,-0.2361835620515022,-0.20820651530355183,-0.28961688866028984,-0.43463158225312953,-0.6568323026791053,-0.5878307587779805,-0.711401324131339,-0.8033874141289364,-0.8200451028585262,-0.9200121656290966,-0.9420960255805676,-0.9081204811262906,-0.8558753985456868,-0.475973227184128,-0.6759095509917596,-0.5853123975797601,-0.7099195134127965,-0.6238657185878382,-0.7002972707016623,-0.6556125225525217,-0.6529336999359936,-0.6468929563285898,-0.6679711746158753,-0.5971058345955294,-0.5149585488949562,-0.5501969965636505,-0.5982047910140146,-0.5970637012415987,-0.526884612148409,-0.5538383216979741,-0.5901884875158326,-0.6135242102503,0
2018-09-05,-0.1454764542560059,-0.16445924451286964,-0.23489459517806277,-0.20858626512866518,-0.22154068769345406,-0.2296704665903381,-0.18821613980411864,-0.1771820291081825,-0.20554182647047217,-0.18666944533057572,-0.18039856374299848,-0.1753570150285126,-0.1966276912679746,-0.23405758332391655,-0.18562532314357671,-0.24425986968790522,-0.19612296691402498,-0.24152430545892722,-0.21407846041857237,-0.29395066705059897,-0.43746333170483626,-0.6568564944310791,-0.5887955781478236,-0.7102764759047897,-0.8017167196913737,-0.8195766637419819,-0.918424971086255,-0.9355736346706812,-0.9037700830841173,-0.8556559513489801,-0.4790543513587948,-0.6788584477074432,-0.5889705599690239,-0.7129246427971676,-0.6274522022050939,-0.7038034807509091,-0.6591718273596071,-0.6561491334499329,-0.6496793875165399,-0.670178535952372,-0.5989712040065351,-0.517934198394351,-0.5524997487160611,-0.600603273746344,-0.5988126685133464,-0.529069161468473,-0.5557560089991915,-0.5907228724712105,-0.6147680680143718,-0.8909114068725368,1
2018-09-06,-0.17039168721288162,-0.23948610189125608,-0.2129916869704977,-0.22509775728814369,-0.23298010018046414,-0.1930490309730551,-0.18132696361267642,-0.21046049898503885,-0.19259031729157972,-0.18655489697361743,-0.18172142904879676,-0.20237628382332698,-0.23865903422900797,-0.19176986028722354,-0.24927711681579715,-0.20131748996192803,-0.24665961713525983,-0.21982463532902105,-0.2983328889189045,-0.43896206036417407,-0.6567722414146331,-0.5896980261080907,-0.7096850033704997,-0.7993464976553375,-0.8177024127481278,-0.9169603456713978,-0.9338251523800879,-0.897897729818279,-0.852072435834606,-0.4822529515725899,-0.67993082985379,-0.5923338683666176,-0.7161751092821215,-0.6307918618501955,-0.707221451135962,-0.6626958999221567,-0.6597076129230061,-0.6528982091782386,-0.672908085459243,-0.6015503806489619,-0.52047302764637,-0.5552244949685499,-0.6024497187367779,-0.6012064902272141,-0.5315716476274447,-0.5575973411230623,-0.5922035092175131,-0.6149434651688447,-0.8888626195426378,-0.7805996143967442,0
2018-09-07,-0.24406379880563622,-0.2180374782390768,-0.2288645288381236,-0.23602149410786727,-0.19797578147485959,-0.18650599323338324,-0.21227204379445322,-0.1979840113886596,-0.1924787565126499,-0.18784714562555396,-0.20810178178132718,-0.24321857900670907,-0.19761261981558179,-0.25383854419861307,-0.20717585028699237,-0.2515313960406514,-0.2251656224166625,-0.30253374636596714,-0.44082484692107704,-0.6540655820195215,-0.5904950165916101,-0.7090269428120178,-0.7976229401694132,-0.8151117613673944,-0.9138616347793811,-0.9322045860204744,-0.8965397416270477,-0.8470769146733925,-0.48412752817439036,-0.6813073308714911,-0.594262919907395,-0.718932072349417,-0.6343047263389194,-0.7102375252627252,-0.6662005273654764,-0.6632314527713045,-0.6564616887330942,-0.6761027231303632,-0.6044475740326909,-0.5234752019103983,-0.5574461207572178,-0.6048406288380309,-0.6030474745485441,-0.5344810528924143,-0.5597836765696447,-0.5936115609948237,-0.6161371084922385,-0.8850348320089505,-0.7798602515346125,-0.845687555166254,0
2018-09-08,-0.22300246889753375,-0.23358110414861122,-0.23936574492860876,-0.20259513016409328,-0.1917216689726675,-0.21589627472132844,-0.20067037128710621,-0.19787654231649704,-0.19373730154995256,-0.2136169463050347,-0.2479782921904664,-0.20333334918555454,-0.257859347210013,-0.21278439546712155,-0.25640621564547844,-0.23017466924274588,-0.3070907938669848,-0.44241224754441966,-0.6521911490677916,-0.589059265204393,-0.7082581168790951,-0.7958297273902707,-0.8131878264990894,-0.9099450281070192,-0.9289142007060537,-0.8952967242110165,-0.8462456617660675,-0.48537263738872627,-0.6802722973764472,-0.5964164926410773,-0.7196076903853087,-0.6374519405776975,-0.7134965765571645,-0.6693830036717624,-0.6667349512395417,-0.65998693842307,-0.6796305129989068,-0.6077134876904129,-0.5265631162248041,-0.5602490607055675,-0.6066402035585292,-0.6054343896023627,-0.5369260749773657,-0.5624767606385026,-0.595398785057278,-0.6172606425899806,-0.883028122358524,-0.777624457012643,-0.844175584586603,-0.9155495737199223,0
2018-09-09,-0.2382654264913452,-0.24386451627272498,-0.20723228394491083,-0.19662294592015006,-0.219814144396158,-0.20487751442990476,-0.20057043763428392,-0.19908892778683143,-0.2188349905348374,-0.2525705469431937,-0.209036215723096,-0.2618757237739019,-0.21801029691328613,-0.2607903322992155,-0.23546780345595636,-0.3115766388367106,-0.44564348833543155,-0.6499018628072233,-0.5883142553021617,-0.70456418302287,-0.7939218881415501,-0.81119369343543,-0.9068157571213511,-0.9247900317321106,-0.8924704022367492,-0.8455119179864654,-0.4882902894260074,-0.678190639514507,-0.59662232227557,-0.7206242927418043,-0.6389342835427916,-0.7162663073738731,-0.6727725770888773,-0.6699152596449309,-0.6634972765073405,-0.6831456994920383,-0.6113464635742727,-0.5299101173803483,-0.5632471443633252,-0.6091780548005331,-0.6072289135995322,-0.5397549064835467,-0.564668349169874,-0.597818783383757,-0.6187857863485324,-0.8809789112669085,-0.7768904689492123,-0.8410004567030177,-0.9132083261028062,-0.9193191901565065,0
2018-09-10,-0.24836315298602102,-0.2123975300282557,-0.20149109864240503,-0.22344904459341952,-0.20928194677800604,-0.2047826018244336,-0.2016978141551861,-0.22326611061491608,-0.2567726279196845,-0.2145297535245466,-0.26619425738471664,-0.22315398517741653,-0.2646070733773467,-0.24037268791215682,-0.31527535114460936,-0.44924448893234825,-0.6511664602480824,-0.5871965404497657,-0.7018123848128867,-0.7885852968992528,-0.8090842504939946,-0.9036130222047195,-0.9214720799211701,-0.8888487627800657,-0.8433115684292602,-0.4911811717386784,-0.6791098181939252,-0.5959594327255711,-0.7190145568481594,-0.6406826537541163,-0.7169683188263486,-0.6757364268033926,-0.6733031326093977,-0.6666907186036001,-0.6866072176246871,-0.6148913087079462,-0.5336627586830192,-0.5665559528404389,-0.6120566154108685,-0.6097635925009964,-0.5421081216532295,-0.5673117676710199,-0.5996904352128212,-0.6210264603129404,-0.8795815159948689,-0.7761030003358685,-0.839515516947014,-0.9090249665258927,-0.9169331963895421,-0.9675737442046074,0
2018-09-11,-0.21746436016575757,-0.20677542168976856,-0.22727958693004285,-0.21339162643102202,-0.20919122529112028,-0.20585333465490557,-0.22417976311356871,-0.25981231196721705,-0.21972399049193483,-0.27036491826944703,-0.22838815943479107,-0.26843255980453673,-0.244788766013529,-0.31819530948255303,-0.4502466984781575,-0.6534549216275007,-0.5890554760943816,-0.698612991350637,-0.7843737115900187,-0.8034569112944047,-0.9002908664843473,-0.9180801529677617,-0.8859876265050775,-0.8403677881985606,-0.4934360222814339,-0.6800684779550364,-0.5977309015134897,-0.7162758002840954,-0.6402414377432096,-0.7180088622476807,-0.6768397197010849,-0.6762644533273947,-0.6700888933394493,-0.6897069137928422,-0.6184967108785244,-0.5372413451237587,-0.570252231041736,-0.6153146071013131,-0.6126407227682065,-0.5449937124024251,-0.5694305751633498,-0.6020997867383919,-0.622688022649435,-0.8798224881904494,-0.7758678451490628,-0.837983574711685,-0.9067339941859849,-0.9126954346232596,-0.9646149586052045,-1.0057375026460467,1
2018-09-12,-0.21194376917511185,-0.2320290352555293,-0.21761118103756377,-0.21330499456528945,-0.2102146770650509,-0.22720570486700764,-0.2581634509264757,-0.2241225047837118,-0.2741028976715753,-0.23343381205883432,-0.27259604599754206,-0.24917490343751453,-0.3203269919176761,-0.4498097293036328,-0.6504572575976899,-0.5917405992278632,-0.6994158913860284,-0.7796600539835583,-0.7989869458014585,-0.8929145823199581,-0.9145681616947566,-0.8830537527828509,-0.8381228478185054,-0.4953167333686376,-0.6799483419789876,-0.5995135973627661,-0.7168002431074794,-0.6388387342393419,-0.7164373565251082,-0.6782442593889503,-0.6773625182983405,-0.673065535356742,-0.6930315563335995,-0.6218726986493351,-0.5410104377203623,-0.5738149251325422,-0.6189358920888259,-0.6158981063295659,-0.5480290616069698,-0.5721689353221421,-0.6039226759585423,-0.624943671858981,-0.8791412772135397,-0.7769040620034542,-0.8370626559076826,-0.9044029725916082,-0.9103609703582742,-0.9596807988283014,-1.002325705106908,-0.9689245715341033,1
2018-09-13,-0.23674138301296654,-0.22256116015241073,-0.21752790001776323,-0.21428231030058553,-0.2306241765678978,-0.2594819227650619,-0.2249761094094968,-0.27650696064597907,-0.23813500528970905,-0.2766185426321436,-0.253793769310417,-0.3225761869241349,-0.4480780182396922,-0.6450407698255318,-0.5899517347884832,-0.701396215577661,-0.7796947677818961,-0.794005265653923,-0.8868903747077721,-0.9069181012993554,-0.8800013727585968,-0.835806839511313,-0.4974574111689899,-0.6792572040845459,-0.6004063232844425,-0.717377252785572,-0.6401657780216372,-0.713742311272942,-0.6772539993057969,-0.6787623158137479,-0.6741952724275886,-0.6958988376664966,-0.6254140581018509,-0.5447007500736413,-0.5775069185958485,-0.622477440813834,-0.6195184938665024,-0.5513537140186385,-0.5751379012805599,-0.6064751709510731,-0.6265722435182016,-0.8796829440635356,-0.777154528936387,-0.8376296496981726,-0.9027459907015468,-0.9079868320210899,-0.9567895979603699,-0.996840775232121,-0.9659497513266384,-0.908333615763214,1
2018-09-14,-0.22744446754141232,-0.22247960645031126,-0.2184674140223889,-0.23377177284462314,-0.2614751522020106,-0.22796203969185622,-0.27368751930710067,-0.2418582600990493,-0.2801934189462792,-0.25825142952109814,-0.3254593559738552,-0.44671319420132316,-0.637578270799352,-0.586040104589337,-0.697459524524003,-0.7811624039142538,-0.7939040116106783,-0.8802964504776611,-0.9006505958372942,-0.873014152561823,-0.8333744265031874,-0.4995389034285814,-0.679059988227735,-0.6008120033380556,-0.7167880125640841,-0.6415187818687841,-0.7142930125900112,-0.6752235341149061,-0.6777644832159399,-0.6756237992207996,-0.6968025049729876,-0.6286036514473345,-0.5484886586508771,-0.5810491822606929,-0.6260668509975654,-0.6230597895430043,-0.5550733740126295,-0.5784343299870137,-0.6093603341274431,-0.6290026883733625,-0.8791446201274348,-0.7783778150848084,-0.8373303930226762,-0.9028093448007432,-0.9062901336217576,-0.953863525698026,-0.9935092602498126,-0.9609960967376183,-0.9060780231036943,-0.9280995677982296,1
2018-09-15,-0.2273643864391002,-0.22339963415212155,-0.2372030409456613,-0.2632320216853254,-0.23134711341651912,-0.27422600282123055,-0.24146828505183857,-0.2823741003043571,-0.2623053452997388,-0.3282583738034429,-0.44666093489154324,-0.6308525698939432,-0.5803095038370987,-0.6908740241716903,-0.7756633310334549,-0.795280902705619,-0.879377304972256,-0.8938042942498148,-0.867335696026839,-0.8272813077045621,-0.5015189486006292,-0.6787972525450979,-0.6016118303644465,-0.7155888864068185,-0.6418833529402483,-0.714895410274138,-0.6761734655301981,-0.6757253598228846,-0.6746718428282784,-0.6980259673377723,-0.6301736002528592,-0.5520449319381575,-0.5847209647803903,-0.6294121303469337,-0.6266479721033451,-0.5586426609207665,-0.5821123386587213,-0.612621132985182,-0.6318328216521641,-0.8802140459176719,-0.7787012257209537,-0.8381514991726807,-0.9019200433262037,-0.906326312318672,-0.951658419487062,-0.9901466722344804,-0.9580893107081736,-0.9019988024803968,-0.9256093490788619,-0.9001074236925664,0
2018-09-16,-0.2282678013745593,-0.24174666857132762,-0.265523792741612,-0.2344621205246799,-0.2755681681804314,-0.24362558561352737,-0.27914327216587187,-0.26514210626478185,-0.33048641259761186,-0.4466548396283933,-0.626446025287903,-0.5752039105772729,-0.6820661414320648,-0.7671327918648477,-0.7895052905241698,-0.8802083347041492,-0.8927571177049006,-0.8611004257807905,-0.8223974159385347,-0.5017893699993526,-0.6784250961420037,-0.6023488389512894,-0.7149298928383123,-0.641717099425854,-0.7143373756567986,-0.6771618585522224,-0.6766700900365429,-0.6726851730095005,-0.6967465548261045,-0.6320014363832374,-0.5543728793653451,-0.588104529703495,-0.6329294028051434,-0.6299908941235828,-0.5623666383577666,-0.5856698814049373,-0.6162465606686587,-0.6350702238293007,-0.8824305236828833,-0.7803119037913021,-0.8379664552951374,-0.9023094703328964,-0.9054051731930192,-0.9513467280650273,-0.9875394743806527,-0.9551477877294178,-0.8997910842084017,-0.9212448710338195,-0.8979494776847066,-0.9049680929722052,1
2018-09-17,-0.24628354686035175,-0.2694800243915525,-0.23786668657219742,-0.2766897405777285,-0.24631899379914649,-0.27940763787617456,-0.26311953552113493,-0.3308225013986681,-0.4457949364446822,-0.6222789486625191,-0.5721132721325726,-0.6740818986866461,-0.7560864186334291,-0.7806304823269219,-0.8727692473191422,-0.8935026994269147,-0.8603632254501915,-0.8169863624159397,-0.5025605916881559,-0.6753032294635414,-0.602979827337594,-0.7142041283042402,-0.6419970203961328,-0.7131720417339795,-0.6770782691394935,-0.6776534542804489,-0.6736614134155811,-0.6943854808088796,-0.6316871151324669,-0.5568882844616234,-0.5900754554148142,-0.6360831727921777,-0.6335063175459034,-0.5659703188654959,-0.5893368839635068,-0.6197892774836463,-0.6386611237044436,-0.8854070221933631,-0.7827724210813766,-0.8392577749763366,-0.90157867776137,-0.9057713076463668,-0.9500180377515376,-0.9869526580206621,-0.9529284492624516,-0.8975425984922939,-0.9188091032189979,-0.8939889754685312,-0.9027524497849084,-0.9564323051194493,1
2018-09-18,-0.27351612671538605,-0.2423965496349332,-0.27846097866126557,-0.24875908561636795,-0.2805209943551047,-0.2641889947926497,-0.3241946120288561,-0.4419018627042512,-0.6168385281902592,-0.5692036833930849,-0.6686531238812191,-0.7460081755561864,-0.7691878995490535,-0.8618235472408843,-0.8858032150707176,-0.8613156855254915,-0.8166672872491221,-0.5030156918947514,-0.6730598125466284,-0.6013046717508727,-0.7133673681081177,-0.6422127142942867,-0.7125437663962628,-0.6764267071503941,-0.6775636837576674,-0.6746752432667282,-0.6951368071171251,-0.6304294995600136,-0.5576719043162268,-0.5922670115686699,-0.6375790677615563,-0.6366573375561411,-0.5696902753738053,-0.5928311591424783,-0.6233843544646359,-0.642194104930028,-0.888612891732408,-0.7858526761872684,-0.8415743001348065,-0.9025272147174707,-0.9050110675540032,-0.9500860061200279,-0.9853016419621324,-0.9526070196411306,-0.8959616436107909,-0.916334535225136,-0.8918761668339567,-0.8987217995695773,-0.9536057707745753,-0.6700511384999712,1
2018-09-19,-0.2469216931444018,-0.28214888230207796,-0.2516106573711697,-0.28141929899756923,-0.2659743709422546,-0.32219542683016544,-0.427485411000727,-0.6066721007805782,-0.5651475385279612,-0.6635091978952258,-0.7388785829402842,-0.758739021472565,-0.8479976332172141,-0.8745333418564106,-0.8542466488143206,-0.8178988043660782,-0.5056725166569083,-0.670387772397803,-0.6003469095334563,-0.7095754611047271,-0.6423206147974595,-0.711848803320902,-0.6762654670677193,-0.676905428306745,-0.6746229194689248,-0.6959331789319713,-0.6318437013425027,-0.5576696439973896,-0.5925334948399601,-0.6393397307888643,-0.6381475477896399,-0.5731454870138086,-0.596465300574432,-0.6267405154136517,-0.6457419512932498,-0.8920373083707535,-0.7892116652179472,-0.8445933351028956,-0.9046891861928649,-0.9059411086317789,-0.9489488107035027,-0.9851337955217949,-0.9512669204296921,-0.8960770180053199,-0.9145453271617898,-0.8897217720190753,-0.8965529109948568,-0.9488324015420552,-0.670624009588216,-0.6458459291299882,1
2018-09-20,-0.2859562254526931,-0.25585545903454804,-0.28300760183600604,-0.2675284207765028,-0.3214193746618231,-0.42029650264142665,-0.5807024383373235,-0.5568769778757293,-0.6569934360563379,-0.7321093451686758,-0.7513083865892275,-0.835319263240781,-0.8603343460841083,-0.8437616318495651,-0.8116801749205566,-0.5088901515739351,-0.6714581987818741,-0.5990085027715016,-0.7067365966948668,-0.6398910745491424,-0.7110429493512571,-0.6760388046319191,-0.6767381036514329,-0.6740052146993383,-0.6956135671324812,-0.6332809738404478,-0.5598379695196786,-0.5919399549674911,-0.6389181445004121,-0.6399030542799063,-0.5752645203974202,-0.5997928838270334,-0.6302663231535998,-0.6490074182134821,-0.8950584714166491,-0.792679255998299,-0.8478619781045738,-0.9076425106414252,-0.9080947406959148,-0.9496420875440367,-0.9836984721416338,-0.9513265420026499,-0.8952486614984556,-0.9145182075633435,-0.8882274879273289,-0.8943429200123736,-0.946069744954981,-0.6699836238356429,-0.6467061212079942,0.06919777671616242,1
2018-09-21,-0.26013757756035816,-0.2866012047260747,-0.26965401081734913,-0.32047402696815996,-0.4151885364977247,-0.5658153229423214,-0.5343988048874088,-0.6453542499421112,-0.7238043975379784,-0.744251471006264,-0.8260777597180711,-0.8473069760523712,-0.8304659050698028,-0.8022538461155156,-0.5087240804067968,-0.6736170702552641,-0.6007554814050503,-0.703446887853947,-0.6382629102100131,-0.7072956145583005,-0.6757028441748342,-0.6765053401574651,-0.6738747519209736,-0.6947064188778469,-0.633749123513374,-0.5620043660216917,-0.5937530838655835,-0.6375378850739997,-0.6394732338007616,-0.5775904227574158,-0.6016480845579462,-0.6334327872299543,-0.6524620875994446,-0.8973125809971076,-0.7959098713242884,-0.8513040945821824,-0.9108141809031509,-0.9110445195347203,-0.9516889674815134,-0.9842044959169202,-0.9501787941820268,-0.8956826760881214,-0.9135229106010235,-0.8884021654585372,-0.8927974241276622,-0.9432711080886842,-0.6705250880926354,-0.6464150591614305,0.0598498635800165,0.7131152281746294,1
2018-09-22,-0.29032815313204846,-0.27352457830505145,-0.3205517265748759,-0.4100161819402447,-0.5542815861724942,-0.5218381604010193,-0.616672307500075,-0.7097147905335005,-0.7356298401045472,-0.8172903671118508,-0.8377820028945819,-0.818283499793127,-0.7901765337753219,-0.5068326963795534,-0.6702244898420954,-0.6033658843470503,-0.7042039708955505,-0.636229082933907,-0.7044963603181129,-0.6726331784120533,-0.6761632578901355,-0.6736789501774593,-0.6943128426380661,-0.6336950342233156,-0.5633687166414499,-0.595576058762895,-0.6388784115828602,-0.6380835596302481,-0.5780714361040696,-0.6037346683505956,-0.6349549233462057,-0.6555227512292208,-0.8999739644588752,-0.7985661791400748,-0.8544111254998794,-0.9142289545859213,-0.914210957339068,-0.9545933592576233,-0.9861669472972318,-0.9508654430967904,-0.8950082531966047,-0.9138347908834095,-0.8876432862148225,-0.8929370607879344,-0.9411833875789344,-0.6710020691343707,-0.6472357908638295,0.049821588434868176,0.6961238777663795,0.7670097749616926,0
2018-09-23,-0.2774876488831804,-0.32336663305382346,-0.40663046813443005,-0.5428390755831901,-0.5122463522332377,-0.5999779288741159,-0.6765200738340716,-0.7211065121827382,-0.806763781769721,-0.8287237249907592,-0.8094448355545824,-0.7791338966817632,-0.5034271401503344,-0.6643163631622911,-0.6013493152299827,-0.7061537167918507,-0.6376232747237744,-0.701247739838443,-0.6704361510976994,-0.673084763401057,-0.6733739553819028,-0.6938532145539745,-0.6340769160904073,-0.5642851143306692,-0.5965182935757685,-0.6402444511946439,-0.6394184304635456,-0.577723183939519,-0.6038335270256455,-0.6367393893168225,-0.6568261772838179,-0.9018548143827938,-0.8015430378411805,-0.8568301218339911,-0.9172033364118976,-0.9176242556586729,-0.9576928167997611,-0.9890354431681521,-0.9529093346388086,-0.8959921957390856,-0.9130059601644099,-0.8881281306490776,-0.8921371290139938,-0.9409520154928934,-0.6719316477186794,-0.6479896302556298,0.04075104463485929,0.6768027422675209,0.749378684806147,0.7663805434278681,0
2018-09-24,-0.32642971506815605,-0.4076600298332701,-0.5343158866800034,-0.5026987420451372,-0.5869356513584628,-0.6568187154756886,-0.6871130410332428,-0.7896314793204288,-0.8178989420166611,-0.8010423986045355,-0.7712209906659836,-0.500496514361024,-0.6562880507389997,-0.5971542111520058,-0.7021238404726727,-0.6399982274669809,-0.7020256670067041,-0.6678122317411838,-0.6708798902261718,-0.6703489475453451,-0.693283496041628,-0.6343948471380529,-0.5655492001566268,-0.5969775863090323,-0.6406250451436228,-0.6407790018894143,-0.5796836633848684,-0.6030483298625482,-0.6363558126407634,-0.6584122546998568,-0.900719336475323,-0.8038930780026641,-0.8596208387525056,-0.9193676149144149,-0.9205914800018451,-0.9610872291152303,-0.9920819270874319,-0.9558124558595087,-0.8981701308654337,-0.9138929197246782,-0.8875179691927721,-0.8925919392523581,-0.939717424209494,-0.6737648154975687,-0.6491742338374469,0.031818559993641034,0.6603030050665045,0.7292797562905216,0.7487569223846249,0.3277830732863996,1
2018-09-25,-0.40920104191113155,-0.5326971464710087,-0.49572814666175685,-0.5740211327553283,-0.6412664818172149,-0.6668794516556371,-0.750833236414106,-0.8003582360856604,-0.7909395825333837,-0.7637032138722586,-0.49917245797213183,-0.6490330585787717,-0.5910973682820688,-0.6954223320131265,-0.6372641399581024,-0.7039893242884573,-0.6689070698043597,-0.6682478322134856,-0.6681916065740673,-0.6898767100795451,-0.6346053325391107,-0.5667517254050315,-0.5978261489900412,-0.6404761426419155,-0.6411528746313458,-0.5816491040545028,-0.6047463253652513,-0.635019012345603,-0.6577118822408154,-0.9000931213789424,-0.803727507398083,-0.8616940397320044,-0.9219585369014064,-0.9227420144336277,-0.9639628311019577,-0.9954614027629511,-0.9589100383709782,-0.9011302424689611,-0.9160271272183333,-0.8885422741037264,-0.8919438071795981,-0.9398542358060947,-0.6749489593352839,-0.6511818984950004,0.023100288079755754,0.6440054148207888,0.7121582111070784,0.7286670747857548,0.3153656976137961,0.5138335604758042,1
2018-09-26,-0.5319803869623806,-0.494909748313825,-0.5642918487444915,-0.6259027913459567,-0.6508829594271129,-0.7273981017192189,-0.7608078641364389,-0.7743876631158622,-0.7545742548765797,-0.4979510257288177,-0.6441966057346841,-0.585686591191791,-0.6864809388042816,-0.6321757836038675,-0.7000018419658414,-0.6710822336503284,-0.6693385415361889,-0.6656088545948807,-0.6873800927703387,-0.6323237377431188,-0.5678498138565028,-0.598612025275801,-0.6407718362422343,-0.6409966938022192,-0.5827664503152707,-0.6064579836207203,-0.6363856458568391,-0.6560128664784105,-0.8958600605541374,-0.8039810803939341,-0.8609561887966848,-0.923734593066681,-0.9253221558810155,-0.9659374287997875,-0.9982645420868651,-0.9623039219958183,-0.9043119289201547,-0.918968647446975,-0.8907384077921621,-0.8929442628875668,-0.9388040751755047,-0.6768553272548522,-0.6525704761322848,0.01593782831708852,0.6285028575927936,0.6952441768937482,0.7115527893570336,0.3016055822380294,0.49920772590050183,0.4524517357128596,1
2018-09-27,-0.4948753087129234,-0.5620513821204619,-0.614166769477592,-0.6350857691136155,-0.7087292475026906,-0.7368715661528145,-0.736658272346583,-0.739356103999353,-0.49575324775922547,-0.6396187061970939,-0.5823480721300662,-0.678371803427926,-0.6250909218016475,-0.69335311059795,-0.667739303129287,-0.6715109498577314,-0.6667245768695733,-0.6844454031738325,-0.6308270486979421,-0.5668482986578602,-0.5992920475791131,-0.641003345504765,-0.6412857711682142,-0.5834153694718325,-0.6072633938615585,-0.6377769270053915,-0.6571619079717815,-0.8901218673917387,-0.8011529048364778,-0.8606906550501678,-0.9223824861169403,-0.9270821786994311,-0.9683795694346979,-1.0000999942232447,-0.9651769591265332,-0.9077295268050031,-0.9221228975519781,-0.8937062567523518,-0.8951296434607199,-0.9395520182414098,-0.6780423213887479,-0.654626408640178,0.008510091942944949,0.6166983563720486,0.6791737891442322,0.6946459522722884,0.2895516122635537,0.4827625750558643,0.4385545164688551,0.5971923067916999,1
2018-09-28,-0.5608045787258693,-0.6108918554653242,-0.6229945575764584,-0.6903244125013831,-0.7177843859124827,-0.7139353418369117,-0.7040830244531412,-0.49002785658207454,-0.633726041100772,-0.5792016071738585,-0.6728415866084428,-0.6187184823798949,-0.684472457060141,-0.6618929865433631,-0.668159622064294,-0.6689136788536594,-0.6853825874867301,-0.6289296031747533,-0.5664891832163262,-0.5976876075185612,-0.641127115166533,-0.641510646270407,-0.5844363086863871,-0.6075745206437875,-0.6381885465261873,-0.6583428104318694,-0.8888444725772802,-0.7970210183261048,-0.8570335464564796,-0.9215597701268633,-0.9256969277092494,-0.969934350681299,-1.002432992212948,-0.9671466316902866,-0.910717609784892,-0.9255327593824946,-0.8968993616595389,-0.8980929205933238,-0.9416235460559593,-0.6801954130424409,-0.6560024892286985,0.0020358866630870703,0.6038321836184256,0.6669807587417058,0.6785821940779188,0.2776614379173951,0.4685620487975806,0.4229952132192563,0.5815769861462442,0.584093899908683,1
2018-09-29,-0.6087631488730737,-0.6195365478878755,-0.676096617826833,-0.6989713555998213,-0.6958609715972286,-0.6829967984722172,-0.47223694990524434,-0.6229402315791949,-0.574884702763936,-0.6676007220203332,-0.6145988686850041,-0.6764201407284811,-0.6539358096194197,-0.6623028515544462,-0.6656132238560964,-0.6874525331038778,-0.6303929814311806,-0.5657717638217976,-0.5967926883587988,-0.638720461033958,-0.6416277592064722,-0.5853950285423769,-0.6082883956974886,-0.6380732413037277,-0.6584958435136736,-0.8876793768105385,-0.796708572657477,-0.8519538810198629,-0.9170129278210261,-0.9248441472665989,-0.9681248255195303,-1.0038254511684537,-0.9695849091609287,-0.9129081977643134,-0.9284833121615859,-0.9003201791347561,-0.9012792785952852,-0.9445384171993384,-0.6829004934651297,-0.6582743453813453,-0.004925978256966564,0.5933791964544517,0.6536594002135112,0.6663936998451454,0.26621872294641813,0.4545438353948404,0.40950287936426566,0.5639288221094352,0.5686340601422563,0.7694920644988006,1
2018-09-30,-0.6172517457181643,-0.6715372271890947,-0.6844091046156832,-0.6780362237963704,-0.6662886019189129,-0.46279955377900406,-0.5958298950333096,-0.566257012830423,-0.6609782476287402,-0.6107059849735679,-0.6709360742566,-0.6467473613019218,-0.6543336435033552,-0.6598197858562345,-0.6837889572203784,-0.6328141092730256,-0.5678337693618902,-0.5955194698622884,-0.6371126349934876,-0.6392115049054959,-0.5862484823242686,-0.6089392194335143,-0.6383994759142737,-0.6581005176407716,-0.8849488320366962,-0.7964764372894052,-0.8510720805121937,-0.9109159656602055,-0.920249296688242,-0.9668871924596333,-1.0016803743200764,-0.9711339449202937,-0.9155197563125678,-0.9306018332218716,-0.9033238814301054,-0.9046981936879828,-0.9476533397380147,-0.6860847277851165,-0.661032974274794,-0.010706244775199348,0.5813871718647858,0.6428733973098283,0.653077655718132,0.25719210549644245,0.44114090085680063,0.39618674915643165,0.5487665448586235,0.5511749291340509,0.7518315090378417,0.8292055597821542,0
2018-10-01,-0.6683134585799654,-0.6796773060799051,-0.6642837256744878,-0.6497969428133374,-0.45581475234378577,-0.5801827185955263,-0.5431211390228112,-0.64919291086342,-0.6055674032439984,-0.6657393112197594,-0.6419649576149298,-0.6471339406443118,-0.6519234654103865,-0.6775434631316114,-0.6302207372219661,-0.5706544214928819,-0.5972995185044768,-0.6350999050105616,-0.6375951474438654,-0.5848941609368828,-0.6094837298207327,-0.6386616089347924,-0.6581722044504101,-0.8814309087457369,-0.7948926384572405,-0.8502894648209757,-0.9094230492091147,-0.9140974432069037,-0.9616777918812883,-1.0001383674531907,-0.9693125427210624,-0.9173265041831622,-0.9331568641015147,-0.9055444622131975,-0.9076926668860565,-0.9510521126214921,-0.6895971648384437,-0.6642399754274022,-0.015046743768975912,0.5724474807647992,0.630460358854105,0.6422955408516843,0.24758039401666881,0.43077303372820136,0.383430530763993,0.5337948769901213,0.5361637746673144,0.7316967567221724,0.8108361924160938,0.7997009508887649,0
2018-10-02,-0.6763065536044995,-0.659969344256913,-0.6371367157513522,-0.44881101431363774,-0.5680145512498369,-0.5301222512473035,-0.6202418126618241,-0.5958143660836486,-0.6591653849711294,-0.6374387077787296,-0.642342395638468,-0.644791945404978,-0.6691268840419288,-0.6253075602142625,-0.5692785724123152,-0.5999319923945513,-0.6365047994577706,-0.6355735676600548,-0.5842215157677078,-0.6076838577605854,-0.638816106517885,-0.658179099998646,-0.878664053809864,-0.7926165147971246,-0.8480290444757849,-0.9080495765005382,-0.9125715521473965,-0.9548232790611945,-0.9944429290653087,-0.9680641361819888,-0.9160378429463638,-0.9348795412528971,-0.9081795464412916,-0.909895525605506,-0.9539488691898608,-0.69310802239463,-0.6677860107866805,-0.018926297681577414,0.5666824621854176,0.6212562305105621,0.6298874178320579,0.23950838378345535,0.41958996595786757,0.3735051690756123,0.519513678449215,0.5213419259250459,0.7145465721393673,0.7898396694314618,0.7816818095133247,0.47859659458160564,1
2018-10-03,-0.6569544547238727,-0.6333853859256534,-0.44392474981389823,-0.5559529742584669,-0.5201646370104915,-0.6033680885007909,-0.5706060164756135,-0.6474465384407774,-0.6316029000267623,-0.6378074103026895,-0.6400557808162566,-0.6615086870652228,-0.6184243073970579,-0.5658811128791754,-0.5979826829835676,-0.638886895162354,-0.6369739726030605,-0.5831788661906717,-0.6066152632414883,-0.6364537674483762,-0.6580774919473318,-0.8758247168724514,-0.7909784957692448,-0.8450202141937756,-0.9050629057295698,-0.9111661979620116,-0.9528752827156964,-0.9870326941626077,-0.9628375320266613,-0.915272677592913,-0.9334170895192074,-0.9100212828559506,-0.9125167090459334,-0.9559640887200304,-0.6965485393985615,-0.6713063418463172,-0.023464857287609962,0.5621972551419019,0.6153719826149358,0.6206863768556474,0.23052650010631384,0.4103683451553436,0.3628405235783098,0.5085448728689318,0.5071987316100748,0.6976041455839126,0.7720005407858651,0.7611110898822375,0.4643890302952379,0.5208821082079171,0
2018-10-04,-0.6308505179045506,-0.4441807970547204,-0.5469225510523233,-0.5102600795761133,-0.5901761094681662,-0.556226183770808,-0.6186178908034606,-0.6208949607995999,-0.6319619862839431,-0.6355737173420011,-0.6563772269991556,-0.6122404634967376,-0.5607422566912986,-0.5938713117913893,-0.6361745753401716,-0.6393530720092386,-0.5850758824512969,-0.6051618880841138,-0.6348853230573691,-0.6553458035417457,-0.872867195189463,-0.7892710532058985,-0.8427161412194506,-0.9012676261758841,-0.9081403401535261,-0.9510618163333111,-0.984750861467584,-0.9559633491162136,-0.9108177347367687,-0.9324942814619102,-0.9088049497319063,-0.914337771527889,-0.9584380922055308,-0.6996079084005181,-0.6747928180009335,-0.027265044179557118,0.5567648988654624,0.6108360836684021,0.6148035209903842,0.2234774673190296,0.39993307074457285,0.3539981825915877,0.4966577688320154,0.4963243532698795,0.6815076045434525,0.75437511333056,0.7436123704695224,0.44845241078889775,0.5061726058700347,0.5118996837434064,0
2018-10-05,-0.4450623605403028,-0.5450423381263266,-0.5029970181712302,-0.5771155147094658,-0.5451158809505602,-0.6018257586618837,-0.5939280327030338,-0.6212408768756235,-0.6297865510948101,-0.6515174167761456,-0.6082740334556185,-0.5561902120476815,-0.587910834745692,-0.6311133179926134,-0.6366316211724121,-0.5877864206158947,-0.6068505432478799,-0.6329134443874548,-0.6534491279562764,-0.8660167773924059,-0.7874492759109074,-0.8403408401042389,-0.8982486454534544,-0.9043026253515836,-0.9475343284381396,-0.9826146256469441,-0.9540035364485571,-0.9048258478449331,-0.9277876076331666,-0.9081053921042093,-0.9130787013716067,-0.9600402614451455,-0.7029009192201716,-0.6779404395122169,-0.03210919507768779,0.552712693736247,0.6053289184760647,0.6102682138837637,0.2185649077005884,0.39197116864253084,0.34404241122685253,0.48692107227098685,0.48454787653828696,0.6692966791593317,0.7376494335888774,0.726324415713283,0.4346584307950456,0.48962573209550503,0.49729680469674,0.4681421146939264,0
2018-10-06,-0.5441026638248861,-0.5020278573752005,-0.5672665426704953,-0.5340865498983904,-0.5887018853062714,-0.5783764130726522,-0.594249694148056,-0.6191452299684523,-0.6453144170121148,-0.6045275329701252,-0.553549184489428,-0.5825902032551717,-0.6240596436753292,-0.6315589964512668,-0.5860750067471567,-0.6094220210632755,-0.6343390627067446,-0.6511367690005448,-0.8604598936089561,-0.7822368011315111,-0.8378489326101443,-0.8951564996203113,-0.9012450696201048,-0.9431534034674691,-0.978690406503647,-0.9521786454634564,-0.9033960527728934,-0.9215078985645276,-0.9037552146207153,-0.9123403776350784,-0.9583286964641596,-0.7057211563071545,-0.6813026736129708,-0.037863875274348466,0.5466459176284882,0.6012556199463693,0.6047619221031479,0.21444213473231222,0.386647015018814,0.336381683204795,0.4758346153167427,0.47489211535787107,0.6559543555622568,0.725008029856819,0.709909595204194,0.4210432565930679,0.4753438832636842,0.48087956309167146,0.45405864731012435,0.28950963228401805,1
2018-10-07,-0.501864887424108,-0.56496437841733,-0.5259019011482714,-0.5757077468913104,-0.5662880079525409,-0.5786819130215127,-0.5923009879180197,-0.634103581450087,-0.5995500937304672,-0.5510692466321113,-0.579324903494931,-0.6177163786476799,-0.6244922397432978,-0.5822597962346876,-0.607286830282751,-0.636734989538788,-0.6523896616625885,-0.8543507330255126,-0.7781355149101352,-0.8316700123064333,-0.8919453091400036,-0.8981142442628491,-0.9396020521760492,-0.9738798652600421,-0.948637115046418,-0.9020836089249762,-0.9199052014109909,-0.8978831135355224,-0.9079282966822712,-0.9571799215872134,-0.7065275740248477,-0.6842258629562784,-0.04327102750376591,0.5385435059983984,0.5950865126602677,0.6006888698438737,0.20954464297345918,0.3823492474765918,0.3311933227815527,0.4674637078808367,0.46390798064678074,0.6451530145300312,0.7111613744632392,0.6974808920556922,0.4080115771432205,0.4612450488150509,0.46670134892358844,0.438272904319783,0.2775465705065057,0.25462480513810737,0
2018-10-08,-0.5636649755990825,-0.5244576740057646,-0.565913226098735,-0.5543042615637427,-0.5665800177384547,-0.5768311172148239,-0.6062105032202333,-0.5900177530038773,-0.5474860727136223,-0.5762484073460251,-0.6136204613812695,-0.6181367367675603,-0.5766401621891496,-0.6029440518425476,-0.6340648191324182,-0.6546703112640216,-0.8536775081298091,-0.7735362725865395,-0.8267098709637858,-0.8847290563542304,-0.8948642426942919,-0.9359760933700094,-0.9699379789229504,-0.9442409835702467,-0.8991719516255184,-0.9184255873079559,-0.896525276835601,-0.9019854168958901,-0.9521124137591946,-0.7076628227738119,-0.6852451029734649,-0.04923551931062364,0.5312948460973734,0.5867876008090768,0.5945209572983933,0.2056432502352075,0.37719350630144977,0.32695328949434216,0.46195514216129996,0.45560134143127207,0.6327205849043845,0.6999910622643951,0.6838834284459423,0.39789773552079016,0.44776785109505135,0.4527052551362242,0.42459954281952283,0.264338808140718,0.24307583368759894,0.2991443793478156,0
2018-10-09,-0.5238896930944036,-0.5636391307582124,-0.5453376091442426,-0.5545831078815697,-0.5648109487441809,-0.5900417654888485,-0.5652158450765069,-0.5398632803889845,-0.5720085264321495,-0.6097502221201963,-0.6140308794262818,-0.5716383729532872,-0.5967172547007698,-0.6290560343932937,-0.6516488413746029,-0.8546726654573844,-0.773629029260647,-0.821219722345785,-0.8788470644858505,-0.8875920174981081,-0.9322292742108261,-0.9659204269562558,-0.9406758090749715,-0.8954579034046368,-0.9153084531073362,-0.8952824058888352,-0.9005850616350397,-0.9454201371544135,-0.7062425467856543,-0.6865733995779278,-0.056541721914677205,0.522591573827962,0.5793848105592915,0.5862243396335883,0.20030811574638543,0.37321929659618125,0.32188275003328987,0.45757896940489856,0.4501217529309469,0.6235042770391268,0.6870921622627312,0.6728954259563583,0.38701227421660733,0.43734917054197103,0.43932269583647815,0.41110394659798105,0.25272641774245147,0.2303715206791722,0.2870669510709206,0.24202862892887675,0
2018-10-10,-0.5623636576865095,-0.5434902692332447,-0.5456056699267259,-0.5528937864997834,-0.5774382457001025,-0.5511068351132045,-0.5185780584749674,-0.5634863258137304,-0.604636567994802,-0.6101511413695506,-0.5686320476436292,-0.5911474935527375,-0.6220627493258664,-0.6462027172355925,-0.847733745704892,-0.7751354032509588,-0.8208605222351514,-0.8724006632758419,-0.8816602843974276,-0.9242405507319157,-0.9617806826754518,-0.9370359896125116,-0.8925127645831434,-0.9113718960196375,-0.8924562639468997,-0.8993010816477339,-0.9435696002181704,-0.7037204133961296,-0.6854613911038211,-0.06357282620370117,0.5096237803403698,0.5704523080811874,0.5788233488919452,0.19361063018297237,0.367530902515798,0.31793256412057747,0.4523075212090232,0.4457579002182417,0.6176145376475722,0.6775828660890602,0.6602270103023186,0.3780083834992573,0.4261065717272122,0.42896877014702806,0.39818241507813307,0.24127401369463097,0.21916161374682305,0.27372014237426484,0.23062917677234854,0.14117840052591996,0
2018-10-11,-0.5425786203465075,-0.5437527702118776,-0.5439816900406137,-0.5649518593114438,-0.5402225907516557,-0.5068123085473579,-0.5405447245359845,-0.5949176710127917,-0.6050270307210567,-0.565803029045883,-0.5876798422683953,-0.6157759755407318,-0.6387061105479848,-0.8374107138137541,-0.7697543813452016,-0.8220652599351103,-0.8715563562021096,-0.8751622856876189,-0.9176720841537441,-0.9532252921135042,-0.9332752626514135,-0.8894946607180564,-0.9082244894630994,-0.8888348194454149,-0.8964244106313888,-0.941850362396643,-0.7043749872545654,-0.6832917221965791,-0.07156731799858625,0.49745713348188175,0.5570106512527726,0.5698935227305449,0.18746396265338652,0.3601550744474722,0.312360717535837,0.44830068632134995,0.4405046334094885,0.6130763039197301,0.6715610242931316,0.6508624804902389,0.3678483735099105,0.41684139777364015,0.41780203562803114,0.3881439404595808,0.2302345459770477,0.20810822114890554,0.26199659114452123,0.2181066487213538,0.13097606205675869,-0.31635374329395116,1
2018-10-12,-0.5428363813945749,-0.5421624730209366,-0.5555733669841134,-0.5294138436404368,-0.49788400684062456,-0.5276752856374988,-0.5697721950598768,-0.5952938127653609,-0.5618355779034799,-0.5844099777793097,-0.6117259423699182,-0.6319485035636315,-0.8243014111012481,-0.7613708060779717,-0.8157650220462069,-0.8724373331583123,-0.8742918032009876,-0.9105135900368462,-0.946153243166665,-0.9252664816778077,-0.8863577640513965,-0.9050035698391133,-0.8859738603909888,-0.8927482487041271,-0.9384386953014838,-0.705077814031793,-0.6841580304089041,-0.079809767645593,0.48126197591374004,0.544414170199451,0.5564573983682988,0.18039962744805255,0.35347633033153264,0.30520868840184784,0.44245401651096755,0.4365029250134272,0.6075656931582157,0.6669666255005061,0.6449059108703308,0.3600593639672803,0.40635106145943584,0.408592364297744,0.3773467762245656,0.22148384417351696,0.19743629840149696,0.25043398519203613,0.20704207008995318,0.11990898002150052,-0.3211250777837398,-0.10862074563622957,0
2018-10-13,-0.5412747998994875,-0.5535137289319164,-0.5214099311427751,-0.48898383480134033,-0.5178257236767162,-0.5554342567189076,-0.5701219628447551,-0.5536864897959015,-0.5799572319309045,-0.6078995502280875,-0.6275160437623994,-0.8122933965848307,-0.7504935694689762,-0.8062370973397305,-0.865150456526346,-0.875155310667381,-0.9093080382141926,-0.9384723737493403,-0.9186801905232833,-0.8792486560022436,-0.9016631675581093,-0.8830401643694856,-0.8898375497452303,-0.934183191508663,-0.7046432215831715,-0.6850655723963271,-0.08693089955085508,0.4636431136238146,0.5275326340214412,0.5438659357304909,0.17081983503157316,0.3456206647495971,0.29870548713063505,0.434774261365446,0.43068112553762705,0.6034914231030055,0.6613731287679069,0.6403392633969345,0.3548131640439017,0.3983545751806176,0.39817219696121586,0.3684074839974269,0.21219538480229194,0.18893708351372288,0.23929300621262573,0.19613275212114176,0.11000796024324841,-0.3255891669816063,-0.1158579150453026,-0.10998889126482142,1
2018-10-14,-0.5524210883275634,-0.5200588711987707,-0.4825437202145701,-0.5080266017876939,-0.5443589235443564,-0.5557664508380568,-0.5314320245692447,-0.571143497205317,-0.602834164160216,-0.6233242024197644,-0.8035963784131573,-0.7405735455777323,-0.7940428611327927,-0.8543942465060104,-0.8678151969589628,-0.9099479201594276,-0.9370018209241214,-0.911503206643823,-0.8734618808878849,-0.8942605686464061,-0.8799879626503843,-0.8868539790540446,-0.9307458521122888,-0.703611561941615,-0.6848826051365409,-0.09388591339872279,0.45088933283464694,0.5091289855625216,0.5269924131844944,0.16172639216892287,0.3344050388271867,0.29111089747083185,0.42785712369379736,0.4230491273545817,0.5973176026199578,0.657275487875661,0.6347867208598317,0.35054853953681453,0.393014828262649,0.39021978355632375,0.3583291424004784,0.2043598671091675,0.17994325649422627,0.23047284691076667,0.18559354211987272,0.10025216370912261,-0.33021141263140996,-0.12331995643986517,-0.11720982049393418,-0.1999978644336192,1
2018-10-15,-0.5195703186384406,-0.4819987778501915,-0.5008499293794954,-0.5333637152686838,-0.5446764487484569,-0.5190204424260927,-0.5476649972995783,-0.5931813738156644,-0.6178565202979945,-0.7953292993012362,-0.7335724639297684,-0.7828908473781947,-0.8407864112627711,-0.8569927110908375,-0.9019263229562761,-0.937464841005452,-0.9102882749641734,-0.8671142497770343,-0.8882129757994325,-0.8730009996009783,-0.8837517330220701,-0.9272342141049275,-0.7031048008360791,-0.6841234278777426,-0.10113618105786999,0.43848839640008047,0.49590376381749673,0.5085979272890303,0.15043866521439445,0.3238277563902764,0.28043496616099295,0.4196469075320074,0.41616944916893756,0.589009640308712,0.6509882876037553,0.6307006275650423,0.34544170941808217,0.388710431027455,0.38489990819106257,0.35059142847139574,0.19567696821479807,0.17232329301222674,0.22110301381870187,0.17718513385963153,0.09077550717946566,-0.3347339722823717,-0.13033892019674098,-0.12465211714289115,-0.20615036798365782,0.0541770386334779,1
2018-10-16,-0.48219746920312706,-0.49992530099294663,-0.5252070251393098,-0.5336669267987479,-0.5095530580913146,-0.5344378087773227,-0.5681576419814655,-0.6076527560640622,-0.7853754886842551,-0.726926032016309,-0.7748891019432809,-0.8283120435102743,-0.8433086008376243,-0.8902554453397994,-0.9289042693575484,-0.9109218967859546,-0.8663200487769983,-0.8815947936329683,-0.867322771586204,-0.8766925972780768,-0.9236021045940165,-0.7025316812233512,-0.6838643620447074,-0.10842637902929922,0.424544286607986,0.48304701502843855,0.49537820972825863,0.1384308222882611,0.31017056754442,0.27034723245947956,0.4076983567336889,0.4080149445906441,0.5815997510818522,0.6424626091092328,0.6244694485712546,0.34148129085640083,0.38354490603844066,0.38060395960637156,0.34536835668551924,0.18881572665767438,0.16391290769889674,0.21320796278479184,0.16829769237570855,0.0830941345667951,-0.3393900907181786,-0.13723752271130665,-0.1316552959284907,-0.21229367698079085,0.04500742485706459,0.1865869807558946,0
2018-10-17,-0.49980029650512214,-0.5237772103038716,-0.525498508708612,-0.5001268585311998,-0.5242896296173316,-0.5539008249367633,-0.5816143329193276,-0.7690276431417513,-0.7187562722914007,-0.767286429663363,-0.8192362374855896,-0.830762881477077,-0.8755949448746837,-0.9165624122162062,-0.9028812222843502,-0.8672344665636171,-0.8806633420758633,-0.8610877383883935,-0.8709502312577937,-0.9157788125884476,-0.7018480851534452,-0.6835396088096266,-0.11548445484384183,0.41000539440751305,0.4685426446203253,0.4825267826558499,0.12904772314042506,0.29545354794299594,0.2574717770924928,0.3964562493424731,0.39618156045045827,0.5726566906571181,0.6348819482106104,0.6160513442658975,0.335859802250804,0.37956793765258245,0.37545090277000687,0.3411135654085483,0.18398783824389287,0.15722283090856945,0.20444979909367328,0.16075556097854674,0.07505845995109905,-0.3437730852930984,-0.1440823066694926,-0.1385382496405366,-0.218258377824874,0.03519592535776324,0.17584563276957088,0.1747181731087009,0
2018-10-18,-0.5232215163969863,-0.52406264826122,-0.4932557413864257,-0.5141991222211437,-0.5428932045218573,-0.5666814004672462,-0.7316740814120672,-0.704851815018142,-0.7580640154924806,-0.8106071864105603,-0.8216291212658842,-0.8621358593706528,-0.9011297002795166,-0.8911865949766289,-0.8600494985772325,-0.8814861587398064,-0.8603506583123713,-0.8646486665211903,-0.9093573606784848,-0.6982770677390708,-0.683105223908221,-0.12249666830736972,0.39635802179454127,0.4533970518414049,0.46802895342245243,0.11990572786506162,0.2844429776548082,0.24364856975916166,0.3817374380537616,0.38504391897484624,0.5591932085034512,0.6256849077860137,0.6085550621389668,0.32861244862009603,0.3738661602850573,0.37147744995089527,0.3360212467451171,0.17990106434556186,0.15247211716895967,0.19754128399761475,0.1524435745786419,0.06813948461356849,-0.3479445076663753,-0.14996286150645186,-0.14536861887789987,-0.22411181200574543,0.02629868322552153,0.16412322512699823,0.1641177103966317,0.11426576373058026,1
2018-10-19,-0.523501800255079,-0.4924886227827449,-0.50678370204029,-0.531964069187941,-0.5551094197403275,-0.7092015756390347,-0.6719980760438594,-0.7427178709129401,-0.80025490757403,-0.8129446888197421,-0.8522602323217561,-0.8869482480360947,-0.876498761659547,-0.8494201565656824,-0.8740220425914446,-0.8613031986456644,-0.8638778349939265,-0.9023513675946868,-0.6956345021893007,-0.6798936127983656,-0.129424205987957,0.38273865850313954,0.4391981688387202,0.4528904440157525,0.10996733745163592,0.27372746305929563,0.23317493516973464,0.3658065889450243,0.3704919235672177,0.5465769300311302,0.6116963996686078,0.5994835139590818,0.3220344769601155,0.3664646331196916,0.36579272777976063,0.33206491988740633,0.17505669845564661,0.14841815509260128,0.19269208091707954,0.14581530177989988,0.0606153208614809,-0.35203638055295033,-0.15588876760915898,-0.15123931066686405,-0.22999385074915474,0.017538005268507736,0.1536983041501848,0.15256659050496657,0.10438288399127042,0.09378976143262431,1
2018-10-20,-0.49249790098803065,-0.5057360022675389,-0.523861516163156,-0.5436295913580004,-0.6913362374387977,-0.6525239200781162,-0.707209074030491,-0.7833613306414409,-0.8025314447190679,-0.8428668674389641,-0.8764858903179716,-0.8630141075854031,-0.8359583301470487,-0.8630451837302289,-0.8542344065152427,-0.8648078495838512,-0.9012231795498205,-0.6925484177848051,-0.6775704423282842,-0.13682978111927357,0.3691814975029235,0.42502580089630154,0.43869800002682946,0.0997661984229039,0.2618549853072165,0.22297855647453377,0.35406684048603765,0.3547518070867418,0.529663780442426,0.5986038781680778,0.5857544226727538,0.3143286851135976,0.3597657312107104,0.3584239506512451,0.3264632815135981,0.17117028528521647,0.14362221146904972,0.18859624480943654,0.14109245418939528,0.05448187653798842,-0.3559863909222073,-0.16126422783436198,-0.1571536616037,-0.2352156621822562,0.00897799117563761,0.14342312584128872,0.14227860581905602,0.0937041985974183,0.08414993620098996,0.12249772856759343,0
2018-10-21,-0.5055060750448647,-0.5224596083043259,-0.5350758259856842,-0.6737154594929554,-0.6371613345356311,-0.6859657834121137,-0.7450027323572509,-0.7855543713952592,-0.8316732119401614,-0.8665318420593342,-0.8531177128800853,-0.8236205466366089,-0.8491834099392356,-0.8437496940337085,-0.8576704117897658,-0.9019146941372178,-0.693408799507941,-0.6748156723444042,-0.143941829238667,0.3522148403703532,0.4109137542607124,0.4245320885440253,0.0900619833199295,0.24955944257852888,0.21174417331651282,0.34264632049218957,0.34312663655500875,0.5112239860909756,0.5809302422532729,0.572897214215261,0.30342287729662654,0.35188008597101844,0.351750737133724,0.3192540450530288,0.16590782171674726,0.13974945162114533,0.18373850530334376,0.13705033977074735,0.04998213693321611,-0.3598749227979119,-0.16683700855174163,-0.16252066802317128,-0.24036980997030027,0.0019238168597350465,0.1334680465521755,0.13213918252273654,0.08411368319085358,0.07376675550191847,0.11251713365265766,0.1083140416078868,1
2018-10-22,-0.5219277060877553,-0.5334413240026671,-0.6601300848119315,-0.6219826994215553,-0.6691264834305604,-0.7218605443937579,-0.7470420034601573,-0.8136273080892389,-0.8547209716122092,-0.8437045022992222,-0.8146556789475062,-0.8364714948729532,-0.8304543176751251,-0.8471002410175135,-0.8940504438828444,-0.6954274870202268,-0.6758441298811472,-0.15097438592054918,0.33660610616252185,0.393146854519273,0.4104265203289863,0.08039646112272,0.23795134697533415,0.2001396167971903,0.32990728711721945,0.33181689614902937,0.49797705059155706,0.561620929035919,0.5555993367703614,0.29312662612848916,0.3406024862762062,0.3439032969288141,0.31270597164300595,0.15934988161883332,0.13455322491115151,0.1798483212582991,0.132271880407531,0.046034879792387455,-0.363362477535759,-0.17174479644815915,-0.16808276104922107,-0.24518064871479903,-0.005377056469696073,0.12545932062503495,0.12230915245730017,0.07466571246831932,0.06441248183846295,0.10171964654052046,0.09850181007760246,0.08761867418804767,1
2018-10-23,-0.5327111270209792,-0.6559018533646983,-0.6103983033316136,-0.6525068958632863,-0.7034362157521955,-0.7237973547491547,-0.7731465473333508,-0.835829746716335,-0.8324890001360863,-0.8061326412168737,-0.8272027448950243,-0.8182722402006303,-0.8337065131146758,-0.8825754504719328,-0.69160770556478,-0.6779749913149807,-0.15696795451201204,0.32075977992825777,0.3768269654190076,0.3926689636085801,0.07080658977129924,0.2263767859073423,0.18915964994011997,0.31667336003197843,0.3192140272275453,0.4850993078744321,0.5478516515005764,0.5367196553128327,0.27991820067537426,0.32996898837743943,0.33270467445747226,0.30504464593915537,0.15331267041018593,0.1281224753483826,0.17456756390912567,0.1284040504867739,0.0413964066931746,-0.3668793910436099,-0.17569191276966833,-0.17298383604646092,-0.2500396089002783,-0.011758448236837265,0.11704013151675316,0.11438598951192294,0.06547260626978174,0.055198714924104414,0.09203415489328086,0.08790901849269278,0.07805210107614972,0.13927916039171417,0
2018-10-24,-0.6529604097460527,-0.60720155044532,-0.6397418501519906,-0.685269984585045,-0.7052875010939593,-0.7485903069095882,-0.793792215421122,-0.8144131756794281,-0.795897064647081,-0.8183893154114202,-0.8094338422140911,-0.8214324324947313,-0.8681403876320081,-0.6851677481921463,-0.6744970522202728,-0.16241253471343425,0.3102949858292853,0.36024294506815246,0.3763573774092654,0.05956146157424934,0.21487138229987623,0.17821491946919998,0.3042122427891678,0.3061275512576104,0.4705691328321192,0.5344688827557241,0.5232084684721545,0.2657142846274571,0.3162220321491228,0.3221428155911778,0.2942307582710949,0.14641112400986817,0.12218502953150455,0.16797449539764944,0.12323174051105004,0.037568047820659256,-0.3708827816398962,-0.1794042148947102,-0.17692792565974924,-0.2544990487752462,-0.018602974030982454,0.10984057543708983,0.10606704268647313,0.057985248550584234,0.04622134296505214,0.08249202724081749,0.07838717104134249,0.06775798001021059,0.12909936630739227,0.11144865374428135,1
2018-10-25,-0.6051394789934478,-0.6359364876694548,-0.6712376908278401,-0.6870378160951514,-0.7289856544964176,-0.7681986579961565,-0.7738773121696143,-0.7791633200100887,-0.8078340679925796,-0.8010316596960708,-0.8125193064453441,-0.8548921881977133,-0.6765273667761083,-0.6684826608963097,-0.16903292712669968,0.30186630643751944,0.3494039187259566,0.3597819698110568,0.049037302031153245,0.2008637199295996,0.167341488758148,0.2917823489061926,0.29380047183337926,0.45539559647471417,0.5193179562339663,0.5100752345327657,0.25501194865745197,0.3014023750249543,0.30851025579783914,0.28401788646530157,0.13716784765483414,0.11543185911138486,0.1619097302524038,0.11684691677116484,0.032587225172018904,-0.37453207028513646,-0.1836959515533987,-0.18063894094020935,-0.25824401419199544,-0.02430954028060623,0.10196168856263646,0.09894082426328385,0.05017687428632918,0.03888159803589086,0.07321218943091651,0.06900727591120441,0.058474905225634054,0.11805969364472581,0.10159921370041715,0.11615345833205562,0
2018-10-26,-0.6333555548862534,-0.6667790783822246,-0.6729371441381465,-0.7096676837719967,-0.7477281466777371,-0.7492843553370965,-0.7410990740438772,-0.790662510731489,-0.7909291237103592,-0.8040457133385382,-0.845187849938955,-0.6686998134731773,-0.6603320514815286,-0.17559014052932448,0.2861520756540496,0.34072547645997925,0.3489473127184873,0.03846529909192514,0.18788456777422255,0.1542452423754577,0.27941870316346656,0.28150497893081944,0.44117131185810743,0.5034722143513404,0.4952310230933206,0.24459445019431056,0.2903301477737094,0.2938213963685031,0.2709426049349021,0.1283796533688491,0.10649530471099854,0.15496720428714306,0.11094549413562733,0.026570102681344843,-0.3786441630492515,-0.18742654332805964,-0.18492877852937473,-0.2618703692162588,-0.02861680933855707,0.0956054439651707,0.09115465423851063,0.043424192798254865,0.03124616121191062,0.06566548695880338,0.059876876789325795,0.049331722994371045,0.10818058633714835,0.09096118415405668,0.10624817125583857,0.12328859755964867,1
2018-10-27,-0.6636412267669394,-0.6684432836156933,-0.6946917080291917,-0.727565285783197,-0.7296490553692703,-0.7181530207425387,-0.7517919748958706,-0.7743775878903469,-0.793864566705952,-0.8359581696599117,-0.66339830712633,-0.6529626563601537,-0.18190783756235976,0.26827377011383535,0.32425011038438944,0.34027178649292217,0.030676169328338415,0.1747659556143845,0.14207604201648708,0.264173304795753,0.26927619131862696,0.4269734734786775,0.4886368732361058,0.4797174198842643,0.23308827822631223,0.2795550201871049,0.282827742609901,0.2568909219366902,0.11757936109549305,0.09798533322271907,0.1456392152161886,0.1042458991563139,0.020957096626017684,-0.38299311737113745,-0.19193306491101267,-0.18865883483532167,-0.2660352688644772,-0.03248223510937919,0.09100524829767545,0.08485664474952302,0.0361102654047319,0.024620001449280615,0.057787586675424586,0.05243242540971875,0.0404193693330379,0.0984465132461829,0.08140317113560509,0.0955422431117205,0.11329861486136032,0.10631666444547015,0
2018-10-28,-0.6652753817609971,-0.6897466397360076,-0.7118970462136274,-0.7103011792901666,-0.6998924076707178,-0.7283086695279585,-0.736648903566631,-0.777205367851626,-0.824944702460952,-0.6583759996490286,-0.6480332815661827,-0.18807284815489547,0.24892694641535604,0.3054242530601569,0.32380530685122705,0.024033230280790425,0.16568493093146971,0.12979760782812647,0.25009420869792237,0.25422528207682643,0.4128358697711935,0.4738263227626185,0.4651840035335779,0.22118940434197376,0.2676092692760541,0.2721285837490451,0.24628003622065442,0.10612883739605544,0.0876293196489595,0.1367741793201803,0.09542009559243946,0.01468644892025384,-0.38729764987765347,-0.19703941645401274,-0.1931627586794929,-0.26973009720338437,-0.03699994501541534,0.08701528094807023,0.0802827060951168,0.030108869756202992,0.017466028659753517,0.05098403967269463,0.0446743185548021,0.0331241121604452,0.08898986702517853,0.071987422419947,0.0859299484409898,0.10248971411990682,0.0965281422074485,0.1412880830868622,0
2018-10-29,-0.6861940672056059,-0.7065951248791345,-0.6953007004864838,-0.6818859273298642,-0.7095996067675016,-0.7139264437801488,-0.7392784078065197,-0.8071455796744307,-0.6519941186505422,-0.6433665852513257,-0.19413657491041814,0.23057381366601692,0.28498691865246345,0.30499051241736064,0.013760921171378756,0.15817978026513824,0.12114280545050242,0.23583460435261136,0.24031902343089517,0.39503211224035667,0.45907392288843585,0.4506761958590782,0.2099418935094311,0.25523437978148344,0.26027620960733083,0.23595095637083607,0.09708053404270675,0.07668677182990234,0.12585118290159397,0.08701058449545464,0.0067473626404593815,-0.3916222715925919,-0.2019380342861652,-0.19826412194567195,-0.27406311833411046,-0.04079425304831699,0.08231377797177371,0.07630390225800136,0.025668668184028503,0.011565099903137041,0.043605805748216465,0.03795841290516396,0.025540795472820683,0.08132218615423954,0.06282399716555064,0.07646038633270041,0.09279509782682399,0.0859641762848997,0.13108444266234548,0.020683448181620254,1
2018-10-30,-0.7027383224364119,-0.6903430011826105,-0.6679845259918782,-0.6911555369632555,-0.695852466457833,-0.7164238317116101,-0.7671192988975014,-0.640538292145824,-0.6373761703363844,-0.1999749529185224,0.21461048234716543,0.2656136655160492,0.2845659099791728,0.0026573673003183573,0.1452799401649667,0.11392211586402215,0.22617475430635622,0.22623870656957573,0.378679468576708,0.44038352123311925,0.43622756853013883,0.19872889417985048,0.24355415540945416,0.2480024368758347,0.2245534639203624,0.08826223584427988,0.06794362247143855,0.11426036270300775,0.07681499060107941,-0.000857820759037998,-0.3955385443758593,-0.20714620881385018,-0.20315882708580896,-0.27883630770917905,-0.04560988362446304,0.0784676469604221,0.07161887391014166,0.021746724416364892,0.00717019678690945,0.03756401940674503,0.030690979223713097,0.018952767011149223,0.07330255225403559,0.055356948169651025,0.06724739146872395,0.08324392424210235,0.07646537355954766,0.12001577771499232,0.011911410456386277,0.0394160750372353,1
2018-10-31,-0.6867796602662637,-0.6635933868939614,-0.6768955951105452,-0.678028102058958,-0.6982395755815165,-0.7428658903921056,-0.6121940306829727,-0.6264564852840155,-0.20554879901915513,0.19931198234914968,0.24882175795640268,0.26520456698866585,-0.008892585164222864,0.13090532304978408,0.10188915146662605,0.21828329516705836,0.21666980906829422,0.3620614713117425,0.42324293988659384,0.4179752602739151,0.18758628212318962,0.23190727014706516,0.2364141309020909,0.21277227799099058,0.07872171688374667,0.05942036219698266,0.10512777968434996,0.06605586217156224,-0.009769027944502016,-0.39949469512969205,-0.2128889567812972,-0.20836118246616528,-0.2834736006387471,-0.05130979801400022,0.07340060569044009,0.0677773881463679,0.017145607697391558,0.0032675122501802972,0.03310560650156228,0.02471878610283057,0.011847001571966519,0.06639531236834352,0.04757236682077632,0.059746425240267395,0.07395575387206337,0.0671083243605144,0.11011349247490794,0.002583282324188725,0.03042167704208113,0.06033080757895858,1
2018-11-01,-0.66051305870787,-0.6723196330186121,-0.6642759180788815,-0.6803076030260479,-0.7235140148186158,-0.5957246577414373,-0.5990995992365915,-0.21046721580204883,0.18332418613572324,0.2327314654917566,0.24842233325188212,-0.019952119387719007,0.11559079585867221,0.08859372438137769,0.204206206393128,0.2088390517243676,0.3512052084801951,0.40580760029707624,0.4012240011912318,0.17410182893077686,0.22032929634242787,0.22485941308153806,0.20163174930452438,0.0689514288442078,0.05024248836312054,0.09622799575117087,0.05742289749237016,-0.019059624414686633,-0.4025789625676932,-0.21850187526232429,-0.2140919011264385,-0.28829311996362633,-0.056673993177492804,0.06721792292350416,0.06273288253434145,0.013327781968946219,-0.0013051825295588943,0.02917591994751228,0.02029175134996289,0.005976351672822381,0.058885985116034524,0.040837092325094686,0.05192210777246853,0.06640334997558177,0.05799896951460474,0.10035644139543246,-0.005927527726429181,0.020823204186296566,0.051088147254707096,0.10270291270075081,0
2018-11-02,-0.6690817366552728,-0.6599616985973412,-0.6664672499123856,-0.7044426993699974,-0.5828701947273918,-0.5832881404057874,-0.21227828964775447,0.16414310248880395,0.2158720433885195,0.23234128515086744,-0.02999134358649054,0.10100968280537244,0.07452120665589075,0.18836601004045353,0.194946947523897,0.34251526256855463,0.39453669968447674,0.38419251278315136,0.16158763922863645,0.20621697499342057,0.21337392021612964,0.19052602197826335,0.05963887118379942,0.040864905078889985,0.08658731880347664,0.04900616919708103,-0.026810404700259787,-0.40520719856273074,-0.22423174405809132,-0.21969390800676125,-0.2932324421789439,-0.06257459713055682,0.0614750551154618,0.05659347359501731,0.008398059143938569,-0.005114994302187779,0.024563376759593948,0.01637540562771609,0.0015951006708905984,0.052761859542877314,0.03354517165464756,0.04515776217268847,0.05851877012374579,0.050568917352745796,0.09087862925524541,-0.014305107150870229,0.012096266575377171,0.04118783805576205,0.09295728646549341,0.1198076194413324,1
2018-11-03,-0.6569469471205309,-0.6621075803838353,-0.6896688215224663,-0.570138942272185,-0.5709828448988825,-0.2159022067591702,0.13606544067781953,0.195497204292248,0.21549203948528983,-0.039628730993720676,0.08811011331262252,0.06110193379922451,0.17136478890749798,0.17933704198077022,0.32600483991888474,0.3855700242129772,0.3731264858846815,0.14895134121700662,0.19314481511271556,0.1993949726352672,0.17949104679881547,0.05036606758515914,0.03190932870436796,0.07670857068837768,0.03995923887908791,-0.03437419363897548,-0.408955729936738,-0.2298848868966653,-0.22540635266686648,-0.2981165854382464,-0.06974873113854994,0.05501127064646149,0.050884548802940174,0.002479060478325891,-0.010005838732852832,0.020742329181418058,0.011782550261815888,-0.0023017794909107473,0.04826632157103609,0.027557598347041475,0.03782908847087494,0.051710336321921985,0.042827680064881614,0.08319646593408578,-0.022512234280815724,0.0035044240109501604,0.03221959685440436,0.0824454733309155,0.10985895669458856,0.10238541055065549,1
2018-11-04,-0.6590540811251201,-0.684827932078129,-0.560559818044676,-0.5587874606154063,-0.21981981448908822,0.11493940776210904,0.16522108388874548,0.1951311377651944,-0.04938462616335289,0.0757393626441425,0.0491460501642695,0.1552058546899559,0.16260085606623872,0.30713533999962994,0.36821628713939036,0.3642965432805872,0.14011499451316592,0.17992972432002,0.18644133856996783,0.16616182490081813,0.04117025062132657,0.02299447359609776,0.06729741932183918,0.030723453009400256,-0.042372735679135735,-0.4126499473480386,-0.23545055653079722,-0.2310395732344409,-0.3026827131226593,-0.07666003802237284,0.046672933184264444,0.04447124605084987,-0.003056979458115143,-0.015850181626802545,0.015796976080026833,0.007967053935244462,-0.006865908425416982,0.04432085080939475,0.0231236289841994,0.03181843072094897,0.04432592428051474,0.03612411625821041,0.07515986495488107,-0.029324951193901754,-0.00490006923321292,0.023388532300402887,0.07298836424277415,0.09910029258435939,0.09264355313353233,0.14293332150099128,1
2018-11-05,-0.6813641757224027,-0.5583967568451265,-0.549647401918925,-0.22345445908502767,0.09641260842319602,0.142630160408335,0.16488068488381957,-0.06003066522541142,0.06297450959075832,0.037677091408565865,0.14102472554456247,0.1466898495648785,0.28664777855627216,0.34829692907383253,0.34735949027705443,0.13277314210992217,0.17079975602431863,0.17334919679670413,0.1537855852319037,0.03049341810731039,0.01415782264496436,0.05792575488745046,0.021896775057152602,-0.05047323244155277,-0.4158922152189831,-0.24090167278275584,-0.23659327505510472,-0.3070052668150241,-0.0844632319227767,0.038705595138605865,0.03623726409730014,-0.009213159379718245,-0.021327663257003963,0.009847963563162003,0.003048631821983984,-0.010673304940428785,0.03968501397124985,0.01920433492183492,0.02737405305768492,0.038280257486776034,0.028872285704186262,0.06824021188608932,-0.03634294236137222,-0.011847830832982794,0.014763682374634166,0.06367264901157792,0.08944583805363768,0.08213632211291351,0.1327101517461426,0.3433695424728897,1
2018-11-06,-0.5572159443285051,-0.5477106733168959,-0.22728479199378027,0.07852256689248448,0.12288060222213684,0.14230686434594894,-0.0723899132563417,0.04820748248487241,0.025904954516959417,0.12742930872161137,0.13271009568623354,0.26722754044059027,0.3266011154050986,0.32795887012581937,0.12037094230785478,0.16326194035483674,0.16428160054153998,0.14129238533993396,0.02047428822754306,0.0039989706456650224,0.048630740823635284,0.013111167608321024,-0.058267895986314974,-0.4188421905861542,-0.24630342847154896,-0.24203282023508235,-0.31177161780195545,-0.09248695688986454,0.029216083096112906,0.02836458533876429,-0.016915618528523527,-0.027396752395591587,0.004288381437632248,-0.002848666787078223,-0.01555243214426772,0.035857398428721425,0.014607128523229857,0.023450333770281936,0.03382009496544874,0.022909892849613773,0.06071519131486558,-0.04251737640338574,-0.01902403513653777,0.007665145150871827,0.05460136849155431,0.07993447977659293,0.07268287620376032,0.12161774311736501,0.330767152091878,0.6416368350386584,0
2018-11-07,-0.5467228173911626,-0.23203413236191037,0.06301202277625435,0.10379741371997878,0.12257158215743222,-0.08304235521299859,0.02825888976903779,0.012497524850336799,0.11331631108287306,0.11930711428603138,0.25039747009350355,0.3060506153695468,0.3068600573391328,0.10661584705317424,0.15026255588966106,0.15678541201776,0.13252863231566456,0.010426161894248867,-0.0055598433584619356,0.03781084865728376,0.004404203938291319,-0.06601869288959542,-0.42195486409691096,-0.2515918914474855,-0.24742035336967708,-0.31644991338561407,-0.09947669533249373,0.0192642689732603,0.019026229511126588,-0.02430616107365992,-0.034919177989352124,-0.0019028115813996879,-0.008367685687789613,-0.021374275173569084,0.03088018192379089,0.010790405363275758,0.018846596816143795,0.029889664539214347,0.01848727683533014,0.05458120882646012,-0.04910025669079735,-0.025314218543949305,0.0003122979530074012,0.04719736809359801,0.0706829848354825,0.06337079255120792,0.11169647594979652,0.31678209657630085,0.6254939483783752,0.5644376304346086,0
2018-11-08,-0.2367463880818609,0.052241684731561565,0.08730926030308694,0.10350232392732724,-0.09282674312771652,0.012549468591117397,-0.0049471893078451455,0.09670290129825473,0.10540595460187538,0.23427070903838498,0.28830250810785174,0.2868680229525035,0.09201431015437635,0.1357640141034966,0.14391288343460434,0.1252352289875276,0.002902794745547646,-0.015130475524386813,0.027664585367547238,-0.005567616208763736,-0.07368732622008274,-0.4250109855904177,-0.25683032560239594,-0.252693414884914,-0.32090175848197355,-0.1063046715040132,0.011116278473594038,0.009247243190700293,-0.032874620071548434,-0.04214641484799808,-0.009677649599529417,-0.01449855109084494,-0.02683410841657847,0.024869984087437978,0.005866031468755616,0.015028032276434858,0.025276023576930335,0.014572809797578216,0.05008122657419331,-0.054642484370678826,-0.03204343452066641,-0.006107118104893199,0.0394866520455455,0.06315567552946943,0.05430285721956089,0.10192060669007574,0.3045482978151336,0.6072043716984548,0.5492111147726745,0.32083266258249815,1
2018-11-09,0.04239631430280578,0.07603497731910214,0.08702558432939128,-0.10218609053417181,-0.0014560306013590807,-0.018988210595613977,0.073353950605132,0.08908267240022408,0.2173711413553901,0.2712984654251813,0.2695735203573362,0.07810016527188925,0.12030686549251,0.12957226694577625,0.11298067443117885,-0.003562774137473537,-0.022411609870410343,0.01748458119785731,-0.014960219847071177,-0.08216169152813343,-0.4279689750902748,-0.2620179672722998,-0.25791784861540684,-0.32516157284434477,-0.11339879112086382,0.0031684471205219254,0.001203074735297368,-0.04177332781852708,-0.050454099967437355,-0.017133845910928956,-0.0221486802156155,-0.0328769500087766,0.019262409575035215,-4.269597707371696e-05,0.010094725229563652,0.0214546664662067,0.009982726912922731,0.04613386626860916,-0.05887565654636186,-0.037677575102790864,-0.012999715962150762,0.03280541770042719,0.05530049553003992,0.04690114571459923,0.09242546039193739,0.2924798459719143,0.5915293159925549,0.5320356582741189,0.3084977897650515,0.362165669758524,1
2018-11-10,0.06575997590238282,0.0757571850213258,-0.11070697946411558,-0.014934265512393468,-0.03160107966564152,0.05537878181000211,0.06626803003469597,0.19694131994943337,0.25343316314447845,0.2530029450372352,0.06574232985945345,0.10559233695156896,0.1142968701196587,0.09940938554762696,-0.013294559790720322,-0.028715512402868106,0.009894312419556702,-0.024358438927905884,-0.09022354581223975,-0.42964976408607775,-0.2671147270794513,-0.2630914519281673,-0.3294649322393189,-0.12051989794992794,-0.005302139693160555,-0.006644376347762441,-0.04928869060879105,-0.059054646131144535,-0.025807143801027395,-0.029491754995662624,-0.04034511682882898,0.012999839926111543,-0.005570679399997713,0.004168844004792871,0.016507811718346647,0.006168012325486486,0.041495240923316384,-0.062709579058689,-0.04195218891635032,-0.018736476095839564,0.025581817082151966,0.04851357077824232,0.03919311124512443,0.08473143644344189,0.2808729126624512,0.5760492931426192,0.5172512878883768,0.29483798102940767,0.3493401653439653,0.3969754509416853,1
2018-11-11,0.06548719964763218,-0.11787424074169799,-0.026829979865540577,-0.043720410147863674,0.03948204035587204,0.04864888487830904,0.1665639423485462,0.23168069752600037,0.2356148149847695,0.053889263554331567,0.09258440289262253,0.09975236164323019,0.08501938623391764,-0.023725205743181616,-0.037954630899915145,0.003384093339763987,-0.031552108111685045,-0.09824135398724258,-0.43167434295141366,-0.2718799987530774,-0.2681741256282511,-0.33371496565933556,-0.1274242644634816,-0.013913808986647465,-0.014991581003504206,-0.056624866308792064,-0.06639089569621294,-0.03482572141486398,-0.03798441532744423,-0.04752313638303223,0.00507745255796347,-0.011714877279843964,-0.0013725944560745403,0.01055591568281313,0.0012533826916290357,0.03766683912292946,-0.06718079781969089,-0.045803730882971884,-0.023057358955323924,0.019637155345238674,0.04115635147047181,0.03251383875365694,0.07668094001160727,0.27173393137455676,0.5612998290506,0.5026542668785127,0.2828642013731455,0.33508384868200924,0.3837367470116817,0.3924438293448728,1
2018-11-12,-0.12464786005149849,-0.03573691996150801,-0.05450270122616759,0.024158363899455478,0.03304931992637371,0.14390554854435456,0.19886749562337716,0.21451587165652697,0.041694291009881014,0.08011009838933578,0.08688252362441624,0.0713031246013227,-0.034500727402014826,-0.04777194615070309,-0.006483760737063376,-0.03779763633056852,-0.10473474068504138,-0.4334295737272455,-0.27664567753317737,-0.27291908265981407,-0.33787092804550156,-0.13428235216630405,-0.02217314484562149,-0.023469641000794874,-0.0643436381056062,-0.07355389590120733,-0.04241309307434951,-0.046796456992564156,-0.05575222909309395,-0.0025125835139738987,-0.019392567222316616,-0.007536803327789305,0.004994071790168961,-0.004636633454226128,0.032685808216749636,-0.07096199703622742,-0.05030095167183247,-0.026928572811901932,0.015222533927352776,0.03512776433160291,0.025292718401302147,0.06975112097389766,0.2619905787646049,0.5500106200673032,0.48871817013485463,0.2710535255849355,0.3226331897247429,0.3689780640374823,0.37925891672823975,0.45739899648797894,0
2018-11-13,-0.04399367735090117,-0.06283568603727084,0.010750580319492263,0.018015623169851332,0.1240996722021653,0.1745860482629241,0.18290621751165442,0.027707756969852636,0.06723125056180218,0.07454018453223454,0.059106016649478135,-0.04483581880564073,-0.05784160274786309,-0.017083800854855283,-0.046858863095888284,-0.11051289985802994,-0.4367459547586822,-0.281244301923569,-0.2776667083433516,-0.3412794044903584,-0.14105523984440196,-0.03038987304548494,-0.03160752170110891,-0.07214117448919692,-0.08105980947126283,-0.04981889049859058,-0.05425975726938673,-0.06426291488676528,-0.011399602764278682,-0.02676064199891415,-0.015255859875100265,-0.0012004850397660256,-0.010149940154779947,0.02666828582202663,-0.07571403233637242,-0.05408948251696342,-0.03145482452431631,0.011311465896808343,0.030675302675495793,0.019349614510189583,0.06221324811563169,0.25382225935216973,0.5377481437854825,0.4779854950791458,0.259684039828602,0.31034974842580887,0.35612578745660484,0.3645656330169112,0.4434430522050463,0.4166836753130475,0
2018-11-14,-0.07060312612856884,0.0010641881109094893,0.004845435509254163,0.10496152941576109,0.15342539283801013,0.15942672555781892,0.009196545493170838,0.05230809926957747,0.06180660768633607,0.047406542477718236,-0.05428662607248521,-0.06751639129168871,-0.02805427349630188,-0.05645471755053999,-0.11814985139270107,-0.4404037780146419,-0.2860031366045766,-0.2822466059229429,-0.3448393344709363,-0.14823778249196984,-0.038526022486495476,-0.039702465671913795,-0.07966043728022718,-0.08862684382488854,-0.057623237663704065,-0.06154559636511601,-0.07154518304846914,-0.02066254342366648,-0.035293223451642465,-0.022661457666778073,-0.008982276708034217,-0.016272310093802752,0.021054966090968272,-0.08129182865791171,-0.05887708601266571,-0.03525154103675006,0.006726399119838386,0.026748146372817503,0.014935695492945657,0.056071193153531554,0.24471861716620696,0.5277368233834063,0.4663750324395002,0.25070752832709076,0.2985447799644529,0.34344419308090185,0.35176563999068294,0.42781235128884837,0.4032110305628567,0.2103650054148404,0
2018-11-15,-0.007857079932531824,-0.00471847907858594,0.08842834900665798,0.13296528001383354,0.13893547035446394,-0.005555110902516402,0.03207198320954141,0.04708241563567006,0.03538064817731729,-0.06336171870103506,-0.07643087826899547,-0.03857173217992227,-0.06626950114346848,-0.12597259855656448,-0.4415791507310235,-0.290623654486554,-0.2869959404923777,-0.34818721334167063,-0.15515162741619262,-0.047674628193149965,-0.047716416648236344,-0.08713508725944583,-0.09593657283782199,-0.06551344275175776,-0.06920249705062816,-0.07865599137182774,-0.02839671016227337,-0.04415090981360942,-0.031253957560706314,-0.016444780569207985,-0.02390487744523092,0.014783851871283567,-0.0865602371586464,-0.06452318173624795,-0.04007885595695283,0.00291309889280279,0.02213933722033281,0.011024926097219775,0.05156757118884724,0.2375931083123415,0.5163031742960458,0.4568407278351028,0.2411545190401818,0.28927029621127565,0.33127247033026014,0.33913587814653273,0.41426293844489676,0.3881679232785414,0.1993414072122451,0.2527140194711705,1
2018-11-16,-0.013535330593354452,0.07713085519106481,0.11534893865721062,0.11912854670885023,-0.01876115422483128,0.016170977693628436,0.027212709341053694,0.021625679167149334,-0.07249862504789041,-0.08499345998539376,-0.04817066431243588,-0.07570586823435942,-0.13374676281680536,-0.44135775567702734,-0.29473277329193903,-0.29161011799290815,-0.3523115447902465,-0.16197858425966755,-0.056335662466961256,-0.05668879069209788,-0.09452663438255213,-0.10320112132848484,-0.07311694438337611,-0.07693303383092202,-0.08609775342104733,-0.035944436304863554,-0.05164163001749182,-0.04018015299805141,-0.02512815063899279,-0.03123202220905992,0.006843801216652385,-0.09231838249229801,-0.06984516275002113,-0.0458012070683938,-0.001994669203175195,0.01831934250469159,0.006440300032586407,0.047618663411930606,0.23264606720783979,0.5077141967725068,0.4460101441323593,0.23312545556688796,0.27936819414952374,0.3217470406723977,0.32701190035726574,0.40089022163892163,0.37508826318738064,0.18727584088971716,0.2411877294534336,0.19441485194733205,1
2018-11-17,0.06683606571470278,0.10349308939474121,0.10204739827592933,-0.031459293900892485,0.002005561132628475,0.011555852252590716,0.0035409253287548488,-0.08229691361410435,-0.09356618089393229,-0.05738730595842426,-0.08442670125307421,-0.1412742285407079,-0.4398741428078565,-0.29816365447486426,-0.2956999149190909,-0.35650859474849916,-0.16786785204812407,-0.0649750111219454,-0.06519321244889502,-0.10260139268090401,-0.110381852325984,-0.0806760614397531,-0.08439139182206003,-0.09359531873885896,-0.043923234799322204,-0.058953980050291475,-0.047712028341075165,-0.03415824450231012,-0.03969924477316648,-0.0007622569525217146,-0.09919802687909868,-0.07568298375068297,-0.051183001091331386,-0.007871509562996806,0.013379097193479007,0.0026271240704422412,0.04297775437543915,0.22850863398483484,0.5021073077340146,0.43779994973415026,0.2241978671655319,0.2710837330009604,0.31155094008658124,0.31751913944487226,0.3880818791294154,0.3621812468209497,0.17657658110831767,0.22851099243992437,0.18358058546300776,0.31012995374110813,0
2018-11-18,0.09272228203711365,0.09046743403753035,-0.04271583439251012,-0.011628718385532762,-0.0024057711671950474,-0.01092657116840286,-0.09309491695047643,-0.10259177621031383,-0.06668003317182782,-0.09280422607549355,-0.14844458738132835,-0.43874140271359074,-0.30088334364843894,-0.2991067419275504,-0.35932722399315514,-0.1732428218169522,-0.07178370532030066,-0.07367010404478412,-0.11030812655921263,-0.1181525767197023,-0.08815236294546887,-0.09180497198602605,-0.10084189815811172,-0.05200235147494519,-0.06664346658782784,-0.05506416919102464,-0.041752534264939654,-0.04848220160383138,-0.009674861009621071,-0.10584220672795754,-0.08272733320828154,-0.05710977893069214,-0.013374481473670164,0.0074398928496040104,-0.002280041174763586,0.03914870865697844,0.22358950725673113,0.49768933153274025,0.43236384621902363,0.21718293703904906,0.26183325907250804,0.30305138843775586,0.30736131229875574,0.3781208523265545,0.3498018791045333,0.16602943057335,0.21732313118475854,0.17174520788355252,0.2979221243567684,0.41876764397094457,0
2018-11-19,0.07993182847719088,-0.05129328863699529,-0.02365228845377284,-0.01584119285678186,-0.02389542337327628,-0.10270706065906553,-0.11196676270065047,-0.07669172981912241,-0.1011732315072147,-0.15534046970245893,-0.43887764982363175,-0.3036825907145096,-0.3017987478279799,-0.3611515502072259,-0.17965108119357492,-0.07777230095093143,-0.08039638377312361,-0.11795756177239586,-0.1255891235368002,-0.09634935195935712,-0.09913524157163561,-0.10804312595769304,-0.05977757983138096,-0.07440929025909185,-0.06280256451198596,-0.04916502045230898,-0.0559280298829326,-0.018967054623894263,-0.11321884014266574,-0.08952091450982194,-0.06433801944268235,-0.01948148100666881,0.0018880040341130659,-0.008155723917601419,0.034164553887706534,0.219682014241991,0.4923561916226941,0.42801848171644863,0.21228575360920668,0.25461552574723945,0.2935289871729362,0.29888976165203746,0.367414422959414,0.34013437161605803,0.1558238270856352,0.2062915940874066,0.16122997289386734,0.2844167745171277,0.4052702620689999,0.23226688100504161,0
2018-11-20,-0.059269147616948695,-0.03262513651577236,-0.027701828041578322,-0.03636211605219848,-0.11162310119187463,-0.12063071299851956,-0.08788275237045945,-0.10991982356840273,-0.16207844425425372,-0.43905169243528075,-0.30701253062928585,-0.30457209852175654,-0.36202230043305517,-0.1859442061491115,-0.08605054321051854,-0.08632997592588604,-0.12426407285773672,-0.13295828871661275,-0.10416470911065319,-0.10712162689122312,-0.11516032088576057,-0.06750888888866904,-0.08189972517199656,-0.07062135101223825,-0.05697758909390003,-0.06319697619003141,-0.026718794354428997,-0.12075484774123342,-0.09713611889593353,-0.07129840550942004,-0.027082274745055535,-0.004291747117175646,-0.013657787819579208,0.028141032932249406,0.21431728526071758,0.4883319619095823,0.42279249900780597,0.20816951802859476,0.24962690252473294,0.28614045729896953,0.2894027605462639,0.3585415127258056,0.3297718181345274,0.14764368388131413,0.19563980329186428,0.1508652596642252,0.27256647729439376,0.39019707945488036,0.22098330287514978,-0.018502089906489234,0
2018-11-21,-0.04093808279080214,-0.03659068528036251,-0.04742901960685186,-0.12013513021565099,-0.12875528698097047,-0.09775677507995734,-0.11878098865247601,-0.16859122015218306,-0.4383900897432104,-0.31023848539942805,-0.30788100452810646,-0.36309195392510984,-0.1919579712128478,-0.09467164538006832,-0.0944405988452205,-0.1299175111096055,-0.1391226188072328,-0.11192682125295585,-0.114749825990815,-0.12283941510072126,-0.07515796808740427,-0.08934546916688614,-0.07815993084455344,-0.06487669713602906,-0.0708331131466294,-0.034283510931826716,-0.12745160199085878,-0.10494490189278592,-0.0791799712605222,-0.03438059815006215,-0.012042932573520527,-0.019763436917543783,0.02252300806522311,0.20756297122719175,0.4824009039520209,0.4187984837382051,0.20328167386343723,0.24547179012046985,0.2810748254242612,0.28203646538054405,0.34854709430845565,0.3211504888790861,0.1390236689155494,0.18715436337829433,0.14082770627622784,0.26087821872083217,0.3770933755889064,0.2086016540006067,-0.026808986949991863,0.056110915365875924,0
2018-11-22,-0.044832026390731694,-0.05590871846519115,-0.127961765754058,-0.13649501661009694,-0.10689140864148527,-0.1271025662840881,-0.17333851724018826,-0.43476860303945725,-0.31293650756220315,-0.311086859168151,-0.36501705950874386,-0.19783866804711767,-0.1033646139717872,-0.10285302851391966,-0.13717438415971545,-0.14468116535871298,-0.11829049334716951,-0.12231779562621273,-0.13019453254978017,-0.0836041329007765,-0.09670801198514432,-0.08565395020261556,-0.07248829183999003,-0.0785411650940031,-0.042283193176753935,-0.13399630660274234,-0.11180551924242807,-0.08729330441700034,-0.042801797469762384,-0.019477674007585825,-0.027361439044561047,0.016244896136725487,0.20137172872527803,0.4745591034763519,0.4130140062056631,0.199383001396627,0.2405265732220401,0.27688697178443716,0.27698085867863476,0.34086209221637587,0.3114741307442236,0.1316771878324733,0.17817667458623812,0.13276254873271032,0.24962149622359242,0.36416252286083145,0.19764970147227842,-0.03557159890847334,0.04691834606082679,-0.06841342790144996,0
2018-11-23,-0.0638012375009284,-0.13477114839544652,-0.14368886583703236,-0.1156167369685333,-0.13494135836799825,-0.17891891683352817,-0.4208523147946422,-0.31391627298408614,-0.31376275458115266,-0.3669005460961213,-0.2036714655632928,-0.11175157701410592,-0.11130584179092728,-0.1445239643980119,-0.15164886243612052,-0.12398208089837696,-0.12858297922196882,-0.13747922954079284,-0.09164092613522443,-0.10474094097831967,-0.09306493258737214,-0.08005552389606595,-0.08597908364696194,-0.0503849246554296,-0.1407422436902291,-0.118508654776583,-0.09433687277168436,-0.05153213260571968,-0.028116711782838665,-0.034657230221556104,0.00829037985954349,0.19424109943645326,0.4675148610965728,0.4054536750377044,0.19406106385925367,0.23661172372572728,0.2718934367880142,0.27279726737213,0.3356627871140396,0.30398890113273536,0.12361255158845158,0.17056851789620983,0.1242772465234946,0.24072214122411878,0.3517611985443434,0.18685203803958914,-0.04363030606869787,0.03707893732195636,-0.07612786673424998,-0.1760870661482703,0
2018-11-24,-0.14123966343680247,-0.15017205532630631,-0.12361814006508133,-0.14240222695474078,-0.1844696201147314,-0.41399667845327487,-0.30847379926923735,-0.31471221579979053,-0.3681207441147433,-0.20928916619370083,-0.11962004861287692,-0.11946815107191068,-0.1517535741460038,-0.15863844201268681,-0.1313552113313664,-0.13420883547691045,-0.14360070891718776,-0.09963273802012887,-0.11241050223585838,-0.10116771994882388,-0.08753996800375753,-0.09337216899417006,-0.05818071059708603,-0.14748630716494956,-0.12544932683611146,-0.101216894355574,-0.058946349698192076,-0.03709611733639769,-0.04307438596546984,0.0006712001452186268,0.18452426428001875,0.4591156085833771,0.3986302108449404,0.1873889195839946,0.23121130597874215,0.2679649633408772,0.2678100225426929,0.3314181005533836,0.2988796693345416,0.11713963850274582,0.16217305927414646,0.11702932183382211,0.23125952551326545,0.342078667594576,0.17641567737549788,-0.05155968265978769,0.028159383099514032,-0.08417017037836064,-0.18252339596580028,-0.3613466843456196,0
2018-11-25,-0.1563624791015672,-0.13051761312031715,-0.1493675903746878,-0.189697811153148,-0.40916689780567767,-0.3072644875819755,-0.30921393288545296,-0.3670765212110269,-0.2146200848558923,-0.12718305170762728,-0.12715415129631638,-0.1587716352807306,-0.1654537371199779,-0.13884952259408553,-0.14138165427614466,-0.14913065687049612,-0.10611293679933079,-0.12002137760233035,-0.10889936252998447,-0.09574870008077935,-0.10068187405216189,-0.06593263293828093,-0.1540479291111174,-0.13240426685079143,-0.10837498546092891,-0.06618473275187274,-0.044659957345772945,-0.0518000977895918,-0.008262356986410759,0.17530651204225592,0.44677628294990507,0.3905593104719381,0.18126212919021717,0.2243884610197766,0.2624984512274174,0.2638833226944609,0.32634069399283216,0.2946732786170716,0.11248683941262713,0.15549235788309262,0.10908928513049408,0.22329659434303725,0.3316985132063808,0.16807764217078283,-0.05935395272245769,0.019376585527124183,-0.09165302580164628,-0.18901177979963513,-0.3655839430438033,-0.36587830594243237,0
2018-11-26,-0.13706293344433282,-0.1557329983882189,-0.1948338221220924,-0.4042659918522414,-0.307147750756096,-0.30796743406624666,-0.35790660522315226,-0.21920579473227203,-0.1346554102835492,-0.13454278364220298,-0.16552823850496434,-0.17208422680944382,-0.14624569920918748,-0.1486265937807947,-0.15601120167420227,-0.11188229434575384,-0.12630832727650015,-0.11657463600110744,-0.10357449298831616,-0.10863860170865292,-0.07360239553473572,-0.16056234361501093,-0.13915758237178982,-0.11556536637060841,-0.0737833029619382,-0.05204300321076026,-0.05921153754138595,-0.017578507762012495,0.16382028227639034,0.4351797096775813,0.3788987524538068,0.17422735623544722,0.21814346440308527,0.25554868935186664,0.25842541490565824,0.32238857180717506,0.28965238740397387,0.10847450702997455,0.15074587131825545,0.10269463255292309,0.21445261345107175,0.32306430705697686,0.15927264703913072,-0.0658841786237687,0.010796196195960403,-0.09901151822992604,-0.19525235132315394,-0.36939870503808364,-0.37006177332724555,-0.47613814352093703,1
2018-11-27,-0.16182300926547885,-0.20025622262818654,-0.4011026904451634,-0.3068457515900959,-0.30781965676834416,-0.3542136010820948,-0.2204041447928735,-0.14217397885120908,-0.14182319032979468,-0.17202873345683287,-0.17852603141263002,-0.15341957564725292,-0.1557357754502519,-0.16289228372965509,-0.11949242352490788,-0.1319487102281745,-0.12289425483532726,-0.11134743033348653,-0.11624044481073172,-0.08207838944278303,-0.166990389127681,-0.14586420982475684,-0.12253270525728051,-0.0814506742578436,-0.05981938535369457,-0.06644723532519761,-0.02534463916697089,0.15158547676924966,0.41989487129831987,0.36791787891236444,0.16470867472967374,0.21093288936024346,0.24920414196364307,0.25149217538160323,0.31680733171131203,0.28571620049612156,0.10373999870614337,0.14669370648053234,0.098077119516873,0.207490196890308,0.3133716693585275,0.15179083372421484,-0.07257121423877641,0.0037280804409086598,-0.10627992467979935,-0.20137927639025707,-0.37350184492363775,-0.37381113605865507,-0.4790128031536776,-0.44893686840732905,1
2018-11-28,-0.2055422860590323,-0.40224690285641307,-0.30745058114749,-0.3074873688456782,-0.352023701253465,-0.22361978799154833,-0.14877357620578963,-0.14907886673765725,-0.17833145523460267,-0.18472570289843837,-0.1603027373247186,-0.16264118190213012,-0.1695827120901435,-0.12728177902885893,-0.13916579814304939,-0.1285564412084329,-0.11771659405337731,-0.12378107488268253,-0.09014169102155048,-0.17367560876575242,-0.15248512207765672,-0.12945393595046115,-0.08885161278681354,-0.06767930740087888,-0.0740425049425166,-0.03292327032459891,0.14206603544266316,0.403316842592851,0.35361621760570006,0.1556706646402218,0.20105079081073715,0.24184551013433853,0.24516058775385274,0.3096372647999575,0.2802122677910954,0.09988456138410441,0.14190041514395188,0.09407978946155955,0.20261669074756053,0.3058762146136927,0.1435551042274273,-0.07850351987021312,-0.003589126139859382,-0.11245033660235275,-0.20751323822922546,-0.37750977686641746,-0.37786199238956,-0.4811709226738354,-0.45213441296822493,-0.2734794074983723,0
2018-11-29,-0.40388565874516086,-0.31053721629228975,-0.30806738120038835,-0.34969874542390156,-0.22719660539149247,-0.15558821200113576,-0.1551943133996267,-0.18424812060287477,-0.1906972703241132,-0.16692417229987494,-0.1693062831871758,-0.17609639493580226,-0.1350175137664636,-0.14646584911071592,-0.135839973560227,-0.12341184671959836,-0.13003238911723947,-0.0981610005020605,-0.1801474956045101,-0.15944848945199425,-0.13629018139283794,-0.0962076179164192,-0.07525528077182819,-0.0817063020597786,-0.04094005564103055,0.13279221782827577,0.3911883169360124,0.3381623261579389,0.1444714552356378,0.19168313067469048,0.23165734946559913,0.23782123031548905,0.3031199151023429,0.2731906494722243,0.09477237207174938,0.13802840314475773,0.08936742092292824,0.19851052187519572,0.30076237251310345,0.13697472810594039,-0.08478029024729941,-0.00998246737923735,-0.11871582806494545,-0.21290742411294156,-0.3816918516984611,-0.38181809180078685,-0.48394965684703356,-0.45468509468793333,-0.27875966948421554,-0.33695097368557975,0
2018-11-30,-0.3138319566606721,-0.31114122339846445,-0.3486460580982436,-0.2304987126674122,-0.16216914461960819,-0.16168634690266104,-0.18789760128574717,-0.19616039557040027,-0.17336002802353914,-0.17571933833258588,-0.18244332507439873,-0.14250903051785674,-0.1536384570135818,-0.1432227424696218,-0.13079614634014355,-0.13564898895032193,-0.1046551488121795,-0.18651600115573339,-0.16616755898419117,-0.14356409707179554,-0.1034801166325362,-0.08278679498251387,-0.08910399154510736,-0.049060307863585555,0.12269179831638706,0.379391907983592,0.32670909826274125,0.13256482080859067,0.17995752122226422,0.22201206505846777,0.22767291355447733,0.2955042832093724,0.2667897395078795,0.08850299431651917,0.13283580450032,0.08551822621716244,0.19363753372225698,0.29655402166527894,0.1322734761424463,-0.09013025143090188,-0.016842100247625173,-0.12433973030247422,-0.21826351914587377,-0.3857504893279221,-0.3859524216714558,-0.48664460803831217,-0.4577776633955354,-0.2838425106888866,-0.34147781466440524,-0.43570568789790837,1
2018-12-01,-0.3144250573246716,-0.3508782647464652,-0.23405657991631884,-0.1684026156577461,-0.16799800015202265,-0.19274649704311547,-0.19897462211577677,-0.17945903007462788,-0.1819258040807504,-0.188552333948079,-0.14965019038855198,-0.16060319566020956,-0.15049054812613052,-0.1383043623366256,-0.14279359943645917,-0.11043381628579037,-0.19217269659252084,-0.17279247171282852,-0.15055914284384767,-0.11138318620492782,-0.09023539975450173,-0.09645673882811855,-0.056872929758655454,0.11231519960879811,0.36619085163489346,0.3155656004731976,0.12324252017305673,0.16744901565447176,0.20984313266072183,0.2180637709471472,0.28478485351874033,0.2593472824930055,0.08269212491180329,0.12641202168703525,0.08043632193541596,0.18974305011196882,0.2915302377766629,0.12824054338703778,-0.09427673459644464,-0.02255815519439884,-0.13022660287686857,-0.223222103305312,-0.38954190763875135,-0.38997839055544786,-0.48961724521820893,-0.4607837418335363,-0.28895941870860065,-0.3456446496330704,-0.43906028938905295,-0.3753745066134607,0
2018-12-02,-0.3534445744262791,-0.23866546776387934,-0.1743623064423509,-0.1739687130310674,-0.19768660673541086,-0.20326696615581524,-0.18344430788185023,-0.1877106397716144,-0.19442409759523974,-0.15651816999743737,-0.16731648855823208,-0.15754433969857945,-0.1457165415189043,-0.15000342187627733,-0.11807231683187434,-0.19739244740288978,-0.17857924251693177,-0.1574703308278845,-0.11893734475659277,-0.09839244521057795,-0.10372596861643503,-0.06464173366856713,0.10245148599980135,0.3524566045246452,0.3031670682481086,0.11415930789628025,0.1577651557597328,0.19682774399534636,0.20595255140380855,0.274657663100756,0.24898583889307838,0.07612720513543317,0.12048004043157964,0.0742250986479345,0.18444143412607875,0.2875932352392505,0.12347563392493358,-0.0980738001424388,-0.026869702510805338,-0.13533167070059654,-0.22826785006247183,-0.39335576802797284,-0.39373153542657713,-0.4928483439895164,-0.4640429704248948,-0.2939723735338846,-0.35002925487142394,-0.44180192029411164,-0.37944525207407703,-0.40584894025623186,0
2018-12-03,-0.24325798271361984,-0.1802093032308434,-0.17971311196454104,-0.2023189910920704,-0.20774251654741221,-0.18851695406180444,-0.19111733866261807,-0.19975053426233255,-0.16322542851262678,-0.17377559590044814,-0.16432996439140143,-0.1529053875898992,-0.15707218830308373,-0.12589699238947133,-0.20332768761018088,-0.1838858057230608,-0.16340232907598928,-0.12642851076288528,-0.1061723055559749,-0.11162432382041536,-0.07232843525453361,0.0926260331515908,0.3395406802455878,0.29030186642873207,0.1042931704586136,0.14833237016910022,0.18683938656806465,0.19300315000735557,0.26171920147105965,0.23918337218719363,0.06757980135994902,0.11373499717502865,0.06845984429823415,0.17780831206696376,0.28208534564097437,0.11961162458474757,-0.10249062698815414,-0.030736947239158628,-0.13936773648522108,-0.2328446098884691,-0.3969543021684326,-0.3975173948136916,-0.49567024975457047,-0.4674701649014886,-0.29908021404374213,-0.354316224111455,-0.44504714366063847,-0.38305756794252793,-0.40955794769992726,-0.5147983598697982,0
2018-12-04,-0.18585735009692061,-0.1854491285907387,-0.20696682569429622,-0.21192159195937157,-0.19364383047606093,-0.19580446255064127,-0.20231303070537382,-0.1696961365503551,-0.1800327571132835,-0.17085819243416417,-0.15980070810894467,-0.16393978823676056,-0.1336733759838462,-0.20903194201613798,-0.19008560077428177,-0.16880581718499624,-0.13265473187573507,-0.11389759620531147,-0.11917429283490338,-0.08082885816253034,0.08287568716269068,0.32665474707296194,0.2781759323426514,0.09417027344963853,0.13803655556662056,0.17711219775361192,0.18305443280611797,0.2478239545333125,0.2267634440124458,0.059422822456479875,0.1048152431994294,0.06196276546730291,0.1717121298208515,0.27505612914517336,0.11445784953003679,-0.10625648965772645,-0.03525734148397217,-0.14311785663773927,-0.23664247245901934,-0.40062207313193937,-0.40108052879510514,-0.49877481087385683,-0.47052180881669065,-0.30377229240541104,-0.35875533105403284,-0.4482045598850332,-0.3869988619200597,-0.4127304639394672,-0.5172141145017204,-0.49472645121741793,0
2018-12-05,-0.1910025609204778,-0.2121375776028133,-0.216198006232822,-0.19845845857536001,-0.20060953964101388,-0.20643764038233775,-0.1743659601082683,-0.18588702395335469,-0.17719144352491253,-0.16643376214664687,-0.17057418179051714,-0.141202917788228,-0.21436799251958502,-0.19611920453104642,-0.17530098425457097,-0.13825458454094516,-0.12024258875525112,-0.1266611129568329,-0.08891386916121462,0.0713991263345411,0.31383351087321604,0.2660821297610762,0.08453718286564595,0.1274483654833434,0.16645451816456489,0.17336557011615925,0.237307043926408,0.21346107377241885,0.049630483347358104,0.09632051111972856,0.05355560209570618,0.16472287880341188,0.26864925934193584,0.1081086172505074,-0.11093412221166407,-0.03905240640303072,-0.14746540350414297,-0.2402913173999814,-0.4040100913133585,-0.4047260650503652,-0.5014766161447203,-0.4737944472887522,-0.3083058253986262,-0.36298983889795483,-0.45160319159928436,-0.39084634411548475,-0.41632015933738986,-0.5188142991639852,-0.49738046367939026,-0.5754816799025334,0
2018-12-06,-0.2172091016521374,-0.22117729576990924,-0.2032556152494307,-0.20511016151614372,-0.2107731812186918,-0.17989473705852915,-0.1894215894912883,-0.18314992102171274,-0.17288240843874553,-0.17695789244219823,-0.1483749628915493,-0.2196147199359232,-0.20183429394316954,-0.18170230224799994,-0.14534815917737512,-0.12592170956487947,-0.13288512940244007,-0.09695569822433266,0.060669298602759075,0.2979281866437111,0.2540557184972605,0.07494297789206802,0.11739230849078781,0.15547446813184057,0.1627549989872209,0.22706882384433916,0.2033003192346726,0.03933242519814655,0.08598883252024773,0.045525833119435526,0.15529829997907427,0.26119793856256546,0.10223511175504635,-0.11636904754982356,-0.04387170888842536,-0.15121173173278235,-0.24448940669362074,-0.40748468555255896,-0.40810405805898525,-0.504581155040091,-0.47670874370538074,-0.3126626198681939,-0.3669872999555,-0.45512577048940034,-0.3948806224428909,-0.41981907601170987,-0.5211469913429341,-0.4992703212550333,-0.5771771106030531,-0.7331128382752374,0
2018-12-07,-0.22608559133655268,-0.20850334075300245,-0.20965003605099783,-0.21481563772400206,-0.1854023504017764,-0.19419391427655142,-0.18687640427096835,-0.1789989281094317,-0.18313205500292973,-0.15527245661551473,-0.22493258607366082,-0.20743559405188766,-0.18784058363735986,-0.15249444611839347,-0.13325684845479607,-0.13848351067111186,-0.10346127071925441,0.049883952249349744,0.28326263151451275,0.23929667151801348,0.06542466634195286,0.10737399112418491,0.14506219780916838,0.15182596223149758,0.21578301145025053,0.1934064483959874,0.030976437130230922,0.07507410863241779,0.03593662855391546,0.14634564899386623,0.2508181718407407,0.09557703651468955,-0.12152539126827618,-0.04957867421777284,-0.1557945961453368,-0.24819359330853347,-0.4114256232042749,-0.4115743899648664,-0.5077152234621348,-0.4799467474991702,-0.31694755632819716,-0.3709519020452368,-0.45828916309733136,-0.398838132618225,-0.4235322770765722,-0.5233997483127996,-0.5018345929492882,-0.5779015283209893,-0.7329371535580559,-0.7847155968152508,1
2018-12-08,-0.21364048753035098,-0.214765135942333,-0.2189801128005365,-0.19058849502271166,-0.19907010941041975,-0.19177660885595627,-0.18301646693070447,-0.18887264911437257,-0.16201220504176395,-0.23005821516471697,-0.2130414561087962,-0.19383775951325594,-0.15949009132583739,-0.1407038633238399,-0.14557260132713623,-0.10924756270220017,0.041986593366578874,0.26839468237446795,0.22564978331003616,0.05428273995521558,0.09743012460949486,0.13468670198866317,0.14146006462261335,0.2041227627291575,0.18254389201355048,0.022827503475514502,0.06634767381512674,0.025870828779268062,0.1352827448530671,0.24099908451099825,0.08683706231128328,-0.12711686836535913,-0.05494839997968388,-0.1610475440936463,-0.2525720145828646,-0.4150573023847186,-0.4155090374495965,-0.5110818476401198,-0.48314099249985004,-0.3210464540359383,-0.3747410107998737,-0.4616435573615323,-0.4025110739118939,-0.427270095140657,-0.5259650631916438,-0.5043169317181463,-0.5795340870904191,-0.7313866766620424,-0.7839273763653062,-0.7542815725370371,0
2018-12-09,-0.21978921466725795,-0.22390169913067184,-0.19569005510691767,-0.20364012704449297,-0.19675954654129604,-0.18811060946963082,-0.1921978712837598,-0.16852741039058636,-0.23484744858561862,-0.21844229584190628,-0.1997651652420154,-0.16628928987109207,-0.1480456078491289,-0.152713306075768,-0.11690929841947674,0.035271422125332186,0.2584262189991022,0.21183851619882305,0.04385029318959276,0.08567447317139688,0.12438444211693588,0.13113106715804734,0.19309216986480524,0.17134198296467149,0.014109732270510121,0.05784057398297341,0.017654364207607107,0.12353195806497834,0.22855261577517907,0.07850540571552636,-0.13365197715259855,-0.060857229309773615,-0.16606114884515566,-0.25743238304060245,-0.4190839657139574,-0.4191389430311352,-0.5148634477497802,-0.48653320153719865,-0.3246288584022934,-0.3785284809698147,-0.46466121322342685,-0.4062382560398158,-0.43068565364684047,-0.5289174580286765,-0.5070937233239966,-0.5810927503383947,-0.7312005669687318,-0.7816321809841942,-0.7538546104362509,-0.7190619249419348,0
2018-12-10,-0.22876080066066865,-0.2010946966278975,-0.20823686124625576,-0.2014337217141149,-0.19325542911033095,-0.19683070509729864,-0.1732791816338248,-0.238691280878757,-0.22353448834725906,-0.20547327405252497,-0.1728681255063892,-0.15516856568175547,-0.15970252689492925,-0.12476289988307683,0.02477899034146423,0.25032879109710565,0.20240610764229044,0.033373425609873615,0.07469662483874029,0.1121119244693819,0.1208754638012909,0.18209667622058603,0.16072803564216212,0.005230389489167018,0.048682563716367325,0.009640328746491856,0.11430327905885307,0.21521989979746928,0.068434133396696,-0.13998363402432262,-0.06804836676883523,-0.17144033755488258,-0.2621380572795713,-0.42326887518545114,-0.4231570020357168,-0.5184501995235675,-0.4903525586746773,-0.3281860984700964,-0.38197046906237886,-0.46796413670040304,-0.40972720752233643,-0.43422453349435064,-0.5314128450349145,-0.5101908178145269,-0.5830187084860664,-0.7309562504630998,-0.780850704800426,-0.7519986315059095,-0.719053027558185,-0.7745035731149169,1
2018-12-11,-0.2063656198921794,-0.21338127155983125,-0.20611579777320838,-0.1980875659001922,-0.2015904657179668,-0.1788625624740295,-0.2385233652202293,-0.2277932452797663,-0.21090371640779035,-0.17919874467519636,-0.16201036954771622,-0.16649571573353344,-0.13257257348946178,0.013401401571426825,0.23562402659330905,0.19466644312041717,0.025632558016471223,0.06365400213104426,0.10067475051532675,0.10867023304833441,0.17117230967089708,0.15015031639850226,-0.0032722702017722385,0.03932649048906331,0.0010883673189146204,0.10531058478820636,0.20504091580545308,0.057817150791061575,-0.14686121666741725,-0.07497509722327395,-0.1775366050348435,-0.2670592766391982,-0.4274447346051807,-0.42732538915571483,-0.5222589048963635,-0.49394995656061774,-0.3322490012577252,-0.38546800931509184,-0.471187652651472,-0.4133261500259201,-0.4374754245442538,-0.5342785237196646,-0.51285572934285,-0.5855336334474687,-0.731221413814215,-0.7800161577221176,-0.7515682876789701,-0.7177053300326524,-0.7738365715609626,-0.7884794404854698,0
2018-12-12,-0.21843033846239804,-0.21130420070948341,-0.20289906838340926,-0.20604686856437765,-0.1844157542318928,-0.2408286297710475,-0.2283894682387109,-0.2156257312658549,-0.18531446274074564,-0.16859228274808144,-0.17306967008206495,-0.14013325650103256,0.0015360700457375484,0.21900242480092197,0.1810519380705109,0.019021829176779984,0.055626126947509104,0.08915566084929263,0.09729285521580461,0.15800260485677994,0.13964514526293997,-0.01173298149477394,0.03039046744990921,-0.007611421724398218,0.09555570733148432,0.19512941983180948,0.049269576713449885,-0.15382662352528947,-0.08280292017619557,-0.18347019566315162,-0.272208832568921,-0.4315779873991091,-0.43148828881497125,-0.5260252832092674,-0.49781030980320295,-0.335915070182032,-0.38944280970016093,-0.47459230661616814,-0.4166831348698848,-0.44092484217543665,-0.5366783227929074,-0.5158454328483978,-0.5875164976535463,-0.7325999658281322,-0.7797376367296301,-0.7510818439208485,-0.7176813326603816,-0.771688753627008,-0.7876465424096429,-0.7539698431533073,0
2018-12-13,-0.21639077288788466,-0.2081541889658888,-0.21055051207759198,-0.1896463734828691,-0.24364554498247956,-0.23120389837248234,-0.2170751049832285,-0.1909750128385537,-0.1749846318667058,-0.1793956246637187,-0.14733059554486655,-0.009818486140601677,0.20110190611545573,0.16578762098331626,0.008847678474792526,0.04882384903119465,0.08088607396624622,0.08583579317204171,0.14576812389125235,0.1270799939107288,-0.020113943910516876,0.021495218654780254,-0.01595086127750792,0.08555329263532435,0.18424519955880028,0.04093540826086056,-0.16018060343811544,-0.09085480531537135,-0.1897121281926088,-0.27728367561774797,-0.4350986634730393,-0.4356022672179588,-0.5298728562124267,-0.5016758643202445,-0.3401085697222345,-0.3930840369429898,-0.4784300294386552,-0.42014453487982933,-0.44421440932869266,-0.5395931727186876,-0.518402029823556,-0.5900072126005262,-0.7332514994043413,-0.7807441812075638,-0.751123974439657,-0.7175977300169146,-0.7710250986001499,-0.7852970281503249,-0.7535465813466893,-0.7960937193213883,0
2018-12-14,-0.21329764031107698,-0.21564693534628418,-0.19478437401658566,-0.24620615282305947,-0.2344458192029633,-0.2204580118217887,-0.1941528233670973,-0.1810240484379961,-0.1855062078295315,-0.15425226031135442,-0.020097337144230377,0.1841017222342363,0.14944916310701037,-0.0021336761302055336,0.038065965607315705,0.07392247748400467,0.07759767290327661,0.13342197292290903,0.11538276395809079,-0.029615612953282355,0.012678240705500813,-0.02424791020431856,0.07602972435880045,0.17301983090100748,0.031989956167127055,-0.16639389692507509,-0.09786146028758626,-0.19595075042996649,-0.2821543213186641,-0.43869597449738057,-0.4390830993841614,-0.5335178653581276,-0.5056012289047404,-0.3446138444320937,-0.3971570211333766,-0.4820326057815258,-0.42406600105921965,-0.4476471458257804,-0.5426417142843806,-0.5214153639284113,-0.5919329652127585,-0.7347682075187917,-0.7809598851309347,-0.752349919715186,-0.7180109331590948,-0.7703073562967677,-0.7844721266447333,-0.7516951012191441,-0.7951704381343057,-0.8609565222026491,0
2018-12-15,-0.22065509158600827,-0.20020780011756484,-0.24915646981891992,-0.23742114018861005,-0.22417444585960836,-0.1986874329418291,-0.18489959170107606,-0.1911597253063333,-0.16101861685441982,-0.029963713375357456,0.16923730169232606,0.1339102120810134,-0.013542992894886662,0.026357911047993426,0.06267298675384003,0.07065507726253635,0.12473281782115875,0.1035939133972364,-0.03859040547494451,0.0025477606324585188,-0.03246465357437428,0.06654533843224324,0.1623845580375077,0.022864060044456836,-0.17273248085687046,-0.10470579219376239,-0.20186813238817142,-0.28682505242233713,-0.44120723048665506,-0.4426442686087014,-0.5360292470305736,-0.5093619335028148,-0.34904099113100934,-0.40143087768438757,-0.48591808145992527,-0.4276921899908238,-0.45152631163380985,-0.5459719756009142,-0.5245083099855978,-0.5945500683193159,-0.7354625757451455,-0.7821577385220283,-0.7528226651342235,-0.719490779092084,-0.770136428726792,-0.78359452885232,-0.7512683539679386,-0.7927110364511321,-0.8592633057327241,-0.8777379540267701,1
2018-12-16,-0.20549473790453432,-0.2534521733758021,-0.2407112539047626,-0.2276127886401941,-0.20336520480517076,-0.18989911887897903,-0.19432458433288582,-0.16757026396663827,-0.03997168544114314,0.1549889274785666,0.12023265422849386,-0.02447096917643352,0.014112255735971524,0.05035292092013577,0.05946958516179694,0.11748920120134523,0.0951874768057105,-0.04755522136067402,-0.006985839975203603,-0.0417294898913144,0.057137219466530574,0.15178545547347327,0.014137275415795784,-0.17903542570193132,-0.11182001542097789,-0.2076593014517233,-0.29180056241089236,-0.4431803011645182,-0.4450978117435686,-0.5387110425274656,-0.5121124801347677,-0.35354797068227595,-0.40567650519043474,-0.48983187703381803,-0.43169221827685633,-0.4551405733951983,-0.5496999129738812,-0.5278574504523875,-0.5974643619659467,-0.7373062508983448,-0.7824489958926959,-0.7542085711152642,-0.72026098470935,-0.7712165923266806,-0.7832763521721684,-0.7507854757597582,-0.791798285253079,-0.8558678198232875,-0.8758455383874592,-0.8659268740432299,1
2018-12-17,-0.25777768757659614,-0.24518211827227065,-0.23128228094421058,-0.2077416044377721,-0.19496496212883588,-0.19885056398248283,-0.17238914753837584,-0.05096296226169043,0.14015713723853732,0.10711845317842843,-0.03440333757037245,0.0024019249159222622,0.03740291903821654,0.04722919243761006,0.10538636823653838,0.08813254672743659,-0.054529025093073544,-0.016530317818871442,-0.05049381529988796,0.04615421015314842,0.1412588282845295,0.005451831941350408,-0.18519605658925475,-0.11896289224723351,-0.21347903220377376,-0.29668108322723147,-0.44653525811586564,-0.4470048951525092,-0.5397603620710218,-0.5150112185114857,-0.3578412125135606,-0.4099135205017083,-0.4937950808170456,-0.4358259821252486,-0.4590827389680268,-0.5532715338026156,-0.5316132488579787,-0.6007375460240694,-0.7398718217826169,-0.7840394786165732,-0.7547375732483411,-0.7218645137653654,-0.7715185455683053,-0.7842557628640565,-0.7508308906453363,-0.7908335956019165,-0.8542067144595804,-0.8722078669274932,-0.8641746584385126,-0.6319912898531083,1
2018-12-18,-0.24965696329525208,-0.23594871006268853,-0.21217969702744163,-0.19972003512009148,-0.20352113236075586,-0.17801724708155175,-0.06395801129945435,0.12255928837888014,0.09353519046886598,-0.043938612924279655,-0.008165898264230491,0.025033705834484388,0.03437088409754313,0.09200396044446658,0.07660472310445944,-0.06062781494809133,-0.023798184076580173,-0.05924030975843868,0.035862988877089934,0.1286627335323824,-0.003154627057576483,-0.1913083935898168,-0.1258870483902381,-0.219220116166095,-0.3013814929627886,-0.44984894837518385,-0.45032021187781257,-0.5400618953698736,-0.5164069622206051,-0.3621393061299714,-0.4136486938419536,-0.4976120617259945,-0.43996172406988304,-0.4631053926335579,-0.557006833873209,-0.5351927254872131,-0.6043812512500871,-0.7429967417979157,-0.7864908902401435,-0.7564773825733355,-0.7226686450326344,-0.7727794993068223,-0.7844396778922882,-0.7520590831976237,-0.7904351952223341,-0.8525001263058346,-0.8703531459034481,-0.8607074416178252,-0.6330159394496994,-0.506670304827362,1
2018-12-19,-0.2405902809928456,-0.21724232964360632,-0.20446839510027737,-0.20789050295700012,-0.18360776598931608,-0.07503410412636509,0.09739736288886397,0.07764729144041994,-0.053582100470590095,-0.018308418054842186,0.013930716123483964,0.02208744579782276,0.07783133906883005,0.0639381553651598,-0.06924186657659898,-0.03009323147714376,-0.06610335902553977,0.025532617108441905,0.11693800498118305,-0.012981501804931688,-0.19733299397685355,-0.13276497934049955,-0.22486999739302235,-0.3059104754695396,-0.45262349224856513,-0.4535955760126368,-0.5424127174232753,-0.5171045872534222,-0.3657696033382693,-0.4174405720586005,-0.5004789424171981,-0.44403531218866976,-0.46715398225266686,-0.5606322565326518,-0.53896613668753,-0.6079291216690266,-0.746421645368245,-0.7895672739528421,-0.7589961224911691,-0.7245812619436331,-0.7731505310486398,-0.785614274400103,-0.7525344614392647,-0.791359714098587,-0.8514183343517225,-0.8684546123112004,-0.8589889908521398,-0.6329248241940783,-0.5091825412035208,-0.49631396196789396,1
2018-12-20,-0.22222167814999008,-0.20969096653982705,-0.21232283628022405,-0.1888748084286881,-0.08517211767172461,0.0782141614825917,0.05563446478906542,-0.06407418906552995,-0.02862037618502629,0.0032767879595024226,0.011054125361567838,0.06431842405580954,0.050589374181477804,-0.07828102420869924,-0.03930536456484078,-0.07212823126900587,0.017866066843545955,0.10512062961569185,-0.022245296218399168,-0.20343637483718247,-0.1395577777606551,-0.23047020090893444,-0.31045851738745617,-0.45506697400943585,-0.45632301142590936,-0.5447555605672264,-0.5196933516572952,-0.36902215455150733,-0.4202625217073976,-0.5034832056412339,-0.44743264979664044,-0.4710979531615469,-0.564369267095189,-0.5426647417879292,-0.6115492005156761,-0.7499078216576315,-0.7929205497490484,-0.7621011317086567,-0.7271779172490428,-0.7747911197583623,-0.7858761293456775,-0.7539222936038898,-0.7914793199969279,-0.8518752531972884,-0.8671960119459848,-0.8572255519854424,-0.6339054037068698,-0.5109000279831387,-0.4989491303391951,-0.34481925424157495,0
2018-12-21,-0.2148066685827721,-0.21738250006909,-0.19404265243398655,-0.09487652686298127,0.0613090630913099,0.038549590452387525,-0.07614991694378329,-0.04002798416914371,-0.007598141905424435,0.0004667735778674394,0.052286481097979495,0.03784712209583961,-0.08745512107925843,-0.049089085166902274,-0.08051702402731992,0.011304937443527827,0.09669972239008243,-0.031509899109092965,-0.20939119661490313,-0.1467690351976372,-0.23598092584573174,-0.31495389627282333,-0.4577192284994747,-0.4587154799097791,-0.5463367901358163,-0.5222662491943874,-0.373145727911285,-0.4225908308546447,-0.5050474561813106,-0.4509180823833803,-0.47422734683462014,-0.5678498423604685,-0.5464591550092752,-0.6149533709981464,-0.7532286015372894,-0.7963865296045349,-0.7654966517855628,-0.7303160532124935,-0.7772651231407627,-0.7874481445156988,-0.7544537309071433,-0.7926068676871896,-0.8514470369701915,-0.8675319523927248,-0.8560913926278353,-0.6348177119849463,-0.5133264975441845,-0.5008160773450426,-0.34925269705463735,-0.4581328852273583,1
2018-12-22,-0.2223593175445892,-0.199481462458241,-0.10368014341843775,0.04500144934556526,0.023395986712427996,-0.08661344199385292,-0.053789762124778144,-0.019776780883500062,-0.010334867263548137,0.04074483959335746,0.026441137602697565,-0.09629215651600334,-0.059120078627306706,-0.08927575261280038,0.00128193764466702,0.08963513459998436,-0.03863578479637569,-0.2152233410196589,-0.15370839821193769,-0.2413432079918058,-0.3193560386398928,-0.46031368351375845,-0.46132136168603,-0.5474880438544388,-0.5241302495451837,-0.37720255440107847,-0.42615918856428836,-0.5059377472273384,-0.45325068584245143,-0.4774697315727604,-0.5700213072812554,-0.5500251023220724,-0.618516836335087,-0.756058046758686,-0.7996093297923326,-0.7689745429957334,-0.7337604603069546,-0.7803511120351706,-0.7898912294989315,-0.7561950697534693,-0.7928092413464177,-0.8521737957946252,-0.8669620025488028,-0.8565124798939759,-0.6361482874231954,-0.5156722229273318,-0.5033620331443567,-0.35330597890827964,-0.4612212711102934,-0.43655428455361733,1
2018-12-23,-0.2047815155870667,-0.11099314712704934,0.030787473177149333,0.00879745120673848,-0.09624013907179585,-0.0653767465196691,-0.03495851442106297,-0.022413131559989082,0.028892691627675635,0.015497665792499662,-0.10452619211818422,-0.06875869966383563,-0.0981271115774514,-0.009511246329700157,0.07807787976016324,-0.04483607425987231,-0.22060794043384566,-0.16056182544198697,-0.24663943452531223,-0.3231195498840145,-0.4628084362267585,-0.46386931834437456,-0.5489656213843833,-0.5255877128959447,-0.38089052231435067,-0.4296792051957233,-0.5086422509918396,-0.4550194901974079,-0.47941422527588745,-0.5723947694873591,-0.5523730478379792,-0.6217393066353092,-0.7591707105421508,-0.8022506306824928,-0.7722551291702732,-0.7372521358826274,-0.7837185627427119,-0.7929640730315993,-0.7587144993010241,-0.7943438965416907,-0.851869473674181,-0.8675850684902743,-0.8560422847731446,-0.6382558310477878,-0.5183231746286163,-0.5058262140199956,-0.3575998039109812,-0.4636392381475136,-0.4398988130217486,-0.3848187523872008,1
2018-12-24,-0.1178910170439087,0.02068549912542075,-0.0040161855039065435,-0.10544561448236194,-0.07594120638109123,-0.04749165242618753,-0.03741001184186149,0.015375680939191956,0.004303998696658742,-0.11243853038539069,-0.07764381016988027,-0.10666224120555354,-0.020704002805726283,0.0653746725399263,-0.05375943900944927,-0.2256460941587232,-0.1664645216581941,-0.2517884059082121,-0.32699499010071725,-0.46382115636078697,-0.4663174145424037,-0.5503822167708317,-0.5273436448556587,-0.3843231417685108,-0.4327073546135878,-0.5113270510478366,-0.45825173918788,-0.480739275754867,-0.5729517285392394,-0.5549065928949222,-0.6233772184885376,-0.7617227266780028,-0.8052157182890542,-0.775007392910224,-0.740599594649184,-0.7871885394089791,-0.7963121243833792,-0.7618198017236063,-0.7967701366804368,-0.8530858751345997,-0.8671496530419993,-0.8567383316704263,-0.6397614230230084,-0.5213341651263118,-0.5085862796839631,-0.36179677602934784,-0.4666257078709677,-0.442628197185862,-0.38877739263931504,-0.17971813619208624,0
2018-12-25,0.011409932776888248,-0.013396302692615393,-0.11384042783411412,-0.08606173452468616,-0.05884587619604257,-0.049819977279152994,-0.0022708411681960756,-0.00831117424715044,-0.12029544627066674,-0.08617831955268229,-0.1146510587107639,-0.03142939733945422,0.05198372400769823,-0.06318366642181573,-0.2310279296570479,-0.17184845356957373,-0.25682643163185587,-0.33067015357202145,-0.4652520397214495,-0.4672628477818347,-0.5516951034963217,-0.5290393488448911,-0.3878745543178706,-0.43542546326440273,-0.5133285960999949,-0.4614467893420766,-0.48370495053733026,-0.5726903105769777,-0.5557191794560689,-0.6252667028608696,-0.7619746796211517,-0.8075482519018233,-0.7780595172775678,-0.7434802696840083,-0.790430729469794,-0.7997766311350618,-0.7652157544998974,-0.7998358184071834,-0.855368621207651,-0.8682837152707322,-0.8563951821143914,-0.6419029636902098,-0.523898200544139,-0.5116719297095201,-0.3661529831217936,-0.4695266025857028,-0.44586362987400235,-0.39225341144527337,-0.1861113644349537,-0.3293886497469494,0
2018-12-26,-0.022056460386259663,-0.12094269878319314,-0.09520629965372387,-0.0697370423256939,-0.06107138767121039,-0.016446332380338075,-0.024296842835576354,-0.1283406942187767,-0.09472013770098867,-0.12232906508151584,-0.0411972219940579,0.03920202639295399,-0.07280092927681779,-0.23604324002809537,-0.17828402446321234,-0.26163328182091156,-0.3349605165063976,-0.4663914191750115,-0.4686339350209719,-0.5510033651601954,-0.530632293530308,-0.39137060356877906,-0.438327362453127,-0.5149350052225855,-0.4640755070268412,-0.4866422636071908,-0.574702953529975,-0.5557500388620157,-0.6250508243006105,-0.7626069818465123,-0.80734649186258,-0.7805214962266938,-0.746633116979564,-0.7931092635316689,-0.8029922848009786,-0.7686937677155978,-0.8031733006758367,-0.8583732945558299,-0.8705293362771251,-0.8575871962069114,-0.6433872740643493,-0.52681410268235,-0.5143234333449547,-0.37033076803568477,-0.4726889423573544,-0.4490113398791126,-0.39608574249872097,-0.19254734554732902,-0.334005257121336,-0.3419675076570835,0
2018-12-27,-0.12766091152599407,-0.10269505793842104,-0.07951303248504334,-0.07186223028194726,-0.029171444844980375,-0.037365663829977455,-0.13591024133156013,-0.1037034094254962,-0.12992802227639483,-0.05057525835555586,0.02776400290849586,-0.08205252520505404,-0.24058640421040425,-0.18461115004510348,-0.26631023559947736,-0.33926837600031695,-0.4693953788157367,-0.46971128685226265,-0.5509195403978878,-0.5303444479933455,-0.39477001719180627,-0.44117213855301457,-0.5168263336918563,-0.4663610750767407,-0.4889541843990716,-0.5767188284500582,-0.5579382602429815,-0.6239057653562938,-0.7603835781875966,-0.8075672379752995,-0.7805873248263554,-0.7492448960040149,-0.7961035559997296,-0.8056198626679857,-0.7719749457799865,-0.8066348273294867,-0.861620743300594,-0.8735182254177127,-0.8598589465171856,-0.645727108942846,-0.5292773965631559,-0.5173033275822484,-0.374261774700477,-0.4760498421695762,-0.4524010308171573,-0.3998252017366677,-0.19874602362387414,-0.33828122971339064,-0.34643480130938803,-0.5586252021156626,1
2018-12-28,-0.10974276488364472,-0.087327282199039,-0.08155602000202726,-0.041400300493711704,-0.04916702756391043,-0.143371180065638,-0.1130004514220321,-0.13761997691831798,-0.06004565309984092,0.016789914444436185,-0.09062328084339348,-0.2450914245586762,-0.19066404547383406,-0.27044802532735623,-0.34242468973297213,-0.4728446918058862,-0.4726837798787065,-0.5504876851140448,-0.5306195523069963,-0.3970874173547119,-0.4439180637911953,-0.5186578010337162,-0.46886978091135945,-0.4908966962842727,-0.5778981658436826,-0.5601238930418745,-0.6253875827600225,-0.7569431710073592,-0.8046866429717384,-0.7810507965041095,-0.7496203904394048,-0.7984795245138673,-0.8085741862441924,-0.7747283460893396,-0.8098360235377948,-0.8650568837666056,-0.8767423805122502,-0.8628589448730233,-0.6485163880461262,-0.5322321273414347,-0.5198475232278045,-0.37817775848974,-0.4790238178179731,-0.45591749212054217,-0.4037599759152726,-0.20483141663703236,-0.3427530852149167,-0.3505292388774993,-0.5605207227971275,-0.35259517053572353,0
2018-12-29,-0.09465248216669415,-0.08932789645366815,-0.05227233141463206,-0.06049450515034394,-0.15049158822952255,-0.12161246526136266,-0.14453888766744163,-0.07030067843395182,0.005562543733961417,-0.09885739081351291,-0.24980685115886922,-0.19658134688497522,-0.2739812756716332,-0.344669405780955,-0.47338464373533723,-0.4761120920273547,-0.5526945573344082,-0.5305600207889392,-0.3996777360857406,-0.4452930188507894,-0.5203869708558378,-0.4713202983397422,-0.49309355300285734,-0.5786142145736737,-0.5615118879078529,-0.6268902293735058,-0.7570461145099913,-0.8004948215279364,-0.778557796619574,-0.7503647552644038,-0.7983675528475798,-0.8108907110634667,-0.77778136195613,-0.8124358396447727,-0.8681349230426235,-0.8801719530139093,-0.8660994944664819,-0.6517364205362711,-0.5352986503635623,-0.5228530681036562,-0.3819054017452942,-0.4822396338742938,-0.4590737176002746,-0.4076494019280752,-0.21092712168529418,-0.3471265520553735,-0.35485596588783996,-0.5614884091107106,-0.35693631156648015,-0.4080137276432442,0
2018-12-30,-0.09661697170778952,-0.060651575952917536,-0.0706279886850639,-0.15725147019047417,-0.129693687360946,-0.15156629034429306,-0.08193982295417938,-0.007098788776816068,-0.1070685214187913,-0.25435678538451334,-0.20244387587508633,-0.2775415701344454,-0.34602397084799735,-0.47237220127296076,-0.4765880453273805,-0.5556118935942989,-0.5329557728647084,-0.40201981928272945,-0.44704581101344704,-0.5202955859079421,-0.4736706238790108,-0.49523137639174586,-0.579696176735162,-0.562453889713172,-0.6274387334771142,-0.7572155978681457,-0.8001463714246977,-0.7748091406302426,-0.7483202982139306,-0.7986697446212526,-0.8106558577403528,-0.7802446667869257,-0.8153683875215348,-0.8704982485236061,-0.8832181288863878,-0.8695336896221021,-0.6553016869793278,-0.5386365567314506,-0.5259425021576328,-0.3856542656638462,-0.48508209277071784,-0.4624228683647179,-0.4112425784480509,-0.21629513095639882,-0.3516453353029206,-0.35908555618529847,-0.5633154493827845,-0.3608773732837059,-0.4116970385996606,-0.3945689547783052,0
2018-12-31,-0.06845845410727089,-0.07862652160629424,-0.16364247767488888,-0.13739111497126905,-0.15832482161282105,-0.09211244107334136,-0.023169466314674172,-0.11559889235049617,-0.2585122788161225,-0.2080899880817927,-0.2814896584550847,-0.34754620988453205,-0.46997819418060927,-0.4754959297554867,-0.5545306827898376,-0.5359991676789355,-0.4056339105616405,-0.4485191124182423,-0.5207452796617663,-0.4744750546450496,-0.4972679442972169,-0.5807160848735533,-0.5637412505063046,-0.6274716591907555,-0.7561254476892982,-0.7998794251945059,-0.7747269112552901,-0.7450844935974607,-0.7959192057188972,-0.8108465854410081,-0.7803132362413865,-0.8176525264533556,-0.8732452984784883,-0.8855202690478824,-0.8726022915433049,-0.6588274405069543,-0.5423757763402344,-0.5292901494503298,-0.3890788469914102,-0.4882749756852244,-0.4654338951522433,-0.4149114043473777,-0.22162055848159692,-0.3559343604163513,-0.36347180915152655,-0.5650669164423961,-0.36508148370282456,-0.4148383131531158,-0.3984118580517152,-0.4919843871938687,1
2019-01-01,-0.08610882956376383,-0.1697118126387181,-0.1445503038855953,-0.1647315903473259,-0.10149631521824372,-0.0362949309995055,-0.12406185761880809,-0.26148815781125284,-0.21345218295146987,-0.2853063195802055,-0.3498389207369506,-0.46799382402026973,-0.4730102291212829,-0.551500024043699,-0.5353021117048588,-0.4094904258556003,-0.4516924706729202,-0.5208668529975252,-0.47572083663589476,-0.49761988141156105,-0.5816309350630436,-0.5649671137830407,-0.6279326405021302,-0.7543838911840999,-0.7982528386781915,-0.7747173603478148,-0.745310347049381,-0.7918760867957626,-0.8079180556844869,-0.7807791941066429,-0.8173507252139451,-0.8752535558095305,-0.8882193266158915,-0.8749474950565962,-0.6623402228770828,-0.5459505783501893,-0.533043744294238,-0.39256898653034716,-0.4914488766091285,-0.4687326549322612,-0.4183265791927015,-0.2265567061692831,-0.35999569180001995,-0.3676701524861332,-0.5671704736820603,-0.36918951515876874,-0.41840303233066467,-0.4017471643035477,-0.49467094853972765,-0.42233596099571913,0
2019-01-02,-0.17554941070867514,-0.15101562643239866,-0.17083327322829928,-0.1104648482032462,-0.048143575789979805,-0.13211810427945747,-0.2597217913251744,-0.2180807278830695,-0.2886546067732432,-0.3520736931423211,-0.46743834842028975,-0.4709400840569316,-0.546783308569522,-0.5327496946046385,-0.4112712989805696,-0.4552548404225403,-0.5233544795700241,-0.47666820701669366,-0.4984635440068237,-0.5803651580860009,-0.5660886196445738,-0.6283298853059575,-0.7532318109379016,-0.7959303806658441,-0.7734071506489436,-0.7455986658050112,-0.7916169660681571,-0.8036714269803824,-0.7782901642783342,-0.8174807254828325,-0.8743814537456251,-0.8901562073170419,-0.8776803305480804,-0.6655383585840221,-0.5497013114005501,-0.5366225995990153,-0.39653286526242043,-0.4948324360961871,-0.47195429355797797,-0.4218791828648308,-0.23157408770346202,-0.3640070216767125,-0.37162524460215063,-0.5698069180533599,-0.37346379554679204,-0.421877188241504,-0.40546700246043155,-0.4966003789177448,-0.4258492639922983,-0.3618835516175988,0
2019-01-03,-0.15719081800360896,-0.1767534651043753,-0.11866552191881298,-0.05951718941504787,-0.13973542194062136,-0.26096196620662854,-0.21935796436488925,-0.2905249577461907,-0.3536805957920052,-0.46695137662695624,-0.47031493918220607,-0.5426261562865399,-0.5285833739956945,-0.41180370288757423,-0.45613932510097366,-0.5264591914909021,-0.4795747604501531,-0.4989937885048586,-0.5797712000423489,-0.5651208764669139,-0.6286199542401948,-0.7520116237579384,-0.7942502422176704,-0.771427293905831,-0.7446545818578892,-0.7914363878815703,-0.8032900527658308,-0.7745460475406228,-0.8144552234269952,-0.8739941428520072,-0.8891365559031184,-0.8796674474324983,-0.6689402148824006,-0.5533563690547776,-0.5403929965454715,-0.4001710129953035,-0.49863902860180787,-0.47535814935325,-0.42521527448242696,-0.2361330314383928,-0.3678552058559997,-0.3755588494042046,-0.5719321497039266,-0.3775855233904326,-0.4255675812037988,-0.4090949392196614,-0.49919628715780656,-0.42878384355061655,-0.3661144375869373,-0.4485847296590418,0
2019-01-04,-0.1824639133864421,-0.12566771639858532,-0.06968847468043822,-0.1469801796095494,-0.26288984038813645,-0.22262617165302148,-0.28672261514711833,-0.35316599318297787,-0.46556211196132286,-0.46976139100859143,-0.5403058736441211,-0.5249410896715706,-0.41118761605068,-0.45555579800269974,-0.5259489952093638,-0.48295906446597375,-0.5016887339678836,-0.578810174075257,-0.5647917733462474,-0.6264531328860705,-0.7506787591918012,-0.7925005661157448,-0.7700585910590461,-0.743071199003927,-0.7899159604301377,-0.802991273881919,-0.7744665450092454,-0.8100977192990578,-0.8701425750227683,-0.8886154052489625,-0.8787516439615184,-0.6719223322999224,-0.5571166246399213,-0.5440858135609516,-0.40422905744746385,-0.5022328273246202,-0.47919469427185557,-0.4286677914639506,-0.239922861099783,-0.37167978108046706,-0.3793087699572987,-0.5745270212447314,-0.38145085575805815,-0.4292897931792838,-0.4129269857043022,-0.5017099895604068,-0.43218332005417215,-0.3699214516430686,-0.45178645418186836,-0.46865663831142196,1
2019-01-05,-0.1323006103912058,-0.07770649390448395,-0.15376847176477715,-0.2645829373415935,-0.22624686482565634,-0.28660616579738174,-0.3449714430359569,-0.46094403892806546,-0.4682988373194467,-0.5381324415681243,-0.5230390001789618,-0.41086640488902,-0.4536554175445748,-0.523629203290053,-0.4833009059884142,-0.5049318106686911,-0.5807485979951849,-0.5641054862869734,-0.6250584400278013,-0.7461713824951552,-0.7906364116294491,-0.7686211943615937,-0.7420629037072319,-0.7877084609999748,-0.8013255603388647,-0.7744596305485505,-0.8096497394053314,-0.8648405703169797,-0.8845501160595173,-0.8783246921893924,-0.6730633880859578,-0.5606317710420731,-0.5478756867388198,-0.4084742261448587,-0.506075719816659,-0.4827969384885618,-0.4325761484545654,-0.24356829074436567,-0.375138499079231,-0.3830716261635881,-0.5765844534294667,-0.3853187919679094,-0.4326870681951647,-0.4167461218940512,-0.5045156714295093,-0.4354936587538234,-0.37401839742597004,-0.4543422178825133,-0.4716201050041985,-0.47715415040124165,1
2019-01-06,-0.08520541462830473,-0.16004260183354146,-0.2668224561441279,-0.22959178532302366,-0.2874016521261018,-0.3419283507114148,-0.4451924051101906,-0.46358038960455467,-0.5348866772432274,-0.521265196006003,-0.4116618032137551,-0.4521328113897815,-0.5197306044619059,-0.48204183211695845,-0.5048432715991112,-0.5834867716620384,-0.5661832852614951,-0.6232667970348306,-0.7426966986886425,-0.7853628214922845,-0.7670703814637391,-0.7409868910474674,-0.786132823610006,-0.7989607320633267,-0.7731526614316486,-0.8092865628676521,-0.8638252049712382,-0.8790037483081775,-0.8744098240192048,-0.674502181912743,-0.562874701213918,-0.5514348818764466,-0.41269735154450476,-0.509907745536334,-0.48668080291126115,-0.43619864107048983,-0.24776133989146473,-0.37864315227034945,-0.3865025163260091,-0.5792842639858081,-0.388985691256285,-0.436212571767783,-0.42025694957370435,-0.507632533632266,-0.4390331533095315,-0.3780201886994065,-0.45743884938862944,-0.47388619579146524,-0.48001674981595266,-0.40141545568763026,0
2019-01-07,-0.1660547950157879,-0.2707517524336671,-0.23318473174028095,-0.2879897845642282,-0.34028093879468035,-0.4371138299233572,-0.4476439025309893,-0.5277259920516185,-0.5184593525458004,-0.4124657347124718,-0.4519523961147372,-0.5163387610040175,-0.47936398386957363,-0.5030484087529519,-0.5818595750980091,-0.5690144779422339,-0.6247838489174015,-0.7387474426335855,-0.781207223634415,-0.7622486849677441,-0.7397986913952652,-0.7844879317012734,-0.7972420776796245,-0.7711763138821132,-0.8075416951094596,-0.8629134522108652,-0.8778415878833146,-0.8690354434681394,-0.6735666203820471,-0.5653129884571174,-0.5537688693355063,-0.41690090062029767,-0.5138068108871564,-0.49059150449067007,-0.4401807372862815,-0.2514641053678918,-0.3826284496219809,-0.38999533814858905,-0.5822358487210674,-0.3926964021149537,-0.4394465519136832,-0.423865528730918,-0.5103206042483056,-0.44265211540284005,-0.3821966071220134,-0.46044895557748994,-0.47675124778227534,-0.48216020657144126,-0.4051770895372728,-0.4247836139346348,1
2019-01-08,-0.27476489140456645,-0.2378117024450247,-0.28932394668150974,-0.33848533330313446,-0.43126324995530785,-0.43944215477632276,-0.5072918015593411,-0.5119011711756728,-0.41249753020845026,-0.4518238342361402,-0.5146400880435319,-0.4771140939426754,-0.4997539360374928,-0.5781492083080005,-0.5676707504667545,-0.6272407985767882,-0.7391699373574742,-0.7765516428462594,-0.7584946732916346,-0.7354999469297663,-0.782728917820052,-0.795453781287161,-0.7698108010054486,-0.8050911515315468,-0.8604943033599578,-0.8767879064045925,-0.8679766001165075,-0.671598695991256,-0.565973463049132,-0.5562897532523915,-0.4205668927551507,-0.5175284019759714,-0.4945522814142931,-0.4442800672913017,-0.25583563222157407,-0.3862726366285875,-0.39396317527874003,-0.585524887573193,-0.3961037810122498,-0.442885347868952,-0.4272045368646125,-0.5133272510353831,-0.4459284268468795,-0.38625137444150165,-0.46371189428686604,-0.4795317721721431,-0.4849272185718773,-0.4084135887499145,-0.4282678627695973,-0.41919557609295965,0
2019-01-09,-0.24241963367378916,-0.2927865433196866,-0.33786637109780004,-0.42536626564974495,-0.4334887614304758,-0.49609311616695284,-0.4925765711812472,-0.4098257030722141,-0.4508291165938937,-0.5130606699388589,-0.4763429542183239,-0.4969272235395395,-0.5726502359551165,-0.564313279729984,-0.6247565910668756,-0.7408963787645879,-0.7766158190159307,-0.7542556652736877,-0.7322106691866836,-0.7776069589141525,-0.7935508751476665,-0.7683766029210163,-0.8032945791739766,-0.8573135875777351,-0.8741943062243399,-0.8670228106769124,-0.6725861972513593,-0.5658304018698549,-0.5570821219346056,-0.4242960177576205,-0.5201980933913507,-0.49836565297869634,-0.4483888001045553,-0.26068276175053384,-0.39035997962827473,-0.3976024391362843,-0.5891919906178079,-0.39958660671299423,-0.44617012592692185,-0.4307093005084249,-0.5159052684889451,-0.44936543298481285,-0.39003825844673584,-0.4671416273538721,-0.4825832341545132,-0.48761054871149573,-0.41205443544716275,-0.431167118394849,-0.42274615612708477,-0.3870124036060401,0
2019-01-10,-0.2964018042355374,-0.34032215743095606,-0.4213868238303536,-0.42749145360599844,-0.48763814891545604,-0.48211723501131676,-0.39765833855990035,-0.44675140458558943,-0.5104688117549467,-0.47564989248348316,-0.495687569036358,-0.56776131993689,-0.5592204455236229,-0.6199793150701832,-0.7361859972736742,-0.7781031183565731,-0.7545311688197808,-0.7284537382687072,-0.7735861118065738,-0.7882213983158809,-0.7668289995159113,-0.8014281536968203,-0.8548532651410289,-0.870824678854548,-0.8645519925468285,-0.673610914651248,-0.5679141447442154,-0.5570898647813757,-0.42701776024647214,-0.5230234892367523,-0.501225072454058,-0.4524222189194194,-0.26537805167187517,-0.3946614085110812,-0.40166589828447097,-0.5927464583728015,-0.4035396919992969,-0.44960082627751946,-0.43402382204085205,-0.5189320567166249,-0.4524875305898296,-0.3938488015197842,-0.4701962453834967,-0.4858682675680217,-0.49057248128858744,-0.4156040621650911,-0.4345383551185686,-0.4257260569580167,-0.39094500475104504,-0.6077514438849333,0
2019-01-11,-0.3430790767457469,-0.4221103264240324,-0.42342981134733765,-0.4791998484651615,-0.47427940997151746,-0.3919680559271906,-0.43199491708433646,-0.5042036988820251,-0.47403375861131164,-0.49454679174546096,-0.564846674067757,-0.5547114522331021,-0.6132524669058961,-0.728637314998661,-0.7726639677593761,-0.7561595082067859,-0.7289737995392973,-0.7690703104627467,-0.7840161353991137,-0.7620119316725382,-0.7994468527251646,-0.8523212912214106,-0.8681926296930244,-0.8613153246225703,-0.6735719732567622,-0.5699987625729452,-0.5592641994589505,-0.4292314953204182,-0.5243021162871828,-0.5042225677232266,-0.45573651877829136,-0.27028382696538517,-0.3989286631333319,-0.4059214644871383,-0.596398543114991,-0.40717479637202075,-0.45347698722870855,-0.4374671682185843,-0.5220310689611739,-0.455856053537251,-0.39744314175605117,-0.4734710597296073,-0.4887533610755613,-0.49379625560231205,-0.41936397422401167,-0.4378206976483111,-0.4291617656319279,-0.39438936531510416,-0.6090638256150821,-0.606296706760861,0
2019-01-12,-0.42339041222707025,-0.4241109406786617,-0.47313817004083675,-0.4664433062360319,-0.38811100770876933,-0.4245794339633151,-0.4854188232978449,-0.4691049715954144,-0.49243780086040273,-0.5621052648978203,-0.5521053924382241,-0.6072149320456672,-0.7187209332626299,-0.764208026979935,-0.7511501675131941,-0.7307653569313973,-0.769205396747913,-0.7793090361272375,-0.7582620333602025,-0.7940043167672973,-0.8496721780176371,-0.8654884637724949,-0.8588041398844992,-0.6729687601569478,-0.5712625951408792,-0.5614364059084983,-0.43273102547834447,-0.5248658333972056,-0.5057760108880194,-0.4591466290918149,-0.2754014570123554,-0.40319784335178066,-0.41015274545579544,-0.5998641725355092,-0.4112180764607248,-0.45709040172947357,-0.44136199133398996,-0.5253827885468512,-0.45910914694080746,-0.4011082785439313,-0.4763881069866203,-0.49190415060087406,-0.49660958031591745,-0.42313375355754895,-0.4413344038427162,-0.43250802394580184,-0.39819638713190625,-0.6093225339324477,-0.6076263565304613,-0.6299881399243261,1
2019-01-13,-0.4253549017681657,-0.4727883066193247,-0.4608750398751945,-0.38415927726485893,-0.4192823435934478,-0.4753191196444411,-0.4527811168713893,-0.4868340100937417,-0.5582342565086492,-0.5496588699870613,-0.6033673391496236,-0.7096997429515145,-0.7532475069373844,-0.7432293052476072,-0.7262534119551601,-0.7707400215517602,-0.7793470769688686,-0.7540272922105393,-0.789698581131687,-0.8432665394512379,-0.8626665728757019,-0.8562211658572839,-0.6728514707737102,-0.5720701428441408,-0.5628078978107444,-0.43618449624011657,-0.5273741559156158,-0.5066539450824146,-0.46135895455112763,-0.2804473405808321,-0.40699950779918925,-0.41436842389353074,-0.60347584487956,-0.4154348940658078,-0.4610284569561283,-0.44498066788806667,-0.52914239310444,-0.4625263761462265,-0.40449510902971947,-0.4796278385730251,-0.4946643999559718,-0.4997078635035212,-0.426586756651872,-0.44493572065184783,-0.43608060545563454,-0.40191075546285926,-0.6105827805101718,-0.6079060592608759,-0.631036567337146,-0.693124885662342,1
2019-01-14,-0.47315330971074565,-0.4607795239851674,-0.38177368625581165,-0.41392544488142957,-0.4677814834733198,-0.4443212559013273,-0.4692670466604296,-0.550217253810152,-0.546112480623048,-0.5997344001586481,-0.7034287243023488,-0.7432495753944711,-0.7328845920237131,-0.7189517670668543,-0.7654450920697904,-0.780816933572366,-0.754304960339016,-0.7848872596511792,-0.8381049194570812,-0.8560117585098187,-0.8535208790746697,-0.6726688781172971,-0.5732352805228438,-0.5637320287228466,-0.43913085096864585,-0.5298692782726838,-0.5093510257727393,-0.46299023639403675,-0.28527174247866266,-0.4108516990830205,-0.41805948977413854,-0.6067700110034091,-0.419635781507037,-0.46504321777858815,-0.4489442511046915,-0.5327229429304642,-0.4663826569645597,-0.40796919830459033,-0.4828228625998715,-0.4978056473633014,-0.5024017319234394,-0.4301530311103608,-0.4481913595628519,-0.4397222067814719,-0.4058224174308624,-0.611772343310529,-0.6091830898586911,-0.6309743610550487,-0.6934238664581766,-0.6013205821539147,0
2019-01-15,-0.4613613673952778,-0.3833187983097479,-0.4103885241529333,-0.46023829885293227,-0.43815241286570056,-0.4599788697851565,-0.5282060413390726,-0.5385400674379822,-0.5948819723871196,-0.6974799450056955,-0.7361852145198912,-0.7234627181800994,-0.7093196937140951,-0.7571686948963826,-0.7753246274256338,-0.7559347443698952,-0.784872428563846,-0.8324057733092622,-0.8506287024325102,-0.8470414392136865,-0.6723771373380953,-0.5743385895340534,-0.5650031442977732,-0.44176038497417114,-0.531637681455387,-0.5120286488347227,-0.46613987212360664,-0.2898895997069825,-0.413769959355096,-0.421811358788203,-0.6085561320420704,-0.42380625720117726,-0.46908561642931823,-0.453008031744519,-0.5365015605692679,-0.4699904659890404,-0.4119093907518099,-0.4862154028503825,-0.5009562668986544,-0.5055012857122477,-0.433438555691662,-0.4516132415926408,-0.4430250414754435,-0.4096960292738838,-0.6133583086759276,-0.6103892918921073,-0.6319780518970928,-0.6924504859875211,-0.6027092995822735,-0.6393457942025855,1
2019-01-16,-0.38529933540539424,-0.41134014064051183,-0.45491003683197456,-0.43194487295381645,-0.4531186231553975,-0.5159565448807251,-0.517347625374592,-0.5855208440155727,-0.6900781795577348,-0.729478312594788,-0.7168662508296703,-0.7005644602391132,-0.7464148065424139,-0.7668025122928099,-0.7509298061297923,-0.7863069984030884,-0.8319405487466871,-0.8446998565420895,-0.8418142339193599,-0.6693712441225508,-0.5753371242752366,-0.5662127183415369,-0.4445817669541145,-0.5329916235956225,-0.5140213723026313,-0.46925504770497245,-0.2948333470175992,-0.4162083873842392,-0.42456941993957337,-0.6105800547015613,-0.4274038802357638,-0.4730203798266024,-0.4570888804361941,-0.5402101632708906,-0.4739013271654092,-0.415540859811619,-0.4900352487779072,-0.504329927998909,-0.5086331064522372,-0.43690972651511684,-0.45471621860219824,-0.44648145212948676,-0.4132706785236863,-0.6156405988766017,-0.6119905843024313,-0.6329132721349766,-0.6927257370369558,-0.6030608165351016,-0.6402831442663943,-0.6247868774291304,0
2019-01-17,-0.41281470165296846,-0.45493824007228784,-0.42771097627146365,-0.4462364235538962,-0.5066244550927813,-0.5056436970924936,-0.561034246291221,-0.6772255466553384,-0.7212419858969326,-0.7106064707858948,-0.6945094607169927,-0.7366101690188597,-0.7557658340473451,-0.743014424562185,-0.7807071582535383,-0.8330745256494856,-0.844118105294526,-0.836047054927241,-0.6672308898201903,-0.5741920351295229,-0.5673178795640675,-0.44734580769203375,-0.5346534514367832,-0.5156182286204842,-0.4717855877582239,-0.29968315811125457,-0.41984289629912847,-0.4268246807598222,-0.6105788532557853,-0.4310709886722052,-0.47613073978579296,-0.46108082861883015,-0.5440124183855165,-0.4778638689381099,-0.41956650377500665,-0.49363278448490905,-0.5081219128938098,-0.5119987749988028,-0.44020910173551897,-0.4580727319747194,-0.4496280818192438,-0.41692594979778935,-0.6173509171872364,-0.6142833617946445,-0.6342649526708016,-0.6929388013543385,-0.6043952591381495,-0.6400858905892479,-0.6258970449353857,-0.6267958001242782,1
2019-01-18,-0.4556255584421682,-0.42830331067721616,-0.4414497420066984,-0.49733027361551835,-0.4967669985333427,-0.5471353357780184,-0.646308881415209,-0.7072463602822654,-0.7028623475682323,-0.6887671106045488,-0.7297028080767954,-0.745696660163775,-0.732676018919514,-0.7720511719978439,-0.8265586490665315,-0.8451743122021089,-0.8355473173011038,-0.6646657584266936,-0.5737053292376004,-0.5663265645443512,-0.45001072295581285,-0.536254796341925,-0.5175008732822048,-0.47396484023974933,-0.3043458210679475,-0.42342687117653427,-0.43034915648674954,-0.6096792501398173,-0.4336937003140676,-0.4793558593329454,-0.46430940063037457,-0.5475900285463351,-0.48186530814204537,-0.42374945582141876,-0.4974938063438052,-0.5117115928003115,-0.5157789648289861,-0.44364600826061845,-0.4613204105078723,-0.45301201327785784,-0.42032398826039014,-0.6196422364631609,-0.6160059666107626,-0.6363869371293784,-0.6936252759760809,-0.6056583779132199,-0.6409816175560227,-0.6259099020110548,-0.6278821212903386,-0.6560983621948798,0
2019-01-19,-0.42947157093390104,-0.4417571229704498,-0.49056732596598673,-0.48791717995450734,-0.5364264635347767,-0.6281254484341725,-0.6742247227458079,-0.6895408306434736,-0.6815925878103798,-0.7231459362366824,-0.7385744338533554,-0.7232600455151571,-0.7608604252406553,-0.8167622716534646,-0.8384214368729903,-0.8366582601599117,-0.6657904196249336,-0.5728555579102002,-0.5659765137378,-0.4512688473945962,-0.5377530609912291,-0.5193236332886214,-0.47637690179442266,-0.3088339279680315,-0.4265336347125419,-0.4338267458542541,-0.6113085190850094,-0.4357942062781555,-0.48127278320116446,-0.4676417485236889,-0.5499620834331601,-0.48573915464261075,-0.42792377988099034,-0.5013606447633197,-0.5155345035294842,-0.5193653189551208,-0.447531328015457,-0.4647353375103266,-0.4562720540623094,-0.42386582863425987,-0.6213159038663892,-0.6183062747434144,-0.6379094474276256,-0.6952921036586143,-0.6073120985486457,-0.6418098052669675,-0.6269736023852505,-0.627865986081321,-0.656836855709133,-0.6172822811541535,0
2019-01-20,-0.44268245028096287,-0.4898559673368441,-0.4815183226582748,-0.5257888415086871,-0.6138402423130421,-0.6546386915687716,-0.6577606534433224,-0.6690511803539692,-0.7150747665867142,-0.7318122353678149,-0.7166683707008251,-0.7506471276648666,-0.8042590807736614,-0.8283300152186914,-0.8300721889018811,-0.6679854874531659,-0.5748504213115395,-0.5652684972567112,-0.4529178152086691,-0.5373286702019177,-0.521044066158258,-0.47873051309501374,-0.3133448126413969,-0.42933687380013563,-0.4368027459067244,-0.6129537291169926,-0.4392257168380163,-0.4825663110994486,-0.4697298994465762,-0.552517497732021,-0.4887235875507537,-0.4320547492120429,-0.5052870164120051,-0.5193281595080422,-0.5231720952054459,-0.4511473249666021,-0.4685882208371922,-0.4596922370375701,-0.42719706730196605,-0.6237746731906544,-0.6199913062741327,-0.6400633656078603,-0.6962813698676915,-0.6096407492365205,-0.643062893978094,-0.6279683144841905,-0.6289065085230097,-0.6563978330372717,-0.6184815298163091,-0.6739939379275167,0
2019-01-21,-0.48991278290401574,-0.48099464789309093,-0.5179251409704927,-0.5997128954366613,-0.639182722665306,-0.6390018398173892,-0.6387076779474076,-0.7013053356367754,-0.7235150367676291,-0.7104131704335275,-0.743407839222741,-0.7928180547628708,-0.8154872662163855,-0.8201884248043626,-0.6647032129579747,-0.5776262627297738,-0.5673352728950196,-0.4542834176973425,-0.5374824302842439,-0.5209400809893358,-0.4809836028909801,-0.31780293360843825,-0.4323161593010411,-0.43946438253497394,-0.61367746469005,-0.442613422899542,-0.48551304946819646,-0.471219203586033,-0.553365006084051,-0.49183448059433044,-0.43557070492493033,-0.5090492187652992,-0.5231971284979189,-0.5269347691440018,-0.4550979085283946,-0.47219507189232807,-0.4635528769015598,-0.4306475209883797,-0.6266175773902192,-0.622457213364612,-0.6415633242051705,-0.6980451645319453,-0.6114053817023472,-0.6451174185176833,-0.6293747952877844,-0.6298782426334397,-0.6571002773599803,-0.6186026914037388,-0.6745200071469307,-0.6762279985109134,0
2019-01-22,-0.48121147063090836,-0.516646358476543,-0.5889898761791149,-0.6239129656799105,-0.6242363577008653,-0.6209061583805184,-0.6687002655007213,-0.7094360426275788,-0.7026740887537881,-0.736533775456193,-0.7845815638098655,-0.8037285998922672,-0.8075846630461709,-0.6589324082108801,-0.5761138560641276,-0.5701591085930671,-0.45740214028926185,-0.5372970261518197,-0.5213785772528872,-0.4816478026257302,-0.32216769132848017,-0.4352385313834514,-0.44231494683416733,-0.6139001467971218,-0.4454789431111714,-0.4884320538798593,-0.47428354970822895,-0.5534357940922121,-0.4935690024347986,-0.4391637341819065,-0.5118028615480437,-0.5268739588036955,-0.5307794365193352,-0.4591367267365355,-0.47610128563728976,-0.46716191501878473,-0.4345528330573962,-0.6298604092913292,-0.6253033358362091,-0.6439129876744463,-0.6990519109770416,-0.6137364374322172,-0.6465608953818494,-0.631534275975237,-0.631263557517851,-0.6577368497759362,-0.6197529760085636,-0.673822719870102,-0.6767275489554557,-0.6837268220195251,0
2019-01-23,-0.5162194250135655,-0.5862371518993569,-0.6122539085540464,-0.6096403658004597,-0.6069397392167887,-0.6493918040975661,-0.6762608709220637,-0.6893594765841992,-0.7281134326241455,-0.7767545672932041,-0.7952341107460323,-0.7960495578094516,-0.6510621357393417,-0.5725463933992152,-0.5687929612155596,-0.46092804615739624,-0.5396289230472704,-0.5214885352249851,-0.4827689649289124,-0.3258772873411345,-0.43806231653833505,-0.44510824895786233,-0.6145336227890835,-0.44802094223246697,-0.49072147063028687,-0.477316263093072,-0.5556480015972175,-0.4946539769392016,-0.44166815285212385,-0.5147044083958291,-0.5294511209913199,-0.5344201242729272,-0.4631979954588844,-0.48005490323542455,-0.4710787389373364,-0.438174467115889,-0.6334593221180466,-0.6285475360277606,-0.6467066982872314,-0.7010917897277253,-0.6154603414942703,-0.6486569923844847,-0.6331007154061844,-0.6334085557550829,-0.6588134341839934,-0.6208335254209033,-0.6743186941043869,-0.6759980202585874,-0.6841373598321332,-0.7010393483492597,1
2019-01-24,-0.5845536306303241,-0.6090186688702254,-0.598533360541893,-0.5931234591493731,-0.6341675254683986,-0.6565725359052476,-0.6575920154041847,-0.7138657834457816,-0.7672852111259046,-0.787160569595642,-0.7877366525308974,-0.6439549823627162,-0.5672118853863669,-0.5654075795168563,-0.46170140964868744,-0.5426297008672153,-0.5239702693232173,-0.48358706500393334,-0.3297048144872138,-0.43954955928190714,-0.447802525136795,-0.6151038296302898,-0.45076275217996137,-0.4926396131156467,-0.47974544494361826,-0.5578568253631608,-0.4974754319948087,-0.44363340592997447,-0.5161046367980935,-0.5321925849882659,-0.5369225727889909,-0.467160823351513,-0.4840493425177796,-0.4750527305943857,-0.44215239818089114,-0.6369945627052933,-0.6321484681182746,-0.6499286148915951,-0.7037458247801238,-0.6179506642771174,-0.6500838507807581,-0.6352867723162261,-0.6349580281070296,-0.6607471884059382,-0.622319074313398,-0.674750577542236,-0.6764682190334466,-0.6832996099346672,-0.7012443827876027,-0.6946546687491642,0
2019-01-25,-0.6069237860543409,-0.595582696449326,-0.5826553136105298,-0.6191238478523785,-0.6410311729606047,-0.6388416747956566,-0.6803800111743356,-0.7516008614088816,-0.7774198106368172,-0.7798366340226156,-0.6392386091730626,-0.5624768178583934,-0.560282623369082,-0.46097954567363364,-0.5418027725152093,-0.5270710486024384,-0.486428039608139,-0.33333027684462174,-0.44140213860277905,-0.4491029931754908,-0.6155674489132085,-0.4534470052931035,-0.4948143172639505,-0.4818149376482587,-0.5592733253483133,-0.500273306323835,-0.4469836666507206,-0.516807389504037,-0.5333371858812639,-0.5395962651562459,-0.47032919807061785,-0.48791277839190056,-0.4790631508297828,-0.44624373010493257,-0.6405533699916454,-0.6356842780646603,-0.6534966618288481,-0.706908356493388,-0.6208077952824124,-0.6523876002856162,-0.6368273621788874,-0.6371316718339716,-0.6620491754331498,-0.6245326561079967,-0.6756386149690685,-0.6768745493633836,-0.6836832910821515,-0.7001567827126213,-0.6949354906939884,-0.6971542765853678,0
2019-01-26,-0.5937304244484098,-0.5800339734334107,-0.6076500296781929,-0.6256780899442127,-0.6240832651917454,-0.660484714862014,-0.71546921502159,-0.7613637549331547,-0.7702868933339871,-0.6347754584794474,-0.5596871329304599,-0.5557435815453087,-0.45891995719315876,-0.5390886748245926,-0.5265488678641796,-0.48976857626511106,-0.33759542640271384,-0.44297895107149193,-0.4507895906507528,-0.6136509176638291,-0.4560318615432956,-0.4969299280624222,-0.48412722402638697,-0.560246195060098,-0.5024138363360083,-0.4502928163628057,-0.5193992342312077,-0.5337476612189992,-0.5406326452572853,-0.47360694191990127,-0.4908756905142135,-0.4829503543605034,-0.4503461894035622,-0.6438398844934008,-0.6392458475036411,-0.6570231993549714,-0.7103887657792726,-0.6240566758960291,-0.6551606092358442,-0.6392025459948261,-0.6386565683777181,-0.6640417579031549,-0.6261624783053261,-0.677443358858588,-0.6777390488283664,-0.6840038501273915,-0.7003407207003693,-0.6939400327651664,-0.6974054276528805,-0.7140684820358926,0
2019-01-27,-0.5784624617857042,-0.6045102782760351,-0.6139507593324841,-0.6094941745270358,-0.6447705992481799,-0.6938109034580936,-0.7245475627951722,-0.7544924511317571,-0.6290091119166424,-0.5570651371916517,-0.5531131153166025,-0.45724841958082657,-0.5347362805695713,-0.5242141562670356,-0.48997703975221424,-0.3418864584707678,-0.44620482049140353,-0.4521942270826135,-0.6124786511429535,-0.4571745268138971,-0.49894420782379884,-0.48638078981974076,-0.5615616157755864,-0.5041707508720185,-0.4530617792339066,-0.5219751099767,-0.5361639275182012,-0.540919383958264,-0.47560789864491976,-0.4939670623818466,-0.48596239884291875,-0.4543702779400091,-0.6473110631283736,-0.6425376659959404,-0.6605397851654261,-0.7138905926668944,-0.6276645151508002,-0.6583737242576466,-0.6420077632072188,-0.6410218952784086,-0.6653377484503176,-0.6283949063016597,-0.6785942023659655,-0.6795276872344509,-0.6847893423250805,-0.7004632596664667,-0.6941976339522036,-0.696373895990526,-0.7141188578827994,-0.7417546695241916,0
2019-01-28,-0.6024968026171459,-0.6106803255505034,-0.5983928238209794,-0.6292489471598794,-0.6766251813309674,-0.7024331204613691,-0.7181580548678419,-0.6183963048718192,-0.553325582235734,-0.5506432699296725,-0.4569470371446636,-0.5309199332873699,-0.5202983868011148,-0.48855192103085987,-0.3449914917729663,-0.44980223623129967,-0.45533275159485764,-0.6109177351016158,-0.4587208890538366,-0.49926400151715694,-0.48853349381470607,-0.5628156150001837,-0.506198893615344,-0.4554992173836167,-0.5238427709849062,-0.5385700453848837,-0.5432613185214953,-0.47699750736916363,-0.4956704119289789,-0.4890983379235552,-0.45766529030214664,-0.6503962801224056,-0.6460130049616639,-0.663745224383154,-0.7172872988610748,-0.6312022726669388,-0.6619287822003976,-0.6452345719928827,-0.6438226682103757,-0.6675593003458353,-0.6299941206315312,-0.6804762076301973,-0.6806596621798362,-0.6865239212402551,-0.7010663478652223,-0.6943932006633933,-0.6966026579684382,-0.7128432245131691,-0.7414764044297927,-0.8258985120657769,1
2019-01-29,-0.6085554385139516,-0.595445074577033,-0.6173834988673911,-0.6596675610152489,-0.684866661405252,-0.6963646457490534,-0.5916045752749138,-0.5454886146349968,-0.5470712060669768,-0.45670287831533635,-0.5288764639798954,-0.5168904810363606,-0.4856829764338313,-0.34717236783892824,-0.4507935211703026,-0.45887187327917245,-0.6125518347723414,-0.4599800568836574,-0.5000790990862132,-0.48905291958133496,-0.5639653525109031,-0.5081675459156181,-0.4581459780362259,-0.525304198424708,-0.5402290489207359,-0.5455955688018657,-0.4800019639269159,-0.4967197449021422,-0.4908728544045298,-0.46105790522213586,-0.6517504627473565,-0.6491044094034883,-0.6671528093909391,-0.7202625406796829,-0.6347732904216579,-0.6654516573012662,-0.6488098385995041,-0.6470475874520968,-0.6702952480840086,-0.6324061262573053,-0.6816324013709356,-0.6825278631283797,-0.6875925621752323,-0.7026761196878346,-0.6950635575593214,-0.6967696342513956,-0.7128768389558938,-0.7398012107229286,-0.8246214416418383,-0.8565230376340475,1
2019-01-30,-0.5935952875882581,-0.6140418672089188,-0.6466255469448862,-0.6675375245678975,-0.6790661563374892,-0.5761696949954466,-0.5238089606148885,-0.5394636297768798,-0.45558090852143907,-0.5269675564008374,-0.5151787617276106,-0.48325432505092886,-0.34845346126542903,-0.45034295174523603,-0.4596855110671975,-0.61508690221158,-0.4630447851705616,-0.5005797125545007,-0.4900454250064836,-0.5630383243331588,-0.5100343673156664,-0.46073492432808627,-0.5270637338691876,-0.5414645232852097,-0.5471662364736668,-0.48297677312876547,-0.49951978918597517,-0.492003557665995,-0.46324229324874183,-0.6533825806726964,-0.6504713826841684,-0.6701434468258576,-0.7234895640310421,-0.6380832519292302,-0.6689504754553269,-0.6523384118104852,-0.6506200655515704,-0.6734926060468397,-0.6352279456666902,-0.6837661474122305,-0.6836666048161868,-0.6894144277075502,-0.7035985414563659,-0.696719356939244,-0.6974136553915591,-0.712850351140189,-0.7395153959578857,-0.8217319044246493,-0.8548824475700698,-0.6781272386451193,0
2019-01-31,-0.6118562814498814,-0.6426774108586198,-0.6541911070873994,-0.6619984996526175,-0.5641787333824454,-0.5117803902399918,-0.5182064302035343,-0.4513289153780162,-0.5240129875719043,-0.5135868764536365,-0.4823379892329676,-0.34990697111136065,-0.44859558853529774,-0.45901378532921583,-0.6128407532977461,-0.4665346551998396,-0.5032596261954169,-0.49073006692352233,-0.5627454035790205,-0.5101415001357807,-0.46322414958135094,-0.5287630511064612,-0.543018660098045,-0.5483060528206305,-0.48533478219754245,-0.502296962525466,-0.49485248314576524,-0.46484163220987956,-0.6527557277734095,-0.652115102817852,-0.6713021151418058,-0.7262116613210944,-0.6415728218676006,-0.6721217965434056,-0.6558648734126802,-0.654147852504693,-0.677024410404122,-0.6384618130935198,-0.6864625052960381,-0.6857893892879384,-0.6904945900238914,-0.7053134324596149,-0.6976957028151742,-0.6990514349411785,-0.7133161649722916,-0.7391722344844389,-0.8204752806244895,-0.8515509446337347,-0.6786042447048221,-0.7383083280040672,1
2019-02-01,-0.6399747584992442,-0.650086054983725,-0.6488663268838968,-0.5522900706854592,-0.5026327096698049,-0.5064593522957619,-0.4362514661092394,-0.5172511159242682,-0.510981294083156,-0.4815061772329804,-0.35214385779331436,-0.4472161226661802,-0.45701189953622506,-0.6083598409695771,-0.46719820193465206,-0.5064926706470995,-0.49350333820094944,-0.5620966491574265,-0.5107676114914556,-0.4642288981469748,-0.530359621329984,-0.5445120221969738,-0.5497732334109232,-0.48732720261361834,-0.5044120479681028,-0.4976769172349505,-0.46797207904021787,-0.6511407722261925,-0.6515067768476234,-0.6727568850253184,-0.7268152050270836,-0.6446853913094136,-0.6755026200585451,-0.6590892765013605,-0.6576704997056386,-0.6805407288374463,-0.6420474965371878,-0.6896430311145509,-0.6884808048254107,-0.6925805810102766,-0.7062583526396763,-0.6994500449118377,-0.700006669480306,-0.714832008949651,-0.7393463478901047,-0.8191696847817251,-0.8499409905693532,-0.6778473066353621,-0.7380709717174163,-0.7470771601130596,0
2019-02-02,-0.6472496261374159,-0.6448717151557356,-0.5434013254338781,-0.49351847152328276,-0.49754663631126794,-0.4286221177526047,-0.4975513933358108,-0.5046973849322721,-0.4797373034341026,-0.3543252842837844,-0.44715197076682583,-0.4553943400163538,-0.6019740694195685,-0.46633962499333087,-0.5063735589838452,-0.49679868960786333,-0.5641934884399528,-0.5110721860669344,-0.4656526973811382,-0.5300770044561686,-0.5459019367484539,-0.5511794036882692,-0.4895694277961382,-0.5061414088360258,-0.4998500931099252,-0.4710687018479433,-0.6523403108228044,-0.6499130044746336,-0.6718468347818572,-0.7277664298603719,-0.6460961167537385,-0.6784534564900048,-0.6625117363425039,-0.6608875782359489,-0.6840077383925834,-0.64557900691833,-0.6931499953219528,-0.6916592293407456,-0.6952554071216775,-0.7082593985432183,-0.7004448409847719,-0.7017455664382277,-0.7156443884845481,-0.7406626003983314,-0.8184572624459932,-0.8482851124592158,-0.6782955929395467,-0.7364455147747992,-0.7467357159219375,-0.7332513846680063,0
2019-02-03,-0.6421294406583311,-0.5415941456594305,-0.4869029610947592,-0.4886616725506472,-0.4231465119254913,-0.4868421031524306,-0.4858778935154977,-0.4745993279097284,-0.3558734623528461,-0.4471345108731566,-0.4551368004104129,-0.5962555953487848,-0.464122697403461,-0.5045406357350501,-0.49686945413305666,-0.5670373886362498,-0.5136526491727779,-0.46678472833932283,-0.5303567553474157,-0.5453212860752555,-0.5524818298447977,-0.4917527425702004,-0.5081445044065536,-0.5016423595219717,-0.4735764378058555,-0.6535700363714196,-0.6511252683412623,-0.6699080792857365,-0.7260522961918757,-0.6477795238064397,-0.6795298484054096,-0.665524496358617,-0.6643042928584367,-0.6871179793990816,-0.6491197177205942,-0.6966593097341237,-0.6951630925358883,-0.6984267784255708,-0.7108959246632505,-0.702477213751143,-0.7027208360540064,-0.717278772147981,-0.7412411462812528,-0.8191669166944037,-0.847250031499162,-0.6786801998263233,-0.7361994621525916,-0.7449837093228864,-0.733074055375639,-0.7826662647555453,0
2019-02-04,-0.5407167347177495,-0.48626760444446443,-0.48223401892218654,-0.41761542091247894,-0.4787956389905528,-0.4757551244258245,-0.457890224871933,-0.3552784321326745,-0.4462620972064512,-0.4549345380547912,-0.5926671544046608,-0.4623039766118882,-0.5012023603722094,-0.4952729113582311,-0.5657323864460913,-0.5168193202642508,-0.469784960088165,-0.5303020438101974,-0.5453361820435171,-0.5517750055297552,-0.49383495659477666,-0.5100880416712631,-0.5037026382605846,-0.47573099596220847,-0.6537830802304324,-0.6523672973081864,-0.6709131030406643,-0.7231941741222448,-0.6472345716967193,-0.6809099866233455,-0.6667288963444539,-0.6673085083037886,-0.6904508930735931,-0.6523714826652547,-0.7000923404275574,-0.698671532575096,-0.7019202327966183,-0.7140510122249468,-0.7051278645095393,-0.7047409443252555,-0.7181219112338167,-0.7427044563063346,-0.8190347954982594,-0.8477389116141804,-0.6795246889826536,-0.7358957198146059,-0.7446364863573511,-0.731521579011716,-0.781902370313558,-0.7951008035065452,0
2019-02-05,-0.48638921440228006,-0.4816955000205089,-0.4139357750900664,-0.47075594880203436,-0.46819823530370164,-0.44917366285604315,-0.34693576389924674,-0.4423518894439323,-0.45385868899670867,-0.589281862586196,-0.4618830470253021,-0.498334672601639,-0.49220667963739545,-0.5624231255526594,-0.5164979403212461,-0.47323178508053154,-0.5327002410623631,-0.545006731598481,-0.5516777742484814,-0.4942527234353003,-0.5119296626097222,-0.5057035136253567,-0.4781206095789972,-0.6534527394237737,-0.6525954638830557,-0.671954762052272,-0.7236469110590268,-0.6457132592292216,-0.6798807611735221,-0.6682251487268467,-0.6684952450031425,-0.6933304756419824,-0.6558154045301116,-0.7031373339313336,-0.7021003213912782,-0.7054257379250265,-0.717520435754223,-0.7082889573459504,-0.7073860652749613,-0.7200590288105906,-0.7433313162039087,-0.8199781786358092,-0.8473481399752231,-0.6812996356470065,-0.7361061437195592,-0.7442324464200931,-0.7313338708403015,-0.779636750395273,-0.7941893084416278,-0.8006368864509321,0
2019-02-06,-0.4818996676039037,-0.41481381863931427,-0.46502087314214446,-0.4606362639861416,-0.4427905488827387,-0.34379397661270844,-0.42790388317192074,-0.4496698615765056,-0.5847020513097668,-0.46152464821605294,-0.4970617365977829,-0.4895934756266256,-0.5573857746996483,-0.5144132094486132,-0.4737641550067513,-0.5357452677891145,-0.5472655537960529,-0.5512320121346769,-0.49515488720423356,-0.5120004519351748,-0.5076026676931047,-0.4804517121212992,-0.6535834997541612,-0.6522814993130903,-0.6719366443974776,-0.7241545919514105,-0.6469690515988439,-0.6778057440685817,-0.6673813396067243,-0.6699754752882986,-0.6942595719902206,-0.6588600839197571,-0.706419068933913,-0.7051371694810049,-0.7088402885020628,-0.7210191650570057,-0.7117672431996678,-0.7105448070408918,-0.7226667309624604,-0.745132589626859,-0.8199477229687249,-0.8481022934106353,-0.6824155698768997,-0.7374472411208368,-0.7443504823042463,-0.7310879696458067,-0.778878918366792,-0.7917442362784718,-0.7996596769025469,-0.8497746737529336,1
2019-02-07,-0.41622565610457785,-0.46483936921781016,-0.4552926090166837,-0.4363739270893972,-0.3420641830212801,-0.4206939491768374,-0.4347087403437939,-0.5757142911807337,-0.46027692005951903,-0.4958891553035668,-0.48852723992962593,-0.5529286834211092,-0.5107851357706954,-0.4727422735645212,-0.5350531849569421,-0.550217561508919,-0.5534318294198639,-0.49574581605119117,-0.5125942657678857,-0.5077564299025961,-0.4826822165979166,-0.653649628876842,-0.6524271461707066,-0.6713559811156496,-0.7234801364262864,-0.6482531660680786,-0.6787289120191561,-0.6655183223644878,-0.6691060813613817,-0.695506100650165,-0.660130467447054,-0.7092225360731091,-0.7084125154042173,-0.7118497957833907,-0.7244008438255747,-0.7152684713564491,-0.7140196232865775,-0.7258095636371482,-0.7476790424427487,-0.821336138930013,-0.8478326048215892,-0.6842720353736046,-0.7380548943203198,-0.7456283646426355,-0.7313516732783577,-0.778067811477912,-0.7908429408401636,-0.7971347093341766,-0.8482141882053,-0.844631138921392,1
2019-02-08,-0.46534790476975585,-0.4553128773913076,-0.43196871840877077,-0.34018819091394153,-0.4155684327240592,-0.42715690440564275,-0.5519153004711799,-0.4558526916343613,-0.49374515373848726,-0.4875521826986899,-0.5503647801937523,-0.5076463555964902,-0.470337403415619,-0.5325069590155506,-0.5492420095881967,-0.556344457210832,-0.4984715466858952,-0.51286533752573,-0.5084239795896209,-0.4833138443327342,-0.6536074558764461,-0.6525082021541474,-0.671259190244112,-0.7221887314749554,-0.6485330619329017,-0.6796914288042609,-0.6665688440094357,-0.6672138111642597,-0.6942635214379342,-0.6616865724915381,-0.7099942870532507,-0.7112064803914465,-0.7151036961921388,-0.7273472294099144,-0.718662272906,-0.7175198731397591,-0.7292609019347212,-0.7507958341612591,-0.823696442804859,-0.8490707594742798,-0.6853959405616332,-0.7395394993750296,-0.7461619575173998,-0.7327292265026045,-0.7778108821558551,-0.7898896081258507,-0.7961695413749658,-0.8449800760183866,-0.8431317082275331,-0.7288005818003085,0
2019-02-09,-0.4559934310059148,-0.43247274369705524,-0.33950336364325623,-0.41037895287800014,-0.4217459989716912,-0.5384745605287704,-0.44045804830773083,-0.4880934132831473,-0.485625620796996,-0.5479585428134603,-0.5061532291841709,-0.4683428713876705,-0.5283477636372474,-0.5463428875935671,-0.5552488976690729,-0.5017351694329103,-0.5154288046513759,-0.5087715389122532,-0.48440606074269393,-0.6509614832601561,-0.6524810067865829,-0.6710971516380312,-0.7214458535069856,-0.648275114490038,-0.6795760336796115,-0.6676544926238066,-0.6682467598172799,-0.6919445615885186,-0.6609383387990965,-0.7110980901343623,-0.7119585885788612,-0.7178657663591996,-0.7305516185808805,-0.7216319371155044,-0.7209089286095947,-0.7327545318582319,-0.7542087423430814,-0.8267340908667298,-0.8513633136144773,-0.6875094062830496,-0.7401932814317764,-0.7475923797412807,-0.7333795899354342,-0.7788322003976633,-0.789501669062646,-0.795152887134845,-0.8434479811583171,-0.8399718262867572,-0.7286760844857866,-0.7311039155800897,0
2019-02-10,-0.4335657172896111,-0.34192519738785027,-0.4069792074048452,-0.41627804148523134,-0.5281481278564447,-0.4326173452391584,-0.47043814415444163,-0.48027167987481173,-0.5444565003108073,-0.5047702326039962,-0.46777914197552317,-0.5247121446241358,-0.5417775540687411,-0.5522003759072973,-0.5017092430351758,-0.5185841326131716,-0.5113738081813695,-0.48519413470757083,-0.6491409810779039,-0.6498566345491956,-0.670826034821498,-0.7206359772972017,-0.64847168272254,-0.6788900296054031,-0.6676904446792771,-0.6693154179968432,-0.6927211869454878,-0.6591845998366043,-0.7096276002868925,-0.7130445739828732,-0.7185519417617248,-0.733240053208538,-0.724854585515876,-0.7238694792162995,-0.7361114718232962,-0.7576915363680595,-0.8300302022664048,-0.8543721569906679,-0.6901966201875908,-0.7420114645627819,-0.7481776613628796,-0.7348954419682915,-0.779065212691854,-0.7904333459315367,-0.7947066201506743,-0.8418692906015367,-0.8384990749262958,-0.7271878410284539,-0.7309520772031031,-0.7390414693324691,0
2019-02-11,-0.34465317091307074,-0.40800153596081196,-0.4126501243468941,-0.5178836837605848,-0.42696531951409156,-0.4610911268805222,-0.46316484798496366,-0.5369448233980683,-0.5023946003798957,-0.46728428278936657,-0.5228154689223034,-0.5377620123279236,-0.5474631023906157,-0.49999232789361436,-0.5182281852575855,-0.5145550327222395,-0.4880198770653728,-0.6469076382014987,-0.6480553280645541,-0.6678498849848392,-0.7197148193287755,-0.6486037980471522,-0.6786974805567313,-0.6671683329421344,-0.6693304863018451,-0.6935420191276861,-0.6603007677157654,-0.7070480537703944,-0.7115456320657786,-0.7195781205441549,-0.7337740096565722,-0.7275701761644005,-0.7270849791118495,-0.7390103530161378,-0.7609959077457916,-0.833480063835792,-0.8576257596822411,-0.6933732583237384,-0.7445655416183672,-0.7499528196253159,-0.7355887278967892,-0.7802757289565119,-0.7905613378574298,-0.7955983870489858,-0.8409053100998868,-0.8369792159435455,-0.727051483966128,-0.7294305925917761,-0.7387954105021264,-0.7804206586394178,1
2019-02-12,-0.40953638152706384,-0.4135548333631525,-0.5103257479136856,-0.4212620810106616,-0.45418176557984075,-0.4541832688135706,-0.51586423521551,-0.4964256247842555,-0.4658863354750879,-0.5210468382005511,-0.5355567505518363,-0.5432867190463521,-0.496787562999993,-0.5161004207563726,-0.5142780034217918,-0.49135024770989844,-0.6482006157224994,-0.6458418972401391,-0.6657359628533951,-0.7158011959045842,-0.6486278356934793,-0.6784394243264754,-0.6671247673127916,-0.6687857597616497,-0.6932524727275775,-0.661449886345222,-0.7076681381073168,-0.7089335542460027,-0.717983676718939,-0.734662112951609,-0.728160269379246,-0.7297899381536512,-0.7421774808120877,-0.7637938447376479,-0.8366246687979791,-0.8610636353380093,-0.696874485257813,-0.7476855748820898,-0.752487497652262,-0.7374317232627299,-0.7805829953163023,-0.7916950207991085,-0.7956796219956784,-0.8414428395951002,-0.8360694274935959,-0.7268564909013494,-0.7292676608309725,-0.7371593730418219,-0.7796834200202345,-0.7662831538106345,0
2019-02-13,-0.4149894040876335,-0.5092045831599601,-0.41744138551729887,-0.4472516407304504,-0.4475789423624315,-0.5042348381050302,-0.478186125174826,-0.46125637091903815,-0.5182466898109654,-0.53349323311131,-0.5409508162862833,-0.49404476786035945,-0.5124228208851486,-0.5122484855065825,-0.4915277309687448,-0.6505080179882654,-0.6471449761455971,-0.6631982500394246,-0.7128541652621557,-0.6460773504664653,-0.6780719632924038,-0.6670160981572856,-0.6687216365470862,-0.6923778819911311,-0.6615638524110634,-0.7083376187150802,-0.7095340962039707,-0.7152624046796341,-0.7328471839666894,-0.7290992934775695,-0.7303580537735336,-0.7448104984966197,-0.7668817941753441,-0.8391158162415525,-0.8641500926029912,-0.7003821819670337,-0.751103266796002,-0.7555992831652686,-0.7399969876449037,-0.7821835332267115,-0.791905150926306,-0.7967790973437002,-0.8411090636899128,-0.8366440370553226,-0.7271670879927792,-0.7290463223138505,-0.7369048618063142,-0.7774502081443148,-0.765713730384374,-0.7715132801376569,0
2019-02-14,-0.5089120244275795,-0.4182467197870666,-0.4424256914574869,-0.4409464652525975,-0.49542035146238117,-0.4684498198234622,-0.44548283728870564,-0.5116963082568629,-0.5303684656965667,-0.5387624575313955,-0.49287327387055957,-0.5092377113360377,-0.508683954869133,-0.49006404437271955,-0.647568075015312,-0.649459120082775,-0.6643368206837227,-0.7094522535885925,-0.6443417054553968,-0.6749568681612959,-0.6667985323216298,-0.6685923541076735,-0.6920139015852456,-0.6611262212600371,-0.7078620389056252,-0.7101846822764741,-0.7157973509004922,-0.7298738153420359,-0.7273656771257384,-0.7312771423313298,-0.7452298973653656,-0.7693970539249052,-0.8419631268656743,-0.8665295826265837,-0.7038073646395062,-0.7545874096598925,-0.7590048034057395,-0.7431217773468273,-0.7846394785271528,-0.7934446779302649,-0.7969459806523942,-0.8419049154329213,-0.836353702723094,-0.7285767273351873,-0.7293326515841484,-0.7365927338230965,-0.7767182847817682,-0.7636845475463786,-0.7708817739981305,-0.7852236002554026,0
2019-02-15,-0.41959657000503087,-0.44271283041692866,-0.43636439473512256,-0.4866312381975386,-0.46121551585995785,-0.4373896696830079,-0.4923860726555546,-0.5233734946290326,-0.5355002615273418,-0.49179763117845987,-0.507706954640289,-0.5056046161570711,-0.4871507130930109,-0.6422234452833301,-0.6465397218927708,-0.6665411716864785,-0.710152416130477,-0.6421963864913611,-0.672719468943237,-0.6638996124111268,-0.6683541048742981,-0.6915839495219508,-0.661159451207668,-0.7067859944638245,-0.7096858782962394,-0.7163845157809985,-0.7302573207502744,-0.7244852790990828,-0.729511692010125,-0.7460140872309101,-0.7695730242822345,-0.8441204967778423,-0.8692893116847058,-0.7068372880749118,-0.7578983247087333,-0.7624855142992647,-0.7465464886063187,-0.787717789791862,-0.7958731146673822,-0.7984583444904821,-0.8416879437686204,-0.8371813364952457,-0.729264681624079,-0.7307256860482864,-0.7367954333839802,-0.7759328630582055,-0.7631157355536867,-0.7687771112465542,-0.7844293496964432,-0.7860895152102079,1
2019-02-16,-0.4436209006986836,-0.43677725003599654,-0.48028212002060927,-0.4539683175705333,-0.43152690927656984,-0.48193630785713737,-0.5032444886200352,-0.528317071948513,-0.48976034216608527,-0.5062879983336949,-0.5041597701083971,-0.4846805401005231,-0.6348436456554069,-0.6412206687513601,-0.6632871870313007,-0.7120641732434244,-0.6435340185452402,-0.6700536710646784,-0.6618543225159812,-0.6654253558691201,-0.6910440079701143,-0.6611277856989402,-0.706238886143617,-0.7085846846338025,-0.7158077578011699,-0.7306980651882871,-0.7249246343035057,-0.7265948959102929,-0.7440332245996245,-0.7701364038651716,-0.8435566393656954,-0.8713164259994964,-0.7101072024551998,-0.7607088271067589,-0.7657797797058709,-0.7500326106710253,-0.7910739101858771,-0.7989397303066523,-0.8008745339145877,-0.8429592097256938,-0.8370045451388558,-0.730808035278114,-0.7313941867034961,-0.738131245523252,-0.775699593341212,-0.7624920181228284,-0.7681479567054392,-0.7821268229329966,-0.7852849860563369,-0.7864127901266684,1
2019-02-17,-0.4377924979710256,-0.4797840851275509,-0.4488825730239043,-0.4256180395095304,-0.4741064721371414,-0.4922491556453688,-0.5078414366498641,-0.4842547523618389,-0.5038727807007168,-0.5028229105357038,-0.48373047902854494,-0.6281953060646991,-0.6338703045024773,-0.6575516008434451,-0.7079185287028658,-0.645871223279073,-0.671127264152607,-0.6593878031894839,-0.663353557629655,-0.6876801656184689,-0.6609874854294783,-0.7056253099995433,-0.7080147148610652,-0.714622148537683,-0.7299413348876101,-0.7254193770774298,-0.7270123858690126,-0.740870132069292,-0.7678029414253035,-0.8434489324850619,-0.870483304981623,-0.7128930893855888,-0.7638066325661144,-0.7685583108275627,-0.7533531274885281,-0.7945406921147539,-0.8022785908029764,-0.803935942448567,-0.8452666930722634,-0.838301048197901,-0.7315360900252418,-0.7329233080010462,-0.7387327067140192,-0.7767371002989277,-0.7624077005210025,-0.7674644172700117,-0.7813394856628474,-0.7829699626184564,-0.785604423630697,-0.7767895885956022,1
2019-02-18,-0.480022766768462,-0.44903579088283363,-0.42162885929414917,-0.46627816424197915,-0.48396392869658,-0.4966151354970445,-0.46686863899269276,-0.4978495899904103,-0.5004980671380875,-0.48286643897186116,-0.6238515969319327,-0.6272495002949683,-0.6497218604216173,-0.7010728981853391,-0.6430221012910619,-0.6732882490864793,-0.6605624902917022,-0.6608595407075519,-0.6852217111842742,-0.6581999960450603,-0.7049011197898601,-0.7073782153236813,-0.7139754422614927,-0.7285608354104596,-0.7247290186963454,-0.7274859882456043,-0.7411396655155158,-0.7642366961029298,-0.8400438489422121,-0.870131353199148,-0.7136284986613571,-0.7663365506741362,-0.7716310387376715,-0.7561820675679681,-0.7977673834302627,-0.8057405060668322,-0.8072671185243313,-0.8482818837957793,-0.8406199104348706,-0.7334009235568618,-0.7336333695463148,-0.740212781670299,-0.7769890786670589,-0.7635471256413341,-0.7673249952923826,-0.7804991280587089,-0.7821726348601576,-0.7832847347676946,-0.7760954515510814,-0.6717367862786584,1
2019-02-19,-0.4498296886623245,-0.4223473418707592,-0.46071628543119963,-0.47569125790299016,-0.48813711709332813,-0.45770096725384746,-0.4795102460747225,-0.49459865055749097,-0.481062087683895,-0.619744566264815,-0.6229281563306551,-0.6426526228305867,-0.6919656389517422,-0.6377905363285098,-0.6699021092997114,-0.662790945445022,-0.6620202782788533,-0.6823266086435105,-0.6562537315740968,-0.7012715584913964,-0.7066310237492928,-0.713261998310905,-0.7277369676455429,-0.72342039270246,-0.7267696451979887,-0.7414702162427221,-0.7642640454420101,-0.8352523419232596,-0.8663362483918006,-0.7146993367378092,-0.7665428227039667,-0.7741236602853886,-0.7592943351294565,-0.8004161562118637,-0.8089435875539188,-0.810726867060353,-0.8515448536277428,-0.8436399390424468,-0.735976034318944,-0.7354869016147623,-0.7408608365675567,-0.778213470587538,-0.7639185073901343,-0.768426716102657,-0.7802152547648189,-0.7813223729506269,-0.7824836772271534,-0.7739146423966212,-0.6722896483688087,-0.6590367002748514,0
2019-02-20,-0.423623147930665,-0.46062406224054026,-0.4697652887389115,-0.479676323726691,-0.45094130747013766,-0.4697074118459558,-0.47648725307684575,-0.47587552314165954,-0.6143702459564354,-0.6188424979537679,-0.6379670461228907,-0.6837013438764099,-0.630540859765075,-0.6640020006780624,-0.6596104165415795,-0.6642394235049852,-0.6832838754707456,-0.6538899331507237,-0.6985769665072291,-0.7029682904403715,-0.7124376006053736,-0.7268458822051952,-0.7226618602514917,-0.7254328806704199,-0.7405780416178855,-0.7643604406366391,-0.8345436454855003,-0.8610988019312763,-0.7131762068855552,-0.7671336884709565,-0.7742528330848517,-0.7618457619845665,-0.8033871046018238,-0.8115470238449187,-0.8139194370221577,-0.8549853704772944,-0.8469100484142632,-0.7391050103380512,-0.73805691677946,-0.7426754224909861,-0.7785382791917475,-0.7652302553031742,-0.7687539249388864,-0.7812181370139611,-0.7810293764157099,-0.7816297177102762,-0.7732246124810483,-0.6716249357566709,-0.6597403150903712,-0.6064352531536297,0
2019-02-21,-0.4612087127939953,-0.46948538168429343,-0.47359621564974025,-0.4441572587763131,-0.4624175755611952,-0.4668363055304516,-0.4590769369991986,-0.6042943475589803,-0.6134917048223626,-0.6335333247336801,-0.6780451011077056,-0.6240142440508885,-0.655982916012486,-0.6539662768144564,-0.6610305232346128,-0.685367224172724,-0.6551167305695863,-0.6954369141205536,-0.7002442193491591,-0.7086635224861566,-0.7258432387819599,-0.7218362871444799,-0.7246487693849673,-0.7390508708462239,-0.7631804543243105,-0.8339283953417541,-0.8601222183608238,-0.7105364732549825,-0.7648441172082617,-0.7747737633182135,-0.7620964967700269,-0.8057283546589037,-0.8144824113125106,-0.8165026886824769,-0.8580846410614154,-0.850352578355056,-0.7425358995832064,-0.7411837263387017,-0.7452278776396345,-0.7801498353206382,-0.7656655033844589,-0.7700333557717874,-0.7814295504116079,-0.7820260162294121,-0.7813333151653757,-0.7724807228114305,-0.672146951863399,-0.6592588870365976,-0.607763258348044,-0.6733358425618649,1
2019-02-22,-0.46991002506710267,-0.4732368519808722,-0.43945099753148337,-0.4551161897914907,-0.45967325058289876,-0.4503007500460138,-0.5784914062686286,-0.6034480286156998,-0.6277993747201215,-0.6726838053603612,-0.6197694031627927,-0.648736555976356,-0.6462417795534043,-0.6553510634538439,-0.6817444932743737,-0.6573799641865388,-0.6962699178850218,-0.6970735877397843,-0.7058405021441653,-0.7218120990106436,-0.7208993788875603,-0.7237975481402209,-0.7380936741449766,-0.7613416151749458,-0.831873691940834,-0.8592479617324399,-0.7111204016659843,-0.7613280558343553,-0.7723725158442516,-0.7627276940231643,-0.805544613202136,-0.8167707734229834,-0.8194222437802678,-0.8604887357078086,-0.8534616151216858,-0.7460237636157547,-0.7446114184161787,-0.7483472213284124,-0.7826107485092563,-0.7673464261381857,-0.770427747109001,-0.7826242648368601,-0.7822301162309379,-0.7823276244698472,-0.7722857098851436,-0.6726046525239706,-0.6599274303028522,-0.6080409616105492,-0.6738697235134117,-0.6697971367798948,0
2019-02-23,-0.4735937557734627,-0.43979983412006085,-0.4499860465362626,-0.45249557585307865,-0.44386786653950794,-0.5637153815462709,-0.5777044287526525,-0.6172309371205558,-0.6659287571937542,-0.6157568515882014,-0.6439071144350772,-0.6392709918840485,-0.6475859173360216,-0.675549847883528,-0.6543054202745011,-0.6982703333275683,-0.6978910786638362,-0.7025672286477456,-0.7187606346324045,-0.7169630407792056,-0.7228349045062537,-0.7370688985271069,-0.7601011018681862,-0.8290876304659069,-0.8568749011584287,-0.7117549249423621,-0.7613855519440704,-0.7687287670034747,-0.7605025258948145,-0.8057817036956574,-0.8164777023136738,-0.8216870592144193,-0.8632677640780237,-0.8558844631632163,-0.7493527313049909,-0.7480983809634237,-0.7517638955974747,-0.7856911719365912,-0.7698386153117528,-0.7720830078937194,-0.782911553782055,-0.7834194801462333,-0.782528994136821,-0.7733493934554707,-0.6735164711990801,-0.6605303941091769,-0.6093163937302606,-0.6731819337091527,-0.670373022922647,-0.6079361724086252,0
2019-02-24,-0.44076050382547066,-0.45011637743565264,-0.44746679568729364,-0.43740268049497216,-0.5522743732751453,-0.5629679447781851,-0.5905209197271214,-0.6539618509406362,-0.6104865363399384,-0.639335914940853,-0.63466537952864,-0.640577104613677,-0.6671917891307474,-0.6487932232765152,-0.6943948689881756,-0.6998811408252859,-0.703332649340012,-0.7152503919140849,-0.7139958241849245,-0.7188614514611337,-0.7359321101939491,-0.7587922420272792,-0.8269860615207096,-0.8537440939070807,-0.7112363774164259,-0.7615110945225503,-0.7687095580133669,-0.7570601012694126,-0.802927208135809,-0.8166156215501609,-0.8213453125541404,-0.8653235812756295,-0.8586782012742996,-0.7521978990697853,-0.751422975244331,-0.7552477515224341,-0.7890504093687688,-0.7729323361330992,-0.7745636266130751,-0.7844995439526511,-0.783700004729827,-0.7837163605283992,-0.7736320393313361,-0.6753374870369797,-0.6615760203193493,-0.610521011074814,-0.6736855007144313,-0.6697363028612412,-0.6092463613718596,-0.7879137093816639,1
2019-02-25,-0.4508907632679609,-0.4476493779471415,-0.4329576805189032,-0.5409223455538558,-0.5515599415659194,-0.5751404864298681,-0.6246763685058168,-0.6005530804843191,-0.6334506254277888,-0.6303080725580705,-0.6359406070256425,-0.6596283351182578,-0.6412205751930529,-0.6878855909355415,-0.6959741255692211,-0.7052879597904934,-0.7158955981143391,-0.7105729732503399,-0.7158612517832597,-0.7317075098861913,-0.7573704031899172,-0.8248138130986947,-0.8513291399343098,-0.710113803667195,-0.7603669346442151,-0.7687609383203736,-0.7571618328415668,-0.7987652280683987,-0.8136027648586013,-0.8214390789422079,-0.8645497946884995,-0.8607558955194573,-0.7553228952622607,-0.7542597450240976,-0.7585572745340373,-0.7925180701893322,-0.7763111972836823,-0.7776524281045013,-0.7869498317351943,-0.7852837462300575,-0.7839943597503285,-0.7748788677235672,-0.676507394130246,-0.6634885918770345,-0.6121208437665736,-0.6741249114243786,-0.6702806976614243,-0.6095024037320126,-0.7870875266545126,-0.6316622421702826,0
2019-02-26,-0.4484683099230175,-0.43344119390948727,-0.5324732941169146,-0.5402401196112113,-0.5631949722590271,-0.607579835368576,-0.5750124659797499,-0.6226749173072934,-0.6246582415383765,-0.6315537859399929,-0.6545413391370918,-0.6343918351354363,-0.679165430297739,-0.6894255691810669,-0.7012750410699402,-0.7177706773244863,-0.7112625133046007,-0.7124041868863267,-0.7284841221368914,-0.7527347099566949,-0.8225256489591479,-0.8488426573998651,-0.7095243987061312,-0.7585668915793978,-0.7675256220714588,-0.7573301444455967,-0.7984347044368106,-0.8092597190876762,-0.8183557169928438,-0.8642516642613973,-0.8600273330365125,-0.7578932527612119,-0.757378154026218,-0.7613651038892095,-0.7957490253039387,-0.7797843912809568,-0.7810240295209581,-0.7900257376321832,-0.7877321183744862,-0.7855765150802891,-0.7752320415507575,-0.6784033463904319,-0.6647657621134088,-0.6144126224691164,-0.6750198825143915,-0.6707605839660745,-0.6107605190055981,-0.784746176889158,-0.63269079763294,-0.68380764074864,0
2019-02-27,-0.43451668037956814,-0.5308927708120564,-0.5318174560859847,-0.551350656391421,-0.5942018754487249,-0.5604112364683043,-0.5955831838279044,-0.6142050110574768,-0.6258714650092391,-0.649724019062516,-0.6299015986490332,-0.6712632473649481,-0.6806602042111666,-0.694594643447056,-0.7135132593814537,-0.7131671809614999,-0.713076370196659,-0.7247955401275322,-0.7491459945655663,-0.8166405623811444,-0.8462391903151969,-0.7088684113227549,-0.7573616451645254,-0.7656268666910178,-0.7562385540080961,-0.7981850904030461,-0.8088204246957073,-0.8139320574755535,-0.8605425038194029,-0.8597702247031975,-0.758183120862415,-0.759938714732831,-0.7644608126739406,-0.7984059855947522,-0.783042189696309,-0.7844951765365665,-0.7933783082886509,-0.7908072098128791,-0.7880241720531551,-0.7768614137707148,-0.6795771725670772,-0.6667401885196272,-0.6161340571418551,-0.6768293706548454,-0.6716928387010845,-0.6119479688874716,-0.783927802502491,-0.6326044311136038,-0.684217219225723,-0.7205859352623916,1
2019-02-28,-0.5302085925737237,-0.5302505354080227,-0.5424982468754151,-0.5809598037513511,-0.5491161315129323,-0.5799484031007692,-0.5877071628148414,-0.6153737372172454,-0.6435677935669937,-0.6256545455566362,-0.6659011243115387,-0.6727157347970348,-0.6856775461066255,-0.706528480031891,-0.708999931788078,-0.7149694539499022,-0.7253502748011202,-0.7450784514397577,-0.8119415434647247,-0.8398993814749771,-0.7081016656166144,-0.7560881477675618,-0.7643318875981276,-0.7544954378613079,-0.7965798077126406,-0.8084656457292547,-0.8134443363615765,-0.8554033237504333,-0.8561265701889443,-0.7588498153482235,-0.7602083309624631,-0.7669876125047019,-0.8013833560825774,-0.7857506955142729,-0.7877430443555627,-0.7968440893203111,-0.7941585785266106,-0.7910989594270055,-0.779330359868493,-0.6817219934757918,-0.6680132253330899,-0.6184335091929138,-0.6779857723432748,-0.6735278375943696,-0.613531987961451,-0.7830566755229338,-0.6335888070118921,-0.6833783029719765,-0.7205589475515973,-0.7092020399898882,1
2019-03-01,-0.5295779538930154,-0.5407097977022887,-0.570962137924148,-0.5379064737280386,-0.5677905825790875,-0.5724681033820692,-0.5887939412892848,-0.6324210187890411,-0.6201260848943494,-0.660820891142859,-0.6673192652349292,-0.6775911383481482,-0.6972610783194667,-0.7021274052526887,-0.7107669036216507,-0.7271649732478681,-0.7454409391297876,-0.8067222619666548,-0.8347962626544911,-0.7044107318130146,-0.7547017916555981,-0.7629684144015824,-0.7533419398506117,-0.7942804193988097,-0.8067310998247421,-0.8130427360532262,-0.8544857712936694,-0.8510622877717071,-0.7566813308004444,-0.7608566552850604,-0.7671874384500975,-0.8037341573983527,-0.7887684971529244,-0.7904324810646667,-0.8000659249468733,-0.7976240206540216,-0.7944498794154489,-0.7824141985922073,-0.6844233447896177,-0.6702203600738337,-0.620117458425776,-0.6798718439950738,-0.6747141266949469,-0.6158129464425648,-0.7827444593602533,-0.6345048789260177,-0.6837610516739002,-0.7191892558790611,-0.7093101815401981,-0.6963056799296591,0
2019-03-02,-0.5398483552645519,-0.568583323947997,-0.5295740736151052,-0.5557391018399395,-0.5606405953938979,-0.5735002779665687,-0.6046459169682331,-0.6098390800008704,-0.6543752440258271,-0.6622062103348243,-0.6720793816677058,-0.6888469776474463,-0.6929891921482755,-0.7038504300080182,-0.7227235490543734,-0.7471273317983951,-0.8065004727525261,-0.8291578008555948,-0.7016615996721438,-0.7501172707485857,-0.7614917764472738,-0.7521203310648619,-0.7926212520505017,-0.804291733678223,-0.8112506398133706,-0.853668588855774,-0.8501897282339309,-0.7533037166009524,-0.7586588364329393,-0.767772457072406,-0.8035701602474526,-0.7911794296577623,-0.7934353253237147,-0.8027053736498595,-0.8008442121421142,-0.7979151950186067,-0.7857784761709251,-0.6876059936302042,-0.6729498074133385,-0.6225826857289969,-0.6810331786506291,-0.676622064097436,-0.6175217045620269,-0.7837279484432954,-0.635838921195857,-0.6840806863173036,-0.7191476752476471,-0.7081047794808862,-0.6965669040201853,-0.7089249472043506,0
2019-03-03,-0.5672185745141852,-0.5280536825577162,-0.5467169510346905,-0.5489114279218865,-0.5616271915637814,-0.5885557900094398,-0.5836473581689325,-0.6428320851547948,-0.6557244321960104,-0.6668561577001038,-0.6830690577122754,-0.6846959412136271,-0.6946616394467616,-0.7155096968281472,-0.7422949045135329,-0.8077969185858179,-0.8287233614646987,-0.6984649717726706,-0.7465740308791776,-0.7567770532563204,-0.7507860400575025,-0.7908926038675042,-0.8025053219662217,-0.8087489529883243,-0.8513656808803195,-0.8494160471679134,-0.7534443814397054,-0.7552476822075873,-0.7654735488256226,-0.803825160499092,-0.7911397353476586,-0.7958240124805369,-0.8056690084425081,-0.8034805037078719,-0.8011347726950041,-0.7892475581299742,-0.6911160909016717,-0.676144401646667,-0.6254285016984956,-0.6831701536814018,-0.6778110424440679,-0.6198118823958273,-0.7839166415569928,-0.6379488369459166,-0.6848653270124967,-0.7190466410266898,-0.7081945404670115,-0.6955476190987759,-0.7090363779050322,-0.7237725022960739,1
2019-03-04,-0.5274207691994811,-0.5448410024242685,-0.5401533656616536,-0.5498535494617289,-0.5760178874210463,-0.5686122787848011,-0.6143269895854001,-0.6441317892462615,-0.660253102565696,-0.6775914865287967,-0.6790161795177793,-0.6863210757306647,-0.7059786615820152,-0.734594285111198,-0.8017761549665576,-0.8298778844137048,-0.6992692747781255,-0.7425536603527269,-0.7531181059874257,-0.7462766061819135,-0.7890495488242844,-0.80064908466387,-0.8069058897699246,-0.8483108411714101,-0.8471666087949518,-0.7536503356449898,-0.7553681987021471,-0.7619468118043872,-0.8009992640479883,-0.7915074888065761,-0.7957383327176927,-0.8079993813592227,-0.8064416621131689,-0.8037698855961964,-0.7924854076652295,-0.6946262887242526,-0.679672127411598,-0.6286725715766718,-0.6858679674501764,-0.6799653803744016,-0.6214841067352475,-0.7850947337313127,-0.6394572080116632,-0.6865993233003637,-0.7194437872646624,-0.708223714847611,-0.6957861717550747,-0.7078349747815392,-0.7237076893560053,-0.7666122014934605,1
2019-03-05,-0.543904963603553,-0.5384135512775484,-0.5410590467519855,-0.5635955291635674,-0.556955034989161,-0.5977504486644636,-0.6155355621992206,-0.648494361894363,-0.670708439316032,-0.6736324089414228,-0.6806028849953712,-0.6973179444025367,-0.7245030432068191,-0.792596153087375,-0.8234246205025961,-0.7012505353130097,-0.7429400787035542,-0.7489777100364783,-0.7428000942137235,-0.78380638779232,-0.7986780065209722,-0.8049928474696803,-0.8459649441443948,-0.8441696707800651,-0.7526050135167172,-0.7555546724951092,-0.7619978947819908,-0.796869983404286,-0.788861641757311,-0.7960643734751834,-0.8077931547417883,-0.8087683520252451,-0.8067301194835489,-0.7951556068848211,-0.6980636051386302,-0.6831872958298362,-0.632273311356348,-0.6890491122572221,-0.6826710227176039,-0.6239419696765012,-0.7853610080597999,-0.6416007818726482,-0.687667281651703,-0.7209126465112774,-0.7087408012942854,-0.6959628542573164,-0.7079279327238722,-0.7222920099215522,-0.7660388722011336,-0.700952756853779,0
2019-03-06,-0.5375935717275746,-0.5393004477878809,-0.5542694985178599,-0.5453920083764985,-0.5848065314631111,-0.5988982979868809,-0.6195922439184788,-0.6585662290011035,-0.6668526198942675,-0.6751823913965157,-0.6913397142086389,-0.7153182796074165,-0.7808023314810354,-0.8137061907941271,-0.6973166977014279,-0.7446424427127684,-0.7493032394865496,-0.7388489417727627,-0.7796778314925925,-0.793250213678864,-0.8029647711129518,-0.843547705658476,-0.8418764082600372,-0.7509120008560025,-0.7544854060667303,-0.7621172368282276,-0.7965591031458586,-0.7849382245806039,-0.7933519177047809,-0.8080098492896892,-0.8085545119222577,-0.8090554344072267,-0.7981433616902738,-0.7011168282467819,-0.6866487262751,-0.6358090670780538,-0.6925569899411035,-0.6858554959454455,-0.6267844652066016,-0.7869357990277935,-0.643087662704196,-0.6894886478030915,-0.7216699805513703,-0.7102917277588173,-0.6966158161736864,-0.7079602764821974,-0.7222136642937479,-0.7640049406268534,-0.701158819151613,-0.697927827278327,0
2019-03-07,-0.5384644537152196,-0.5522369037834205,-0.5367700742322531,-0.5719879911564157,-0.5859036944451366,-0.6027511565652282,-0.6289579009439251,-0.6548518291944829,-0.6683621766841624,-0.6856707253305175,-0.7089144012075576,-0.7700248863518546,-0.8012927077361615,-0.6907347496533613,-0.7398586869970359,-0.7509649661986423,-0.7392704744600364,-0.7750503014125978,-0.7889575798686069,-0.7974547768289085,-0.8410137181483313,-0.8395119468889488,-0.7498040485298038,-0.7527664643645845,-0.760965455581187,-0.7963284812935313,-0.7847510117280135,-0.7893523419731135,-0.8051227845648697,-0.8087643003937636,-0.8088387519362995,-0.8005096070721661,-0.7044050183657244,-0.6897482540626029,-0.6393703734548795,-0.696066561920504,-0.6893682855686419,-0.6300271233565445,-0.7893801355612611,-0.6454291120774317,-0.6905681787790164,-0.7232640927098619,-0.7111452085799145,-0.698259713310037,-0.7084802823660005,-0.722076182228947,-0.7634323322486647,-0.700072468744075,-0.6981697961343855,-0.7110031430958828,0
2019-03-08,-0.5511673185694885,-0.5351004321297544,-0.5623373473110457,-0.5730356952826197,-0.5895864198034084,-0.6116462473092332,-0.625503944068252,-0.6563060200771832,-0.6785769605049311,-0.7028386603296548,-0.7623273782084409,-0.7899355990836908,-0.6819309551608248,-0.732218659755697,-0.746057371096799,-0.7409962738032062,-0.7751287077071988,-0.7841598491537433,-0.7930890927249664,-0.8347741110657988,-0.8370309160091721,-0.7486281088299508,-0.7516349417036069,-0.7591571594129567,-0.79474654279546,-0.7846399576194897,-0.7891193787449869,-0.8009235658221311,-0.8058662077349807,-0.8090459621392845,-0.8003775358040185,-0.7072180858703446,-0.6930727645293681,-0.6426616868052222,-0.6995008421591745,-0.6928792425367415,-0.6336257797688114,-0.7924535112068782,-0.6482191191231955,-0.6926537732228343,-0.7240563187007127,-0.7128096621093044,-0.6992221149773631,-0.7100332064098731,-0.7224397549399403,-0.7628048511817573,-0.7002574057806381,-0.6971271007762033,-0.7110899051687766,-0.7380139169194337,1
2019-03-09,-0.5343402769461424,-0.5601374186743134,-0.5633445271442594,-0.5765524075822037,-0.5980887241524898,-0.6083658303826345,-0.6268561713080045,-0.6661461569970732,-0.695297132247049,-0.7550154369241967,-0.7817672686440671,-0.6739505367741837,-0.7221971516659499,-0.7382631738511838,-0.7362839356662974,-0.7766255042436794,-0.7841519126621507,-0.7882155855900287,-0.8297600389536735,-0.8308676816949025,-0.7473396422468495,-0.7504353678075506,-0.7579444106609492,-0.7924724336723976,-0.7832049855148021,-0.7889640909182573,-0.8005706719738074,-0.801654379959964,-0.8061437523851556,-0.8006614955360082,-0.7080096826694945,-0.6959398494353511,-0.6461366295489694,-0.7025482350872443,-0.6963202418212907,-0.637160948056485,-0.7958023478279123,-0.6514394611076069,-0.6953284205413446,-0.7259614579518681,-0.7136908169073387,-0.7009662554350423,-0.7108890275177291,-0.7238856420241363,-0.7627170667483412,-0.7003809351772747,-0.6973469379180353,-0.7098585100266424,-0.7377800553550528,-0.7164295434793272,0
2019-03-10,-0.5589251753559805,-0.5611237087590797,-0.5667252160417912,-0.5846714377488335,-0.5949531627619983,-0.6096501165754167,-0.6360063463945529,-0.682253084187446,-0.7461130670496157,-0.7740054067262031,-0.668524868242153,-0.7130776207005535,-0.7280642358377759,-0.7287328175255153,-0.7712152957018277,-0.7855910839596583,-0.7881692077186963,-0.8242139469515096,-0.8259214800850436,-0.7428962952448078,-0.7491231866391328,-0.7566633906000312,-0.7908362459236611,-0.7810900248189696,-0.7874747490494187,-0.8002994293118252,-0.801293911546154,-0.8019272172380882,-0.7978818428879899,-0.7091314875897428,-0.6968431106892793,-0.6492274447100518,-0.705831852144211,-0.6993805369168343,-0.6407194045932968,-0.799267075997038,-0.6550051842889033,-0.6984997158291021,-0.7285547417341962,-0.7156518120115675,-0.7019481541251903,-0.712555193210305,-0.7246160627665039,-0.7638541197432056,-0.700984935700133,-0.6975050663548422,-0.7099274907974165,-0.7361588472817432,-0.7164518930241085,-0.720580162496026,0
2019-03-11,-0.5598936561870683,-0.5644342793536831,-0.5745302091162311,-0.5816772238894495,-0.596180737881422,-0.6183405520138747,-0.6509839026113056,-0.7312052465575194,-0.7646077524315872,-0.6633839106298027,-0.7067267264497686,-0.7187787277014319,-0.7188136324200518,-0.7627953854368815,-0.7800052664397403,-0.7895827232111087,-0.8238263667607344,-0.8204457914095596,-0.7394785129704982,-0.744645639037162,-0.7552694862366008,-0.7891306396011225,-0.7795985081225475,-0.7853009118835698,-0.7986675618471163,-0.8010153454208928,-0.8015639209864968,-0.7938054361196409,-0.707689743890137,-0.6980662047299896,-0.6505931998330433,-0.7086381183669322,-0.7026742741434443,-0.6440052455724435,-0.8024838038334214,-0.6585310666001445,-0.7019930580188276,-0.7316914442505179,-0.7182702800496406,-0.7039724260933976,-0.7134385126040518,-0.7261904850483546,-0.7642227224014798,-0.7025953317662893,-0.6981409373996882,-0.7099360642228002,-0.7359161914255063,-0.715142185388855,-0.7205532433091979,-0.7323681514141048,1
2019-03-12,-0.5631444484340533,-0.5720773903723242,-0.571651808869372,-0.582849461322644,-0.604487424024406,-0.6325655787588728,-0.6965036814718948,-0.7490216036769788,-0.6568714164543835,-0.7007016175451498,-0.7122930211852478,-0.709789819691489,-0.751876331900519,-0.7713667372220547,-0.7839187213783004,-0.8250121635743456,-0.8200939268281152,-0.735588281926698,-0.7411974635749687,-0.7506740794243477,-0.7873107047927099,-0.7780379648238243,-0.783755874577349,-0.7963393851489395,-0.7993744763396027,-0.8012826207682779,-0.7935263185391521,-0.7051430649177772,-0.6967862040618438,-0.6522358149945038,-0.7094156555960942,-0.7054955915784544,-0.647475895911448,-0.8051134443634178,-0.6620444737428914,-0.7054985315161726,-0.7351337359257634,-0.7214176899816381,-0.7066194243684556,-0.7154008672827975,-0.7269578181885131,-0.7655324371207362,-0.7035184848744327,-0.699773140373648,-0.7104341743281384,-0.7356158165513541,-0.7151485591005587,-0.7191836349478246,-0.7322013062885473,-0.7373558215537819,1
2019-03-13,-0.5706495492413725,-0.5692586905435089,-0.5727787051685491,-0.590781691528788,-0.61808430687142,-0.67579827055101,-0.7130708073538532,-0.6452367056444335,-0.6932158264651379,-0.706139084864518,-0.70351667102628,-0.7419171902823499,-0.7601960812791319,-0.7751828590242746,-0.8186542046285848,-0.8213035602656469,-0.7360407200402276,-0.7372757051155174,-0.7471211655327311,-0.7821008872027818,-0.7763635864551106,-0.7821416656601788,-0.7946540482309399,-0.7970365518814895,-0.7996383910834642,-0.7933264064095084,-0.7057828936220668,-0.6944244575628975,-0.6516257245548409,-0.7105247072952661,-0.7063042425852432,-0.6505603271978239,-0.8080693858460276,-0.6652438091619776,-0.708912928640285,-0.7386248150299572,-0.7248757831973882,-0.7097789643038103,-0.7180199483250672,-0.728847322332723,-0.7659651147446124,-0.7052339109286773,-0.7007218416122407,-0.7119721165269551,-0.7358293423582565,-0.7150950655454843,-0.7191421209196648,-0.7306615765325468,-0.7371297717215337,-0.7148593510279478,1
2019-03-14,-0.5678817461427079,-0.5703622140750432,-0.5804041235440441,-0.6037656424054658,-0.6594079441479158,-0.6915330009267845,-0.6165630050673007,-0.6802481143099119,-0.6985114771899665,-0.6975658562734144,-0.7348843358950753,-0.7500015776950503,-0.7639001851111143,-0.8090544218819322,-0.8150182418024567,-0.7377871456875981,-0.737712149370323,-0.7430907599642059,-0.7780019623569057,-0.7713636868331688,-0.7804134391353331,-0.7928991595744632,-0.7953423539353773,-0.7972968274616413,-0.7917822146903013,-0.7064714640574444,-0.695175379894317,-0.6500299347366867,-0.7090625986776083,-0.7074415171166165,-0.6519128856125234,-0.8103883168949989,-0.6686466064875498,-0.7119221412554716,-0.7419693801128076,-0.7283713177627803,-0.7132549584533774,-0.7211676188838155,-0.7314335565667899,-0.7676444230036003,-0.7061795075448989,-0.7024559587812677,-0.7128103854841207,-0.7371725621875838,-0.7155360033403866,-0.7190411527274102,-0.730484058659045,-0.735518061120794,-0.7149003390915021,-0.7214576229835616,1
2019-03-15,-0.5689653435583695,-0.5778294749235324,-0.5928858663866631,-0.6432264572466784,-0.6744478656457075,-0.5998741182118819,-0.649119515400838,-0.6853495368291315,-0.6901618501419323,-0.7282075417597808,-0.7427775543679007,-0.7536008940965265,-0.7967774862767377,-0.8055088905724666,-0.7331376648032839,-0.7394479007046247,-0.7434720875379456,-0.773405169531769,-0.7674513106517711,-0.775335881008289,-0.7910297748036866,-0.793578580242734,-0.7955993213983673,-0.7895489811739059,-0.706019348461878,-0.6959713611244549,-0.6512409866728376,-0.7064926350256415,-0.7060244759890884,-0.6535435302415656,-0.8101584377157797,-0.671630123446834,-0.7151758105347336,-0.7448444985861096,-0.7317374977860432,-0.7167555404327233,-0.7246260967212412,-0.734567261875478,-0.7701358842346838,-0.7081809783154774,-0.7034251855673493,-0.7144637099528005,-0.7377827019417479,-0.7170348262771132,-0.7194383597869897,-0.7302482598560502,-0.7352829980355507,-0.7136132920925554,-0.7214202881538898,-0.7093521319153878,1
2019-03-16,-0.5762977694888282,-0.5900523360257011,-0.6308203709058485,-0.6575883962376659,-0.5868364247321816,-0.6307948654630503,-0.65386324098325,-0.6773061484594605,-0.7200043585056788,-0.7359180780375417,-0.7462917588783184,-0.7855481112074387,-0.7933360300574509,-0.725664798850321,-0.7347658905806409,-0.7451710539587896,-0.7734991688365043,-0.7630480282049048,-0.7713544917235767,-0.785748641677064,-0.7917002802143197,-0.7938322306255551,-0.7879499506697206,-0.7049687131809784,-0.6956512692387472,-0.652481843885637,-0.7071184760323334,-0.7035060412490317,-0.6529143247163667,-0.8103536773863464,-0.6727740723573796,-0.7179375369546948,-0.7479929874399267,-0.7346541220901092,-0.7201462071582589,-0.7281217397359931,-0.7380051304014545,-0.7732292955617637,-0.7108176959993211,-0.7054414983597385,-0.7153307948787043,-0.739269126169843,-0.717827264618587,-0.7209072606498409,-0.7305212691944487,-0.7349901504334966,-0.7136377818894369,-0.7200380164957567,-0.7094584918425797,-0.6780868292805617,0
2019-03-17,-0.5882999246978655,-0.6272000473320416,-0.6446268024696712,-0.5739263791521834,-0.616391784131706,-0.635300248204012,-0.6463838316548259,-0.7060541252629612,-0.7275137934373973,-0.7393509491101383,-0.7774835302992513,-0.7822040122358901,-0.7158356719878741,-0.7272525283592736,-0.740376944324666,-0.7750063721594104,-0.7632401953292259,-0.7668796207088406,-0.7815863405597113,-0.7864062897193027,-0.7919506022342893,-0.7862816022655078,-0.7044447026073838,-0.6947436011035829,-0.6527085702018534,-0.707793522472189,-0.7041628369800103,-0.6512966792422636,-0.8074323525466812,-0.6742154904931951,-0.718623001765235,-0.750598284376214,-0.7378351671829746,-0.7231098517594478,-0.7314884458835663,-0.7414949623380108,-0.7766076999741071,-0.713972865006877,-0.708084908006062,-0.7172829527485726,-0.7399252081095341,-0.7194470592248711,-0.721664643445908,-0.7319051897028443,-0.7352106099035796,-0.7136022481414739,-0.7199863787729389,-0.7082509236930328,-0.6785643150080272,-0.694573850020049,1
2019-03-18,-0.6247768668010616,-0.6407201220082309,-0.5642007601290846,-0.6021494166603913,-0.6206982197123179,-0.628196632888276,-0.6731160837848096,-0.7132881371829075,-0.7308571305309527,-0.7698208120610671,-0.7742185081733055,-0.7068961044198121,-0.7173767954800127,-0.7327240272936345,-0.7696278775880636,-0.7648129159270831,-0.7670354709509467,-0.7769238063565752,-0.7822325625914675,-0.7866518116550717,-0.7844990521041229,-0.703854286790918,-0.6943495522756361,-0.6523930459902981,-0.7073247838913357,-0.7048678119731331,-0.6524946019315718,-0.8031939617436651,-0.6732841195774051,-0.719648535980535,-0.7509603790770305,-0.7404888833535744,-0.7263277785146023,-0.7344060804715453,-0.7448334769912933,-0.7800807651877668,-0.7174424087304268,-0.7112429221889801,-0.7198974362593675,-0.741744835788464,-0.7202717541514077,-0.7232587912744659,-0.7325630127997175,-0.7365585739838412,-0.7140597294134384,-0.7198753742178867,-0.7083389529945453,-0.6778079601167074,-0.6948556313003982,-0.6955667658348921,1
2019-03-19,-0.638052812043752,-0.5619621827587906,-0.5913321548610074,-0.6062617230368872,-0.6139082834282066,-0.6535857548518252,-0.6798428677904153,-0.7165088509392812,-0.7605322977263044,-0.7666313562470074,-0.7006913825199901,-0.7083936302218861,-0.7226876847073074,-0.7612474486474515,-0.75963408077416,-0.7685839536349184,-0.7769844550586581,-0.7775581759764323,-0.7824738188166563,-0.779343149745662,-0.7031533356861439,-0.693889450322949,-0.6525372750834164,-0.7062561477470868,-0.7044358599987087,-0.6537227651413542,-0.802817536245231,-0.6713209866188797,-0.7180530628814825,-0.7516925892075742,-0.7409510700111285,-0.7290363469009496,-0.7375879180083633,-0.7476969771995945,-0.7833379388305006,-0.7209411719236344,-0.7147166646991548,-0.7230431521174854,-0.7442995641610082,-0.7221972870203179,-0.7240510623610609,-0.7340843223527307,-0.7371742719190573,-0.7155698719664294,-0.7202633363932255,-0.708366410628877,-0.6782567126436723,-0.6938613397278567,-0.6958367609930761,-0.684939102956252,0
2019-03-20,-0.5607169900202155,-0.5885308497709063,-0.5952854007696686,-0.5997778693359608,-0.6381762811701661,-0.6599745596076062,-0.6828377544484358,-0.745095624134538,-0.7574260272879753,-0.6948059567979483,-0.7021534968053463,-0.713554276782918,-0.7503738330573063,-0.7515022116363608,-0.7633312550956776,-0.7784694001648392,-0.7776128119496717,-0.7777950073011789,-0.7752921379704093,-0.699557289261295,-0.6933192563301951,-0.6526169094610705,-0.7057157738082446,-0.7034070597000669,-0.6539338886554963,-0.8025235420239951,-0.6723113662138677,-0.715330613999165,-0.7496287229933257,-0.7417740720260136,-0.729611923736674,-0.7402428127404473,-0.7508363529479579,-0.7860452449363178,-0.7243230151060503,-0.7182166117978737,-0.7264987452923443,-0.7474198743406534,-0.7247997658655956,-0.7259562299366852,-0.7347845079300614,-0.7386647625347195,-0.7163755719328694,-0.7217259115881642,-0.7088819157137733,-0.6786417817313672,-0.6941198733604546,-0.6948281399005171,-0.685335250735984,-0.6830398628220462,0
2019-03-21,-0.5868059116328539,-0.592402102067444,-0.5890523369439655,-0.622951893419439,-0.6442829712561686,-0.6628189717528218,-0.7094201060991859,-0.7421032821565101,-0.6874739326245901,-0.6962342316237731,-0.7071921111972381,-0.7404571964552653,-0.7409146565353827,-0.7551074320251105,-0.7730230751989934,-0.7790937441562029,-0.7778473985223167,-0.770745046259169,-0.6968924810777856,-0.6899117846417978,-0.652588287652284,-0.7051089502916577,-0.7029028978294439,-0.6536014683267177,-0.8008637095371071,-0.6733388665298025,-0.7158648532605777,-0.7463707264800461,-0.7398551863836011,-0.7305377802493375,-0.7407074357133784,-0.7534280964271759,-0.7890621055477756,-0.727269716404113,-0.7216041985040097,-0.7299935749368978,-0.750837974915096,-0.7279403777831782,-0.7285495264899342,-0.7366318369397752,-0.7393259853892274,-0.7180050687972084,-0.7224758834761621,-0.7104317601561623,-0.6794866966389455,-0.6943163644734809,-0.6950752177733701,-0.6844800054943104,-0.6834585549866176,-0.7228257686121539,0
2019-03-22,-0.590607261458235,-0.5862983171759316,-0.611330009740633,-0.6287833008815665,-0.6470017808162785,-0.6880657248081642,-0.7066375784534131,-0.6747168155020422,-0.6888649560868721,-0.7011562313368285,-0.7334588660780238,-0.7312656157803799,-0.7444140497280584,-0.7645582029117337,-0.7736351901528872,-0.7793268325796452,-0.7708642589401883,-0.6937833239781267,-0.6874145579453658,-0.6499618582359536,-0.7043915356777791,-0.7023323844939916,-0.6537303383044414,-0.7985052497980609,-0.6733033457496176,-0.7164513346178446,-0.7465832486967109,-0.736762956614672,-0.7287831373034165,-0.74153264767271,-0.7537621735011572,-0.791471638510851,-0.7304743532138142,-0.7245619287347905,-0.733356335152144,-0.7543222330064312,-0.7313884387835572,-0.7316862344359798,-0.7391990552728258,-0.7411488420576352,-0.718842029766115,-0.7240646094546306,-0.7112839733219318,-0.6812619346169522,-0.6949875728719048,-0.6952603519495466,-0.6848496999583854,-0.6826307191175358,-0.7227721936025218,-0.7296203146241904,0
2019-03-23,-0.5846136914570582,-0.6081139324875585,-0.6169358633859627,-0.6313795496077413,-0.6711336963279093,-0.6854230019495752,-0.6439760552071369,-0.6760568204955698,-0.6936585833065161,-0.7268150632955056,-0.7244846357902106,-0.7346660127144127,-0.7535874038479309,-0.7651550937045732,-0.7738637130690075,-0.7723882896889597,-0.694632000922447,-0.6844792362202249,-0.6481587235896349,-0.7007717459792953,-0.701651403566326,-0.6537945719527398,-0.7967923846193922,-0.6727038367985791,-0.7158737364871351,-0.7468586781569698,-0.7370750591189279,-0.7258786980552171,-0.7396172909691657,-0.7544689692705667,-0.7914290510762371,-0.7331631561419355,-0.7277752163909732,-0.7362663926107746,-0.7576337070623517,-0.734881144628148,-0.7351285341241768,-0.7423246757225173,-0.7437050263151465,-0.7207752668906217,-0.7248500259881362,-0.7129474994295959,-0.6823782101386643,-0.6966439548791352,-0.6959210990315928,-0.6851563929760763,-0.6830223260522853,-0.721370177198783,-0.7294860869064855,-0.7248981917373205,0
2019-03-24,-0.6060353863255651,-0.6136035160601337,-0.6194316914481128,-0.6544236258926207,-0.668607669927432,-0.6259098323002039,-0.6452221029407658,-0.6806746321900575,-0.7186481977868124,-0.7180485343520344,-0.7278046246186136,-0.7435798567743769,-0.7541667735818177,-0.7653779329338999,-0.7670610755480696,-0.6966428766567477,-0.6854160998542509,-0.6459433963793161,-0.6980858377630946,-0.6980841576466807,-0.6537504970307145,-0.7950098931172243,-0.6725899146060241,-0.7146872174327208,-0.7458987513646649,-0.7374467677097628,-0.7263036110881133,-0.7365290960905656,-0.7523645202593339,-0.7917941802261244,-0.7336978739385251,-0.7304768852819645,-0.739442286817949,-0.760445282887035,-0.7382336015756521,-0.7386196154877324,-0.7457506129635995,-0.7468259554833246,-0.7233812194263468,-0.7267508882444568,-0.713827481738286,-0.684234925325834,-0.6976209833387034,-0.6975703230461855,-0.6859291126363274,-0.6833507425131365,-0.721302754504689,-0.7279860132640221,-0.7248200166238667,-0.7443350960895103,0
2019-03-25,-0.6114258455249535,-0.6160475785699294,-0.6415844427150794,-0.6520114698811278,-0.611722462603551,-0.6270932738496731,-0.6495161270854769,-0.7047477043544844,-0.7101103119243338,-0.7212916847084186,-0.736507685840972,-0.7441428363992169,-0.7543830716158021,-0.7587444865894786,-0.692799289341693,-0.6874858314500838,-0.647245513248159,-0.6949547932094623,-0.6954449437266521,-0.6511017815091671,-0.7931128116127197,-0.6724106982633544,-0.71403968412724,-0.7442982124532145,-0.7366051821701131,-0.7267843904587183,-0.7368436224557771,-0.7490601225072704,-0.7891441425619532,-0.7345866678412013,-0.7310381995214196,-0.7420883423389009,-0.76354393031809,-0.7411238743076508,-0.7419641915315058,-0.7492370807106405,-0.7502449695342467,-0.7265233082288503,-0.7293422436177497,-0.715787740406318,-0.6853591461840707,-0.6993758248162962,-0.6985389654782016,-0.6876549521418862,-0.6841434724820402,-0.7211761011471169,-0.7278401985395814,-0.7233880915126495,-0.744026200782275,-0.7728352436353257,1
2019-03-26,-0.6138257760598715,-0.6377408633284071,-0.6392655868200058,-0.5976905828209652,-0.6128536461431587,-0.6311715498660143,-0.6719012653176877,-0.6965229619255388,-0.7132688764777865,-0.7297933205764232,-0.7370573528655422,-0.7443530154591571,-0.7479443426398747,-0.686329695602207,-0.6838216033512527,-0.6495590151213929,-0.6957923666478516,-0.6923623360296469,-0.649278841778012,-0.7877917349282851,-0.6721223452820551,-0.7133254109066101,-0.7432743217470416,-0.7351327938092944,-0.7260768689953524,-0.7372176745548613,-0.7492447703229462,-0.7852159339529805,-0.732772841649678,-0.7319511186509694,-0.7425346929465046,-0.7660751006476888,-0.7442842498207554,-0.7448393310523894,-0.7525592745493822,-0.7537294851928115,-0.7299735487520576,-0.7324781262457514,-0.7184058764004513,-0.6874728101767708,-0.7003712522296465,-0.7002876717043773,-0.6887133543222941,-0.6858830037293306,-0.7215496486016331,-0.7276358293990314,-0.7232967582502509,-0.7423137669855978,-0.7721880455075677,-0.7670336134381323,1
2019-03-27,-0.6351273492749102,-0.635470102435573,-0.5870457848731441,-0.5987707738968189,-0.6167518350327843,-0.6524319734915659,-0.6642532179501257,-0.6995656800311431,-0.7215487780389894,-0.7303302659996658,-0.7372625618880483,-0.7380964352284369,-0.6776552065247411,-0.6775752973072295,-0.6466376602853936,-0.6977958318941321,-0.6932244814865769,-0.6470429703870683,-0.7835939370050333,-0.6691213378665003,-0.7125001811103658,-0.7421826714236236,-0.7342253960860387,-0.7247496572725214,-0.7363789695325176,-0.7494932494383381,-0.7850258427655054,-0.7298007339282524,-0.7301758167087574,-0.7433433303224879,-0.7662839612626073,-0.7469072251793069,-0.7479878364154555,-0.7553914349087953,-0.7570422087939687,-0.7334668691430205,-0.7359192079653091,-0.7215531451596255,-0.6901601134777572,-0.702404021538585,-0.7012753426497582,-0.6905277291406725,-0.6869574466252306,-0.7230023607485767,-0.727937789822289,-0.72314640058844,-0.7419981805658694,-0.7700643044996891,-0.7664552818962818,-0.7242862785025916,0
2019-03-28,-0.6328975910824056,-0.5843333826659708,-0.5880841950887831,-0.6024932368775178,-0.6370734480952104,-0.6451681931540971,-0.667082589495659,-0.7075419002307123,-0.7220717191902235,-0.730530725624343,-0.7311539290216603,-0.6697957471428657,-0.6691577837610695,-0.6413161712782143,-0.6939296616232165,-0.6952443461160933,-0.6483346651925824,-0.7788945813089311,-0.6669853254481232,-0.7087249029700986,-0.7409787809179791,-0.7332505543714259,-0.7239742297946189,-0.7349097004548786,-0.748500196697014,-0.7849120057409354,-0.7301849967930396,-0.7272477565400902,-0.741401506577432,-0.7668771750955715,-0.747305864610778,-0.7505931579051071,-0.7585062283853824,-0.7598561840429456,-0.7368223074616159,-0.7394099459058919,-0.7250110300386347,-0.6933367896219726,-0.705054851089872,-0.7033032401500109,-0.6915984213507719,-0.6887835568954475,-0.7237407774707034,-0.7293415196591473,-0.7234981130860982,-0.7416255042623536,-0.7694198978133324,-0.7644152686071103,-0.724215366929542,-0.742868813432707,1
2019-03-29,-0.5826842373982242,-0.5853502553890244,-0.5916626764083414,-0.6218987748016268,-0.630130419301979,-0.6478554062965008,-0.6744995402910692,-0.7080456615064747,-0.7222669505533508,-0.7245634721540425,-0.6644683256008264,-0.6615387126452144,-0.6339630036598991,-0.6874319539329835,-0.691428151844971,-0.6506412113730897,-0.7789365504667399,-0.664424697971148,-0.7059008162004623,-0.7366574074841059,-0.7321638697861922,-0.7231317158853159,-0.7340051382606188,-0.7468637860289973,-0.783473613021947,-0.7306264735773802,-0.7276584798869757,-0.7382830500213642,-0.7645913533304243,-0.7480712239080184,-0.7509553033624938,-0.7610614119052235,-0.7629567135283878,-0.739718305135789,-0.7427528558893497,-0.7285065058606236,-0.6968380726467084,-0.7082160199424188,-0.7059518731029266,-0.6936784641986453,-0.6898690856053254,-0.7253210496434401,-0.7300225505997111,-0.7249358850042223,-0.7417724304097589,-0.7687212378050059,-0.7638377981913556,-0.7227922728015915,-0.7425773232128552,-0.7504715467358951,1
2019-03-30,-0.5836827486426791,-0.588854516026114,-0.6103176248436817,-0.6152687298272764,-0.6326989713994342,-0.6548997012338172,-0.6749679792886741,-0.7082337323827593,-0.7164553312259717,-0.6594212534062739,-0.6564065425737994,-0.6273395770349425,-0.6787251092999851,-0.6849926602262466,-0.6476986595388095,-0.780409028831342,-0.6655516440063486,-0.702626436478932,-0.733348019962574,-0.7280115278888111,-0.7221778092038336,-0.7330331397575794,-0.7458072867393709,-0.7813549481773386,-0.7298706434383614,-0.7281255399697046,-0.7385793974294089,-0.7610795790274922,-0.7460602917767932,-0.7516875595335468,-0.761319912445948,-0.7654906829415119,-0.7428831711646244,-0.7456247961778416,-0.7318724008998851,-0.7003457851714607,-0.7116944179774581,-0.7091121080429499,-0.696350608416686,-0.6919584472035342,-0.7260957784856159,-0.7315608391043203,-0.7256567983316327,-0.7430700804603747,-0.768567887679409,-0.7632054970291572,-0.7227079994841519,-0.7408860504515529,-0.7500898104527197,-0.7348677592503087,1
2019-03-31,-0.5871237335076555,-0.6071225452964111,-0.603944024297065,-0.6177214945258315,-0.6394322067542418,-0.6553446040719637,-0.6751428631811133,-0.7026352654047879,-0.6530121107582776,-0.6515460538653852,-0.6230161030545862,-0.6708353828500698,-0.6763574183208346,-0.6423507819858026,-0.7749247123224233,-0.6677482367364479,-0.7033912959831732,-0.7295702287996553,-0.7248523543184232,-0.7182169563797401,-0.7319493080547897,-0.7446829394828595,-0.7798600642902338,-0.7284911187372044,-0.7274011554779432,-0.7389358732166234,-0.7611396504894727,-0.7428628186184488,-0.7496237668388582,-0.7619581538970084,-0.7657053298054507,-0.7455128250382534,-0.7487707921350583,-0.7347884779668314,-0.7037710445703951,-0.7151956777653028,-0.7125891278503185,-0.6995208394785447,-0.6946347930545059,-0.7279899278427588,-0.732282490255799,-0.7272242649505396,-0.7436268324228554,-0.7696600783715785,-0.7631132726184412,-0.7225646408648182,-0.7405873812584243,-0.7482888168898876,-0.7346712432474398,-0.7429669504609185,1
2019-04-01,-0.6050619004255828,-0.6008811385326055,-0.6063019181701702,-0.624151203310675,-0.6398574637240192,-0.6555107011315383,-0.669936944454398,-0.6415189474293079,-0.6453423072068473,-0.6189284092214865,-0.6654833773728656,-0.6685346727832242,-0.6349672445319695,-0.7664125436414883,-0.6644706092754952,-0.7053462318963538,-0.7300797076674808,-0.7212303828639361,-0.715227954192139,-0.7278010805152948,-0.7434462408291079,-0.7782961446777673,-0.7276681370750989,-0.7260556829514977,-0.7380755643144845,-0.7612676830454675,-0.7431116987494472,-0.7463658543857937,-0.7597442342613011,-0.7663037922564752,-0.7459252702568608,-0.7513723815133428,-0.7379690938192226,-0.7068011153388712,-0.7185896327677775,-0.7160899990279572,-0.7030126111297617,-0.6978068104955519,-0.7305782565078309,-0.7341433017128063,-0.7279828044206166,-0.7450741979282661,-0.7699761220897298,-0.7642472876280583,-0.7229228004528021,-0.7402314762453728,-0.7479024312108061,-0.7330954397579068,-0.7426742953336434,-0.7226583583875582,1
2019-04-02,-0.598933193564254,-0.6031901277232988,-0.6124829313584979,-0.6245572901812968,-0.6400162263260695,-0.6505663475902724,-0.6131059252649769,-0.6341304487181277,-0.6135753754065598,-0.6604128126211948,-0.6632370714657893,-0.628315408384665,-0.7553873124878725,-0.6587055897096012,-0.7013321717989701,-0.7318642023561969,-0.721818909073625,-0.711782504658867,-0.7246455632682614,-0.7390775522795433,-0.7766183785111512,-0.7267779401383679,-0.7252636558142647,-0.736582900612998,-0.76012658371677,-0.7434222808334457,-0.7465784270995618,-0.7563146708488229,-0.76402635172114,-0.7467031525726311,-0.751726811972036,-0.7406221716023518,-0.7100711452839024,-0.7215595916434233,-0.7194820687516535,-0.7065176417922208,-0.7013012184078369,-0.7337128522912507,-0.7367165990041401,-0.729866785293351,-0.7456809000282687,-0.7712473844774301,-0.7646123311002203,-0.7243649836919704,-0.740393851080917,-0.7474595663964105,-0.7328890826752799,-0.7409816062825719,-0.7226067705729423,-0.49895211619686647,0
2019-04-03,-0.6012004897734675,-0.6092429415509989,-0.6128733111388134,-0.6247088959463288,-0.6352902038686108,-0.5965907352663622,-0.6062354866334388,-0.6035286304198216,-0.6539778087508894,-0.6582184956582107,-0.6239688592305077,-0.7453288468088797,-0.6508419752404649,-0.6946503532543875,-0.7273307342740128,-0.7236561600164054,-0.7124605804434662,-0.7210273845855819,-0.7357261170394357,-0.7716135930892195,-0.7257761882408964,-0.7244044972705428,-0.7356570719512685,-0.758329854890331,-0.7425055618007309,-0.7468539053829093,-0.756424128477773,-0.7605241602827394,-0.7447122177616591,-0.7524520699856752,-0.7410830385890766,-0.7128572040878411,-0.7247824711732809,-0.7224484074432773,-0.7099298905753997,-0.7048069924002829,-0.7371520349412855,-0.739844804002443,-0.7324505291978691,-0.7474695124135294,-0.7716314488892659,-0.765919441904631,-0.7250910651526397,-0.7417020716555445,-0.7475418391757378,-0.7326246934440529,-0.7406818048341197,-0.7212071701929276,-0.5015559691156704,-0.5524367965719891,1
2019-04-04,-0.6071440090856992,-0.6096252245295907,-0.6130190529234645,-0.6201959171908198,-0.583698028295225,-0.5900654936402163,-0.5777793789922692,-0.6424492265852155,-0.6518407225795135,-0.6198591146217735,-0.7382153180639698,-0.6437410501052772,-0.6857316206151214,-0.7200022948622515,-0.719283463013491,-0.7143575968383662,-0.7216178348685007,-0.7319047090007288,-0.7676968750238384,-0.7217463342064195,-0.7234338893397524,-0.734663749361429,-0.7571276212250169,-0.7409518121369757,-0.7458940386013815,-0.7565999100143476,-0.7605899884144893,-0.7415376089818458,-0.7503771023179039,-0.74190484355072,-0.713592968659602,-0.727498405568905,-0.7256684473823052,-0.7129349778646077,-0.7082228473271717,-0.7406422374131543,-0.7432745554084746,-0.7355831757103825,-0.750010256627838,-0.7732802233705595,-0.7663488275391946,-0.7266623127985826,-0.7422712076354568,-0.7487952511672026,-0.7328713670266868,-0.7403247773331236,-0.721141678993209,-0.5033848429200759,-0.5544057749450886,-0.6085538584097193,1
2019-04-05,-0.6075193892527877,-0.6097679435082648,-0.6086806322982257,-0.5709294580469952,-0.577460926071824,-0.5630391292322885,-0.6139709759472204,-0.6403905221716003,-0.6144818067353653,-0.7314614310246299,-0.6390297357037261,-0.677643683113133,-0.7103393844457356,-0.7121551705723899,-0.7101670309668352,-0.7234563699391692,-0.73239206102641,-0.7632890886604505,-0.7186960124292288,-0.7194489503788668,-0.7335585210403087,-0.75585714474035,-0.7399704543657422,-0.7442935646749973,-0.75551750122576,-0.7607235868025762,-0.7418002243249256,-0.7471064127121309,-0.7399840463997538,-0.7146641290196192,-0.7280892093757355,-0.7283801585992772,-0.7161854113310636,-0.7112348592707008,-0.7439825496578302,-0.746762098611667,-0.7390194817108019,-0.7531246212597321,-0.7757579175490603,-0.7680260681119379,-0.7274256324175244,-0.7437276333377276,-0.7493001755291724,-0.734237267704779,-0.7404861182013516,-0.7210169404680129,-0.5059003610321611,-0.5554627708252927,-0.6098567153085834,-0.4394695315681274,0
2019-04-06,-0.607659531181834,-0.6055195053395169,-0.5613197573503568,-0.5649735172778769,-0.5516279826810837,-0.5974123225074723,-0.6120566219103418,-0.604401816631143,-0.7231733818821563,-0.6345714192186154,-0.6721306839233322,-0.7015553043788313,-0.7027226036775718,-0.7032654770310358,-0.7190875862282451,-0.7341617882444142,-0.7634789709478111,-0.715186954952099,-0.7164385434649616,-0.7293794358166672,-0.7544738198159832,-0.7389214522159245,-0.7432697330423451,-0.753784327794107,-0.7595893287024805,-0.7421240862890037,-0.7473113098662062,-0.7368896310652298,-0.7131415138042835,-0.7290288780411892,-0.7289622322760069,-0.7189423252916307,-0.7144907242800811,-0.7468495016695011,-0.7500895098498186,-0.7425088730718341,-0.7565339476522008,-0.7788454756336967,-0.7705165970658058,-0.729312615683984,-0.7443457897567082,-0.7507096237540228,-0.7348739794648496,-0.7417936312999625,-0.7213922517491276,-0.5083343667907049,-0.5573612097860087,-0.6101038433743069,-0.44277945543338976,-0.4821764571391106,1
2019-04-07,-0.6034878062582592,-0.5591409343767848,-0.5555941872390636,-0.5403050935105107,-0.5844833361660804,-0.5955941529089144,-0.5785913399214511,-0.7091069185940807,-0.6288103942791736,-0.6669062726062729,-0.6954768746802359,-0.6941539989109365,-0.6940938571075528,-0.7119641655186814,-0.7295833173043414,-0.7650501666438014,-0.7158327624252376,-0.712970890413399,-0.7261964961444756,-0.7498936704142247,-0.737760354946941,-0.7421781419525018,-0.7526398680320853,-0.7578000081735933,-0.7412236901876896,-0.7475793670400975,-0.7372004206448014,-0.7105023685952171,-0.7272962909631946,-0.7298939819738608,-0.7196178418143816,-0.7172557162974884,-0.7499915849347023,-0.7529316888580367,-0.7458452503451062,-0.7600157317425157,-0.7822152420842429,-0.7736096120230356,-0.731897713306103,-0.7461415965571214,-0.7512683890781451,-0.7363798438791209,-0.7423619384283144,-0.7228461707669229,-0.5110666369803435,-0.5591834596148237,-0.611354832099679,-0.4454667674602423,-0.48497944070333454,-0.45070910768149663,0
2019-04-08,-0.5579466843871037,-0.5535341173574413,-0.5318799168508351,-0.5716793651347433,-0.5827454526829235,-0.5638102941517422,-0.6759548241102952,-0.6182048755870295,-0.6603019104064777,-0.6897121345494553,-0.6882505855305553,-0.6857693556983218,-0.7025372053627281,-0.7221988529799004,-0.7598666844566396,-0.7177082429253497,-0.713637702352631,-0.7225498716732387,-0.7463543153883807,-0.7335006968813611,-0.740974310881908,-0.7514273219832255,-0.7566045088896445,-0.7396876164619526,-0.7466103786204341,-0.7375708598353347,-0.7110866504859416,-0.7244170697795516,-0.7281487495315885,-0.7206343520898586,-0.7179479317318856,-0.7525873551656582,-0.7560543407371527,-0.7487046462750103,-0.7633152035876086,-0.7856858717060307,-0.776987431489914,-0.7350309353693575,-0.7486855845853039,-0.7530268925527481,-0.7370605029992963,-0.7438177577394568,-0.7235860014122997,-0.5141332683859269,-0.5613522176170275,-0.6125352169103728,-0.4486685655049459,-0.4870504167471065,-0.4538856153848068,-0.46007253472612153,0
2019-04-09,-0.5524411086031416,-0.5303117006845972,-0.5620406586780059,-0.5700198234568025,-0.5523650947620312,-0.656281866050992,-0.5914265684558241,-0.648541379613434,-0.6825129642365514,-0.6826530920518951,-0.6800642113112928,-0.6939738454309878,-0.7124714650664387,-0.7517290301376398,-0.7134520478860642,-0.7155272012488536,-0.723125891406933,-0.7423379746819757,-0.7302461542101455,-0.7366530231638242,-0.7501021245386567,-0.7553407850324644,-0.7387223266883627,-0.7450000269639809,-0.7367277140154774,-0.7117215155239391,-0.72485713194342,-0.7252550699909331,-0.7190244691570943,-0.7189795893349227,-0.7529297563171775,-0.7586212116583796,-0.7518408027198167,-0.7661037323105241,-0.7889312294736301,-0.7804603317701724,-0.7384680907426439,-0.7518013283670872,-0.7555540612782855,-0.738895567513888,-0.7444351475307892,-0.7251673080169614,-0.5167624905411794,-0.5640332745936044,-0.6141127280724196,-0.4517829310152356,-0.4897594839162752,-0.4564107205775072,-0.4631378965564547,-0.5107112412831185,0
2019-04-10,-0.5296380147197495,-0.5598468836105839,-0.5604453066424501,-0.5410089774195884,-0.6407533384070169,-0.5760006319169511,-0.6196359648915885,-0.6699378001993107,-0.6756380312349966,-0.6746561848817384,-0.688074692082693,-0.7036270693982419,-0.7411348170342598,-0.7064687909526068,-0.7113137263137959,-0.7249547955184416,-0.7427264373606097,-0.7265252546243418,-0.7333437118156955,-0.74560580517883,-0.7539642357039021,-0.7376894360707941,-0.7439672161561749,-0.7352536360429366,-0.7112033880734433,-0.7253525582405833,-0.7256864466530442,-0.7162855444725998,-0.7173938943373176,-0.7536441027301124,-0.7589038723265924,-0.7544277582930049,-0.7691843021139128,-0.7916158462865652,-0.7837167052655176,-0.7419577215960123,-0.7552126900492558,-0.7586626541135956,-0.7414572560382481,-0.7462304728152277,-0.7259433446357134,-0.5197260835581382,-0.5662107726484492,-0.6163892336162529,-0.45514190704182267,-0.4923853690846185,-0.45948284208602985,-0.46552787104294296,-0.5131755108830234,-0.47994239655571386,0
2019-04-11,-0.5586398864289934,-0.5582846205047395,-0.5325565751367153,-0.6254127798554066,-0.5640171357339301,-0.6027926808301216,-0.6395321305831921,-0.6633150186272891,-0.6678496943559534,-0.6824812695164576,-0.6974996493306536,-0.7314795480378191,-0.6972031413460779,-0.7043836524496214,-0.72055666211759,-0.744430165755705,-0.7270635945906164,-0.7295659996688562,-0.7421409477413322,-0.7493938579021235,-0.7365445051356604,-0.7428666215630159,-0.7343447024081412,-0.7100812692196761,-0.72466304001038,-0.7261734753789807,-0.7168098863017773,-0.7146826254636199,-0.7515517109266793,-0.7595640290600801,-0.7547519378357671,-0.7716885865096514,-0.7946149099275899,-0.7864224748978836,-0.7452952607271361,-0.7586950480174329,-0.7620634627385408,-0.7445805254174589,-0.7487742437377571,-0.7278383154024602,-0.5222496704486826,-0.5688438825004118,-0.6180927748464821,-0.4586373521458931,-0.4952943868637536,-0.462468649712328,-0.4684919620729421,-0.5148346798486164,-0.48277189889480965,-0.617380418182365,0
2019-04-12,-0.5571058328128257,-0.530974324514156,-0.6136957112093447,-0.552135757674623,-0.5896261104539209,-0.6216891873756559,-0.6333737192280134,-0.6558123340269364,-0.6754706900666017,-0.6916880937069874,-0.7246935092595473,-0.6887906796849621,-0.6951792097423671,-0.7133967034214959,-0.7396505679127122,-0.7288673511976521,-0.7300755186215405,-0.7382018847605084,-0.7458631866442462,-0.732308161764769,-0.7416537563646826,-0.733368320620593,-0.7094922777732575,-0.723355323807422,-0.7254736352950975,-0.7173867983336929,-0.7152235808397638,-0.7482610990499067,-0.757385104734816,-0.755449755705863,-0.7718418686800326,-0.7969979743639976,-0.7894381303341637,-0.7481568877006817,-0.7619973039370009,-0.7655428451274086,-0.7480029930505095,-0.751889895214233,-0.7304270144242345,-0.5252422710421537,-0.5709496573227235,-0.6203791359831798,-0.4617689558586848,-0.4984819550519266,-0.4657092060703845,-0.47137067114359854,-0.517214527131631,-0.484875116358621,-0.6185785019370973,-0.6441545085849358,1
2019-04-13,-0.5302886736760359,-0.6104305673378236,-0.5432529811173583,-0.5765903090234616,-0.6076881914835968,-0.6158401980634923,-0.626397101090352,-0.6631538150190452,-0.684437387673092,-0.7182525736128667,-0.6830140910098184,-0.6868240041955217,-0.7039276927240563,-0.7320157168861318,-0.7243925824953231,-0.7318600400629209,-0.7386295504312025,-0.7418558537708844,-0.7290743382592284,-0.7373194398466257,-0.7322800907240353,-0.7088367050249025,-0.7225976183857441,-0.7241547416607456,-0.7167974380906506,-0.7158165556678048,-0.748454028390514,-0.7539955539847673,-0.753330970380478,-0.7723846681553121,-0.7969006713465422,-0.7918458709016484,-0.7512947941258833,-0.7647911787456232,-0.7688306655112142,-0.7514884824939507,-0.7553011206762248,-0.7335617676696495,-0.5283258687853416,-0.5736798317099446,-0.6220465350779912,-0.465100093239607,-0.5012528620680301,-0.46912362436244465,-0.4745125748553497,-0.5195140324229479,-0.4876099589872156,-0.6186982472347577,-0.6450347781850024,-0.6459729299900264,0
2019-04-14,-0.6083101901381205,-0.5414488781275658,-0.5667616514879539,-0.5938381720416673,-0.6020974798542573,-0.6092141117940335,-0.63322381874878,-0.6717916416941159,-0.7103090295618028,-0.6775377919864723,-0.6810939208706538,-0.6953249965306035,-0.7220001659564285,-0.7171372190566223,-0.7273266535076535,-0.7403594429320152,-0.7422488861234395,-0.7253749310470015,-0.7339985501412081,-0.7281255202161325,-0.7080703753641182,-0.7217728745487746,-0.7233868755934989,-0.7155981819632525,-0.7152469389704641,-0.7487105144924243,-0.75412904823486,-0.750010180886453,-0.7700183424722338,-0.7972161688274031,-0.7917995782373987,-0.7538843523556825,-0.7678759418982605,-0.7715968206549704,-0.754805930252977,-0.7587834402352537,-0.7370011826952799,-0.5316710346941826,-0.5766451068722619,-0.6245013673010508,-0.4680883466764084,-0.5043201122978846,-0.4721603001935856,-0.477859491612186,-0.5221224089994396,-0.4902613972634709,-0.619847399584259,-0.6447681263091664,-0.6468316145407788,-0.6299361850270376,0
2019-04-15,-0.5405740902542561,-0.5644699590983515,-0.5833423820238849,-0.588499483315894,-0.5957639860510404,-0.6156978291552856,-0.641255986094378,-0.6967143912103285,-0.6706561452009084,-0.675662062641279,-0.6893938929416611,-0.7128862076281081,-0.7075584097230794,-0.7199983155902991,-0.7356595784133255,-0.7439556643222687,-0.7259241740949124,-0.730208827550311,-0.724964366137261,-0.7043800415710435,-0.7208367983825678,-0.7225519435817249,-0.7149390702477049,-0.7140690629298602,-0.7477273035185624,-0.7543280695615736,-0.7501849817669968,-0.7664145222336711,-0.7944868770778166,-0.7921613464301069,-0.7542139120949022,-0.7703864628485202,-0.7746598411266611,-0.7576289770095905,-0.7620855098191285,-0.740491450688637,-0.5354209676192213,-0.5799399663884873,-0.6273424963426295,-0.4713728025995287,-0.506974747420516,-0.475421987955269,-0.4808170852532718,-0.5251042681317488,-0.4931939530044557,-0.6209268265086543,-0.6456083727650841,-0.6465387196486314,-0.6309852291555521,-0.6755179482479734,1
2019-04-16,-0.5631794839163148,-0.5807067914757318,-0.5782101891786713,-0.5824514961894349,-0.6019613976239286,-0.6233264298200344,-0.6644312247692156,-0.6585158528735271,-0.6688293374459314,-0.6837699385322394,-0.706539839661415,-0.6988530021795998,-0.7103355219808429,-0.728123988916819,-0.739185360547753,-0.7277352074266467,-0.730712253604434,-0.7213403402647114,-0.7016314426439952,-0.7169016602952633,-0.7216056445867601,-0.7142131872464837,-0.7134293864026389,-0.7461015504014096,-0.7532742259029372,-0.7504239403801257,-0.7664192993676028,-0.7904680515568714,-0.7895059418380739,-0.754916610258984,-0.7705526371877712,-0.7771380252961958,-0.7607366219813562,-0.7648790268188649,-0.7438320808000836,-0.538998790395719,-0.5836156593171898,-0.6305845735121073,-0.4745879919102601,-0.5100496589212037,-0.4783224399784871,-0.4840209161672894,-0.527634174367678,-0.4963976266760637,-0.6224113414338325,-0.6463815585667506,-0.6473579860794352,-0.6309237726739209,-0.6760259271403432,-0.6391206563143361,1
2019-04-17,-0.5791231308797796,-0.5756810445838476,-0.5723961329838401,-0.588369535517295,-0.6092531371323773,-0.6453372562325927,-0.6289110570441645,-0.6567560468168643,-0.6767257488295632,-0.7005190561012474,-0.6928384729622996,-0.7015515511813323,-0.7182226752914871,-0.7315620798835738,-0.7232826140455962,-0.7324927086408359,-0.7219278242680675,-0.6984353678570774,-0.7139355101286272,-0.7176557633836966,-0.7133763081802595,-0.7127229912474101,-0.7450547391691861,-0.7515719853628161,-0.7494191855372461,-0.76649387064166,-0.7902235244921025,-0.7855715968333923,-0.752805618006933,-0.7711071309524132,-0.7772373532322909,-0.7632811738944745,-0.7679635093142689,-0.7466996431916187,-0.5427641782003046,-0.5871725491078855,-0.6341823725385558,-0.4779891056949254,-0.5131703689601294,-0.48155174816026164,-0.48684822289372676,-0.5305251074594239,-0.4991874022541594,-0.6246242157524147,-0.6475839828793737,-0.6481103728397779,-0.6319280629452539,-0.6753066457165107,-0.6400606788128219,-0.5915819252955411,0
2019-04-18,-0.5741881329497917,-0.5699875767560235,-0.5780852676489703,-0.5953325717255552,-0.6302920169504945,-0.6116017570254185,-0.6272746434791984,-0.6643628420808748,-0.6930380264737185,-0.6871347965178916,-0.6954732102334054,-0.7092155804741521,-0.7215598449586746,-0.7160548570856072,-0.7279469299942656,-0.7237643796415753,-0.6992399514565449,-0.7105137654191531,-0.7146765113917073,-0.7095842297452903,-0.7119056663129381,-0.7439401062188836,-0.7504556445966709,-0.7477701027813118,-0.7652870595119192,-0.7900570561781002,-0.7853778193573807,-0.7494937388957179,-0.7687594792375125,-0.7777312116461836,-0.7635176968402358,-0.7704736128573363,-0.7498422052250412,-0.5464473764710287,-0.5908363839596705,-0.6377172990745315,-0.48182160407298597,-0.5165313136468378,-0.4847420724882672,-0.4900315887866143,-0.5329568343194244,-0.5022684567997024,-0.6262532090981837,-0.6496038410941533,-0.6492936383462443,-0.6328638774414613,-0.6757850366916525,-0.6398666742710284,-0.5930862426546719,-0.58227622591457,0
2019-04-19,-0.568597470994623,-0.5755587140306982,-0.5847789796154458,-0.6154230428381128,-0.5980461984555119,-0.6100475631108275,-0.6343480723430317,-0.6800768354761528,-0.6800028467106285,-0.6897085549133003,-0.7029560106612184,-0.7124583431132298,-0.7065078192722983,-0.7206031649270429,-0.7193895629388326,-0.7012213992600795,-0.7112038666614393,-0.7112411759165891,-0.7067452129886235,-0.7081417883726473,-0.7427131549134827,-0.7492712937292468,-0.7467020841551394,-0.7634191720379437,-0.7885539718412808,-0.7852604182473483,-0.7496738924692052,-0.7651770102936075,-0.7752867346710862,-0.764136002750769,-0.7706389243348913,-0.7524386875035606,-0.5502297049220992,-0.5943245763875816,-0.6412745827925683,-0.4854227073120527,-0.5203045322091514,-0.48813261460035584,-0.49320119868114204,-0.5358917379693303,-0.5049405439752648,-0.6284850307033889,-0.6510067042318607,-0.6513003874466,-0.634216105371748,-0.6761994885520112,-0.640764998764722,-0.5935783055393001,-0.583891003907017,-0.6120810186589585,0
2019-04-20,-0.5740680112963235,-0.5821135928369489,-0.6040923686135848,-0.5846308290617712,-0.5965606341077565,-0.6167655959668368,-0.6489602461416525,-0.6675197460756516,-0.6825094779622097,-0.6970181719417069,-0.7061220927227417,-0.6978321324598904,-0.7109226166445147,-0.7122586316431488,-0.697288132336913,-0.7131089088556393,-0.7119243825631346,-0.7034553461155452,-0.7053278326656388,-0.7383585237533626,-0.7479743873689152,-0.7455661863516112,-0.7621522528674094,-0.7863652530952622,-0.7838176447416235,-0.7499180263297182,-0.7651946136917624,-0.7715935584237787,-0.7618902491456879,-0.7711926354108752,-0.7527825605956201,-0.5537776791722611,-0.5979539466465715,-0.644558171680492,-0.4893010364685713,-0.5238889206906399,-0.4919495117617012,-0.4965829337809455,-0.5389493213469236,-0.5080264170454958,-0.6300834784056123,-0.6530730880692027,-0.6526878924524533,-0.6363384643764511,-0.6770714690746361,-0.6415957615950689,-0.595025107832403,-0.5845173643862284,-0.6133420074145495,-0.6318585162267045,0
2019-04-21,-0.5805045298946646,-0.6010264060644704,-0.5744911711381995,-0.5832122322603995,-0.6029820143513943,-0.6306435984980806,-0.6372836233946886,-0.6699344417908055,-0.6896284501676735,-0.7001109775795832,-0.6918417434244128,-0.70212203720117,-0.7028230277647789,-0.6907068947496956,-0.7089428010590478,-0.7138248232990693,-0.7042123489874307,-0.7020639620826589,-0.7350195809513825,-0.7435188687247934,-0.7443178978629307,-0.7608169156187254,-0.7848066879527898,-0.7816942359871795,-0.7489196326292225,-0.7652815860303056,-0.7715446571369653,-0.7584242876600333,-0.7688437338634586,-0.7534982421833247,-0.556088470878669,-0.6012744339769029,-0.6480270555298525,-0.49320110901931097,-0.5276861609378418,-0.49554621602361126,-0.5003868339348373,-0.5422834269080304,-0.5111520694307568,-0.6324950025154116,-0.6544623817107176,-0.6547430402188862,-0.6378614134784656,-0.6788652262777813,-0.6428512223488624,-0.5963996170287851,-0.5860715311253115,-0.6135382323597456,-0.6328847418745154,-0.6666509791107702,0
2019-04-22,-0.5990758380277477,-0.5720391620744649,-0.5731274444389642,-0.5893441440067871,-0.6162471967619818,-0.6195536537525534,-0.6395290076565413,-0.6767923119581827,-0.6926405911987807,-0.6861611354837456,-0.6960302061516362,-0.6942515820459089,-0.6819039179065768,-0.702071695445357,-0.7096446928728458,-0.7061620413784021,-0.7028341528731413,-0.7312111315496852,-0.740090269827227,-0.7399324947344532,-0.7593685093136031,-0.7831789145470719,-0.7801950397330599,-0.7472774382903101,-0.7640900176379758,-0.771567329467918,-0.7585118800432802,-0.7652598358958955,-0.7514079824471245,-0.5585883142828038,-0.6031149660589835,-0.6511088596062529,-0.4971535487721838,-0.5314305234804724,-0.49940320426279555,-0.503979873512131,-0.5460170374507122,-0.514515115420643,-0.6353166048191434,-0.6567425369328119,-0.6561181287010386,-0.6400156526892977,-0.6800031982079858,-0.644907369921666,-0.5981559437149613,-0.5875524785903091,-0.614748526496722,-0.6327955427756409,-0.6672642108150344,-0.6580784210582005,0
2019-04-23,-0.5706120112246635,-0.5707037202025851,-0.5790221791217275,-0.60201134712438,-0.6056469580286654,-0.6216862213567349,-0.6459060238772687,-0.6796939769065735,-0.6790545800897246,-0.6902526596088525,-0.6883458611481476,-0.6739242643916913,-0.6929351176397793,-0.7027561302211461,-0.7021320020053913,-0.7047926468906782,-0.7317050574922354,-0.7361888185001625,-0.7365662056807183,-0.7546945011225654,-0.7814370773955659,-0.7786267960696589,-0.7462156814573371,-0.7622386363708261,-0.7702967268820045,-0.7586665211825223,-0.7652765808432952,-0.7481198083165923,-0.5593470845262101,-0.6051882441444449,-0.6524559870679246,-0.5009545208876379,-0.5352608278091668,-0.5032622971723094,-0.5078190831339982,-0.5495902579075035,-0.5182914349952159,-0.6385503799406655,-0.6595049077060442,-0.658389361715365,-0.641516017148304,-0.6818757865746938,-0.6463527482688236,-0.6005548009934172,-0.5894068497067222,-0.6158885677701178,-0.633777654163282,-0.6666728953374051,-0.6587934108520892,-0.6737341634410751,0
2019-04-24,-0.5693006831743017,-0.5764761931793182,-0.5911994257357003,-0.591888955062683,-0.6076853564371315,-0.6277428319933666,-0.6486042325034728,-0.6666062589622695,-0.6830393916621267,-0.6827461625919239,-0.6684992171143397,-0.684643396448642,-0.6935994616013028,-0.6954302905570311,-0.7007894298731845,-0.7334791721471903,-0.7366355645637201,-0.7327293895065428,-0.7510717362201987,-0.776339890352773,-0.7769446911443258,-0.7450860624127,-0.7609867218745621,-0.7683597602826124,-0.7575581277274035,-0.7653627231893335,-0.7483142020731937,-0.5593164118546393,-0.6052658556667257,-0.6540817053624717,-0.5037883082949709,-0.5388801541358562,-0.5071825934173592,-0.5116440368662813,-0.5533333183116731,-0.5218766978496677,-0.6421359271641569,-0.6627134997677767,-0.661147709648557,-0.6438659355378017,-0.683020075039014,-0.6484502364040476,-0.6024016847876181,-0.5918727923580392,-0.6174289169303814,-0.6346914811015186,-0.6672535889111981,-0.6583258124513557,-0.6742633162389626,-0.782862538811968,0
2019-04-25,-0.5749689236973354,-0.5884008735581853,-0.5814685590783707,-0.5938354647958631,-0.6134745213190335,-0.6303054723410895,-0.6364341873456987,-0.6704449198835779,-0.6757286743678772,-0.6633588531767182,-0.6789648772621527,-0.6852889464184584,-0.6864886637340668,-0.6941211100847366,-0.7289140716214177,-0.7383781913327553,-0.7332089249847273,-0.7469688729069313,-0.7723410573587239,-0.7719336484697755,-0.7438440740394168,-0.7596664299537871,-0.7670300459595218,-0.7557968157620671,-0.764170134613791,-0.7485721040446713,-0.5614676693560329,-0.6044563651014392,-0.653444633244379,-0.5067625531069424,-0.5413384444357122,-0.5109357601326071,-0.5155375551094363,-0.5569736426588344,-0.5256781799741209,-0.6456673991361508,-0.6662618829218663,-0.6643545913472377,-0.6466597610888737,-0.6851463434204654,-0.6498788535343374,-0.6047929159194686,-0.593798270782554,-0.6196799949538558,-0.6360234554367252,-0.6677694608587736,-0.6590054118578291,-0.673569777964464,-0.7820963145551341,-0.8575274989816211,1
2019-04-26,-0.5866782823760439,-0.578871833178492,-0.5833397794920161,-0.5993636607279265,-0.615924001464951,-0.6187468966060483,-0.6400036925074475,-0.6634023372484213,-0.6568470125339927,-0.6735822940352535,-0.679595162116993,-0.6783793098229239,-0.6852179127844086,-0.7215462523797294,-0.7337171336263031,-0.7349734354331867,-0.7473134426650073,-0.7678480916618221,-0.7680113697459596,-0.7394677567846047,-0.7582331201515979,-0.7656317434212031,-0.7546267771655611,-0.7623176486005153,-0.7475906333833484,-0.5636175636541237,-0.6061397669413056,-0.6518179933272508,-0.5082788688940593,-0.5439720815598754,-0.5136707244974613,-0.5192508962678613,-0.5607223417696708,-0.5294306879308011,-0.6492079236027217,-0.6697828759744701,-0.6679004504215814,-0.6498817265607532,-0.6878393297811916,-0.6521837076934904,-0.606592896501663,-0.5962470020614065,-0.6213537462838855,-0.6381319562347518,-0.6687348633695152,-0.659619336428788,-0.6740687493451939,-0.7798278620573107,-0.855874985747546,-0.8048914152622074,0
2019-04-27,-0.5773213060777554,-0.5807042429225412,-0.5886541495680435,-0.6017027211027075,-0.604875825390136,-0.6221370562327231,-0.6334549153209318,-0.645213196784898,-0.6668038120534856,-0.6741979914539048,-0.6728489155021037,-0.6771445078457751,-0.7118380208240559,-0.7262298554675422,-0.7303790667444032,-0.7489878768926581,-0.767994762471227,-0.7635978152087808,-0.7361095421116108,-0.7535808837710415,-0.7641201576569545,-0.7533885829789667,-0.7610647298543984,-0.7459667648331166,-0.5649616306311855,-0.6078373153241903,-0.6530105128265122,-0.5091143526797846,-0.5449444996439283,-0.5165553284378239,-0.5219035334756017,-0.5642203008168435,-0.5332673813388625,-0.6524593307384964,-0.6732725636795635,-0.6714207317752615,-0.6534498456145703,-0.6910184221525753,-0.6549572147096283,-0.6091310026638889,-0.5981196769829416,-0.6236183130100261,-0.6396386695973776,-0.6705925431115652,-0.6606750590256968,-0.6745036040746606,-0.7790677655181825,-0.8525289866688676,-0.8038637035508233,-0.8150572568316182,0
2019-04-28,-0.5791206283453323,-0.585908388537768,-0.5909027371026606,-0.5911525842039558,-0.6081162834998391,-0.6159173145554379,-0.6165411445807458,-0.6548048114754117,-0.6674034512402338,-0.667607881292643,-0.6716433124948801,-0.703011545008417,-0.7163841420026201,-0.7229748110105915,-0.7441190070761359,-0.7695371187950665,-0.7637847713014376,-0.7322811016418439,-0.749977466913092,-0.759355033581895,-0.7520376501573502,-0.759743430962858,-0.7449216667329949,-0.5658560633680145,-0.6086253824504151,-0.6542334519658222,-0.5117859323329726,-0.5451581059576937,-0.5179285016420988,-0.5247134597098783,-0.5664277013894409,-0.536896209817519,-0.65590297194612,-0.6764263521322332,-0.6749069667895689,-0.6569764034749486,-0.6945232709407615,-0.6581705414906657,-0.6120096782125112,-0.6007034421893632,-0.6252581586052487,-0.6417810306761057,-0.6718054042180488,-0.6625945388786022,-0.6753943784738012,-0.7782544136534136,-0.8509074436382326,-0.801277335655401,-0.8139088744159724,-0.8111029118713418,1
2019-04-29,-0.5842308036866279,-0.5881103384944557,-0.5807606704100655,-0.594246966158093,-0.6021711910623522,-0.5998533560794351,-0.6254602230951422,-0.6553824577382859,-0.6609852201774233,-0.6664301809976646,-0.696898680050457,-0.7074290584646604,-0.7132246457204914,-0.7363730196738592,-0.7642657505919551,-0.7653540140529316,-0.732764886115078,-0.7458946736839734,-0.7556512963519086,-0.7475042158607583,-0.7583091107648032,-0.7438087515563513,-0.5671001823439589,-0.6089177285484998,-0.6544381543268029,-0.5144388997352497,-0.5474561080411053,-0.5186003201888532,-0.5259673841882312,-0.5688337602761295,-0.5393741429101018,-0.6589472339285732,-0.679793423442947,-0.6780541252540588,-0.6604930879337114,-0.6980319888814537,-0.6617259119385281,-0.6152677187704715,-0.6036027044622558,-0.6276956845776857,-0.6432663782523573,-0.6737327818067141,-0.6638798026066839,-0.6772009950939527,-0.7779954163967239,-0.8492400765338401,-0.8002630810977488,-0.811175795562696,-0.8100014683724587,-0.8292120799594975,1
2019-04-30,-0.5863929934490568,-0.5781786267106461,-0.583735364336069,-0.5885698717068018,-0.5868165794069253,-0.6083243061177408,-0.6259973664790625,-0.6491996276804302,-0.6598382359190503,-0.6911010333775757,-0.7012117339699163,-0.7043589429105338,-0.7262295650138014,-0.7560186853021786,-0.7601645804008678,-0.7345322323459567,-0.7462494249962246,-0.7514644389463173,-0.7440063753396676,-0.7536554172158287,-0.742583523867427,-0.5682826866442012,-0.6096145313547044,-0.6540987805959364,-0.5164013177606681,-0.5497478822344568,-0.5211735819820312,-0.5265028570659509,-0.569442771176316,-0.5420255977113645,-0.6602167545941741,-0.6827238069219816,-0.6814159961513344,-0.663698716579673,-0.701462125891181,-0.6652488751545015,-0.6188890758745484,-0.6068694977352616,-0.630529010586678,-0.6456068645936435,-0.6749463373338304,-0.6658601502439211,-0.6783540326201665,-0.779015319686499,-0.848194412614195,-0.7991977637038008,-0.8100442526741684,-0.8073254576657639,-0.8278956767790306,-0.7415410771686726,0
2019-05-01,-0.5766406167081022,-0.5810916230075139,-0.5782778550072594,-0.5739074284315544,-0.5949134721114857,-0.6088344613721486,-0.6202480585151255,-0.6480947112822582,-0.6838656386810763,-0.695314265131951,-0.6982142164625945,-0.7169959588894391,-0.7452985541884587,-0.7520195169901549,-0.7299465055103184,-0.7479306544006158,-0.7517663984993219,-0.7400330983964954,-0.7500507054100245,-0.7382313784651965,-0.5693606860484622,-0.6102482365877155,-0.6542213297069398,-0.517965356620068,-0.5512663405300865,-0.5237314908309455,-0.5289942125576721,-0.5692408678464075,-0.5430264678650424,-0.66177207695,-0.6837579186142818,-0.6843386453206285,-0.6671064501706993,-0.704501562833435,-0.6687481207845644,-0.6224306449338115,-0.6105037717172764,-0.6337677701948079,-0.6483964374281013,-0.6771161120998258,-0.6671406729508891,-0.6802376430373853,-0.779246674277569,-0.848676051504103,-0.798706671195384,-0.8088626587349151,-0.8062395380064524,-0.8249583189543412,-0.7412653474610186,-0.7691349003951257,1
2019-05-02,-0.5795010135813151,-0.5757473069668035,-0.5641825424060033,-0.5816393224481914,-0.595401100103497,-0.6033740205386329,-0.6192206156470454,-0.6712408626992825,-0.6879689835810914,-0.6923861227572026,-0.7105524089407761,-0.7355254949416681,-0.741416776971418,-0.7225530081836518,-0.7430824924208758,-0.7534123946447868,-0.7404434073232611,-0.7459665689075574,-0.7348946446919098,-0.5683301989130375,-0.6107755702452186,-0.6542792253627727,-0.5198181691538104,-0.5523496198694186,-0.5255770678731388,-0.5314729303569949,-0.5712892627484993,-0.5432726054820853,-0.6610225934250427,-0.6850997050879699,-0.6853567686932671,-0.670097308585896,-0.7077789393942757,-0.6719202627283224,-0.6260201537658511,-0.6140489828675392,-0.6373606733078445,-0.6516165948018975,-0.6798287145948441,-0.6693525095535041,-0.681395866086604,-0.78045597775997,-0.8482767963256453,-0.7995677669275673,-0.8082644593768412,-0.8051031737284905,-0.8236634648861959,-0.7395932362671815,-0.7685316261296231,-0.7775458209894652,1
2019-05-03,-0.5742531988454204,-0.5619443428864564,-0.5716153734232091,-0.5821049687265043,-0.5901817795610966,-0.6023982003136319,-0.6407438261236633,-0.6751937095097638,-0.685117211169696,-0.704438757690917,-0.7286437829427904,-0.7317535314552411,-0.7128152244418782,-0.7353622845979844,-0.7484568617160621,-0.7421617159204177,-0.7463206387772062,-0.7310884867565128,-0.5679453368612162,-0.6089509263219647,-0.6542287908902992,-0.5216110162051323,-0.5537654064966596,-0.5270145808085631,-0.5332211699185561,-0.5733397044152599,-0.5455901499444513,-0.6592674254388922,-0.6840092378448712,-0.6866840524065255,-0.6712564337109774,-0.7105759244453083,-0.6753017301041733,-0.6293656225434531,-0.6176561607076645,-0.6408942193738445,-0.6551820455428404,-0.6830161470222513,-0.6720840768658557,-0.6835308867290086,-0.7807617108644641,-0.8490247431695077,-0.7996130687213188,-0.8090522689169597,-0.8045466371711066,-0.8223199685681304,-0.7393098858225489,-0.7664612875771586,-0.7768427073053883,-0.7487801261908427,0
2019-05-04,-0.5606994722790847,-0.5692230107988403,-0.5720630089046376,-0.577120929201074,-0.5892490492740516,-0.6228400027169944,-0.644419510791536,-0.6724465313526069,-0.6968554968777259,-0.722111421387902,-0.7249610138781714,-0.7039611039756469,-0.7252484989310864,-0.740602985759114,-0.7374265502468985,-0.7480014133863039,-0.7315835751599727,-0.5672012100318753,-0.6078603176893379,-0.651570903779297,-0.5233014343740553,-0.5551200435642386,-0.5287523771974071,-0.5345532770765338,-0.574561529439148,-0.5479008186730628,-0.6603827348672983,-0.6818641985806793,-0.6855704265021041,-0.6727116179590739,-0.7113342756908765,-0.6782535241168389,-0.6328830435849039,-0.621035558186682,-0.6444448059678489,-0.6587078510357851,-0.6865333037040557,-0.6752795724333638,-0.6862278193042505,-0.7823612857429237,-0.8487472079210042,-0.8006862552304197,-0.8090117114402505,-0.8053629538330674,-0.8215726346300685,-0.7389691674110989,-0.7658595735768277,-0.7746509843885891,-0.748418467429728,-0.7699661787517387,0
2019-05-05,-0.5678467106604463,-0.5696613619476254,-0.5672717477342328,-0.5762302453315103,-0.6087881895120875,-0.6263310069869824,-0.6418649567912643,-0.6837542927892175,-0.7140672333020035,-0.7185138870521779,-0.6978257850985651,-0.7160426467247102,-0.7303353651946117,-0.7298470136721487,-0.7431518654489839,-0.7333584656421933,-0.5692496668896403,-0.606384106885038,-0.6497398134939977,-0.5231541627315385,-0.5563707612264681,-0.530429896479285,-0.5361952562147229,-0.5753235875960392,-0.5494425011394724,-0.6615310235042497,-0.6827453024442539,-0.683398908270128,-0.6718022293916505,-0.7124259240775326,-0.6793318955384876,-0.6360370345522165,-0.6245795921375374,-0.6477155347834619,-0.6622208855071456,-0.6900454920242612,-0.6788086283482561,-0.6894085894603421,-0.7848167968320591,-0.8499804341160708,-0.8008199029757798,-0.810022082962459,-0.8053557941986442,-0.8222584011588622,-0.739145531216218,-0.7652032379668775,-0.7739522294466991,-0.7466418840376234,-0.7693530370351209,-0.7827239924191991,0
2019-05-06,-0.5682771465853743,-0.5649694755237112,-0.5664155147494075,-0.5948885834136755,-0.6121250392016069,-0.6239048035096245,-0.6523798508241679,-0.7003347555788066,-0.7105635275887366,-0.6920066813247779,-0.7096216394458374,-0.7209856078308041,-0.7198951225899735,-0.735429932221173,-0.7287957293969983,-0.5720612766200875,-0.6080611775245656,-0.647495487382566,-0.5235541914264652,-0.5555893641747381,-0.53200459460407,-0.5377766986388511,-0.5764473738102178,-0.5505509296994405,-0.6616439693868787,-0.6836671495966155,-0.6842641055461818,-0.6698642304374662,-0.7109360250662877,-0.6807138293362861,-0.6375333863307282,-0.6277731631280304,-0.651174331481677,-0.66541950530846,-0.6934924650119165,-0.6823241718205302,-0.6929159142505649,-0.7878949234861532,-0.8522707661160555,-0.802311391680138,-0.8100763171026214,-0.806390599716322,-0.8220982940335616,-0.7404633235251865,-0.7650888744912693,-0.7731996900170387,-0.7462750131120607,-0.7672707016752,-0.781959412737551,-0.782452672400027,0
2019-05-07,-0.5636699806679769,-0.5641310015240003,-0.5843521643889675,-0.5980750117251536,-0.6098059711930879,-0.6338913892165488,-0.6677977396986691,-0.6969595550311994,-0.6847476660894908,-0.7035295301075598,-0.7144477159215622,-0.7108407149911898,-0.7253141608342605,-0.7214308534931136,-0.5706578714417555,-0.610624923819969,-0.6487828931081718,-0.5236242462785032,-0.5554258620326655,-0.5316904343197935,-0.5392549931110467,-0.5775092193193161,-0.5519895777792114,-0.6612052334897262,-0.6835017654945512,-0.6851705734256571,-0.6708697086663233,-0.7083342866529799,-0.6796874711492933,-0.63929446372262,-0.6293513344979524,-0.6542411334525171,-0.6688217413195657,-0.6965642310393902,-0.6857874217790336,-0.6964253303340107,-0.7912507714398148,-0.8552786647202747,-0.8047181689356412,-0.8115179264168871,-0.8064757244411297,-0.8230212025530101,-0.7410436733791511,-0.7662077411908854,-0.7729967094602548,-0.7458514947075313,-0.7666593968062454,-0.779692959707637,-0.7816913133447846,-0.7980680054183438,0
2019-05-08,-0.5628466468348299,-0.5816956301136887,-0.5874153443985093,-0.5958604846573634,-0.6193515726413563,-0.6485346246294041,-0.6646591984147165,-0.6720905400510682,-0.6959699831949697,-0.7082439109236282,-0.7045427161388106,-0.7161064510821922,-0.7117260093421711,-0.5672261067990402,-0.608466171760586,-0.6510865767535955,-0.5260857375229622,-0.554911355929847,-0.5319421533986567,-0.5388018018165318,-0.5784661495248565,-0.5533671382401006,-0.6612374591875043,-0.6827616288601622,-0.6849862859287723,-0.6719118070857278,-0.7089410397546466,-0.6776157323927452,-0.6388735391102056,-0.6311866291908373,-0.6555572486497027,-0.6718044234644653,-0.6998669658067108,-0.6888904434650694,-0.6998588542689851,-0.794717476550395,-0.8585308731582739,-0.8077755757630519,-0.8139022140809263,-0.8079367360167319,-0.8229648619288652,-0.7425083031966889,-0.7665550374884604,-0.7740549413036311,-0.7459515882176646,-0.7659935530631187,-0.7789344616466127,-0.7794287759395265,-0.7971212890348628,-0.7920816466974584,0
2019-05-09,-0.5800941142453148,-0.5846952772190375,-0.5852864733298558,-0.6049757812799185,-0.6333481970399608,-0.645553775613824,-0.6415339265662902,-0.6829012570289267,-0.7005614065028032,-0.6985681543968,-0.7096839350419556,-0.702902702280948,-0.56204776982499,-0.6040940614367514,-0.6481353015392535,-0.5291730067066952,-0.5570762993877414,-0.5318583639442463,-0.538929967635377,-0.5772610593266355,-0.5546408572670355,-0.6612047867080111,-0.6825198715687064,-0.6842256789985166,-0.6718942295279282,-0.7095976310670389,-0.678540869730346,-0.6374940362257298,-0.6308842181087472,-0.6571548361930668,-0.672946646651619,-0.7027016648252403,-0.6922176944671703,-0.7029047949139299,-0.7979437951945174,-0.861968355685113,-0.8111008462935059,-0.8169500591644195,-0.8103297717614938,-0.8243370196448876,-0.7431368316367913,-0.7678491643887094,-0.7743312001468841,-0.7472171937663554,-0.7658704312761245,-0.7781226944707066,-0.7786734082314558,-0.7946333949339799,-0.7912059896667994,-0.8163965386283831,1
2019-05-10,-0.5830395972897344,-0.582610560709118,-0.5940491981320031,-0.6183414538149806,-0.6304989753424528,-0.6235904055040011,-0.6515866274548904,-0.6873242810301196,-0.6911380069575687,-0.7035903839221941,-0.6967924110923734,-0.5574587928023207,-0.5978335070547247,-0.6427765640846946,-0.5286096548756214,-0.5599656523607399,-0.5342418099683158,-0.5387180141002993,-0.5767210320524612,-0.5538926322257631,-0.6610634760426835,-0.6822124737709381,-0.6839653135480249,-0.6713141511116965,-0.7091062084124008,-0.6795052906159034,-0.6388350172085195,-0.6296402202911543,-0.6564728436239641,-0.6743864994101181,-0.703537978162872,-0.6950888552316199,-0.7061872728327148,-0.8005918523583466,-0.8650529057494701,-0.8145589296799824,-0.8202612188871512,-0.8133813362059089,-0.8266899930112156,-0.7449391530650985,-0.7682621351724542,-0.7755733557604196,-0.7477364036287483,-0.7669833052377183,-0.7778651569325813,-0.7778647444045727,-0.793697865422946,-0.7888044892418362,-0.8152322586526073,-0.7940097506634909,1
2019-05-11,-0.5809925241118794,-0.5911915393019039,-0.6068978979681184,-0.6156206717818152,-0.6095054562677785,-0.6331380204106208,-0.655699521853861,-0.6782465028408832,-0.6960292498587763,-0.6909972239290821,-0.5547877675181258,-0.592232167629929,-0.6353805282754752,-0.526223688602928,-0.5587991644016559,-0.5372769917145926,-0.5410364424831403,-0.5758159494695324,-0.5537586091907354,-0.6582745294898475,-0.6817955033394515,-0.6836392571743064,-0.6712178919018456,-0.708013007913112,-0.6793922359115651,-0.6402014962281,-0.6310626026043684,-0.6547948429153562,-0.6734526288292965,-0.7047003447718143,-0.6960005420762267,-0.7089918448733024,-0.8035622394338404,-0.8674287334938777,-0.8177434214414402,-0.8237153235377402,-0.816697984800469,-0.8297245244115254,-0.7474860784050564,-0.7699290656384435,-0.7759206220451449,-0.7491563031830476,-0.7673235806750172,-0.7788860590120267,-0.777610065481969,-0.7927105939554889,-0.7879380273055427,-0.8124798516095398,-0.7931112066281621,-0.6545628063416924,1
2019-05-12,-0.5894185575957888,-0.6037737464039485,-0.604282353440005,-0.5955735166021241,-0.6186314708392,-0.6370442673295456,-0.6472582511170215,-0.6829583499735132,-0.6837645367251711,-0.5522791636524843,-0.5887388674024001,-0.6287170005170507,-0.5222489315718666,-0.5556623425057655,-0.536554906977161,-0.5440282314078694,-0.5777827534696018,-0.5532746823106163,-0.6563269700710294,-0.6786090069558598,-0.6832035647017806,-0.6710563863979347,-0.7074503041834266,-0.6787087662549401,-0.6405826302740738,-0.632507784442655,-0.6559565086845374,-0.6714866378234547,-0.7033233718043522,-0.697231278841481,-0.7097658798991099,-0.8059026546765355,-0.8701855899426719,-0.8203111610341768,-0.8268805131135659,-0.8201536371137967,-0.8330160363769967,-0.7506030710233538,-0.7724149459771537,-0.7775462837596495,-0.7497282815601641,-0.7686125710857077,-0.779118583746476,-0.778632923524519,-0.7922913925863649,-0.7870192276026976,-0.8113328567660075,-0.7906818802747928,-0.6553195272309219,-0.7380889628821837,1
2019-05-13,-0.601773570161889,-0.6012124504473849,-0.5850106049517663,-0.6042881408456656,-0.622365227033845,-0.629027118186149,-0.6516397172079523,-0.6711434688526351,-0.5486644334410693,-0.5854444926280901,-0.6243609550413676,-0.5187858457733214,-0.5508234468471584,-0.5339713310939831,-0.543173910011931,-0.5805398680228031,-0.555455138608927,-0.6539618283743077,-0.6763081552929212,-0.6799900678445606,-0.67078580449686,-0.7068210903756995,-0.6785185210735776,-0.6404343126379626,-0.632985655861489,-0.657149616916757,-0.6724753005169326,-0.7008507498815731,-0.6959634824202544,-0.71087175480314,-0.8057171874963759,-0.8722084319720821,-0.8232185488154471,-0.8294111879152399,-0.8233263349219665,-0.8364646010727897,-0.7540162756843845,-0.775505984514857,-0.7800135568668077,-0.7514950841042147,-0.7690190480823154,-0.7803287433104702,-0.7788677397897529,-0.7932016787098148,-0.7866630982398737,-0.8101359441677476,-0.789793172851553,-0.6549026653283901,-0.7378542105062438,-0.6491825880891703,1
2019-05-14,-0.5992585230423972,-0.5823404140709132,-0.5933881550373354,-0.6078535835697242,-0.6147020964384574,-0.6331884427322776,-0.640653261250793,-0.5409984224637022,-0.580964765215615,-0.6202421356903529,-0.5170293073769962,-0.5465520008704231,-0.529769150717716,-0.5404257102005527,-0.5789703925156312,-0.5583548448630223,-0.655187944350568,-0.6735765370202837,-0.6776652215596085,-0.6678104261023048,-0.7060812093125739,-0.678262774952725,-0.6407305378999681,-0.632942094152162,-0.6573176526928635,-0.6735011408478574,-0.7015350665338179,-0.6936156899170293,-0.7094045733358593,-0.805952712612581,-0.8713664793109669,-0.825465268420142,-0.8322895029090032,-0.825871427316984,-0.8396029144651003,-0.7574991533057439,-0.7788808872673624,-0.7830966842966816,-0.7540259947095357,-0.7706818998247537,-0.7806355587128205,-0.7800795758468668,-0.7933046100649999,-0.7876165404003316,-0.8095236341968853,-0.7888523195620344,-0.6556228261167506,-0.7362319193878166,-0.6500031733147837,-0.16665436590726124,1
2019-05-15,-0.5807272554604703,-0.5905442067914888,-0.596815689508505,-0.6005358981611212,-0.6186796666291082,-0.6227539881682861,-0.5196336076829037,-0.5721140772632857,-0.6148548380899121,-0.5153945927118858,-0.5441388850287893,-0.5260933213037429,-0.5360340687734775,-0.5753318837657988,-0.5572199078206105,-0.6574507231722269,-0.6746167394207011,-0.6749087132219833,-0.6656971895314896,-0.7024290190457361,-0.6778976318856392,-0.6409625802646688,-0.633333545929615,-0.6569385730865223,-0.6734635797012474,-0.7022666501101882,-0.6943749947675868,-0.7068288095290445,-0.803095717387701,-0.8710065164798737,-0.8250861141675123,-0.8344929840392435,-0.8287610511463193,-0.8420819805968793,-0.7608039302376319,-0.7823529651399758,-0.7864599121787431,-0.7571361784539701,-0.7731659411508739,-0.7822358133785386,-0.7803885107491855,-0.7944199585925601,-0.7877700317006999,-0.8103017887701901,-0.7884758757825236,-0.6562769621676021,-0.7359883976892734,-0.6496639574160681,-0.17320266388536118,0.10433660558214947,0
2019-05-16,-0.5887829138461858,-0.593900651343523,-0.5897810458672208,-0.6043341640243363,-0.6087059731645972,-0.5078148229426476,-0.5485675231016303,-0.6047611663411867,-0.5127418626256433,-0.5418767409862013,-0.5241639853559151,-0.5321810076470112,-0.5699156108111714,-0.5541223642602401,-0.6543747933026093,-0.6767554393851841,-0.6759362888918292,-0.6631601878622331,-0.6997143172831194,-0.6747858796703138,-0.641086884841895,-0.6336610728163207,-0.657025028276348,-0.6728618612579567,-0.7018674040093424,-0.6951790806304202,-0.7074511662356127,-0.7989308792729742,-0.8671986192691289,-0.8251459487002251,-0.834024447466221,-0.8309813513310749,-0.8449198149120692,-0.7636026459900045,-0.7856053488593016,-0.7899286981614143,-0.7605393348737265,-0.7762561978083251,-0.7846916309697722,-0.7819900966649516,-0.7946069095073376,-0.7889223700870945,-0.8102499199074804,-0.7894154181200688,-0.6573697251230806,-0.7356871644419871,-0.6504461924374643,-0.1798271781593628,0.09457158706449224,-0.10520326794793225,0
2019-05-17,-0.5920787517132212,-0.5870119120693025,-0.5934323980791046,-0.5948100732853553,-0.4988422525458561,-0.5352949882454845,-0.5789254930730757,-0.5063933812273383,-0.5385333202044982,-0.5223641443055724,-0.5301077181149322,-0.565104056107646,-0.5493286729337309,-0.6488608708997038,-0.6733013876770007,-0.6780665617670474,-0.6642991192702618,-0.6965534046515017,-0.6725514512149804,-0.6386810021514238,-0.6338811866956272,-0.6570467322181951,-0.6727459305656963,-0.7008740205718033,-0.6948689505337291,-0.7081228438823599,-0.798598638739876,-0.861946546331162,-0.822008402835322,-0.8340032046620547,-0.8305475830087446,-0.8470630911931543,-0.7666912062699142,-0.7883034571719931,-0.7931651118157396,-0.7640193792555614,-0.7796299466958038,-0.7877698879372418,-0.784446514489461,-0.7961318777341769,-0.7891560852884082,-0.8112520159742891,-0.7895526249250743,-0.6593145492638721,-0.7358998995680006,-0.6511618672391529,-0.18617657940045715,0.08403619687081568,-0.11248100354492292,-0.2986717599168329,1
2019-05-18,-0.5853144011022896,-0.5905875321957292,-0.5842766909647732,-0.4898988838831413,-0.5251089580457692,-0.5641276581762864,-0.48745497147410066,-0.5312388873479341,-0.5195296387686591,-0.5281703141489004,-0.5622522457117866,-0.5450995134383364,-0.6412862370962269,-0.6673167342142968,-0.6745868290801773,-0.6665037110469966,-0.6973758260132052,-0.6698887349635155,-0.6370738616715823,-0.6316134778575013,-0.6569599829296104,-0.6725647002814954,-0.7004020537699884,-0.6939720699195613,-0.7076499645578792,-0.7983473647211015,-0.8609611762647457,-0.8175227909394382,-0.8307361908524238,-0.8305578779534496,-0.8464700995096243,-0.7692073744939527,-0.7913131032416334,-0.7958325538021517,-0.7673104111898441,-0.7831016992203377,-0.7911259282017412,-0.7875250266539573,-0.7985537502180221,-0.7907104259897085,-0.8112957879018415,-0.7906930495092985,-0.660629505380205,-0.7372425783862564,-0.6523113159322126,-0.19241139536763333,0.0745602390616989,-0.119992365147918,-0.3036529833147157,-0.37635587689557304,1
2019-05-19,-0.5888254569317892,-0.581621722071161,-0.4834233759862142,-0.5149815162585415,-0.5526684447338056,-0.47725296398091704,-0.5105583828359722,-0.5129322025867329,-0.5251843757506681,-0.5595708825001162,-0.5427207441053987,-0.6344556394929183,-0.6592003492680034,-0.6685702048792596,-0.6632504601340671,-0.6993691787523679,-0.6709638913609435,-0.6350618428333703,-0.6301291289036458,-0.6542497234713485,-0.6722743265084647,-0.6998638227326086,-0.6935878272960588,-0.7065768444440595,-0.796740041664271,-0.8600784244189579,-0.8169978534603726,-0.8261025489175942,-0.8273412250422505,-0.8463359653766521,-0.769385222844385,-0.793711906384529,-0.798818145895984,-0.7700827332749866,-0.7863525045667328,-0.7945926875370013,-0.7908814435271807,-0.8016175749791696,-0.793145541918385,-0.8127308259392753,-0.7909117027321134,-0.6626315760878668,-0.7378520843127567,-0.6542949264052043,-0.19864473971218927,0.06522583770766259,-0.1270507580313573,-0.3083722546045227,-0.38041497328195634,-0.11678921004322318,0
2019-05-20,-0.5800215407463443,-0.4828601888286179,-0.5075358337503644,-0.5412986527206318,-0.46962993376861856,-0.49919557195829306,-0.4935353096630118,-0.5183795411819757,-0.5557659742748254,-0.540491421794236,-0.6299638942451512,-0.6518629694929665,-0.6604170257091655,-0.6575157873958746,-0.6954721913070284,-0.6731259196487248,-0.6364670980443099,-0.6282444839853079,-0.6523720912366834,-0.6692704047560739,-0.6992152339076935,-0.6931375581167295,-0.7060323944322857,-0.7944384438581877,-0.8576949219697124,-0.8165602705357775,-0.8254886860397213,-0.8227651643548246,-0.8428886816065032,-0.7699503059261663,-0.7936471383286705,-0.8011811747871589,-0.7731505909566373,-0.789047582027685,-0.7978192692432787,-0.7943483090524389,-0.8049523168183845,-0.7962149973032933,-0.8151121507496973,-0.792456583060733,-0.6639395621029355,-0.7393380448299889,-0.6556553230894357,-0.20410692652596435,0.056137344672901365,-0.13398844953787112,-0.31319850602233984,-0.38401312625271544,-0.12392941804029711,-0.23049538914185186,0
2019-05-21,-0.4830433258462994,-0.5064725341396253,-0.5328350460466735,-0.4620034231172346,-0.4906036075180366,-0.48302780282005625,-0.49860069669044565,-0.547839500588554,-0.5371841320343149,-0.6257153993712705,-0.646959598644856,-0.6530452267051303,-0.6496870982375839,-0.6889361187309387,-0.6697429594116989,-0.6388494345228722,-0.6297143559888863,-0.6500794863007834,-0.6671318024419876,-0.6956947030932146,-0.6925772303424281,-0.705421483799062,-0.7927772680101743,-0.8545528073168381,-0.8147239463531193,-0.8249651256562296,-0.8221858919926718,-0.8380489240240329,-0.7676195637100092,-0.7939921477759933,-0.8010424544082949,-0.775635969261899,-0.7920548507654678,-0.8004678315490645,-0.7975754059221035,-0.808413070770346,-0.7995580485732907,-0.8181587361372287,-0.7948874335018746,-0.666168648307235,-0.7399935405250079,-0.6576906382989621,-0.20954268882064142,0.04872156688008173,-0.14086923988731032,-0.31792331158941156,-0.3879430976770111,-0.1312735741393664,-0.23628588057910518,-0.2328044956879983,0
2019-05-22,-0.5062293075001215,-0.5312470197055513,-0.4566068876104123,-0.4820316275762968,-0.4751497692363284,-0.48783868550987836,-0.5259950092703777,-0.5299391832564676,-0.6201853515581561,-0.6423177518579256,-0.648113899396453,-0.6426188440530962,-0.6801851210293796,-0.6638468090719241,-0.6361378484429381,-0.6321398177623532,-0.6513424001775664,-0.6645684884183153,-0.6930970036779392,-0.6891839874750539,-0.7046999681666702,-0.7910466058856457,-0.8521275745514569,-0.8121743655342516,-0.8230231224949072,-0.8216957754248213,-0.8373112422490132,-0.7640564286155974,-0.7913099820642094,-0.8013203828335662,-0.7757501688731078,-0.7944501182239105,-0.8034386148465346,-0.800224957464221,-0.8116105183429436,-0.8030211454832961,-0.821468036855195,-0.7979550753589757,-0.6689079931103313,-0.7418127999858394,-0.6590406535474462,-0.214559557868542,0.040997052891347585,-0.14677443153613917,-0.32276572660699,-0.39177935499299155,-0.13819829429136501,-0.24198905670267573,-0.2385675775388208,-0.3538363153042775,1
2019-05-23,-0.5305564448618922,-0.4565998967525659,-0.47586041837556975,-0.4672744306979043,-0.479748214602854,-0.5138566034846745,-0.5093498102221518,-0.6098961729454568,-0.6363546919543076,-0.6434453372467347,-0.6379340661014163,-0.6722540915046662,-0.6558322798816755,-0.6310775045450431,-0.629559653071761,-0.6536297379450827,-0.6656940715683113,-0.6900574597441669,-0.6866994055635559,-0.7010742640787249,-0.7892015300506946,-0.8496307853750589,-0.8102877651310599,-0.820359102974385,-0.8197948796458867,-0.8366679676524523,-0.7640856463474976,-0.7873450391411996,-0.7985310991232201,-0.7762575171562257,-0.7943780412219211,-0.8057796193699719,-0.8031965166963945,-0.8142031361770405,-0.8062299595331797,-0.8249216173338785,-0.8012954503031473,-0.6721067953797394,-0.7443673623364137,-0.6612961381569508,-0.21967899107141067,0.034305723917444186,-0.15272920117553723,-0.3272761917135932,-0.3958032936472337,-0.14500346619173035,-0.24760189255413245,-0.24423742919723423,-0.3581627236823275,-0.3274720913136477,1
2019-05-24,-0.45725721090177873,-0.4754540932567034,-0.46167401715890677,-0.471665583392227,-0.5046172421954324,-0.49804772263587566,-0.5837004479219946,-0.6254724715920266,-0.6374528683718987,-0.6335011080082854,-0.6668685382747819,-0.6485901812738976,-0.624024881491296,-0.624662918157996,-0.6506286497847803,-0.6678897547078233,-0.6909414514492285,-0.6837772005075833,-0.6983830998977022,-0.7839554546818942,-0.8470169765915307,-0.8083310676864498,-0.8183684741011543,-0.8171753748957412,-0.8345788180654146,-0.7641838479964022,-0.7871328807196082,-0.7944436804666815,-0.7738345814121363,-0.7947164208359045,-0.8055953703475006,-0.8055386752279518,-0.8171300378906412,-0.8088444037093162,-0.8280842639755379,-0.8047577925863575,-0.6756407311821404,-0.7474876019296472,-0.6640473854581984,-0.22430203307992416,0.027069361203614733,-0.15812577808003625,-0.3315969536356611,-0.3997537290624026,-0.1517621875762282,-0.25310649709908833,-0.24982362374695888,-0.3620858734995313,-0.3321114486447718,-0.308208369952419,1
2019-05-25,-0.4757709607425749,-0.4615619298146849,-0.46589532385005106,-0.49541354358618395,-0.48950644453601116,-0.5686627011064578,-0.5981845817279366,-0.6265303702711273,-0.6277679982510472,-0.6617659150877656,-0.643764201008689,-0.6176825998701896,-0.6177985880844603,-0.6452078992475271,-0.6646093553317108,-0.6929758962808064,-0.6847207182281961,-0.6952466032345964,-0.7798243084864572,-0.8406622532039735,-0.8062591876971946,-0.8163074663319467,-0.8152252113842235,-0.8317554551624639,-0.7630060820828303,-0.7869977080053518,-0.7941579477656681,-0.7701660348078789,-0.792023668307516,-0.805832000435929,-0.8053568117642872,-0.8194057795718864,-0.8117884255141405,-0.8306100557382986,-0.8079629456879156,-0.6791576506056669,-0.7509055983357193,-0.6672512482303498,-0.22812076333500136,0.021116683641944967,-0.16372525547786854,-0.33579808393555327,-0.40341838184046763,-0.15758385543887077,-0.2586672152935265,-0.2553018168108688,-0.366275664218969,-0.33641508054290686,-0.3130763917583424,-0.29378222680536736,1
2019-05-26,-0.4621296454705852,-0.4656956830898554,-0.4887247334028979,-0.48098392345009294,-0.5570032307790692,-0.5824190968619416,-0.5991683036229069,-0.6172007114440099,-0.6552956204519987,-0.6391963091308098,-0.6135874813597954,-0.6116324455019105,-0.6377404943248405,-0.6588408849559778,-0.6892041341791576,-0.6867948907663083,-0.6960814108177177,-0.7751940918597655,-0.8355458802113277,-0.8006860208764399,-0.8141309212180246,-0.8132047786135108,-0.8296199780163566,-0.7611696473809166,-0.7855330905767232,-0.7939516398114272,-0.7701319291723151,-0.7880466207135192,-0.8029767696804831,-0.8055956057566527,-0.819086619585415,-0.8140896290341191,-0.8334845405862914,-0.8105703599718234,-0.6826275757663567,-0.754389827055353,-0.6707926521036182,-0.23177848044493635,0.016698448053483094,-0.16864981145999572,-0.33988622256870626,-0.40713950005710525,-0.1634407718381697,-0.26366916815043356,-0.2608382063625682,-0.37036949950385095,-0.34090904832487057,-0.31765803300705064,-0.29882149000251745,-0.17040089127838398,1
2019-05-27,-0.4661887563440337,-0.4880515916778918,-0.474853238542356,-0.545438031555169,-0.5701521762845841,-0.5833533928220489,-0.590492813387265,-0.6437187050001365,-0.633314660728468,-0.6097180053948018,-0.607680393069083,-0.6310102041888985,-0.6509732990468122,-0.6828239570122637,-0.6831441961356105,-0.6980830301301592,-0.7752711352691619,-0.8298936696146286,-0.7962641969743269,-0.8084068088923192,-0.8110689465094676,-0.8274137295226103,-0.7599313197944247,-0.7833860272581665,-0.7923995866804058,-0.7701689066682063,-0.787827190709061,-0.798813949010921,-0.8027438304205152,-0.8192008740001214,-0.8138231036111044,-0.8356823253360244,-0.8135088676874782,-0.6857434154295401,-0.7577011586192727,-0.674311677252214,-0.23598966290144813,0.012785843411054126,-0.1726044881665967,-0.3438615122932769,-0.41062078526314455,-0.1687657589194472,-0.26856573812709567,-0.2658235127249688,-0.3746307032464022,-0.3453044366945956,-0.3223742558487142,-0.30361132584729467,-0.1769047172024999,-0.02172329353836357,1
2019-05-28,-0.48814098851535886,-0.47446780317193715,-0.5368143172740223,-0.5579942375947919,-0.5710452159211166,-0.5751137922595793,-0.6151514422211847,-0.6225439393755952,-0.6046051915257281,-0.6039476319130235,-0.6265999320547828,-0.6438686588202406,-0.6742523749543798,-0.676914738163154,-0.6942112345020075,-0.7767670222150552,-0.8294522554582741,-0.7913324549889257,-0.803850843627141,-0.8054035494994302,-0.8250914496638364,-0.7586246515957722,-0.7818653282424943,-0.7901578401203326,-0.7689158872400149,-0.7876849874700568,-0.7984829204083005,-0.7985849605810669,-0.8161502282548481,-0.813985102033956,-0.8352020132386797,-0.8158018703837954,-0.6890807205642883,-0.7605124608253963,-0.677791817993261,-0.23969754131331716,0.008198508968788635,-0.17632000468823095,-0.34738818436142155,-0.4142149126069805,-0.17427472915905576,-0.2731881319109172,-0.27070058031197486,-0.37874348359924553,-0.3498434127156158,-0.3269899819990658,-0.3084939902215294,-0.18347516253178411,-0.02999195420879518,0.04974932683124151,0
2019-05-29,-0.4748024799114871,-0.535143757533995,-0.5488848600813755,-0.5588470200230975,-0.5631694568408404,-0.598533477659601,-0.5954613896885271,-0.5948874453362459,-0.5989853172871347,-0.6224292933810271,-0.6391543268959617,-0.6664891801463062,-0.6685166145889015,-0.6877065236976896,-0.7713540417580437,-0.8306021234436862,-0.7912565345765419,-0.7987799543260461,-0.8008997630154556,-0.8191571622227769,-0.7572050118552942,-0.7802755235579955,-0.7885510709849292,-0.7669979612650322,-0.78621172848951,-0.7982328181436505,-0.7982563053422986,-0.8117639755333164,-0.811010696072148,-0.8351700890363557,-0.8155183922662825,-0.6919668343275696,-0.763610893636214,-0.680927274002424,-0.24409387273604297,0.004384569342402586,-0.18061648501425145,-0.35092172911380365,-0.4175697263944155,-0.1791424379316909,-0.27780885128080296,-0.275308706069245,-0.382598333432431,-0.3541462544194869,-0.33173191972213345,-0.31327472209971613,-0.1897813382608182,-0.0387080785383825,0.040632270936809343,0.03337776141906174,0
2019-05-30,-0.5343828200317459,-0.546963947232047,-0.549704657620038,-0.5513262911791836,-0.5855549837299192,-0.5798327283628512,-0.5697440887200206,-0.5894736908260539,-0.6169849517126048,-0.6346931268478834,-0.6612399479431851,-0.6609156818603915,-0.6789916193775729,-0.7629306806832586,-0.8241346738491125,-0.792650333355341,-0.7986334444770388,-0.7958829997286992,-0.8144144197729106,-0.7525724901062758,-0.7785717842741281,-0.7868749629824642,-0.765685555483521,-0.7840553073214144,-0.7966269353454731,-0.7980084977628096,-0.8112987256302816,-0.8067116137937663,-0.8318860186888618,-0.8156650131590276,-0.692909431923522,-0.7661417447720776,-0.6842799657572499,-0.24898863294198978,-0.0005263006948212274,-0.1843484143310165,-0.3549496633807621,-0.4210302033512845,-0.18307148340032023,-0.2821186529854936,-0.27991138714152763,-0.38645860057801085,-0.35822377278657,-0.33617363480642487,-0.3181686530182937,-0.19597330159999718,-0.046729621082690784,0.030884671099446735,0.024455039492424224,-0.08968607195782666,1
2019-05-31,-0.5459895747981168,-0.5477667414870894,-0.542474824088596,-0.5727027040487099,-0.5676800157669454,-0.5554075625486188,-0.5647099309590937,-0.6068131539377918,-0.6289289276067864,-0.6562675939537634,-0.6557982443999418,-0.6710943534774961,-0.7520076557068668,-0.8143985841138206,-0.7869262461850979,-0.7999801318139478,-0.7957639480080776,-0.8091497830453074,-0.7489865931310663,-0.773529541052274,-0.7850846268294088,-0.7643046083825146,-0.7825261017187544,-0.7943268971809797,-0.7964054354711609,-0.8109188515963259,-0.8062987293867923,-0.8272328747841086,-0.8126660516642616,-0.6941682073589405,-0.7663499455515815,-0.6871889632560176,-0.25372128329384147,-0.006409097520213918,-0.1888614247804626,-0.35860587245077424,-0.4249503073289072,-0.1867761024659394,-0.2857961496278511,-0.2842098590585766,-0.3901158042814248,-0.3622469451253002,-0.3404138518592134,-0.3227143670770144,-0.2021671727217096,-0.05462215365772139,0.02203851366327629,0.014943710113025485,-0.09714799997563256,0.0037115150674417443,1
2019-06-01,-0.5467778731490023,-0.5406868607235731,-0.5630244157244008,-0.5556335192535778,-0.5443334081261699,-0.5506263400480065,-0.580833601256653,-0.6183190614762021,-0.6499407030633638,-0.6509518342636635,-0.6657362242041677,-0.7420447989973138,-0.8019647766274699,-0.778115582453092,-0.7941124757438093,-0.7971289609200546,-0.8089049851221373,-0.7449219736001927,-0.7695795352096871,-0.7799174957025502,-0.7628104370881851,-0.7809277673995354,-0.7926671390974643,-0.7941084516047809,-0.8091534601523281,-0.8059694848956395,-0.8266072965782838,-0.8083388932740071,-0.6929451843496044,-0.7669425608579248,-0.6881788659755397,-0.25868262285066246,-0.011916741548357196,-0.1939802364917244,-0.3627515385224369,-0.4285761121690287,-0.19105650079815023,-0.28939381942036174,-0.2878822473326289,-0.39382042537923606,-0.36611010109159803,-0.34455605520944843,-0.32707642530917896,-0.2076023505981479,-0.06238248526377092,0.013328479721168273,0.006286439506135476,-0.10488330198448338,-0.004859062197525558,-0.04241866095820366,0
2019-06-02,-0.5398258324545265,-0.5608102367166347,-0.5466154522918085,-0.5333393500564465,-0.5397633132242962,-0.5659398957370025,-0.5915327479619477,-0.6385601895363308,-0.6447635856661484,-0.6606598075158863,-0.7350089270873114,-0.7905886554485049,-0.7667468217369442,-0.7851230803610262,-0.7913171507876948,-0.8101860749261021,-0.7452859444300041,-0.7651372188196336,-0.7758565052114761,-0.7580704277393893,-0.7792154694683359,-0.7909378985787223,-0.7924514699767408,-0.80668069168176,-0.8042663246276069,-0.8260724092382536,-0.8079091428345506,-0.6906485845174286,-0.7646557833385007,-0.6894805511656267,-0.2639151150163433,-0.018030689683440248,-0.198888627799291,-0.36716496158652856,-0.4325742770981291,-0.1947838955760589,-0.293516386645413,-0.2914777452355501,-0.3972250585285681,-0.369944080039808,-0.34856969567350043,-0.33130776815529367,-0.21300647026560807,-0.0688894893052454,0.004815115800749576,-0.0022363370353561526,-0.11212072441556226,-0.013942255510818383,-0.050441663210248865,0.03956616696273498,0
2019-06-03,-0.5595858444500559,-0.5447416088498346,-0.525183602352491,-0.5289752698201653,-0.5544006581240319,-0.576101476560264,-0.610354626885711,-0.6335729529062841,-0.6542183616804569,-0.7283292493890492,-0.7824048823925681,-0.7563670006532397,-0.773548622412774,-0.7823972790737262,-0.8041185148567908,-0.7469733269471919,-0.7653095840236299,-0.771299062393844,-0.7543890093165456,-0.7741608831728231,-0.7890942491849933,-0.7907250134359977,-0.8048639161800938,-0.8018609456707332,-0.8241164835766189,-0.8075635914318298,-0.6914386421038599,-0.7611429162527713,-0.6883260483859818,-0.26906518825736797,-0.02564584753123708,-0.20411133791861544,-0.3715200619227632,-0.43670446285766246,-0.1992749074527828,-0.29719927877665786,-0.2955971072799716,-0.4007067168386582,-0.3734070379842653,-0.35249819337511096,-0.33543410288362135,-0.21800018944042907,-0.07554931908668294,-0.0022071388619368058,-0.010577210878757572,-0.11923590107470541,-0.02225725199370551,-0.05885911702086563,0.030569987344462812,-0.07023762207290574,0
2019-06-04,-0.54380736476011,-0.5237542733251561,-0.5209883209800344,-0.5429527799069643,-0.564113527313746,-0.5939776725969829,-0.6057170808094229,-0.6426809567720662,-0.7201228918332919,-0.7746282634171641,-0.7489924561923724,-0.7629763814488596,-0.770902833961358,-0.7948802551879737,-0.7421439161582388,-0.7668690888053067,-0.7714130239583399,-0.7502253036221969,-0.7701999083601729,-0.783850230995136,-0.7888841574896618,-0.8029772328204774,-0.8001054294100837,-0.8214373875207283,-0.8058403875642095,-0.6922724612276066,-0.7612023312524097,-0.6861077926743612,-0.274055964918923,-0.032957200400375856,-0.2098841337757119,-0.37591989059241726,-0.44083739822996515,-0.20435147666792747,-0.3014743933504874,-0.2992790956665515,-0.40465807934037235,-0.376913493843743,-0.35600376788215493,-0.33943338343352314,-0.22309035550543663,-0.0814617208210805,-0.009470616359202494,-0.017481441895392993,-0.12628017990334858,-0.03044070703245819,-0.06664188689840016,0.02096934839844303,-0.0779304073324254,-0.21511673954451488,1
2019-06-05,-0.5231989935869611,-0.5196460055818918,-0.5344251930184919,-0.5522278040319637,-0.5812003523593994,-0.5895731344993344,-0.6141864578861186,-0.7061683111521341,-0.7652143641670184,-0.741989140956336,-0.7554455470608243,-0.7604054411620907,-0.7830193863293753,-0.734447052048964,-0.7616499793556496,-0.7729335501080837,-0.7505390080388759,-0.7657462136546963,-0.7797209129613762,-0.7836441679419014,-0.8009756050614076,-0.7982801712671665,-0.8194330535906839,-0.8034133035952105,-0.6919988776942354,-0.7613297291082536,-0.6869449135610131,-0.278864050414213,-0.04139920575548662,-0.21552430823824514,-0.3799916307506782,-0.4449068122768283,-0.20922673391273033,-0.30613638835236867,-0.303549825871129,-0.4082926979503388,-0.3809014514952971,-0.3595283427305326,-0.3429708724715542,-0.2276950149335015,-0.0877133277730104,-0.015824649185431427,-0.02460664744999746,-0.132297235995261,-0.038469018638274344,-0.07429770657455566,0.01224067910291105,-0.08594638464906194,-0.22108977882739758,-0.20319597700003236,1
2019-06-06,-0.5191649080579852,-0.5328041857050145,-0.5433414672008963,-0.5685443744935438,-0.5769903083586038,-0.5976169778130196,-0.6732222632909335,-0.7496059667568629,-0.7334265147206818,-0.7482928802252018,-0.7529354009819546,-0.7721792217162419,-0.7243601320057935,-0.7534679719807784,-0.7675956559411367,-0.7521928427149903,-0.7659128066390029,-0.7750925927205884,-0.7795184300580928,-0.795503754303601,-0.796340177655899,-0.8173583036322051,-0.8016380567786308,-0.6911415729854097,-0.7601878496394523,-0.6878242358032672,-0.28392207266946395,-0.05015332993234208,-0.22129770061338683,-0.3840888035844997,-0.4482955212678389,-0.2144001654299933,-0.3106864629194152,-0.30820340184040096,-0.4123336214405699,-0.38454638860997564,-0.36354303960149026,-0.34650901620014196,-0.23150545686100343,-0.09304748390285277,-0.02263458654392259,-0.030859519967977155,-0.13838306169314757,-0.04515938381673772,-0.08183999272005972,0.0036471197922160444,-0.09340819344397926,-0.22701489588891446,-0.2093105182728643,-0.10616731993094866,0
2019-06-07,-0.5320854934091654,-0.5415355289360463,-0.5590269267739707,-0.5645241144743889,-0.5846789543721779,-0.6536865994951385,-0.7136141965910747,-0.7189839980075264,-0.7395658438361675,-0.7458408294590613,-0.7644307706891289,-0.7151794112999557,-0.7428227141923162,-0.7592657712152249,-0.7472611971727898,-0.7674684590370158,-0.7751705981665997,-0.7748938235730334,-0.7911719673640905,-0.7909572141715926,-0.8151679695864698,-0.799793014621849,-0.6907933061360434,-0.7583902760071521,-0.6876065823142544,-0.28888237041245673,-0.05758183770503166,-0.22700060709935205,-0.38739826143402895,-0.4517731269679976,-0.22007109285038978,-0.3153762668209308,-0.31274687270784335,-0.4165459138156254,-0.38863737063614207,-0.36719551620603613,-0.3505437374370839,-0.23515965008007955,-0.09718684089460967,-0.02831942792574348,-0.03754156579646204,-0.1438755197360718,-0.052034032420236395,-0.08819780255451985,-0.004758954813725053,-0.10074582080223266,-0.23280516280990682,-0.21540767288575471,-0.11343361202560445,-0.08544308867928187,0
2019-06-08,-0.5406591764254626,-0.5568956590158567,-0.5551621669488479,-0.5718661650952293,-0.6382726727499825,-0.6920490882190341,-0.6851393513900009,-0.7248981553849757,-0.7371777459121993,-0.7570701480771377,-0.7087788166748301,-0.7331196953448524,-0.7484503255408025,-0.7394370590771012,-0.7622376097113877,-0.776667127176437,-0.7749737130074157,-0.786333622384453,-0.7867044190512181,-0.8094239711976479,-0.7978331697035749,-0.690379110203551,-0.7571872743860683,-0.6868098436871675,-0.2936808377579726,-0.06483403769276558,-0.23259617101860258,-0.390283973868187,-0.45409323210191044,-0.225618864010756,-0.32004744207506947,-0.3174268552636566,-0.42074325176831734,-0.3929457873160142,-0.37132307483268784,-0.354201860186424,-0.23936563213101958,-0.10098087665462654,-0.03261690168746898,-0.04314607898390355,-0.1495962144937972,-0.05810359646709731,-0.09468284216866525,-0.011707798435637849,-0.1079950076243424,-0.23848566781862934,-0.2213354755269389,-0.12093106066439645,-0.09295538181215444,-0.1473213713496481,0
2019-06-09,-0.5557419515390716,-0.5531110575277999,-0.5622202333769509,-0.62304393977678,-0.6749411637306489,-0.6650049276975806,-0.690638825221882,-0.7225976455589944,-0.7481141885216708,-0.7027062137919214,-0.7262948725244612,-0.738588104100797,-0.7292036629810864,-0.7540409871419043,-0.7712561033654206,-0.7764714993924766,-0.7863050822753566,-0.7819480137458421,-0.8048503337029232,-0.7924215771456435,-0.6898549783752588,-0.7559160278649336,-0.6865166333591393,-0.2983160058629652,-0.07244959095278106,-0.23807619053896945,-0.3941871778694212,-0.455847746220285,-0.23124470262947044,-0.32468835332373513,-0.32207772788965383,-0.4249084484891426,-0.39721852300893634,-0.3757017272921031,-0.35835681015997795,-0.24307204421716974,-0.10539323227336342,-0.036478162860003334,-0.047407334414344755,-0.15459690664887638,-0.06455389526712582,-0.10046736671509611,-0.018885270394520464,-0.11415226881623568,-0.2442084147737071,-0.22715232980656158,-0.1279783308043626,-0.10075191752573145,-0.15409915609014024,-0.2867048152414277,1
2019-06-10,-0.5520256878848971,-0.560022733780736,-0.6114184958241713,-0.658059457007587,-0.6490912100611177,-0.6702280870174183,-0.688499620466153,-0.7331329730394365,-0.6951681400964111,-0.7198168746125794,-0.7316339715564514,-0.719885920963617,-0.7433789091368476,-0.7628351781564042,-0.7710643073465341,-0.7877305027033971,-0.7819610416354841,-0.7997611126714246,-0.7881433401085945,-0.6865139364235661,-0.7545319302849048,-0.6861576431180294,-0.30296057391378567,-0.08013535302243328,-0.24351347260787,-0.3980309404008812,-0.45907141070320606,-0.23677890026355355,-0.32886607717396504,-0.32670022293459905,-0.4284951588611031,-0.401495854944318,-0.3800295543489726,-0.3627880605256198,-0.24746126200078405,-0.10915783421912813,-0.040989726832181966,-0.0512531968896899,-0.15858591159048868,-0.07001284900784109,-0.10655730542475786,-0.025176381223657843,-0.12040235339100011,-0.2493212332840274,-0.23300067337977784,-0.13490499551753968,-0.10803829334874301,-0.16100267944866972,-0.2918280888209883,-0.216502203472203,1
2019-06-11,-0.558812561305854,-0.6082005832960393,-0.645079643014837,-0.633374789765396,-0.6540837268863037,-0.66819636405655,-0.698296241369396,-0.6821288230727578,-0.711832531449064,-0.7250324044903408,-0.7133740330002355,-0.7336601557846988,-0.7519149565494448,-0.762648152374648,-0.7821027803484158,-0.7834142045764377,-0.7996053031351393,-0.7833605434327235,-0.6840757441146271,-0.7499506665778856,-0.685688904757193,-0.3075527404597957,-0.08755300935777521,-0.2488404067430226,-0.40145702128241545,-0.46225816093235306,-0.24227311649659955,-0.33274454074949217,-0.3308485389609272,-0.43215236858804484,-0.4053143705730841,-0.38438882086087606,-0.36715714419576617,-0.2523423623263223,-0.11382935057795913,-0.04478230193468857,-0.05574203613120374,-0.16231602321016406,-0.07420847467648045,-0.11178991833286182,-0.03190676968971915,-0.1260149838875533,-0.2543476891757986,-0.23819942941798783,-0.14177562865863547,-0.11520200110430827,-0.16757513498851592,-0.29672006415147206,-0.2224587970032272,-0.252097080881054,1
2019-06-12,-0.6061204724967719,-0.6411635702633971,-0.621349757435396,-0.6381422496264948,-0.6521417200576537,-0.67750076541165,-0.6508683543252295,-0.6981820157270492,-0.716912033164716,-0.707195077530228,-0.7268225528680485,-0.7419547222573393,-0.7517334206994938,-0.7734120830055177,-0.7778710256338311,-0.800945783853923,-0.7833601829794739,-0.6812016598509643,-0.7464103212977997,-0.6824277499211244,-0.31205199970006564,-0.09492577758894877,-0.2541138124222164,-0.4046060459074898,-0.4648766767849922,-0.24765514807829192,-0.33724411554000167,-0.33469337845037916,-0.43475927352456,-0.4091818473060032,-0.3883767111649126,-0.3715777695649449,-0.2570642981755663,-0.11925253136562865,-0.04958952548279381,-0.059528203684035844,-0.16663404235001636,-0.07802643380032513,-0.11588349157368284,-0.03754164670804031,-0.13188760620684117,-0.2590651080164522,-0.24332656639635827,-0.14767387039600788,-0.12229098381398378,-0.17403108108075002,-0.3016843841155157,-0.22836391938564982,-0.2576311556372468,-0.208807105907169,1
2019-06-13,-0.6384882530375743,-0.6179258622714094,-0.6259328160562992,-0.6362877862506555,-0.6610352608189304,-0.6324558360587965,-0.6657959437155709,-0.7030752169189536,-0.6995399281207264,-0.7203323422188923,-0.73492098036338,-0.7417783219748896,-0.762181388233917,-0.7692855779910215,-0.7950592135391645,-0.7848044105305404,-0.6821695892506819,-0.7423929533823634,-0.6800605512239837,-0.3159555705438972,-0.10221509642447563,-0.25933652036819166,-0.4078996616123008,-0.4671511973736303,-0.252971988517335,-0.34166447874697015,-0.33917275439959227,-0.4368417065423825,-0.4121245160719172,-0.392397825077369,-0.3756925005382955,-0.26200970259898526,-0.12439966292313351,-0.05527329637730266,-0.06430434205414401,-0.17037204483092988,-0.0824740944836985,-0.11965806177325426,-0.041816592565539615,-0.13698372349833224,-0.26380596244837495,-0.2481176439240834,-0.15362049778772455,-0.12833862783955186,-0.1804681169866356,-0.30654606718310845,-0.23413820152560294,-0.26302258138927265,-0.21485504188497395,-0.21384673094413423,1
2019-06-14,-0.6156701439474989,-0.6224138644400748,-0.624150081726192,-0.6447804163382574,-0.617979410152208,-0.6466334065010589,-0.6703460478456396,-0.6863402673381306,-0.7123345549542487,-0.7282433381213304,-0.7347487513623482,-0.7519307212095016,-0.7581760121403136,-0.7860462714539509,-0.7792340015978343,-0.6842600541613729,-0.7427808949578311,-0.677260109946253,-0.31995547810145664,-0.11014242356523807,-0.2644684657254867,-0.411137215544332,-0.46964986070972176,-0.25816849762453725,-0.34579928690733697,-0.3435735883711498,-0.44026236022504645,-0.41459085209250285,-0.39558582861418373,-0.37982866968349493,-0.26720925375050647,-0.1299774392429617,-0.06062482894680433,-0.06992842200745293,-0.17491451824174978,-0.08624865117694763,-0.12404169096059715,-0.04566827570498449,-0.14101575367199562,-0.26819122053875905,-0.25295162106738234,-0.15901111779113836,-0.13446028917843136,-0.1860696765756662,-0.3115145653916801,-0.2398028596456978,-0.26838618786302576,-0.22087121804753262,-0.2198348454995539,-0.18478662506087817,1
2019-06-15,-0.6200771071091158,-0.6206681055045065,-0.6323142241985223,-0.6036654743107124,-0.631530932255779,-0.6509548960689202,-0.6547845043452062,-0.6986656265517811,-0.7200392212490945,-0.7280750952220478,-0.7446610800387606,-0.7480386554031087,-0.774444714267852,-0.7706146548230772,-0.6806590094228024,-0.7444842755682899,-0.6782653984345187,-0.32375975384638017,-0.11771813919001343,-0.2692844811463762,-0.41427725460515186,-0.4720903084304489,-0.26332334274758784,-0.3497157851647448,-0.34768439222063324,-0.4436395693225388,-0.4182421260456681,-0.3983326735728514,-0.38320039860013616,-0.2723294467009949,-0.13648422586394374,-0.06650660046948412,-0.07523313434676132,-0.1800899058521461,-0.09096846136309002,-0.12779819309480225,-0.050165704830586015,-0.14476415803173814,-0.2719027389140296,-0.2573953691864665,-0.16460306419972134,-0.13997896472014376,-0.19166872262773835,-0.31611130095606316,-0.24551100941513238,-0.273643713002796,-0.22673428232550788,-0.22577829101690716,-0.19111968926152995,-0.1588207219494586,1
2019-06-16,-0.6183628710127457,-0.6286629168634521,-0.5927895727075184,-0.6166061092545239,-0.6356615949555496,-0.6361752237856998,-0.6662456451532718,-0.706087709348012,-0.7198753663550413,-0.7377580110211858,-0.7408610486755666,-0.7638471232686117,-0.7594660754144347,-0.6744913615442263,-0.7397036178753832,-0.6803807968283678,-0.32811561544029216,-0.1252316667467553,-0.2740952545811806,-0.41622059106356896,-0.47443053001106145,-0.26842716890965224,-0.35370705914960177,-0.3515748964515437,-0.44649218721706835,-0.42184231018846496,-0.40215245635953156,-0.3861573100365584,-0.2772725091682692,-0.14279019213147787,-0.0736418041880159,-0.08104527252841154,-0.1850426740210524,-0.09648437779495096,-0.1324304145442117,-0.05395429441912018,-0.14910917280544433,-0.275514873491206,-0.26113325951311295,-0.16952288999550813,-0.14573280484971496,-0.1968050507279403,-0.3205331340125234,-0.25061384002874876,-0.27897683674441376,-0.23248695670618869,-0.23158321065385218,-0.19748252317288542,-0.16546200694952518,-0.06012373540078336,1
2019-06-17,-0.6262133215737863,-0.5899580395576484,-0.6052296750402371,-0.6205505663911627,-0.6215345584195466,-0.6470605132256795,-0.6731473130513166,-0.7059298641482733,-0.7293057384489587,-0.7340459283285031,-0.7562956987254925,-0.749292223367752,-0.6661643734693217,-0.7320674474215113,-0.6768557351759431,-0.33246718878773135,-0.13146923187468995,-0.2787406564905335,-0.4184784890629586,-0.4752203890929198,-0.27343982811975437,-0.3576441615958264,-0.3555425410281011,-0.4490202145491216,-0.42496899730250587,-0.4059155631487444,-0.39010328508423764,-0.2820260395839023,-0.14962675086022947,-0.08051779800120498,-0.0880365306134201,-0.19033138358349655,-0.10170424910359531,-0.13777813975212036,-0.05874218289882386,-0.15285478707579842,-0.2796587872192513,-0.2647566064702949,-0.17347543395834167,-0.15075431548958565,-0.2020755095774913,-0.3248082083600181,-0.25562859448672637,-0.2838230616452127,-0.2382761816775499,-0.23727824197715,-0.20362272359212863,-0.17219957447157228,-0.0679365746488701,0.05858743213661833,0
2019-06-18,-0.5882073309233169,-0.6021401238087671,-0.6090215639730345,-0.6070603605491098,-0.6319391789467653,-0.653615415041035,-0.6730005354987338,-0.7150143591545196,-0.7256904719567618,-0.7491233558131499,-0.7420849739169425,-0.6586299845835418,-0.7220503780000321,-0.6707826800847175,-0.33575671750189084,-0.13707665554390625,-0.2835232214080437,-0.4204757460897671,-0.47645322160521814,-0.2780838119515264,-0.3614861286079911,-0.35945595004454783,-0.451749323689655,-0.42779381143209233,-0.40924250622633007,-0.3939884007716804,-0.28705128921914985,-0.15654525211802686,-0.08826460239927714,-0.0947819535422317,-0.1962406131017039,-0.10739020754633474,-0.1428660856519232,-0.0643888258595257,-0.15743418783664376,-0.28334769828996464,-0.26891706694334117,-0.17719004371607233,-0.1547527070579589,-0.20679341023303457,-0.3289898304704994,-0.2603374525114492,-0.2885371867666427,-0.24343448673410917,-0.24301436968573403,-0.2096501434043908,-0.1786393563287927,-0.07609851312289477,0.04936546605012212,-0.05293664127590212,1
2019-06-19,-0.6001694455811982,-0.6058533658074869,-0.5960531476709556,-0.6169959526503208,-0.638204631634818,-0.6534760121517493,-0.6814480520888746,-0.7115316895347497,-0.7403746594834092,-0.7352415268042563,-0.6535665962801878,-0.7129349991955943,-0.6625645561894388,-0.3381672754109583,-0.1441933022976959,-0.28815957686730614,-0.42391490704418944,-0.47738715925253156,-0.2827417053660743,-0.3644417685379962,-0.36327414303634525,-0.4544208415842914,-0.43079270934188646,-0.41228417552197044,-0.3974653107815102,-0.29197990077768843,-0.1628710546472444,-0.09622385318131585,-0.10232025646884009,-0.20200454445323807,-0.11412062761629538,-0.1483558381608942,-0.06971123611377315,-0.1626804847491919,-0.28765201276301294,-0.2726106435958874,-0.18148518587917992,-0.15848680952475488,-0.2106549103017476,-0.3330238368195229,-0.26506748396481,-0.29302610316207606,-0.24851423290561547,-0.2481363437680329,-0.2156924470818412,-0.18496377324541755,-0.08367701081939857,0.03949031682237068,-0.06083479286175485,-0.006431235436507338,1
2019-06-20,-0.6038156382708496,-0.5931539252586742,-0.60560443962934,-0.6229789658774805,-0.6380713844509546,-0.6614990933329876,-0.6782095771520997,-0.7256773061581545,-0.7268548875868426,-0.6487718358452995,-0.7065874774702112,-0.6551320045145367,-0.3397127032135251,-0.15136831215590327,-0.29231695960723864,-0.42765467371100063,-0.4802868982599683,-0.2872285220042191,-0.3675992744293787,-0.36619549665063184,-0.45699291929853614,-0.43373474697101244,-0.4154802017705041,-0.4006693777576926,-0.2967394211287959,-0.16905710485080577,-0.10317486034575926,-0.11004111248060594,-0.20797555740499987,-0.12062944836780946,-0.15468066247715806,-0.07554969550190564,-0.167688872578014,-0.29237007852207214,-0.2769375923751994,-0.18521673788254736,-0.1628107181840143,-0.21433081155727027,-0.3365769830064096,-0.2694459441826091,-0.2974780742578845,-0.25327063912882075,-0.2531735259741149,-0.22102391729750412,-0.19127965251046447,-0.09113032046463361,0.030542189803820705,-0.069100453733581,-0.01488141609307718,-0.046805963395882604,1
2019-06-21,-0.5913455091201755,-0.6025071154682151,-0.6113560350593208,-0.6228517253246857,-0.6457401851392723,-0.6584233317119361,-0.691363344204844,-0.712653397975447,-0.642640444592139,-0.700565591371262,-0.6501513318341925,-0.3414134851712767,-0.15839701376123788,-0.29580792547912477,-0.4290797633725154,-0.48366665432285233,-0.29193063660980245,-0.3705297113530318,-0.36932253318072755,-0.45811715567443895,-0.43657826456280097,-0.4186199018375525,-0.40401302873457806,-0.3013324139257966,-0.17536220276891878,-0.10996538920837821,-0.11684890986025809,-0.21390441774939015,-0.12778993427683943,-0.16082157351884832,-0.08259536463033341,-0.17306030242463608,-0.2969641337284821,-0.28169912139010406,-0.18972791785783072,-0.16655038129574967,-0.21856882938860445,-0.34012178357658907,-0.2731543975368965,-0.30168188579918737,-0.25806078320894404,-0.2578987922293718,-0.22630653707740725,-0.1967983125568528,-0.0984860667419388,0.021731065918008982,-0.07676187248172589,-0.023818231693167425,-0.05477688743370921,0.03034705907724422,1
2019-06-22,-0.6005298105416031,-0.6081394180194646,-0.6112337160614887,-0.630174825224897,-0.6428002419548783,-0.6709162034070845,-0.6792526346534332,-0.6315276821266893,-0.6930833480401589,-0.6454356149488866,-0.34385121461596807,-0.1652271349788943,-0.29859676443203265,-0.4291692456872476,-0.4839946362694936,-0.2965132994717488,-0.37444227449173734,-0.3722213636726501,-0.4596471406326868,-0.43809396494841946,-0.4216617541942553,-0.40730075350416406,-0.305938643261651,-0.18162888594701587,-0.1170134805591099,-0.12350097644381337,-0.21963571788215228,-0.13507880484275467,-0.16739456462588004,-0.08939014298511565,-0.1791405308283652,-0.3017193477923753,-0.2863272681957204,-0.19484321462297816,-0.17110091098507024,-0.2222842744026808,-0.34416632869216107,-0.27676522898031924,-0.30531159365604915,-0.262476999944059,-0.2626495677249763,-0.23121136644681317,-0.20230023670843794,-0.10471623957977046,0.013124584117507963,-0.0842973878617167,-0.03201620625819639,-0.06313102476052747,0.021460312232797176,0.2126279298300642,0
2019-06-23,-0.6060604116700377,-0.608019636019506,-0.6182735647665103,-0.6273674113259989,-0.6547414576662258,-0.6594139820315419,-0.6038152184791472,-0.6801204947867191,-0.6393912369058057,-0.34622456766513393,-0.17183108705336717,-0.3014606977951415,-0.42804341284189035,-0.48271830834884305,-0.3005070576903355,-0.37849799012431956,-0.37611789286777275,-0.46088932000545246,-0.4399718338391594,-0.4234634881687551,-0.41049113405311166,-0.3104923672178463,-0.18775655380976136,-0.12408474384236541,-0.1303788772303817,-0.22524697386448075,-0.14162709760885173,-0.1740117100122288,-0.09700725887978084,-0.18505957265573422,-0.3065257385499364,-0.2911331849568019,-0.19974884888596,-0.17629176856788614,-0.22671731395696942,-0.3478272214188993,-0.28090721959998666,-0.30888894542145046,-0.2662024769357237,-0.2670410571985633,-0.23618915391775316,-0.20736551003641404,-0.1110517446212283,0.006038614997098016,-0.09172885703954606,-0.04008364886645437,-0.07086317616477104,0.01199272121391714,0.20157747023276668,0.17526081314704528,0
2019-06-24,-0.6059427925510168,-0.6149134724001076,-0.6155747392185962,-0.6387703306530562,-0.6437471474742492,-0.5877668289764604,-0.6490008441881117,-0.6283976453999529,-0.34798402351789764,-0.1781857076433458,-0.3048431781056494,-0.427245358774361,-0.4800206029013119,-0.30379432428731534,-0.38088591266928934,-0.38016290743462183,-0.4639454300476808,-0.44157487964620856,-0.42559554770603025,-0.4125070717850627,-0.3149530531100703,-0.19383583847578323,-0.13094380096550456,-0.13726584286577118,-0.2308455649025178,-0.14802826234046476,-0.18015648042632762,-0.10481822744222813,-0.191278273004309,-0.3112893017153797,-0.2960443880321435,-0.2049674585934537,-0.18125667103481505,-0.2316825625134376,-0.35199560948421077,-0.2845955884239011,-0.3129815281817106,-0.2698205462012032,-0.27075538517640174,-0.2407232287688105,-0.2125461381639014,-0.11672686907407649,-0.0012995078965761144,-0.09801084209152915,-0.04800509690904085,-0.07846881402693907,0.003370417315550484,0.18947924593438475,0.16465390918216483,0.18563447430560925,0
2019-06-25,-0.6127121482308427,-0.6122706227414444,-0.6265366034498537,-0.6282716314245832,-0.5752637650613078,-0.6306821567440535,-0.6009046508406956,-0.3476783536856742,-0.18432784710208447,-0.3081193407956979,-0.42765344918191217,-0.4777521375174939,-0.30634873147143654,-0.38217404393102844,-0.38251821921300555,-0.4674295482541273,-0.44481405723929396,-0.4274622701697916,-0.4148294886569771,-0.31880099440664866,-0.19982727410440757,-0.13775645651672783,-0.1439573674840661,-0.23634717889573242,-0.1545977677429585,-0.18616749985751832,-0.11168015771655454,-0.1974903322136673,-0.31566288167279566,-0.30090302484929327,-0.2107317781033011,-0.18656342731998724,-0.23647050234022488,-0.3564526641848001,-0.28889727227539813,-0.3166559657816148,-0.27397321808531927,-0.2743687142928523,-0.24450184556177065,-0.2172076164769892,-0.12267849913686614,-0.007708151594430431,-0.10440704832079135,-0.054622342360384504,-0.08596487575123964,-0.005117694157068223,0.17875387767728781,0.15309495804118778,0.17490443277368825,0.1749029016323925,0
2019-06-26,-0.6101170200090388,-0.6230051287802963,-0.6164439848627652,-0.5628754017796649,-0.6162840523660292,-0.5850024993421112,-0.33986858088871474,-0.1900245832316156,-0.310872633152,-0.4280872668926709,-0.4769659101795033,-0.3089933651754987,-0.3824277024605447,-0.3837657527119332,-0.4680755667018997,-0.4484203548637486,-0.4308352109372168,-0.416893672302975,-0.3227514654255202,-0.20588282555430923,-0.14448375751077142,-0.15060203661816382,-0.24177937419869966,-0.1611507751229236,-0.19225745913933875,-0.11838456265101119,-0.2033917570872481,-0.3197652816615833,-0.30542842269760223,-0.21636426380078108,-0.19250996291740458,-0.24151407111393866,-0.36084198819423313,-0.2936102866148917,-0.3208900645810914,-0.2776645986383296,-0.27851439087024393,-0.24814250790870448,-0.221043676871542,-0.12782424089822766,-0.014587130536997625,-0.1101265820062807,-0.06141132671731908,-0.09229105724613744,-0.013426636656875117,0.16818084389089505,0.1428007126493702,0.1631957714729929,0.16430024615340882,0.17041168940013718,0
2019-06-27,-0.620657695100879,-0.6131218395071084,-0.5535772250407672,-0.602046541319834,-0.5726215017557579,-0.3370818757945411,-0.19326903512494953,-0.31192809514907754,-0.42771163143501467,-0.47625843062982454,-0.3121977228943961,-0.3829200963119697,-0.3839726884175757,-0.46719516846306736,-0.449438706739018,-0.43453078220255015,-0.420366785132934,-0.32650445973496095,-0.21179514257303478,-0.15160055614794912,-0.15716077980780319,-0.24716130199278252,-0.1675387209180893,-0.1982911708549536,-0.12532679499074706,-0.20916749805482532,-0.32439938073512664,-0.3097044070307529,-0.22212537840944377,-0.19830773404327492,-0.2469165470337342,-0.36529271598798957,-0.2982003796015393,-0.32547329953291265,-0.28198089340035914,-0.28220379900052306,-0.2523285216843213,-0.2247087621169092,-0.1318786457250681,-0.020315336681016975,-0.11613435627036013,-0.0674182184575531,-0.0987390423199364,-0.02030901914947078,0.15795139833329633,0.1326550826550049,0.15278184003314396,0.15274646030453112,0.1598623455667615,-0.16843237794779403,1
2019-06-28,-0.6109528665144222,-0.5515589886347181,-0.5912332586499944,-0.560352248690202,-0.3356484728705727,-0.19784804958719313,-0.3066250266920234,-0.4244817977883915,-0.4746264252493767,-0.3153036705586812,-0.38437633211409983,-0.38442137531154247,-0.4649531273553653,-0.4490218334570849,-0.4358211893980642,-0.42412921130643516,-0.33083430625540977,-0.21758319600552645,-0.15845597607190445,-0.1640344884665369,-0.252453008766946,-0.17387898871311505,-0.20420706014581383,-0.13228342461714937,-0.21496826540127792,-0.32894980864993206,-0.31444278262248876,-0.2278142468394726,-0.2043327838714563,-0.25222080994040774,-0.36946967451659385,-0.30294970085801104,-0.32996159649016255,-0.2867219641660232,-0.28651052487665996,-0.25602930344120883,-0.22893081814870736,-0.1356365629612124,-0.024632362722430863,-0.12131536199575632,-0.07378928403535981,-0.10449645761591965,-0.02740862781765171,0.14975494156435892,0.12281933535852495,0.14251755646017936,0.142456344314482,0.14837337580261437,-0.17495957054434225,-0.06128406144022243,0
2019-06-29,-0.5505016444065186,-0.5884340047496633,-0.5511516653390739,-0.33406169365916216,-0.20256288665552424,-0.305508604380758,-0.4112867904635511,-0.4696759010412783,-0.3178695857555092,-0.38581176390271893,-0.3858421108462864,-0.4631109140741588,-0.44731325019096185,-0.4357430029523853,-0.425623354266196,-0.335168517123697,-0.22294542806841516,-0.16522232758253605,-0.17067388061896882,-0.2574994282294636,-0.18013229517608534,-0.21007399244745095,-0.13903827604968724,-0.22068881408266625,-0.3332444855207824,-0.31909403021510324,-0.2334013777424819,-0.2103234284740097,-0.2574578036075806,-0.3736622893261962,-0.30774391003868723,-0.3345595217026328,-0.2913340639816015,-0.29123322110365424,-0.2603912066043828,-0.23264176251435223,-0.13999561642607683,-0.02850193680236884,-0.12538566661894687,-0.07919847168385907,-0.11055212356013541,-0.03364277355078273,0.14111581425673128,0.1148922604869387,0.13257251273619586,0.13231480809967885,0.13813507714443413,-0.1815584249801729,-0.06908312737112768,-0.04937484442847064,0
2019-06-30,-0.5867108153238584,-0.5491837370610689,-0.3336138340242306,-0.20697545387519922,-0.3054694032487081,-0.4049117624983273,-0.4533120144020081,-0.3186684210187768,-0.38653873146120066,-0.38724361836469856,-0.4626709030938525,-0.44597006109653464,-0.4344242048444293,-0.4257988023436814,-0.3384051348690705,-0.22796865380659495,-0.17108085028417247,-0.1772161425286308,-0.2625149557721153,-0.18656551039362598,-0.2158523534185333,-0.14574644357558983,-0.2263200280770369,-0.3373341039946624,-0.32351262934088915,-0.23887324380706468,-0.2160918439776539,-0.2625474067635349,-0.3771241532230965,-0.3124964234818983,-0.3390407658705078,-0.29611611487262635,-0.29583090834484654,-0.26521985635676515,-0.23705296790976563,-0.14374518909806341,-0.03302576860340777,-0.12915034386143834,-0.08337165884471759,-0.11576320987172023,-0.04030114411366349,0.13375535050763485,0.1065687305999197,0.12457065348803924,0.1224828317428234,0.12804491126026551,-0.18788731241893356,-0.07722832030141089,-0.057315275301392944,-0.2396856331955156,1
2019-07-01,-0.5481692823016764,-0.33615782151749835,-0.2114431805085799,-0.30524306207404217,-0.40048315048282457,-0.44482547911789316,-0.31289274047997634,-0.3848189933433746,-0.3879332411978242,-0.4622942699893671,-0.4459353744191109,-0.4334456410425974,-0.4247719050778768,-0.34074982290797645,-0.23330499728553203,-0.17643530075945732,-0.1829609845702649,-0.2673727529026975,-0.19281344742692566,-0.22160061376380807,-0.15236890113981358,-0.23190151378342444,-0.3414827498387948,-0.3277364419765616,-0.24430050407617143,-0.22173898493005,-0.2677745438175397,-0.38018412248333905,-0.31685235874497314,-0.3435093935333693,-0.3009779825615841,-0.300591524148876,-0.2699006511574754,-0.2419762896838395,-0.14834379339623274,-0.036821802788619476,-0.13351937345101283,-0.08718007794354059,-0.11984707721276124,-0.04589078695482532,0.12567303673196203,0.09943915919049086,0.11615950911549056,0.11455833707788565,0.11826025411353681,-0.19410179154570428,-0.08479343074379432,-0.06563233916072393,-0.24536703447877417,-0.17935445191106794,1
2019-07-02,-0.3389899354589315,-0.2165210890906636,-0.3059098822811783,-0.39597369795414633,-0.43863437076478157,-0.3114614043551555,-0.37440502671879544,-0.3861623567454072,-0.46102646904295436,-0.4459460716697134,-0.4337071153458434,-0.4240664004927653,-0.342219442928808,-0.2382636737774576,-0.18278102899115115,-0.1882395644895018,-0.2722630659210844,-0.19894964570492937,-0.22723984913200068,-0.15933449712467282,-0.23739345724413155,-0.34557765052734046,-0.33200707464104073,-0.24961658570526138,-0.22738168388933536,-0.2728983500840107,-0.3841920069795917,-0.32093458428211574,-0.34741200719099785,-0.30579186800369335,-0.3054090813519149,-0.2747848685971688,-0.2467313430865982,-0.1536269656716096,-0.04164580751003696,-0.13727175902826905,-0.09161365987099786,-0.1236175208221127,-0.05014533765186587,0.11918902045436744,0.09164875016578089,0.10896583859677966,0.10623783006126336,0.11036813688041416,-0.20031640283535143,-0.09223346861980372,-0.07333485211679056,-0.25093757923101945,-0.18575199716379825,-0.21778953037167964,0
2019-07-03,-0.22151346090141685,-0.3090284728034482,-0.3931311353311222,-0.4324051047405211,-0.3111593415043287,-0.36988307904160794,-0.3756541973790749,-0.45657474946295395,-0.44510465412505357,-0.4340008258206474,-0.4245496627165069,-0.3438493103480836,-0.24274165962046257,-0.18899630773649684,-0.19435408238610008,-0.2769713325420735,-0.204488491656383,-0.23274462992010728,-0.16605554716535337,-0.24272865320078804,-0.3495779525151515,-0.336224292660815,-0.25488012610649013,-0.2329310619062388,-0.2778977935223979,-0.388136979773569,-0.32555656405088124,-0.35097591744129186,-0.3102458048399209,-0.3101827734294044,-0.27985793437536843,-0.25172600155871433,-0.1586642777046978,-0.047361802251857904,-0.1418840096757354,-0.09538424686580621,-0.1279950601662591,-0.05398834952212486,0.1145312151633096,0.0853480781766975,0.10109439252008758,0.09911047019594997,0.10208556201167283,-0.20576577184835654,-0.09957698975413272,-0.0809111072062949,-0.2564443827015825,-0.19219322687943582,-0.22373084305826865,-0.16971393208090546,0
2019-07-04,-0.31235045626789676,-0.3944406844335728,-0.42815340668915447,-0.31067650440296046,-0.3670012517290227,-0.37106948660999794,-0.44112947753763115,-0.44123689782024506,-0.43347095664727064,-0.42505531506942884,-0.34622944060894084,-0.24718570876308027,-0.19492048178545515,-0.2002815229931129,-0.2813478596334647,-0.20962958963361333,-0.2379631577636348,-0.17268251431205323,-0.24800080893887788,-0.3527619393078416,-0.34034732802877227,-0.260092942045533,-0.23840667624695655,-0.2827505966142393,-0.39168746299625645,-0.3300952744244401,-0.3552865320714738,-0.314440082643909,-0.31457252768996635,-0.2848633943766789,-0.2570273703903652,-0.16407872504549612,-0.052738610481594374,-0.14719338619010872,-0.10008479871000894,-0.1317498451856008,-0.05847298196406218,0.11051675432885935,0.08077293905573954,0.09474282146002401,0.0913228571073685,0.09498595345800188,-0.21118651730299845,-0.10579879772847486,-0.08838010331554866,-0.2618438695519752,-0.19839610096100374,-0.22961738705136617,-0.17622591235698454,-0.2840897520779167,1
2019-07-05,-0.3962203957332173,-0.42873656471961996,-0.31113316374179883,-0.36400112500719795,-0.36813527031509546,-0.4332550393071682,-0.4268670715238887,-0.43002988863878694,-0.4247587570677141,-0.3485477515296959,-0.25185161249026944,-0.20071737052879887,-0.20587443222080606,-0.2851116424714435,-0.2153251407064965,-0.2428904752001813,-0.17847032732248932,-0.2531248112407106,-0.3561223711453942,-0.343708317926359,-0.2652149617493248,-0.24383214071825637,-0.28759300188604825,-0.3949712016636532,-0.33437554870876035,-0.3595241992811728,-0.31912937505129463,-0.31869342092609537,-0.289623246101045,-0.2622399206025113,-0.170247878960485,-0.058657973204949865,-0.15225125223821476,-0.10556373454113355,-0.13637373633343136,-0.06225796335202153,0.10577910492801103,0.07679362482457058,0.09014473299445468,0.08502394123536955,0.08723342485825851,-0.21619239997045447,-0.11212450281913054,-0.094687765585308,-0.26730775974831333,-0.20448565378242672,-0.23537681666560364,-0.182806271714653,-0.28924406701411026,-0.3404030879720693,1
2019-07-06,-0.4298970017899345,-0.31414341905700366,-0.3623952339609534,-0.36508402332885564,-0.4275748545041058,-0.41970923089507356,-0.41644586529050603,-0.42163722578458723,-0.3502466155655694,-0.25635422235897487,-0.20648209628226089,-0.2113614386357709,-0.2882144588007832,-0.22073100155578973,-0.24793454468359033,-0.18377758609789102,-0.25815017014892394,-0.35926330690437275,-0.3472260478415547,-0.2700166626334018,-0.24916753225484475,-0.292383541672874,-0.39838727677697694,-0.338449570766742,-0.36343444711322537,-0.32373316660186047,-0.3233386293623517,-0.2941672984604299,-0.26733046330665317,-0.1762475837601493,-0.06587088523269324,-0.1576962685175116,-0.11075459909926674,-0.14170546537938236,-0.06702834723748638,0.10192278193620043,0.07210784325926288,0.08615566154930511,0.0804495939114989,0.0809565454232226,-0.22129794368416875,-0.11779245758863668,-0.10111405425061464,-0.2722434595570846,-0.21058519059191988,-0.24102675038501536,-0.18912037323095235,-0.2941737823013844,-0.3448889516191807,-0.2821501025791532,1
2019-07-07,-0.31737304290353846,-0.36434227125246127,-0.36343624670846114,-0.42184413885855276,-0.41462719729761865,-0.4098116257557788,-0.40864167159040904,-0.34985796080547216,-0.2604576198987123,-0.21203474712454706,-0.2168744674934644,-0.2913721029180114,-0.2257236393037644,-0.2525293637263186,-0.1899795008489401,-0.2629485664960505,-0.36328265610734,-0.3505301518043422,-0.274814715109869,-0.2542769528224951,-0.2970818488986693,-0.4017476219088323,-0.3425840389658946,-0.36710777125275074,-0.32809343525219975,-0.32789979835663313,-0.29906670931440105,-0.2722526185139532,-0.18259509037741392,-0.07281736706562206,-0.1639286143625909,-0.11639741728100866,-0.14678086424993736,-0.07264137721049559,0.09680629594197837,0.06826614511549287,0.08145548071001835,0.07647061632321632,0.07639213387570569,-0.22591226175619813,-0.12373502340688075,-0.10685559636705948,-0.27706241002291576,-0.21595582168590932,-0.2467213369361231,-0.19532019398574255,-0.29916827353963954,-0.349005966512436,-0.2873274415679486,-0.23601415378714255,0
2019-07-08,-0.36666546391113,-0.36536169252870543,-0.4180009298690844,-0.4094801472710241,-0.4051666472433057,-0.4023995444722612,-0.34189536028501827,-0.2633621497570883,-0.21729405727586826,-0.2221865952599833,-0.2949931450253549,-0.23064912058278458,-0.2565885962603548,-0.1960157434602875,-0.26759975776901324,-0.36740964083770494,-0.35463227624105587,-0.2794469213339743,-0.25934846781651133,-0.3012724819208538,-0.40501086983020573,-0.3466647235965735,-0.3708779921229649,-0.33225408240348364,-0.33220767759846936,-0.30387365373632935,-0.27737916533830204,-0.18895442308378144,-0.08067672990967836,-0.16998563959633484,-0.12303865805685778,-0.1522519562020739,-0.07793742219407356,0.09052866753479107,0.06322060917669219,0.07760972249334103,0.07178533156090623,0.07241738061267458,-0.2297270585676803,-0.12887507194995235,-0.11289119470519175,-0.2816280170610628,-0.22128432083747823,-0.25181488712905215,-0.2015213028786697,-0.304059867609517,-0.35335074300470004,-0.29228514940595474,-0.24173913631282615,-0.21011752387210741,0
2019-07-09,-0.3676664776900321,-0.41879465872304794,-0.40611516682441373,-0.40044606802259347,-0.3980818661268153,-0.339006822074254,-0.26146438439626435,-0.2217816940556699,-0.22718113130852996,-0.2984972788111941,-0.2357060597552333,-0.260640921796753,-0.20173386985596242,-0.27170547526427113,-0.37001475108813825,-0.35881450522326813,-0.2842227920800387,-0.26426434176539837,-0.30552749420578695,-0.40713189511983383,-0.35065076117216415,-0.374593442533617,-0.33646729560579475,-0.33631159278692285,-0.3084836272306332,-0.2824057160124265,-0.19494431888224031,-0.08876467688116976,-0.17642467806549383,-0.1294665856335301,-0.15853820552486889,-0.08373666985948947,0.08471132650446313,0.05707922176470486,0.0725444897756755,0.06794377349755928,0.06773832992668932,-0.2333831033226314,-0.13292690982171937,-0.11808967662802522,-0.2861769440064881,-0.22622271573934627,-0.2568187690047965,-0.2069614330872237,-0.3090559180059902,-0.35759822708056727,-0.2973020193376648,-0.2473626669646712,-0.2161499049096129,-0.25263394815303347,0
2019-07-10,-0.4201346149111908,-0.40715541630152924,-0.3974305179783297,-0.39368066075803587,-0.33748841802647583,-0.26261700476453265,-0.22279942953395976,-0.23130614057608193,-0.301501527721889,-0.2405823454602683,-0.264988654377493,-0.2073380109169153,-0.27520181457768783,-0.3715732634502013,-0.3615879685562023,-0.28885467984435753,-0.2691841171551187,-0.30959639480037454,-0.4095477005840923,-0.3538141761754232,-0.3782130035852455,-0.34062693859120863,-0.3404732348056201,-0.31291467724255556,-0.2872856179826143,-0.20080559790091754,-0.09579299511067502,-0.18288866573977028,-0.1364978976760714,-0.16464412577949045,-0.0907012807450623,0.07813678180930471,0.05136874510322075,0.0663652798596909,0.06289891713599267,0.0638985296467157,-0.23759181779005828,-0.13668373568334496,-0.12216786090932663,-0.2904416531563649,-0.23124293830539766,-0.2615196726047169,-0.21237135471560656,-0.31367150572540187,-0.3620009627022508,-0.30221579905162094,-0.25291183010498824,-0.2221471694381949,-0.2581616501803811,-0.42808563629562435,0
2019-07-11,-0.408705540090575,-0.39865089430446166,-0.39092679083827436,-0.3358186961860519,-0.264471796315708,-0.22589472450393652,-0.23165604951534208,-0.30290069308741757,-0.24509709514980285,-0.2691872179744686,-0.21294618049120398,-0.278727580544108,-0.372138095986717,-0.36335606686877925,-0.2929984475892404,-0.27391204698439253,-0.3140865005869338,-0.41170875794334444,-0.3571563263962037,-0.38084789503170424,-0.3446922030896733,-0.3445811668805436,-0.3173736953647034,-0.29200897082249905,-0.20671150412903944,-0.1026582721218294,-0.18894143043176412,-0.14363907444390153,-0.17116124202110872,-0.09742253240649093,0.0695694814582419,0.044953134334890406,0.06062513607773524,0.05675883467405979,0.05886220088334433,-0.24129900031853532,-0.14104117854494297,-0.12593588829150984,-0.29409881849286745,-0.235803666481882,-0.266239647707164,-0.21736931862832656,-0.31811542523814756,-0.3662105840368856,-0.30723228550799464,-0.25835331121024413,-0.2279951147774372,-0.26354532799425795,-0.43153068942199074,-0.6211269435534881,1
2019-07-12,-0.4003545826400835,-0.3922820598811256,-0.3353028772070619,-0.26609358050030607,-0.22937108603028727,-0.2343063541638226,-0.2982305998549445,-0.2485650018836979,-0.27295591341320224,-0.2183492253018775,-0.28264762365351215,-0.37292157817481386,-0.36416210598354337,-0.2964724638951527,-0.2783484963593857,-0.31852766860722376,-0.41523101481038477,-0.36027829829614394,-0.38372036004824867,-0.3479698772400642,-0.34859454457955663,-0.3217798092533822,-0.29673370164097596,-0.21254590664648604,-0.10979823997246735,-0.1948634941956579,-0.15009864379960425,-0.1777145016439147,-0.1049222375642282,0.06139445467512678,0.03671438126372742,0.05416540291383714,0.05104938158601432,0.052738493439836547,-0.24569195577693703,-0.14479029708523541,-0.13030986187220567,-0.2976878441648121,-0.23959430071128027,-0.2706117915683529,-0.22246485108687108,-0.3224066581257117,-0.370178889021895,-0.3118618562827917,-0.2638558839485368,-0.2337328006426244,-0.26890274036535833,-0.4343822910620678,-0.6222805552542363,-0.5415609047396385,0
2019-07-13,-0.3941007490563919,-0.33781183253820457,-0.2682746689269012,-0.23257517019919122,-0.23741127780554389,-0.2975359455211762,-0.24770476957328463,-0.27540204424780707,-0.22344384521437843,-0.28643748460516943,-0.37461424575773644,-0.3651712253395184,-0.2992417960690933,-0.28218687758653044,-0.32209023096462547,-0.419026239750358,-0.36428802713296143,-0.38635511880306245,-0.3514135666073329,-0.3517973888458919,-0.32609238299871784,-0.3014062481475076,-0.218280617449209,-0.11696899539214137,-0.20084411384140444,-0.1564140263646747,-0.1838208942595504,-0.1125989619630204,0.05157329589858124,0.028837374697317283,0.045835440285748465,0.044635293126267836,0.04704188454752111,-0.2505802333277747,-0.14938669823785558,-0.1340636414756076,-0.30179765477095705,-0.2432400724284733,-0.2743173970073101,-0.22707288112675933,-0.32660870860822855,-0.37412216041193747,-0.3163221578028485,-0.2688180516835734,-0.2395082191092314,-0.2741541248357854,-0.4377154307243105,-0.6223462316071794,-0.5436589822648273,-0.6104819623757518,0
2019-07-14,-0.3406140803152002,-0.2721738451140277,-0.23605272185966517,-0.24025291929974532,-0.29784879835029837,-0.2495487253987153,-0.2726600764390206,-0.2277059266586341,-0.28975626946517585,-0.37627561318593383,-0.3670471630528224,-0.3020874817774633,-0.2853755471047383,-0.3248406936428315,-0.4206203347097053,-0.3684085912238865,-0.3901176843995506,-0.35464086694101526,-0.35517457883215225,-0.3297267205483701,-0.3059861607518737,-0.22396588037802387,-0.12391849407554727,-0.20675942276632395,-0.16287809283161306,-0.18979480814346028,-0.11938024836347105,0.04124228614501603,0.01949210803106266,0.03787569892412454,0.03639968696246678,0.04064689860516567,-0.2553077988309312,-0.15466563994934626,-0.13868265501264523,-0.30547694999843533,-0.24743362639152153,-0.2779270176222867,-0.2308848427938321,-0.3306555459417562,-0.3778843019116577,-0.3206253758327158,-0.2736680109489576,-0.2446570772801582,-0.27948159216796636,-0.44096000483615716,-0.6234521584446203,-0.5448729363759214,-0.6117619322699461,-0.7591480145830412,0
2019-07-15,-0.2761613056261349,-0.24062020806107773,-0.24343350223949559,-0.2979659853525014,-0.25198058159011544,-0.2732501825962296,-0.22830827214579263,-0.2915862148337965,-0.377251296615287,-0.3688836645259633,-0.30545514072633745,-0.288613502756296,-0.32677730828828155,-0.42092021493020765,-0.3709941350143682,-0.3940732915621992,-0.35870402889482256,-0.3583328981285826,-0.3334873674464248,-0.3100060479217802,-0.22956195404793983,-0.13082183622924556,-0.21256768010237947,-0.16931692145018867,-0.19583915923460224,-0.12600668282554947,0.03286650321262996,0.009705220050408704,0.028398317608991072,0.028525534907633304,0.03245078105309983,-0.2602615759515614,-0.15969963362338338,-0.14400501788481837,-0.30973461478264175,-0.25113653420773335,-0.28206722135375306,-0.23453968215006105,-0.3342144773557486,-0.38165483404907435,-0.3248425784852193,-0.2782563041493213,-0.24972575584553472,-0.2843239467587925,-0.444438921071446,-0.6244887327410183,-0.5468968558677954,-0.6119812344072635,-0.758663286778852,-0.7078627581931234,0
2019-07-16,-0.24517742663466485,-0.24784790490964936,-0.29891427661792574,-0.2541654554872449,-0.27463543789338635,-0.23112678188053692,-0.2877094599687392,-0.37587219308583647,-0.3700521400999671,-0.30871714003357453,-0.29229977660496165,-0.3288440267473522,-0.42003652311957623,-0.3725282887187444,-0.396156140385756,-0.3628602542873033,-0.3623610660005204,-0.3370434536861842,-0.31410932278750503,-0.23504732406744322,-0.13764013228624505,-0.21832668883137812,-0.17560107506939832,-0.20182348229987215,-0.13285307795408333,0.024698430907210807,0.0016563048673011338,0.018460373421644468,0.019184826454083464,0.024612448514502484,-0.2654784350935732,-0.16510914573796628,-0.14907307013956378,-0.314363102034738,-0.2555087515995728,-0.2857550863400168,-0.23874661774223843,-0.3377617375908881,-0.3850891851310222,-0.328898932840366,-0.2828339119879356,-0.2544740649636721,-0.28903353757462746,-0.44801643339343333,-0.6259337744433531,-0.5488435037723373,-0.6132099776456893,-0.756737076538192,-0.7079867973035631,-0.8151438483270984,1
2019-07-17,-0.2522746143270813,-0.3021779618270869,-0.2568079135131026,-0.27579905670816485,-0.2343721079948685,-0.2875434277764099,-0.3660855501213332,-0.36893707952284227,-0.31145484096704046,-0.2958662462373062,-0.33157898218073495,-0.4194649803590742,-0.37306508756093576,-0.3970644795763943,-0.36555447345743325,-0.3664939363170386,-0.341273408738112,-0.3180208233520745,-0.24045293560796926,-0.14488816179683522,-0.22399675913968733,-0.1818372694741245,-0.20769447571496313,-0.13970592642969507,0.015957135477540685,-0.0061957355860802485,0.010320714944012956,0.009403150206771155,0.015328938278441648,-0.27061432785773326,-0.17126809758231407,-0.1545332358446065,-0.3188868938773601,-0.2603572071261685,-0.2900543259056558,-0.24245329869242643,-0.34180991257352333,-0.388583478408799,-0.3324621552837348,-0.28711663550016264,-0.2592539723099056,-0.2935191366538877,-0.4512441838872293,-0.6281196398245985,-0.5511268496818402,-0.6143683088697096,-0.7562505861678522,-0.7068007234340424,-0.8139944380519614,-0.7349774418112507,1
2019-07-18,-0.30562364367367406,-0.26094491975619755,-0.27760474567644033,-0.2373507517977022,-0.2882975268090993,-0.3619816046361295,-0.3596367065876395,-0.31248894936942634,-0.29893911608084284,-0.33423636618220853,-0.4200570509023546,-0.37382234557455774,-0.3968810460885713,-0.3672239192063785,-0.3691169824890943,-0.3455409519668817,-0.32243108009959126,-0.24571537408078184,-0.1518602032011158,-0.2295888453168645,-0.1879861485526314,-0.2135163905000222,-0.14636643744959674,0.007052318550230205,-0.014548581254879614,0.0023809394005478617,0.0013573658440645222,0.005612660878545525,-0.2755824604948839,-0.17725854823960885,-0.16079689849359405,-0.3235376088229804,-0.26505353713019747,-0.2947626466344697,-0.24684382082589323,-0.3454718287910946,-0.3925534870488266,-0.3360112399061294,-0.2907819231422706,-0.26366375939053394,-0.29796691384550333,-0.45464566263904976,-0.6297169905431507,-0.5538863116475428,-0.6159255056150696,-0.7557084802134262,-0.7069059363751722,-0.8112601095312416,-0.7347796238530263,-0.6624541779631484,1
2019-07-19,-0.26513513885152745,-0.281310408302367,-0.24064358807617453,-0.28884527423833783,-0.35944868794577733,-0.35585677556431516,-0.3071465554426902,-0.30043226283618224,-0.33630849074801594,-0.4206666811434609,-0.3754937129970485,-0.39696456135297453,-0.36791642185912926,-0.3706978236207036,-0.3485744046364237,-0.32681895681253015,-0.250810961661888,-0.15874752832919609,-0.2350892927443957,-0.19426876112837863,-0.21924958083240662,-0.15298000895711095,-0.001473497960842668,-0.023032749848397153,-0.006079745634895215,-0.006491647577828163,-0.0023938367378396695,-0.28036465544389605,-0.18359127742536283,-0.16688233072157668,-0.32812797961711593,-0.2699608592856556,-0.29934905805858797,-0.2517274258136327,-0.349645182154584,-0.3961933631933814,-0.34006210724049357,-0.29437440211866245,-0.26738633738318535,-0.30216809121117955,-0.45772284488303466,-0.6319256622752762,-0.5561556659576674,-0.6181881113359899,-0.7556993381176628,-0.7069504294147786,-0.8101275675938989,-0.7332022374513983,-0.6631172265907506,-0.6772959602885062,1
2019-07-20,-0.285132891619546,-0.24511585588931473,-0.2901463467520409,-0.35678902218495656,-0.35359431699517596,-0.30600392954056094,-0.29593524876668054,-0.33643104360215503,-0.42048458472496253,-0.37713472586312174,-0.39808869215370635,-0.36881933330848077,-0.37128835371034985,-0.35066616861301464,-0.330219117552333,-0.25565622867692567,-0.1646674209498958,-0.2404501062359696,-0.20038286149222606,-0.22493269717781633,-0.15950754874501819,-0.009957428815026743,-0.03117618345966159,-0.01468069239245198,-0.014840772578440598,-0.010204865796858047,-0.28540712459134876,-0.18993371402847756,-0.17336673075910422,-0.3326955943749744,-0.27508168699655816,-0.3040929039148307,-0.25645132626350897,-0.35411177140960337,-0.4002597927517363,-0.34372478260358347,-0.29848930896200865,-0.2710031741013229,-0.3057966113724104,-0.4610631566592283,-0.6334948428396385,-0.558855978214687,-0.6198753680708564,-0.7568902009060194,-0.7074816264742414,-0.8089449832241065,-0.7329946149069391,-0.6625864783285444,-0.6777828337993242,-0.6045360130194238,0
2019-07-21,-0.24959189739962337,-0.29359188612791953,-0.3554620890625512,-0.3511985595993977,-0.30594285600839355,-0.29535592161425916,-0.3294098995355237,-0.41751981695735685,-0.37808800245726126,-0.3992067623945394,-0.3706090053720362,-0.37209587472504874,-0.35184470544111246,-0.3327674033717382,-0.2604502551075356,-0.17006282975427425,-0.2455955994664773,-0.20638022851885332,-0.230514040759564,-0.16633625661437143,-0.018361689770729644,-0.0392766953864643,-0.022930281120502414,-0.023320912097851053,-0.018507302412802254,-0.2903523848230751,-0.19591345990918502,-0.17988258358615158,-0.3367562750860752,-0.28013047111712086,-0.308875794380318,-0.2613996525372743,-0.3585085741088381,-0.4045210628489964,-0.3479018188372446,-0.30217004114350426,-0.27515402704543157,-0.30937345817348216,-0.46430353022570464,-0.6358879843689892,-0.5610467134187095,-0.6221498154053838,-0.7573218450388568,-0.709042207905587,-0.8083458715419299,-0.7327289711303624,-0.6632155924682355,-0.6770378925373207,-0.6058865625986776,-0.6155042691136208,0
2019-07-22,-0.29719260512087015,-0.35755292555267454,-0.3500878607535419,-0.3056951721233344,-0.2957650391983893,-0.3271486784281945,-0.404812963516652,-0.3766782111270562,-0.39958437004731506,-0.3723630708685741,-0.37380806745503375,-0.35320227851542324,-0.3344713383542968,-0.26473379080390746,-0.17653337569507646,-0.2504741735486094,-0.21184864537311934,-0.23595876932738252,-0.1729356577301144,-0.02789695940289923,-0.047296233257573164,-0.031137235780582473,-0.03146068315082905,-0.026936883550675413,-0.2951323688492108,-0.20176492548706823,-0.18596650499084508,-0.34050091479902317,-0.28495950474721593,-0.313618040789955,-0.2666052437206677,-0.36297042457660245,-0.4087568178241354,-0.3523754800796558,-0.3064346770748214,-0.27884489472334456,-0.31346529572924586,-0.467715351426046,-0.6387012983451458,-0.5638302511057227,-0.6238021525216966,-0.7586776811539404,-0.7099070001126847,-0.8091330568385044,-0.7329744891024662,-0.6637794672826122,-0.6774957697101289,-0.6061916752337745,-0.616724623157328,-0.6686310379740908,0
2019-07-23,-0.3599987121436413,-0.35229016321406353,-0.30634450510326294,-0.29597615968645496,-0.3261539022586775,-0.3987632052751453,-0.366835052517501,-0.39738615796939086,-0.3734407987599628,-0.375488093231845,-0.35536124211046416,-0.33632039616522547,-0.26843477608589134,-0.18290404237758284,-0.2553697009902186,-0.21694273891911686,-0.24114683267810266,-0.17943643619813004,-0.03690161189862245,-0.056276664585628536,-0.03926357843819149,-0.03955752259601617,-0.03503069540451067,-0.2997475215538004,-0.20765876954897122,-0.1919186926003603,-0.34492009820117314,-0.2895826577690926,-0.31795758119120454,-0.27173091549176287,-0.3671703758315769,-0.412979150223584,-0.35677782988655793,-0.31107655058876643,-0.28315870135582355,-0.31713952320851546,-0.47156365134461115,-0.641931549575809,-0.5668195866827578,-0.6262475243720753,-0.7591686675748188,-0.7115797290974744,-0.8090917680221832,-0.7343395990720695,-0.6647890871015312,-0.6778898847300822,-0.6074890198241605,-0.6168714445829286,-0.6692207659579906,-0.7389433323042576,1
2019-07-24,-0.3548309785100586,-0.3094540811862802,-0.29700141569438,-0.32499512746108167,-0.3946060991605019,-0.3626934491771636,-0.3860910182457111,-0.372201452589782,-0.376484316260144,-0.3574682048278299,-0.3388785602670247,-0.27215197852597856,-0.18900704803491808,-0.259779597223341,-0.22249504719977048,-0.2460538180897562,-0.18516023368881168,-0.0458974020874479,-0.06478824664232806,-0.048398041039612115,-0.04757337549396811,-0.043081451128779716,-0.3043738949602302,-0.2134801100681029,-0.19793633889564446,-0.349262735051206,-0.2945295863972135,-0.32202106130036023,-0.276682726786648,-0.37138384699189264,-0.4166839711347577,-0.36124793028471225,-0.3156108423137591,-0.2878949943204818,-0.32137260264214096,-0.47516921004487606,-0.6455118963937286,-0.5701246757989495,-0.6290843879261191,-0.7608845993723584,-0.7124713461081186,-0.810101604493396,-0.7349753844686313,-0.6666770218473469,-0.6787431321977982,-0.6087153606118743,-0.6180422429900873,-0.6686008747514892,-0.7386984383813382,-0.7041855060183848,1
2019-07-25,-0.3127683795205885,-0.30030477523198795,-0.3248979547957213,-0.3903615774021545,-0.36012909909742113,-0.38098192184389773,-0.3626721912921191,-0.3751333432147185,-0.3589344112247351,-0.3413670014028677,-0.27622751280653446,-0.1949712251579332,-0.263626007294632,-0.2277225823759146,-0.2510359271166516,-0.1904247684592738,-0.05288691908455861,-0.07327256574967385,-0.0570465067018926,-0.05654849244308712,-0.05105106355711723,-0.3089478175653112,-0.21920294709315533,-0.2038917436064361,-0.3533020060542569,-0.29938247334544604,-0.32663178021510303,-0.2814462603678885,-0.3748790152493617,-0.42044831712684266,-0.36546493574732564,-0.3202771731990461,-0.2925033465365348,-0.32595388016888055,-0.47906915414180734,-0.6490419020400037,-0.5738154651284181,-0.6323246515677897,-0.7633925734039887,-0.7144389124891793,-0.8101551621973981,-0.7364805711516414,-0.6679253285470302,-0.6805240716001735,-0.6103352036122864,-0.6191431292428324,-0.6691587234090469,-0.7370638172108029,-0.7043531948952156,-0.7107491413758067,0
2019-07-26,-0.30378428085494114,-0.3276227168821434,-0.38773608676716287,-0.3574387611779513,-0.37760999560173447,-0.35873974595550334,-0.3653985062581794,-0.35822711480013636,-0.3432531492364018,-0.28016596206169825,-0.20087182818481605,-0.267479247639808,-0.2325099901200237,-0.2555536104100382,-0.1964964847247278,-0.058996195983994866,-0.08000261345475532,-0.0656728177037879,-0.0650553517487872,-0.05995949362216381,-0.31342877080989834,-0.22487630407350676,-0.20973644930479377,-0.3571150480862053,-0.30404891698110315,-0.33115960303992026,-0.2864775191584217,-0.3779770637870844,-0.42322630207890655,-0.36969387651876645,-0.3248998251719266,-0.2972798238138735,-0.3304406417659725,-0.48301073252331084,-0.6525753128674631,-0.5773766115564857,-0.6359197742684124,-0.7664930053641665,-0.7170603433808695,-0.8115963466446274,-0.7371603734526807,-0.6698786382739527,-0.6816470266903428,-0.612640674056561,-0.6206474111902358,-0.6696519475116255,-0.7368104382306189,-0.7032201902364577,-0.7108389185032079,-0.6604106186698084,0
2019-07-27,-0.33060894759507287,-0.38915753366943695,-0.35608669671105597,-0.3741316388063072,-0.35634998215933317,-0.3613290804735149,-0.3496776934985605,-0.3431209933442781,-0.28364831681876423,-0.2065543241713194,-0.2716652765026036,-0.23724348858840857,-0.25952406957871416,-0.20237064076805064,-0.06764220616375691,-0.08593872035796501,-0.07247489790041524,-0.07353477185921474,-0.06840709002016104,-0.3173059411906267,-0.23046043129818813,-0.21553200514922488,-0.3610122770260299,-0.30854111794036043,-0.335426494920923,-0.291411940664495,-0.3820078234711052,-0.4255043432174713,-0.37321374734831303,-0.32949672169370053,-0.302130169761361,-0.33503628351556697,-0.486995728515232,-0.6558130601228291,-0.5810610967874479,-0.6394539461775929,-0.7698817705228954,-0.720209013008829,-0.8139804427448551,-0.7389948998023593,-0.6711249784069627,-0.6835086286766063,-0.6143781494447916,-0.6228738107856044,-0.6705964882112185,-0.7364994327353456,-0.7033678294505957,-0.7096111890522409,-0.661097924781402,-0.7354681269523068,1
2019-07-28,-0.39103264182405667,-0.35816457831842113,-0.37213390821388914,-0.3538300025210264,-0.35882497772343724,-0.3463981412253248,-0.33563076942371617,-0.28570228313289314,-0.21195657125894093,-0.2757093150487865,-0.2421444928363632,-0.2634933518959418,-0.20790222628940946,-0.07672114960341235,-0.09405700680744723,-0.07845907934143109,-0.08026233430304086,-0.07682503562087267,-0.32128238733999526,-0.235928572444043,-0.22123874688395065,-0.36485507962173835,-0.3130557242455331,-0.33948602530913236,-0.29617860229809034,-0.38597491312418536,-0.4290425036593769,-0.3763400401183388,-0.33360416084480515,-0.3069336040078589,-0.339512807322399,-0.49084511986499857,-0.6592459868278452,-0.5845889428589488,-0.6430075689473043,-0.7733577570911847,-0.7236689652293443,-0.8170282063824887,-0.741556345679225,-0.6733153450619968,-0.6846390276517721,-0.6166893369476889,-0.624518649822969,-0.6724398935842293,-0.7367031662635457,-0.7034543827737679,-0.7096831003662055,-0.6605966686708599,-0.7352644844569659,-0.7253080581492615,1
2019-07-29,-0.3605993204109827,-0.37387895729172615,-0.35261752172998606,-0.3561934281080447,-0.3445533538177101,-0.3330569881187775,-0.28223809247671455,-0.21663997063438933,-0.2793079052635232,-0.24687176618451417,-0.2677736339686479,-0.21333186732271037,-0.08594103484136786,-0.10247897695040706,-0.08672386965980143,-0.08619678254106193,-0.08352141204443017,-0.32506232613248626,-0.24131887313052242,-0.22688371970312357,-0.3686024260328412,-0.31751757692776444,-0.343607320113158,-0.30077932831797394,-0.3895525812289483,-0.43253332408387246,-0.38038776682904857,-0.33740226285461267,-0.31137085190402225,-0.3439771532178955,-0.4937789992290692,-0.6622743136768963,-0.5882494165430742,-0.6462841279429992,-0.7766291032075257,-0.7271650239666422,-0.8203392459109468,-0.7446795118936803,-0.67603723201641,-0.6867565720967395,-0.6183881226803297,-0.6267620641997472,-0.6736360313915829,-0.7380396858788341,-0.7040243231967921,-0.7096945790545044,-0.6612493603625837,-0.7336800166064921,-0.7252250178342162,-0.7347176673248094,1
2019-07-30,-0.37602994781275995,-0.3547673569153371,-0.35488953205142193,-0.34256515272998056,-0.33180131481732045,-0.2823469626268611,-0.21801822883173932,-0.2815210645440664,-0.2512224791679222,-0.27190774145223023,-0.21879830207945944,-0.09482090309642183,-0.11094277009102502,-0.0953282252521915,-0.0943100143217233,-0.08943504670960029,-0.3294058415898395,-0.2465654293713904,-0.23243116612043965,-0.37142160642628674,-0.32188607905601424,-0.3476747956567357,-0.30539258740279746,-0.3928657581313532,-0.43552558705696626,-0.384371261039874,-0.34185356241442383,-0.31554604803916264,-0.3478729295564669,-0.49684403592538223,-0.6635108933283376,-0.5916161624116636,-0.6497474977031902,-0.7793636238362524,-0.7305337469240712,-0.8237933166711109,-0.748101827280651,-0.679228611853146,-0.6894456250138705,-0.6208626687338857,-0.6283751680187731,-0.6755511741474803,-0.7386419759211617,-0.7056114141706393,-0.7101953653105438,-0.6618366093376862,-0.7334667327854147,-0.7237871776304337,-0.7345229329450584,-0.6896208164785645,0
2019-07-31,-0.35726344199279103,-0.35699224385074024,-0.3417883866240359,-0.33038796110293783,-0.2833305254021002,-0.22135374953592302,-0.2783500487965944,-0.2544657256271266,-0.27560548191278733,-0.22406590424133171,-0.10308972896064122,-0.1191153505070111,-0.10400192067906246,-0.10272569181144735,-0.09748485054925166,-0.3337491751166642,-0.25165295989584613,-0.23784073253295795,-0.37445784425974776,-0.3256010751633942,-0.35164757921597156,-0.3099533601543517,-0.3963085935495763,-0.4382048346381677,-0.38796909276577896,-0.3462272507487601,-0.3202238776041126,-0.35142902220674843,-0.4985053322843349,-0.6650363353936272,-0.5935523198722905,-0.6528211009559292,-0.7824018309066806,-0.7334552542670505,-0.8269583418330896,-0.7515872737962206,-0.6827515939507449,-0.6926230450302703,-0.6237126863363156,-0.6307958975810314,-0.676749261834402,-0.7401226572685699,-0.7065072639332642,-0.7117351386237564,-0.662867760005429,-0.7331954765691158,-0.7236911155369775,-0.7329492955457607,-0.6899613913218079,-0.6755410393134349,0
2019-08-01,-0.35944815456524515,-0.34416282708920637,-0.33008219827831026,-0.2841021795894765,-0.22503062989209313,-0.2786542690702469,-0.25319175169856273,-0.2779544347116694,-0.22901142533784852,-0.11103531301265052,-0.12680969329425257,-0.11237085460142965,-0.11118224291436488,-0.10582156539030751,-0.3370135935405523,-0.2564928496253529,-0.2430109581214422,-0.3772624875851132,-0.32943340123387616,-0.35479187959821756,-0.314421118817635,-0.39969577149065516,-0.441071407861484,-0.3913041046504417,-0.3503046886061156,-0.32481658631358273,-0.35573494060632904,-0.49950658281441074,-0.6642391376743891,-0.595712338277275,-0.6541512757231027,-0.7848431113697388,-0.7366401295056865,-0.8294887009210408,-0.7549045132977076,-0.686265424826879,-0.6961254258293716,-0.626958542593679,-0.6336216504340112,-0.6789093213074946,-0.7407714787934757,-0.7082027147503369,-0.712575552843784,-0.6647704268988829,-0.7334358247046376,-0.7235360698372811,-0.7327446701477464,-0.6890385807270284,-0.6760487441099403,-0.6928766567086311,0
2019-08-02,-0.34685039615776103,-0.33269943483783976,-0.2855867109179566,-0.22843037687304557,-0.2798008925529485,-0.25476002064286896,-0.275033500693552,-0.2330693050412499,-0.11892882672877551,-0.1342062978436378,-0.12022468233990383,-0.11934804875194494,-0.11418724060079052,-0.3393928911722551,-0.26127048914575335,-0.24790603859746763,-0.3811112356283591,-0.33306384160428165,-0.35811704315008064,-0.31827926029313963,-0.40298594349009453,-0.4438807622838536,-0.3947667887716364,-0.3541590611401948,-0.32916323251749563,-0.35996806726879493,-0.5022777427551899,-0.6624294146085817,-0.5959284606501334,-0.6557616164875433,-0.7848661521805923,-0.7392995420567935,-0.8323667682760688,-0.7577271601502721,-0.6897203664056498,-0.6996334478866718,-0.6305619186344232,-0.6368571902158248,-0.6816175433766911,-0.7425865462328798,-0.7091230577499141,-0.7142304467953844,-0.6660359932134119,-0.7347973972941583,-0.7238834640008531,-0.7324819976627873,-0.6893542599518415,-0.6753291294414563,-0.693178584035007,-0.7246961449145326,1
2019-08-03,-0.3355939962140058,-0.28912682093796976,-0.23206824556857877,-0.28073165856331656,-0.25696175822944045,-0.275504356976171,-0.23329558600695907,-0.1270241980847846,-0.14149548054168817,-0.1277736916731938,-0.12703688899774151,-0.12226803640611432,-0.340902342400439,-0.26553362446631246,-0.252851868146536,-0.3851243610193234,-0.3373315165084881,-0.3612213944643311,-0.32223879594699395,-0.40514579803227385,-0.4465911453615852,-0.39817386919372877,-0.35809386083921574,-0.3333091280587423,-0.3638727340985671,-0.505026989288043,-0.6635119514169844,-0.5952773395302606,-0.6550999888364926,-0.7852908117090056,-0.7397735042386697,-0.8345698811058454,-0.7608344914463064,-0.692807434024891,-0.703060208932075,-0.634098417686116,-0.6404453416485777,-0.6848031134087754,-0.7451392184871811,-0.7111086668177943,-0.7150995159340247,-0.6680019301438322,-0.7354290384329182,-0.7253182811662023,-0.7327302526071992,-0.6896074036917116,-0.6758072540035808,-0.692208785944356,-0.7246203681398915,-0.6995095652624375,1
2019-08-04,-0.29280816476927857,-0.2367183731262527,-0.2823465587413386,-0.258922086365127,-0.27679007320692495,-0.23586351409733466,-0.1346860540844861,-0.1487631763381796,-0.13523064554990635,-0.13442823528524467,-0.12988782863184467,-0.34256947000094773,-0.2692111315292997,-0.2573243864287949,-0.38738249271328046,-0.341624233994395,-0.3652221843776012,-0.3260011931698745,-0.40759611004818963,-0.44791484237918017,-0.40148401137027667,-0.36197433598827117,-0.3375089315718434,-0.3675400146269318,-0.5071077485661165,-0.6646285538694817,-0.597055877912633,-0.6534452728074917,-0.7827358348355972,-0.7406071876517126,-0.8341005831842675,-0.7633785768455039,-0.6961221710162421,-0.7060931632192199,-0.6376633302066514,-0.6439775479131119,-0.6883175216481898,-0.7482586544812666,-0.7137382327860106,-0.7170529200805335,-0.669264234170221,-0.7369311931602861,-0.7260357328194487,-0.7340972353074344,-0.69033079702881,-0.676221441749129,-0.6924869009337269,-0.7231913589193756,-0.6997327585517908,-0.6817005810252811,0
2019-08-05,-0.24134604639591653,-0.28595387221565965,-0.26138056200653065,-0.27785656351931487,-0.23889967719976454,-0.14220850064861565,-0.15490075829446104,-0.14272811625454748,-0.1417116295508649,-0.1372131922137953,-0.34497986423975174,-0.2729063712232642,-0.26124286645591127,-0.38850904487903015,-0.3447344034923308,-0.36933678262438,-0.33033580978853927,-0.4097929616913766,-0.449622082846714,-0.4036726664176595,-0.365759483091758,-0.3416551285358583,-0.37130474165971633,-0.5087999379761484,-0.6647025527577023,-0.5988454089943033,-0.6546209262742706,-0.7789163160848623,-0.7387053585471632,-0.8340786497724617,-0.7636141354164285,-0.6989747203305856,-0.7093654549313654,-0.6409615682113153,-0.6475216346797001,-0.6918289350073452,-0.7516754649705057,-0.7168903611481413,-0.7196679655118421,-0.671464627687318,-0.7376071623230848,-0.7276006668636428,-0.7347352147228325,-0.6920228857667569,-0.6770931789853266,-0.692702804485322,-0.7231023567708785,-0.698667235934976,-0.6821351707499823,-0.6602143446133865,0
2019-08-06,-0.2896925093824456,-0.2654227277121003,-0.2795826698967053,-0.24167422334692126,-0.14938025001517113,-0.1614075411240894,-0.14928885910315487,-0.1489713976654947,-0.14442395098859792,-0.3473270956008583,-0.27696406661945855,-0.2651635247829666,-0.38857674656952873,-0.3469216737059356,-0.37190414591248994,-0.3346732042238821,-0.4133333769995245,-0.45104813263607213,-0.4061485726970562,-0.3686331787271959,-0.34570690127776454,-0.3750146833479451,-0.5107692434928078,-0.6642216415525578,-0.5997465364247889,-0.6558275585020124,-0.7787915176518778,-0.7356326307481577,-0.8308105331694345,-0.764231566557285,-0.6998479336948643,-0.7121548775462072,-0.644441942497987,-0.6507798822794698,-0.6952721483983667,-0.7551593593046133,-0.7203554176188094,-0.7228139202778148,-0.6741910355476812,-0.7394392810928896,-0.7283560045358952,-0.7362420065588298,-0.6930417468521372,-0.6788867697235267,-0.6933918944361589,-0.7229543101136593,-0.6988688237851215,-0.6813266630706917,-0.6609039805398266,-0.730861459392744,0
2019-08-07,-0.2695320918753552,-0.28324730872723114,-0.2447998314705996,-0.15619022983524944,-0.16773150578429558,-0.15607760512309662,-0.1550943797468044,-0.1515842394824484,-0.3490577960150978,-0.2808854689288433,-0.2694043128082055,-0.38889518673026996,-0.3482101259771965,-0.3734156663640988,-0.3379195236723149,-0.4171407208964405,-0.4541975201450936,-0.4083719737428968,-0.37171786284510294,-0.34896511794398516,-0.3786287169398382,-0.5126788991529349,-0.6642155285353699,-0.6001613143876761,-0.6560122172634055,-0.7787408088807738,-0.7359564485803655,-0.8261756303313772,-0.7619844160805685,-0.7010437717540685,-0.7128975957681065,-0.6475408357159095,-0.6542288889930219,-0.698336695105378,-0.7584690686519098,-0.7238529155694862,-0.7262698660225428,-0.677384337506704,-0.7419996414414903,-0.7302379743713233,-0.7369238381683494,-0.6948271932466826,-0.6800245466298346,-0.6950605116168516,-0.723308151367557,-0.6990088603574119,-0.6817337219604458,-0.6604055570088228,-0.7307124990223326,-0.7271495706198136,0
2019-08-08,-0.2870348177994603,-0.24918589533471994,-0.16262228518233118,-0.17371423192547786,-0.16263692728636317,-0.1615914342971899,-0.15752401668104823,-0.34871274350523934,-0.28434905796141785,-0.2735006795411826,-0.3902101314682029,-0.3496705196689278,-0.37392641723198056,-0.3402762895456573,-0.4187717475489466,-0.45774389180144265,-0.4119258575636543,-0.37457276039692,-0.35239151594872364,-0.3812556368178924,-0.5144865232422686,-0.6641444134660619,-0.6009694117069718,-0.6556511385204137,-0.7773800100967159,-0.7363394841277388,-0.8255610099969556,-0.7585168574508254,-0.699720247506548,-0.7139750636778979,-0.6489232897505474,-0.6572811308188582,-0.701633767200288,-0.7612772558159678,-0.7272286206349492,-0.7297647950790095,-0.6809101561891603,-0.7451223461294079,-0.7328208115404672,-0.7387596391191377,-0.6958613128083917,-0.6818969923162771,-0.6960518743328169,-0.7247473798539504,-0.6996280662819819,-0.6820774570803038,-0.661060513211194,-0.7291945134798472,-0.7270446711595897,-0.7520186481218133,0
2019-08-09,-0.2535884449118904,-0.16871277978799873,-0.17946847396887672,-0.16884931121542993,-0.16790727866513688,-0.16389899701770874,-0.34083044229713,-0.2863773232424148,-0.2771568739947811,-0.3915105446613983,-0.35191299764299483,-0.3746593086168195,-0.3417598096065913,-0.4191176047358328,-0.4585796233838298,-0.4157421903557862,-0.37844700241046253,-0.3556008796323989,-0.3841210177079376,-0.5145082831362439,-0.6639645294526884,-0.601714712994237,-0.6557539570754869,-0.7753453709427601,-0.7355118210884013,-0.825036717267136,-0.7586034903891107,-0.6973087373602105,-0.7124625206422486,-0.6505810522395679,-0.658567147369824,-0.7044600444148779,-0.7643732452579322,-0.7301635352873588,-0.7331280375748735,-0.6844247868793228,-0.7485439804154947,-0.7359530725425784,-0.7413216596874377,-0.6979183845118216,-0.6830411003976213,-0.697817202809925,-0.7254699996404557,-0.7012488664072047,-0.6828842976619959,-0.6616500071621852,-0.7290343790557254,-0.7255802546948443,-0.7516185474157293,-0.8115820514796676,1
2019-08-10,-0.174568417205351,-0.18520956459082136,-0.1747917242006978,-0.17388208116533485,-0.17011294481504866,-0.3379954096222014,-0.28286580073350526,-0.27944892649643077,-0.39208888021296284,-0.3540997672060225,-0.3763108846402425,-0.3434026798457107,-0.4182868265232385,-0.45793540263015287,-0.41740061005222456,-0.38247714249594256,-0.3596549423232229,-0.386748427967374,-0.5150585257823146,-0.6611199533525992,-0.6023540222876701,-0.6557920687174552,-0.7739268691179838,-0.7340545092629511,-0.8230938139441555,-0.7587572038896708,-0.6980297654065114,-0.7098348916826629,-0.6499951497350643,-0.6601374328911728,-0.7052789482488782,-0.7669004624958858,-0.7333589269176142,-0.7360390211270912,-0.6878836086248817,-0.7520292348853231,-0.739388809623436,-0.7444450702394718,-0.7005801715131234,-0.6851672554811963,-0.6988258883720135,-0.7270387147116858,-0.7021842085088832,-0.6846334838761,-0.6626832257645608,-0.7288158137441133,-0.7254629461632569,-0.749795226461242,-0.8104749204916001,-0.803627179428192,1
2019-08-11,-0.19076732268243582,-0.18062981450729407,-0.17962983094474047,-0.17598831840095938,-0.3365216671818488,-0.2829431324299773,-0.27642320305311296,-0.3901655796834649,-0.3556538270693278,-0.3779329847256754,-0.3457933714361153,-0.4177647818920579,-0.45596517155033656,-0.4177805693598724,-0.38478712530877157,-0.3638050948609001,-0.39050726567197913,-0.5152844003427843,-0.6591229573950932,-0.6006908669114502,-0.655721782937975,-0.7724395385172744,-0.7331608165965091,-0.8204288196476396,-0.757647670229785,-0.6987968433682411,-0.7104260916765315,-0.6484270157277069,-0.6594118432231356,-0.7064255229631302,-0.7671011513029774,-0.7360339799617523,-0.7392156417412219,-0.690978127087982,-0.755345542708344,-0.7428780405697901,-0.7478677462092633,-0.7037459990688395,-0.6878601907582393,-0.7008669850748688,-0.7277988325328031,-0.7039085520797224,-0.6857192381580004,-0.6645873076100477,-0.7291046975218988,-0.7252868373074263,-0.74939099111,-0.8077919949583852,-0.8026144744653787,-0.7851889636572107,0
2019-08-12,-0.18627026828071772,-0.18536757488863922,-0.1816546007386432,-0.33489552536683864,-0.283900369741602,-0.276824235396005,-0.37937672594670824,-0.35506685239685426,-0.37886544163542885,-0.34812177482725704,-0.41839705648815323,-0.4543772234941432,-0.4169890383193321,-0.38597822791739134,-0.3664808074209924,-0.39446038483684487,-0.5178249389291066,-0.6567065342628887,-0.5997437689704842,-0.653035266753348,-0.7708386218714958,-0.7321997170711676,-0.8184373046715977,-0.75588512354819,-0.6984412251024259,-0.7110676454776572,-0.649654681210824,-0.6576839948069212,-0.7050233327866724,-0.7676869526139442,-0.7365402740789438,-0.7418627776102011,-0.6942987083534828,-0.758166400516479,-0.7462136396175201,-0.7513532943961078,-0.7072312722163296,-0.6910392614107271,-0.70352156927686,-0.7296838047619563,-0.704865422631946,-0.6875536238836172,-0.6658545316276976,-0.7304994798679599,-0.7256148293784142,-0.7489304306033036,-0.8067005472289642,-0.80004635171463,-0.7843951242420477,-0.79438498047724,0
2019-08-13,-0.19092247981816565,-0.1873503492709343,-0.33441541383981155,-0.2846463359961097,-0.27805166888393096,-0.3746049811638007,-0.3467390195202526,-0.37742713622368934,-0.34983174891892393,-0.41904510596526895,-0.4541437353193565,-0.4165037075324164,-0.38612021889784925,-0.3681272139395422,-0.39653565165717025,-0.520964964366904,-0.6579066351656859,-0.5984164244596353,-0.6511787345513741,-0.765944666965124,-0.7311268214177469,-0.8163754083987735,-0.7547139625547898,-0.6974950858080456,-0.710557739503639,-0.650911601219749,-0.6588157157938805,-0.7025218782100838,-0.7653892941996764,-0.7374032852964114,-0.7423113615069004,-0.6971599495587729,-0.7612723285263475,-0.749071541169136,-0.7546710271391355,-0.7107344705364806,-0.6945440781471072,-0.7066843344682551,-0.732267995648701,-0.7068739745198005,-0.688649614806105,-0.6678216813403748,-0.7311700282740836,-0.7270363709643944,-0.7489964031919958,-0.8055587025686853,-0.7990466832696761,-0.7820930973455785,-0.7934819823841162,-0.8156460790008856,0
2019-08-14,-0.19286945161813043,-0.3369427759002064,-0.28610981982357947,-0.27906128790215917,-0.37151464570159276,-0.3436071174206869,-0.3675314651606068,-0.3494583101933675,-0.41890530244823626,-0.4539644566568001,-0.41716580235311623,-0.3865081531209491,-0.3687932013897446,-0.39743455186795495,-0.5205623836150998,-0.6601520515081927,-0.600169014973438,-0.6489080170694475,-0.7621264411101025,-0.7269943655834825,-0.8141979717590875,-0.753474642930281,-0.6970660654558154,-0.7094445236039472,-0.6511580710816669,-0.6599798719346035,-0.7031888743559169,-0.7618639862020993,-0.7355482881514256,-0.7431220246652929,-0.698051130748957,-0.7638143268895832,-0.7522065254572627,-0.7574946211328686,-0.714137830011001,-0.6980527870503526,-0.7101650883110574,-0.7354008322015534,-0.7095138849338349,-0.6907455476811458,-0.6690855186220598,-0.7327006477144216,-0.7277382694618901,-0.7502386620321413,-0.8049971178179331,-0.7979958261616007,-0.7813061596949553,-0.7910472408051588,-0.8144907071406998,-1.0078561079021364,0
2019-08-15,-0.33976071606868613,-0.28963908012928263,-0.2807407965783077,-0.3683110603273962,-0.34188557509397355,-0.36335487139654105,-0.34152373201358516,-0.4159984579045548,-0.45291390865014625,-0.41784234821720573,-0.38787954328402613,-0.36967130914073854,-0.39724025532358126,-0.5183765643130667,-0.6570232106697892,-0.6027831632884445,-0.6501820344521615,-0.7578208225372837,-0.723852864242641,-0.8084725736965428,-0.7521225808426971,-0.6965708972270569,-0.7088636252298711,-0.6508639269569058,-0.6601123213198252,-0.7039037116129223,-0.7619159276304579,-0.7325291067094948,-0.7411834357808662,-0.6992632671484537,-0.7640455711520278,-0.7547917377415887,-0.7606026953451085,-0.7171258477115937,-0.7014828802163874,-0.7136670123512308,-0.738837418655278,-0.7126704113723843,-0.6934248563857346,-0.6712868751711063,-0.7334126032809384,-0.7292918247549094,-0.7507305197930416,-0.8058099803322839,-0.7975180535850834,-0.7804661982630325,-0.7901542041703875,-0.8117491305488085,-1.0044191620674474,-0.9989718204658369,1
2019-08-16,-0.2933111741931771,-0.2843814148970528,-0.36653846469603457,-0.34001763442828037,-0.36076131445915666,-0.338653865822658,-0.40339827774388537,-0.44875973287162857,-0.41773391426947215,-0.3892338960668506,-0.3714408348025523,-0.39731360872037547,-0.514632150803703,-0.6514434183967222,-0.6007780079396821,-0.6524767827076982,-0.7580625345472758,-0.7202492245185576,-0.8039154658303164,-0.7475875179461086,-0.6959655176841594,-0.7082161674812151,-0.6510275912383505,-0.6596947055692017,-0.703483881815494,-0.7620360996691997,-0.732885091196467,-0.7380686778742667,-0.6979657688250862,-0.7646590888495935,-0.7551123135678558,-0.7631478856456975,-0.7203628921771021,-0.7045222329683153,-0.7170641898651057,-0.7423268890939683,-0.7161419583338277,-0.6965981335227426,-0.6740137172427756,-0.7352673249770884,-0.7300327768848234,-0.7521304084401026,-0.805798773952007,-0.7983882632730089,-0.7801826898987836,-0.789209059015199,-0.810610794128339,-0.9989036569958787,-0.9956403330149407,-1.0157763433554194,1
2019-08-17,-0.2881484456284889,-0.36839956793191336,-0.33933940413552366,-0.3580424769922755,-0.3371510474971192,-0.3974195987039435,-0.43386242722145457,-0.4148700326468471,-0.3898716097317313,-0.3731756482757478,-0.39842948570894,-0.5113845403054269,-0.64379297681151,-0.5965971130786892,-0.6494982775032566,-0.7596683214382484,-0.7208470504155245,-0.7988433912880315,-0.7440882301303566,-0.6925073022484988,-0.7074579804224066,-0.6511267134619969,-0.6597461301612234,-0.7024682085002334,-0.7608853386053717,-0.7332992270512323,-0.738367247154854,-0.6955840159949251,-0.762405689210298,-0.7558068625617913,-0.7633857282622879,-0.7230998933592577,-0.70779954349216,-0.7200403367297193,-0.7456636499995499,-0.719641286367451,-0.7000944004397928,-0.6772072038124134,-0.7378378765204581,-0.7319057112146072,-0.7526770881048307,-0.8068306188541754,-0.7984442426250971,-0.7811858218453434,-0.7888286618312432,-0.8094224652614191,-0.9955476986192311,-0.9902530438230638,-1.0122453826392728,-0.9941284694852943,1
2019-08-18,-0.37064949875116066,-0.3417646385368417,-0.3566670613177915,-0.3354965339353587,-0.3933218231117744,-0.4263531132780585,-0.4023489743892503,-0.38802963187423295,-0.3742321830354968,-0.3995396685569499,-0.5098030182273159,-0.6368914646697255,-0.5905566231971081,-0.6441056409167503,-0.7545902535540763,-0.7226905079764302,-0.7986962801661399,-0.7401134518816773,-0.6899649808973622,-0.7037793896924656,-0.6511176457849626,-0.6597327085934247,-0.7019759794808017,-0.7590781471832675,-0.7325097908769767,-0.7387258711579636,-0.6963229200157733,-0.758930985462264,-0.7536828573476637,-0.7640052312260629,-0.7237342463034518,-0.7105964303297356,-0.723268069978786,-0.7485237825948075,-0.7230258697806493,-0.7036006986041444,-0.6807332949352232,-0.7409649141281066,-0.7344844744600277,-0.7544280006217139,-0.8069120006322303,-0.7995252408787349,-0.7813975277788349,-0.789765499113431,-0.808818062099447,-0.9921608780700392,-0.9869995878548304,-1.0066155746522152,-0.9908544736419368,-0.8964243987514622,0
2019-08-19,-0.3444955112428935,-0.35873290567992727,-0.3349931759146784,-0.389135195052877,-0.42097770137962687,-0.3964230163464956,-0.3773905445968638,-0.37296381132043566,-0.39990859356108027,-0.5083355502143259,-0.6323421202381242,-0.5851611435419406,-0.6366705915495963,-0.7465838315033644,-0.7183367252181356,-0.8000425662130838,-0.7405229991961227,-0.6869828816532602,-0.701041226521658,-0.6485194168633106,-0.6596107143196456,-0.7014174313273873,-0.7578664026811127,-0.7310938745387235,-0.737868202730022,-0.6971072813508418,-0.7590133261467737,-0.7503560995783604,-0.7617613891295355,-0.7247134177258857,-0.7113545785490224,-0.7259912230635013,-0.7516605168633292,-0.7259778329740928,-0.7070190964651993,-0.6842480024436822,-0.7443929427495498,-0.7376150033801914,-0.7569517467404867,-0.8083706612768969,-0.7996687645920327,-0.7825924562244855,-0.7898995367801174,-0.8096016267834663,-0.9895313586864988,-0.9837143854789631,-1.0031682366106265,-0.985537082515727,-0.8943101710339596,-0.8924873720902821,0
2019-08-20,-0.3611573855927206,-0.3375085547085219,-0.3865571398306103,-0.41554437787230825,-0.392369247499473,-0.37271859313006045,-0.36338109564182786,-0.3976984899603637,-0.5058669296240886,-0.6280385832358327,-0.5818350495738009,-0.6299705684816941,-0.7361406499281563,-0.7112319794794651,-0.7941736872391983,-0.742240799492657,-0.6878960150507836,-0.6978559769376078,-0.6467413432666502,-0.6568496253983308,-0.7007484562800073,-0.7565863895909603,-0.7302378117049986,-0.7363783983714501,-0.6967729069001584,-0.759162889684809,-0.7505273151645742,-0.7582976132094759,-0.7230439104301605,-0.7124460427736413,-0.7265969493020158,-0.7542483318042663,-0.7291865970960466,-0.710035991447642,-0.6877071968606275,-0.7478800001899847,-0.7410481843294968,-0.7600588844097719,-0.8107626370352355,-0.8011664563551248,-0.7828800157441443,-0.791037642810027,-0.8095560961973948,-0.9889292691677984,-0.9811784705483597,-0.9996908246814467,-0.9823395066778766,-0.8904028213397097,-0.890419877717644,-0.9359101206905708,0
2019-08-21,-0.34031627871597686,-0.3880030390740904,-0.41194483821045763,-0.38822556046268425,-0.36971155614973694,-0.35941303225056487,-0.38638145042422634,-0.499770599655317,-0.6224479436058281,-0.5787004581121656,-0.6255848802827435,-0.7266266636716994,-0.7018265118224939,-0.7851827694403098,-0.737504084807725,-0.6899499090693314,-0.6986660521627526,-0.6445520123464298,-0.6549268223355582,-0.6971985249497997,-0.7551934956233955,-0.7293144439665784,-0.7354551689446336,-0.6958497723192283,-0.7580482551088605,-0.7507628073384176,-0.7583865185174069,-0.7202368129111487,-0.7109558496841574,-0.727550153877204,-0.754574287826991,-0.731881538365232,-0.7132956866027926,-0.6908024309414997,-0.7512050548296634,-0.7445366945394806,-0.7634575455636952,-0.8138137508125608,-0.8035760304422751,-0.784468175861555,-0.7912533648094815,-0.8105628293728326,-0.9872603596667593,-0.9806404284172732,-0.9969778580533125,-0.9791097023835033,-0.888332505581398,-0.886569346236487,-0.9333271890451008,-0.9910111756479961,1
2019-08-22,-0.38989899371945,-0.41286417544849713,-0.38568268912270354,-0.36658925199596026,-0.3569935377069296,-0.38125776160354863,-0.48129656011892225,-0.6120757800652551,-0.5743966243561177,-0.621437734166106,-0.7199553795077537,-0.6932832570911844,-0.7736065593861624,-0.7299226198392416,-0.686237417035953,-0.7006511650813007,-0.6458673171338697,-0.6525873608646175,-0.6945746980572209,-0.7505995459795605,-0.7282794084405927,-0.7344644526320696,-0.6954416639933432,-0.7562801846966348,-0.7497537917303561,-0.7585424290569508,-0.7207202015895978,-0.7083537750299888,-0.7258391815497772,-0.7552737171149123,-0.7324289453044099,-0.7160663750007072,-0.6941235735214668,-0.754042708607854,-0.7478687970527319,-0.7669363224436374,-0.8171297343321402,-0.806634626379236,-0.7869185402696228,-0.7927964040476092,-0.8106124637471062,-0.9870794223120609,-0.9790465543604356,-0.996318671058455,-0.9766248167810444,-0.8862202370787851,-0.8845444538976284,-0.9288499909966644,-0.9877741827463202,-0.9639773107589837,1
2019-08-23,-0.41431121725242737,-0.38714672520204507,-0.3648832544274972,-0.35444454731856734,-0.37787365492299657,-0.47140397466875367,-0.5857272273182983,-0.5657868356397115,-0.6160192537199929,-0.713624104064517,-0.6874004338658872,-0.7630326794113433,-0.7199685094229324,-0.6799310263029688,-0.69672906734569,-0.648189620633669,-0.653826504420039,-0.6915080516082396,-0.7470479270357986,-0.72420155356411,-0.7333618394531898,-0.6949674644499382,-0.755104002453971,-0.7481000950347186,-0.7574355958820393,-0.7212575180967177,-0.7089603261432426,-0.7229846740693995,-0.7531575049741187,-0.7333292493344113,-0.7167703659594266,-0.6969856495411416,-0.7571618109984328,-0.750719984425842,-0.7702212053000441,-0.8205851991184501,-0.8099616517460848,-0.7899944787449555,-0.7952264243789013,-0.8120511839655233,-0.9856275487938488,-0.9789205132378936,-0.9945828683608957,-0.9761216906721851,-0.8847647571722068,-0.882477216970199,-0.9263241089787341,-0.9825017796480724,-0.9610612155904469,-0.9316440463465648,0
2019-08-24,-0.38905814214517204,-0.36677868810268505,-0.3532082964641968,-0.37438341266609276,-0.46403922213927934,-0.5705876473861708,-0.5426839292917134,-0.6058828747818841,-0.7058012768381666,-0.681822616463947,-0.7555005137632812,-0.7109120257436695,-0.6714443629774756,-0.6901617344922354,-0.6452950881531868,-0.6560979778576059,-0.692378294206679,-0.743018864740622,-0.7211085746811177,-0.7291865257242773,-0.6943831249150657,-0.7538596479756343,-0.7470278821885731,-0.7556759735284253,-0.7206194891133592,-0.7096167221632806,-0.7234395823816206,-0.7498396575876253,-0.7315338030328267,-0.7178127049606214,-0.6978785564547176,-0.7597234029463447,-0.7538497022635344,-0.7729817196919521,-0.82375698717,-0.8134202299327654,-0.7933470974791328,-0.798293713303944,-0.8144341689956447,-0.9861231774889742,-0.9775380420697096,-0.9943529916751261,-0.9745687228776511,-0.884965985862153,-0.8810632173994902,-0.923760204150234,-0.9793401695675603,-0.9561789586680259,-0.9291117539120258,-0.9546889296771085,0
2019-08-25,-0.36905788684270624,-0.3553458784896058,-0.37237594367768484,-0.4566647343914614,-0.5588431759349725,-0.5297070085983671,-0.5799685505744092,-0.6923719690132575,-0.674829215587755,-0.7483465747675258,-0.7046123406285894,-0.6637606055645822,-0.6813747602162934,-0.6400069908059198,-0.6530485442358397,-0.6944035628743906,-0.743400873756964,-0.7175552681995652,-0.7260069376818272,-0.690955252868816,-0.7525025339087223,-0.7458877788012592,-0.7545074708434588,-0.7193675300972379,-0.7091250594655337,-0.7239493626668111,-0.7500162258667825,-0.728582710365198,-0.7162440665008794,-0.6990922582315305,-0.7599951509519315,-0.7564270820246628,-0.776040315684908,-0.8263003326157511,-0.8166071221363888,-0.796812892066963,-0.8016335674062633,-0.8174814602472926,-0.9880809419413655,-0.9780772621227862,-0.9928392467961352,-0.9744726089408006,-0.8842382129299396,-0.88129282836257,-0.9218887044528242,-0.9761460207725992,-0.9533292516275421,-0.9246961228129672,-0.9518830895699897,-0.9689187987677378,0
2019-08-26,-0.35783151731231816,-0.3741159727384531,-0.45147469476519875,-0.5471950340820589,-0.5197677305053661,-0.5651183084958922,-0.6603932806098616,-0.6625358678541103,-0.7396181379512907,-0.698636167483744,-0.6585758950974356,-0.6734100763343372,-0.6326922527102408,-0.6475676075152185,-0.6906038370403943,-0.7451002949731015,-0.7181786281516878,-0.7223637899180807,-0.6884398969024182,-0.7479601851700436,-0.7446352704239635,-0.7532708167297999,-0.7186605097563628,-0.7080315990259799,-0.723277487605107,-0.75025689328801,-0.7289795975057954,-0.7135522995971053,-0.6977972595731948,-0.7606454089759195,-0.756731466504987,-0.7785119195528222,-0.8291885861774184,-0.8191794711494788,-0.8000347934590639,-0.8050957628309654,-0.8207918026489636,-0.9909474451035876,-0.9800546810222321,-0.9932960143196496,-0.9731279731018392,-0.8847458148665441,-0.8805983070047201,-0.9218052780867096,-0.9736939788378376,-0.9504443152469275,-0.9222194605999868,-0.9471348803086632,-0.965944047084239,-0.9648778623119808,0
2019-08-27,-0.3762626835163549,-0.45157414986068184,-0.5385033604568538,-0.509881065163533,-0.5536153502531764,-0.6415021937677714,-0.6326492002450514,-0.7249485315125517,-0.6912042461700583,-0.6536651984691152,-0.6679971878985655,-0.6261047750577937,-0.640030936006139,-0.6841888472918897,-0.7403075712965579,-0.7200391271597735,-0.7229415733855691,-0.6854857693503977,-0.7444544226150184,-0.740243781474446,-0.7519214292195074,-0.7178865883262668,-0.7074686590022117,-0.7219888770116245,-0.7492542388223326,-0.7294332800622678,-0.714104970301201,-0.6954183647903501,-0.7584506779453081,-0.7574113285764555,-0.7785976447280626,-0.8314068484329409,-0.8220904744562825,-0.8026743684475393,-0.8083002034725201,-0.8242456768446632,-0.9939909882696397,-0.9829295405296495,-0.9952362570687541,-0.9736909573844942,-0.8841644244949157,-0.8811302359265947,-0.9207440142913782,-0.973213325496562,-0.948277100897029,-0.9197043509827193,-0.9443923379043967,-0.9609904758063817,-0.961951077404736,-0.9716319989594603,0
2019-08-28,-0.4523222129717909,-0.5367977685547013,-0.5026326637096026,-0.5422028728192162,-0.6266263018710138,-0.6151520816738262,-0.6906856691216423,-0.6783103126024798,-0.6474061816170502,-0.6628684430234899,-0.6218105000473626,-0.6332358503057652,-0.675577200412534,-0.7326563796704458,-0.7157372770472673,-0.7247716546143083,-0.6864130927879919,-0.7404729279995962,-0.7368720841090827,-0.7473902235334371,-0.7170015074337479,-0.7068392082601868,-0.7212485392050468,-0.7476074305437169,-0.7286924526175512,-0.7147092720857805,-0.6961589857127085,-0.755043054248994,-0.7552638706227663,-0.7790791642854625,-0.8309688673152712,-0.8243425712477493,-0.8056381022956819,-0.8109062496636289,-0.8274097484063295,-0.9973696347594287,-0.9859854156281747,-0.9980953106496843,-0.9756790910864603,-0.8852068004171585,-0.8805796008523796,-0.9210076329739542,-0.9716866859280636,-0.9479913363901881,-0.9178777984527693,-0.9416136417062897,-0.9580837563801914,-0.9570558239409038,-0.9686250410119052,-1.0418750200932425,0
2019-08-29,-0.5360069648880147,-0.501671059928515,-0.5337042916908427,-0.6119225740133536,-0.6014397490743352,-0.6702725773012327,-0.6473175867233847,-0.6361186265531361,-0.6563693929491988,-0.6177507089265081,-0.6287729490252495,-0.6677765268884399,-0.7226220228041335,-0.708697183245874,-0.7203771083977811,-0.6884764572497136,-0.7408790681010303,-0.733029657793275,-0.74389436352083,-0.7131399134936595,-0.7060990894568575,-0.7204412100389641,-0.7465414794907707,-0.7273291741829551,-0.7141535778887521,-0.6969450070327868,-0.75516569162189,-0.751910297644818,-0.7766149840683509,-0.8309753408977042,-0.8239745326840272,-0.8079686225325821,-0.8138436842780981,-0.8299382763546882,-1.000168751424554,-0.989367539275562,-1.0011278600461764,-0.9785585061322917,-0.8874110819530411,-0.8816412940625514,-0.920117787713312,-0.9716098338270575,-0.9466930210485877,-0.9178251264852554,-0.9395442893218076,-0.9551422994301382,-0.9541957267927444,-0.9636323134874885,-1.0380342625264611,-1.0442129904712163,1
2019-08-30,-0.5015145326014923,-0.5320982364712152,-0.6007272949072657,-0.5878714022893325,-0.6541262525832812,-0.6290834725456474,-0.6080842592106527,-0.6447530948197016,-0.6124283911481868,-0.624552017620912,-0.6624968532060351,-0.7134904724254361,-0.6993661216859217,-0.7132216154555964,-0.6847928257447639,-0.7425945944210963,-0.7335063472464736,-0.7399231409957203,-0.7102391201069836,-0.7024465563268625,-0.7195226077777273,-0.7454076548623481,-0.7265209609010369,-0.7129907783835165,-0.6966126729485286,-0.7553542159845701,-0.7520654046550979,-0.7728992796833731,-0.8277525858630455,-0.8240444500882769,-0.8077627004545698,-0.8161350910057386,-0.8328149074050524,-1.0019964790985147,-0.9921835248013846,-1.0045034066917646,-0.9816211040971876,-0.890382395077126,-0.8838542853663944,-0.9209664242668824,-0.9702895496898604,-0.9467832118684317,-0.9167998933548135,-0.939325485339119,-0.9529230217847788,-0.9513004899345219,-0.9606942905317628,-1.0320278047719653,-1.0403444806981739,-1.0489870682553744,1
2019-08-31,-0.5313922913672755,-0.5977311267890107,-0.5776064017851168,-0.6381828583135567,-0.6147559623212959,-0.5918213768414337,-0.6161133036295998,-0.6024237140216496,-0.6190523123971493,-0.657495409154911,-0.70712981560112,-0.6908924702843645,-0.7037577442687829,-0.6785223640318678,-0.7378509499482648,-0.7352689582557654,-0.7403344921288189,-0.7068851711935716,-0.6997315498706329,-0.7156126701324758,-0.7441614466004497,-0.725645572357917,-0.7123648069131091,-0.6956917478598507,-0.7542874700088339,-0.7522853222637012,-0.7728368451728911,-0.823169548177759,-0.8209230050069599,-0.8079796712455266,-0.8158483137111527,-0.8350158840921386,-1.004323418193831,-0.9940436447033095,-1.0072874849703555,-0.9850051233490097,-0.8935806122474174,-0.8868293015622294,-0.923083352704745,-0.9708678291858316,-0.9456741111004233,-0.9170898722164431,-0.9381056183599099,-0.9526016337796941,-0.9491237874139553,-0.9577218000914806,-1.0282793534175498,-1.0343042819227064,-1.0450618891623862,-1.0317495878883893,1
2019-09-01,-0.5958400609874462,-0.575089780243626,-0.6259718540343306,-0.6005873358313999,-0.5791392735792118,-0.5994470114872613,-0.5767519361241891,-0.6088046901813052,-0.6511364951625186,-0.7010953775221942,-0.68506618123488,-0.6951598558406505,-0.6700770504055028,-0.7302608579551839,-0.7306688011559128,-0.7420534962952482,-0.707609665244843,-0.696570321174698,-0.7126689149463856,-0.7397790435245976,-0.7246586792231751,-0.7116721539471516,-0.6952856480336711,-0.7525712576794704,-0.7512571632177101,-0.7728464329161184,-0.8225860845560371,-0.8164558022982024,-0.8050930476380656,-0.8159919419707932,-0.83454217034894,-1.0057068660646549,-0.9963959915328529,-1.0090863353624662,-0.9878303050893386,-0.8970028711953753,-0.8900329835654945,-0.9260175265168503,-0.9728628591850099,-0.9463850340852092,-0.9162333527106228,-0.938253202316557,-0.9512615833242297,-0.9488315307742569,-0.9554739362909033,-1.0245034257238472,-1.0305288562502872,-1.0389527920552064,-1.0280290213581074,-1.038388269208561,1
2019-09-02,-0.5736075449580286,-0.6224520927379338,-0.5898304939727275,-0.5665762067939305,-0.5864281780411953,-0.5620633090072875,-0.5826854967605173,-0.6397121236535738,-0.6935993166427095,-0.6795423882332443,-0.6892326572811206,-0.6624319736499601,-0.7202968189388015,-0.7232573393192021,-0.7373204503215571,-0.7095376612250405,-0.6973925821969656,-0.7092704009642335,-0.7364154205399752,-0.7206502541360222,-0.7108686179444925,-0.6948134624317972,-0.7514422161063643,-0.7495827362859411,-0.771559747441913,-0.8220919156718389,-0.8159419236847465,-0.8008943332566181,-0.8129882017046431,-0.834516231412825,-1.0035431615549577,-0.9978172270312663,-1.0113906237681403,-0.9897080839121614,-0.9000135665596817,-0.8934567833981062,-0.9291609350983733,-0.975745206281787,-0.9484398703063215,-0.9171029210468611,-0.9372166606006572,-0.9513212405672539,-0.9475256095006905,-0.9551329886547734,-1.0215154846111592,-1.0267261869320254,-1.0351222854914561,-1.0221686913833254,-1.0345889001172903,-1.0224207974419566,0
2019-09-03,-0.6201146451258245,-0.587060334579924,-0.5571348861053751,-0.5735365357563864,-0.5506952523940387,-0.5676987449571408,-0.6114257907269007,-0.680617539245471,-0.6726084588321818,-0.6836124345414217,-0.6572786809194503,-0.7112310475310788,-0.7134988807278644,-0.7297435526013899,-0.7054415035227763,-0.6993858279254709,-0.709972287155053,-0.7325813699285761,-0.7176189757096357,-0.7071246260673184,-0.694231143688656,-0.7502451300204346,-0.7484916789866765,-0.7696053648447678,-0.8201860389983959,-0.8155150330165389,-0.8005417423909137,-0.8086555794004014,-0.8312417186080991,-1.0019842578211586,-0.9957316368833435,-1.012740384423205,-0.9920742820016244,-0.9022475756997855,-0.8964749541119873,-0.9325677400125605,-0.978812131240533,-0.951347644800467,-0.9192292871951676,-0.9379731576562317,-0.9501735378423748,-0.9476102357901796,-0.9537700228914633,-1.020668150612142,-1.0237136130685645,-1.0312650104361316,-1.0185370621370051,-1.0286327623051816,-1.0188109656408553,-1.0090337522406712,0
2019-09-04,-0.5853619492567874,-0.5550428608462827,-0.5638259955399817,-0.5394144096409471,-0.5560818406778849,-0.5949950170868774,-0.649463037332415,-0.6603965616363732,-0.6765723527585346,-0.652398007270263,-0.7049238186091791,-0.7046254199329579,-0.7197946985027666,-0.6986574801103159,-0.6954885143724656,-0.7118851946325668,-0.7330623083768242,-0.7141296722523376,-0.7043283425898563,-0.6908061859792423,-0.7489354451241554,-0.7473326800891148,-0.7682598188181166,-0.8175611404877523,-0.8136918511940894,-0.8002707926674627,-0.8082225466492343,-0.8265995025313204,-0.9962618377548468,-0.9942435894933587,-1.0105070418989825,-0.9935161177726485,-0.9048931928287482,-0.89872331770269,-0.9355034626626567,-0.9821973705476528,-0.9544520944114356,-0.9221674735732894,-0.9400485422888518,-0.9508602150816076,-0.946494100086106,-0.9538129152032895,-1.0187119221554957,-1.0228494244938595,-1.0282021371038084,-1.0148769487876892,-1.0249245393163817,-1.013085266505308,-1.0055828275169025,-1.0277028786662672,0
2019-09-05,-0.5539226089959167,-0.5615951910993426,-0.5310236838660098,-0.544558176668822,-0.5821727732969568,-0.6311211275443576,-0.6306598959685562,-0.6642150721066512,-0.6461720405001382,-0.6989404365569147,-0.6984743921875577,-0.7107431318562177,-0.6896211227619475,-0.6889520358187478,-0.7077430557494162,-0.7348277551685353,-0.7147855009402154,-0.7010828037372802,-0.6882934199085539,-0.7444614975853351,-0.7460612119305762,-0.7668456416818465,-0.8156060738740125,-0.811156502104729,-0.7986392852674171,-0.8078738217457592,-0.825980488948917,-0.9888207527531718,-0.988634316029509,-1.0088849705864227,-0.9914731123872526,-0.9067505942898024,-0.9013801941394777,-0.9375935063451416,-0.9850284711864719,-0.9578479143092203,-0.9253168037260259,-0.9429650532088709,-0.9529041193945466,-0.9472006044537117,-0.9526440174787267,-1.018320781099629,-1.0208734498676864,-1.0273035319017114,-1.0119956887734103,-1.0211884929590584,-1.0095612681179853,-1.0000503269681036,-1.0240303474362054,-1.0482481541606072,1
2019-09-06,-0.5603566250598105,-0.5294732266848863,-0.5359684944166722,-0.5694729598043653,-0.6167036392428761,-0.6132627276211648,-0.634210663570401,-0.6349297499423371,-0.6915005794890908,-0.6926402769242038,-0.7044474405212185,-0.6814231529945581,-0.6802005708889498,-0.7009017894913917,-0.730236239921828,-0.7166676696064108,-0.7018622942150405,-0.6853419789032305,-0.741016521406077,-0.7416423796442732,-0.7653181273239519,-0.8135807247166208,-0.8092828388025813,-0.7963114984796378,-0.8061467171776204,-0.8254519486103954,-0.9865203876212586,-0.9813225996990083,-1.0030616816841276,-0.9900236929845712,-0.9055666438576437,-0.9032543409949545,-0.9401262002108737,-0.9869176157033173,-0.9607303449510578,-0.9287252783084816,-0.9460823956589226,-0.9558072460449706,-0.9492534484111849,-0.9533173822174805,-1.0166031583619788,-1.0204678624349364,-1.0252872360849243,-1.0112213496528042,-1.018237288096906,-1.0060078571520954,-0.9966807815275726,-1.018228418586611,-1.044331746135277,-1.0713738562202664,1
2019-09-07,-0.5288146808866023,-0.5343154777470465,-0.5599195952049586,-0.6024472136988472,-0.5996338244760141,-0.6166350911343139,-0.6069787431763052,-0.6785957773254117,-0.6853647366479467,-0.6984750838567714,-0.6758207818816123,-0.672269104294662,-0.6917995529613613,-0.7228355364922623,-0.7124318562962415,-0.7038269948507028,-0.6862706652260292,-0.7370980816219572,-0.7382463829632836,-0.760530031417361,-0.8114399595033513,-0.8073391135107746,-0.7946265160027626,-0.8037154091793155,-0.8235038243497977,-0.9843662337271292,-0.9790999496089827,-0.9955052660672149,-0.9844761024313555,-0.9048964600748808,-0.902105006543777,-0.9418156566604179,-0.9892927287872458,-0.9627180552921767,-0.9316691010807711,-0.9494818508696221,-0.9589048365693916,-0.9521603758683905,-0.9553552841976608,-1.0169318709606732,-1.018731975920963,-1.0248521495072795,-1.0093506391747993,-1.0174150903045935,-1.003224884854481,-0.9932804911230472,-1.0146434782215763,-1.0382333128569474,-1.0671829411868312,-1.0231885753685503,0
2019-09-08,-0.5335694963363878,-0.5577698127602362,-0.5916184333665722,-0.5861468867120924,-0.6028572723069263,-0.5907714061434083,-0.6475830354886941,-0.6726849783564677,-0.6910473638246882,-0.6705109662143071,-0.6668831960621038,-0.6835399563839558,-0.7130894594492512,-0.7054739729645413,-0.699842692077829,-0.6883349392783382,-0.7375362094408392,-0.7343787505181708,-0.7568058797153125,-0.8057674480828023,-0.8052802497976705,-0.7928719827477326,-0.8019363225838871,-0.8208331763525187,-0.9804199906285965,-0.977020934448097,-0.9931356189096551,-0.9772349126213974,-0.9005931880705101,-0.9014662223883573,-0.9402845312870396,-0.9907478233749681,-0.9651704811892206,-0.9337746989260015,-0.952381917636776,-0.9622987224535934,-0.9552635754589135,-0.9582558588778173,-1.0188143763770074,-1.0190492171096703,-1.0230789688130115,-1.0090220634153606,-1.0154883104563277,-1.0025177975716808,-0.99063856413171,-1.0110296509927936,-1.0344113315097514,-1.0607507633899533,-1.0195696298799608,-1.0093512543907661,0
2019-09-09,-0.5566003208544801,-0.5888111906218735,-0.5759485889847106,-0.5892250251914048,-0.5781356671305372,-0.6293355841539304,-0.6420866845834639,-0.6781591842197512,-0.663812588668428,-0.6617802336323855,-0.6778875298939954,-0.7042275809980711,-0.6962375251229335,-0.6931979189918117,-0.6846540796885483,-0.7392730843870428,-0.7348426529013621,-0.7525978460004616,-0.8012573392063608,-0.7997258547347718,-0.7910029545872616,-0.8000874302447665,-0.8188365219801716,-0.9755855998656804,-0.9731670479356883,-0.9909144797380661,-0.9750546296009911,-0.8947747174026072,-0.8972130907237392,-0.9392994304206582,-0.9887322265375632,-0.966740559181753,-0.9363195931267523,-0.9544034935365657,-0.9651717705452315,-0.9586590428962789,-0.9613496833149984,-1.021648882175853,-1.0209265503030953,-1.0233727856657697,-1.0073835386127001,-1.0151187141205538,-1.0007258767478864,-0.9900279849008115,-1.0081910269249144,-1.0305625081283618,-1.0566619694059107,-1.0138328503597487,-1.0058965608488633,-1.029682937529588,0
2019-09-10,-0.587081190422052,-0.5734663518612071,-0.5789076677195016,-0.5656178417792632,-0.6149969412708364,-0.6241153908530137,-0.6471770550241034,-0.6519232969780516,-0.6553095655493649,-0.6725298810056983,-0.6980859608235281,-0.6878523803102291,-0.6843218209293305,-0.6783870687854912,-0.7345944983935505,-0.7365967298107317,-0.7528890628112658,-0.7962340175850203,-0.7953207128079632,-0.7857223357553748,-0.7981237220481826,-0.8167694723863708,-0.9716220335464737,-0.9684326691897205,-0.9868859018532034,-0.9730165770113798,-0.8934490978545534,-0.8914519491225944,-0.9344932846275668,-0.9873076690099043,-0.9649626553633147,-0.9380271945124816,-0.9568824828152672,-0.9671414641565663,-0.9615397636341081,-0.9647425072992188,-1.0246452050182775,-1.0237588570637315,-1.0252395573077238,-1.0077619323302032,-1.013428329212284,-1.000454943815715,-0.9883491291810478,-1.0074458607859307,-1.027507419961715,-1.052548635041845,-1.0102999937396002,-1.0003594781861052,-1.0259869025791615,-1.0348264723611298,0
2019-09-11,-0.5720134305151268,-0.5763640568389313,-0.5562135898238306,-0.6008174517247522,-0.6100072594921158,-0.6289500016942037,-0.6227807520288425,-0.6437321386341568,-0.6657788473970672,-0.6922608354917793,-0.6820979793022017,-0.6762737660260227,-0.6699457265991555,-0.7270853989372784,-0.7319705656245267,-0.7545278892426895,-0.7961116388211052,-0.7904062753439345,-0.7815604916784413,-0.792706557963947,-0.8145868648972548,-0.9675827428579579,-0.9645600170189467,-0.9819623515794014,-0.969213039541049,-0.8922373760382682,-0.890160768598951,-0.9280998420877785,-0.9817997790189561,-0.963753705540712,-0.9365335782445947,-0.9584920671708873,-0.9695797581364575,-0.9635241905525093,-0.9676104037569857,-1.02801053708979,-1.0267519346607685,-1.0280673736866337,-1.0096668379415559,-1.0137741497903174,-0.9988892937353713,-0.9881609151328081,-1.005609328245798,-1.02661414163786,-1.0492498955181702,-1.0067378009562624,-0.9969862695665861,-1.0201563980006951,-1.0310693825569288,-1.0504995330431004,0
2019-09-12,-0.5748588121816562,-0.5541406730168065,-0.5900517091815729,-0.5960526991094576,-0.6146283852303628,-0.6057794618835439,-0.6151639339277875,-0.6538174393749177,-0.6849951915677415,-0.6766428829477351,-0.6707931608302118,-0.6623043649349967,-0.7172145719545242,-0.7245267270719739,-0.749550507100352,-0.7974744312619425,-0.7903391335156623,-0.7768984315717811,-0.7884233696556889,-0.8088540095610414,-0.9634211859134668,-0.9606118868015014,-0.9779177363897271,-0.9645331832656594,-0.8894495209721917,-0.8889823441290414,-0.926428822353557,-0.9746039817251995,-0.9585901076480943,-0.9355825013145866,-0.9567958306741482,-0.9711288184491867,-0.9659740410067076,-0.9695702050050047,-1.0307450610349094,-1.0301163516908078,-1.0310538245727188,-1.012510867476251,-1.0156643688427927,-0.9993134597949468,-0.9866998420828185,-1.0053057572028907,-1.0246040865857629,-1.0481899025518326,-1.0039467393849373,-0.9935823475834168,-1.016548612719425,-1.0251646477323249,-1.046556400671,-1.0571093505314453,1
2019-09-13,-0.5530367118015882,-0.587276961601126,-0.5854712530925384,-0.6004655097702135,-0.5924810022443594,-0.598545341735285,-0.6245420826598366,-0.6723289870549289,-0.6697845766155187,-0.6655997054097164,-0.6571540897272147,-0.7082359959269308,-0.7147310070285968,-0.7416694306423203,-0.7916558543955161,-0.7917387911279503,-0.7769593207830178,-0.7836354369346618,-0.804290274608735,-0.9548343376568476,-0.9565418004003736,-0.9737971772370729,-0.960710093778794,-0.88586953694297,-0.8862354164130211,-0.9248831506117443,-0.9724509671405432,-0.9517879643420625,-0.9308306864761539,-0.9556609600310109,-0.9693074670065257,-0.967540288674416,-0.9720007396378609,-1.0324487553109536,-1.0328464364620595,-1.0344163731106633,-1.0155212450357372,-1.0185021541949182,-1.0012390032142529,-0.9871896925862464,-1.0036988445167796,-1.0241735657766144,-1.0459845310673304,-1.003234117142714,-0.9909370754037031,-1.0129121376456454,-1.0214975189514466,-1.0404254760391423,-1.0530877582181866,-1.0528375034210737,1
2019-09-14,-0.5855746646848041,-0.5827915079856513,-0.5897133800386329,-0.5793165055482354,-0.5855663239157799,-0.607452296554974,-0.6417556543584898,-0.6576762507472567,-0.6590294202718086,-0.652276299640995,-0.7019995900384666,-0.7058226899351174,-0.7313705057858225,-0.7827275586457642,-0.786032558352413,-0.778444426405185,-0.7836324709655798,-0.7992113256675487,-0.9477343330710277,-0.9480868687434811,-0.969554075402722,-0.956811660530308,-0.8830462667947818,-0.8826997521989774,-0.9216848218295615,-0.9704392790187367,-0.9498714276918835,-0.9244993644353895,-0.950615655110038,-0.9680591065079616,-0.9657544668310026,-0.97353825986939,-1.034678405401852,-1.0345416064675867,-1.0371373931984864,-1.0188905400276056,-1.0215033168600938,-1.0040918071828893,-0.9891448517708022,-1.0040970936871247,-1.0224061573375796,-1.04541111597227,-1.0014357117743589,-0.9903242072798099,-1.0100526517666177,-1.017802212303637,-1.0365775194227576,-1.0468614423048168,-1.0488666188427123,-1.0204176475131745,0
2019-09-15,-0.5811702040576345,-0.5869456496863467,-0.569382401079805,-0.5727135330319265,-0.5940799684507221,-0.6238009928473904,-0.6281303253814898,-0.6473155605090791,-0.6460535071725254,-0.696083886905265,-0.6996433507264765,-0.721991464760518,-0.7712234185474421,-0.7772441218955464,-0.7729985906008379,-0.7850749595934647,-0.7990607271629279,-0.9400244647525903,-0.9411040950252123,-0.9608496250831884,-0.9527914401369005,-0.8801503617937745,-0.87991677019194,-0.9176603399472356,-0.9666681473680986,-0.9480883780936508,-0.9228656620604628,-0.9439487646902436,-0.9628325758721938,-0.9645383346889491,-0.9716930528386627,-1.0359171602971162,-1.0367645703126362,-1.0388151568540938,-1.0216442894318953,-1.0248700135860505,-1.0071151336721196,-0.9920102472693336,-1.0060109517139324,-1.022703599722383,-1.0434630539827396,-1.0011600347233591,-0.9886426699814685,-1.0092932112585948,-1.0148885343729088,-1.032702944847348,-1.042937224962224,-1.042701953189883,-1.0168315935283019,-1.0177564022187402,1
2019-09-16,-0.585249335206661,-0.5670363521612964,-0.5630348258518758,-0.5808433921817728,-0.6097067445668064,-0.6108602522951747,-0.6184960966640832,-0.6348155640531645,-0.6887185325645265,-0.6937821808576328,-0.7154297876721273,-0.7607169565545023,-0.7659009419254695,-0.7645343272800204,-0.7794992514111884,-0.8004046857280749,-0.9385392007841342,-0.9335158324528582,-0.9536451105881548,-0.9444084240272276,-0.8771360796371591,-0.8770612624887041,-0.9144330069171241,-0.9620233830284803,-0.9445982769126801,-0.921356070581072,-0.9421134778791792,-0.9559584770219612,-0.9593632677450095,-0.9704230533007271,-1.0334543473183244,-1.0379933810953765,-1.0410244675502116,-1.023384901165931,-1.0276111579287404,-1.0104880797924343,-0.9950521557932647,-1.0088587874851331,-1.0245720060421946,-1.043647028544312,-0.9995883869090623,-0.9884524940795781,-1.007439955419332,-1.0140920137983727,-1.0296241362540308,-1.03898704752232,-1.0388270222554945,-1.0111348033662784,-1.0142019377822291,-1.0216587922817282,1
2019-09-17,-0.5656995361047011,-0.560820430929397,-0.5708502290537909,-0.5957657310542183,-0.5973374368392165,-0.6017100839239656,-0.6068725636701816,-0.6759157673383562,-0.6864768581629042,-0.7092032534131546,-0.7532395500688834,-0.7555450504009734,-0.7535642290585757,-0.7708733074999744,-0.7945287139124569,-0.9389924026376545,-0.9320922590823371,-0.9458268322088816,-0.9374895597942579,-0.8702038032613241,-0.8740875150368149,-0.9111319442669141,-0.9582321932428194,-0.9402578376382793,-0.9182020897632464,-0.940408984630387,-0.953998714851408,-0.9525480110454084,-0.9651619684718747,-1.031624126863215,-1.0355100117055915,-1.0422329727007125,-1.0256435084795938,-1.0293275649440246,-1.0132595420485022,-0.9984303413732746,-1.0118747821236729,-1.0274005174257732,-1.0454642745555465,-1.000008785814247,-0.9869889407636679,-1.007124149543657,-1.0121953163861512,-1.0287146275980321,-1.0358385981891634,-1.0349257060555257,-1.0076339163082082,-1.008543554066299,-1.0180580056441488,-0.8827602607646391,1
2019-09-18,-0.559595854587845,-0.5684737361608008,-0.5851953847144489,-0.5839540176107351,-0.5885913184941293,-0.5906705615000953,-0.6450909400214362,-0.6737563106695887,-0.7014957280263411,-0.7461379392599223,-0.7481899423365,-0.7435573375893835,-0.7597171356324524,-0.7855289661001569,-0.9304019106114082,-0.9325866332862657,-0.9442865718139364,-0.9299675917124586,-0.8645741738778021,-0.86721369682928,-0.9077111263620177,-0.9543657461245335,-0.936743289150286,-0.9142256318448743,-0.9370154407899449,-0.9521738726893958,-0.9506235968471238,-0.9582483613205038,-1.02546845603127,-1.0336611448442152,-1.039707627627245,-1.0269253299757626,-1.0315671866213254,-1.0150341666742797,-1.0012272220100813,-1.0152456609280665,-1.0303879939696599,-1.0482710344648867,-1.0019326307010914,-0.9874772334212953,-1.005501769017351,-1.0118477284813328,-1.0266855577160203,-1.0348814389426397,-1.0318222647114357,-1.004103417302126,-1.0050733711084752,-1.0123433035821034,-0.880808229274841,-0.7167181817975958,0
2019-09-19,-0.5671109655329531,-0.5825213613474466,-0.5738405381710071,-0.5756021643049488,-0.5780392755507213,-0.626968701054992,-0.6430828981850369,-0.6882243345094814,-0.737467106682549,-0.7412052006384019,-0.7364856991599894,-0.7495361812051828,-0.773942593831817,-0.9180228050226865,-0.9241216111844595,-0.9447030690119921,-0.9285776495386023,-0.8583895529386019,-0.861636017706752,-0.9001925539873967,-0.9503776206586221,-0.9331542328611253,-0.9110419541465963,-0.9327795624871296,-0.9486324022831347,-0.9488329308470809,-0.9562648655114273,-1.0175320041814926,-1.0274756985905695,-1.0378206852646767,-1.0245515440213713,-1.0328207717486,-1.017319452934343,-1.003050655977411,-1.0180070939394705,-1.0337508317058972,-1.0512264111247664,-1.0047847125164395,-0.989431690205209,-1.0058903028947936,-1.010185167647116,-1.0262411255809845,-1.0327965434702377,-1.0308959014797492,-1.001341550102087,-1.0015733113342984,-1.0088280968243524,-0.8770980771031583,-0.7167371051440733,-0.782152488549028,0
2019-09-20,-0.5809049354062255,-0.5714020237768124,-0.565811727355853,-0.5655257954219225,-0.6127345741916209,-0.625061550888805,-0.6565364661962483,-0.7228763934649164,-0.7326630206398802,-0.7297718427594937,-0.7423231629609229,-0.7633592075937506,-0.9025472248950926,-0.9118987054881547,-0.9360007220563553,-0.9290944692279063,-0.8576780470025944,-0.8555052857336523,-0.8940418985258706,-0.9420408910751691,-0.9294444417386641,-0.907784665107901,-0.9293600632940214,-0.9442363357920296,-0.9453334679848657,-0.9544170764978073,-1.0149340596201806,-1.019505202353641,-1.031574438335114,-1.0228020786195757,-1.0303886157383018,-1.0186409526671494,-1.0053742271859294,-1.019762460028154,-1.036473254791881,-1.0545801978581844,-1.0078069732831103,-0.9922967870689219,-1.0077997804957795,-1.0105484644225866,-1.0244561298017862,-1.0323112691091985,-1.0288470854282106,-1.0006489036532713,-0.9988394828950159,-1.0052834016472076,-0.8751854112478461,-0.7154232319506751,-0.7813946927400215,-0.828167209247366,0
2019-09-21,-0.5699863776128498,-0.5635397371837786,-0.5561251037402927,-0.5986570695730447,-0.6109116393145089,-0.6378391604003669,-0.6887588233781612,-0.7182485065449135,-0.7215278603929403,-0.7354742031543281,-0.755819320637532,-0.8883256715182029,-0.8966028914254152,-0.9234823661411905,-0.9206978482090143,-0.8586476555357319,-0.8548211176714536,-0.8873168076040778,-0.9351631604799365,-0.9215091191964851,-0.9044077697056332,-0.9258663138261425,-0.9406712203702752,-0.9409828910401309,-0.9508474010262582,-1.0124921912653593,-1.0168868064655165,-1.0235344243002253,-1.01677536109544,-1.02858620375081,-1.0163491893304497,-1.006752666170445,-1.022032640325373,-1.0381537125379232,-1.0572587114861087,-1.011179618908324,-0.9953382548805163,-1.0106457538716573,-1.0124465631331727,-1.024742525643639,-1.0304746387031114,-1.0283882069162915,-0.9988739011525035,-0.998166021531119,-1.002508457801697,-0.8732294326843231,-0.7154262754996624,-0.7791364875152339,-0.826863208904759,-0.8571869057660645,0
2019-09-22,-0.5622660588430666,-0.554054022208326,-0.5879748887502947,-0.5969163105209798,-0.6231250194865138,-0.6684425436269912,-0.6844554304534978,-0.707521749779682,-0.7270814954190441,-0.7486580031130066,-0.877830742304753,-0.8825495005673459,-0.9078465267277096,-0.9085600963202065,-0.851630877578015,-0.855808971521666,-0.8863311212328039,-0.9276838610809734,-0.9149881086485178,-0.8969525412993021,-0.9222521537006089,-0.9370314601413896,-0.9374591270829008,-0.9464207915540187,-1.008192304656737,-1.0144251647598417,-1.0208742673077205,-1.0089863508631023,-1.0224749387329566,-1.0146741253916844,-1.0045786073203957,-1.0233316737298852,-1.0403651364179145,-1.058854852620569,-1.0139496233616156,-0.9987163161956348,-1.013659000067807,-1.01528769862499,-1.0266059513043533,-1.03072860302784,-1.0265849473607702,-0.9986153457333656,-0.9964134955344297,-1.001806863862084,-0.871917917521151,-0.7153694805094571,-0.7783845831763884,-0.8239409304005532,-0.855538435445988,-0.9178702257987997,0
2019-09-23,-0.5529516256303817,-0.5852432161550186,-0.586301460758676,-0.608579125445235,-0.652377028914264,-0.664355369553887,-0.6744808027311651,-0.7128716945282775,-0.7399214438190066,-0.8678455685282007,-0.8721911586326646,-0.893475058486738,-0.8933622833805424,-0.8412109185281649,-0.8488477949209785,-0.8871177415419046,-0.9263155647309541,-0.9078788415490402,-0.8908581779827532,-0.9144547478634074,-0.9332707926153424,-0.9338608303561267,-0.9428279115775122,-1.0029749568984487,-1.0101009737864497,-1.0183722489078333,-1.006476978220875,-1.014589259253153,-1.008766215476112,-1.0030103113226994,-1.0209934681313118,-1.04157678439904,-1.0610001404490248,-1.0157214486590505,-1.0015125939816694,-1.0170291039111505,-1.0182938052812869,-1.029432345095582,-1.0325774059842803,-1.0268598717926358,-0.9970653438761925,-0.9961713840158923,-1.0000213788268761,-0.8722176518423393,-0.7158073772240171,-0.7775793528420412,-0.8226581315214415,-0.8521973517259203,-0.9155014315473208,-0.977075717642001,0
2019-09-24,-0.5835776421958943,-0.5836044964534561,-0.5975131680493353,-0.6365124876523996,-0.6484703348852427,-0.6548819051202915,-0.6794556248857287,-0.725240713052494,-0.8560004342955614,-0.8623365084857336,-0.8828583633561533,-0.8794005678657417,-0.8279900650736602,-0.8384970550567219,-0.8795433194755652,-0.9268468308589977,-0.9066982625935169,-0.8841914799435827,-0.9080563003212162,-0.925262097357526,-0.9301417673657223,-0.9391603115686377,-0.9986632703214682,-1.0048573070763331,-1.0139984290216901,-1.0041207455633305,-1.0120218149421984,-1.001113046551518,-0.9972728932661975,-1.0192762771265362,-1.0390579361665777,-1.0621134276529414,-1.0180045391889956,-1.0033348703320155,-1.0197867773259206,-1.0216618960333892,-1.0324166965883546,-1.0353975827415594,-1.028718125230441,-0.9974993385265472,-0.9946421712967068,-0.9997551543434668,-0.8716052843009156,-0.7173041193489305,-0.7773278366429935,-0.8213265863985495,-0.8505797382872907,-0.9112845808829243,-0.9740041415944352,-1.1701689797971526,1
2019-09-25,-0.5819685125463091,-0.5945836635986066,-0.6243660918713,-0.6327819029342883,-0.6394151964754509,-0.6596067732614054,-0.6909573637402533,-0.8370622826377001,-0.8506350580839017,-0.8727568293327912,-0.8691166877419031,-0.8158777001963112,-0.8253558640169221,-0.86842913868164,-0.9184942343749971,-0.9073548114486313,-0.883235416283078,-0.9010741700933748,-0.9186758823764049,-0.9221930731604131,-0.9353717095686589,-0.994274916178749,-1.0005216957234493,-1.0087010196617903,-0.9999261178579318,-1.0096094357328478,-0.9986852772281278,-0.9898146599806242,-1.0133010968137883,-1.0371768869892,-1.0593912485996422,-1.0193227733243557,-1.0056575335318383,-1.0215349240941418,-1.0244098032656506,-1.0357786531735436,-1.0383727594047794,-1.0315423199834604,-0.999429313455358,-0.9950892235273184,-0.9981954569013319,-0.8721973172846378,-0.7180941198916972,-0.7783528587298294,-0.8205902611713267,-0.8489162668763526,-0.9089668340347757,-0.9689328516434106,-1.164805345608274,-1.105427405009565,0
2019-09-26,-0.5927494309450857,-0.6208796354193272,-0.6207798029561353,-0.6241349598358502,-0.6439314254944861,-0.6705306209473577,-0.7949383295019286,-0.831893691948379,-0.8607836026921806,-0.8593331937517311,-0.8070959251362532,-0.8133180195020393,-0.8544093249388935,-0.9064112894659847,-0.8993840055144376,-0.8840418068111208,-0.8999580876759135,-0.9114989775130239,-0.9156601795615439,-0.9273227278898731,-0.9897631084791966,-0.9961093519830798,-1.0043165545072468,-0.9948227539058346,-1.0053457956336591,-0.9964079426816438,-0.9875039934396498,-1.0055710127922974,-1.030940050563286,-1.0573257611420048,-1.017024259363799,-1.0070346220813196,-1.0237994417189502,-1.0261391966387345,-1.0384968014995066,-1.041732129020865,-1.0345234262308454,-1.0022840015382133,-0.9970250858506011,-0.9986233617908292,-0.871722668539076,-0.7197121309946624,-0.7785902103057186,-0.8212835602388847,-0.8478741914315114,-0.9066092689019478,-0.9659320218188515,-1.1569473805696495,-1.1008322671002408,-1.1207656452423442,0
2019-09-27,-0.618570581371868,-0.6173677291226657,-0.6124673161672853,-0.6284476024018527,-0.6543729016257522,-0.7692871869401544,-0.7901321453865027,-0.8416700191066724,-0.8477100739113337,-0.798747851829213,-0.8045967723978747,-0.8415495710890087,-0.8912765523385501,-0.8877763589135398,-0.8765276331360492,-0.9006576815679393,-0.9102840859182333,-0.9085385859536914,-0.92070071140924,-0.9806711370762549,-0.9915734730879054,-0.9998552246008116,-0.9906146822842478,-1.000167698855382,-0.9923102923922141,-0.9853398796354609,-1.0030970386194418,-1.0229107962359412,-1.050794405359714,-1.0153430720372967,-1.004857771619901,-1.0250900533195226,-1.0283890045226747,-1.040169050688755,-1.044437727089844,-1.0378844677745611,-1.0053101085216398,-0.9998822770362084,-1.0005505909716759,-0.8728320884796882,-0.7205345711339985,-0.7798039012062842,-0.8211322779449034,-0.8483582856793591,-0.904927836725934,-0.9628972663120032,-1.1517187384909997,-1.0939086367534587,-1.1159884391551536,-1.1193974996137523,0
2019-09-28,-0.6151220889035498,-0.6092276502318554,-0.6166131494342354,-0.6384183886985175,-0.748768608730459,-0.7647224838207732,-0.7992229848666876,-0.8290759872126154,-0.7887048806804443,-0.7963065399715374,-0.8321607414566459,-0.8773738412163181,-0.8731886292466075,-0.865488456708918,-0.8928180524423384,-0.9109177344926787,-0.9073517537601707,-0.9134866689885757,-0.9731222426252771,-0.9824467867902988,-0.9952701929185278,-0.9863302238311048,-0.9958916926849339,-0.987311944307166,-0.9813813943383777,-1.0007750309469552,-1.0202571028726513,-1.0424284058103268,-1.009425384020277,-1.0032869433941929,-1.022734438217318,-1.0296577390756951,-1.0423740359616323,-1.0460858767982482,-1.0405981769266563,-1.0086838386404515,-1.0029120779903105,-1.003404111663877,-0.8750665987850171,-0.7224586877794535,-0.7801151810872913,-0.8220616427463665,-0.8479619071033758,-0.9049744610981514,-0.9605920477361696,-1.1464753889103791,-1.089426950172122,-1.1088434510485652,-1.1146365337065218,-1.1277680108435342,1
