date,price 1,price 2,price 3,price 4,price 5,price 6,price 7,price 8,price 9,price 10,transaction
2016-01-10,-1.0543293163857341,-1.05603449321391,-1.0583744077238713,-1.0590906641315487,-1.0608791624447442,-1.0630982136704057,-1.0573685684987715,-1.0601430261324398,-1.0631236686510408,-1.0646010925035463,0
2016-01-11,-1.0545530125229443,-1.0568963350927005,-1.0576007603280004,-1.0593744175078246,-1.0615946411550492,-1.0558348855487825,-1.0585780719161975,-1.0615533494282072,-1.0630283012174213,-1.0644906511835117,0
2016-01-12,-1.055415122355114,-1.0561224362627661,-1.057884598495966,-1.0600900786780783,-1.0543293941809342,-1.0570446036395298,-1.0599883227887978,-1.0614579894900593,-1.062917875767967,-1.067688429404506,0
2016-01-13,-1.054640982913982,-1.0564063666776446,-1.058600473521366,-1.052822978935223,-1.055539431859415,-1.0584551048158781,-1.05989296774759,-1.061347572719572,-1.0661151944635272,-1.068521759364765,0
2016-01-14,-1.0549250016050467,-1.057122474361188,-1.0513312022108126,-1.0540333251950902,-1.0569503056671044,-1.0583597328502177,-1.0597825566472439,-1.0645446401195855,-1.066948404673045,-1.0690388255449255,0
2016-01-15,-1.0556413319320685,-1.0498508405500513,-1.0525419101485065,-1.055444558800994,-1.0568549085057302,-1.0582493021531367,-1.0629794598708966,-1.065377784842352,-1.067465396550035,-1.0856000034900737,1
2016-01-16,-1.048367437313119,-1.0510619419657277,-1.0539535654617518,-1.0553491373116268,-1.0567444486346655,-1.061446772791336,-1.0638125618098704,-1.065894736085996,-1.0840241946295524,-1.0797742238582628,1
2016-01-17,-1.0495789152696962,-1.0524740560645043,-1.053858115458365,-1.0552386492713068,-1.05994276399231,-1.0622800225965807,-1.0643294865069444,-1.0824522327149513,-1.0781992521708437,-1.0810894795786716,1
2016-01-18,-1.0509914684057877,-1.0523785750400318,-1.053747594401812,-1.0584377802569316,-1.060776233928525,-1.0627970390420038,-1.0808861328724548,-1.0766277480717557,-1.0795143188870708,-1.0798670949682916,1
2016-01-19,-1.0508959576955181,-1.0522680180643267,-1.05694768135746,-1.0592714627429811,-1.0612933869612364,-1.079356624026962,-1.075061947329207,-1.077942711429375,-1.0782921099351575,-1.0816291360288395,1
2016-01-20,-1.050785366346785,-1.0554691450426918,-1.0577816129659963,-1.059788747659024,-1.0778573467177022,-1.0735314047559574,-1.0763768431605993,-1.076720598537847,-1.080053897787813,-1.071568935785712,0
2016-01-21,-1.053987488580559,-1.056303347677556,-1.0582990524580396,-1.0763569315233497,-1.0720305885190424,-1.0748465339666453,-1.0751547930272252,-1.078482247921528,-1.0699951432102583,-1.07407143569649,0
2016-01-22,-1.0548219505755454,-1.056820955336538,-1.0748721872565996,-1.0705286873964779,-1.0733460651653577,-1.073624266933048,-1.0769163519463807,-1.0684242839189737,-1.0724972835081181,-1.0810417890086568,1
2016-01-23,-1.055339719162796,-1.073399476375197,-1.0690422015234293,-1.0718444995130143,-1.0721234752288014,-1.0753861385091985,-1.0668589044421424,-1.0709262275593296,-1.079466635170261,-1.0797867740082667,1
2016-01-24,-1.0719233945932825,-1.0675675959067632,-1.0703584068332876,-1.0706215977940197,-1.0738858122626054,-1.065326905920579,-1.0693607196022534,-1.077895031460301,-1.0782118005173726,-1.0759012475670588,0
2016-01-25,-1.0660897009476082,-1.068884228981067,-1.0691351396846216,-1.0723843842554863,-1.0638239221892627,-1.0678291651248837,-1.0763291656399956,-1.0766402954320382,-1.0743268324320296,-1.0787225212879357,0
2016-01-26,-1.0674067433734304,-1.0676605642726968,-1.0708984529050807,-1.0623199282190785,-1.066326842449523,-1.074798847983815,-1.0750744940451553,-1.0727556326885368,-1.077147700731723,-1.0786171000279032,0
2016-01-27,-1.0661826982181337,-1.069424450566898,-1.0608309893899808,-1.0648234867690531,-1.0732983665846707,-1.0735439536988076,-1.0711900307875302,-1.0755762792800714,-1.0770422946208804,-1.077909271567683,0
2016-01-28,-1.0679471329183765,-1.0593537151435959,-1.063335296057784,-1.0717967887683308,-1.072043140777118,-1.0696588009924244,-1.074010532532731,-1.0754708814536975,-1.0763345678766512,-1.0815939956088285,0
2016-01-29,-1.0578732664246833,-1.0618588357067278,-1.0703106818315944,-1.0705412428556051,-1.0681569616769346,-1.0724798033451213,-1.0739051401187645,-1.0747632103337572,-1.0800187624175321,-1.0817998180688924,0
2016-01-30,-1.0603791658493866,-1.0688364884688308,-1.0690547607344012,-1.066654072709807,-1.070978709292313,-1.0723743922251807,-1.0731975053392744,-1.0784471153127366,-1.0802245553006058,-1.0821035316989869,0
2016-01-31,-1.0673589880182957,-1.067580159199457,-1.0651664290174914,-1.069476539921614,-1.070873270324479,-1.0716666318484365,-1.0768812211417251,-1.0786528920213716,-1.0805282252866046,-1.0844855501697275,1
2016-02-01,-1.066102268146328,-1.0636905637814749,-1.0679897396439813,-1.0693710740649451,-1.0701653229690191,-1.0753510014692182,-1.077086987283279,-1.078956538140211,-1.0829099014577874,-1.0834087472993925,1
2016-02-02,-1.0622114634227158,-1.0665147919790277,-1.0678842422718173,-1.0686629461701678,-1.0738506659399938,-1.0755568041319594,-1.07739061780923,-1.081338027121854,-1.0818332533256088,-1.083059853129284,1
2016-02-03,-1.0650365696948993,-1.0664092603204003,-1.0671759027730003,-1.07234922896993,-1.0740565229724324,-1.0758604885489313,-1.0797719844962366,-1.0802614636096044,-1.0814844092921059,-1.0841893666296354,1
2016-02-04,-1.064931005225654,-1.0657006906124733,-1.0708632871143593,-1.0725551384996168,-1.0743602876178602,-1.0782422779018754,-1.0786954762678638,-1.0799126469937474,-1.0826137604797055,-1.0792596677081028,0
2016-02-05,-1.064222215217864,-1.0693892733473553,-1.0710692581742989,-1.0728589806104964,-1.0767427062005954,-1.077165578605339,-1.0783466775644985,-1.0810419094191839,-1.0776847699631593,-1.08002271682834,0
2016-02-06,-1.0679119447619614,-1.0695953113475327,-1.0713731910798197,-1.0752420067528496,-1.075665722457715,-1.076816717994107,-1.0794758819998544,-1.0761133063001678,-1.0784477094321157,-1.0825402769191228,1
2016-02-07,-1.0681180468209641,-1.069899343030721,-1.0737569293222922,-1.074164748359731,-1.0753167696832155,-1.0779461228506138,-1.0745475319753224,-1.0768761858053515,-1.08096490774581,-1.0825151766191148,1
2016-02-08,-1.0684221730299803,-1.0722838559839931,-1.0726793490209003,-1.0738157065959932,-1.076446472910013,-1.0730168980991044,-1.0753103723049853,-1.0793931862780468,-1.0809398110527522,-1.0833108561293623,1
2016-02-09,-1.070807427346975,-1.0712059254708701,-1.0723302029558808,-1.0749456979174463,-1.0715159459379457,-1.0737798738243889,-1.0778272435242344,-1.0793680915574815,-1.0817353762226836,-1.0826632683891608,1
2016-02-10,-1.0697291616968267,-1.0708566659339842,-1.0734605319433546,-1.0700139135722604,-1.072279123228938,-1.0762971917601138,-1.0778021500923378,-1.0801635941994001,-1.081087881541793,-1.0812526315287225,1
2016-02-11,-1.0693797935724199,-1.0719873622764209,-1.06852727387358,-1.0707772854871975,-1.0747971061988888,-1.0762720938744137,-1.0785976118834664,-1.0795161504088164,-1.0796774473919464,-1.0817546375288785,1
2016-02-12,-1.0705108414571907,-1.0670525009063196,-1.0692908739006735,-1.073295910588125,-1.0747720016827376,-1.0770676968511086,-1.0779502013405289,-1.0781058271130493,-1.0801793812531018,-1.0805975136985186,1
2016-02-13,-1.0655744458001013,-1.067816349102099,-1.071810251621643,-1.0732707996698705,-1.075567814844726,-1.0764201714000448,-1.0765399504679287,-1.0786077215243544,-1.0790224237031385,-1.0786898908979259,1
2016-02-14,-1.0663385314822578,-1.0703365456164635,-1.071785133199699,-1.0740668157785385,-1.0749201183280288,-1.0750096702236964,-1.0770418191058648,-1.077450854906296,-1.077115075030748,-1.0748319747867263,1
2016-02-15,-1.068859511545425,-1.0703114190310759,-1.0725813871753194,-1.073418954087572,-1.0735092445203396,-1.0755116279376993,-1.075885011895422,-1.0755436561433367,-1.0732577133077685,-1.0766015459372764,1
2016-02-16,-1.0688343771479858,-1.0711079317878591,-1.0719333318891677,-1.0720077204816687,-1.0740113348433606,-1.0743546154069223,-1.073977911071265,-1.0716865975924568,-1.0750270301683413,-1.0747667140067063,1
2016-02-17,-1.0696311375468133,-1.070459665884862,-1.070521676575923,-1.072509938846759,-1.072854016648797,-1.072447176093711,-1.0701210505887266,-1.0734557753923073,-1.0731924619058184,-1.0725503575160173,1
2016-02-18,-1.068982670092878,-1.0690475517860858,-1.0710240450148,-1.0713523255152257,-1.070946073421317,-1.0685896310615983,-1.071890137537451,-1.0716213513189874,-1.0709764239088173,-1.0710317893655452,1
2016-02-19,-1.0675701169567864,-1.0695500834938354,-1.0698660857631879,-1.0694438957278831,-1.0670875092888998,-1.0703590320034586,-1.070055807665795,-1.0694054874930754,-1.0694580739788222,-1.0714283741056685,1
2016-02-20,-1.0680728049055734,-1.0683917479074725,-1.0679570856954546,-1.065584347592165,-1.0688573776775492,-1.068524376558778,-1.0678400576293072,-1.0678872568988775,-1.0698546017291348,-1.0673194549943912,0
2016-02-21,-1.066914109183619,-1.066482127418024,-1.064096384242683,-1.0673546673291079,-1.0670222375469072,-1.0663082332514549,-1.0663219049995507,-1.0682837534838086,-1.0657462730755778,-1.066907810074263,0
2016-02-22,-1.0650038949782281,-1.0626201712439682,-1.0658672329897252,-1.0655190592047032,-1.064805508770769,-1.0647898111665957,-1.0667183812235201,-1.0641757477272762,-1.0653346873094303,-1.0671713632243451,0
2016-02-23,-1.0611407380917994,-1.0643915955137857,-1.0640310763456289,-1.06330176512283,-1.0632866855436303,-1.065186357760658,-1.0626105864220137,-1.063764194310006,-1.065598202586537,-1.0714409242556724,1
2016-02-24,-1.0629127131112737,-1.062554842121961,-1.061813119687986,-1.061782554568432,-1.063683336898817,-1.0610778338715436,-1.062199054138906,-1.0640276888759412,-1.0698671500756638,-1.070384201625344,1
2016-02-25,-1.061075388658457,-1.0603361646322467,-1.0602934551603824,-1.0621793070768535,-1.0595737276048893,-1.060666228546061,-1.0624625351738224,-1.068296300844091,-1.0688105792979317,-1.070487112855376,1
2016-02-26,-1.058856021364562,-1.058816006216304,-1.0606903262270952,-1.0580686497585903,-1.059162013540012,-1.0609297563459128,-1.0667309279394686,-1.0672398131082939,-1.0689134757394685,-1.0685769800247822,1
2016-02-27,-1.0573353903194809,-1.0592130062654261,-1.0565784405548853,-1.0576568306992162,-1.059425610959598,-1.0651989067035081,-1.0656744944566132,-1.0673427014626113,-1.0670036173977722,-1.0684841089147532,1
2016-02-28,-1.0577325137990228,-1.0550997842374958,-1.0561664984350059,-1.0579204953408885,-1.0636958891568926,-1.0641422857155318,-1.06577737752739,-1.0654329932275957,-1.0669107596334586,-1.0682381259746767,0
2016-02-29,-1.0536180129382002,-1.054687708237141,-1.0564302418654163,-1.0621918625359807,-1.0626389890269332,-1.0642451870469025,-1.0638677673600434,-1.0653401427615041,-1.0666648120414923,-1.067183913374349,0
2016-03-01,-1.0532058088201948,-1.0549515373837097,-1.0607028854380673,-1.0611346928774659,-1.0627419175431525,-1.0623352379451212,-1.0637749216620251,-1.0650942144999647,-1.065610750933066,-1.0678315011145503,0
2016-03-02,-1.053469719993308,-1.0592255695581199,-1.0596453998742308,-1.0612376476423093,-1.0608314638640572,-1.0622423757680304,-1.0635290060294365,-1.064040236236224,-1.0662582456139564,-1.0706251645054188,0
2016-03-03,-1.0577450809977424,-1.058167740313307,-1.0597483854042005,-1.0593267067631411,-1.0607385771542983,-1.061996416488169,-1.0624750818897708,-1.0646876800268075,-1.0690515075512863,-1.0712125115256015,0
2016-03-04,-1.0566869228655456,-1.0582707593133958,-1.0578368734942727,-1.0592337963655996,-1.0604925528960178,-1.060942305288763,-1.0631224924327083,-1.0674807224257203,-1.0696387701688381,-1.0739007536564371,0
2016-03-05,-1.0567899738950468,-1.0563586261654085,-1.0577439353330804,-1.0589877093667053,-1.0594381632176737,-1.0615898307398266,-1.0659153914028225,-1.0680679388869474,-1.0723266259953255,-1.0765036547672462,1
2016-03-06,-1.054877246249912,-1.056265657799475,-1.0574977747980305,-1.0579330508000158,-1.060085859734371,-1.0643832254182533,-1.0665025777092076,-1.0707555834594862,-1.0749291530654161,-1.074711493346689,1
2016-03-07,-1.0547842489793862,-1.0560194172626776,-1.0564428010763884,-1.0585809124909822,-1.0628799923819832,-1.064970515943637,-1.0691900842653552,-1.073357905982103,-1.0731372491810913,-1.0730523635161733,1
2016-03-08,-1.0545379318844808,-1.0549641006764034,-1.05709085636254,-1.0613757576927092,-1.063467438059918,-1.0676584995021228,-1.0717922731530536,-1.0715661429337437,-1.0714783577699727,-1.0731402145662006,1
2016-03-09,-1.0534822871920277,-1.0556123665794004,-1.0598865367248917,-1.0619633531798647,-1.066156131739696,-1.070261150249228,-1.0700006021156219,-1.0699073819043805,-1.0715661961956748,-1.0729168218961311,1
2016-03-10,-1.054130754645963,-1.058408955533027,-1.0604743077983783,-1.0646527325249227,-1.0687594700645602,-1.0684691612102375,-1.0683419262672433,-1.0699952134263588,-1.0713428356274608,-1.072347045085954,0
2016-03-11,-1.0569282130809634,-1.0589969176310938,-1.0631644907885658,-1.0672567347479154,-1.0669670076113749,-1.0668101909654577,-1.068429753278882,-1.069771870413328,-1.0707731406950494,-1.0712024714055983,0
2016-03-12,-1.0575163579810443,-1.061687974926093,-1.0657692711441442,-1.0654638151845433,-1.0653075990937901,-1.0668980335654081,-1.0682064217350007,-1.0692022202564968,-1.069628731491615,-1.073730071616384,1
2016-03-13,-1.0602082519467992,-1.0642936018307747,-1.0639758158173525,-1.0638039834879203,-1.0653954649003188,-1.0666746623826768,-1.0676368008309431,-1.0680579009987212,-1.0721559684825326,-1.0731151142661928,1
2016-03-14,-1.0628146889612604,-1.0624995636341086,-1.0623154881268633,-1.0638918717018109,-1.0651720347065745,-1.0661049403772835,-1.066492540336449,-1.0705849393596423,-1.0715410995026171,-1.0725202371560079,0
2016-03-15,-1.0610200929840903,-1.060838696339996,-1.0624034026036666,-1.063668384529346,-1.0646021621899455,-1.0649604767893568,-1.069019448928457,-1.0699701187057937,-1.070946307877148,-1.0724223459859774,0
2016-03-16,-1.059358709313349,-1.0609266393888521,-1.0621798486483665,-1.0630983666849685,-1.0634573962534575,-1.0674878338793616,-1.0684046598469854,-1.069375373828397,-1.0708484307742225,-1.0723771654459633,0
2016-03-17,-1.0594466797043867,-1.0607030127789039,-1.0616096604702405,-1.061953308812563,-1.0659854210298687,-1.066872935679708,-1.067809945511031,-1.0692775044181926,-1.0708032567267185,-1.0714710446156817,0
2016-03-18,-1.0592229835671765,-1.0601326392906079,-1.0604642604296006,-1.064481978280792,-1.0653703603841678,-1.0662781157886145,-1.0677120811266336,-1.0692323339211751,-1.0698972661073332,-1.0742496478265453,1
2016-03-19,-1.058652432745303,-1.058986866996939,-1.0629936855193474,-1.0638667607835566,-1.0647753833513878,-1.066180234034384,-1.0676669129492191,-1.0683264145087694,-1.0726754700288283,-1.074026255156476,1
2016-03-20,-1.0575063042220687,-1.061517114145458,-1.0623782841817229,-1.0632716320209248,-1.0646774757383988,-1.0661350578401236,-1.0667610400577447,-1.071104400075343,-1.0724521094606143,-1.073192925196217,1
2016-03-21,-1.0600373380442116,-1.060901512803465,-1.0617829775816534,-1.063173699439732,-1.0646322876093268,-1.0652290241663482,-1.0695388829687207,-1.0708810570623124,-1.0716188992510962,-1.073305876546252,1
2016-03-22,-1.0594215453069473,-1.0603060127297816,-1.0616850157360722,-1.0631284997868737,-1.0637260145762737,-1.0680073601133546,-1.0693155514248394,-1.0700479123395459,-1.071731834369856,-1.072106082205879,0
2016-03-23,-1.0588258600876348,-1.0602080190467704,-1.0616398025765732,-1.062221995637886,-1.0665050845141955,-1.0677839889306235,-1.0684824494858653,-1.0701608385820893,-1.0705322124416947,-1.0721186323558831,1
2016-03-24,-1.058727835937621,-1.0601627911930729,-1.0607330275444,-1.0650017742886602,-1.0662816543204512,-1.0669507391253785,-1.0685953699294009,-1.0689613109390703,-1.0705447607882237,-1.0725327873060118,1
2016-03-25,-1.0586825940222302,-1.0592557214605849,-1.0635136368535854,-1.0647782871161953,-1.065448184384236,-1.067063679611029,-1.0673959038847338,-1.0689738582993529,-1.0709588562236767,-1.0723344949359501,1
2016-03-26,-1.0577752422746696,-1.0620372344629787,-1.0632900828982852,-1.0639446046301453,-1.0655611547069157,-1.065864000674562,-1.0674084506006822,-1.0693879211886796,-1.0707605923485204,-1.07214122262589,1
2016-03-27,-1.0605576200712061,-1.0618136078530305,-1.0624561512897488,-1.0640576037622906,-1.0643611588348953,-1.065876549617412,-1.0678224922269794,-1.069189672896214,-1.0705673478119757,-1.069927376165202,0
2016-03-28,-1.060333923933996,-1.0609794052181658,-1.062569184188496,-1.0628573018697252,-1.064373711092971,-1.0662906647314645,-1.0676242541149945,-1.0689964435478618,-1.0683538194842803,-1.0705649237853998,0
2016-03-29,-1.0594994619390092,-1.0610924748524095,-1.0613685236195796,-1.0628698573288524,-1.0647879356094632,-1.0660923914344334,-1.0674310346893894,-1.0667830891940064,-1.0689912754879474,-1.0725001569160018,1
2016-03-30,-1.0596125667274863,-1.059891424070888,-1.0613810828305514,-1.0632841874800518,-1.06458960993187,-1.0658991377145424,-1.0652177939960912,-1.0674204950963635,-1.0709262305227019,-1.0729268620161343,1
2016-03-31,-1.0584111425298852,-1.0599039873635818,-1.061795536792625,-1.0630858112258412,-1.064396305157507,-1.0636855041957891,-1.0658551671662702,-1.069355298051945,-1.0713528743046838,-1.072447446285985,1
2016-04-01,-1.058423709728605,-1.0603185760224751,-1.0615971012592686,-1.0628924571552816,-1.062182086832984,-1.064322990492573,-1.0677898707655136,-1.0697819083015543,-1.0708735274672803,-1.0721387125958892,1
2016-04-02,-1.0588384272863542,-1.0601200759979141,-1.061403689410301,-1.0606776741652337,-1.0628197415432206,-1.0662580374800543,-1.0682164591077592,-1.0693025991387577,-1.0705648381426698,-1.0714082938656622,1
2016-04-03,-1.0586398655465834,-1.0599266012904307,-1.0591882445948526,-1.0613154914888983,-1.064755299738467,-1.066684701536957,-1.0677371745585305,-1.0689939340758052,-1.0698345243746887,-1.07140076377566,1
2016-04-04,-1.0584463306863003,-1.0577104364592549,-1.0598262525122264,-1.063251543286321,-1.0651820765130349,-1.0662053319200842,-1.0674285253461997,-1.0682636777073562,-1.0698269953667714,-1.0712652221556178,1
2016-04-05,-1.0562294768321492,-1.0583486517280967,-1.0617628828440984,-1.0636784288966477,-1.0647025802545496,-1.0658966279259723,-1.0666983064780027,-1.0682561492911868,-1.0696914732242595,-1.0706151243854156,0
2016-04-06,-1.056867890527109,-1.0602859114614716,-1.0621898960171439,-1.0631988103579864,-1.0643937947058917,-1.065166279452098,-1.0666907784484336,-1.0681206378001344,-1.0690414688740633,-1.070770746245464,0
2016-04-07,-1.058805752569683,-1.0607130634130588,-1.061710134158016,-1.062889946063456,-1.063663253285896,-1.065158750086388,-1.066555273916191,-1.0674706845374942,-1.0691970683710212,-1.0709389182555162,0
2016-04-08,-1.0592330373261523,-1.0602331456321576,-1.0614011775681067,-1.06215921834225,-1.063655721931051,-1.065023221503607,-1.0659053540300638,-1.067626271804999,-1.0693652162145084,-1.0715388154257026,1
2016-04-09,-1.0587529703350607,-1.059924088631892,-1.0606702314895402,-1.0621516850667736,-1.063520157543835,-1.0643731862639731,-1.066060933307824,-1.067794406432786,-1.069965027178589,-1.0717747582457762,1
2016-04-10,-1.0584438172465565,-1.0591929049971163,-1.0606626959629573,-1.062016086108199,-1.0628699505755228,-1.0645287931553142,-1.0662290593015324,-1.0683941702542954,-1.0702009360933322,-1.0712351017956083,1
2016-04-11,-1.0577124062810712,-1.0591853670215001,-1.0605270564844604,-1.0613657133254073,-1.0630255985756594,-1.064696948989505,-1.066828792323866,-1.068630060627609,-1.06966135719259,-1.0710041790355365,1
2016-04-12,-1.0577048659618395,-1.0590496834604077,-1.0598764893561143,-1.0615214010185854,-1.0631937988338713,-1.0652967884577387,-1.0670646705836961,-1.068090524135456,-1.0694304676164585,-1.0703239609053252,1
2016-04-13,-1.057569140215667,-1.0583989048988718,-1.0600322235721662,-1.0616896441708905,-1.0637937967698814,-1.0655327085833202,-1.0665251617979146,-1.0678596527062556,-1.0687503472345932,-1.070690425285439,1
2016-04-14,-1.0569181593219876,-1.0585546897282743,-1.0602005169991902,-1.0622897951171733,-1.0640297792217015,-1.0649931040407667,-1.0662943022244642,-1.0671795857789372,-1.0691167589532362,-1.0705523736353961,1
2016-04-15,-1.0570739925861117,-1.0587230378503703,-1.0608008472836483,-1.0625258377487656,-1.0634900321244538,-1.0647622034923256,-1.0656142702200608,-1.06754596869919,-1.0689787271414188,-1.0691894273449725,1
2016-04-16,-1.0572423930489554,-1.059323563241131,-1.0610369604499206,-1.0619859530062936,-1.063259070575864,-1.0640820507898516,-1.0659806343257543,-1.0674079477360812,-1.0676159767083817,-1.0689735647649055,1
2016-04-17,-1.0578431051477557,-1.0595597531437735,-1.0604969143781275,-1.061754932558352,-1.0625787381881706,-1.0644484799210738,-1.0658426204503217,-1.0660453044093878,-1.067400145148085,-1.0697692442751527,1
2016-04-18,-1.0580793684836858,-1.0590195315579425,-1.060265824896244,-1.0610744266736551,-1.0629452641239758,-1.0643104415497229,-1.0644800470983253,-1.0658294898125267,-1.0681957103180164,-1.0694705507050597,1
2016-04-19,-1.0575389789387395,-1.0587883669723777,-1.0595851156615654,-1.0614410460801706,-1.0628071892851452,-1.0629476263562048,-1.0642642435840128,-1.0666249924544453,-1.0678970596706288,-1.0677336099445198,1
2016-04-20,-1.0573077424822976,-1.0581074365083771,-1.0599518446219456,-1.061302936029771,-1.061444014058143,-1.0627317845391835,-1.0650597053751416,-1.0663263652797186,-1.066160368511031,-1.066257712304061,1
2016-04-21,-1.056626600311691,-1.0584742846550341,-1.0598136933012545,-1.0599394131685511,-1.061228115219244,-1.0635273875158782,-1.0647610935355696,-1.064589810616603,-1.064684682959234,-1.0642421582134345,1
2016-04-22,-1.0569935625143059,-1.0583360884354032,-1.058449762989703,-1.0597234592715623,-1.0620239283812323,-1.0632287226760464,-1.0630246280483107,-1.063114241047366,-1.0626694185066952,-1.0651658492537217,1
2016-04-23,-1.0568553233283893,-1.0569717148488629,-1.0582337445609857,-1.0605194753802305,-1.0617251846390348,-1.061491948985596,-1.0615491342527787,-1.061099134985976,-1.0635929768112211,-1.0640262956333675,1
2016-04-24,-1.0554905255474323,-1.0567556262145308,-1.0590299985366063,-1.0602206554530016,-1.0599879521213817,-1.0600161933064274,-1.0595341316714655,-1.0620226207027774,-1.0624535869463985,-1.0619505008227221,0
2016-04-25,-1.0552743697294538,-1.0575521389713138,-1.058731089315474,-1.0584829799097895,-1.0585118065716996,-1.0580008330847053,-1.0604575699652679,-1.0608833203891148,-1.0603780904305207,-1.0612276121824975,0
2016-04-26,-1.0560711301282815,-1.0572531326052028,-1.0569928945169589,-1.0570064579164242,-1.05649591392477,-1.058924435278471,-1.0593183281571532,-1.0588079869983682,-1.0596553056704567,-1.0600579382021338,0
2016-04-27,-1.055772030798753,-1.0555143728963892,-1.0555159313066598,-1.0549900511805872,-1.0574197601191289,-1.0577849912676842,-1.0572431013392876,-1.058085259046089,-1.0584857997739647,-1.0654294024038038,1
2016-04-28,-1.0540327304959496,-1.0540369296756054,-1.0534989220245679,-1.0559141329723531,-1.056280015085871,-1.0557093961202817,-1.0565204105006596,-1.056915845067748,-1.0638564920883278,-1.0643450694434664,1
2016-04-29,-1.0525548279265156,-1.0520192648689908,-1.054423279952102,-1.0547740972835986,-1.054203871600179,-1.0549865770121174,-1.0553510565742685,-1.0622861152687126,-1.062772314948232,-1.0628164611729913,0
2016-04-30,-1.0505365358121355,-1.05294392321125,-1.0532829035958506,-1.0526974243439504,-1.0534808615350284,-1.0538170155384905,-1.0607210510001843,-1.0612020233402935,-1.0612439263410136,-1.0645182615135205,1
2016-05-01,-1.0514614816379038,-1.0518031762346585,-1.0512056101010931,-1.0519742298982204,-1.0523109910823893,-1.0591879630783225,-1.0596370147422425,-1.0596737548578694,-1.0629454821303306,-1.0636246908332425,0
2016-05-02,-1.050320379994157,-1.0497252076231138,-1.05048219954911,-1.0508040611075604,-1.057683357538715,-1.058103734416076,-1.058108824739727,-1.061375176912194,-1.062052039857474,-1.0654344224638053,1
2016-05-03,-1.0482417653259222,-1.0490015619639543,-1.0493116810865262,-1.0561777976140256,-1.0565988424409893,-1.056575273176937,-1.0598101594223304,-1.0604818048600708,-1.0638615114269392,-1.0640212755733658,1
2016-05-04,-1.0475178946796688,-1.047830663084898,-1.0546870233825125,-1.0550930059454307,-1.0550699774073902,-1.0582769098274072,-1.0589168332468042,-1.0622911342128256,-1.0624485676077866,-1.0649198663136452,1
2016-05-05,-1.046346631758995,-1.0532077523578187,-1.0536019075545375,-1.053563751023731,-1.0567720636024318,-1.0573834250964818,-1.0607260696865637,-1.0608783014450018,-1.0633470292192548,-1.0646036025335468,1
2016-05-06,-1.051725392811017,-1.0521222838690794,-1.0520721956581565,-1.055266271281387,-1.055878342827454,-1.0591929826554625,-1.0593133094707736,-1.061776692441238,-1.0630308108867268,-1.0616869476726403,0
2016-05-07,-1.0506395868416367,-1.0505920748189819,-1.0537752246659504,-1.0543723225915262,-1.057688378441945,-1.057779971690544,-1.0602116543326792,-1.0614604989621157,-1.060114575153414,-1.061953010852723,0
2016-05-08,-1.04910890203758,-1.0522956573082531,-1.052881008844749,-1.0561828197976764,-1.0562749941826408,-1.0586784759986094,-1.0598954770907796,-1.058544492432433,-1.0603806000998264,-1.0619505008227221,0
2016-05-09,-1.0508130141839684,-1.0514011508684586,-1.0546920470669012,-1.0547690750999474,-1.0571737358608486,-1.0583622426387878,-1.0569796203043709,-1.0588104964704248,-1.0603780904305207,-1.0614660650325716,0
2016-05-10,-1.0499182296351273,-1.053212777674896,-1.0532778799114617,-1.0556680459734589,-1.0568574189573452,-1.0554458683204302,-1.0572456106824772,-1.0588079869983682,-1.0598937242545055,-1.0638731838033197,1
2016-05-11,-1.0517304196905046,-1.0517981509175809,-1.054177119417052,-1.055351648403452,-1.0539402741805928,-1.0557119059088518,-1.0572431013392876,-1.0583236588914589,-1.0623004971187457,-1.0634113382831762,1
2016-05-12,-1.050315353114669,-1.0526976826744527,-1.0538606273005593,-1.0524337597022781,-1.054206382051794,-1.0557093961202817,-1.0567587981036792,-1.0607302425936667,-1.0618387179664828,-1.0628992921630172,1
2016-05-13,-1.051215164542998,-1.0523810876985704,-1.0509418666706827,-1.052699935435776,-1.054203871600179,-1.055225006926269,-1.0591652582225826,-1.060268499735266,-1.0613267454281046,-1.062673389462947,0
2016-05-14,-1.0508984711352622,-1.0494613784765452,-1.0512081219432876,-1.0526974243439504,-1.0537193544384633,-1.0576318941649132,-1.0587035390756816,-1.059756567435735,-1.0611008751905844,-1.062673389462947,0
2016-05-15,-1.0479778541528089,-1.0497277202816526,-1.0512056101010931,-1.0522127836216384,-1.0561268775373496,-1.0571700930680306,-1.0581916330649865,-1.0595307149506477,-1.0611008751905844,-1.0621964837627986,0
2016-05-16,-1.0482442787656663,-1.0497252076231138,-1.0507208245575765,-1.0546209206822459,-1.0556649544401702,-1.0566580961997474,-1.0579657921779153,-1.0595307149506477,-1.060624038022487,-1.0630524039930647,0
2016-05-17,-1.0482417653259222,-1.0492402645251353,-1.053129681221993,-1.0541588797863628,-1.0551528223106887,-1.056432215228446,-1.0579657921779153,-1.0590539152599079,-1.0614798352557568,-1.0631477851330944,0
2016-05-18,-1.0477566714553428,-1.0516499040637948,-1.052667502258226,-1.0536466170539711,-1.0549268816653292,-1.056432215228446,-1.0574890169718763,-1.059909645231183,-1.0615752026893763,-1.0629369426130288,0
2016-05-19,-1.0501670601697768,-1.0511875748926651,-1.0521550864505713,-1.0534206187896804,-1.0549268816653292,-1.0559553554001433,-1.0583447029995572,-1.060005005169331,-1.061364390467691,-1.0669304003442701,1
2016-05-20,-1.0497045872568929,-1.0506749925507608,-1.0519290206530765,-1.0534206187896804,-1.0544498958584592,-1.0568111933025184,-1.0584400580407651,-1.0597942095165829,-1.0653572743331823,-1.0659339184339605,1
2016-05-21,-1.0491918455491298,-1.0504488532822733,-1.0519290206530765,-1.0529435113428447,-1.0553059598592103,-1.056906565268179,-1.0582292732128318,-1.0637867795585148,-1.0643609356187889,-1.0658059069039207,1
2016-05-22,-1.0489656359721757,-1.0504488532822733,-1.0514517706361433,-1.0537997936553236,-1.0554013570205842,-1.0566957430282977,-1.062221638227613,-1.0627905191520741,-1.0642329424841943,-1.0667772885142226,1
2016-05-23,-1.0489656359721757,-1.0499714481599112,-1.0523083088244287,-1.0538952151446908,-1.0551904790849154,-1.0606888166431914,-1.06122542898131,-1.0626625360771915,-1.06520418450553,-1.065564944023846,1
2016-05-24,-1.048488082420828,-1.0508282647216243,-1.0524037588278154,-1.0536842834313527,-1.059184607604548,-1.0596924305808955,-1.0610974524786365,-1.0636337017630668,-1.0639920142308397,-1.065105608533703,1
2016-05-25,-1.04934516537351,-1.0509237457460967,-1.052192764083487,-1.0576794305256452,-1.058187958313351,-1.0595644313638248,-1.0620685682930426,-1.062421626759765,-1.0635327447478824,-1.0641969776734204,1
2016-05-26,-1.0494406760837796,-1.0507126824288417,-1.0561891050147554,-1.0566825270709412,-1.0580599252809808,-1.0605357195404206,-1.0608565555324272,-1.0619623933734206,-1.0626242444591911,-1.0632481863331256,1
2016-05-27,-1.049229547145289,-1.0547103221639897,-1.055191903663584,-1.0565544613878433,-1.0590314700560266,-1.0593234916611034,-1.0603973457287157,-1.0610539644889585,-1.0616755894616074,-1.0582080460915588,1
2016-05-28,-1.0532284297778902,-1.053712796724107,-1.0550637997116705,-1.057526253924293,-1.0578189219259309,-1.0588642003527906,-1.0594889634940512,-1.060105384051592,-1.0566361734956071,-1.0440062963471441,1
2016-05-29,-1.0522305941995478,-1.0535846511386309,-1.056035882640898,-1.0563133965726,-1.0573595092803663,-1.0579556568904451,-1.0585404317683522,-1.0550663641620888,-1.0424364645635205,-1.0449626177774414,1
2016-05-30,-1.0521024087726072,-1.0545570499931263,-1.0548226628610093,-1.0558538667685422,-1.056450725795698,-1.0570069568109794,-1.0535016706434743,-1.0408677712662677,-1.0433926485690213,-1.0430474648868462,1
2016-05-31,-1.0530751099535103,-1.053343435918911,-1.0543629957394365,-1.054944851527729,-1.0555017750851883,-1.0519673013623896,-1.0393038068762634,-1.0418238801198039,-1.0414777708887135,-1.0436674422970387,1
2016-06-01,-1.0518611185571896,-1.05288361940632,-1.0534537088650688,-1.0539956588177086,-1.0504607882420567,-1.0377669176332454,-1.0402598666315317,-1.0399091529406752,-1.0420976592072404,-1.0422793957066074,1
2016-06-02,-1.0514011590840493,-1.0519740370152932,-1.0525042325155909,-1.0489533864322031,-1.0362566530037902,-1.0387231470784213,-1.0383452377778055,-1.0405289925386367,-1.0407098120811458,-1.0420158425565254,1
2016-06-03,-1.0504912938967446,-1.0510242520876465,-1.0474604533892635,-1.0347456288838015,-1.0372131350691454,-1.0368081783994998,-1.0389650455456565,-1.0391412544913783,-1.040446296804039,-1.0341795288940896,1
2016-06-04,-1.049541213673537,-1.0459788337418408,-1.0332484502534267,-1.035702354869298,-1.03529766048682,-1.0374280961762934,-1.0375773787617633,-1.038877759925443,-1.0326111092314032,-1.033290978273813,1
2016-06-05,-1.0444942266677144,-1.0317622117296048,-1.0342054621294878,-1.0337863918064791,-1.0359177420357508,-1.0360401830970751,-1.0373138977268468,-1.0310431881649706,-1.0317226862971578,-1.0327262215236377,1
2016-06-06,-1.0302731845965274,-1.0327195346328675,-1.0322889265351713,-1.0344066314873654,-1.0345294622925978,-1.0357766552972236,-1.0294797282886652,-1.0301548350569605,-1.031158010703358,-1.0300756298428138,0
2016-06-07,-1.031230805138967,-1.0308023761678031,-1.0329093515571846,-1.033017997707891,-1.0342658648730116,-1.027941095381637,-1.0285914207995186,-1.0295902038442422,-1.0285077999164576,-1.0323195966635113,1
2016-06-08,-1.029313050614344,-1.0314230028268736,-1.031520302823689,-1.0327543330662188,-1.0264282349306526,-1.0270526302278518,-1.0280268185818404,-1.0269402013525515,-1.030751444275822,-1.0310520315131173,1
2016-06-09,-1.029933870231096,-1.030033502654946,-1.0312565593932785,-1.0249147043871607,-1.0255395350589052,-1.0264879277995984,-1.025376952173538,-1.0291836693710852,-1.029484061276405,-1.032814072573665,1
2016-06-10,-1.0285439380526997,-1.0297696735083774,-1.023414588062405,-1.0240257778809512,-1.0249746834455065,-1.0238375910696629,-1.0276203049851123,-1.02791638598254,-1.0312458491290604,-1.0321012240534433,1
2016-06-11,-1.0282800268795866,-1.0219251535504064,-1.0225253959255922,-1.0234607822202246,-1.0223236465399552,-1.026081342051256,-1.0263530866743236,-1.0296780353662207,-1.0305331030462197,-1.0247568762711603,1
2016-06-12,-1.02043306799902,-1.0210356724276897,-1.0219602314318554,-1.0208090692525484,-1.0245679902838594,-1.0248138988233986,-1.028114645593479,-1.0289653453021674,-1.023189810657516,-1.008178128116007,1
2016-06-13,-1.019543310329667,-1.0204703242564714,-1.0193077260745835,-1.0230539853445015,-1.023300212218231,-1.026575770399549,-1.0274019921276099,-1.021622630064774,-1.0066134448928585,-1.0002464333135412,1
2016-06-14,-1.0189777863872813,-1.0178169568395536,-1.0215533129963648,-1.0217858839726488,-1.025062549252035,-1.0258629904456646,-1.0200596539546056,-1.0050475671314234,-0.9986828898866028,-1.0049703097750098,1
2016-06-15,-1.0163235940176856,-1.0200632735731943,-1.0202848326882,-1.0235486704341155,-1.0243495809933452,-1.0185193490898012,-1.0034854421867676,-0.9971176354328029,-1.0034060875200752,-1.0027338730443145,1
2016-06-16,-1.0185706091487639,-1.0187943810111264,-1.0220481459086588,-1.0228355203556874,-1.0170039995675468,-1.001942195584853,-0.9955559177073778,-1.0018404618431838,-1.0011699721686278,-0.9847018175187091,0
2016-06-17,-1.0173013220780764,-1.0205582673053275,-1.021334782725453,-1.0154880656744179,-1.0004224666497756,-0.9940112637036058,-1.0002785015903561,-0.9996045222408195,-0.9831405078759254,-0.9890692697200668,0
2016-06-18,-1.019065756778319,-1.0198446722803232,-1.0139851324646794,-0.9989023041673141,-0.9924894395460423,-0.9987346857923739,-0.998042676808351,-0.9815764749867406,-0.9875073324679776,-0.9872319277594956,0
2016-06-19,-1.0183519398910414,-1.0124926333959468,-0.997394414770759,-0.9909672539988889,-0.9972141094856708,-0.9964984641764906,-0.9800155553336881,-0.985942956365095,-0.9856702545361488,-0.9853368551089066,0
2016-06-20,-1.0109976152002862,-0.9958965237475165,-0.9894569934364986,-0.9956931288143877,-0.9949772970966118,-0.9784681430895037,-0.9843818124837318,-0.9841060228197183,-0.9837754542102871,-0.9920009847609781,0
2016-06-21,-0.9943963456915923,-0.9879565227650728,-0.9941842804463334,-0.9934557459979108,-0.9769422126936945,-0.9828351752013297,-0.9825449732688858,-0.9822113714170416,-0.9904386262171252,-1.0097167765064852,0
2016-06-22,-0.9864538761007561,-0.9926853461349965,-0.9919462290511353,-0.975416062323871,-0.9813103985039779,-0.9809980099680787,-0.9806504191606773,-0.9888740197271166,-1.0081518721772997,-1.0274200181019884,1
2016-06-23,-0.9911841696988427,-0.990446567376972,-0.9739011547266653,-0.9797853621001557,-0.9794727479217208,-0.9791031195977176,-0.9873127253292783,-1.0065858735020734,-1.0258525697909455,-1.0204270745198145,1
2016-06-24,-0.9889446948869961,-0.9723956284346068,-0.9782717601448973,-0.9779472428839255,-0.9775773569523163,-0.985766608251107,-1.0050236695620414,-1.0242851799167476,-1.0188606311050505,-1.0100556305565904,0
2016-06-25,-0.9708881437665636,-0.9767676542920283,-0.9764330916586066,-0.9760513685557102,-0.984242605990421,-1.003480695978272,-1.0227220670788564,-1.0172937907672674,-1.0084906775335796,-1.0101008110966045,0
2016-06-26,-0.9752615289210114,-0.9749283882416647,-0.974536650801845,-0.9827183173522824,-1.0019613734898352,-1.021182234762587,-1.015731036952407,-1.0069246522297044,-1.0085358515810836,-1.019074168349394,1
2016-06-27,-0.9734216910284506,-0.97303133104491,-0.9812055918279402,-1.0004416034563155,-1.0196675887311737,-1.0141899638065255,-1.0053624308926483,-1.0069698227267219,-1.0175079193492367,-1.0125706806173724,1
2016-06-28,-0.9715240440217794,-0.9797024394652858,-0.9989341740359176,-1.0181523341012213,-1.01267347053149,-1.003819517435224,-1.0054075990700626,-1.0159411853288003,-1.0110053661779683,-1.0146489854580183,1
2016-06-29,-0.978197226541928,-0.9974367834317689,-1.0166501970329231,-1.0111564322755149,-1.0023002844578743,-1.0038646936294844,-1.0143785009731694,-1.009439143230343,-1.0130833723631516,-1.016433616788573,1
2016-06-30,-0.9959370842546247,-1.0151585641055583,-1.0096522046793632,-1.0007806008527513,-1.0023454725869463,-1.0128371877672875,-1.007876792768708,-1.0115169860931459,-1.0148677472395593,-1.008037566435963,1
2016-07-01,-1.0136643747686018,-1.0081582974166063,-0.9992732727321597,-1.0008258005056094,-1.011320337110948,-1.0063343255823791,-1.0099545289297631,-1.0133012207253356,-1.0064729034117348,-1.0072945975557321,1
2016-07-02,-1.0066619316419974,-0.9977759923344999,-0.9993184858916587,-1.0098029537815967,-1.00481575697621,-1.0084124305183513,-1.0117386719376258,-1.0049070366962578,-1.0057300412972248,-1.0004171153535943,0
2016-07-03,-0.996276398620056,-0.9978212201881973,-1.0082983217365893,-1.0032967148618532,-1.0068944109135172,-1.0101968901916318,-1.0033449189681454,-1.0041642329675262,-0.9988535473993957,-1.0117222904771086,1
2016-07-04,-0.9963216405354469,-1.0068039744642212,-1.0017901386109347,-1.0053758988933266,-1.0086793420118572,-1.001801647424932,-1.002602153384,-0.9972882795326466,-1.0101570979526158,-1.005447215475158,0
2016-07-05,-1.0053071876200164,-1.0002936761903254,-1.0038699439478864,-1.0071612851812224,-1.0002818813593295,-1.0010587500082075,-0.9957265530442763,-1.0085909416752372,-1.003882924688173,-1.0087177845661746,0
2016-07-06,-0.9987948652434795,-1.0023741574604086,-1.005655863748095,-0.9987616830250887,-0.9995387876812584,-0.994181929326367,-1.0070286347705961,-1.0023172615339235,-1.0071530237936004,-1.0070360644656517,0
2016-07-07,-1.000875993351458,-1.0041606576814583,-0.9972537516078732,-0.9980183998447553,-0.9926601502558696,-1.005486017045714,-1.0007552767963954,-1.0055871036235762,-1.00547154535873,-1.0162654447785209,1
2016-07-08,-1.0026630490093962,-0.9957558148693465,-0.996510246318335,-0.9911380082430197,-1.0039672243303044,-0.9992115456206768,-1.0040249509725487,-1.0039057573457042,-1.0146995993960721,-1.0097494068964952,0
2016-07-09,-0.9942555930659318,-0.995012067941877,-0.989627798705717,-1.0024479658248509,-0.9976910952925409,-1.002481800127406,-1.002343691035463,-1.0131330860975483,-1.0081844978782748,-1.0136550135777094,1
2016-07-10,-0.9935116149017269,-0.9881273835457077,-1.0009411359492322,-0.9961702362612234,-1.000962213747023,-1.0008002417854962,-1.0115705459439173,-1.0066184966388083,-1.0120895433180639,-1.0140566183778341,1
2016-07-11,-0.9866247900033438,-0.9994443976042285,-0.9946615304632668,-0.999442188909786,-0.9992802111649025,-1.010028734357441,-1.0050562910235072,-1.0105232351587619,-1.0124910904069884,-1.0144833234779669,1
2016-07-12,-0.9979453226100292,-0.9931627512573586,-0.9979344608425519,-0.9977597573867338,-1.0085111417536452,-1.0035133232296822,-1.0089608290266499,-1.0109247506878059,-1.0129177341889704,-1.010243882806649,0
2016-07-13,-0.9916617232501905,-0.9964367453333471,-0.9962515265723132,-1.006993042028917,-1.0019940093608315,-1.0074185542446255,-1.0093623239369987,-1.0113513609374154,-1.0086789027315128,-1.0127739930474353,1
2016-07-14,-0.9949367352365384,-0.9947532641123861,-1.005487570321071,-1.0004742476500463,-1.0059002720739354,-1.0078201204158277,-1.0097889122792443,-1.0071128626339436,-1.011208649391736,-1.011867872217154,1
2016-07-15,-0.9932527306081016,-1.0039923095593624,-0.9989668279844447,-1.004381506530448,-1.0063019443323524,-1.0082467844727303,-1.0055506316318743,-1.0096424104669213,-1.0103026587723507,-1.0105676766767495,1
2016-07-16,-1.0024946485465525,-0.9974694479927726,-1.0028752544389095,-1.0047832812225201,-1.0067287211069202,-1.004007751577975,-1.008080049567072,-1.0087364910545158,-1.0090026500719582,-1.011192674146944,1
2016-07-17,-0.9959697589712959,-1.0013791446790645,-1.0032771491900112,-1.005210166832847,-1.0024885683290072,-1.0065376184565502,-1.0071741766755975,-1.0074365845292355,-1.0096275577290967,-1.0065014280754856,0
2016-07-18,-0.9998806712128595,-1.0017811700452641,-1.003704162363057,-1.00096893273966,-1.0050191035570335,-1.0056315847827748,-1.0058743369033432,-1.0080614430713104,-1.0049369857965993,-1.0080952971259811,0
2016-07-19,-1.000282821571889,-1.0022083219968514,-0.9994616608967387,-1.0035001132997148,-1.0041128305239804,-1.004331514303507,-1.0064991633575735,-1.0033712397976642,-1.0065306258057678,-1.0081580478760006,0
2016-07-20,-1.0007101063283583,-0.997964441724906,-1.0019935978286798,-1.002593609150727,-1.0028124165873558,-1.0049564516574407,-1.001809200936061,-1.0049647545535578,-1.0065933675384122,-1.009960249416561,0
2016-07-21,-0.9964649066008512,-1.0004972015319638,-1.0010868227965066,-1.0012928635851432,-1.003437519039517,-1.000265656820083,-1.003402633861508,-1.005027491354971,-1.00839531009996,-1.010128421426613,0
2016-07-22,-0.9989984538627381,-0.9995901317994759,-0.9997856885398144,-1.0019181254496807,-0.998745484970885,-1.0018593725620424,-1.00346536744125,-1.0068292922915565,-1.008563457943447,-1.013740354597736,1
2016-07-23,-0.9980911021151775,-0.9982885746764044,-1.0004111372462168,-0.9972248948279128,-1.000339621746477,-1.0019221172762929,-1.0052670758514406,-1.0069974269193436,-1.0121748720744603,-1.0125003997773505,0
2016-07-24,-0.9967891403278188,-0.9989142266525527,-0.995716504184909,-0.9988194381370741,-1.0004023830368547,-1.0037241454695636,-1.005435201845149,-1.0106085572086838,-1.0109350954374066,-1.0110646626169042,0
2016-07-25,-0.9974149868240588,-0.9942180678436328,-0.9973115239783441,-0.9988822154327104,-1.0022048872965004,-1.0038923013037544,-1.009046146695099,-1.00936887801276,-1.0094995645945022,-1.0128668641574643,1
2016-07-26,-0.9927173679426433,-0.9958136060157377,-0.9973743200332038,-1.0006851793633842,-1.0023730875547123,-1.007503887056006,-1.007806531159397,-1.0079334599964276,-1.01130150715605,-1.0134491911176455,1
2016-07-27,-0.9943134021800424,-0.9958764224792064,-0.9991778227287731,-1.0008534225156893,-1.0059856274288492,-1.0062640515024186,-1.0063711868549,-1.0097352609330128,-1.0118837504349902,-1.0128041134074448,0
2016-07-28,-0.9943762381736407,-0.9976805113100274,-0.9993461161557969,-1.0044668836525135,-1.004745464330987,-1.0048284524403701,-1.0081728952650901,-1.0103174584501269,-1.0112387654234056,-1.012633431367392,0
2016-07-29,-0.9961808879097865,-0.9978488594321235,-1.0029606570735186,-1.0032264042907406,-1.0033094860071468,-1.0066304806336408,-1.008755062885096,-1.0096725241315998,-1.0110681079106127,-1.012141465487239,0
2016-07-30,-0.99634928837263,-1.0014645750693818,-1.001719807029492,-1.0017900597665828,-1.0051119902667924,-1.0072127515818843,-1.0081101616853483,-1.0095018800317561,-1.0105762127266804,-1.0126284113073902,0
2016-07-31,-0.9999661281641533,-1.0002233217512404,-1.0002830332943031,-1.0035930236972566,-1.005694415041497,-1.0065677359193903,-1.00793952634845,-1.009010023508677,-1.0110630885720011,-1.02025137241976,0
2016-08-01,-0.9987244889306492,-0.9987860810670766,-1.0020865359898723,-1.004175597000761,-1.0050492289764148,-1.0063970702966294,-1.0074476950832727,-1.009496861087643,-1.0186849542536462,-1.0248723376511963,0
2016-08-02,-0.9972868013971181,-1.0005901698978976,-1.0026692833789699,-1.0035302464016203,-1.0048785182665876,-1.0059051517369064,-1.0079345076620705,-1.0171181277233108,-1.0233052554455817,-1.039631314055784,1
2016-08-03,-0.9990914511332638,-1.0011731066788871,-1.0020237399350127,-1.0033594921574895,-1.004386469750027,-1.0063920507194892,-1.0155553829291295,-1.0217380657793742,-1.0380621109635508,-1.034892377414311,1
2016-08-04,-0.9996745691538569,-1.000527353434429,-1.0018529346657943,-1.0028673181597012,-1.0048734973633573,-1.0140142786066246,-1.0201750837413308,-1.0364937614717438,-1.0333238553142436,-1.0318954015933794,1
2016-08-05,-0.9990286151396655,-1.000356492653794,-1.0013606135956947,-1.0033544699738386,-1.0124977389184326,-1.018634799364022,-1.0349300216966506,-1.0317558782290237,-1.030327310163146,-1.032711161343633,1
2016-08-06,-0.9988577012370778,-0.9998640115801994,-1.0018479109814056,-1.0109806558477332,-1.0171194803418415,-1.0333923561557095,-1.0301923817545344,-1.0287595685935325,-1.0311429526875235,-1.029513383122639,1
2016-08-07,-0.9983650670472665,-1.0003514673367164,-1.0094763757257563,-1.0156035758983886,-1.0318809358386614,-1.0286538753355212,-1.027196225986056,-1.0295751470119032,-1.0279456339919635,-1.028280958392256,0
2016-08-08,-0.9988526743575898,-1.0079824113188942,-1.0141006772056211,-1.0303687958320402,-1.0271412031893425,-1.0256571877829237,-1.0280117625227023,-1.0263780796118898,-1.026713386362827,-1.0286926033123838,0
2016-08-09,-1.006485990859922,-1.012608215688729,-1.0288703093086116,-1.0256278544655888,-1.0241437239609066,-1.0264728690681784,-1.0248148592990496,-1.0251459288321356,-1.0271249721289744,-1.0295083630626374,1
2016-08-10,-1.0111132334285071,-1.027382647896567,-1.0241279512456107,-1.0226296108260005,-1.0249596207358158,-1.0232753984299796,-1.0235827717929167,-1.0255574822494058,-1.0279406146533518,-1.028429050162302,0
2016-08-11,-1.0258922591228479,-1.022638748575411,-1.0211288116655135,-1.023445715669272,-1.0217613053781716,-1.0220430922421022,-1.0239943040760242,-1.0263730606677766,-1.026861456851868,-1.0291770391025346,0
2016-08-12,-1.0211468848862977,-1.0196386342801458,-1.021945160378689,-1.0202465846836475,-1.0205286736351549,-1.0224546975675846,-1.0248098406126702,-1.0252939876834708,-1.0276093383049894,-1.0295686037826561,0
2016-08-13,-1.0181458378320387,-1.020455248305239,-1.0187450734230412,-1.019013638597351,-1.020940387700032,-1.0232703788528394,-1.0237308230411077,-1.0260418103563154,-1.0280008467166906,-1.0300630796928099,0
2016-08-14,-1.0189627057488178,-1.017254121326874,-1.0175117589055975,-1.019425457656725,-1.0217562844749413,-1.022191169767733,-1.0244786073116325,-1.0264332879971334,-1.0284952515699286,-1.0338582450539895,1
2016-08-15,-1.015760583515044,-1.0160204059843487,-1.017923701025477,-1.0202415624999965,-1.0206767902804461,-1.0229390867615975,-1.0248700648492226,-1.0269276539922687,-1.0322898715602635,-1.0346689847442416,1
2016-08-16,-1.0145264846007715,-1.0164324819847035,-1.0187400497386523,-1.0191617930150525,-1.0214249048617474,-1.0233306137785199,-1.0253644054575897,-1.0307219757417352,-1.0331004947460296,-1.032108754143446,0
2016-08-17,-1.014938688718777,-1.0172490960097964,-1.0176599575950664,-1.019910098379037,-1.0218165353137039,-1.0238250421268127,-1.029158532360386,-1.0315325352159932,-1.030540632054137,-1.0331679868037749,1
2016-08-18,-1.015755556635556,-1.0161686528381348,-1.0184084865689935,-1.0203018287038073,-1.0223110942818796,-1.0276198424446752,-1.0299690502106529,-1.0289728737183372,-1.0315997125011749,-1.0328918835036893,1
2016-08-19,-1.014674777545664,-1.0169174250826818,-1.0188003339513176,-1.0207965137934212,-1.026106897123919,-1.0284305041527901,-1.027409520157179,-1.0300318709261906,-1.0313236488775395,-1.032563069573587,1
2016-08-20,-1.0154237825893566,-1.0173093998147265,-1.0192951668636117,-1.024593284633503,-1.026917772995598,-1.025870519811375,-1.028468462983224,-1.029755828999973,-1.0309948821984827,-1.0310394813631134,1
2016-08-21,-1.0158158791894105,-1.0178043935468597,-1.0230930722615235,-1.0254043672931237,-1.0243571123481905,-1.026929650587921,-1.0281924352323593,-1.029427088160568,-1.029471512929876,-1.0311373725331436,1
2016-08-22,-1.0163110268189657,-1.0216035332574467,-1.0239043972903104,-1.0228430536311637,-1.025416522929765,-1.0266535738452194,-1.027863711274511,-1.0279038386222572,-1.0295693900328011,-1.0297719162127195,0
2016-08-23,-1.0201113477117962,-1.0224151219654625,-1.0213423182520365,-1.023902734381504,-1.0251403732521034,-1.0263247915425475,-1.0263405399583754,-1.0280017080324617,-1.0282041299304585,-1.03061026623298,0
2016-08-24,-1.0209231887490875,-1.0198522102559393,-1.0224023156580673,-1.0236265142807044,-1.0248115040905246,-1.0248013498805486,-1.0264384043427728,-1.0266365552337118,-1.0290423594785882,-1.0314210059232318,0
2016-08-25,-1.0183594802102731,-1.020912552159291,-1.022126013016685,-1.0232975612515702,-1.0232876599601557,-1.0248992316347791,-1.0250733216475867,-1.0274747189005915,-1.029852982664354,-1.0320284331834206,0
2016-08-26,-1.019420151782214,-1.0206361597200286,-1.0217969616892202,-1.0217733285135215,-1.0233855675731447,-1.023533906652691,-1.0259114422729398,-1.028285278374849,-1.030460322636352,-1.0315540375132735,0
2016-08-27,-1.0191436734103811,-1.0203070014514528,-1.020272273477228,-1.0218712610947143,-1.0220198818945274,-1.024372176035076,-1.0267219601232067,-1.0288925706125283,-1.0299859951375603,-1.0339887666140302,1
2016-08-28,-1.0188144128039256,-1.018781817718433,-1.020370235322809,-1.0205052271416688,-1.0228583727339726,-1.0251828377431909,-1.0273292211751093,-1.028418280393845,-1.032420374364164,-1.0329947947337212,1
2016-08-29,-1.0172887548793568,-1.018879811401444,-1.019003793169063,-1.0213439318113695,-1.0236692486056518,-1.0257902065771343,-1.0268549553122597,-1.0308524682886746,-1.0314265453190763,-1.0329445941337057,1
2016-08-30,-1.0173867790293702,-1.017512925156365,-1.0198427484619879,-1.02215501447099,-1.0242767778965072,-1.0253158565374014,-1.0292890182062495,-1.0298587173542906,-1.0313763519329608,-1.032093693963441,1
2016-08-31,-1.0160194678086694,-1.0183521531083068,-1.0206540734907745,-1.0227626986927492,-1.0238023025412522,-1.0277503514503161,-1.0282953183031363,-1.0298085279131601,-1.0305255740383024,-1.0326032300535994,1
2016-09-01,-1.0168589566831439,-1.0191637418163224,-1.021261939301816,-1.022288102337739,-1.0262374406079044,-1.02675647517659,-1.0282451314393426,-1.0289578168859979,-1.031035036907375,-1.0333989095638467,1
2016-09-02,-1.017670797720435,-1.0197718051826994,-1.020787201127077,-1.0247238614084266,-1.025243301768323,-1.0267062794051898,-1.027394464098041,-1.0294672397134725,-1.0318306020773065,-1.032585659843594,1
2016-09-03,-1.0182790501384673,-1.019296912718876,-1.0232236880556316,-1.0237294690455478,-1.0251930927360207,-1.0258554610799548,-1.027903860765546,-1.0302627423553912,-1.0310174692222347,-1.0268954218318251,1
2016-09-04,-1.0178040100268635,-1.0217341915014617,-1.0222289985466548,-1.0236792472090388,-1.0243420496384998,-1.0263649481596677,-1.0286993225566745,-1.029449673409077,-1.0253280489060381,-1.0242799705710122,1
2016-09-05,-1.020242046578481,-1.0207391787201174,-1.022178761702767,-1.022827987080211,-1.0248516713163662,-1.0271605511363624,-1.0278862953632182,-1.0237607002569336,-1.0227129734894183,-1.0247920166911713,1
2016-09-06,-1.0192467244398824,-1.0206889255493425,-1.0213272471988701,-1.0233377387207776,-1.0256474844783547,-1.0263473796396776,-1.0221976143522131,-1.0211458303740342,-1.023224946027797,-1.0238256551408709,1
2016-09-07,-1.0191964556450037,-1.019837134304707,-1.0218371511643305,-1.0241337548294456,-1.0248340981550605,-1.0206576889514538,-1.0195828787485663,-1.0216577626735652,-1.0222587233450726,-1.022796542840551,1
2016-09-08,-1.0183443995718096,-1.0203472039880728,-1.0226334051399508,-1.0233201610779994,-1.0191429043436167,-1.0180424892614983,-1.020094784759261,-1.020691615931803,-1.0212297589297041,-1.0198397274996318,0
2016-09-09,-1.0188546278398285,-1.0211437167448558,-1.0218195682689697,-1.017627515909702,-1.0165270137606768,-1.0185544861297815,-1.0191286876312342,-1.0196627323886276,-1.0182733684874987,-1.0207081978799017,0
2016-09-10,-1.019651388238656,-1.0203296153783015,-1.0161252220142964,-1.0150109582275821,-1.0170391458901582,-1.0175882175303257,-1.0180998569234654,-1.0167065743060406,-1.0191417140672976,-1.020545045929851,0
2016-09-11,-1.018837033761621,-1.01463341847096,-1.013507882447746,-1.015523220959974,-1.0160726220183427,-1.0165592042166196,-1.015143850646022,-1.0175748516375984,-1.018978585562422,-1.024759386301161,1
2016-09-12,-1.013139065862119,-1.0120152282735846,-1.0140202982554007,-1.0145564506071754,-1.0150433368561496,-1.013602673281142,-1.0160120833896513,-1.017411735953924,-1.0231923203268216,-1.0243778617410426,1
2016-09-13,-1.0105200616489385,-1.0125278106154891,-1.0130532390105622,-1.0135269029587406,-1.0120860248535553,-1.0144710601263671,-1.015848976082322,-1.0216251395368305,-1.0228108505923437,-1.0241268587409647,0
2016-09-14,-1.0110328033567013,-1.011560437078071,-1.0120233837108639,-1.0105688367883592,-1.0129546411123818,-1.0143079238693162,-1.020062163297795,-1.0212436997842387,-1.022559883661766,-1.0237654144208523,0
2016-09-15,-1.010065129055286,-1.0105302470771844,-1.009064433605877,-1.0114376745599654,-1.0127914617573999,-1.018521858878371,-1.019680743132964,-1.0209927525785862,-1.0221984912817341,-1.024648944981127,1
2016-09-16,-1.0090346187602726,-1.0075703353185395,-1.0099335310051345,-1.011274453591311,-1.0170065100191619,-1.018140371015729,-1.019429808813996,-1.0206313886024465,-1.0230818948773677,-1.0246966355511415,1
2016-09-17,-1.0060737867419165,-1.008439715172946,-1.0097702612624995,-1.0154905767662432,-1.016624921373666,-1.0178893921587275,-1.0190684633946818,-1.0215147227663435,-1.0231295785941772,-1.024945128521219,1
2016-09-18,-1.0069434368933181,-1.0082763923679274,-1.0139876443068736,-1.0151088908087746,-1.0163738762121555,-1.0175279826046455,-1.0199517521974493,-1.0215624027354173,-1.0233780358554492,-1.0239687268509154,0
2016-09-19,-1.0067800633099624,-1.0124951460544853,-1.0136058442933271,-1.0148577816262296,-1.01601237117958,-1.0184114281812906,-1.0199994297180532,-1.0218108404690134,-1.022401774495502,-1.0241293687709654,0
2016-09-20,-1.01100012864003,-1.0121132219565958,-1.0133546600738885,-1.0144961844033646,-1.0168960501480973,-1.0184591141641208,-1.0202478546938316,-1.020834655839025,-1.0225623933310717,-1.0243602915310372,0
2016-09-21,-1.010618085798952,-1.011861956102721,-1.0129929547978969,-1.0153800887259234,-1.0169437487287842,-1.0187075832325523,-1.019271720193046,-1.0209952620506426,-1.0227932829072033,-1.027161485011908,1
2016-09-22,-1.0103667418245583,-1.0115001332731413,-1.0138771232503208,-1.015427799470607,-1.0171922834386797,-1.0177312754788166,-1.0194323181571854,-1.021226133479843,-1.0255940738524505,-1.0273748375619742,1
2016-09-23,-1.0100048065014318,-1.0123845890787806,-1.013924848252014,-1.0156763975613265,-1.0162157177604036,-1.0178919019472976,-1.0196631777306362,-1.0240267042949254,-1.0258073957434415,-1.0257332779414639,1
2016-09-24,-1.010889537291297,-1.0124323295910167,-1.0141735206292584,-1.0146995828412262,-1.0163763866637705,-1.018122802495739,-1.0224636047303193,-1.02424000941973,-1.0241660720174632,-1.0257859885714802,1
2016-09-25,-1.0109372926464317,-1.0126810827863528,-1.0131964140156422,-1.014860292718055,-1.01660734821236,-1.0209237265398754,-1.022676898901442,-1.0225988146947624,-1.0242187750728846,-1.0262377939716207,1
2016-09-26,-1.0111861231810813,-1.0117036586147798,-1.0133571719160828,-1.0150913131659964,-1.0194090122148178,-1.0211370585683268,-1.0210357884553911,-1.0226515136079495,-1.0246705155479245,-1.0244280623410582,0
2016-09-27,-1.0102083951206904,-1.0118644687612597,-1.0135882613979663,-1.0178936916431998,-1.0196224006021017,-1.019495656843537,-1.0210884846623745,-1.023103218578124,-1.0228610439784591,-1.0248974379512041,1
2016-09-28,-1.0103692552643022,-1.0120956333468245,-1.0163914772869014,-1.0181071344483632,-1.0179805652458227,-1.0195483624035073,-1.021540166436517,-1.0212938892253691,-1.0233303521386394,-1.0252588822713165,1
2016-09-29,-1.0106004917207443,-1.0148997602760672,-1.0166049838734241,-1.0164648803945182,-1.01803328472974,-1.02000012434611,-1.0197309299967574,-1.0217631604999393,-1.0236917445186713,-1.0250179193912416,1
2016-09-30,-1.0134054904749763,-1.0151133362518607,-1.0149622390782955,-1.0165176133228526,-1.018485166020459,-1.0181905667871294,-1.0202001771732276,-1.022124524476079,-1.0234508162653169,-1.0240038672709264,1
2016-10-01,-1.013619132853211,-1.0134700575675195,-1.0150149877643777,-1.0169696098514338,-1.016675130405968,-1.018659897249722,-1.0205615225925415,-1.0218836151586526,-1.0224369098657828,-1.0229371045205946,0
2016-10-02,-1.011975343260677,-1.0135228233968332,-1.0154671193593672,-1.0151591126452837,-1.0171445848579928,-1.0190213068038043,-1.0203206256463322,-1.0208697884478164,-1.0213703004108277,-1.0237127037908358,1
2016-10-03,-1.0120281254952996,-1.013975101933808,-1.0136560811372148,-1.015628686816643,-1.017506089890568,-1.0187803671010829,-1.0193068509977015,-1.019803262823793,-1.0221457882263127,-1.023401460070739,1
2016-10-04,-1.0124805446492082,-1.0121634751273707,-1.0141257956275649,-1.015990284039508,-1.0172650865355177,-1.0177664125187968,-1.0182403801420874,-1.0205786896892595,-1.0218345892323963,-1.0238858958608896,1
2016-10-05,-1.0106683545938306,-1.0126333422741165,-1.0144875009035565,-1.0157492192242648,-1.0162508640830152,-1.0166997523765404,-1.0190157671876987,-1.0202675151542502,-1.0223189554084113,-1.0233060789307094,1
2016-10-06,-1.0111383678259465,-1.0129951651036961,-1.0142463640528956,-1.0147347381267824,-1.0151839221465953,-1.017475277044675,-1.0187046086321783,-1.0207518432611598,-1.0217392217987769,-1.0231780674006696,1
2016-10-07,-1.0115003031490732,-1.0127539498839764,-1.0132315798063636,-1.0136675241009658,-1.015959651695663,-1.0171640632619932,-1.0191889118677866,-1.0201721552161023,-1.0216112286641823,-1.0221489551003498,1
2016-10-08,-1.0112590129336554,-1.0117388358343222,-1.0121640468737494,-1.0144434514750302,-1.01564835569539,-1.017648452456006,-1.0186092535909703,-1.0200441721412195,-1.0205822642488136,-1.0216494591301943,1
2016-10-09,-1.0102435832771055,-1.0106709559553544,-1.0129402061118147,-1.0141320760886743,-1.0161328728571053,-1.0170686912963325,-1.0184812770882967,-1.0190152885980441,-1.020082840056964,-1.0222418262103785,1
2016-10-10,-1.009175371385933,-1.0114473674438276,-1.0126287376797107,-1.0146167168109863,-1.0155529585340157,-1.0169406920792619,-1.017452446380528,-1.0185159036587954,-1.0206751220131274,-1.0216795794902038,1
2016-10-11,-1.009952024266809,-1.0111357977850228,-1.0131135232232273,-1.0140366545993071,-1.0154249255016454,-1.0159116787655558,-1.0169530870857815,-1.0191081390641354,-1.0201129560886333,-1.016137433248481,0
2016-10-12,-1.009640357738561,-1.0116207408830011,-1.0125332876763242,-1.0139085889162092,-1.0143956403394523,-1.0154122308401228,-1.017545292078546,-1.0185460173234737,-1.0145716062614774,-1.0173623278888617,1
2016-10-13,-1.0101254516091407,-1.0110403167605502,-1.0124051837244106,-1.0128790412677742,-1.0138960604680463,-1.0160045409426464,-1.0169831992040577,-1.0130051030226654,-1.0157963248826967,-1.017211726088815,1
2016-10-14,-1.0095448470282915,-1.0109121711750741,-1.0113753284247122,-1.0123793339945095,-1.0144885270492112,-1.015442348302963,-1.0114425694412434,-1.01422972538625,-1.01564574472435,-1.0163106253185348,0
2016-10-15,-1.0094166616013507,-1.0098819811741875,-1.0108754718280293,-1.012971951665316,-1.0139261858874276,-1.0099007351403702,-1.0126671289178075,-1.0140791570628584,-1.0147447734435762,-1.0167448605086697,0
2016-10-16,-1.0083861513063372,-1.0093819621249767,-1.0114682665859045,-1.012409467096415,-1.0083831087212747,-1.0111255119625373,-1.0125165683264268,-1.0131782565945657,-1.0151789462334755,-1.0159968715684373,0
2016-10-17,-1.007885976797294,-1.0099749495401211,-1.010905613934362,-1.006864976345819,-1.0096082091094463,-1.0109749246483366,-1.0116157141213316,-1.0136123952603446,-1.014431064780354,-1.0166093188886276,0
2016-10-18,-1.0084791485768627,-1.0094121140274417,-1.0053594663691574,-1.008090389156639,-1.00945758201254,-1.0100739105517011,-1.0120498304931462,-1.0128645725875,-1.0150434240909636,-1.0169180525787236,0
2016-10-19,-1.0079161380742214,-1.0038641639738861,-1.0065852453600177,-1.0079397236471122,-1.008556329882717,-1.0105081039743138,-1.0113020462226214,-1.0134768837692922,-1.015352113415574,-1.0187855148993041,1
2016-10-20,-1.0023664631196116,-1.0050903413407952,-1.0064345348283545,-1.0070382416817751,-1.0089906380121303,-1.0097601869804493,-1.0119143259609034,-1.013785548832245,-1.0172193073790723,-1.0187001738792776,1
2016-10-21,-1.0035930217146523,-1.0049395818284703,-1.00553278348057,-1.0074726605675781,-1.0082425234308288,-1.010372575391533,-1.0122229751732341,-1.0156525960423,-1.0171339786226758,-1.0182056979691239,1
2016-10-22,-1.0034422153300162,-1.0040375374130597,-1.0059673321801987,-1.0067243552035938,-1.0088550736249147,-1.0106812793856448,-1.0140899265063563,-1.015567273992378,-1.0166395737694378,-1.0120661645872155,1
2016-10-23,-1.0025398904619431,-1.004472227340263,-1.0052188032062717,-1.0073370616090038,-1.0091638591735725,-1.0125485620817358,-1.014004608837907,-1.0150729079972425,-1.010500922647507,-1.0121213852472326,1
2016-10-24,-1.002974715537644,-1.0037234550957161,-1.005831692701702,-1.0076459259035344,-1.0110316351752109,-1.0124632292703553,-1.01351026822954,-1.0089347393469812,-1.010556135372234,-1.0129522051774908,1
2016-10-25,-1.0022257104939514,-1.0043365437791707,-1.0061406492916114,-1.0095141782216699,-1.0109462798202973,-1.0119688009220624,-1.0073724147875822,-1.0089899477322248,-1.0113868359124463,-1.011990863687192,1
2016-10-26,-1.0028389897914716,-1.0046456007794369,-1.0080094598842348,-1.0094288010996044,-1.0104517208521215,-1.005829858079806,-1.0074276203377552,-1.0098205829829348,-1.0104256325683338,-1.006792591555576,1
2016-10-27,-1.0031481428799756,-1.0065150187322653,-1.0079240572496255,-1.0089341160099907,-1.0043111562015739,-1.0058850734283462,-1.0082582129335393,-1.0088594551852854,-1.0052281074360694,-1.0042800515247952,1
2016-10-28,-1.0050181420494637,-1.0064295883419478,-1.0074292243373315,-1.0027919854049376,-1.0043663861371062,-1.0067158134450211,-1.0072971344918917,-1.0036623385562211,-1.0027159284609866,-1.0039437075046904,1
2016-10-29,-1.00493268509817,-1.0059345946098146,-1.001285258329863,-1.0028472294250974,-1.005197345621706,-1.0057545644227055,-1.002100284746064,-1.0011503570276392,-1.0023796327740124,-0.9977113030127531,1
2016-10-30,-1.0044375374686145,-0.999788631824037,-1.0013405188581395,-1.0036784008193218,-1.0042358426531206,-1.0005567922942047,-0.999588432213194,-1.0008140877720648,-0.996148123887768,-1.0008789608737378,1
2016-10-31,-0.9982896638549483,-0.9998439103118894,-1.0021719386244814,-1.002716652650174,-0.9990366973582372,-0.9980444939356198,-0.9992521802257769,-0.9945830686557121,-0.9993153265516587,-1.0011023535438073,1
2016-11-01,-0.9983449595293149,-1.000675600288215,-1.0012099030640313,-0.997516181479665,-0.9965237352915168,-0.9977081822672378,-0.9930214810858009,-0.9977500223910473,-0.9995386871198728,-0.9938684470815586,0
2016-11-02,-0.9991769080845575,-0.9997132520678745,-0.9960078778794577,-0.9950025785623886,-0.9961873347750926,-0.9914763772478908,-0.9961882721911773,-0.997973365404078,-0.9923058201806233,-0.9910973739606972,0
2016-11-03,-0.9982142606626302,-0.9945095362341275,-0.9934935238428773,-0.9946660922577782,-0.9899538834147859,-0.9946437304232496,-0.9964116037350588,-0.9907410669371717,-0.9895351452670454,-1.0041821603547647,1
2016-11-04,-0.9930089269529399,-0.9919943650368408,-0.9931569369888295,-0.9884310512551834,-0.9931220733530489,-0.9948671016059809,-0.9891796766624004,-0.9879706097867675,-1.0026180513580614,-1.000535086763631,1
2016-11-05,-0.9904929737692605,-0.9916576687926486,-0.9869200328201687,-0.9916000491389025,-0.9933455035467933,-0.9876338909471981,-0.9864093617809935,-1.0010524876174347,-0.9989715018567672,-1.000487396193616,1
2016-11-06,-0.990156172843573,-0.9854187376409375,-0.9900899776694839,-0.9918235363113677,-0.9861103819920595,-0.9848630843659016,-0.9994905678287966,-0.9974062247193033,-0.9989238181399575,-0.9984542718929842,1
2016-11-07,-0.9839153019593813,-0.9885897127168373,-0.9903135316247843,-0.984586569670418,-0.9833388434089831,-0.9979466121813892,-0.9958444921741911,-0.9973585447502292,-0.996890986002278,-1.0005601870636387,1
2016-11-08,-0.9870872629162278,-0.9888133393267858,-0.9830744024205635,-0.9818143242951201,-0.9964258276785277,-0.9942998893891576,-0.9957968146535872,-0.9953258723844437,-0.9989965985498249,-0.9988734469031144,1
2016-11-09,-0.987310959053438,-0.9815718574181143,-0.9803013286379613,-0.9949046459811961,-0.9927781414817795,-0.9942522034063273,-0.9937642466699462,-0.9974313194398685,-0.9973101007763429,-0.9955049866420673,0
2016-11-10,-0.980067225711416,-0.9787978823913366,-0.9933955619972962,-0.9912560295588158,-0.9927304429010925,-0.9922192746646152,-0.995869585606088,-0.9957449542178834,-0.9939421245679899,-0.9974477498626714,0
2016-11-11,-0.9772923882341112,-0.9918963713538297,-0.9897458552888531,-0.9912083188141322,-0.9906969770928571,-0.9943249872748577,-0.9941833069826228,-0.9923772427180262,-0.9958846086106614,-0.9972268672226027,0
2016-11-12,-0.990394949619247,-0.9882454784970288,-0.9896981302871597,-0.9891743344355169,-0.9928032459979305,-0.9926384093558078,-0.990815768422072,-0.994319574089777,-0.9956637577117531,-1.0000782613034889,1
2016-11-13,-0.9867429216713087,-0.9881977379847926,-0.987663538109707,-0.9912811404770703,-0.9911162225125797,-0.9892702730948478,-0.9927580000508845,-0.9940987405488028,-0.9985147420431157,-1.0008362903637247,1
2016-11-14,-0.9866951663161739,-0.9861624845684068,-0.9897709737107969,-0.9895936867703673,-0.9877471964451082,-0.9912128494480393,-0.9925371778501926,-0.9969495008050155,-0.9992726621734606,-1.0000857913934913,1
2016-11-15,-0.9846592801235862,-0.9882706050824163,-0.9880830157561695,-0.986223801540612,-0.9896902859951999,-0.990991988053878,-0.9953877917136693,-0.9977073613660864,-0.9985222710510331,-0.9984291715929764,1
2016-11-16,-0.9867680560687481,-0.9865820985443777,-0.9847121235313033,-0.9881673866135111,-0.9894693662530706,-0.9938431078694149,-0.9961456133569528,-0.9969570292211852,-0.9968658893092203,-0.9902514938504343,0
2016-11-17,-0.9850790245608234,-0.983210110785378,-0.9866562893897582,-0.9879464105328715,-0.9923212392878302,-0.9946010640175594,-0.9953953197432384,-0.9953007776638784,-0.9886893867109986,-0.9910597235106855,1
2016-11-18,-0.981705988424462,-0.9851549084943689,-0.9864352472766522,-0.9907990108465836,-0.9930793956755922,-0.9938506372351249,-0.9937391532380494,-0.9871249177037185,-0.9894975002274587,-0.9883965816798577,0
2016-11-19,-0.9836513907862681,-0.984933794542959,-0.9892887000094748,-0.9915573605778699,-0.9923287706426757,-0.9921941767789152,-0.9855637131260712,-0.9879329677059197,-0.9868347410940292,-0.9883890515898553,0
2016-11-20,-0.9834302080888018,-0.9877881746429766,-0.9900472763521795,-0.99080654412206,-0.9906718725767061,-0.9840172856178067,-0.9863717216331482,-0.9852704178539461,-0.986827212086112,-0.9935572033614619,1
2016-11-21,-0.9862854756379124,-0.9885469975216786,-0.9892962355360579,-0.9891492235172624,-0.9824928212146926,-0.9848254375373514,-0.9837093085088974,-0.9852628894377765,-0.991994621186707,-0.9914939587008205,1
2016-11-22,-0.987044534440581,-0.987795712618593,-0.9876384196877631,-0.9809680863499431,-0.9833011866347565,-0.9821625518645656,-0.9837017804793284,-0.9904298924021625,-0.9899316730173582,-0.9884568223998764,0
2016-11-23,-0.9862930159571442,-0.9861373579830194,-0.9794548378184531,-0.9817766579177383,-0.9806375974711297,-0.9821550224988556,-0.9888685181068801,-0.9883671063716986,-0.986894973157368,-0.9901536026804038,0
2016-11-24,-0.9846341457261468,-0.9779511164637785,-0.9802636510050454,-0.9791123894909348,-0.9806300661162843,-0.9873226771645163,-0.9868058380049629,-0.9853306451833027,-0.9885915096080732,-0.9912329155807393,0
2016-11-25,-0.9764453590404051,-0.9787601925132553,-0.9775985864368016,-0.9791048562154585,-0.9857990859917865,-0.9852596309599639,-0.9837695327454498,-0.987027048293514,-0.9896706674095573,-0.9908915515006332,0
2016-11-26,-0.9772546866379522,-0.9760942618036437,-0.9775910509102186,-0.9842751942840621,-0.9837354947641698,-0.982222786790246,-0.9854658487416736,-0.9881061212778199,-0.9893293523839717,-0.9924653403111224,1
2016-11-27,-0.9745879270696366,-0.9760867238280275,-0.9827629339884597,-0.9822110768035414,-0.9806978483098923,-0.983919403863576,-0.9865448663132361,-0.9877648330781325,-0.9909029150386939,-0.993306200361384,1
2016-11-28,-0.9745803867504049,-0.9812602877593096,-0.9806981997046742,-0.9791726556947457,-0.9823949136017034,-0.9849986129486824,-0.9862035956394396,-0.9893382720575739,-0.9917436542561293,-0.9923574090210889,1
2016-11-29,-0.9797555591831681,-0.9791948824404587,-0.977658870649467,-0.9808701537687504,-0.9834744077961988,-0.9846572817031604,-0.9877769538193691,-0.99017894519651,-0.9907949992585455,-0.9924101196511053,1
2016-11-30,-0.977689511713653,-0.9761545656085737,-0.979356875972872,-0.9819499232536945,-0.9831329863765444,-0.9862309191365597,-0.9886175837879121,-0.9892303647591433,-0.9908477023139668,-0.989877499380318,1
2016-12-01,-0.9746482496234912,-0.9778531227807673,-0.9804369681164581,-0.981608414765433,-0.9847070395392156,-0.9870716983075148,-0.9876690520622129,-0.9892830636723303,-0.9883154459844378,-0.9870963861394535,1
2016-12-02,-0.9763473348903915,-0.978933565952429,-0.9800953575780215,-0.9831828693399909,-0.9855480408302759,-0.9861229982280492,-0.9877217482691962,-0.9867510063672961,-0.9855347323936368,-0.9817826526278017,0
2016-12-03,-0.9774281139802837,-0.9785918443911592,-0.9816702826339017,-0.984024085101517,-0.9845990901197661,-0.9861757037880194,-0.9851898209908088,-0.983970511328666,-0.9802217624733067,-0.9834844529683308,0
2016-12-04,-0.9770862861751085,-0.9801672812949541,-0.9825117497690211,-0.9830748923914965,-0.9846518096036833,-0.9836433271208744,-0.9824094687366431,-0.9786579589850015,-0.9819233182626236,-0.9828042348381193,0
2016-12-05,-0.978662212894556,-0.9810090219054348,-0.981562273419543,-0.983127625319831,-0.9821187639240418,-0.980862481385298,-0.9770971892040899,-0.9803593810393259,-0.981243197880758,-0.9866119503493029,1
2016-12-06,-0.9795042152087745,-0.9800592369777881,-0.9816150221056252,-0.9805939336679509,-0.979337183534505,-0.9755492589825764,-0.9787985238866932,-0.9796793141120074,-0.9850503662176219,-0.9852264137888721,1
2016-12-07,-0.9785541349855669,-0.9801120028071018,-0.9790805733314896,-0.9778116439253512,-0.9740225574653268,-0.9772508956330466,-0.9781184918822899,-0.9834861832217565,-0.9836650287608327,-0.9842449920585671,1
2016-12-08,-0.9786069172201896,-0.977576730341505,-0.9762974521801097,-0.9724956625308715,-0.9757246436603684,-0.9765707429305724,-0.9819251655010348,-0.9821009546465543,-0.982683748062274,-0.983572304018358,1
2016-12-09,-0.9760708565185586,-0.9747927046805723,-0.9709798822545942,-0.9741981827885273,-0.9750443112726749,-0.9803780921912851,-0.9805400080603313,-0.981119751072453,-0.9820111566883257,-0.9830753180782036,1
2016-12-10,-0.9732859652822781,-0.9694734065540429,-0.972682911262388,-0.9735176769038301,-0.9788526663727898,-0.9789926889006367,-0.9795588548731663,-0.9804472125613042,-0.9815142421657819,-0.9826084524980584,1
2016-12-11,-0.9679650133443667,-0.9711769890433141,-0.9720022020277094,-0.9773270032030392,-0.9774668970812515,-0.978011361569761,-0.978886350898332,-0.9799503370941122,-0.9810474436749074,-0.9838433872584423,1
2016-12-12,-0.9696691254907549,-0.9704960585793133,-0.9758126666365932,-0.9759408805153902,-0.9764853104997453,-0.977338738232997,-0.9783895009467753,-0.9794835752915984,-0.9822822009733496,-0.9812429961776339,1
2016-12-13,-0.9689879833201485,-0.974307761582594,-0.974426129745292,-0.9749590436116389,-0.9758125094668971,-0.9768418000961341,-0.9779227631134948,-0.9807182355434089,-0.9796821835725645,-0.9811250247675973,1
2016-12-14,-0.9728008714116986,-0.972920774069205,-0.973443999447287,-0.974286071002418,-0.9753154400471062,-0.9763749794221113,-0.9791573599628175,-0.9781184224928485,-0.9795642291151931,-0.9808941020075255,1
2016-12-15,-0.9714134526730461,-0.9719383245805546,-0.9727708257391916,-0.9737888748209788,-0.9748484960466965,-0.9776097953985586,-0.9765576804183087,-0.9780004773061919,-0.9793333395390615,-0.9817450021777899,1
2016-12-16,-0.9704306977331674,-0.9712649320921702,-0.9722734809847031,-0.9733218117414448,-0.9760836382413285,-0.9750096544400232,-0.9764397412883938,-0.9777696058769915,-0.98018411743372,-0.9800331617172579,1
2016-12-17,-0.9697570958817927,-0.9707674257014981,-0.9718062783365472,-0.9745572689195667,-0.9734828103680792,-0.9748916943772326,-0.9762088817149431,-0.9786203169041536,-0.9784725229671801,-0.9785472239567959,1
2016-12-18,-0.9692594348124934,-0.970300071213291,-0.9730421046961852,-0.9719557777883995,-0.9733648191421693,-0.9746607938287911,-0.9770595490562448,-0.9769088569616033,-0.9769867987381601,-0.9786225248568194,1
2016-12-19,-0.9687919350201214,-0.9715362992143549,-0.9704398361828012,-0.9718377564726033,-0.9731338575935796,-0.9755116121540262,-0.9753481770008829,-0.9754232495041402,-0.9770620888173334,-0.9780753383166493,1
2016-12-20,-0.9700285473741377,-0.968933184968212,-0.970321779599665,-0.9716067360246619,-0.9739849006911003,-0.9737999363492761,-0.9738626458325922,-0.975498533665836,-0.976514980908674,-0.9760246438060117,1
2016-12-21,-0.9674246237994205,-0.9688150900168909,-0.9700906901177815,-0.9724579961534897,-0.9722727726895984,-0.9723141415158272,-0.9739379261282827,-0.9749514687575134,-0.9744645810858541,-0.9676411436034058,1
2016-12-22,-0.9673064921314556,-0.9685839254313261,-0.9709422046216784,-0.9707454315285322,-0.9707865853334561,-0.9723894351729278,-0.9733908893129323,-0.9729012300873321,-0.9660822856045587,-0.9600457928210447,1
2016-12-23,-0.9670752556750135,-0.9694357166759616,-0.9692291282451071,-0.9692588651678652,-0.9708618988819092,-0.9718423012646644,-0.9713407559269635,-0.9645195934185371,-0.9584880262852772,-0.9456281804965629,0
2016-12-24,-0.9679273117482076,-0.9677220835525356,-0.9677421176660305,-0.9693341979226288,-0.9703146204298162,-0.9697918040029623,-0.9629595496734316,-0.9569259309754911,-0.9440724857928937,-0.95144140997837,1
2016-12-25,-0.9662131458428437,-0.9662345896975968,-0.9678174729318622,-0.9687867799046803,-0.968263581460275,-0.9614091101791126,-0.9553662771814591,-0.9425115234828088,-0.9498848799050734,-0.952104057898576,1
2016-12-26,-0.9647251895144339,-0.9663099694537592,-0.9672698913334858,-0.9667352178832869,-0.9598786730658231,-0.9538144899662475,-0.9409526098999357,-0.9483234607657217,-0.9505474326017986,-0.9492350936076841,1
2016-12-27,-0.9648005927067519,-0.9657622098923121,-0.9652177162606724,-0.9583481711862807,-0.952282046478514,-0.939398264420082,-0.9467642487272351,-0.9489859613886444,-0.9476788805852954,-0.9428119268356875,1
2016-12-28,-0.9642526628425739,-0.963709367866155,-0.9568281633314227,-0.9507496073224659,-0.9378620124013485,-0.9452109347482365,-0.9474267153293108,-0.9461176348280358,-0.9412566368318119,-0.9320890786723542,0
2016-12-29,-0.9621991825717786,-0.955317088346737,-0.9492273288512102,-0.9363258958770755,-0.9436762183419326,-0.9458735189307205,-0.9445585360635061,-0.9396958958353873,-0.9305353295575322,-0.932696505932543,1
2016-12-30,-0.9538042938270341,-0.9477137836084856,-0.9347993072866562,-0.9421415845448199,-0.9443389775683205,-0.9430048305951934,-0.9381371268411145,-0.9289754312099103,-0.9311426695295302,-0.9357738027134997,1
2016-12-31,-0.9461986251618854,-0.9332810729619173,-0.9406167338088545,-0.942804512786739,-0.9414695313722549,-0.9365822816445254,-0.9274172127348004,-0.9295827234475895,-0.934219524098413,-0.9351462952133046,1
2017-01-01,-0.9317614272727198,-0.9391003901376576,-0.9412798601481726,-0.9399343348302485,-0.9350452856892002,-0.9258604648734217,-0.928024473786703,-0.9326593361888899,-0.9335921067719687,-0.9264641014406058,1
2017-01-02,-0.9375825537196744,-0.9397637319918871,-0.9384088245199891,-0.9335084508489195,-0.9243206363894698,-0.9264678337073653,-0.9311009285372511,-0.9320319681747584,-0.9249111606432857,-0.9205856111787784,1
2017-01-03,-0.9382461018120735,-0.9368917632820981,-0.931981020344555,-0.9227810665705929,-0.9249281656803253,-0.9295448344942037,-0.930473592739831,-0.9233517043312368,-0.9190335151291559,-0.9150409549070547,0
2017-01-04,-0.9353732401847551,-0.9304618700814421,-0.9212504304901373,-0.9233887507923519,-0.9280059793604446,-0.9289173873516999,-0.921793774646727,-0.9174745207748541,-0.9134896556326942,-0.8872072322284026,0
2017-01-05,-0.9289413478800242,-0.9197277928039108,-0.9218582963011788,-0.9264673493703549,-0.9273783664566683,-0.9202360286880183,-0.9159168928964958,-0.9119310970019894,-0.8856599327009324,-0.9226865062894314,0
2017-01-06,-0.9182039332939318,-0.9203358561702878,-0.9249378148314963,-0.9258395764139922,-0.9186947143200186,-0.9143581038570435,-0.9103737537904921,-0.8841035613671786,-0.9211341083380912,-0.9505930198381063,1
2017-01-07,-0.9188121857119642,-0.9234163755387929,-0.9243098542828997,-0.9171537097897572,-0.9128152366374417,-0.9088139809058806,-0.8825476471601279,-0.919574948886166,-0.9490366116797208,-0.9489891106676077,0
2017-01-08,-0.9218936628380292,-0.9227882109041059,-0.915621392132518,-0.911272732734551,-0.9072696490196738,-0.8809829354529856,-0.9180172131462582,-0.9474752592106161,-0.9474329329933292,-0.948333992837404,0
2017-01-09,-0.9212653029020453,-0.9140969250185766,-0.9097386577132657,-0.9057257308921297,-0.8794312510597698,-0.916458796890146,-0.9459160907291233,-0.9458717065664963,-0.9467779093045214,-0.9504348879480572,0
2017-01-10,-0.9125713148277724,-0.908212278720829,-0.9041899983058667,-0.8778802336397038,-0.9149164846392849,-0.9443626262115715,-0.9443126204309175,-0.9452167343597432,-0.9488785025134568,-0.9492175233976787,0
2017-01-11,-0.9066848389474754,-0.9026618160087346,-0.8763361802123187,-0.9133745165924534,-0.942827685696027,-0.9427588713153319,-0.943657681858411,-0.947317162471055,-0.947661312900155,-0.9818278331678157,1
2017-01-12,-0.901132650553122,-0.8747989454725587,-0.9118410696299668,-0.9412928355078176,-0.9412235071139746,-0.9421038164985581,-0.9457580021081734,-0.9461000685236401,-0.9802669365208107,-0.9750331819557037,1
2017-01-13,-0.8732611172326213,-0.910315373917761,-0.9397677311471521,-0.9396882478313543,-0.9405682792424321,-0.9442045095316606,-0.9445409706611785,-0.9787031294820189,-0.9734732617100722,-0.9702264745042094,1
2017-01-14,-0.9087885880131494,-0.9382511115515608,-0.9381626639849392,-0.9390328528649117,-0.9426695272442753,-0.9429872620752033,-0.9771423573815042,-0.9719099886250046,-0.9686672449895091,-0.971624561214644,1
2017-01-15,-0.9367330110862243,-0.9366455227453008,-0.9375070731722045,-0.9411346367228142,-0.9414519582109493,-0.9755944351768366,-0.9703495653670399,-0.9671043496367583,-0.9700651307928269,-0.9707736610443795,1
2017-01-16,-0.9351269230898495,-0.9359897188666877,-0.9396094850889057,-0.9399167571874704,-0.9740677455943988,-0.9688004375178064,-0.9655441731588021,-0.968502125572243,-0.9692143528981684,-0.9683314018536204,1
2017-01-17,-0.9344709153166824,-0.9380928140636197,-0.9383912416246284,-0.9725408621837295,-0.9672719530723084,-0.9639941924062279,-0.9669418773154541,-0.9676514145450807,-0.9667724446636474,-0.9491522626176584,0
2017-01-18,-0.9365746643823564,-0.9368741746723269,-0.9710250954140931,-0.9657433366122338,-0.9624644382293815,-0.9653921446397262,-0.9660912099741524,-0.9652096982340816,-0.9475960614982047,-0.954503646579322,1
2017-01-19,-0.9353556461065476,-0.9695186344077403,-0.9642255385938899,-0.9609345957664951,-0.9638627597789953,-0.9645413263144911,-0.9636496190505937,-0.9460348222501704,-0.9529466764581215,-0.9513786592283504,1
2017-01-20,-0.9680102552597575,-0.9627168677433496,-0.9594153607916405,-0.9623332739132714,-0.9630117166814745,-0.9620993020358667,-0.9444757277382467,-0.9513850166746828,-0.949822138172429,-0.9523927113486658,1
2017-01-21,-0.9612063738729242,-0.9579051266416473,-0.9608144568939135,-0.9614820137844434,-0.960569047259977,-0.9429220075723829,-0.9498256474186451,-0.9482607239643085,-0.950836044571963,-0.9456758710665778,0
2017-01-22,-0.9563931367632876,-0.95930467744773,-0.9599629423900166,-0.9590387214382797,-0.9413866864689564,-0.9482728768036547,-0.9467015151474931,-0.9492745506751449,-0.9441201695097035,-0.9449529824263531,0
2017-01-23,-0.9577931227006597,-0.9584528862030943,-0.9575189199348789,-0.9398514688000087,-0.9467389693123612,-0.9451481900339861,-0.9477152897961241,-0.9425592034518827,-0.9433973847496396,-0.9458716534066386,0
2017-01-24,-0.9569410666274656,-0.9560080694448927,-0.9383259337275743,-0.9452051165718702,-0.943613457051555,-0.9461621446162721,-0.9410002874205396,-0.9418364754996034,-0.9443159237155541,-0.9529800583688482,1
2017-01-25,-0.9544954897566165,-0.9368088455503194,-0.9436811812860056,-0.9420788072491836,-0.9446276795040576,-0.9394459504029123,-0.9402775965819117,-0.9427549422722916,-0.9514233071895147,-0.9507586818181578,1
2017-01-26,-0.9352902966732053,-0.9421658335549301,-0.9405539377539949,-0.943093288346666,-0.9379097109820355,-0.9387231312947479,-0.9411960161893346,-0.9498617671363718,-0.9492022498539021,-0.9467300836669055,1
2017-01-27,-0.9406489502072758,-0.9390375736741888,-0.941568722000527,-0.9363736066217591,-0.937186700916885,-0.9396417139113734,-0.9483024761025092,-0.9476408843663467,-0.9451742306181298,-0.9461879171867369,1
2017-01-28,-0.937519717726076,-0.9400526877238431,-0.9348470322883495,-0.9356504121760292,-0.9381055262080136,-0.9467494351416555,-0.9460817073796421,-0.9436131817156234,-0.944632142048082,-0.9457260716665933,1
2017-01-29,-0.9385351473826261,-0.9333288134741535,-0.9341236217363663,-0.9365694717841442,-0.9452151251819922,-0.9445282722571924,-0.9420542115602053,-0.9430711357514139,-0.944170362895819,-0.9462506679367565,1
2017-01-30,-0.9318091826278546,-0.9326051678149941,-0.9350429559795116,-0.9436808838338214,-0.942993375502624,-0.9405000616023185,-0.9415121934312344,-0.9426093928930132,-0.9446948837807264,-0.9460297852966878,1
2017-01-31,-0.9310853119816012,-0.9335248008401759,-0.9421564930740132,-0.9414585675682973,-0.9389641006603797,-0.9399579472711953,-0.9410504742843332,-0.9431338725528271,-0.944474032881818,-0.933474615232785,1
2017-02-01,-0.9320052309278816,-0.9406406498219101,-0.9399335127319816,-0.9374282651884485,-0.938421843111517,-0.9394961461743125,-0.9415749270109763,-0.9429130390118527,-0.9319206670143211,-0.9288009393713321,1
2017-02-02,-0.9391232922827069,-0.9384169470151181,-0.9359020060099917,-0.9368858693541511,-0.9379599200143375,-0.9400206919854457,-0.9413541048102845,-0.9303606597851124,-0.9272476627669642,-0.9230830910295547,1
2017-02-03,-0.936898898109324,-0.9343841300604276,-0.9353594480960044,-0.936423828458268,-0.9384846044018946,-0.9397998305912844,-0.9288023701755039,-0.925688022815862,-0.921530636088404,-0.9185374266981418,1
2017-02-04,-0.9328648273203075,-0.9338413958160581,-0.9348972691322373,-0.9369486466497873,-0.9382636846597653,-0.92724586816407,-0.9241299731563193,-0.919971445471097,-0.9169856249756417,-0.9152768977271281,1
2017-02-05,-0.9323219243356174,-0.9333790666449284,-0.935422244150864,-0.9367276705691476,-0.925706405681008,-0.9225726418467022,-0.9184136893702276,-0.9154267915767295,-0.9137255645474373,-0.9191825044083421,1
2017-02-06,-0.9318594514227333,-0.9339042122795268,-0.935201202037758,-0.9241671892582418,-0.9210319447736818,-0.9168553434842083,-0.9138692688537168,-0.9121669873753028,-0.9176306099872265,-0.9164691619774987,0
2017-02-07,-0.9323847603292158,-0.9336830983281169,-0.9226369673814385,-0.9194915362792521,-0.9153131359944715,-0.9123101163839114,-0.9106096320503221,-0.9160717258952564,-0.9149176574676814,-0.9106458923756886,0
2017-02-08,-0.9321635776317495,-0.9211147803172997,-0.9179599172154915,-0.9137712691008747,-0.9107667081195157,-0.909049901031462,-0.9145141700534646,-0.9133589866021524,-0.9090952246782786,-0.9102141672155544,0
2017-02-09,-0.9195913520325841,-0.916436210118151,-0.9122379406966798,-0.909223681804983,-0.9075056314714937,-0.9129551320464051,-0.9118015700654202,-0.9075370114310134,-0.908663561557685,-0.9274555632909138,1
2017-02-10,-0.9149113272293763,-0.9107123739668831,-0.9076889944826466,-0.9059617735237221,-0.9114118941845978,-0.9102420506022191,-0.905979893865362,-0.9071053822372911,-0.9259024800190677,-0.9288887904213594,1
2017-02-11,-0.9091857114926912,-0.9061619493532106,-0.9044261114721389,-0.9098690324041239,-0.9086980959886688,-0.9044193411197846,-0.9055482868367372,-0.9243429457935644,-0.9273355011926664,-0.9249279630801283,0
2017-02-12,-0.9046338721164241,-0.902898005911377,-0.9083345379266038,-0.9071545421408114,-0.9028738482416243,-0.9039876574857421,-0.9227849652066507,-0.9257758543378404,-0.9233752430281502,-0.9262507488905394,1
2017-02-13,-0.9013689138890518,-0.9068077025976689,-0.9056192365144724,-0.9013288091057651,-0.9024420505638262,-0.9212273951731742,-0.9242178001679581,-0.9218159074326433,-0.9246978387522947,-0.9283943145112058,1
2017-02-14,-0.9052798261306155,-0.9040915187172823,-0.8997917626234966,-0.9008969013117876,-0.9196863427079852,-0.9226604844466527,-0.9202580566146427,-0.9231383992064321,-0.9268410963394283,-0.9249028627801203,1
2017-02-15,-0.9025627977674212,-0.898262150907387,-0.8993597257660622,-0.9181455910608103,-0.9211198105802104,-0.9187000380831692,-0.9215804804756041,-0.925281488342705,-0.9233501463350924,-0.9241674239898918,1
2017-02-16,-0.8967316175614909,-0.8978299736387224,-0.9166135697993005,-0.9195794244931428,-0.9171583179315741,-0.9200226966595672,-0.9237234595595911,-0.921790812712078,-0.9226148132284997,-0.9191574041083344,1
2017-02-17,-0.8962993059255341,-0.915089425141382,-0.918047831692295,-0.9156169215925812,-0.9184813259327347,-0.9221660560983599,-0.9202329631827458,-0.9210555373995161,-0.9176055132941686,-0.9144460777968698,1
2017-02-18,-0.9135641235266269,-0.9165241531670072,-0.9140841447095538,-0.9169402669845939,-0.9206252516120347,-0.9186749401974691,-0.9194977256281696,-0.9160466311746912,-0.9128948640072251,-0.9123853431662292,1
2017-02-19,-0.914999297620414,-0.9125591779928629,-0.9154078855459953,-0.9190847394035291,-0.917133213415423,-0.9179395721464547,-0.9144890766215678,-0.9113363521245929,-0.9108344255071821,-0.9140294128167403,1
2017-02-20,-0.9110330897044839,-0.9138833490427831,-0.917552998780001,-0.9155918106743266,-0.9163976510921972,-0.9129300341607051,-0.909779039454538,-0.9092760755661855,-0.9124782589024661,-0.9059697064842349,1
2017-02-21,-0.9123576724495379,-0.9160291594348738,-0.9140590262876098,-0.9148560607694696,-0.9113867896684467,-0.9082191610147871,-0.9077188686958104,-0.9109197797632097,-0.904419710761616,-0.8971042805214791,1
2017-02-22,-0.9145041499908588,-0.9125340514074753,-0.9133230565246547,-0.9098439214858693,-0.9066746719868938,-0.9061586245988048,-0.9093624884850511,-0.9028618649897064,-0.8955555587736113,-0.8965671341013121,1
2017-02-23,-0.9110079553070445,-0.9117978424556222,-0.9083094195046599,-0.9051306021294979,-0.9046135912108922,-0.9078025361121647,-0.9013049875029877,-0.8939984096860585,-0.895018489542175,-0.884197706257467,0
2017-02-24,-0.9102715174620714,-0.9067825760122813,-0.9035946917057972,-0.9030689957408026,-0.9062579370187863,-0.8997436050138469,-0.8924419873570371,-0.893461382665962,-0.8826508392033056,-0.8824507253769239,0
2017-02-25,-0.9052546917331762,-0.9020663159350515,-0.9015324692642062,-0.904713760886473,-0.8981968768826828,-0.8908790317845542,-0.8919049879144455,-0.8810947043714045,-0.8809041093664847,-0.8899406548992522,1
2017-02-26,-0.9005369653338092,-0.9000034232747394,-0.9031777259015291,-0.8966506450349498,-0.8893299617781305,-0.8903419370305711,-0.8795389446757012,-0.8793481118200628,-0.8883929625749235,-0.8845792308175857,1
2017-02-27,-0.8984734313040382,-0.9016492146176193,-0.8951122006153551,-0.887781468707457,-0.888792725132498,-0.8779736989575376,-0.8777924418156837,-0.8868363764367347,-0.8830323089377837,-0.8808719165064332,1
2017-02-28,-0.900119734336316,-0.8935810680496996,-0.8862403739847833,-0.8872440950568105,-0.8764212195732584,-0.8762268861128073,-0.8852803218936897,-0.8814761441239964,-0.879325527373151,-0.8808719165064332,1
2017-03-01,-0.892049079318539,-0.8847063580908417,-0.8857028397551846,-0.874869434540988,-0.874673945249145,-0.8837160952057317,-0.8799203648405327,-0.8777696538965082,-0.879325527373151,-0.8701967589131148,1
2017-03-02,-0.8831716101429589,-0.8841686491635498,-0.8733244814212496,-0.873121714630474,-0.8821651328686196,-0.87835518682018,-0.8762140649493748,-0.8777696538965082,-0.868651903815681,-0.8630406633808902,1
2017-03-03,-0.8826337340377567,-0.8717862678845998,-0.8715762392539569,-0.8806148126376199,-0.8768028082187546,-0.8746482291022679,-0.8762140649493748,-0.8670968692401055,-0.8614968366249106,-0.8570216114390193,0
2017-03-04,-0.8702475029796426,-0.8700374575416312,-0.8790715763620052,-0.8752511204984567,-0.8730948711832437,-0.8746482291022679,-0.8655418283636648,-0.8599423644069514,-0.8554786496296573,-0.8620015109605672,0
2017-03-05,-0.8684981489178635,-0.8775352306212552,-0.8737062814347965,-0.8715422378722655,-0.8730948711832437,-0.8639740983139946,-0.8583876909298863,-0.8539246504154034,-0.8604578335323189,-0.8589970050496333,0
2017-03-06,-0.875998253113767,-0.8721681919824895,-0.8699962905136881,-0.8715422378722655,-0.8624179204642004,-0.8568186911008822,-0.8523702859610333,-0.8589034429755499,-0.8574537593733038,-0.8575637779191878,0
2017-03-07,-0.8706295458207209,-0.8684569953207587,-0.8699962905136881,-0.8608625643386224,-0.8552606229095349,-0.8508002181099866,-0.8573488228493588,-0.855899604923889,-0.856020738199705,-0.8699357157930336,0
2017-03-08,-0.8669171953189281,-0.8684569953207587,-0.8593134256609638,-0.8537034415442616,-0.8492405599365122,-0.8557796386328961,-0.8543451390513116,-0.8544666963796128,-0.8683908982078803,-0.8883944764187716,1
2017-03-09,-0.8669171953189281,-0.8577706585554637,-0.8521521635647689,-0.8476818433468303,-0.8542212959408813,-0.8527754217145883,-0.8529123040900042,-0.8668358841462269,-0.8868470062825649,-0.8787333709457685,0
2017-03-10,-0.8562275360879705,-0.8506070690614932,-0.846128765982631,-0.8526638495285249,-0.8512162853576001,-0.8513423324411098,-0.8652808566719381,-0.8852905416499152,-0.877187289124629,-0.8967478562613682,1
2017-03-11,-0.8490617193780103,-0.8445817138855758,-0.8511122608962931,-0.8496580726134602,-0.8497828174853749,-0.8637130803027131,-0.8837345664888466,-0.8756315837043487,-0.8951991857321909,-0.8819110689267562,1
2017-03-12,-0.8430344908720532,-0.8495668284264516,-0.8481055857896129,-0.8482242391811277,-0.8621568334962295,-0.8821700654466026,-0.8740761045517674,-0.8936420646540318,-0.8803645304657427,-0.8704778822732021,1
2017-03-13,-0.8480211553240211,-0.8465591761555703,-0.8466713238966184,-0.8606014107887756,-0.8806186946737147,-0.8725098892406153,-0.8920856606241024,-0.8788085753279099,-0.8689329867779281,-0.8678323106523798,0
2017-03-14,-0.8450125679505304,-0.8451244481299452,-0.8590521940727477,-0.8790679800731421,-0.870955966407174,-0.8905226418076121,-0.8772529330299026,-0.8673779301104363,-0.8662877953296391,-0.8658042064117494,0
2017-03-15,-0.8435773938567431,-0.8575093420674339,-0.8775242815702634,-0.8694027876369813,-0.8889734776487854,-0.8756872815702542,-0.865822874800909,-0.8647329465628585,-0.8642599825305712,-0.8633920675809996,0
2017-03-16,-0.8559661383546012,-0.8759874329613864,-0.8678562009640711,-0.887424893668243,-0.8741341981518974,-0.8642551946338364,-0.863178027078986,-0.8627052931411859,-0.8618481903277195,-0.8789040529858215,0
2017-03-17,-0.8744499742315028,-0.8663162102457456,-0.8858836923931804,-0.8725818298880023,-0.8626990910450922,-0.8616098774810407,-0.8611504777817244,-0.860293690494865,-0.8773579466374217,-0.9008868957326549,0
2017-03-18,-0.8647757446570952,-0.8843495605783396,-0.871036193182164,-0.861143806623073,-0.8600530750427711,-0.8595819683164686,-0.8587389989764418,-0.8758022278041924,-0.8993376304174173,-0.9326161849725181,1
2017-03-19,-0.8828147016993201,-0.8694972359558004,-0.8595947519867351,-0.8584971158390476,-0.858024630137766,-0.8571700615006844,-0.8742467398886656,-0.8977801840752423,-0.9310623601117454,-0.9168230762076088,1
2017-03-20,-0.8679577593729174,-0.8580520763118035,-0.8569472703138521,-0.8564681536440832,-0.8556120861356498,-0.8726805548633764,-0.8962235675438852,-0.9295024203417807,-0.915271520839796,-0.9124330337362441,0
2017-03-21,-0.8565090413392913,-0.8554037342119631,-0.8549177018207881,-0.8540549943998249,-0.8711266771170011,-0.8946612831595667,-0.9279441748046332,-0.9137128221621226,-0.9108821092239919,-0.8957890248010703,0
2017-03-22,-0.8538598758491832,-0.8533735061126548,-0.8525038214719831,-0.8695735418811119,-0.8931132123620944,-0.9263875204731248,-0.9121553874551652,-0.9093237555352595,-0.8942404920573841,-0.9137106390066412,0
2017-03-23,-0.8518290165360833,-0.8509588412569181,-0.8680270062332894,-0.8915656840884116,-0.9248478312286419,-0.9105959307905912,-0.9077665462164144,-0.8926834463284391,-0.9121595309006324,-0.9163587206574644,0
2017-03-24,-0.8494136009421615,-0.8664870710263803,-0.8900257201717232,-0.9233083958539375,-0.9090520696663987,-0.9062063105816351,-0.8911270915256446,-0.9106010768120308,-0.9148072320182272,-0.9417275938753504,1
2017-03-25,-0.8649466585596827,-0.888492934508735,-0.9217779173509584,-0.9075086060882,-0.9046612897915793,-0.8895639025738664,-0.9090438018999616,-0.9132485698316652,-0.9401724596917161,-0.9328772280925993,1
2017-03-26,-0.8869593638370697,-0.9202554510970479,-0.9059734062638809,-0.9031167064854861,-0.8880144851318152,-0.9074837929637727,-0.9116911589650742,-0.9386118039069682,-0.9313233657195462,-0.9343983062730721,1
2017-03-27,-0.9187317556401582,-0.9044458035712458,-0.9015801942658994,-0.8864656565909207,-0.9059391096636679,-0.9101316199051384,-0.9370530905831725,-0.9297634054356595,-0.932844225318847,-0.9145565191169042,1
2017-03-28,-0.9029171927713162,-0.9000511637869756,-0.884924168674925,-0.9043948522246407,-0.9085876361176042,-0.9354980529822788,-0.9282051464963601,-0.9312841455019137,-0.9130052894566794,-0.9142101349767965,1
2017-03-29,-0.898521186659173,-0.8833897250165379,-0.9028587219428419,-0.9070440541004915,-0.9339607705914746,-0.9266485384844064,-0.9297258084693062,-0.91144676889508,-0.9126589550924821,-0.9160123365173567,1
2017-03-30,-0.8818545677171368,-0.9013301069831982,-0.9055087154579193,-0.9324236591803247,-0.925108918196613,-0.9281694703578354,-0.9098894505548839,-0.9111004617512795,-0.9144608976540299,-0.9194109171384132,1
2017-03-31,-0.8998005274888361,-0.9039809617415774,-0.9308959045165801,-0.9235695494037846,-0.9266302518753667,-0.9083295917118678,-0.909543161194708,-0.9129022626878647,-0.9178589898940521,-0.9080254210548739,1
2017-04-01,-0.9024522064186881,-0.929376401592703,-0.9220391489391747,-0.9250912710500077,-0.9067851318579585,-0.9079832408892057,-0.9113448696048984,-0.9163000878524002,-0.9064751299230474,-0.9058391849241944,1
2017-04-02,-0.9278555419106441,-0.9205167675850777,-0.9235613253089725,-0.9052410901698177,-0.9064386895350739,-0.9097852690824763,-0.9147425202837254,-0.9049171226040008,-0.9042892079577155,-0.9003999499125035,1
2017-04-03,-0.9189931533735276,-0.9220394386595588,-0.9037052127623502,-0.9048945594979054,-0.9082411937947196,-0.9131835228062765,-0.9033601395753359,-0.9027313724427671,-0.8988507545720966,-0.8899481849892547,1
2017-04-04,-0.9205162978583524,-0.9021768729107563,-0.9033585785395248,-0.9066975234285792,-0.9116403452815723,-0.9017991218526891,-0.9011745016571243,-0.8972933464962763,-0.8884004915828408,-0.8925987766700786,1
2017-04-05,-0.9006475566825424,-0.9018301260324091,-0.905162081235094,-0.9100975417602398,-0.9002529367554541,-0.899613096008206,-0.8957367549650872,-0.8868439048529044,-0.8910507023697415,-0.8947247720807395,1
2017-04-06,-0.9003007019978793,-0.9036342148632301,-0.9085631155662929,-0.8987072292399942,-0.8980663333986973,-0.8941743841769838,-0.8852878499232587,-0.8894939073445952,-0.8931763922717347,-0.8801916983762217,0
2017-04-07,-0.902105351734025,-0.9070363545246948,-0.8971693993725575,-0.8965200682600265,-0.8926261847487639,-0.8837236245714418,-0.887937716331561,-0.8916194301764724,-0.8786454069912853,-0.8816424957166727,1
2017-04-08,-0.9055085491473136,-0.8956389353929342,-0.8949815848212471,-0.8910785322742741,-0.882172664223465,-0.8863739613013776,-0.8900631300132202,-0.8770895869691898,-0.8800959958500245,-0.8818809485667469,1
2017-04-09,-0.8941075864688223,-0.8934504098056847,-0.8895384227860123,-0.8806223459130963,-0.8848237011290163,-0.8884997522201802,-0.8755340329449715,-0.8785400618178616,-0.8803344144340735,-0.8788889928058168,1
2017-04-10,-0.8919183804518545,-0.8880054787522179,-0.8790791118885884,-0.8832740588807725,-0.8869500536470106,-0.8739680763997939,-0.8769844333086068,-0.8787784616632316,-0.8773428886215872,-0.8790747350258745,0
2017-04-11,-0.8864717565267463,-0.8775427685968714,-0.8817316172458601,-0.8854009536569295,-0.8724145387955501,-0.8754187341932625,-0.8772228209116264,-0.8757871709718532,-0.8775286041502146,-0.8745868013844794,0
2017-04-12,-0.8760057934329989,-0.8801961360137892,-0.8838591475845053,-0.8708617319875682,-0.8738655798290811,-0.875657164107414,-0.8742316838295275,-0.875972871904036,-0.8730413154314851,-0.8757514553048416,0
2017-04-13,-0.8786599858025947,-0.8823243577961088,-0.8693155812790094,-0.8723131430626789,-0.8741040727325162,-0.8726654961319562,-0.8744173752255638,-0.8714859358669685,-0.8742058019893658,-0.8835551385772673,1
2017-04-14,-0.8807888692657082,-0.867776064856758,-0.8707674260673647,-0.8725516967860968,-0.8711116144073106,-0.8728512204861373,-0.8699306696024155,-0.8726503309011964,-0.8820083638610268,-0.883991883797403,1
2017-04-15,-0.8662360531483215,-0.8692283814921544,-0.8710060510758314,-0.8695584753301593,-0.8712973878268283,-0.8683637185229507,-0.8710950048424272,-0.8804522795249341,-0.8824450463202319,-0.8827418888570145,1
2017-04-16,-0.8676888213203163,-0.8694670840533355,-0.8680119351801231,-0.8697442961252425,-0.8668087003390197,-0.8695282604194376,-0.8788965528191431,-0.8808889276627695,-0.8811952310059549,-0.8801264375962015,1
2017-04-17,-0.8679275980959903,-0.8664719950751479,-0.8681978115025076,-0.8652544639413362,-0.8679735498884288,-0.877331193083614,-0.8793331785341475,-0.8796392105786198,-0.8785801555893352,-0.8773729346853456,1
2017-04-18,-0.8649315779212191,-0.8666579318070152,-0.8637066376589452,-0.8664196105483455,-0.8757785439597915,-0.8777678962947965,-0.8780835256256867,-0.8770243406957202,-0.8758270483608978,-0.8729151214039598,1
2017-04-19,-0.8651175724622703,-0.8621652983397339,-0.8648721324371405,-0.8742265950336726,-0.8762153625408198,-0.876518021586929,-0.8754687900220399,-0.8742714498497118,-0.8713698756738376,-0.8732615055440675,1
2017-04-20,-0.8606235422001136,-0.8633311719017129,-0.8726814498194869,-0.8746635250113011,-0.8749651576364973,-0.8739028218969735,-0.8727160405429607,-0.8698146274773225,-0.8717162100380349,-0.8685451591726014,0
2017-04-21,-0.8617897782412998,-0.8711430272986804,-0.87311851036131,-0.8734130012822264,-0.8723492670535574,-0.8711495838356673,-0.8682594470380885,-0.8701609346211231,-0.8670005414124797,-0.8703097102631498,1
2017-04-22,-0.8696040624051953,-0.8715802298844225,-0.8718676129485058,-0.8707964436001066,-0.8695953016317869,-0.8666921993353208,-0.8686057363982644,-0.8654456366269118,-0.868764838934441,-0.8678850212823962,1
2017-04-23,-0.87004140092064,-0.870328925932126,-0.8692502733819554,-0.8680417758675869,-0.8651367395633596,-0.8670385501579828,-0.8638906805448552,-0.8672097954826491,-0.8663404983850603,-0.8740345947843078,1
2017-04-24,-0.8687897079281601,-0.8677107357347507,-0.8664947824947139,-0.8635820767855859,-0.8654831818862442,-0.8623226574349249,-0.8656547488072004,-0.8647856454760455,-0.8724891881842142,-0.8632565259609574,1
2017-04-25,-0.8661707037149793,-0.8649543493177442,-0.862033750757484,-0.8639286074574981,-0.8607660433014611,-0.8640870387996453,-0.8632307232859693,-0.8709338520145329,-0.8617126681852074,-0.8594061399397606,1
2017-04-26,-0.8634134603158821,-0.8604918677529277,-0.8623803849803093,-0.8592102659174757,-0.8625308907868802,-0.861662583041011,-0.869378614100686,-0.8601581790038125,-0.8578628354701455,-0.855493003168544,1
2017-04-27,-0.8589495913306526,-0.860838614631275,-0.8576606334970578,-0.8609755634707678,-0.8601057945266883,-0.8678115650375474,-0.8586034944441989,-0.8563086488691026,-0.853950261022439,-0.8462937432156844,1
2017-04-28,-0.8592964460153157,-0.8561173292369676,-0.8594264585597111,-0.858549848767382,-0.8662564009836966,-0.8570345329179035,-0.8547541619912294,-0.8523963819329794,-0.844752323016766,-0.846607496965782,1
2017-04-29,-0.854573692736461,-0.8578837281897074,-0.8570000189999342,-0.864702023739737,-0.8554765217484339,-0.8531845172515008,-0.8508420959585179,-0.8431991668458135,-0.8450660316799882,-0.8452746710353677,1
2017-04-30,-0.8563406408764476,-0.8554565000412768,-0.8631540323761803,-0.8539193954412505,-0.8516254889708623,-0.8492717568708475,-0.8416453531683398,-0.8435128508528792,-0.8437333972786205,-0.8387234927333311,1
2017-05-01,-0.8539126580838059,-0.8616125134612094,-0.8523681819934862,-0.8500673805810087,-0.8477116949029129,-0.840073381761743,-0.8419590210670498,-0.8421803211908642,-0.8371831603905423,-0.8202220615975799,1
2017-05-02,-0.8600705854564479,-0.8508231576958256,-0.8485150160672978,-0.8461525884251306,-0.8385108897335515,-0.8403871053329948,-0.8406265598333296,-0.8356305991233326,-0.8186843879376595,-0.8123857479351441,1
2017-05-03,-0.8492778751959889,-0.8469687394973863,-0.8445990540862498,-0.8369494368848527,-0.8388246961854396,-0.8390544076023169,-0.8340771741082641,-0.8171332805946836,-0.8108492003650236,-0.803030866122236,1
2017-05-04,-0.8454222586287918,-0.8430515048354782,-0.8353931524438246,-0.8372633233630341,-0.8374916463778187,-0.8325038594345779,-0.8155808054571311,-0.8092987088342111,-0.8014956628623923,-0.7910881433785235,1
2017-05-05,-0.8415038060679964,-0.8338426112909669,-0.8357071327181229,-0.8359299336037196,-0.8309393676623935,-0.8140042078849984,-0.8077466360189494,-0.7999459064795406,-0.789554656305505,-0.7866253100371363,1
2017-05-06,-0.8322920494064728,-0.8341566936083105,-0.8343733445129038,-0.8293759839392925,-0.8124348288074515,-0.8061686479694119,-0.798394313951011,-0.7880058384345925,-0.7850924642798335,-0.7807643899853143,1
2017-05-07,-0.8326062293744647,-0.8328224719242353,-0.8278174363855559,-0.8108667260938933,-0.8045971988650925,-0.7968146659689663,-0.7864548590545124,-0.7835439971180902,-0.7792323864508439,-0.776268926253917,1
2017-05-08,-0.8312715928704351,-0.826264433138103,-0.8093026475707358,-0.8030270974148355,-0.7952407456955944,-0.7848730919528355,-0.781993246863261,-0.7776843798661032,-0.7747375687241972,-0.7444819063240359,1
2017-05-09,-0.8247115151387633,-0.8077436270489919,-0.8014606762398623,-0.7936682581813795,-0.7832960169109229,-0.7804106878753492,-0.7761339305153575,-0.7731899154128661,-0.7429551166358364,-0.7364473002915383,1
2017-05-10,-0.8061849507862149,-0.7998991070910209,-0.792099040381385,-0.7817204832758837,-0.7788324339392656,-0.7745503315643643,-0.7716396968626402,-0.7414099612890277,-0.734921665188044,-0.7284729349790593,1
2017-05-11,-0.7983379919056484,-0.7905344287171071,-0.7801476952204958,-0.7772557620102319,-0.7729705294179943,-0.7700553002354676,-0.7398613747085295,-0.7333771412360898,-0.7269484458035901,-0.7130513106542655,0
2017-05-12,-0.7889704019800007,-0.7785791993897443,-0.7756816397988773,-0.7713923625978037,-0.7684743105753405,-0.7382713377847991,-0.7318289671583631,-0.7254045485125082,-0.7115290375888959,-0.7442585136539664,1
2017-05-13,-0.7770114556783556,-0.7741116925078505,-0.7698164882749855,-0.7668949971384211,-0.7366819513216456,-0.7302375045721816,-0.7238567838447488,-0.7099863521972158,-0.7427317560676222,-0.7240101016376721,0
2017-05-14,-0.7725425598136384,-0.7682446348198739,-0.76531777890484,-0.7350945302609099,-0.7286459957016932,-0.7222639062852442,-0.7084393792873535,-0.741186618275997,-0.7224862537779185,-0.72300608963736,0
2017-05-15,-0.766673678011549,-0.7637444633769764,-0.7335078093551338,-0.7270565253276413,-0.7206702909205032,-0.7068437653110728,-0.739638043164648,-0.7209427071960061,-0.7214823860556077,-0.7406967810828591,1
2017-05-16,-0.7621721074301605,-0.7319241556422723,-0.7254674024909039,-0.7190787865981835,-0.7052460761972955,-0.738047966602068,-0.7193951716534974,-0.7199389183733959,-0.7391705353227245,-0.7416957730231698,1
2017-05-17,-0.7303419065129615,-0.7238811356597402,-0.717487279839339,-0.7036506384226127,-0.7364585211279012,-0.7178015022077578,-0.7183914343776253,-0.7376256774277872,-0.7401693837064238,-0.7154308190950052,1
2017-05-18,-0.722296385892624,-0.7158984194821378,-0.7020545213970306,-0.7348710430884448,-0.7162067079488458,-0.7167975867797518,-0.7360772851784916,-0.7386244473062844,-0.7139082040907724,-0.7029911104111383,1
2017-05-19,-0.7143111878261409,-0.7004606454200705,-0.7332842553998336,-0.7146140653325317,-0.7152025273028036,-0.7344865766212166,-0.7370760037679844,-0.7123653317068019,-0.7014702830113413,-0.6781267532234091,1
2017-05-20,-0.6988686140394013,-0.7317005290323237,-0.7130212244177205,-0.7136096286023512,-0.7328961902860665,-0.7354854724720827,-0.7108182366311703,-0.6999283881946617,-0.6766094988683136,-0.653774442155839,1
2017-05-21,-0.7301182103757512,-0.711430912600244,-0.712016487539966,-0.7313078037881297,-0.7338953500288785,-0.7092230448754469,-0.6983819317831149,-0.6750695580027205,-0.6522606872636644,-0.6647006027492355,1
2017-05-22,-0.7098422919614237,-0.7104258491847448,-0.7297199513259994,-0.7323072183346593,-0.7076259843284154,-0.6967845327224531,-0.6735243781461424,-0.6507226601103104,-0.6631852777517121,-0.6315180061389205,1
2017-05-23,-0.7088369160638495,-0.7281350665658403,-0.7307196645193653,-0.7060311534731402,-0.6951841861239529,-0.6719225671478857,-0.6491787305198646,-0.6616463919723659,-0.6300074495293391,-0.5946155450674493,0
2017-05-24,-0.7265516393791066,-0.7291351046642621,-0.7044357477973086,-0.6935861823862051,-0.6703156524247187,-0.6475725984416013,-0.6601019014245428,-0.6284711713850991,-0.5931102913958045,-0.563686955397835,0
2017-05-25,-0.7275519883971932,-0.7028426457148034,-0.6919870578819309,-0.6687113067632876,-0.6459592508549659,-0.6584977080868761,-0.6269283844569699,-0.5915769132100618,-0.5621861462100195,-0.598491031388654,0
2017-05-26,-0.701251354916652,-0.6903899099967685,-0.6671047491043418,-0.6443486938727622,-0.6568872467355199,-0.6253183031912792,-0.5900360208822908,-0.560655198529555,-0.5969852208039244,-0.6242338990766563,0
2017-05-27,-0.6887947475457078,-0.6654995145119313,-0.6427348561344074,-0.6552794765889504,-0.6236990763838262,-0.5884193916349204,-0.5591158940990508,-0.5954515380653371,-0.622724389203974,-0.6652854397394173,1
2017-05-28,-0.6638966134422828,-0.6411217013689986,-0.6536689052065703,-0.6220828426564883,-0.5867904167385463,-0.5574937768751971,-0.5939104467671571,-0.6211886834770622,-0.6637700306999581,-0.6359356589402937,1
2017-05-29,-0.6395112210466207,-0.6520593039881686,-0.6204623513967854,-0.5851647706387079,-0.5558566319372173,-0.5922945051870234,-0.6196462705205178,-0.6622310989615363,-0.6344244675075067,-0.610883049502506,1
2017-05-30,-0.6504522242519719,-0.6188419581059205,-0.5835332474549204,-0.5542230971655009,-0.5906665540322691,-0.618034896761096,-0.6606865783877383,-0.6328878422045839,-0.6093754581665457,-0.6309984299287591,1
2017-05-31,-0.6172245508371447,-0.581900852269248,-0.5525823279356944,-0.5890418964172042,-0.6164137457967902,-0.6590824888236896,-0.6313448284708071,-0.6078408016084033,-0.6294879479830433,-0.603152157100103,1
2017-06-01,-0.5802719597218051,-0.5509398737547958,-0.5874115318030526,-0.6147956541790295,-0.6574721819618394,-0.6297355310745054,-0.6062990740946085,-0.6279517106693985,-0.6016456767047524,-0.5726628226806252,1
2017-06-02,-0.549301355197032,-0.5857803970530748,-0.6131729853486768,-0.6558645609842804,-0.6281174712264117,-0.6046853313571868,-0.6264089504167061,-0.6001116276743049,-0.5711607236474783,-0.5524144106643308,1
2017-06-03,-0.5841527106864415,-0.6115502230264739,-0.6542541644378623,-0.626502364269282,-0.6030606536560444,-0.6247987769572863,-0.5985702970703934,-0.5696290706036901,-0.5509152213577746,-0.5456875302622398,1
2017-06-04,-0.6099305487002439,-0.6526447534276968,-0.624883193658905,-0.6014391567594557,-0.6231794128994994,-0.5969551825615411,-0.5680893053453473,-0.5493851595236992,-0.5441893076182921,-0.5465760808825161,1
2017-06-05,-0.6510378557123089,-0.6232642371341168,-0.599812496716737,-0.6215630466486199,-0.5953284626815198,-0.5664687808015703,-0.5478464338341967,-0.542659774412211,-0.5450777305525372,-0.5026505558688616,1
2017-06-06,-0.6216482047864711,-0.5981853922588736,-0.6199424000625476,-0.5937049939370667,-0.5648340069128343,-0.5462223164072602,-0.5411213940858537,-0.543548127520221,-0.5011585177014384,-0.45837613668509875,0
2017-06-07,-0.596561562702251,-0.6183218377883998,-0.5920760227580277,-0.5632027615333135,-0.5445821937337789,-0.5394960830396203,-0.5420097015750005,-0.4996323665310254,-0.4568904608168366,-0.49126756981532316,1
2017-06-08,-0.6167042688101501,-0.5904464039595299,-0.5615646756228192,-0.5429457837774004,-0.5378541834052964,-0.5403845481934055,-0.49809619575559616,-0.45536778892597274,-0.48977716739973937,-0.47282888942959145,1
2017-06-09,-0.5888201682909298,-0.5599251406893584,-0.5413016446407061,-0.5362160576851919,-0.5387428832770437,-0.4964632482181451,-0.45383389123282625,-0.4882519107546824,-0.47134113667950095,-0.46826314485817216,0
2017-06-10,-0.5582894157213453,-0.5396555242572786,-0.5345699075597513,-0.5371049841914015,-0.4948099800126989,-0.45219308763165256,-0.48671632439039625,-0.46981732902744633,-0.46677604821229246,-0.4371638731485048,0
2017-06-11,-0.5380134973070176,-0.5329215993734342,-0.535459099696564,-0.4931608772460092,-0.45052812397385444,-0.4850813570531276,-0.46828268931900513,-0.4652525993566265,-0.43568124551371445,-0.4345534419476933,0
2017-06-12,-0.5312774787932706,-0.5338110804961509,-0.4915018612948065,-0.44886772853687934,-0.48342508193819583,-0.46664445021779827,-0.46371819405697673,-0.434160240576276,-0.43307118943570627,-0.5094728174109823,0
2017-06-13,-0.5321672364626238,-0.4898395560680617,-0.44719547682802935,-0.48177307581758905,-0.46498330437363145,-0.4620791448089412,-0.43262743193683845,-0.4315503896374895,-0.5079797988745404,-0.4950677552365044,0
2017-06-14,-0.4881820409437527,-0.4455187721030865,-0.4801106569432654,-0.4633265952678261,-0.46041679288575466,-0.4309828644264567,-0.4300177150195709,-0.5064531115806615,-0.4935768067286858,-0.5479415372029405,1
2017-06-15,-0.44384747730047464,-0.47844464959483973,-0.46165866418330476,-0.45875891923733075,-0.42931229737459853,-0.4283726843136412,-0.504916590545147,-0.49205125144826195,-0.5464429906548799,-0.5584309525762011,1
2017-06-16,-0.4767835917050053,-0.4599866599691972,-0.45708962323171637,-0.427646491519993,-0.42670142769488884,-0.5032848535514455,-0.4905154699795721,-0.5449132803189708,-0.5569308986837223,-0.5448818106319894,1
2017-06-17,-0.4583198633460552,-0.45541613408721465,-0.425967898443272,-0.42503495602152397,-0.5016333875025554,-0.4888811769481301,-0.5433747842701866,-0.5554003640431907,-0.5433837037711376,-0.5104140786612749,0
2017-06-18,-0.4537479164518365,-0.4242842947921275,-0.4233555825611104,-0.499986024827585,-0.4872259056834654,-0.5417498731754937,-0.5538613294598603,-0.5418542338820663,-0.5089209248642068,-0.5374194914396696,1
2017-06-19,-0.42260639802447575,-0.42167112991182953,-0.498329048379148,-0.4855748688413218,-0.5401085689556611,-0.5522382796095859,-0.5403158949219664,-0.5073941636018586,-0.5359224569250624,-0.5270505575064465,1
2017-06-20,-0.4199924206907828,-0.49666896197637855,-0.48391358602556594,-0.5384710181444469,-0.5505997462551866,-0.5386904409086455,-0.5058575942412772,-0.5343935734580161,-0.5255550130228973,-0.4938704709261323,0
2017-06-21,-0.4950135701677693,-0.4822488146225041,-0.5368255418503101,-0.5489648708830065,-0.5370483284368476,-0.5042260242652011,-0.532855617619047,-0.5240269443925094,-0.49237969446983015,-0.502075758998683,0
2017-06-22,-0.48058893947732356,-0.5351779667412299,-0.5473225303806498,-0.5354099972092221,-0.5025748068582199,-0.5312288394899912,-0.5224895209024779,-0.49085423327729927,-0.5005838034304154,-0.49798190006741033,0
2017-06-23,-0.5335345476833248,-0.5456783667746575,-0.5337636062153533,-0.5009276842621291,-0.5295847557851392,-0.5208609029072598,-0.48931851327809467,-0.49905769743008105,-0.496490532792693,-0.4880672815643284,0
2017-06-24,-0.5440382123732311,-0.532115035982496,-0.4992709892020428,-0.5279445212121563,-0.5192140801631386,-0.487684007800233,-0.4975215561651594,-0.494964748505888,-0.4865773390348736,-0.5222513801449546,0
2017-06-25,-0.5304706646354673,-0.49761120892840904,-0.5262958993714434,-0.5175712008812182,-0.48602842026306015,-0.4958885066356117,-0.49342881742279093,-0.48505233388261243,-0.5207565253102515,-0.5270982480764613,0
2017-06-26,-0.4959561100717451,-0.5246449021467984,-0.5159194792664342,-0.48437707804058167,-0.49423508659283977,-0.4917950414779174,-0.48351691182355394,-0.5192288338204327,-0.525602696739707,-0.554949540965119,1
2017-06-27,-0.5229982082767471,-0.5142651097232306,-0.48271543729884375,-0.49258583721798094,-0.49014054000860285,-0.48188137662635866,-0.5176916567238092,-0.5240746243615834,-0.5534499873566096,-0.5363753189593451,0
2017-06-28,-0.5126151886945496,-0.4810502764995213,-0.4909266494322921,-0.4884902464506704,-0.48022425612893643,-0.5160621871613914,-0.5225371984230818,-0.55191972630079,-0.5348784344938592,-0.530767911937602,0
2017-06-29,-0.47939002871946634,-0.4892641572626884,-0.4868298348132483,-0.47857143374013905,-0.5144140966750571,-0.5209085888900901,-0.5503808704557739,-0.5333496330825015,-0.5292718332647531,-0.5396709883503695,0
2017-06-30,-0.4876064632423915,-0.4851660111859905,-0.47690805814542303,-0.512769993310956,-0.5192617787438257,-0.5487572028629752,-0.5318117308521401,-0.5277434725082236,-0.5381736302923443,-0.5543496437949325,1
2017-07-01,-0.4835070430200327,-0.47524100995793606,-0.5111168369907679,-0.5176189116259019,-0.5471177498650355,-0.5301847674448651,-0.5262058581663943,-0.5366445698927194,-0.5528501763925286,-0.5659685726685442,1
2017-07-02,-0.47357895603148753,-0.5094609065971445,-0.5159672042681276,-0.545481986521106,-0.5285404079132553,-0.5245778997794518,-0.5351064984601901,-0.5513199624792803,-0.5644674356089707,-0.5479164369029327,1
2017-07-03,-0.5078094919041449,-0.5143128502354668,-0.5438386052570362,-0.5268999070127687,-0.5229320590051098,-0.5334801198372946,-0.5497811374334403,-0.5629363086289366,-0.5464178939618222,-0.5334611741284392,1
2017-07-04,-0.5126629440496844,-0.5421933093814141,-0.5252509730185787,-0.5212901278747112,-0.5318366308838887,-0.5481573633947416,-0.5613968870584701,-0.5448881855984056,-0.5319647084298519,-0.5240284813855071,0
2017-07-05,-0.5405520714483926,-0.5235996361946792,-0.5196395175563201,-0.5301969705795857,-0.5465177519290252,-0.5597751746853405,-0.5433496908382899,-0.5304361360248754,-0.5225333711787417,-0.5239406303354798,0
2017-07-06,-0.52195261734327,-0.5179863570191163,-0.5285490218198077,-0.5448818355748232,-0.5581386324553481,-0.5417247752897936,-0.5288983834089213,-0.5210055400364527,-0.5224455327530395,-0.5222915406249671,0
2017-07-07,-0.5163375929553181,-0.5268987568560553,-0.5432382749725778,-0.5565056796348358,-0.54008346443951,-0.5272709029150778,-0.5194682717021029,-0.5209177085144744,-0.5207966800191439,-0.5448567103319816,0
2017-07-08,-0.5252527637270572,-0.5415927839906532,-0.5548655924903912,-0.5384459072261923,-0.5256257735881179,-0.5178391174689619,-0.5193804446904641,-0.5192689853733371,-0.5433586070780799,-0.5316338722878712,0
2017-07-09,-0.5399513593495919,-0.5532238803665176,-0.5368004234283662,-0.5239845294034201,-0.5161914964185518,-0.5177512748690114,-0.5177318062148442,-0.5418291391615011,-0.5301376691752462,-0.5449119309919986,0
2017-07-10,-0.5515860719242693,-0.5351528401558424,-0.5223347242308964,-0.5145478463233752,-0.5161036306120231,-0.5161023437785116,-0.5402908014900696,-0.5286092403677248,-0.5434138198028069,-0.581528248643381,0
2017-07-11,-0.5335094132858854,-0.5206824396311929,-0.5128952212643934,-0.5144599581094845,-0.5144542639008988,-0.5386653430229454,-0.527071581566834,-0.5418843475467445,-0.5800248756354829,-0.590255622956094,0
2017-07-12,-0.5190345138005609,-0.511239868842578,-0.5128073067875898,-0.5128101707801632,-0.5370232239206966,-0.5254437768361069,-0.5403460070402425,-0.578492525907338,-0.5887509958116698,-0.5749318898013305,0
2017-07-13,-0.5095890072428513,-0.5111519257937219,-0.5111570264658781,-0.5353848862909676,-0.5237981648123211,-0.5387205583714857,-0.5769523054912981,-0.5872179602478771,-0.5734294646999007,-0.5852079526245249,0
2017-07-14,-0.5095010368518136,-0.5095011091337645,-0.5337384877934095,-0.5221564545544917,-0.5370784538562288,-0.5753333540308628,-0.5856772917618163,-0.5718976333427891,-0.583704050837752,-0.6164728863142437,0
2017-07-15,-0.5078497069400479,-0.5320899093971085,-0.5205061031133833,-0.5354401303111275,-0.5737009220173866,-0.5840598888888046,-0.5703577515888183,-0.5821714119422043,-0.6149644917105113,-0.6753280697725391,1
2017-07-16,-0.530445530238028,-0.5188532242149843,-0.533793748321686,-0.5720719378608065,-0.5824297622831082,-0.5687376296688637,-0.5806310026073692,-0.6134293958782855,-0.6738112175923723,-0.692657316897926,1
2017-07-17,-0.5172047296669757,-0.532145187884961,-0.570436502253391,-0.5808030041378995,-0.5671034551728896,-0.5790127040745047,-0.6118873813780265,-0.6722714966596947,-0.6911379744794571,-0.6177103311046284,1
2017-07-18,-0.5305008259123946,-0.5687998506482163,-0.5791701775632717,-0.5654727885435212,-0.5773812440851311,-0.61027463050261,-0.670726460489649,-0.6895968917379465,-0.6162017586782594,-0.5950020896875694,1
2017-07-19,-0.5671668848969255,-0.5775363643874428,-0.5638353809665442,-0.5757531984769175,-0.6086514294028843,-0.6691241528923192,-0.6880509658712014,-0.6146665656021526,-0.5934967804688942,-0.6064101760411157,1
2017-07-20,-0.5759061148865892,-0.5621965840083866,-0.5741188629103611,-0.607031358254735,-0.6675164988738762,-0.6864517331797019,-0.6131244875705388,-0.5919633719067667,-0.6049032274636511,-0.46982187348865667,0
2017-07-21,-0.560561565249863,-0.5724834080660207,-0.6054063692836349,-0.6659114393779099,-0.6848486568245641,-0.6115119562676274,-0.5904224597335016,-0.603368922403675,-0.46833455285118003,-0.5074321630203479,1
2017-07-22,-0.5708515875615349,-0.6037810828246652,-0.6643040450576013,-0.6832480173408234,-0.6098890820491313,-0.5888058990747027,-0.6018274245305983,-0.46681098150372885,-0.5059394377289436,-0.4716993759292403,0
2017-07-23,-0.6021589930119954,-0.6626979002412274,-0.6816458035676433,-0.6082693265246825,-0.5871770262872725,-0.6002128881254204,-0.4652764961777682,-0.5044129107987063,-0.4702117854919013,-0.49170933509546044,0
2017-07-24,-0.6610941281277949,-0.6800452947927433,-0.6066447074854673,-0.5855514787798273,-0.5985870288779267,-0.4636377235109204,-0.502876494531937,-0.4686880666020099,-0.49021886919755603,-0.48556980171355196,0
2017-07-25,-0.6784469161199255,-0.6050198234842681,-0.5839200711528558,-0.5969643911265021,-0.4619757833387351,-0.5012443954440233,-0.467153484883649,-0.4886935778366308,-0.4840802180756253,-0.5303437168674701,1
2017-07-26,-0.6033981188057556,-0.5822878016842152,-0.595336393926341,-0.4603183072609358,-0.49959239033947467,-0.46551504536129157,-0.4871579687917799,-0.4825554091863695,-0.5288476991520767,-0.5421483879611397,1
2017-07-27,-0.5806590294423711,-0.5937078347428247,-0.45864947723443017,-0.4979445071734933,-0.463853601146834,-0.48552307984145016,-0.48102011534982203,-0.5273193717306708,-0.5406506738971464,-0.5064231309600342,1
2017-07-28,-0.592082613078558,-0.45697649503977716,-0.49628692067511204,-0.46219660394637313,-0.48386692142245435,-0.47938413699919374,-0.5257817791673384,-0.5391214188125101,-0.5049305506680213,-0.4719779892593268,0
2017-07-29,-0.45530876253282043,-0.49462617058437647,-0.460528335195831,-0.48221502797886834,-0.4777263567719065,-0.5241537455111193,-0.5375832201884047,-0.503404103031983,-0.4704903587848424,-0.49270079694576874,1
2017-07-30,-0.49297014365594977,-0.4588559636267606,-0.48055274116947727,-0.47607289737381525,-0.522507792682157,-0.5359572811558994,-0.5018677385696855,-0.4689666180002841,-0.49121018857333804,-0.484987474753371,1
2017-07-31,-0.4571888154612842,-0.4788868774976593,-0.47440877516200874,-0.5208657533562099,-0.5343144466279978,-0.5002354604388775,-0.46743202197770345,-0.48968481929895846,-0.4834979747966851,-0.45532896026415143,0
2017-08-01,-0.47722595709993787,-0.4727409147118818,-0.5192150162254688,-0.5326754182113059,-0.4985831887902023,-0.4657936318925631,-0.48814915935170367,-0.4819732116692557,-0.4538437222796231,-0.49475651151640765,1
2017-08-02,-0.4710780834862716,-0.5175617177260678,-0.5310282100656669,-0.496935048259662,-0.4641322612761106,-0.4865144463266061,-0.4804379477298163,-0.45232128984935077,-0.4932656077347694,-0.4966616242869999,1
2017-08-03,-0.515912821638593,-0.5293787508337996,-0.4952771601129688,-0.46247533513899813,-0.48485854981042104,-0.4788018660509504,-0.45078754860055437,-0.4917400769132527,-0.4951704467378542,-0.4730522820996608,1
2017-08-04,-0.5277335287543216,-0.4936160818517998,-0.4608071496794078,-0.48320690924992155,-0.4771439319972021,-0.4491462043076544,-0.4902043114240517,-0.4936447662041556,-0.4715644972477151,-0.4501708486125481,1
2017-08-05,-0.49195974087888766,-0.45913486872456155,-0.4815449188362599,-0.47549032407031067,-0.4474804357131164,-0.4885699631654482,-0.4921089029050191,-0.47004067204047706,-0.44868635185625133,-0.3605577575246915,1
2017-08-06,-0.45746780727286096,-0.4798793776204648,-0.4738260277729112,-0.44581926306078173,-0.4869146096831923,-0.49047489269008954,-0.4685060208628866,-0.447164324773191,-0.3590861383013982,-0.3703393444377321,1
2017-08-07,-0.47821876579879247,-0.4721579779308923,-0.4441461004040445,-0.48526349345496583,-0.48882004245905736,-0.46686782140052957,-0.4456308483457615,-0.3575711534111189,-0.3688663195860114,-0.3289238494248579,1
2017-08-08,-0.4704949654656787,-0.4424684046370464,-0.483602117593462,-0.48716941215048315,-0.46520673456737577,-0.4439885887962739,-0.35604227778779723,-0.36735056601539856,-0.3274567760406897,-0.3186327264216589,1
2017-08-09,-0.4407961614513369,-0.4819372449636993,-0.4855086058190011,-0.46355008244029117,-0.4423214576440748,-0.3543841172696025,-0.36582118819798115,-0.32594427708272844,-0.3171671318870037,-0.3380779288377036,1
2017-08-10,-0.4802772729490755,-0.483844352794609,-0.4618822181386051,-0.44065896935948007,-0.35269331408158117,-0.36416476332695047,-0.324417025568257,-0.31565544165097403,-0.33660953999885873,-0.3283365024046753,1
2017-08-11,-0.4821849737147226,-0.46021028657914576,-0.438984264694581,-0.35100796900722897,-0.36247654402564694,-0.32275325192170484,-0.314128718490568,-0.33509632167287684,-0.3268695134231378,-0.2607313543636601,1
2017-08-12,-0.45854355948326536,-0.4373048913399194,-0.34930647467060694,-0.3607936938510114,-0.32105409237640753,-0.31246311878464383,-0.33356860018102097,-0.32535706062150144,-0.2592740803413382,-0.2019740620753951,1
2017-08-13,-0.4356310427775495,-0.34759795618953987,-0.3590951237021297,-0.31936067873107016,-0.3107612407544753,-0.3319064508365492,-0.3238298392618718,-0.2577669402510447,-0.20052523156240262,-0.1546474464106834,1
2017-08-14,-0.34589621703956464,-0.3573897865150406,-0.31764972749475834,-0.3090652022467211,-0.3302097094166971,-0.3221659613963213,-0.256243189791024,-0.19902270887984005,-0.15320541680197583,-0.09142732078103119,0
2017-08-15,-0.3556910917216812,-0.31593092062569933,-0.30735117449777516,-0.32851863061848996,-0.32046664669847286,-0.2545673160515405,-0.19750197506379902,-0.1517066132540524,-0.0899943759973687,-0.12737095039220436,1
2017-08-16,-0.31421933594674556,-0.30562902061683267,-0.3268104159776847,-0.31877308324391457,-0.2528501428972236,-0.195815675416062,-0.15018830922237786,-0.08850054056634557,-0.12593284045609637,-0.0785006662770129,0
2017-08-17,-0.3039142329966101,-0.32509458631651317,-0.31706195642127194,-0.25113933601721783,-0.19408298103922078,-0.14849361192843133,-0.08698548230390143,-0.12443618041579017,-0.07706957907261677,-0.08978074110051948,0
2017-08-18,-0.3233858506928784,-0.3153429585276323,-0.24940799875767564,-0.19235718747523567,-0.14674841583640807,-0.08527956721546644,-0.12291927678012257,-0.07557675947523944,-0.08834803293277907,-0.1327198243238672,0
2017-08-19,-0.31363119104666465,-0.24766701344499487,-0.19060828482929038,-0.1450105511063573,-0.08351767100674794,-0.12121973953807955,-0.07406236487704815,-0.086854326897265,-0.1312809457467074,-0.12441664508128612,0
2017-08-20,-0.2459342049835062,-0.1888481897114439,-0.1432475002541396,-0.08176368129872334,-0.11946733813505749,-0.07235415607988978,-0.08533935317147132,-0.12978386536824604,-0.12297895968319686,-0.15103300320955992,1
2017-08-21,-0.1870970940177203,-0.14147201296335113,-0.07998173090413584,-0.11772251623918141,-0.07058884518895503,-0.08363314591353681,-0.12826668711733127,-0.12148253180525982,-0.14959149300165694,-0.17259918097626387,1
2017-08-22,-0.13970618764581655,-0.07818568234790638,-0.11595131112774536,-0.06883155839765077,-0.08187081474723891,-0.12656809898078136,-0.11996577984586904,-0.14809297349265582,-0.17115457167689357,-0.14780510462855637,1
2017-08-23,-0.07640018081531338,-0.11416695262277707,-0.0670457436030472,-0.08011640506122762,-0.12481711052684723,-0.11826571839117214,-0.1465748550292384,-0.16965435740232263,-0.14636405827442747,-0.13500395162457707,1
2017-08-24,-0.11239263794846957,-0.06524549087335439,-0.07833396242461865,-0.12307365291921757,-0.11651253658407852,-0.14487951638760999,-0.1681351317149711,-0.14486579242796394,-0.13356474481496441,-0.089030242130286,1
2017-08-25,-0.06345596613404561,-0.07653737834648784,-0.12130404684398233,-0.11476696116062572,-0.14313336551065636,-0.1664436197811779,-0.14334783968730944,-0.13206748493968407,-0.08759764181035155,-0.07976321136740529,1
2017-08-26,-0.07475136434329184,-0.11952142796884907,-0.112994872864953,-0.14139457887770795,-0.16470316578764213,-0.1416519282865707,-0.13055018941994018,-0.08610399475236372,-0.07833194273342257,-0.08458246896890356,1
2017-08-27,-0.1177487780427962,-0.11120955352267084,-0.13963044749422365,-0.16296987984198286,-0.13990492473363064,-0.12885200657949478,-0.08458905955775675,-0.07683902391967168,-0.08315050780051474,-0.07693189752652523,1
2017-08-28,-0.10943431936985762,-0.13785378466755416,-0.1612121956283894,-0.13816531479017785,-0.12710162149659301,-0.08288271913110218,-0.07532456450145725,-0.08165721026820076,-0.0755010357565061,-0.07698711818654246,1
2017-08-29,-0.13608683441454955,-0.15944254683247663,-0.13640021843224293,-0.12535874648037781,-0.08112018971432221,-0.0736165797306072,-0.08014250342564351,-0.07400833943991103,-0.07555624848123325,-0.02770016909122127,1
2017-08-30,-0.1576823086944433,-0.13462250578672416,-0.12358982324087359,-0.0793655886054176,-0.07185160235135299,-0.07843537378503597,-0.07249402538349799,-0.07406354782515465,-0.026276381992994487,-0.031143930252291844,1
2017-08-31,-0.13285455090384835,-0.12180794723910957,-0.07758292160849702,-0.07009463758585255,-0.07667166945235558,-0.07078553822363048,-0.07254923093367102,-0.024787554523220498,-0.029719648280520698,0.0035170740284827047,0
2017-09-01,-0.12003600820977736,-0.07578609344340204,-0.06830920022682337,-0.07491593389071863,-0.06901981292951415,-0.07084075357217087,-0.02327576806110949,-0.0282305501847735,0.004936375162954957,0.050861259903199806,0
2017-09-02,-0.07399984585985495,-0.06650935811834456,-0.07313193724004494,-0.0672621260067439,-0.06907504286504652,-0.021558545211358447,-0.026718586917350858,0.006422749443786664,0.0522737576085221,-0.02776291984124078,0
2017-09-03,-0.0647202263252451,-0.07133366251274081,-0.06547584223155586,-0.0673173700269039,-0.01977981495083638,-0.025001975129418933,0.00793293318894375,0.05375641137396993,-0.026339123725638913,-0.026711217270913953,0
2017-09-04,-0.06954603063360143,-0.06367507928663692,-0.06553110275983241,-0.018009570942348195,-0.02322415456676108,0.009655695233916649,0.055264164432692595,-0.024850291324633636,-0.02528757228651842,-0.11372140724796133,1
2017-09-05,-0.06188506629408593,-0.06373035777448945,-0.01620856943086596,-0.021454788926867013,0.011442671786229682,0.05699532724153738,-0.023338501640851498,-0.023798822532949567,-0.11228525877128061,-0.07852576657702079,1
2017-09-06,-0.061940361968452574,-0.014391794707634417,-0.019654816921563813,0.013220878090785683,0.058794810150348056,-0.02162128992560882,-0.022287086844375574,-0.11078967137240467,-0.07709467576567464,-0.023157014789809152,0
2017-09-07,-0.01258645915653514,-0.01783916222279668,0.015031211940714476,0.06058509210244214,-0.019842576241214015,-0.020569688514772682,-0.10927346851464134,-0.07560185419580479,-0.02173388054953812,-0.022464246509593746,0
2017-09-08,-0.016034898485214697,0.016858139538773895,0.062409579411225886,-0.01807234823798447,-0.018790697014484947,-0.10757150929433858,-0.07408745830894505,-0.020245410100909546,-0.02104121182114359,-0.1156189899285513,0
2017-09-09,0.018673190938790527,0.06425190489663783,-0.016271365485725615,-0.017020200763120608,-0.10581550225211418,-0.07237925396559003,-0.018733856887788374,-0.019552795813308464,-0.11418256876644817,-0.11629418799876108,0
2017-09-10,0.06608169138890171,-0.014454611171103117,-0.015218903606277921,-0.10406719889237892,-0.07061394970510618,-0.01701582789963164,-0.018041278167436572,-0.11268683224713802,-0.1148576698097021,-0.14217761736680726,0
2017-09-11,-0.012649295150133527,-0.013401807243367822,-0.10229191327467349,-0.06885666931590537,-0.01523589752749571,-0.016323126254307478,-0.11117053196603971,-0.11336188023034327,-0.1407373796908755,-0.13255667237381633,0
2017-09-12,-0.011596163897424657,-0.10050311548906565,-0.06707086202499114,-0.013464494738282049,-0.014543012881726559,-0.10946890945326992,-0.1118455452840636,-0.13923955607723404,-0.13111781724183175,-0.14020222375619298,0
2017-09-13,-0.09872455262094834,-0.06527061745874196,-0.011662135059027178,-0.012771433394457523,-0.10771340367313398,-0.11014404257860383,-0.13772189225604653,-0.12962074968457174,-0.13876226994722873,-0.20250618843556048,0
2017-09-14,-0.06348110053148506,-0.009843882752500753,-0.010968866613376548,-0.10596558431241997,-0.10838871515759724,-0.13602498231259752,-0.12810357981000192,-0.1372646015687483,-0.20105728145522733,-0.3851460114123349,1
2017-09-15,-0.00803713322001204,-0.009150388995806263,-0.10419086597362952,-0.10664106801346619,-0.13427649221256452,-0.12640496272373025,-0.13574703916576797,-0.19955471695582344,-0.38367085882079044,-0.2640194936646822,1
2017-09-16,-0.007343423850685789,-0.10240268534435921,-0.10486655152391929,-0.13253544691751695,-0.12465393117186524,-0.13404977870799561,-0.1980339558200112,-0.38215394167684236,-0.2625617471319061,-0.26715201110565595,1
2017-09-17,-0.10062471306736367,-0.1030785904912823,-0.13076866823242939,-0.12291043195056311,-0.13230076679147634,-0.19634775059290516,-0.38062380367390497,-0.261054348645093,-0.26569381442551593,-0.27773429758894547,1
2017-09-18,-0.10130082835848223,-0.12898912534285145,-0.1211407771013471,-0.13055921765088682,-0.19461519678162312,-0.3789700061014683,-0.2595304293695051,-0.2641861697716368,-0.276274580218672,-0.15667053059131236,0
2017-09-19,-0.1272194189979452,-0.11935810516383032,-0.1287918484254473,-0.19288953894223124,-0.3772856981031539,-0.25785513907825997,-0.2626620896702261,-0.2747661039619481,-0.15522821026243228,-0.19186868129225387,0
2017-09-20,-0.11758540445944025,-0.1270116630728566,-0.1911407953745002,-0.37560662452934684,-0.25613883451301167,-0.2609873552136385,-0.27324148055791797,-0.15372924773161203,-0.1904213029373442,-0.1966427583537379,0
2017-09-21,-0.12524134191946776,-0.18938087332165845,-0.3739124808068136,-0.2544288663085586,-0.2592718781286632,-0.2715686238248213,-0.15221083983326025,-0.1889195743802686,-0.19519469395693217,-0.26564599310518777,1
2017-09-22,-0.18762994324343457,-0.37221195923511485,-0.25269851203232147,-0.2575627089067214,-0.2698559421379476,-0.1505165015158634,-0.18739935938214639,-0.19369259023178004,-0.2641880128420497,-0.2657313341252144,1
2017-09-23,-0.37051787277115666,-0.25095859613075466,-0.2558332910909154,-0.26814947204282275,-0.14877183983818315,-0.18571126663318216,-0.19217213012891823,-0.2626804865377215,-0.2642733415984461,-0.2251441490125976,1
2017-09-24,-0.24922681104806169,-0.25409439398711214,-0.2664232177824473,-0.1470344911176709,-0.18397590283680643,-0.19048488449335046,-0.2611564837564179,-0.2627658085876434,-0.22369198892403078,-0.252644037701146,1
2017-09-25,-0.25236358384849317,-0.26468776238647346,-0.14527204506281494,-0.18224753178597006,-0.18875078180873694,-0.25948148207162963,-0.2612418014248671,-0.2221876454336266,-0.2511879258381244,-0.19159257799216795,1
2017-09-26,-0.2629602458089252,-0.14349721574558208,-0.18049560815469182,-0.18702362843797782,-0.25776560715959995,-0.25956681488301014,-0.22066572204773738,-0.24968142128491957,-0.1901452393137086,-0.20005639915479903,1
2017-09-27,-0.14173202007942867,-0.1787322264344447,-0.18527313200841428,-0.2560560538114508,-0.25785096251451356,-0.2189835337058694,-0.24815808603387418,-0.18864353245405072,-0.19860784421278896,-0.12266715417074223,1
2017-09-28,-0.17697798560863606,-0.1835113029751433,-0.2543261857742837,-0.2561414309335162,-0.21725695989825888,-0.24648077727895246,-0.18712333163128148,-0.19710547222865463,-0.12122972017707018,-0.12917817199276632,1
2017-09-29,-0.18175854800160135,-0.2525867988638633,-0.25441158840889283,-0.2155370761159737,-0.24476146779335384,-0.1854351898904804,-0.19558483686688333,-0.11973342978186151,-0.12773980235625604,-0.13210486697367607,1
2017-09-30,-0.2508555200021319,-0.2526722292541808,-0.21379510012566885,-0.24304859815561466,-0.18369975315914475,-0.1938981969485707,-0.11821676764266184,-0.1262430002964887,-0.13066607676679207,-0.08801870003997163,1
2017-10-01,-0.2509409769534257,-0.2120425406826263,-0.24131484320736343,-0.18197131168517036,-0.19216499600528028,-0.1165163957578717,-0.12472600387669253,-0.12916904471439733,-0.08658624508012346,-0.07169597494489771,0
2017-10-02,-0.21029865629398878,-0.2395712276331489,-0.18021930551330925,-0.19043871332059115,-0.11476275180834998,-0.12302678730849044,-0.12765189803585966,-0.08509267751358401,-0.07026586558465521,-0.07029537820446234,0
2017-10-03,-0.237835902128546,-0.17845583399518233,-0.1886892373927794,-0.11301673015828632,-0.12127486329793356,-0.12595320078112776,-0.08357779425231568,-0.06877358072999899,-0.06886547011203162,-0.09334749373162822,1
2017-10-04,-0.17670150723680306,-0.1869285185878405,-0.11124411885546578,-0.1195305023535063,-0.12420204988114644,-0.08187127433738625,-0.06725953548982508,-0.0673732953224578,-0.09191427301628831,-0.11546587809850378,1
2017-10-05,-0.1851768260533536,-0.10945823052116345,-0.11775983750770357,-0.12245843542198212,-0.0801084777134348,-0.06555011926657951,-0.06585932198998351,-0.0904202866895877,-0.11402947893879585,-0.09060403094077533,1
2017-10-06,-0.10768245186833451,-0.11597606677067578,-0.12068864550635777,-0.07835361859976092,-0.06378301086040432,-0.06414965724451123,-0.08890512984400696,-0.11253375445169005,-0.08917120446507389,-0.07996150373746692,1
2017-10-07,-0.1142023145641033,-0.11890582662685587,-0.07657064920415947,-0.062023988458853235,-0.06238217885917551,-0.08719955547152797,-0.1110174620314693,-0.08767743373180528,-0.07853020660857896,-0.06588525549309128,1
2017-10-08,-0.11713298530553205,-0.07477349205228667,-0.06023613941406644,-0.0606227992202516,-0.08543816649230372,-0.1093158123504991,-0.08616241773768638,-0.07703727221213719,-0.06445598114178114,-0.019803614708766817,1
2017-10-09,-0.07298692964304901,-0.05843367357480877,-0.058834531469598994,-0.08368466654519349,-0.10756026612461264,-0.08445635656450162,-0.07552280261344198,-0.06296415291914241,-0.018380962357020032,0.020743409923837608,1
2017-10-10,-0.05664203098823658,-0.057031610110187425,-0.08190329018284137,-0.10581240771106755,-0.08269424287699342,-0.07381485302763838,-0.06145040600571516,-0.01689275543339161,0.022160235608503043,0.023245909834615355,1
2017-10-11,-0.05523953161112059,-0.0801078661300487,-0.10403764359977204,-0.08094004317997548,-0.0720499280289463,-0.05973995872699492,-0.015381374386375643,0.023645256167720948,0.02466237590636262,0.03441303330808664,1
2017-10-12,-0.07832296221942418,-0.10224941317349566,-0.07915784666437724,-0.07029301384006317,-0.05797131537143514,-0.013662750370091839,0.02515455549971933,0.02614719980807667,0.03582789464776477,0.19014282464649593,1
2017-10-13,-0.1004713932429837,-0.0773615303471971,-0.06850763576017986,-0.056210810882934066,-0.011881934169714952,0.02688037418992883,0.027656370659830377,0.0373118409875584,0.19153530738609184,0.24041872556212446,1
2017-10-14,-0.0755757725793026,-0.06670785814290564,-0.054421224734062384,-0.010109676059479615,0.028671901220698195,0.029382633394233505,0.03882043851071775,0.1930070157905678,0.24180398358080668,0.28674885931652633,0
2017-10-15,-0.064918788065016,-0.05261686905760711,-0.008306313887327372,0.030454501288855823,0.031174821480958133,0.040548682742229676,0.19450761802804956,0.24327174108277289,0.2881274596268399,0.24819479850454157,0
2017-10-16,-0.050823417981025784,-0.006486970944733565,0.03226998492078661,0.03295805983883029,0.042343820716562085,0.19626349499166323,0.24476976211734502,0.2895915763021199,0.24957893909010395,0.2600923407082401,1
2017-10-17,-0.004679177722114306,0.034102515090201145,0.034774291588589426,0.04412990737026167,0.19809977027254763,0.24653456004906144,0.29108721871246307,0.2510460855138887,0.26147477159948745,0.22995190045887084,1
2017-10-18,0.03592292790141983,0.03660763565333269,0.045949477511413324,0.19992557749671722,0.2483841161231092,0.29286023747439616,0.2525437073189743,0.2629409830618195,0.23133866257571634,0.22623203599771435,1
2017-10-19,0.03842882732612334,0.047786453492222304,0.20179170277771288,0.2502227467605005,0.294722032034725,0.25430988503896745,0.26443799403805884,0.23280724260706176,0.22761933266455456,0.2558077194969083,1
2017-10-20,0.049611120746892286,0.20367932721176185,0.25210390193126736,0.29657247967467476,0.25616149522670567,0.26620628286083814,0.2343058010163784,0.22908820501929086,0.257190766094526,0.3318440583105443,0
2017-10-21,0.20555246277988198,0.25400787774288347,0.2984674851552468,0.25800210923574757,0.2680610358823055,0.2360687417120994,0.23058695440927213,0.2586573142613306,0.3332161783744308,0.3369017687621167,0
2017-10-22,0.2558966608509099,0.30038652905109325,0.25988558904947556,0.26990468448838534,0.23791553288811967,0.2323492350513372,0.26015454521327475,0.33467675126965635,0.3382731620255717,0.331083519220308,0
2017-10-23,0.3022897316444712,0.26179209389592456,0.271791721050866,0.23975149384836994,0.23419504359453328,0.2619220737718228,0.33617007845825836,0.3397333374635553,0.3324557485747804,0.3114801849142141,0
2017-10-24,0.26368329717762196,0.27370209536959,0.24162951998067722,0.23603005576305144,0.26377569497532066,0.33795109892328357,0.3412264049854642,0.33391638123652917,0.3128552312966614,0.210155293842717,1
2017-10-25,0.27559700156387634,0.24353009163630454,0.2379069698485968,0.2656182507423406,0.3398248057517089,0.34300832289186367,0.3354097474717853,0.31431740447506523,0.2115449007610526,0.2664201263402071,1
2017-10-26,0.24541561711869897,0.23980633168187993,0.2675040064250489,0.3416867554107271,0.3448833657561465,0.3371906329865691,0.3158117771603825,0.21301503649724546,0.26780164791935146,0.30508211844222527,1
2017-10-27,0.2416906994181864,0.2694129872439473,0.3435952420195882,0.34674660543901104,0.33906413891233206,0.31758918425475274,0.21451461127937033,0.2692673621163202,0.30645808423623566,0.27397531664255553,1
2017-10-28,0.2713065599209785,0.345528952358239,0.3486566040412764,0.3409258945876156,0.31945751179835863,0.21627403926039204,0.27076404821924277,0.30792076020298187,0.2753557525297403,0.2669949232103858,1
2017-10-29,0.34744619008401617,0.35059195931381626,0.3428341538346893,0.3213142674308433,0.21811560099978325,0.27253345984584565,0.30941546136988757,0.2768208730064617,0.26837636219037436,0.36758688552165525,1
2017-10-30,0.3525107711680463,0.34476761682099843,0.3232166662965334,0.21994651262103806,0.27438988440398626,0.3111917331897849,0.2783171712201802,0.2698420312172645,0.36895386928869645,0.3617334955598355,1
2017-10-31,0.34668461784160376,0.3251437536333768,0.22181862059355373,0.2762351469803473,0.313058370631455,0.28008792344159034,0.2713386878096795,0.37041163335457905,0.36310132046762417,0.4465398791961979,1
2017-11-01,0.3270546534414675,0.22371275374119942,0.2781240752229135,0.3149134943677688,0.28194634376545347,0.27310820142837905,0.37190312547930526,0.36455954451876155,0.4478955173019141,0.5215671859495207,1
2017-11-02,0.2255921178582798,0.2800365075457736,0.31681398054304316,0.2837935333749546,0.27496477782384543,0.37369048816029565,0.36605133716097077,0.44934707689258735,0.5229120425208968,0.5996768095438012,1
2017-11-03,0.2819333831583377,0.3187389870181083,0.2856847202280156,0.27681018700837556,0.37557363675081024,0.36783766121502076,0.45083451551069736,0.5243577061341902,0.6010104416473735,0.6321214573338868,1
2017-11-04,0.320647895534176,0.2875996097474048,0.2786992870854279,0.3774447030051493,0.36971926358438423,0.45263588763011364,0.5258412927934298,0.6024499670612059,0.633450427093848,0.6753416639173219,0
2017-11-05,0.28949883678758337,0.28061190635114686,0.379363874867647,0.3715888368681975,0.454539892303951,0.5276559777764288,0.6039295435130895,0.6348874028638541,0.6766644228700234,0.6822342062994645,0
2017-11-06,0.2825089608596989,0.38130920995001005,0.3735062588703384,0.45643109637470985,0.5295798015310672,0.6057580882867218,0.6363653135828965,0.678098002205166,0.6835559747836872,0.5856859023194522,1
2017-11-07,0.3832375720376577,0.3754496902376496,0.45837387109206296,0.5314901421292655,0.6077025453415327,0.6381996153427343,0.6795736939660005,0.684989012472385,0.5870215449369721,0.6162128871889415,0
2017-11-08,0.37737623055479996,0.46034488428632686,0.5334553461244593,0.6096328086454746,0.6401526429183854,0.6814156647298205,0.6864643503648625,0.588462169818133,0.6175441430338329,0.6953566431435436,0
2017-11-09,0.46229781918314833,0.5354507606680422,0.6116213633715617,0.6420911815812541,0.6833801092788855,0.6883075441430814,0.5899424645738118,0.6189823689695957,0.6966765259142897,0.6160120847888791,0
2017-11-10,0.5374270465691243,0.6136421817353398,0.644089435576197,0.6853296717236945,0.690273809413965,0.591768526797459,0.620461096446703,0.6981085323839,0.6173433694893707,0.4841250684278816,0
2017-11-11,0.6156427779606527,0.6461208060071959,0.687340846321332,0.692225129876383,0.5937092880389351,0.6222925753859799,0.6995831965605108,0.6187816112050737,0.4854753054866202,0.4187287467875529,1
2017-11-12,0.6481315000907629,0.6893862733858969,0.6942383649871163,0.5956359828104109,0.6242414005818472,0.7014287187871192,0.6202603489915285,0.4869239114669998,0.42008838139390436,0.3164374941657551,1
2017-11-13,0.6914104190415881,0.6962860337332988,0.5976203549800534,0.6261758815915457,0.703398450457736,0.6220917923003787,0.4884094204329696,0.42154212650628536,0.3178118281755711,0.4694037424733053,1
2017-11-14,0.698312324578435,0.5996366230403587,0.6281693797481777,0.7053531179398406,0.6240405644526387,0.49021746167751673,0.42303099296904034,0.319273611786703,0.47075609500823756,0.48854523125925553,1
2017-11-15,0.6016328648279563,0.6301955761886113,0.707370275979367,0.6259749942455096,0.4921313947885397,0.42482743027434894,0.32076772996000097,0.4722058578554778,0.48989483313409354,0.6591745606822963,1
2017-11-16,0.6322013189936998,0.7094222125738731,0.6279684323726267,0.4940321853690131,0.4267240884085831,0.3225460166805322,0.47369212262549476,0.4913430917585411,0.6604996428715133,0.79876987917569,1
2017-11-17,0.7114525875597296,0.6299945635055114,0.49598619611080125,0.42860819894871316,0.32441565373819187,0.4754975517143793,0.49282837378999644,0.6619344926890856,0.8000749013123052,0.7579316910629953,1
2017-11-18,0.6320002438141848,0.49796943324553894,0.4305426595782647,0.326273673786109,0.4774075960659463,0.49463719934931283,0.6634110144812702,0.8014987811127491,0.7592425817073122,0.7783030945493279,1
2017-11-19,0.49993406590883854,0.43250462767699965,0.328177554630446,0.47930463181274297,0.49655230008274026,0.6652501165503547,0.8029681359753371,0.7606696707530799,0.7796110577929989,0.8401351735885486,1
2017-11-20,0.4344489068203433,0.33010625424740403,0.4812542416407264,0.4984542180736322,0.6672102904259914,0.8048320078717325,0.7621411222792395,0.7810365459638405,0.8414342514715114,0.8813373160513563,0
2017-11-21,0.3320186969357401,0.483232690915782,0.5004095502151151,0.6691557292759648,0.8068290570000792,0.7639977478375903,0.7825069516066844,0.8428548806042888,0.882630473125842,0.8488625479012617,1
2017-11-22,0.48519274181065675,0.502394224932274,0.6711620707472908,0.8088101011484212,0.7659840092223141,0.784367191871831,0.8443221117412677,0.8840478644121542,0.8501603716476984,0.8946178847854847,1
2017-11-23,0.5043602332979089,0.6732022397378213,0.8108581743880761,0.7679546371483337,0.7863588345305097,0.8461933235055777,0.8855129801998689,0.8515803149448279,0.8959091334227084,0.8407074604287267,1
2017-11-24,0.6752213536508995,0.8129437443702888,0.7699905018854135,0.7883346584036939,0.8482012996170166,0.887391502882372,0.853047098011786,0.8973254810632304,0.8420064560732288,0.8946530252054959,1
2017-11-25,0.8150063050098718,0.7720627899448597,0.7903766131350515,0.8501928944318535,0.8894103628789719,0.8549198583635197,0.8987899150164671,0.8434270402331767,0.8959442687929896,1.0294993669374133,1
2017-11-26,0.7741126403760414,0.792455526645338,0.8522533337515598,0.8914124667466313,0.8569301398827383,0.9006707942063208,0.8448942419885149,0.897360613672022,1.0307712329072514,1.1649481158695179,1
2017-11-27,0.7945117173378218,0.8543523570888553,0.8934852233724082,0.8589239607089467,0.9026931623744947,0.8467655552995413,0.8988250458211229,1.0321769809647394,1.1662005176548993,1.287387379307579,1
2017-11-28,0.8564277919899287,0.8955976470024029,0.8609870090614405,0.9046986535950925,0.8487736825852608,0.9007059312463013,1.033634490000315,1.1675956215510228,1.2886221863907052,1.3477410506763399,1
2017-11-29,0.8976859053866297,0.8630888708280819,0.9067753804229053,0.8507654233680565,0.9027283086971064,1.0355393025932107,1.16904617654503,1.2900076684683353,1.3489671848481148,1.305022850093061,1
2017-11-30,0.8651670219795925,0.9088921233309183,0.8528260337718799,0.904733808880649,1.0375973008154147,1.1709750231969238,1.2914519373376327,1.3503479240674896,1.306255122933095,1.3916163750899788,1
2017-12-01,0.9109845150717923,0.85492524323569,0.906810546213627,1.0396371950193521,1.1730688013213482,1.2934025096422501,1.3517890943334943,1.307639219137483,1.3928362043130982,1.5778606011478737,1
2017-12-02,0.8570008562515462,0.908927300550461,1.0417542444226335,1.1751432431961635,1.2955286311061909,1.3537503758082579,1.3090825825883263,1.394213495615555,1.5790536668017572,1.602709898155598,1
2017-12-03,0.9110197032282078,1.0439148552276174,1.1773007847582928,1.297634302441663,1.3558924401914003,1.3110362841351748,1.3956524132891053,1.5804163222097445,1.6038993929289502,1.6651092439749953,1
2017-12-04,1.046049226591654,1.1795054479540732,1.2998284470004493,1.3580135053846316,1.3131670641539215,1.3976214800121183,1.5818456779633798,1.6052600955693466,1.6662897718705683,1.7489442460010558,1
2017-12-05,1.1816819754936447,1.3020729314741988,1.3602256925644638,1.3152772336072815,1.3997751344234433,1.5838477919072227,1.6066881755412141,1.6676455708945697,1.7501127266835226,1.8140795245213033,1
2017-12-06,1.3042875662028182,1.3624898060383932,1.3174766502582063,1.401907390493515,1.5860506442642655,1.60869469875037,1.6690704472366653,1.7514619375825202,1.8152386451684377,2.4101614491065977,1
2017-12-07,1.3647232248457468,1.319726870367442,1.4041326941223338,1.5882304039419781,1.610904115253809,1.6710880426009402,1.7528825097719856,1.816582737449356,2.4112349119043768,3.315830473988129,0
2017-12-08,1.321946993843709,1.4064110772957077,1.5905113849457857,1.613090213013943,1.6733139424053298,1.7549149808394373,1.817999965544188,2.4125321614330226,3.316773790814861,2.981921182984332,0
2017-12-09,1.4086581515697394,1.5928503408708061,1.6153786226702085,1.6755159557946546,1.7571630263498508,1.8200439942313236,2.4139187862294538,3.3179998688685406,2.982912483067337,2.632725809275783,1
2017-12-10,1.5951553805697527,1.6177256604044108,1.677823019622648,1.7593864227647174,1.8223092457618364,2.416068583838458,3.3193399959298815,2.984164801188958,2.63376728924763,2.702303840897411,1
2017-12-11,1.620038434034714,1.6801903516776853,1.7617185489151452,1.8245492556351706,2.4184912953170707,3.3216504956712294,2.9855220714067183,2.6350470486851356,2.703335322403771,3.074139685212998,1
2017-12-12,1.6825225460689506,1.764113146871867,1.8269008538594658,2.42088334234327,3.324312447079408,2.987773322202149,2.6364222468584018,2.7046096140920217,3.0751177333615862,3.1942697210503415,1
2017-12-13,1.766471433516396,1.8293166359523765,2.423413138182287,3.3269354948024947,2.9903470687219342,2.638611536341678,2.705981240076338,3.0763628045457034,3.1952305063360775,2.941459499371754,1
2017-12-14,1.8316951948715219,2.4260227857342413,3.3297360387606956,2.9928849492627503,2.6410930400284682,2.708182875502491,3.07771534019557,3.1964661371710124,2.9424566138582104,2.98056576678391,1
2017-12-15,2.428586865261322,3.3326402396852792,2.995585671641507,2.643541854506009,2.710682758799191,3.0799829542644956,3.1978125052536672,2.9437121116377676,2.981557261642217,3.2674370955730856,1
2017-12-16,3.335486193668126,2.998381274275639,2.6461381855585064,2.7131493199075107,3.082581061060907,3.2001014352254087,2.9450714591890725,2.982809686278434,3.268387366599479,3.71685796721279,0
2017-12-17,3.0011233045323875,2.6488202183650227,2.7157664511868895,3.085142462929819,3.2027312753598527,2.9473155304535092,2.9841670260842905,3.2696172476187297,3.717743655798864,3.6273502973849654,0
2017-12-18,2.651453567356082,2.7184711130591155,3.0878707538632533,3.2053233176959037,2.9498785886864347,2.986418036374341,3.2709598592328466,3.718938219339614,3.628248848354853,3.6206736175828906,0
2017-12-19,2.7211261170579735,3.090696348989238,3.2080875212865747,2.9524061490364804,2.988991424849777,3.2732617720413426,3.7202577573450952,3.6294504458039154,3.6215731280014865,3.2849571049785316,0
2017-12-20,3.093467080724577,3.210952186653716,2.955094775468002,2.9915289596770065,3.2759109399401756,3.7226394155025075,3.630774579201097,3.622775250133558,3.285904858353803,2.9957765485886383,0
2017-12-21,3.21376030686933,2.9578772186310216,2.994229276856538,3.2785216444078,3.725407301624801,3.6331403550957764,3.624099726316548,3.2871333625732775,2.996765857635226,2.7895273834245247,0
2017-12-22,2.9606066558601474,2.9970244386647145,3.2813077212529307,3.728132635754799,3.635884597030141,3.626464317499537,3.2884750746968145,2.9980170869409783,2.790546330779524,2.294775369970729,1
2017-12-23,2.999766047070662,3.284196183058219,3.7310530661577697,3.6385871012592164,3.6292067957339613,3.290780096260046,2.9993736458137525,2.7918137680562816,2.2958654139178045,2.512495372238409,1
2017-12-24,3.28702707540505,3.7340876944210404,3.6414807735059593,3.631907597003517,3.2934338922136113,3.0016273551086305,2.7931809159177265,2.2971717309945467,2.5135541295009083,2.3183696519780637,1
2017-12-25,3.7370584615566993,3.644486290929288,3.6347992732688925,3.2960490653494476,3.0042047616373155,2.7953980283105078,2.2985642797998525,2.514843337177566,2.319456305392109,2.3436707543859283,1
2017-12-26,3.6474292002879594,3.6378026192162185,3.298840379769746,3.0067461761392393,2.797920952424104,2.300693603274874,2.5162247080727176,2.3207607683258864,2.3447537719943425,2.8640501741476907,0
2017-12-27,3.640743450569091,3.3017345396586792,3.009451040554518,2.8004097608419323,2.3030858345706746,2.5183926638379655,2.322152105782847,2.346056246655664,2.865058412468045,2.798463090227303,0
2017-12-28,3.304570884817719,3.0122511494095265,2.803052967441808,2.305448451127288,2.5208424076649187,2.3242856158330136,2.347446285134824,2.866319993414522,2.79948075350809,2.4892273941311758,0
2017-12-29,3.014997491918911,2.8057859972806067,2.3079437525063558,2.523260556066907,2.3266840797526656,2.3495842846187642,2.8676833152193333,2.8007474885775117,2.4902894950363548,2.5017022432350537,0
2017-12-30,2.808468148159732,2.3105158727079975,2.5258209444474105,2.3290527142865276,2.3519894320329287,2.8699136509542496,2.8021141776729883,2.491580531213575,2.5027625514860667,2.0739931311020987,1
2017-12-31,2.313044040232607,2.5284638743589958,2.331555069133586,2.354364519887074,2.8724562608765836,2.804332875619761,2.4929630967043814,2.5040526073345064,2.0751149017816535,2.376250943796056,1
2018-01-01,2.531059803621572,2.334134862972228,2.356874438452998,2.8749640771395715,2.806858160173879,2.495126923793927,2.505434532357093,2.0764385689025673,2.377329279583329,2.2509502461571067,1
2018-01-02,2.336670373825601,2.3594624610428077,2.877629562193133,2.8093492477405375,2.4975705211928916,2.5076005729869015,2.077842452835578,2.378629193949364,2.252046587838937,2.5835041209604817,1
2018-01-03,2.362005846444471,2.880386829296034,2.8119951256538234,2.499982734844976,2.5100474657199654,2.079932600656365,2.3800175597368733,2.2533563488876127,2.5845526741613423,2.638448677677562,1
2018-01-04,2.8830921741571767,2.81473106167855,2.5025361673054505,2.5124628612174678,2.082266510506002,2.382161340257557,2.2547511477080358,2.5858363016566717,2.639489335264802,2.7383980723086316,1
2018-01-05,2.8174159936481424,2.505171529704802,2.51502002301155,2.08457281416062,2.3845750939969967,2.2568726948424143,2.587214026908772,2.6407686449740133,2.739424367020845,3.197808863351441,0
2018-01-06,2.50776021719529,2.5176594426423793,2.087002113088151,2.3869584917814275,2.259253349370934,2.589394582483686,2.6421435493308723,2.7406958222648576,3.1987691400572227,3.2222816558590486,0
2018-01-07,2.5202520127226493,2.0895024276397276,2.3894781501361297,2.2616047878549144,2.5918630838562517,2.644333854281312,2.74206559514394,3.200004492770713,3.223238415788549,2.9588791075771685,0
2018-01-08,2.091961880356042,2.392076768875756,2.2640869877923744,2.594299343808916,2.6468168697109085,2.744273635139305,3.201350679151116,3.2244718453218364,2.959873718840303,2.6306926849751506,0
2018-01-09,2.3946302943207534,2.2666448546214584,2.596880960126594,2.649267143868037,2.7467830530244064,3.2036402371091293,3.2258167752504985,2.961127847710054,2.631734457109951,2.486441260830309,0
2018-01-10,2.269159382303494,2.599546984420175,2.651865185761707,2.7492588203574955,3.206271012137151,3.228110675666774,2.9624863009254527,2.6330143763193505,2.4875037621069427,2.581295294559795,0
2018-01-11,2.602165013977507,2.6545490798333677,2.751886741942163,3.2088639571697892,3.2307479153844287,2.964733463129412,2.6343896788747605,2.488795017230832,2.5823441651722576,2.1878480919374907,1
2018-01-12,2.6571842099722547,2.7546031428463116,3.2116292187806588,3.2333471024679366,2.967301122895266,2.636578607599966,2.4901777257638362,2.5836279662469286,2.188953501491701,2.3321246163823393,0
2018-01-13,2.7572693805757664,3.21449503519335,3.2361196801759236,2.96983312630511,2.639059574220233,2.4923410584812107,2.585005804901853,2.190268221386562,2.3332092931877684,2.4274053552119583,0
2018-01-14,3.217304256908279,3.238993455946143,2.9725269602970417,2.6415078701273944,2.494783919900125,2.587185968542073,2.1916662599194736,2.3345126751956466,2.4284763400350657,2.2797653905660638,0
2018-01-15,3.24181029441165,2.9753150688899317,2.644103593381053,2.497195422918726,2.589653886434958,2.1937766101922396,2.3359033064622947,2.429772234461353,2.2808575914692577,2.291763333969793,0
2018-01-16,2.978049927683059,2.6467849649486364,2.4997480224696815,2.5920895830025183,2.196140595767184,2.3380392571966957,2.431157973942557,2.2821650880965247,2.2928538107508722,1.7071020458880488,1
2018-01-17,2.649417681163494,2.502382478726791,2.5946705389955342,2.1984759393630764,2.3404413546034437,2.433310831314461,2.2835584075255646,2.294160364526716,1.7082765393562187,1.631324240164493,1
2018-01-18,2.5049702990795213,2.597335844906077,2.2009392750255063,2.3428134974899995,2.435738097912845,2.285685067626185,2.2955530679722362,1.7096290384002404,1.6325096230148088,1.7031863990868314,1
2018-01-19,2.5999531870028436,2.2034766189573345,2.3453199643588216,2.4381345431841184,2.2880733339123442,2.297681856990856,1.7110517588000158,1.6338680770137368,1.7043614552392063,1.7364442965971698,0
2018-01-20,2.2059715071409554,2.347904231764567,2.4406694940577203,2.2904321220110915,2.3000732926325482,1.7130768053772891,1.635294687903569,1.7057142619920607,1.7376145735407524,2.0606899720979635,0
2018-01-21,2.3504440236223676,2.4432847498954398,2.2929229361839267,2.302435140936747,1.7153137979260433,1.6373062884485399,1.7071371834241145,1.738964766741023,2.061813654461035,1.7346119746966004,0
2018-01-22,2.445854196302159,2.295490174646285,2.3049295418730926,1.7175265220344493,1.6395232636660109,1.7091615352080658,1.7403859806873778,2.0631383670029826,1.7357825149475354,1.5667662685444248,1
2018-01-23,2.2980136705638734,2.3075006824615,1.7198461395347282,1.6417166598240842,1.7113974934064788,1.742416233760763,2.0645429339302726,1.7371328521397598,1.5679609284702223,1.5509530795395092,1
2018-01-24,2.310027912539885,1.7222271290309383,1.6440136236862106,1.7136092187867458,1.7446609773066255,2.066630721235286,1.7385541601589114,1.5693244557199018,1.5521500118438267,1.6741955525778196,1
2018-01-25,1.7245723929849912,1.6463699677461376,1.7159276657114857,1.7468811854739712,2.0689611169459434,1.7405840881046524,1.5707543810649929,1.5535147817637913,1.6753747747574812,1.649095252570017,1
2018-01-26,1.6486916471155788,1.7183073817104915,1.749209574787102,2.0712640274857295,1.7428283476275988,1.5727545264277567,1.5549455189700072,1.6767298597391915,1.6502780816997102,1.6270069885631508,0
2018-01-27,1.7206514269844517,1.7516001073489018,2.0736893494579047,1.7450480884413921,1.5749544481254993,1.556942858436663,1.6781542695833076,1.651635139173937,1.628192991808872,1.6946020964841633,0
2018-01-28,1.7539545035915969,2.0761853373843633,1.7473759299852003,1.5771313780734846,1.5591386029503351,1.680173477224394,1.653060837686505,1.6295517850765129,1.695778386213449,1.7813487333111284,0
2018-01-29,2.0786406497131837,1.749765866615616,1.5794090424465987,1.5613114995731434,1.6824017772520112,1.655075591524245,1.6309786176173189,1.697131867558744,1.7825125574211043,1.658382363572904,0
2018-01-30,1.752119692578524,1.58174439012954,1.563584436621966,1.6846061082027868,1.6572972611009569,1.632989452108114,1.6985552297154083,1.7838592218322635,1.6595638581310854,1.359663693180046,0
2018-01-31,1.5840459769015578,1.565914641335428,1.6869158883663256,1.659495189948277,1.6352052868880294,1.7005780582986152,1.7852781303507572,1.660920185783081,1.3608881140505558,1.3884788375890036,0
2018-02-01,1.5682113065147643,1.6892861755879525,1.6617974664224642,1.6373975818843083,1.7028117488828185,1.7873163512783292,1.662345407488322,1.3622679163359857,1.3896991176808768,1.1247851258270334,0
2018-02-02,1.6916211979419968,1.6641595902004729,1.6396932551118661,1.7050212847437036,1.7895729567008614,1.6643618092333001,1.3637084744844754,1.3910766555448981,1.1260432990931608,1.039496816430521,0
2018-02-03,1.6664868005026419,1.642048195059491,1.7073371654066853,1.7918046182312892,1.666585932076847,1.3656718715158285,1.392515734302005,1.1274415591745592,1.0407672457521613,1.1258820089373742,0
2018-02-04,1.6443685307560094,1.7097140895079737,1.79414643164467,1.6687862297024456,1.367817085363151,1.3944842442995997,1.1288941761669566,1.0421722081658804,1.1271400245797851,0.9005064151673153,0
2018-02-05,1.7120554630601925,1.7965515686071027,1.671091282541693,1.3699411915555237,1.3966370699045616,1.130815896288116,1.0436292039248112,1.1285381984632605,0.9017968176140617,0.5687457098441863,1
2018-02-06,1.7989199406106027,1.6734564267938403,1.372156942987798,1.3987685257117013,1.1328990650280468,1.0455357904675802,1.1299907591408467,0.9032127025078394,0.5700837867922828,0.7692293360965073,1
2018-02-07,1.675786527555203,1.374424934097446,1.4009928913793512,1.1349632628971227,1.0475964295983795,1.1319126738932124,0.9046768341394572,0.5715257429086428,0.7705386032526149,0.7359212379861534,1
2018-02-08,1.3766620636294404,1.4032702541222728,1.1371087978059207,1.0496388737601234,1.1339961323838477,0.9065587581915759,0.5730069073866598,0.771964804479501,0.7372352915649532,0.8976399609064243,1
2018-02-09,1.40551635188982,1.1393003986755676,1.0517589118828736,1.1360606100248445,0.9085826818635322,0.5748299637384285,0.7734356759759904,0.7386641102894081,0.8989307752668643,1.0159602651132045,0
2018-02-10,1.1414644261509332,1.0539227741874504,1.138206472844867,0.9105896750176007,0.5767662500885887,0.7752943061912273,0.7401366918489335,0.9003468854192872,1.0172340766718897,0.9870748398642254,1
2018-02-11,1.056060257091749,1.140398430457,0.9126681622109354,0.5786886240804422,0.7772835519419037,0.7419894118671299,0.9018111642168423,1.018640888691841,0.9883528023010071,0.8635989340358425,1
2018-02-12,1.1425627993190328,0.9147868202628212,0.5806679320101413,0.7792570614546886,0.7439698590094548,0.9036925796446189,1.0200990928351794,0.989761884265346,0.8648946401419156,1.0635479238979972,1
2018-02-13,0.9168810447110652,0.5826786905623488,0.7812963036023457,0.7459348729309542,0.9057157461190818,1.0220015030465504,0.9912215714083391,0.8663134253886889,1.0648148970401172,0.9811536790923847,1
2018-02-14,0.5846696599961357,0.7833722660277642,0.7479641576828415,0.9077220081529357,1.024055924803536,0.9931188561828191,0.8677794518783988,1.0662179694115073,0.9824324924086789,1.2061326881223202,1
2018-02-15,0.7854256326634951,0.7500292872185789,0.9097996384249464,1.0260923657128695,0.9951656476169028,0.8696548270580771,1.0676737303683272,0.9838420396840023,1.2073791716240896,1.3747489734847353,1
2018-02-16,0.7520722872614711,0.911917364211571,1.0282053676261147,0.9971947209855796,0.8716690013150221,1.0695845845454626,0.9853020308238835,1.2087710390544926,1.3759712265782762,1.3916916759900022,1
2018-02-17,0.9140106965234909,1.030361575069611,0.9992990876531189,0.8736665808161694,1.0716515769743196,0.9871982649461539,1.2102194796013035,1.3773498433957037,1.3929114943922714,1.612273112458571,0
2018-02-18,1.0324917326128658,1.0014459006056993,0.8757340345846816,1.0737001556315948,0.9892434922568691,1.212155634053728,1.3787896270544537,1.3942887797772507,1.613461232983961,1.4714855297148062,1
2018-02-19,1.0035670680396562,0.8778406891090712,1.0758273837894816,0.9912710553693407,1.214260291421998,1.380755700821618,1.3957276935847953,1.6148211841047087,1.4726938816229245,1.6405360502673563,0
2018-02-20,0.8799234267162378,1.0779990683057334,0.993373651916562,1.2163452378681634,1.3829048995699347,1.3976967736692185,1.6162487730938961,1.4740648964541951,1.6417201093670104,1.6853149854812763,0
2018-02-21,1.0801440367181387,0.9955185391127929,1.2185150914837808,1.3850328534264842,1.3998504479718963,1.618256993202127,1.4754997135847305,1.643077839461185,1.6864926097820738,1.5062745455256206,0
2018-02-22,0.9976378636837123,1.2207331492578497,1.3872531145760587,1.4019827232482784,1.6204689359073607,1.4774829523099917,1.6445039774096952,1.6878468209495996,1.5074778982009949,1.3342370892721422,1
2018-02-23,1.2229224948121382,1.3895260119153212,1.4042080493881652,1.6226574728689114,1.4796577048160975,1.646517212500494,1.6892706599135914,1.508846179157638,1.3354651639830342,1.4085590775952457,0
2018-02-24,1.3917678364904926,1.40648645705187,1.6249487414308197,1.4818103323793652,1.6487366210934473,1.69129184058956,1.5102792101936988,1.336846964403383,1.4097764721270936,1.2860620834671668,1
2018-02-25,1.4087335547620572,1.6272988894370406,1.4840595127477005,1.650932366823489,1.6935230779069284,1.512268621890398,1.3382888279730145,1.4111524319971018,1.2872970809972548,1.2488282984355925,1
2018-02-26,1.6296146394591084,1.4863638719986674,1.6532320845396073,1.695730244989535,1.5144525642014586,1.340247713301578,1.4125904798194469,1.2886826672224896,1.2500686465153577,1.4250248744003642,1
2018-02-27,1.4886358042217664,1.6555914245833423,1.6980433492874565,1.5166140650801159,1.3423862105021334,1.4145625528597188,1.2901270041334816,1.2514571587359908,1.4262399027729913,1.5151098511283674,1
2018-02-28,1.6579159709758218,1.7004172529146062,1.5188736455618927,1.3445038313637054,1.4167206828254049,1.2920773412772821,1.2529034072577647,1.4276145686879091,1.5163119341573303,1.4328561680027982,1
2018-03-01,1.7027557360076313,1.5211893193457142,1.3467119815586666,1.4188572603153093,1.294203112653415,1.2548471376296813,1.4290517711437494,1.5176795207966078,1.4340700710070153,1.571685927345954,1
2018-03-02,1.5234720790727123,1.3489717030999293,1.4210876289344403,1.2963084459578247,1.2569630733949413,1.4310267658790166,1.5191120982213735,1.4354441215042681,1.5728798803095454,1.6056717335565187,1
2018-03-03,1.351200919023374,1.4233715224322565,1.2985021943218131,1.2590589098190847,1.4331892454204966,1.5211030776568506,1.4368809218955516,1.5742430209506917,1.606860802709767,1.7069012434879864,0
2018-03-04,1.425623869841304,1.3007462477657397,1.261241527210289,1.4353300226902679,1.52328935388663,1.4388573062174626,1.5756726937167662,1.6082212725960463,1.7080757658117567,1.7126492121897732,0
2018-03-05,1.30296047001802,1.2634734710019524,1.4375653137296136,1.5254531083057035,1.4410218544596252,1.577673712024986,1.6096492005050367,1.7094282806357186,1.713822908521986,1.727885094294509,0
2018-03-06,1.2656761048564809,1.4398545624464432,1.5277153300861321,1.4431646291856746,1.579874933291106,1.6116562492629876,1.7108510113448414,1.7151749716451619,1.7290566012080526,1.528739314032604,0
2018-03-07,1.4421120345615208,1.5300338774021072,1.445402261376098,1.5820531180513686,1.6138664481596332,1.7128760222916881,1.7165974072492092,1.7304074670282712,1.5299394384876996,1.3243400409790655,0
2018-03-08,1.5323193869713656,1.4476940570873364,1.5843322531475956,1.616053301367975,1.715112961796835,1.718623438117022,1.731829120410568,1.531305954063541,1.3255695379103551,1.1811277692545477,0
2018-03-09,1.4499539665625993,1.5866692008654861,1.618342596459584,1.7173256346884134,1.7208618959954263,1.733857854737012,1.5327378317413372,1.3269521160845028,1.1823778459999386,1.166705136870064,0
2018-03-10,1.5889723187996714,1.6206905974801333,1.7196451921591773,1.7230760349686962,1.736100337299116,1.5347312295920312,1.3283944877761054,1.1837716784273862,1.1679572861689433,1.0483446721832714,1
2018-03-11,1.6230042929325579,1.7220261163478388,1.7253973107843215,1.7383183623491834,1.5369211061566521,1.3303516169700091,1.185221402745709,1.1693522519905906,1.0496138300550255,1.2272169401288744,0
2018-03-12,1.7243713178054765,1.7277801044015715,1.740644192904245,1.5390883369179023,1.3324874997837726,1.18715312031924,1.1708027167778061,1.0510180971651326,1.2284603937926168,1.1334648095697315,0
2018-03-13,1.7301270948190886,1.7430319417317712,1.5413546332016486,1.3346025962959522,1.189251172432318,1.1727318751959344,1.052474638668434,1.2298506043293065,1.1347217355525379,1.1308870087589302,0
2018-03-14,1.7453836740647768,1.5436776132675083,1.336807787786202,1.1913297411030208,1.1748261174519221,1.0543827951768825,1.2312979623946176,1.1361193135460244,1.1321443051755047,0.8986991935667534,0
2018-03-15,1.545967364780935,1.339064290481646,1.1934921195433061,1.1769010074739792,1.0564457715416262,1.233237858041853,1.137571484916871,1.1335420857439726,0.899989855713902,0.9064928367191764,0
2018-03-16,1.3412904261130363,1.1957020448948428,1.1790590742943632,1.0584904724448383,1.2353480849888834,1.1394947451632276,1.1349943894610692,0.9014058826271408,0.9077823789083401,0.9159029391921015,1
2018-03-17,1.197883608083053,1.1812643089311967,1.060613155618085,1.2374384092019517,1.1415802067130814,1.1369171923018222,0.9028701070428872,0.9091977933626527,0.9171911291356983,0.8101127047492162,1
2018-03-18,1.1834413833143995,1.062779895536537,1.2396145659166242,1.1436466184295322,1.1390019729043679,0.904751710421165,0.9106616176468446,0.9186058041025665,0.8114160969051118,0.8871204251731543,1
2018-03-19,1.0649201321891217,1.2418394809833324,1.145794748114108,1.141067727124794,0.9067751567006561,0.9125446039310615,0.9200691452649559,0.8128390853361878,0.8884127512063525,0.989271116114908,1
2018-03-20,1.2440353886611963,1.147989171902558,1.1432150861804733,0.9087816889032758,0.9145701089655587,0.9219538012800472,0.8143078578495023,0.8898296880303891,0.990548762943562,1.060259784596975,0
2018-03-21,1.1501559007854623,1.1454086715832636,0.9108596358309772,0.9165786290213014,0.9239817920705888,0.8161737424196298,0.8912945069088924,0.9919576723148057,1.061527230249549,1.064228142028209,0
2018-03-22,1.1475745981684404,0.9129777061149225,0.9186589058445465,0.9259927122749171,0.8181737878487407,0.8931740557476865,0.9934172466993094,1.0629305610174589,1.065495017421983,1.0138242295825404,0
2018-03-23,0.9150713680954315,0.9207795108777351,0.9280758022313,0.8201577251076343,0.8951944434001751,0.9953149211815822,1.0643864907898462,1.0668980363388259,1.0150983480926732,1.0517633330443343,0
2018-03-24,0.9228755985003515,0.9301994677395012,0.8222091892645071,0.8971980223124706,0.9973622927801201,1.066296761518743,1.0683537623727308,1.0165053279717378,1.0530319996494941,0.998676198527832,0
2018-03-25,0.9322984841003655,0.824298448306891,0.8992725077882741,0.9993919263328492,1.0683628853585314,1.0702647372479368,1.0179636417807616,1.0544359981061204,0.999952493832309,0.9554183414943851,0
2018-03-26,0.8263645392127164,0.9013868122756784,1.001496949573207,1.0704106253402539,1.0723319093620134,1.0198656729734676,1.0558923640927789,1.001360664110607,0.9567008530165468,0.8835361023320399,0
2018-03-27,0.9034768705566573,1.0036444768271038,1.0725368705148357,1.0743806615162923,1.0219195304790811,1.057801127209243,1.0028197556310416,0.958112422688447,0.8848289434377028,0.7890686132226744,0
2018-03-28,1.0057663278155997,1.0747074856199734,1.0765080930241604,1.0239554265694106,1.0598650066414,1.0047190989534283,0.9595737351000921,0.8862461619336706,0.7903750294454769,0.8195504175521497,0
2018-03-29,1.0768514306535832,1.0786799987697342,1.026067789918692,1.0619105795111026,1.0067689549819203,0.9614654027377917,0.8877111648340289,0.7917996716142783,0.8208524534948336,0.621564271150605,0
2018-03-30,1.0808251788887455,1.0282233026531362,1.064034284686839,1.0088009874028143,0.9635038318471936,0.8895900776697051,0.793269524547223,0.8222747002687234,0.6228947579937496,0.5524932655891341,1
2018-03-31,1.0303527953907767,1.066202136466312,1.010908822275572,0.965524830882992,0.8916095184938043,0.795131675048625,0.8237429882426999,0.6243325633941079,0.5538336780373762,0.5733290246256109,1
2018-04-01,1.068343437120362,1.0130594083717928,0.9676197338975212,0.8936121831857264,0.7971261615076969,0.8256105474428856,0.6258110161271012,0.5552769113426405,0.5746664429446315,0.5408743367155221,1
2018-04-02,1.0151841865361264,0.9697562511150104,0.8956855971346905,0.7991047312430533,0.827613085921537,0.6276434446172516,0.5567589102334802,0.5761080388838581,0.5422164188209339,0.6010071254442149,0
2018-04-03,0.971867565989142,0.8977987358823462,0.8011499043067737,0.8295994303713299,0.6295936834252519,0.5585790827475822,0.5775889680510158,0.5436605651929838,0.6023405663794354,0.6944580524032643,0
2018-04-04,0.8998876786023172,0.8032323191180281,0.8316537159153989,0.6315295293634071,0.5605110758807811,0.5794128376672756,0.5451431606084501,0.6037799872511646,0.6957780643028215,0.5432864755462721,0
2018-04-05,0.8052918603995612,0.8337460444125832,0.6335246273066087,0.5624293045106471,0.581350334737771,0.546961271456983,0.60525949540362,0.6972101413876639,0.5446282110237858,0.5326514784329662,1
2018-04-06,0.8358150726499137,0.6355525641932219,0.5644037538014911,0.5832738777537155,0.5488901953544579,0.6070882762288298,0.6986848516986053,0.5460721678393049,0.5339947421752084,0.48868830296929994,1
2018-04-07,0.6375599725277702,0.5664092265239558,0.5852545558570903,0.5508054604506343,0.6090330846975386,0.7005302144790538,0.5475546394137331,0.5354395347358065,0.4900378842845228,0.557656397300739,0
2018-04-08,0.5683951376541535,0.5872668050541024,0.5527764362836773,0.6109636873129637,0.7024997087795283,0.5493731782727675,0.5369225523190578,0.49148613166576294,0.5589960677993595,0.5858766645995115,1
2018-04-09,0.5892592009685618,0.5547781301480913,0.6129526397345864,0.7044541470663291,0.5513027393565744,0.5387392041016145,0.49297140635180814,0.5604388953629132,0.5872122798042113,0.5224256162097873,1
2018-04-10,0.5567604250794759,0.6149738907608763,0.7064710364737767,0.5532186196948928,0.5406659558633727,0.4947802572978036,0.5619206291746525,0.5886528896944291,0.5237703494234724,0.5384973383047834,1
2018-04-11,0.6169749010249386,0.7085226808170013,0.5551903166324826,0.542579123630457,0.49669539582480116,0.5637417178361027,0.5901331746562276,0.5252159455775216,0.5398397619883631,0.5720212989952044,1
2018-04-12,0.7105527761314007,0.5571927950038282,0.5445476412548685,0.4985973503076829,0.5656750748530529,0.5919592707287802,0.5266994881643003,0.5412840951554544,0.5733589052363216,0.8031774918570602,1
2018-04-13,0.559175840673398,0.5465466607751531,0.5005527252201951,0.5675946203955997,0.5939000823616831,0.5285143254673736,0.5427668126078231,0.5748006039424083,0.8044818806132498,0.8048617219875838,1
2018-04-14,0.5485263964783433,0.5025374464689826,0.5695706131953433,0.5958268257891451,0.5304383759834331,0.5445845016811791,0.5762816002491924,0.805905414044008,0.8061658687174262,0.8275222728346279,1
2018-04-15,0.5045034993633132,0.5715777651381603,0.5978112549868267,0.5323489355335695,0.5465127976749532,0.5781052378222978,0.8073745426164157,0.8075892697939365,0.8288231632099816,0.9135836714713805,0
2018-04-16,0.5735652832074287,0.5998275850893036,0.5343143961549393,0.5484274564919324,0.580042389446301,0.8092391966006787,0.8090583118966912,0.8302447835202483,0.9148721946971603,0.8457024201302793,1
2018-04-17,0.6018238862484955,0.5363100898882938,0.5503977217255939,0.5819655989126555,0.8112374100362044,0.8109232647311586,0.8317126622131245,0.9162870519223371,0.8470006979917251,0.8064003703780621,1
2018-04-18,0.53828664296155,0.5523986425118971,0.583945886073815,0.8132195783939132,0.8129219230699402,0.833581635941253,0.9177505121576913,0.8484208896256623,0.8077042960018677,0.8719949843884525,1
2018-04-19,0.5543801976419691,0.5859577099554147,0.8152689692814182,0.8149045210087908,0.8355862802511118,0.9196347566413535,0.8498878349359785,0.8091275761645866,0.8732894839697398,0.904848767068665,1
2018-04-20,0.5879496988619715,0.8173559727643304,0.8169544153938514,0.8375746580089622,0.9216621347782316,0.8517600345538708,0.8105965392719652,0.8747076094177666,0.9061385455130558,1.0432819416716976,1
2018-04-21,0.8194199052002226,0.8190419666438302,0.8396313267247694,0.9236724634282004,0.8537694812993205,0.8124617651245778,0.8761732048478792,0.9075540891656282,1.0445518270652732,1.0557693409255793,1
2018-04-22,0.8211064232684033,0.8417262479316467,0.9257548600436872,0.8557624961007039,0.8144608299099998,0.8780500698247767,0.9090179978576038,1.0459564920271207,1.057037431861514,1.0323959415583135,1
2018-04-23,0.8437977572766528,0.9278777712496982,0.8578245997387083,0.8164438202977924,0.8800664619675498,0.9109006924177014,1.047413293454849,1.0584411155083349,1.0336673912861178,1.0646297468283334,1
2018-04-24,0.9299760657769692,0.8599254337277983,0.8184941746590101,0.8820661829723029,0.9129257631576644,1.0493205516311626,1.0598972758235083,1.0350729117179696,1.065896564510907,1.2570536667481493,0
2018-04-25,0.8620026013419777,0.8205822263280828,0.8841361467249031,0.9149338638756307,1.0513821906339587,1.0618067497669865,1.0365302720412055,1.0672995518678696,1.2582928328303893,1.0432593514016906,1
2018-04-26,0.8226471618314358,0.8862455319211832,0.9170136492072233,1.0534256002329037,1.063871687419108,1.0384355986030078,1.0687552572830794,1.259680698665225,1.0445292400415211,1.1526389287456917,0
2018-04-27,0.888330882659702,0.919133719534855,1.055546769912008,1.0659182820645223,1.0404943619792462,1.0706663034191388,1.261126524890347,1.045933906778612,1.1538930993793688,1.0787285853427162,1
2018-04-28,0.9212292954680734,1.0577118632638824,1.068043184829079,1.0425349949859224,1.07273358162043,1.2630717147736201,1.0473907093661419,1.1552891705858221,1.079993377001457,1.169448599660917,0
2018-04-29,1.0598505242256038,1.0702123394941534,1.044652910314955,1.074782436208364,1.2651898233376417,1.0492979635340323,1.1567403575428383,1.0813952564093732,1.1707003547201578,1.1871694114664255,0
2018-04-30,1.0723548869516828,1.0468144631813323,1.076909987775262,1.2672877577310877,1.0513595965694227,1.158667020049571,1.0828502379795133,1.172095104948373,1.188418620018944,1.1423578458624957,1
2018-05-01,1.0489497360561553,1.0790820241359336,1.2694728340812926,1.0534030004064745,1.1607575466008715,1.0847637858169126,1.1735454288841267,1.189811977667443,1.1436134939029057,1.1118509412330126,1
2018-05-02,1.081227329247775,1.2717074530334296,1.0555241633322585,1.1628288488841523,1.0868347883424772,1.1754750741029607,1.1912613918032693,1.1450103730422936,1.1131109731604913,1.1411957019721346,1
2018-05-03,1.2739126468973576,1.0576892493370336,1.1649827106370234,1.0888872389919222,1.1775700410672323,1.1931941814072657,1.1464620878379077,1.1145102496672834,1.142451517014331,1.2686901658317669,0
2018-05-04,1.0598279032679083,1.1671833704800534,1.0910190053811288,1.1796456308391972,1.1952938294698767,1.1483869260667898,1.1159635307105342,1.1438484874801225,1.269927659731972,1.257871936528404,0
2018-05-05,1.1693560669893852,1.093195627148081,1.1818045178128274,1.1973739391268814,1.1504747367853996,1.1178829557868293,1.145300261941086,1.271314611119277,1.2591109850240727,1.2973772987106842,0
2018-05-06,1.0953453202894605,1.1840106447140484,1.1995381237051936,1.1525434167671047,1.1199627078554084,1.1472248939588732,1.2727598399177047,1.2604987865556523,1.2986106702276978,1.2463358386448176,0
2018-05-07,1.186188572954521,1.201750013997609,1.1546942050088176,1.1220236067205738,1.1493123976876058,1.2747070945842094,1.2619445707701826,1.2999953672533064,1.247576544894721,1.175605703252831,0
2018-05-08,1.2039334575467058,1.1568915211053417,1.1241652749782487,1.151380781251921,1.2768282770252706,1.263889905847445,1.30143912323256,1.2489652529838609,1.176856573527229,1.1409195986720486,0
2018-05-09,1.1590610177982252,1.1263526692253991,1.153531222072817,1.2789291794338786,1.2660082305641662,1.3033914681509093,1.250411629470412,1.1782508399030303,1.1421754533906956,1.163600229759099,0
2018-05-10,1.1285126711504336,1.1557281602019014,1.2811177344944669,1.2681063736661848,1.3055202285343102,1.2523549175796564,1.1797008477284125,1.1435724455539047,1.1648528252376973,1.0930081460171555,0
2018-05-11,1.1578972951967834,1.2833561380190652,1.2702916946366625,1.3076284479069578,1.2544701949411414,1.1816315854652073,1.145024234190221,1.1662480350566689,1.094270885682023,0.9417913886201489,1
2018-05-12,1.2855649535502427,1.2725265797170615,1.309825578934106,1.2565653956364118,1.183728178879086,1.1469488172161715,1.1676986592521719,1.0956716429389468,0.9430758583554829,0.9577049788250955,1
2018-05-13,1.2747320282538808,1.3120733124584154,1.2587472679112637,1.1858053390870287,1.149036248009944,1.1696272667348262,1.0971258913856046,0.9444884988935701,0.9589871617541095,1.0126871859921873,0
2018-05-14,1.3142910563836812,1.2609784010729757,1.1879660667156566,1.1511045611511215,1.1717206888040368,1.0990419729917276,0.9459505109233178,0.9603985517319414,1.0139614678971565,1.0108925145416294,0
2018-05-15,1.2631802591907528,1.1901741961095973,1.1532549194314345,1.1737947868858967,1.1011167475808121,0.9478397605911806,0.9618597467458905,1.015368537130132,1.012167054343526,0.9590829852955238,0
2018-05-16,1.192354040646395,1.155451767762639,1.1759519254999078,1.1031728403869132,0.949874590028786,0.9637518201250749,1.0168269093158366,1.0135742646097163,0.9603649702029811,0.9235535106344795,0
2018-05-17,1.1576208168249502,1.1781561503187659,1.105308875624992,0.9518921133626184,0.9657908532685543,1.0187287387512511,1.0150327289352155,0.9617762518909738,0.9248406011797067,0.8546506770830608,1
2018-05-18,1.1803322583511515,1.1074901415750182,0.9539829426241986,0.9678124355359775,1.0207822958974389,1.0169342399236907,0.9632373761570249,0.9262546749308561,0.8559476690668202,0.8939702970452834,1
2018-05-19,1.10964427899271,0.9561150279081475,0.9699080221366067,1.0228179019724817,1.0189873229926385,0.965129694050013,0.9277176233071012,0.8573671575071755,0.895261638741818,0.8930189956749879,0
2018-05-20,0.9582221016193161,0.9720452830438094,1.0249299254046353,1.0210224713172844,0.9671690912052471,0.9296036368414525,0.8588336434071886,0.8966780372726468,0.8943104740749287,0.959803363905748,0
2018-05-21,0.974157309595867,1.0270850683350836,1.0231339582356493,0.9691910249481501,0.9316336485934301,0.8607074308059738,0.8981425044735296,0.8957269473632239,0.9610852452937393,0.9361438211183933,0
2018-05-22,1.0292142071867743,1.025288517479879,0.9712870235013246,0.9336465201588916,0.8627192413071711,0.900023268755257,0.897191463404641,0.9624964703711969,0.9374291024174844,0.8414629794589613,0
2018-05-23,1.0274170977698605,0.973424732581582,0.9357318972397889,0.8647145384584365,0.9020454658577974,0.8990720588872215,0.9639575576524633,0.9388421867663878,0.8427618665342674,0.7199875675412002,0
2018-05-24,0.9755371880152875,0.9378580509656048,0.8667793171616948,0.9040507919041261,0.9010940046956728,0.9658500033696075,0.9403044887465373,0.8441823913221908,0.7213039108118802,0.7273971761035036,0
2018-05-25,0.9399594484398809,0.8688830614184346,0.9061273251367536,0.9030990881022805,0.9678895908187826,0.9421927363086471,0.8456495542886086,0.7227339816745844,0.7287124546025342,0.7004896544951394,0
2018-05-26,0.8709630140291076,0.9082438574279212,0.9051753369450816,0.9699117083020548,0.9442260738947988,0.8475210016591156,0.7242073812808432,0.7301419431854477,0.701808799644604,0.6693000217054439,0
2018-05-27,0.910336047617857,0.907291559841736,0.9720079222111135,0.9462421567553537,0.8495293285214074,0.7260572740246752,0.7316149623767794,0.7032404027394947,0.670623648851018,0.6723973987264068,1
2018-05-28,0.9093834539549057,0.9741458655822028,0.9483312976868298,0.8515212620075171,0.7280335121567655,0.7334661698833593,0.7047148033834071,0.6720577029651092,0.6737205807743469,0.6141069720182869,1
2018-05-29,0.9762585452217972,0.9504615461959646,0.8535820982723901,0.7299944620229911,0.7354443653245568,0.7065612364127998,0.6735337049084403,0.6751543914828617,0.6154385304862858,0.6985945818445503,1
2018-05-30,0.9525668621954613,0.8556815534558528,0.7320189834328782,0.7374072050917225,0.7085323240106267,0.6753746036417948,0.6766302344045058,0.6168769219141708,0.6999139993187423,0.6820108136293952,1
2018-05-31,0.8577574016144706,0.7340789308146067,0.7394339415907062,0.710488300722888,0.6773374522413268,0.6784716827371932,0.6183557575105612,0.701345751336818,0.6833326142154732,0.704011226586234,1
2018-06-01,0.7361169717669686,0.7414962988209909,0.7125069932668868,0.679285473699834,0.6804353495343669,0.6201868627757374,0.7028202492751985,0.6847656694593544,0.7053298656806092,0.715878648429923,1
2018-06-02,0.7435366458910663,0.7145605992856128,0.6812948421594446,0.6823841610124406,0.6221351316767737,0.7046663460424385,0.6862410188209811,0.7067611920347999,0.7171955821583231,0.7414809544378815,0
2018-06-03,0.7165925718360778,0.6833383042831306,0.684394455427317,0.6240690755499922,0.7066369330412221,0.6880841729603503,0.7082354118785285,0.7186259759180522,0.7427942090772492,0.7607579848438739,0
2018-06-04,0.6853605695779353,0.6864389249199456,0.6260619441470876,0.7085924263946725,0.6900503792202207,0.7100824697765307,0.7200995864793366,0.744222590894612,0.7620684693456172,0.709106587487818,1
2018-06-05,0.6884621542219518,0.6280874556746017,0.7106105524101253,0.692001642703918,0.7120544876266196,0.7219487501355609,0.7456948870140752,0.7634953362887276,0.7104244943713367,0.7390487353671256,0
2018-06-06,0.6300925430485378,0.7126635420888581,0.6940148110318161,0.7140113625539957,0.7239239028628379,0.7475485935497127,0.7649666427108195,0.7118554203095466,0.7403623395199515,0.7441240160287032,0
2018-06-07,0.7146949248294064,0.6960624071233503,0.7160311078656105,0.7258838047047279,0.7495305093369132,0.7668237697674272,0.7133293785535794,0.7417909124718389,0.7454368908562324,0.7502133488105961,0
2018-06-08,0.6980886284412248,0.7180858592154761,0.7279070977606681,0.751496941324328,0.7688107777409229,0.7151773405736609,0.7432633334632751,0.7468650649701333,0.7515253485920477,0.7368298688464359,0
2018-06-09,0.7201189277968193,0.7299657087866764,0.7535278881434068,0.7707821265437916,0.7171507044052836,0.7451166084253684,0.7483372253928083,0.752953044179264,0.7381437918536444,0.713501650019184,0
2018-06-10,0.7320024709061462,0.7555948258819055,0.7728188361962924,0.7191088789596612,0.7470978817218762,0.7501914009139383,0.7544248919709727,0.7395725391738703,0.7148189253257522,0.5262634520809805,0
2018-06-11,0.7576395562942883,0.7748920434594899,0.7211301475202144,0.7490636933454661,0.7521740148876191,0.7562801479847945,0.7410450740835978,0.7162495058805226,0.5276076337920058,0.5566097147904137,0
2018-06-12,0.7769427735277128,0.7231865560491345,0.7510939130570468,0.7541411210165277,0.7582643705058649,0.7428979553294752,0.7177232384787093,0.5290529283519493,0.5579495356988505,0.4751441810850897,0
2018-06-13,0.7252212104770084,0.7531600597578588,0.7561728579740954,0.7602330297850719,0.7448786424941229,0.7195719803597568,0.5305362739013216,0.5593924455153421,0.4764957087105497,0.41679602368695196,1
2018-06-14,0.7552040331824148,0.7582406553232071,0.7622665871376761,0.7468438881717674,0.7215465051833331,0.5323517921909267,0.5608742330645557,0.47794502044875153,0.4181559360284558,0.49848495006234544,0
2018-06-15,0.7602862083446522,0.7643363649382097,0.7488734445572094,0.7235058007460258,0.5342768565029294,0.5626951360024065,0.4794309905002935,0.4196098330227606,0.4998331235849709,0.44357302373527574,1
2018-06-16,0.7663838131634397,0.7509388696096057,0.7255283832025844,0.5361883949346843,0.5646282165295539,0.4812374381740033,0.4210987987129864,0.501280601102382,0.4449290881824857,0.46706188448257735,1
2018-06-17,0.7529821524487758,0.727586221150482,0.5381550028701558,0.5665474951043866,0.4831489989096923,0.42289489307543726,0.5027653728211303,0.4463808809217743,0.46841457354594757,0.4542883418086068,1
2018-06-18,0.7296222434686392,0.5401519447940396,0.5685231750002843,0.4850474988175493,0.42479104066495177,0.5045759620865718,0.4478684718604954,0.4698645204267396,0.45564286644884816,0.5134120984769854,0
2018-06-19,0.5421296923300276,0.5705299865275023,0.48699882473928746,0.4266746582431157,0.5064936884785578,0.44966931754035616,0.4713509054295231,0.45709381713108166,0.514758126946427,0.5222273238397257,0
2018-06-20,0.5725171788342076,0.48897914099389855,0.4286085410885872,0.5083981417024183,0.4515725384948964,0.4731559189785554,0.45858085793724046,0.5162044314225388,0.523572085548316,0.5238864536702416,0
2018-06-21,0.4909409785050372,0.43056988060216356,0.5103564453048844,0.4534629858370269,0.47506534470905293,0.4603836049457498,0.5176884367701586,0.5250176972850562,0.5252309769594348,0.5121370032365891,0
2018-06-22,0.4325135582175128,0.512344352745716,0.4554048736182986,0.4769617831395972,0.4622896564397816,0.5195016747124502,0.5265012500523156,0.5266764583144197,0.5134832149390922,0.3499765150361808,1
2018-06-23,0.5143134546838936,0.4573749218935268,0.47891069287336413,0.46418283683987727,0.5214233442335896,0.5283160521703425,0.5281599259006944,0.5149296196178238,0.3513460294393643,0.3697530414123284,1
2018-06-24,0.45932693340581665,0.4808883804991302,0.4661279279461332,0.523331604788375,0.5302400503058398,0.5299750224151225,0.516413690429801,0.3528051774059962,0.37111971389958187,0.3724513236631672,0
2018-06-25,0.482847702529565,0.468101461195442,0.5252943708348986,0.5321505592793588,0.5318994588234246,0.5182267021188827,0.35429757366050846,0.3725773077393603,0.3738176084032922,0.3915150015190934,0
2018-06-26,0.47005680767267743,0.5272871330756499,0.5341159606215827,0.5338103909759822,0.520148034813116,0.356081811553071,0.3740686886519991,0.3752749902001252,0.3928785467806693,0.3524815249769596,1
2018-06-27,0.5292608808410777,0.5361115898637328,0.5357762883120721,0.522055970141046,0.3579603082192304,0.3758564356962183,0.3767662325809054,0.3943344304694363,0.35385067940653,0.3684101753619111,1
2018-06-28,0.5380880812217791,0.5377724571578453,0.5240183550001505,0.359826882757785,0.377740156494646,0.3785544584089843,0.3958246941065271,0.35530963051840875,0.3697770408209913,0.30473322427211674,1
2018-06-29,0.5397494648925206,0.526010702537966,0.3617407900318336,0.3796117752505133,0.3804388919808843,0.39761630259824754,0.35680189816380947,0.37123474018911934,0.30610924020273256,0.3837640288766839,1
2018-06-30,0.5279840534511585,0.3636803976421542,0.3815315946814021,0.38231119896287313,0.39950577199761017,0.358586580545946,0.3727261900455203,0.30757194358712475,0.3851286879644297,0.4303752859911732,1
2018-07-01,0.36560327879420607,0.3834776342689493,0.3842318250403672,0.40138294137717356,0.36046573893110573,0.37451369881126045,0.30906666266652194,0.38658518075888565,0.43173324697270987,0.4258120514497546,1
2018-07-02,0.3854066705366738,0.3861787421981034,0.4033092665067301,0.36233295239958524,0.37639706488056474,0.3108428725785527,0.38807584233679443,0.4331860768485634,0.4271706681748071,0.48313109654757264,0
2018-07-03,0.38810861826140447,0.4052623837998943,0.36424760854183114,0.3782683411238972,0.3127094178569552,0.3898660754940415,0.4346743453691566,0.4286238566498001,0.4844814764415325,0.4618987527709724,1
2018-07-04,0.4071981931165947,0.3661880308638248,0.3801877591074056,0.314564452604031,0.3917534974101646,0.4364728492392179,0.43011235945031784,0.48593016053261573,0.4632521837839642,0.47895691665627504,1
2018-07-05,0.3681116916586538,0.3821333619507193,0.3164648344780234,0.3936286898201809,0.4383725839026722,0.43191005361893076,0.4874157205298562,0.46470253640646675,0.48030789638602517,0.48939613142952015,1
2018-07-06,0.38406198027366845,0.31838972748122224,0.39555269781046565,0.44025966501880565,0.43380858286641044,0.4892235854037908,0.46618918648835095,0.4817569085026138,0.4907456110287521,0.498020594512201,1
2018-07-07,0.3202985274097689,0.39750329423224057,0.4421976073602163,0.43569450008013566,0.4911372559489579,0.46799328389003486,0.48324268280541793,0.4921938027857033,0.49936883476340205,0.5440620748165133,0
2018-07-08,0.3994366911873219,0.44416336329679007,0.4376310782508222,0.49303779300613454,0.46990134573678116,0.485049807011856,0.4936790411312981,0.5008163487719247,0.545403698839271,0.5232162756600333,0
2018-07-09,0.4461112672322039,0.4395953500733462,0.49499150660182434,0.4717964672546446,0.4869623749130376,0.495488017674548,0.5023011443310393,0.5468475947047713,0.5245608952547923,0.5151515492675263,0
2018-07-10,0.4415418337777291,0.4969744204641947,0.47374383347951193,0.4888618473004095,0.4974033431802611,0.504111651201119,0.5483300264593443,0.5260064292753274,0.5164973277753305,0.4117885138353954,0
2018-07-11,0.4989387437702401,0.4757198418849257,0.4908143130325602,0.4993054782024602,0.5060292549297633,0.5501487029409021,0.5274899312690497,0.517943495557711,0.4131491457634306,0.42804346812044836,0
2018-07-12,0.4776775569762897,0.49279586931425684,0.5012610647190122,0.5079335897147097,0.5520784689056419,0.5293049088669285,0.5194274116006071,0.41460343626999235,0.429401764187643,0.386402070407504,1
2018-07-13,0.4947588934760753,0.5032460161769097,0.5098917544989229,0.5539945470689572,0.5312291682421915,0.5212409581914706,0.4160926590495743,0.4308547773080513,0.3877663504048014,0.38872133812822496,1
2018-07-14,0.5052122893711031,0.5118795109160476,0.5559664758705479,0.5331399294585867,0.5231630872028576,0.41788786487825763,0.4323431655459437,0.38922263589029393,0.3900852848433394,0.3982770223411953,1
2018-07-15,0.5138484683312654,0.5579692064923014,0.535105626446171,0.5250717914234126,0.4197826896928165,0.4341412556576741,0.3907131620291484,0.3915413880705234,0.39963959589043263,0.41924079290771205,1
2018-07-16,0.5599524935542741,0.5371015773279996,0.5270350774756083,0.42166503005134104,0.43604037435223925,0.39250386328112724,0.39303179513641295,0.4010949481897158,0.42060035393228284,0.5151515492675263,1
2018-07-17,0.5390783764808899,0.5290284054430023,0.42359741591078687,0.43792686071296166,0.3943919820576404,0.39482290791982094,0.4025848646595256,0.4220540588058166,0.5164973277753305,0.6605550771827254,1
2018-07-18,0.531002694583625,0.4255571268173614,0.4398641059616316,0.39626784732872994,0.3967116393499978,0.4043776730058675,0.4235428989797351,0.517943495557711,0.6618799609896907,0.6730399664066063,1
2018-07-19,0.4274992459283615,0.4418291035142932,0.39819264395676557,0.39858809617544655,0.40626892864870406,0.42533942714263195,0.5194274116006071,0.6633147023201745,0.6743630561166258,0.6971563346541031,1
2018-07-20,0.4437762817100878,0.40014409835646475,0.4005135861443783,0.4081478227549384,0.4272362205380646,0.5212409581914706,0.6647911532355942,0.6757968163293322,0.6984759588065319,0.6688607664553073,1
2018-07-21,0.40207831635819813,0.40246579484626777,0.4100761693784063,0.4291204616811051,0.5231630872028576,0.6666305002638628,0.6772726262610638,0.6999078238484288,0.670184456722507,0.6852161219403915,1
2018-07-22,0.4044007346815945,0.4120314859032812,0.4310550753859195,0.5250717914234126,0.6685910388142995,0.6791141886111168,0.7013823956275116,0.6716185453552174,0.6865374619189504,0.685015319540329,1
2018-07-23,0.4139693997867568,0.43301721001890425,0.5270350774756083,0.6705368297799628,0.6810780251478338,0.7032282371918198,0.6730945698502462,0.6879702652755372,0.6863366883744882,0.7584638174231607,1
2018-07-24,0.43496164852810615,0.5290284054430023,0.6725435839542032,0.683027000519756,0.7051984442657666,0.6749353906420422,0.6894454500742027,0.6877695075110152,0.7597746316001369,0.9374691169588054,0
2018-07-25,0.531002694583625,0.6745842019341327,0.6850374870290799,0.707153570778689,0.6768981232086834,0.6912891729642592,0.6892447026190283,0.7612016788290632,0.938754207810935,0.8765055082998546,0
2018-07-26,0.6766037455100641,0.687082165505865,0.7091712668327419,0.6788460326303801,0.6932562259327102,0.6910883898786578,0.7626731030354517,0.9401671880122334,0.8777993597122213,0.8188225088519235,1
2018-07-27,0.6891055947963992,0.7112237887461553,0.680855269775427,0.6952083069650187,0.6930553898035017,0.7645298230144334,0.9416294219506885,0.8792171307033428,0.8201246493961583,0.8723940791585766,0
2018-07-28,0.7132547238561313,0.6828985890388497,0.697222433514047,0.6950074196189826,0.7665162249647165,0.9435179046736152,0.8806824945597347,0.8215469533723311,0.8736885213893585,0.879206300580694,0
2018-07-29,0.6849207176227466,0.6992710720773314,0.6970214861384961,0.7684869886153293,0.9455515923475747,0.8825601598850936,0.8230152787176928,0.8751066154747541,0.8804997638852373,0.8858101895127467,0
2018-07-30,0.7012982909942302,0.6990700593942315,0.7705230124306234,0.9475680132391919,0.8845777435198943,0.8248827087575814,0.8765721904150383,0.8819173226361641,0.8871027038287367,0.8762770955697834,0
2018-07-31,0.7010972158147154,0.7725954735550742,0.9496575503654658,0.8865786149826385,0.8268850549531566,0.8784491262074092,0.8833825478318305,0.8885197436168825,0.8775709798053954,0.7758658554185702,0
2018-08-01,0.7746454896017557,0.9517882299044237,0.8886499271482151,0.8288712137419492,0.8804656237743516,0.8852606923864295,0.889984629763879,0.8789887687461989,0.7771741688970893,0.736827358816435,0
2018-08-02,0.9538939583802594,0.8907607793153133,0.830925281679027,0.8824654465725497,0.8872789894577475,0.8918639461141384,0.8804541443294736,0.7785998485969543,0.7381412821843386,0.7223294255319282,0
2018-08-03,0.8928475338795541,0.8330173734363464,0.8845355296338105,0.8892805497868235,0.8938839876570898,0.882331769125222,0.7800703793695049,0.7395700297018137,0.7236454322741701,0.6890062672415698,0
2018-08-04,0.8350861751241725,0.8866450446288441,0.8913526693493744,0.8958872323795849,0.8843492924229195,0.7819301871703466,0.741042564740408,0.7250753191033227,0.6903270625706739,0.5882185225902394,0
2018-08-05,0.8887305195789877,0.8934643999030059,0.8979613261628042,0.8863501056265222,0.7839211860122423,0.7428954455409051,0.7265485984768147,0.6917595680808908,0.5895538012665013,0.5971617594830193,0
2018-08-06,0.8955519950440285,0.9000752045184516,0.8884213495085258,0.7858963882411809,0.7448761320425078,0.7283989067604991,0.69323455829062,0.5909942271231673,0.5984957530029847,0.5678747294339155,0
2018-08-07,0.9021648550103226,0.890532127388287,0.7879376143643025,0.7468413770799418,0.7303757635136588,0.6950789537049817,0.5924743918521992,0.5999354760605673,0.5692129315431781,0.5180054533784133,0
2018-08-08,0.8926188108628558,0.7900157352042138,0.7488709327150149,0.732337310696137,0.6970470078715195,0.5943009034646041,0.6014151816370298,0.5706549561050284,0.519350821775999,0.40572679138351114,1
2018-08-09,0.7920711673464604,0.7509363569510669,0.7343625322002405,0.6990000556214498,0.5962423337185765,0.6032432801395669,0.5721361652998408,0.5207967652859804,0.40708829438997907,0.47159750869398714,0
2018-08-10,0.7529796390090319,0.7364232412312586,0.7010153152275702,0.598169674462291,0.605187072823197,0.5739590671046333,0.5222805348072734,0.40854306125348344,0.47294954598148664,0.37533283810406304,1
2018-08-11,0.7384620110480604,0.7030651864708409,0.6001548037541891,0.6071166946363726,0.5758951233781471,0.5240945877955775,0.4100325952464966,0.474399136432881,0.37669870876632444,0.4031991911727253,0
2018-08-12,0.705093585007573,0.6021718955059554,0.6091044974927866,0.5778172752170107,0.5260174706892325,0.41182672548167176,0.4758852885732753,0.37815586412101654,0.4045610573990614,0.40996623205482885,0
2018-08-13,0.6041689255295873,0.6111244978795142,0.5797963227686893,0.5279269028289504,0.413719949042337,0.47769110692457223,0.37964695856265845,0.4060160228925621,0.41132712584743636,0.4036610366928689,1
2018-08-14,0.6131243113372292,0.5818067980494032,0.5298910420506253,0.415600743292877,0.47960173077754836,0.3814356956873615,0.40750568665448844,0.4127815595569548,0.4050228365513244,0.3790978831052334,1
2018-08-15,0.5837974964049901,0.5318852982015587,0.41753131701134444,0.4814993260681871,0.3833208904350255,0.40929936839166664,0.4142708758938664,0.40647776575096284,0.38046321272499006,0.40640951954372345,1
2018-08-16,0.5338604755724797,0.4194890564462852,0.48344959171861984,0.385193932378491,0.4111919242659257,0.4160657583764268,0.4079674058013897,0.38192007220580476,0.4077709244411505,0.41298830817576826,1
2018-08-17,0.4214292889467574,0.4854287544786477,0.3871154198795226,0.4130720738246477,0.4179601018202499,0.4097611694885494,0.38341097334717883,0.4092256376528584,0.41434876769159196,0.4747099458949548,0
2018-08-18,0.48738948814685634,0.3890632742005862,0.4150018919215974,0.41984197738606355,0.4116538473631051,0.3852003785423838,0.4107151365940897,0.41580296391301147,0.47606153592065037,0.435335105272715,0
2018-08-19,0.3909940470874425,0.41695880929776585,0.4217738184776625,0.4135341147205307,0.3870865678576836,0.4125093879727159,0.4172921250942414,0.47751088178297274,0.43669235352092545,0.45599516220913716,0
2018-08-20,0.4188982551246142,0.42373293671823037,0.4154640708853645,0.38896057011666746,0.41440279188164575,0.4190875438147247,0.4789968741284789,0.43814479363225783,0.45734944157677637,0.4064120295737241,1
2018-08-21,0.42567448867426433,0.4174211384688955,0.3908831831711018,0.4162837602693997,0.4209826855648368,0.48080324475139086,0.4396328075119649,0.4588002581295188,0.4077734341104561,0.4516503002777867,1
2018-08-22,0.4193607280374984,0.3928322620087081,0.4182145380882175,0.4228653319439065,0.48271469078027923,0.4414321914535674,0.46028721130622285,0.4092281471249148,0.45300520400847644,0.4235254141190439,1
2018-08-23,0.3947642067033458,0.4201724995688247,0.42479807647970336,0.4846130799317464,0.4433332362941205,0.4620902611733598,0.4107176459372792,0.4544563619996733,0.42488435943724423,0.4632265586413852,1
2018-08-24,0.4221129445571079,0.4267581775988829,0.4865642760396588,0.4452215824658968,0.4639967635380531,0.4125118977612857,0.4559435382448865,0.42633772760630545,0.46457979884672024,0.509682193895826,1
2018-08-25,0.42870067012596264,0.48854445106669525,0.4471610075363234,0.46589037928118376,0.41440530233326067,0.45774581715866414,0.4278263478045192,0.46603004712436874,0.5110287583580423,0.520533053589199,1
2018-08-26,0.49050615342933646,0.4491283765693561,0.4678359806383156,0.416286271361225,0.45965117179230575,0.4296236362316473,0.46751662903569174,0.512475355946542,0.5218780587669165,0.5064944557948352,1
2018-08-27,0.45107782416622044,0.4698100690017904,0.41821704993041176,0.4615436793313282,0.4315215614450495,0.4693209620435727,0.5139595527902938,0.5233238036469015,0.5078414783397055,0.5510173679486753,1
2018-08-28,0.4717659466985534,0.42017501222736325,0.4634879817998333,0.4334068954271499,0.4712293746411719,0.5157721288974082,0.5248074433992814,0.5092883264347547,0.5523579924855793,0.6041396428851885,0
2018-08-29,0.4221154579968517,0.4654606570712178,0.43534279001173654,0.47312483483030815,0.517692813133543,0.5266219448855824,0.5107726869393999,0.5538013417734035,0.605472633673045,0.5918103755213558,1
2018-08-30,0.46741518250180114,0.4373063181445469,0.4750725980003422,0.5196001223357549,0.5285454954656436,0.5125846974134893,0.5552834164379482,0.6069118083777082,0.5931451380430681,0.5745087387259775,1
2018-08-31,0.4392520901710039,0.47704903825192335,0.5215617733340409,0.5304555722971794,0.5145045395823592,0.5571033270684134,0.6083911557043409,0.5945852816360552,0.5758459875183467,0.5894057667806084,1
2018-09-01,0.4790071666008316,0.5235533224870705,0.5324204671403721,0.5164110357174323,0.5590349303310991,0.6102204923642083,0.5960652619566316,0.5772874907504251,0.5907408748481338,0.6284794038027547,0
2018-09-02,0.5255259093815896,0.5344155453500778,0.5183717337471705,0.5609527825172819,0.6121661283131901,0.5978924109082951,0.5787683593501655,0.5921812074059037,0.6298088969311655,0.6484266122189554,0
2018-09-03,0.5363915093946227,0.5203622461428606,0.562926790591192,0.6140975299111264,0.5998347899797922,0.5805924382951825,0.5936613111809179,0.6312461589098357,0.6497532389041759,0.6452489142379676,0
2018-09-04,0.5223338409067916,0.564931783303172,0.6160874187931802,0.6017630468645112,0.5825302469968705,0.595488033458221,0.6327242566146704,0.6511889333430436,0.6465759975630622,0.6707508190458948,0
2018-09-05,0.5669172350847194,0.6181096886172336,0.6037492499343554,0.5844540909116774,0.5974297773325212,0.6345579121276427,0.6526660069430593,0.6480119417194824,0.6720742377097572,0.5279727825115117,0
2018-09-06,0.6201116738253699,0.6057675098749037,0.5864351216884517,0.5993574208957292,0.6365099776248673,0.654503201893551,0.6494891784649242,0.6735081778137809,0.5293167185892398,0.46179333151093965,0
2018-09-07,0.6077656578031588,0.5884477545673139,0.6013429051121335,0.6384475873425246,0.6564605366101102,0.6513258095639123,0.6749841052720754,0.530761878822443,0.4631467776731215,0.4462060452060942,0
2018-09-08,0.5904405176482115,0.6033603829947831,0.6404447525521426,0.6584032340793837,0.6532823048653867,0.6768252614352633,0.5322451366134938,0.46459713858009266,0.4475617312842458,0.385691731917283,1
2018-09-09,0.6053577825284687,0.6424749384674726,0.6604063624709294,0.6552241918283628,0.6787884932748577,0.5340609582071066,0.4660837940743843,0.44901331710906944,0.38705611399126627,0.40448683656312556,1
2018-09-10,0.6444844990223124,0.6624430358749026,0.6572263702528366,0.6807368847749447,0.5359864740528162,0.46788787277009425,0.4505007728664699,0.38851245529829703,0.4058485177529251,0.41172576308537584,1
2018-09-11,0.6644588046673678,0.6592620101648478,0.6827466869477997,0.5378984484678163,0.4697959067689467,0.4523020857503017,0.39000301790646874,0.4073033820575597,0.41308640403078617,0.40959223758471264,1
2018-09-12,0.6612767899515456,0.6847906209185268,0.5398655674045327,0.47169100139797565,0.454206002239142,0.3917935931158128,0.4087929797107945,0.4145406994685792,0.41095318512087564,0.4172729293871003,1
2018-09-13,0.68681333774993,0.5418630652589269,0.4736383361073477,0.4560971211619249,0.3936815242505654,0.4105868899280843,0.4160299254698323,0.41240764822053255,0.4186327731965536,0.4588164359300143,0
2018-09-14,0.5438413447956475,0.4756143102262983,0.4580397960802096,0.3955572083421271,0.4124797859444748,0.41782512016400725,0.4138969837586041,0.42008663271350055,0.46017030987647,0.45766182212965534,0
2018-09-15,0.47757199250704446,0.4600107007006734,0.39748179261575406,0.4143602639311041,0.4197199284024389,0.4156917998794946,0.4215755739190258,0.46162090472105355,0.45901586199581246,0.46531490360203426,0
2018-09-16,0.46196353169720494,0.39943301598999886,0.41629046696731753,0.4216022527557048,0.41758604452959924,0.42337175290374024,0.4631077130514236,0.4604665475750518,0.46666784370912673,0.45878380554000414,0
2018-09-17,0.4013670129106642,0.4182478031281436,0.4235346198559272,0.4194678247040714,0.42526802647182194,0.46491126352605666,0.46195341518417066,0.46811792787539785,0.4601376841754949,0.39955211758159165,1
2018-09-18,0.4201876497132532,0.42549431035389274,0.421399553990699,0.42715176568995156,0.46681851115343176,0.4637567607838497,0.46960440256950564,0.4615882815843187,0.40091450789776734,0.4221674878886218,1
2018-09-19,0.4274364099347632,0.42335855059595695,0.4290857911055207,0.46871284649299083,0.4656637034104832,0.47140910613382503,0.4630750915899578,0.4023697599944307,0.4235266283428189,0.42900480961074716,1
2018-09-20,0.425299986152418,0.4310472857245258,0.4706592912648058,0.4675577442532833,0.47331807038493956,0.46487863627464643,0.4038596109998831,0.4249801032237252,0.43036296753175557,0.4594088030101984,1
2018-09-21,0.4329911117688607,0.4726342971993433,0.46950384385538807,0.47521406322908327,0.46678587528243537,0.4056526455994351,0.42646879313890224,0.4318159051057005,0.4607625918326333,0.5134447288669957,0
2018-09-22,0.474591052970737,0.4714784742715191,0.4771624507060714,0.46868020229925994,0.4075442380691776,0.4282658406152693,0.4333042439875912,0.4622131401263935,0.5147907526474022,0.5101892199559835,0
2018-09-23,0.47343487068852663,0.4791395701561616,0.47062663731627874,0.4094234574022675,0.4301634071212775,0.4351025046799898,0.4636999180441881,0.5162370545592736,0.5115357115578092,0.5073403359050981,0
2018-09-24,0.4810983484677859,0.47260163263833954,0.4113521852131544,0.43204839474958096,0.4370018773208246,0.4655035736285801,0.5177210582316245,0.51298226930196,0.5086872368957523,0.478419770236108,0
2018-09-25,0.4745583782540658,0.41330791644096515,0.43398388338457367,0.4388886088821094,0.46741097773459656,0.5195343019638604,0.5144664401146091,0.5101340185178037,0.4797708271545888,0.441035383404487,1
2018-09-26,0.41524622717667603,0.4359469698750843,0.44082614152208144,0.4693054641637972,0.5214559801045859,0.5162791061885511,0.5116183355943221,0.4812198814825173,0.4423918125143452,0.4532165589982735,1
2018-09-27,0.43789231926953487,0.4427914517346337,0.47125208602268087,0.523364248982106,0.5181999243597941,0.5134304961615843,0.48270568336282627,0.44384380467262713,0.45457123765528124,0.4988363542624546,0
2018-09-28,0.4447389291320151,0.4732272846144877,0.5253270247834256,0.520107362884496,0.5153505617766496,0.4845127122578728,0.4453315258957287,0.45602227256294514,0.5001844772877796,0.4906486363999094,0
2018-09-29,0.4751842247503057,0.5273197976366537,0.5220691654573067,0.5172572736626092,0.48642513826740497,0.44713192129607116,0.4575093683952469,0.5016319271902955,0.49199793601233477,0.4800638398866191,0
2018-09-30,0.5292935555577489,0.5240608795118975,0.5192182245666787,0.4883244736497629,0.44903447191202495,0.45931192522635333,0.5031166808676855,0.4934460293419094,0.48141466054987286,0.4859875106884606,0
2018-10-01,0.5260336242098645,0.5212090120704187,0.49027677880296144,0.45092427200149604,0.4612176936001315,0.5049273324863739,0.4949312033829485,0.4828635856795415,0.48733748011150685,0.4769664628656562,0
2018-10-02,0.5231808701004979,0.4922581603869647,0.4528654011597743,0.4631106006304096,0.5068451517046725,0.49674040217098536,0.48434930315206687,0.4887859397329417,0.4783177286265439,0.46855284230304095,1
2018-10-03,0.4942210173708731,0.45483462411085274,0.4650553713291302,0.5087496945579812,0.4986560585361986,0.4861566237712326,0.49027135307971237,0.47976689716178905,0.46990531711357925,0.45512167176886575,1
2018-10-04,0.456785845824698,0.46702855599939647,0.5107081032120984,0.5005585130233602,0.48806948407529904,0.4920797247964678,0.4812527736560014,0.4713551468283158,0.4564760766583661,0.4737209940746473,1
2018-10-05,0.46898356890201687,0.5126961249411406,0.5025144739740108,0.48996923879543336,0.49399414988694795,0.4830595446758342,0.4728414552841933,0.457926961853848,0.47507272621417407,0.48521442144822,0
2018-10-06,0.5146653362480443,0.5044998327877448,0.4919220354402844,0.49589541550349775,0.48497158678225893,0.47464673338914437,0.45941395987621425,0.4765221497927016,0.4865645019653273,0.4766376489355541,1
2018-10-07,0.5064664958033268,0.49390395172984464,0.4978499830190358,0.48687055148282676,0.4765565529684257,0.46121685475099466,0.4780081929117448,0.48801302233953164,0.47798896194748725,0.4803123328566963,0
2018-10-08,0.49586732040315085,0.49983382588128994,0.4888224221724119,0.4784533716839152,0.4631231263759965,0.47981438805480486,0.48949847537729063,0.47943815632238435,0.48166311781114474,0.4926817607005413,0
2018-10-09,0.5017990381988388,0.49080333109302965,0.48040272713682963,0.4650165193259269,0.48172557284392753,0.491306709916903,0.48092404969815344,0.48311202341313747,0.49403076815001407,0.4902746419297932,0
2018-10-10,0.4927657357591344,0.4823808996711466,0.46696185955466935,0.4836237097525186,0.49322093078949525,0.4827307623731623,0.48459772812784513,0.4954787017076949,0.49162399528577405,0.47593986059533705,0
2018-10-11,0.4843406857374628,0.4689356638303062,0.48557461021507053,0.49512199922125866,0.48464271762068023,0.486405092839664,0.49696377136658937,0.49307211800548717,0.47729127388048104,0.39328708269964413,1
2018-10-12,0.4708912696676639,0.48755446360242843,0.49707633562316467,0.4865415984536928,0.48831801878519443,0.49877333091269727,0.4945573112476862,0.4787405230906701,0.39465037331054775,0.39789047772107516,1
2018-10-13,0.48951585817022575,0.4990599270513553,0.4884933708449474,0.49021783688615295,0.5006895243444339,0.4963664436740532,0.48022645229142213,0.39610611774134313,0.39925310681734294,0.40075442195196537,1
2018-10-14,0.5010248987577064,0.49047417282445377,0.4921707078175286,0.5025924974019753,0.49828200124554795,0.48203304115069806,0.3975962903984412,0.40070848949301086,0.4021166394952346,0.40199437677235095,1
2018-10-15,0.492436475152679,0.49415270492518065,0.5045490661514634,0.500184360341368,0.4839448120716808,0.3993882133286779,0.40219842580831483,0.4035717971095064,0.40335641613228856,0.4787034036261962,0
2018-10-16,0.4961161509378004,0.5065350862041305,0.5021402094870473,0.4858435149262173,0.40127815083787444,0.4039911655660852,0.4050615863877399,0.4048114763054301,0.48005441978614166,0.47859547233616256,0
2018-10-17,0.5085023819959145,0.5041254466654714,0.4877950787149079,0.4031557722059418,0.40588231909997785,0.40685483432447217,0.4063012019234421,0.4815034518249047,0.47994650400599315,0.46562363729213035,0
2018-10-18,0.5060919932814805,0.48977565375068166,0.4050826270959666,0.407761114613819,0.40874674439281306,0.40809466987805965,0.48298923914326014,0.48139554452647404,0.4669765330337374,0.44862571412684643,1
2018-10-19,0.4917377389038648,0.40703632072825024,0.40968934568047083,0.4106262703866585,0.4099869074906753,0.4847963183662845,0.48288133738610384,0.4684265929383506,0.44998105249501497,0.4457893802259647,1
2018-10-20,0.408972681575813,0.411644536488314,0.4125553576242654,0.4118667497484314,0.4867088192999119,0.48468839745777376,0.46991305178183645,0.4514324481715601,0.4471451261794869,0.4517582315678201,0
2018-10-21,0.4135823300661908,0.4145114798810254,0.4137962076682923,0.4886082270260389,0.4866008698804623,0.471717810127937,0.45291977970132175,0.4485967447476863,0.4531131197886247,0.4500413710472866,1
2018-10-22,0.4164501648140211,0.415752733199167,0.4905606169709271,0.48850025007754444,0.47362685593359766,0.45472152193179616,0.450084221896983,0.4545642692981038,0.45139650598347336,0.4512486954776617,0
2018-10-23,0.4176918040475254,0.49254209080184325,0.4904526077565684,0.4755229275236139,0.4566260775961037,0.4518854608476793,0.45605144000204256,0.4528477904114405,0.452603656919552,0.44838224121677067,1
2018-10-24,0.4945050360619378,0.492434046484677,0.477471407295981,0.4585178136816597,0.4537892672710345,0.4578537380671746,0.4543350492603015,0.45405484647062916,0.44973761457235456,0.45342740151833905,0
2018-10-25,0.4943969581529485,0.4794486271564277,0.46046121195559797,0.4556802799189001,0.4597591212117551,0.4561370426852846,0.45554204333453757,0.45118902938207706,0.4547820498769666,0.4485202928668136,0
2018-10-26,0.48140750155629003,0.4624329035320265,0.4576228302759416,0.46165165627982246,0.4580419723070232,0.4573442509874616,0.4526763734119227,0.4562330682156933,0.4498756463841723,0.4481337482466935,0
2018-10-27,0.46438648761035883,0.45959359938324124,0.46359599101419174,0.4599340694712142,0.45924949953388877,0.45447807244050464,0.4577201532231801,0.451327050345186,0.4494891573110827,0.4495468951371328,0
2018-10-28,0.4615463006997117,0.46556870138838385,0.46187789095323184,0.461141904639256,0.45638256378943837,0.4595227474662346,0.4528143872873551,0.4509405916484811,0.4509021011302352,0.4510554231676018,0
2018-10-29,0.46752326041079023,0.4638500429478804,0.46308608704873144,0.4582742377745909,0.46142857153580036,0.4546161108118555,0.4524279484361444,0.45235342441630494,0.4524104123830073,0.41246120187560453,1
2018-10-30,0.46580406762593857,0.46505863170501804,0.46021756326274244,0.4633215323437475,0.45652063862826925,0.4542296033720732,0.45384070865193443,0.4538616171222768,0.4138217371373789,0.4128728467957326,1
2018-10-31,0.4670130321427714,0.4621891756537679,0.46526636607345867,0.4584123478249908,0.45613402907954304,0.4556426143369916,0.4553488239089323,0.41527597478114125,0.41423332290352644,0.4086911368144325,1
2018-11-01,0.46414268395519703,0.46723961931665137,0.4603557145834337,0.45802563968387133,0.4575474133388474,0.45715099726757064,0.4167651630244087,0.4156875281984115,0.41005221384010165,0.4237939873291273,1
2018-11-02,0.4691946978405075,0.46232737187339906,0.45996889088549825,0.45943938438160026,0.4590561947595258,0.4185604882150217,0.41717669530751633,0.4115067477522399,0.4251528940529623,0.426469679309959,1
2018-11-03,0.4642809231411135,0.46194042245843187,0.4613830580409377,0.4609485505686964,0.42045549072566485,0.4189720935405042,0.4129961295535089,0.4266062411163536,0.42782820153292067,0.4196474177678384,1
2018-11-04,0.46389385342054745,0.463355049215747,0.46289267519976385,0.422338002660562,0.4208672047905422,0.4147907857828592,0.42809484752581495,0.4292813383286097,0.42100692035981874,0.4233798323789987,1
2018-11-05,0.4653089199963832,0.4648651569975346,0.4242705896188824,0.422749821719936,0.4166847923997764,0.4298921836086388,0.43076980736601406,0.4224605932789737,0.4247387986175092,0.434305992972395,1
2018-11-06,0.46681949728248845,0.42623051930574596,0.42468253173876186,0.4185663427387345,0.4317901797678657,0.43256761822427464,0.4239494125764633,0.426192178227027,0.43566338910555674,0.4446849670256215,0
2018-11-07,0.4281728477797363,0.4266425953061007,0.4204978026429143,0.4336755822524731,0.434466321189568,0.42574601289097436,0.4276808058995178,0.4371159100890823,0.44604087168494505,0.46203680442101536,0
2018-11-08,0.4285850518977418,0.4224565061805464,0.43561155712653576,0.4363524061384038,0.4276429136997117,0.4294780684945864,0.4386039768041959,0.44749257704281514,0.463390215595782,0.4428551551550527,0
2018-11-09,0.4243976612843451,0.4375751726081929,0.43828918090575136,0.42952725855682816,0.4313759552513734,0.4404031781398612,0.4489801108935238,0.46484055736957575,0.44421132276103353,0.42576185084973905,1
2018-11-10,0.43952102822360495,0.44025366661049814,0.43146199382141,0.43326125210127375,0.4423039511319272,0.4507811538768728,0.4663272003637834,0.4456631719136081,0.4271204747886916,0.43168552165158053,0
2018-11-11,0.44220035499064014,0.4334242607021814,0.43519710316446214,0.44419203481746183,0.4526846685603882,0.46813132226138576,0.4471507997082469,0.42857366720866963,0.43304329435032557,0.4322000778017405,0
2018-11-12,0.43536882576662367,0.4371605839492996,0.446131152236625,0.45457539951570175,0.470039420575612,0.448951518009332,0.4300621725865243,0.4344960212620698,0.4335577765580099,0.42215995779861953,0
2018-11-13,0.4391063106658557,0.44809818656846934,0.45651761971041177,0.47193457730504446,0.45085454933297636,0.4318598578475305,0.4359842225141698,0.43501046303365754,0.4235190993349016,0.41920314245770024,0
2018-11-14,0.45004731387120683,0.45848802962619223,0.4738819848002032,0.452744813574948,0.43375837383410837,0.43778295887276575,0.43649863786805426,0.4249725748075557,0.4205627088926961,0.26329513898923573,0
2018-11-15,0.4604403872123802,0.4758580381045569,0.4546864867507043,0.43564427824362667,0.4396830396457573,0.43829746552961885,0.4264612651093333,0.42201641672496853,0.26467710963365904,0.24062454802218836,0
2018-11-16,0.47781579616220626,0.456656301551445,0.43758084140693454,0.4415704549516911,0.4401976822268539,0.42825831124955926,0.4235052588318898,0.26614306940594606,0.24200977646388033,0.2224318505765332,0
2018-11-17,0.4586080896390512,0.4395450969025713,0.44350878898568596,0.4420852287759086,0.43015587576643227,0.4253017803140816,0.2676399159480909,0.24347751779140792,0.22381969333560822,0.21710556691487742,0
2018-11-18,0.4414915649828504,0.44547497105401657,0.44402371663553514,0.43204086147410464,0.4271985637638379,0.26940877307617717,0.24497552825889873,0.22528886432571146,0.2184941750687492,0.23447748455027756,0
2018-11-19,0.44742328277853827,0.44599006605445995,0.43397634785799055,0.42908279530372323,0.2712643721431801,0.24674036271180258,0.2267878088200964,0.21996376462176437,0.23586359633403234,0.045710678341598615,0
2018-11-20,0.4479385379260451,0.43593943189946815,0.4310173977530035,0.27310883765766086,0.2485899731555478,0.2285494151563348,0.22146298257159483,0.2373318207249771,0.04712391619306743,-0.05961520055114232,0
2018-11-21,0.43788477895030314,0.43297952014082286,0.2749968316909028,0.2504286562901874,0.23039421984926384,0.22322364381076315,0.23883014678737186,0.04860697471397957,-0.05818682721595012,-0.021889449639415078,0
2018-11-22,0.43492394693194697,0.2769082476650324,0.252309872991207,0.2322282627393188,0.22506704152201007,0.24059389050383617,0.05011499220746861,-0.0566954917219419,-0.02046649755012065,-0.08118388834784711,0
2018-11-23,0.27880415067713804,0.25421391574306074,0.23410404076629632,0.22689972588571172,0.24244187715015467,0.051845241095866725,-0.055182066717894,-0.01897812671236414,-0.07975241556049259,-0.0859102748393163,0
2018-11-24,0.2561027629099126,0.23600216665421567,0.22877391162980884,0.244278992409658,0.05364336343615163,-0.053470506879097844,-0.017466638576999805,-0.07825938510366529,-0.0844781228632708,-0.20296552392570325,1
2018-11-25,0.23788535164586821,0.23067030523499243,0.24615837145715536,0.05543233167661661,-0.05170020723690191,-0.01574838467177408,-0.07674485274681646,-0.08298472098610271,-0.20151655093818452,-0.1705334262856217,1
2018-11-26,0.23255183250923706,0.24806041498166703,0.05725527922834541,-0.04993810350295761,-0.013968119461867427,-0.07503712006123582,-0.08146994597298436,-0.20001395034216757,-0.16908911383823905,-0.228474958823633,1
2018-11-27,0.2499473489770146,0.05909592957512691,-0.04814664293248591,-0.012196393366429257,-0.07327251796550285,-0.07976305193857383,-0.19849316562372266,-0.16758906189980216,-0.22702232009279696,-0.218035744050388,1
2018-11-28,0.060924113034345986,-0.04634024802781483,-0.01039365475086213,-0.07151591555905801,-0.07799969835674633,-0.19680704190121784,-0.16606994226986427,-0.2255177148526359,-0.2165846054500702,-0.1084227339163143,0
2018-11-29,-0.044544845500675036,-0.00857499019043299,-0.0697309029088461,-0.07624430146638218,-0.19507460942718738,-0.16437806378805564,-0.22399562046044308,-0.21508082056954655,-0.10698734686678528,-0.10304373962464214,0
2018-11-30,-0.006767846149324571,-0.06793152285127609,-0.0744607017608752,-0.19334906874628877,-0.1626370641084104,-0.22231402313827917,-0.213559262134563,-0.10549217586107949,-0.10160912554450494,-0.1687011043850521,1
2018-12-01,-0.06614283322031278,-0.07266285887973847,-0.19160046249607285,-0.16090325126963667,-0.22058832919150378,-0.21187581247558732,-0.10397624504122642,-0.10011437724394535,-0.16725705524502174,-0.11915311216964987,0
2018-12-02,-0.07087564025814329,-0.18984068983424932,-0.1591449495024096,-0.21886929496834714,-0.21014736092428044,-0.10227334562303723,-0.09859872258574157,-0.16575714729853852,-0.11771618314898227,-0.13792562654548537,0
2018-12-03,-0.18808990271657475,-0.15737462885508705,-0.21712831471761926,-0.2084256640662966,-0.10051593889262674,-0.09689486871749527,-0.16423812174139762,-0.11622016890272585,-0.136485999886889,-0.19960961381466008,0
2018-12-04,-0.1556137477851844,-0.2153768385635448,-0.20668156303116736,-0.09876628404885197,-0.09513604108145575,-0.16254591813194472,-0.11470368717710948,-0.13498851041347978,-0.1981611230763606,-0.1838566655297633,0
2018-12-05,-0.21363399083419116,-0.20492669170089214,-0.09698941440232442,-0.09338501426691044,-0.16080443442938339,-0.11300269175985087,-0.13347106489272806,-0.19665878620259306,-0.18241043851330374,-0.23478517424559464,0
2018-12-06,-0.20318059493916354,-0.0951988933137688,-0.09160653657975484,-0.15907015423705742,-0.1112481195472024,-0.13177340047499217,-0.1951381737791202,-0.1809093395758393,-0.23333162872752058,-0.2932412629337659,0
2018-12-07,-0.09341868132150061,-0.08981426606523185,-0.15731130470050766,-0.10950120160265495,-0.1300237871765758,-0.19345145458310797,-0.17938953592068702,-0.23182652760274097,-0.29177931718976285,-0.3186327264216589,1
2018-12-08,-0.08803237995024678,-0.15554038812180102,-0.10772753978332518,-0.12828165736520286,-0.19171813561779147,-0.17770002151769462,-0.2303041092392993,-0.29026962232716247,-0.3171671318870037,-0.3045338879072762,1
2018-12-09,-0.15377893677211144,-0.10594050856691631,-0.12651360755513913,-0.18999173897566082,-0.1759625412813899,-0.22862363160329666,-0.2887442027837626,-0.31565544165097403,-0.30307031939645385,-0.2698653535364994,0
2018-12-10,-0.10416363622682483,-0.12473268177821227,-0.1882421294821786,-0.1742321266791305,-0.22689960455187888,-0.2870740976103733,-0.314128718490568,-0.3015597371094705,-0.26840676694506094,-0.29786975825520473,0
2018-12-11,-0.12296165207171834,-0.18648126536794332,-0.17247780787021125,-0.225182179817531,-0.28536551221606893,-0.31246311878464383,-0.300033737794134,-0.2668989090647408,-0.29640714738961577,-0.3174655624712961,0
2018-12-12,-0.18472943377893303,-0.1707118203787612,-0.2234430859943061,-0.28366299734045897,-0.3107612407544753,-0.2983656363868702,-0.26537468965827044,-0.29489708879939547,-0.3160001356598173,-0.3018130153864305,0
2018-12-13,-0.16895508594599395,-0.22169366212995725,-0.281941378859365,-0.3090652022467211,-0.2966600340324282,-0.2637004366578246,-0.29337143162553303,-0.31448853714468966,-0.30034983786899155,-0.3453043052099499,1
2018-12-14,-0.21995277835044508,-0.2802109668388584,-0.30735117449777516,-0.2949603994631629,-0.26198567632459213,-0.29170214773348074,-0.31296187390736663,-0.29883946940019696,-0.3438348779301909,-0.36317571881550526,1
2018-12-15,-0.2784882765469587,-0.30562902061683267,-0.2932421568919082,-0.26027719917003395,-0.28999478499432335,-0.31129606709958685,-0.2973136097765207,-0.34232109172361364,-0.36170372338732365,-0.3646114559759515,1
2018-12-16,-0.3039142329966101,-0.2915154176046854,-0.2585485925030468,-0.2882934506665906,-0.3095938807534513,-0.29564502557697414,-0.3407929992241104,-0.36018853276607493,-0.3631392542302281,-0.3605753277346969,1
2018-12-17,-0.28979624195492437,-0.25681057786749867,-0.286573215865813,-0.30789754454788637,-0.293938704481654,-0.339132132129622,-0.3586595227346337,-0.36162395078240744,-0.35910370598653857,-0.2870264286518339,1
2018-12-18,-0.25508061221168743,-0.28484430918430964,-0.3061831678773856,-0.2922383759243741,-0.33743729961658553,-0.35700182674812797,-0.36009486703913074,-0.3575887197155145,-0.2855653759886588,-0.2493257780401146,1
2018-12-19,-0.2831230594347757,-0.3044606343963149,-0.2905193199531937,-0.33574806398396334,-0.3553117151161361,-0.35843742581017646,-0.35605984319012496,-0.28405616951520535,-0.24787014301588714,-0.23680323836622194,1
2018-12-20,-0.30274548351568004,-0.2887916957486827,-0.3340420096553224,-0.3536270377811743,-0.35674769343997637,-0.3544016857895925,-0.28253106904611425,-0.24636389922619295,-0.23534940284936537,-0.13929108286590997,0
2018-12-21,-0.2870716732724984,-0.33232853024956854,-0.35192632607935165,-0.35506338230533224,-0.35271088724288685,-0.28085986111101635,-0.24484073433711695,-0.23384414313618745,-0.13785125998923187,-0.1990046965844721,1
2018-12-22,-0.3306220437156686,-0.35021865904545396,-0.3533630998145405,-0.35102554665000707,-0.2791496340170679,-0.24316283678939285,-0.23232162116380223,-0.13635366321222978,-0.19755629277366837,-0.16947670365529321,0
2018-12-23,-0.3485177346924893,-0.3516558997296177,-0.34932405756596757,-0.27744553398064226,-0.24144265075818452,-0.23064150161358862,-0.13483614758791423,-0.19605400343697046,-0.16803254306050688,-0.17329194925647917,0
2018-12-24,-0.34995542222602033,-0.347615544799311,-0.27572205758606483,-0.23972893476236853,-0.22891800765042364,-0.13313872545708041,-0.1945334220704073,-0.16653257416400494,-0.171847240405288,-0.15330709039026683,0
2018-12-25,-0.3459138111177721,-0.2739896242969184,-0.23799418782638498,-0.22720109764519358,-0.13138947285519328,-0.19284659553773442,-0.16501350878700888,-0.1703469716899236,-0.15186525339269097,-0.21934848974079607,0
2018-12-26,-0.27226499974097434,-0.23624949304492412,-0.22546260711859256,-0.12964769131824833,-0.1911131167785511,-0.16332144280007935,-0.1688277104353228,-0.1503665551758679,-0.2178971624969916,-0.20885405430753373,0
2018-12-27,-0.23451313478706332,-0.2237138395951106,-0.12788004970888533,-0.18938656584572716,-0.16158016397845099,-0.16713632142650192,-0.14884831995908868,-0.2163932744551094,-0.20740423512953754,-0.2596746317333316,1
2018-12-28,-0.2219735839045692,-0.12609956802329128,-0.18763677551333158,-0.1598460816111218,-0.16539605043341118,-0.14715338483204346,-0.21487164862276578,-0.20590117178677633,-0.258217509563606,-0.1921322344423357,0
2018-12-29,-0.12432896329241938,-0.18587571466010508,-0.15808746393857304,-0.16366294118580726,-0.14540783467394186,-0.21318843189770512,-0.20438008474671254,-0.25671045251524743,-0.1906848182144507,-0.21811355498041218,1
2018-12-30,-0.1841236948006446,-0.15631679961027417,-0.1619054640740399,-0.14366962807156655,-0.21146032711898055,-0.20269500588647277,-0.2551867563081686,-0.1891830689462037,-0.21666240519854926,-0.20668287835685892,0
2018-12-31,-0.15455558965298755,-0.160136040589171,-0.14190617652233747,-0.20973896509100745,-0.2009641289162247,-0.2535106950635642,-0.18766284041706274,-0.21515861420329885,-0.20523337118004048,-0.23761899811647552,1
2019-01-01,-0.15837601806376944,-0.1401302533036598,-0.20799525649883133,-0.1992400901687968,-0.25179324276726417,-0.18597479443303364,-0.21363705177344308,-0.2037304784578819,-0.23616504537374292,-0.21231287564860898,1
2019-01-02,-0.1383640108225551,-0.20624081211665732,-0.19749324428410275,-0.25008216635870295,-0.18423950025639244,-0.21195361592125778,-0.20220950288763923,-0.23465972155455822,-0.21086255943289842,-0.18724018597081507,0
2019-01-03,-0.2044951239252418,-0.19573538676615201,-0.24835051319383908,-0.18251119642764235,-0.2102251849243487,-0.20052403877341,-0.2331371577004483,-0.20935922428066847,-0.18579347273749125,-0.21401467598913804,1
2019-01-04,-0.19398643235584742,-0.24660918420018196,-0.1807593515851023,-0.20850350791288555,-0.1987925882691586,-0.23145718289884346,-0.20783795966209198,-0.18429210790803563,-0.2125641152222153,-0.20874863304750108,1
2019-01-05,-0.24487604685130937,-0.17899605558101317,-0.20675943013919332,-0.19706799573978176,-0.2297339044253329,-0.20615349453595333,-0.182772130540376,-0.21106064633499277,-0.207298829018695,-0.21189370063847865,1
2019-01-06,-0.1772418967817492,-0.2050045841155933,-0.19532050078595883,-0.22801720248846516,-0.20442353124184,-0.1810832165100747,-0.20953929434469523,-0.20579577396040236,-0.2104434446588336,-0.15380156630042047,0
2019-01-07,-0.20325851157122551,-0.19356193713013511,-0.22627895583176805,-0.2027003747042683,-0.17934663005855203,-0.2078551311864235,-0.20427469233274606,-0.2089401424472287,-0.152359658245929,-0.16669810044442943,0
2019-01-08,-0.1918123069773433,-0.22453045362020368,-0.20095456282796692,-0.17761707845983843,-0.20612561743688154,-0.20258959476653224,-0.20741889934941535,-0.15086092117100336,-0.16525433913901164,-0.16529248364399252,0
2019-01-09,-0.22279045182134824,-0.19919783023254675,-0.17586377114824375,-0.2044028949619241,-0.20085868994839037,-0.20573435984476085,-0.14934266056745565,-0.1637545885974312,-0.16384892432777648,-0.16417552029364524,0
2019-01-10,-0.19744995232299056,-0.17409888408899343,-0.20265759183576076,-0.19913462431212794,-0.2040042858221174,-0.14764781318033632,-0.1622356658760328,-0.16234928424577696,-0.16273212148670563,-0.25362796946145194,0
2019-01-11,-0.172343202720819,-0.2009014127218179,-0.19738774691193864,-0.20228102236941795,-0.14590239364211757,-0.16054310685307283,-0.16083043368981187,-0.16123256918062306,-0.252171716205989,-0.25150699411079264,0
2019-01-12,-0.1991540644693789,-0.1956298551075247,-0.2005350851815044,-0.14416431316118034,-0.15880109404052925,-0.15913762525386452,-0.1597137759704041,-0.25066513433107757,-0.25005104564260744,-0.2580506423228267,0
2019-01-13,-0.19388086788660222,-0.19877821625657582,-0.1424010094346315,-0.15706630296034751,-0.15739524113607023,-0.15802076934020784,-0.24914174856422888,-0.2485446304433136,-0.2565937535227682,-0.2852468173812808,1
2019-01-14,-0.19703020788575334,-0.1406252470357931,-0.15530685462938754,-0.15566009153809499,-0.15627809016734825,-0.2474646143983983,-0.2470213535689491,-0.2550868240946754,-0.2837860204508629,-0.24681825806933505,0
2019-01-15,-0.13885915845211033,-0.15353528660788013,-0.1539002230005313,-0.15454265567576925,-0.2457455648264752,-0.2453438430567358,-0.2535632112644454,-0.2822769538271289,-0.24536298337941578,-0.2657363541852159,1
2019-01-16,-0.1517732118564509,-0.15212819782618128,-0.15278245322402942,-0.24403294615119148,-0.24362423321171114,-0.2518868618587645,-0.28075194472463105,-0.24385693664172395,-0.2642783609370577,-0.2596294511933175,1
2019-01-17,-0.15036568559984706,-0.15101006477643839,-0.24229948534756282,-0.24191107355868544,-0.2501689805722909,-0.2790804210148759,-0.24233390049062634,-0.26277082753175646,-0.25817233551610197,-0.25371833054148,0
2019-01-18,-0.1492472049137957,-0.2405561897803381,-0.24017697869330656,-0.24845748994763608,-0.27736972382195824,-0.2406555580079479,-0.26124682011124645,-0.2566652820182299,-0.252262064300997,-0.25891911270309664,0
2019-01-19,-0.23882117050816873,-0.23843299331509613,-0.24672535129407117,-0.2756651698763976,-0.23893470959469415,-0.2595718344601502,-0.2551415881307543,-0.2507554753251125,-0.25746209910256707,-0.24116567050757792,0
2019-01-20,-0.2366973139245433,-0.24498349412561196,-0.2739411614702451,-0.23722035402874292,-0.2578559834177438,-0.25346551886930385,-0.24923208491905738,-0.25595510142623323,-0.23971120810280583,-0.2731836131975308,0
2019-01-21,-0.24324985133698304,-0.2722081493929462,-0.23548485747419318,-0.2561464531171671,-0.2517480546381922,-0.24755496678691888,-0.2544314440080748,-0.2382056055704286,-0.27172454976729815,-0.2794536681394799,1
2019-01-22,-0.27048297096252416,-0.23373934716471487,-0.25441661209328165,-0.25003696670584474,-0.245835941084619,-0.2527552487039897,-0.2366828596274664,-0.27021643112346744,-0.2779937036931293,-0.27228753248725235,0
2019-01-23,-0.2320022084828717,-0.2526772545712583,-0.24830530003434004,-0.24412334545690775,-0.25103759683111737,-0.2350035141482744,-0.26869204135502767,-0.27648509232066804,-0.27082859782513585,-0.2771720508687707,1
2019-01-24,-0.2509460038329136,-0.24656395634648443,-0.24238991166656074,-0.24932632771924215,-0.23328117255747677,-0.26701837714738424,-0.27496038064284894,-0.2693205495992879,-0.27571241429417803,-0.27321875361754183,0
2019-01-25,-0.24483080493591844,-0.24064664548773307,-0.24759444869332878,-0.23156537523782733,-0.2653044933597615,-0.2732878289952814,-0.26779620583631186,-0.27420398222128645,-0.27175968513757914,-0.27349485691762765,0
2019-01-26,-0.23891165433895042,-0.24585287398001876,-0.22982818885243558,-0.2635968625632801,-0.2715756014942948,-0.266122382627889,-0.27267938768342964,-0.27025156373225884,-0.27203574876121456,-0.2728196588474177,0
2019-01-27,-0.2441195014883847,-0.22808084013545446,-0.2618692478840252,-0.2698695699432566,-0.2644082621331689,-0.271006431185138,-0.2687271721596833,-0.2705276056584766,-0.27136064771796053,-0.2774607043188605,0
2019-01-28,-0.226341942179529,-0.2601323124557234,-0.2681438296856018,-0.2627004027815941,-0.26929360097616406,-0.26705351418736456,-0.26900319991054805,-0.2698525576752713,-0.2760010262643424,-0.3059545648877179,0
2019-01-29,-0.2584033795531701,-0.2664089334855158,-0.26097252022062944,-0.2675869874739218,-0.265339639682373,-0.26732959093006614,-0.26832818659252405,-0.2744925715077869,-0.30449079222352377,-0.3115594618794602,1
2019-01-30,-0.26468195203352096,-0.25923529335739043,-0.2658605651309049,-0.26363201784883644,-0.2656157893600346,-0.2666544578047321,-0.2729679621502429,-0.30298009829346395,-0.31009488378332395,-0.30200628769649057,0
2019-01-31,-0.2575060815645852,-0.26412492687379396,-0.2619044136747467,-0.2639082379496361,-0.26494047787557123,-0.2712950568706897,-0.3014540260394931,-0.30858374939568534,-0.3005430824055364,-0.30913226286870565,1
2019-02-01,-0.26239723530628367,-0.26016748967526593,-0.26218071631612916,-0.2632327542485897,-0.2695823029119012,-0.2997861767174987,-0.3070573893820491,-0.29903269874854943,-0.3076680335646375,-0.30156201238635244,0
2019-02-02,-0.2584385677095853,-0.2604438821145282,-0.26150503076583925,-0.26787576303384864,-0.2980809496465779,-0.3053905345943419,-0.29750682920212607,-0.30615708991702517,-0.30009887093841386,-0.293251303053769,0
2019-02-03,-0.25871504608141815,-0.259767976967605,-0.26614942698325933,-0.29638167743636823,-0.3036867881031083,-0.2958382792968653,-0.3046308545176283,-0.2985885221945444,-0.29178935586698596,-0.3075710242082203,0
2019-02-04,-0.2580389307902995,-0.26441388260575,-0.2946638595739308,-0.30198894548260025,-0.29413200925601707,-0.3029635690471375,-0.29706267545755266,-0.2902796602153886,-0.30610701925644407,-0.3087908987885995,1
2019-02-05,-0.26268628087683626,-0.2929375823376168,-0.300272803193995,-0.29243172999493383,-0.3012591813913013,-0.29539404671997266,-0.28875424015652135,-0.30459619829786627,-0.30732671853905175,-0.30698116715803697,1
2019-02-06,-0.29121884884999194,-0.298548348854641,-0.2907127318021614,-0.2995607196873892,-0.29368765932014346,-0.28708413676465333,-0.3030700430536471,-0.3058158017173377,-0.3055172469695865,-0.32018141493214036,1
2019-02-07,-0.2968313597981999,-0.2889851704561663,-0.2978438517920236,-0.291987266741829,-0.28537555402252934,-0.3014024805565882,-0.3042895838438317,-0.3040064723645828,-0.31871559784866815,-0.32377075783325615,1
2019-02-08,-0.28726520813278145,-0.2961186080476717,-0.29026813573375504,-0.28367304170776075,-0.2996976804867057,-0.30262223780161546,-0.30248034740407226,-0.31720378590985027,-0.3223044249559294,-0.2566751458823991,0
2019-02-09,-0.29440086356581424,-0.2885404298948079,-0.2819514262281425,-0.2979988205719586,-0.300917759971647,-0.3008126802426347,-0.3156769832386007,-0.3207923309506817,-0.25521845474320237,-0.25556571262205435,0
2019-02-10,-0.28682032929810486,-0.28022101747301337,-0.2962814859471154,-0.2992192111991278,-0.29910772435715594,-0.314011658332343,-0.3192653439998435,-0.2537116334076994,-0.25410918091004897,-0.2507991656505726,0
2019-02-11,-0.2784983303059344,-0.2945557344365704,-0.2975022412535871,-0.29740871399297764,-0.31231018940099536,-0.31760065598746434,-0.25218809119650065,-0.2526024467587153,-0.24934331889837827,-0.26128105093383097,0
2019-02-12,-0.2928375040450863,-0.29577688648640194,-0.29569120303143465,-0.3106145459030244,-0.3159001352105962,-0.25051149772239634,-0.2510789615066621,-0.24783695932337338,-0.2598236979193034,-0.26000093563343296,0
2019-02-13,-0.294059035760639,-0.2939652596799647,-0.30890098113171144,-0.31420540721341933,-0.24879325308721315,-0.24940217117444988,-0.24631371878945924,-0.25831651463142374,-0.258543766573357,-0.2653874600151074,1
2019-02-14,-0.2922468457052615,-0.3071793309352402,-0.31249291546968366,-0.24708141162728894,-0.24768363347333663,-0.24463608267999154,-0.25679273594956403,-0.2570366838825957,-0.2639295169035546,-0.2692001955862926,1
2019-02-15,-0.3054650253186183,-0.3107724326456498,-0.24534886177154755,-0.2459715090404397,-0.24291628585625138,-0.2551169597483738,-0.255512970922827,-0.26242201091589934,-0.26774170457902996,-0.268213753795986,1
2019-02-16,-0.30905924415244607,-0.24360655724637809,-0.24423862752162898,-0.24120294566390824,-0.2533999318009317,-0.2538369675776661,-0.2608980214078808,-0.2662338989697615,-0.26675540454185964,-0.26595974685528534,1
2019-02-17,-0.24187248635730638,-0.24249596217225158,-0.23946863919448963,-0.2516892651269916,-0.25211960147722784,-0.259222973848918,-0.2647097137130051,-0.26524767645154707,-0.2645017215052718,-0.25490306470184826,1
2019-02-18,-0.240761545990487,-0.23772442360716917,-0.24995809219824622,-0.2504086082960115,-0.25750703064324404,-0.26303534268677065,-0.26372354183946084,-0.2629941705447872,-0.25344662821332375,-0.1941929690729763,1
2019-02-19,-0.23598852391675343,-0.2482172856649807,-0.2486770526791092,-0.2557974113534293,-0.2613204066465892,-0.26204899577875485,-0.26147015165512794,-0.25193994613579246,-0.1927452567144937,-0.18631649493052785,1
2019-02-20,-0.24648464828742808,-0.24693582981021914,-0.25406746602826186,-0.25961175983628937,-0.2603337991618528,-0.2597952056428815,-0.2504164949045864,-0.1912433455046111,-0.18486991443296522,-0.17308110673641358,0
2019-02-21,-0.2452027940180209,-0.25232799503437225,-0.2578829543215344,-0.25862490074888717,-0.2580794136114881,-0.24873958699196586,-0.18972301117579024,-0.1833686221912342,-0.1716364281836027,-0.18455194383997942,1
2019-02-22,-0.2505966357085065,-0.25614472335473043,-0.2568958003391407,-0.2563699402896322,-0.2470208742469487,-0.18803533084901589,-0.1818486922465736,-0.17013617603717543,-0.183105616911004,-0.17164787960596806,0
2019-02-23,-0.2544145506795445,-0.2551572485490025,-0.254640166048582,-0.24530858079852055,-0.186300581032394,-0.18015961431630914,-0.16861692560738964,-0.18160446333549685,-0.17020340701000397,-0.1372604685952787,0
2019-02-24,-0.2534267688601779,-0.25290088118120685,-0.24357550118231094,-0.18457280281633762,-0.17842278386419316,-0.16692549918662064,-0.18008462398422845,-0.16870326749289938,-0.13582093752085816,-0.22061856492119086,1
2019-02-25,-0.25116969997012384,-0.24183262031802205,-0.18282157402669333,-0.1766929966680724,-0.16518517249774228,-0.17839523295158874,-0.1671840906460822,-0.13432350031850063,-0.21916705516571477,-0.20247857810555198,0
2019-02-26,-0.24009799789808794,-0.18105894824132523,-0.17493941322070958,-0.16345200947246935,-0.1766579363787741,-0.16549240991314212,-0.13280608894746287,-0.21766306731571125,-0.20102967509286387,-0.20959200312776313,1
2019-02-27,-0.17930543081152026,-0.17317422574673413,-0.16169446932971146,-0.1749276991147804,-0.16375170462551708,-0.13110830650393832,-0.21614137627674396,-0.19952711276320173,-0.208142077905436,-0.2104228230580214,1
2019-02-28,-0.17141825689505066,-0.15992497727191615,-0.1731735881580562,-0.16201817604013682,-0.12935851749857297,-0.21445838491413263,-0.1980063530449248,-0.20663895657139483,-0.2089727784456482,-0.20948407183772963,0
2019-03-01,-0.15816488912527882,-0.17140782679399438,-0.16026020743671696,-0.12761621803145842,-0.2127306156362239,-0.19632014291863506,-0.20511783164447855,-0.20746959182210473,-0.20803416212528764,-0.2082817674673559,0
2019-03-02,-0.16965130875506407,-0.15849024924629104,-0.1258479693736269,-0.21100957755468563,-0.19458758181385705,-0.20343288372605717,-0.2059484242402627,-0.20653104927296426,-0.20683203052782043,-0.20706691294697824,0
2019-03-03,-0.15672971503149163,-0.12406682726544416,-0.2092662486491907,-0.19286191693215138,-0.2017022016910657,-0.20426362374273208,-0.20500992988732233,-0.20532901215788857,-0.2056173505838243,-0.21139420466832345,1
2019-03-04,-0.12229559053957553,-0.20751221733726377,-0.19111316511036205,-0.19997835116547938,-0.20253316117566558,-0.20332496281754658,-0.2038079544994655,-0.20411442768253021,-0.20994402046698404,-0.23288508153500392,1
2019-03-05,-0.20576692443567315,-0.1893532340777323,-0.1982317258892523,-0.20080952255970363,-0.20159425227161623,-0.20212277409250945,-0.20259343239566024,-0.20844075750798016,-0.2314318090630473,-0.19904485706448452,1
2019-03-06,-0.18760229540625137,-0.19647410837654394,-0.1990631456555941,-0.19987037421698503,-0.20039174594798073,-0.2009080364246222,-0.20691954005466903,-0.22992685725595116,-0.19759644748256075,-0.19714727438389468,1
2019-03-07,-0.19472538364056446,-0.1973057983528695,-0.19812371667489373,-0.19866756123259402,-0.19917668736626967,-0.20523491191932794,-0.22840453644471131,-0.1960941549898748,-0.19569913748739332,-0.19525471176330636,1
2019-03-08,-0.1955573321958071,-0.19636606405937782,-0.19692054426378278,-0.1974521927890757,-0.2035047059507115,-0.22672372165579535,-0.19457357156144214,-0.1941969941151416,-0.1938068468308374,-0.1978525928141139,1
2019-03-09,-0.1946173057315753,-0.19516250061931756,-0.19570481264169984,-0.20178131509615327,-0.22499919267924404,-0.19288675215485462,-0.1926765081100439,-0.1923048521845214,-0.19640435456231664,-0.18224522626926234,0
2019-03-10,-0.19341336809423018,-0.1939463738865635,-0.20003522858482162,-0.22328128330566457,-0.19115328400439274,-0.1909893519959234,-0.190784463345025,-0.19490215576302522,-0.18079923081899485,-0.18518447140017602,0
2019-03-11,-0.19219686325816537,-0.19827819720736503,-0.22154162145315576,-0.18942674331493434,-0.18925538258337307,-0.18909697141413218,-0.19338163354634402,-0.17929825851554995,-0.1837380535760598,-0.19682348051379403,1
2019-03-12,-0.1965300333767102,-0.21979157961612503,-0.18767696498844172,-0.18752835789489342,-0.18736250206558358,-0.19169460258409757,-0.1777785375929123,-0.18223685029374126,-0.19537539014694807,-0.19583703872348743,1
2019-03-13,-0.21805010446428585,-0.185915917196725,-0.18577801228948582,-0.1856349946585034,-0.18996081948721769,-0.17608873725574503,-0.18071697846802787,-0.19387327221984982,-0.19438909010977773,-0.19644948604367782,1
2019-03-14,-0.18416390983654754,-0.18401634734143157,-0.18388408327491867,-0.1882339746978451,-0.17435083134449222,-0.17902769967123247,-0.19235280283857514,-0.19288704970163534,-0.19500144942038733,-0.19201928309230065,1
2019-03-15,-0.18226374939013232,-0.18212180280321563,-0.18648383994610832,-0.17262000572719094,-0.17729057018578068,-0.19066558927039148,-0.19136663096503084,-0.19349936088342756,-0.19057188309569079,-0.18284763346944963,1
2019-03-16,-0.180368615823205,-0.18472240439081974,-0.17086520518141532,-0.17556049425479406,-0.1889315343250245,-0.18967924236237566,-0.19197891070331286,-0.1890701427036601,-0.18140155145238135,-0.1608045500025974,1
2019-03-17,-0.18297002595817818,-0.16909869359688498,-0.1738065723910415,-0.18720442704941023,-0.1879449268402881,-0.1902916307734593,-0.18754991997352718,-0.17990053180911608,-0.15936163560904706,-0.166703120504431,1
2019-03-18,-0.16734145763038735,-0.17204101674575886,-0.18545398464641003,-0.18621756796200806,-0.18855747703437384,-0.18586185394738303,-0.17838077995843557,-0.15786234820870942,-0.16525935847762319,-0.16487581866386292,1
2019-03-19,-0.17028469557053583,-0.1836922143899331,-0.1844668306640163,-0.18683027436741811,-0.18412652993371273,-0.17669108651254864,-0.15634372806666355,-0.16375960754154426,-0.16343231922301743,-0.15516702262084495,0
2019-03-20,-0.18193951566316466,-0.1827047395842052,-0.18507972015944654,-0.18239819729549708,-0.17495333973211755,-0.15465012329067787,-0.16224068456241214,-0.16193271188439368,-0.15372491834827173,-0.1510781837495739,0
2019-03-21,-0.18095173384379806,-0.18331782826765972,-0.18064631868635497,-0.1732226677652992,-0.15290655364826172,-0.16054812643021285,-0.1604138827203249,-0.1522260739697532,-0.1496366670491609,-0.1656740082041111,0
2019-03-22,-0.18156501314131832,-0.17888298594676955,-0.171468047308068,-0.1511702593541886,-0.15880611494375946,-0.15872100035124198,-0.15070774326264172,-0.14813814398967323,-0.1642303940622546,-0.16701938428452937,0
2019-03-23,-0.17712879199327217,-0.16970173164618452,-0.14940904915696887,-0.1570713251439984,-0.15697850616796266,-0.14901313816242445,-0.1466200232066526,-0.16273072399836883,-0.16557557681015114,-0.16404248870360394,0
2019-03-24,-0.16794468316893188,-0.14763556435889993,-0.1553118783137763,-0.15524325029507005,-0.14726807932073493,-0.1449246925818702,-0.16121185385464326,-0.16407580102066652,-0.1625991090134995,-0.16747118968466973,1
2019-03-25,-0.14587165533769036,-0.15354031192495762,-0.15348325719626313,-0.1455303471142257,-0.14317855363972823,-0.15951911311650677,-0.16255686180431192,-0.1610995671616273,-0.16602731728519096,-0.18230546698928102,1
2019-03-26,-0.15177823873593876,-0.15171109650874906,-0.14376745158837756,-0.14143977853056602,-0.15777682978156626,-0.1608643597900348,-0.1595807807813511,-0.16452750599084104,-0.18085946288233343,-0.17678089095756372,1
2019-03-27,-0.14994845460235368,-0.141992133280872,-0.13967566065372256,-0.15604177749556353,-0.1591224318472628,-0.1578877505459971,-0.1630085435784543,-0.1793584858449065,-0.17533568074031816,-0.15118109497960588,1
2019-03-28,-0.14022646967281124,-0.13789901252125158,-0.154282023014078,-0.1573877227140053,-0.15614503623174775,-0.1613161217326374,-0.17783876182946454,-0.173835137848494,-0.14973956349069772,-0.15568910886100723,1
2019-03-29,-0.13613207632994034,-0.15251012192407098,-0.155628370430269,-0.1544095678090204,-0.1595743131379817,-0.17614897218142533,-0.17231569746897837,-0.14824103234399075,-0.15424692956387334,-0.14834476107872427,1
2019-03-30,-0.15074772844092524,-0.15385690690083992,-0.152649325587727,-0.1578397192425864,-0.1744110821832547,-0.17062492753882263,-0.14672290627742945,-0.15274804415751048,-0.1469036371751697,-0.14626394620807745,1
2019-03-31,-0.1520949321436747,-0.1508768938738848,-0.15608050202525844,-0.17268027193100172,-0.16888557817840774,-0.14502759391324077,-0.15122968664609518,-0.14540532892011704,-0.1448231213206805,-0.1465802099881758,1
2019-04-01,-0.14911399260736719,-0.1543091854378145,-0.17092548939408053,-0.16715335882318416,-0.14328148215594752,-0.14953517418498752,-0.14388734847309084,-0.14332497658525745,-0.14513933965320847,-0.13333227164405748,1
2019-04-02,-0.152547351297583,-0.1691589974018149,-0.16539692472423667,-0.14154273329540948,-0.14779025325667686,-0.14219153282912403,-0.1418071029688459,-0.1436411700643797,-0.13189330505731692,0.04781659351225333,1
2019-04-03,-0.16740178018424173,-0.16362863595803068,-0.13977864618369235,-0.14605265421391947,-0.14044467183087847,-0.1401109181045817,-0.1421232802107457,-0.13039617655003816,0.04922952874061448,0.07119501293952069,1
2019-04-04,-0.1618696993078398,-0.13800203152134022,-0.14428991476480987,-0.13870519953264995,-0.13836350744195608,-0.14042715146440363,-0.12887896685561315,0.05071242176940451,0.07260458865462223,0.05858964227560219,1
2019-04-05,-0.13623512735944165,-0.14251476625693155,-0.13694026450403607,-0.1366235044093511,-0.13867982434545942,-0.1271804873918649,0.052220331143610424,0.07408564450388276,0.0600010294010097,0.08717386392448774,1
2019-04-06,-0.1407492651395498,-0.1351627273725551,-0.13485794732488998,-0.13693990197935796,-0.12542966072093284,0.0539509537061093,0.07559235361229236,0.06148307583601182,0.08858114345519905,0.0929820733462931,1
2019-04-07,-0.13339494044879463,-0.13307973344393306,-0.1351744394413827,-0.1236863593246275,0.05574963234122516,0.07732712444722802,0.06299043211371808,0.09006094361572382,0.09438851822876705,0.12789157059714484,1
2019-04-08,-0.1313112989010721,-0.13339632841981536,-0.12191693633941245,0.05753913771817007,0.07913197868431711,0.0647229662486132,0.09156683235779679,0.09586786195452361,0.1292929989335146,0.15070021321423518,0
2019-04-09,-0.13162799230880803,-0.12013451665230347,0.05936271482943546,0.08092744698042063,0.06652449067325764,0.09330443848394274,0.09737345249871673,0.13076959931667972,0.15209836391511106,0.12941264877761777,0
2019-04-10,-0.11836205734031635,0.06120405008913653,0.08275801302794808,0.06831674383300572,0.09511351366607816,0.09911208923495703,0.13227339758078963,0.15357317189432682,0.1308138585328156,0.15943009755694884,0
2019-04-11,0.06303288897950794,0.08460695171903508,0.07014354152774081,0.09691305754124156,0.10092269870343196,0.13401822866672403,0.15507579914541428,0.13229033938293427,0.16082699376060366,0.0941542573566575,1
2019-04-12,0.08644306675452318,0.07198838053744278,0.09874840043741023,0.102723724025335,0.1358380597663181,0.15682467740244949,0.13379405955373597,0.16230111570692232,0.09556053379456497,0.10044188250861208,1
2019-04-13,0.07382057236047909,0.10060253597670453,0.10456080327521963,0.1376479891337073,0.15865053359278125,0.13553916054015316,0.16380329475912211,0.09703978540492102,0.10184725540553659,0.1022114536591622,1
2019-04-14,0.10244362416441648,0.10641682783536716,0.1394955045147421,0.1604662805515806,0.1373593934450721,0.1655537220489612,0.09854531576829743,0.10332601290651734,0.10361657226610947,0.12006529705471217,1
2019-04-15,0.10825972373188306,0.14136288279227371,0.16232061453512917,0.13916971077993068,0.16738188431011783,0.10028416049715401,0.1048312204584465,0.10509519070636784,0.12146785003810182,0.09481188521686189,1
2019-04-16,0.14321664369053785,0.1641954109338766,0.1410176808845402,0.16919985792049905,0.10209507960768621,0.10657118086504133,0.10660030740717112,0.1229450654444335,0.09621806715267853,0.13709334058000544,1
2019-04-17,0.16605627064367984,0.14288555386675508,0.1710568016872041,0.10389640390782062,0.10838376090352532,0.10834058180690187,0.12444926551536677,0.09769726708373067,0.13849344660849353,0.1412047697212833,1
2019-04-18,0.14473978817536284,0.17293443733164193,0.10573383357999798,0.11018668893057539,0.11015362929217469,0.12619270790541778,0.09920276368399362,0.13996932387590227,0.14260428493135618,0.15286385907490774,1
2019-04-19,0.17479801407308743,0.10759023937296247,0.11202599827693531,0.11195700866751838,0.12801047163041956,0.10094172510249788,0.14147264971415763,0.1440798391044908,0.15426169885669086,0.15422429533533066,1
2019-04-20,0.10943350009230095,0.11388444901252616,0.11379684702397759,0.12981840482195126,0.1027528179308438,0.1432191135643988,0.14558295385885367,0.15573633680705173,0.15562193962042206,0.16277847757798974,1
2019-04-21,0.1157296666508594,0.1156558732823435,0.13166358055264624,0.10455430996608876,0.14504137538729475,0.147330147242083,0.1572388529749186,0.15709647066168855,0.16417489261451032,0.15691504749616692,1
2019-04-22,0.11750164167033397,0.13352841346845776,0.10639193623492711,0.14685365176581078,0.14915349513283724,0.1589881151498023,0.15859891698372533,0.16564875143032734,0.1583123051162149,0.17821014202278662,0
2019-04-23,0.13537973856894714,0.10824855591011441,0.1487039179993619,0.1509668201758993,0.16081454288500208,0.16034842055475038,0.1671507585741556,0.1597866247062837,0.17960433950642765,0.22163115100628417,0
2019-04-24,0.11009202130521202,0.15057428899532393,0.15281831551376618,0.16263084170511932,0.16217520766038923,0.16890178000136108,0.1612889328830624,0.18107698563384578,0.2230191088270652,0.19465083852789727,0
2019-04-25,0.15243091379180554,0.15469002368179288,0.16448582250669,0.16399185347451375,0.1707308267646685,0.16303891390180617,0.18257820050430967,0.2244883427396797,0.19604267345926749,0.13080822545805168,1
2019-04-26,0.15654792809237167,0.16636132259427733,0.1658472409760473,0.1725496544156507,0.16486641179178207,0.18433196012981248,0.22598732834258825,0.19751402760408757,0.13220923466682774,0.14808476195342216,1
2019-04-27,0.1682228557029522,0.16772318352227872,0.17440759917451526,0.16668374391139706,0.18616508329433648,0.22774879260249994,0.1990143983967153,0.13368560584636252,0.14948328849849132,0.1453086687725591,1
2019-04-28,0.16958514004416525,0.17628632382233175,0.1685399358084291,0.18798784695852325,0.22959338578404506,0.20077107526340998,0.13518925436719828,0.15095830201142726,0.14670759424630178,0.1495380693238739,1
2019-04-29,0.1781509426914974,0.1704167534758164,0.18985040498560116,0.23142722444699979,0.20260854137327697,0.13693460298508153,0.15246106354176742,0.14818282591691,0.15093638702653625,0.14005266595092533,1
2019-04-30,0.17227954744966395,0.19173414851855408,0.233302763106287,0.2044354984152272,0.1387552045430708,0.15420947771249396,0.14968572997398097,0.1524112863321555,0.1414523467200047,0.1660013560989914,1
2019-05-01,0.19360357023721267,0.23520062858035493,0.2063029713588304,0.14056587783488153,0.15603464300984138,0.1514336515540574,0.1539139732485923,0.1429279914305458,0.16739730800312788,0.17904598201304645,1
2019-05-02,0.23708356436755268,0.2081920619473532,0.142414265144619,0.15784972286946064,0.15325808352353468,0.15566264529453258,0.14443116533479064,0.16887091355090583,0.1804400593852514,0.20479386976105024,1
2019-05-03,0.21006660055999016,0.14428259201429905,0.1597032749685788,0.15507245531051175,0.1574881944949874,0.14617815428844633,0.17037275522970485,0.18191263982866873,0.20618424712391262,0.2708101688115717,1
2019-05-04,0.14613726067299107,0.16157722073650121,0.15692517750158763,0.15930364503639677,0.14800119784150403,0.17212434852526,0.18341381178647317,0.2076548041845069,0.2721910595351555,0.28659323745647797,1
2019-05-05,0.16343726643049905,0.15879822039264588,0.16115763159912835,0.1498142290280175,0.17395424663846365,0.18516771972362744,0.20915465422621315,0.2736564287431832,0.28797186012988174,0.2776926710737112,1
2019-05-06,0.1606574020737063,0.16303205003043628,0.15166537994654314,0.17577389631952958,0.18700106368216657,0.2109131308748401,0.2751528894579935,0.2894359890346153,0.27907257277159625,0.2654186243698959,1
2019-05-07,0.16489254804223769,0.15353671341250777,0.1776328045521069,0.18882404053639842,0.21275327634991795,0.27692308005480165,0.2909316394347029,0.280537401122176,0.26680028986634646,0.2861740624463477,1
2019-05-08,0.15539425924990546,0.17951257738608392,0.19068684843633174,0.2145828204818746,0.2787806642788056,0.2927046305830553,0.28203350848409675,0.2682660827657666,0.287552745355817,0.32456748133828245,1
2019-05-09,0.18137819932271038,0.19257086381195712,0.2164533256663448,0.28062704658306104,0.2945663840345885,0.28380492031378246,0.2697628202865604,0.28901690720117557,0.3259406470569831,0.37277762756326865,1
2019-05-10,0.1944405456719432,0.21834571510243364,0.2825172872208948,0.29641679198149684,0.2856643226074247,0.2715320542064098,0.29051257912202627,0.32740179177778905,0.3741438654130433,0.42406256053921093,1
2019-05-11,0.22022341056523342,0.2844311473300437,0.2983117509391949,0.28751246036844763,0.2733882142095593,0.29228549589186276,0.3288954925513754,0.37560122156747355,0.4254214286686806,0.6313709583636536,1
2019-05-12,0.2863293892704808,0.3002307442216909,0.2894047585179016,0.2752332213419924,0.29414713861486586,0.33067522185881043,0.3770924471955639,0.426874754626402,0.6327000359714208,0.5730378611455204,1
2019-05-13,0.3021338983803472,0.29132085704329064,0.27712185018735347,0.29599743964664654,0.33254700651951835,0.3788807309230863,0.4283633472471109,0.6341370707189531,0.5743753213051614,0.7845204388612607,1
2019-05-14,0.29322124104835195,0.2790339567888132,0.2978922732927324,0.3344071002087448,0.38076525069084804,0.43016073098563057,0.6356150199691821,0.5758169401253012,0.7858275086634088,0.8295754773752662,0
2019-05-15,0.2809305207005075,0.29981113024572,0.3363134114980628,0.3826376409001818,0.43205879809068215,0.6374491885603,0.5772978842410129,0.7872525082478542,0.8308760727021073,0.88247435964171,0
2019-05-16,0.30171415394310996,0.3382447552544087,0.3845583645256374,0.4339442690777965,0.6394020178854689,0.5791217021931538,0.7887225946875225,0.8322975316624862,0.8837673533213591,0.8020881388367216,0
2019-05-17,0.3401597282663472,0.38650538780814064,0.43588032424133527,0.6413403651254443,0.5810591223504188,0.790583938159758,0.833765304942283,0.8851846552537603,0.8033926841345426,0.666293005764509,1
2019-05-18,0.38843536542811613,0.43784402707183906,0.6433383947600756,0.5829825911019633,0.7925772231811259,0.8356346429915252,0.8866497126647942,0.8048163031714758,0.667617065022697,0.6480475976888375,1
2019-05-19,0.4397899662762062,0.6453695211041103,0.5849631821625415,0.7945546328553361,0.8376398296722681,0.888528437104589,0.8062854876720945,0.6690513554413917,0.6493742788390036,0.8805968572011265,0
2019-05-20,0.6473799816073262,0.5869753366636077,0.7965984462505461,0.8396287311221813,0.8905475974606148,0.8081499483612922,0.6705275117672033,0.6508100030625081,0.881890120680638,0.8255318190440093,0
2019-05-21,0.5889676419582653,0.7986793818458168,0.8416860136397774,0.8925499913435608,0.8101478740352487,0.6723678769349168,0.6522870961214176,0.8833075701554794,0.8268329954505005,0.8217717941028403,0
2019-05-22,0.8007375075835501,0.8437816026163426,0.8946230878864653,0.8121297645416675,0.6743299312064304,0.6541242238194788,0.8847727239589135,0.8282547721794238,0.8230735108304463,0.7506726843007389,1
2019-05-23,0.8458537509871922,0.8967358813204558,0.8141788297690546,0.6762771856929437,0.6560814584162292,0.8866511152542179,0.8297227530637081,0.8244955830387485,0.7519846180750049,0.801320069656483,1
2019-05-24,0.8988244935906327,0.8162654789585138,0.6782856552105698,0.6580240592137405,0.8886697796525161,0.8315913736052313,0.825963756965567,0.7534122775656082,0.8026247253269748,0.8278059062247161,1
2019-05-25,0.8183290723513545,0.6803281393537105,0.6600270742995771,0.8906716946581236,0.8335954921203335,0.8278317103273489,0.7548841017746842,0.8040484047221792,0.8291067558415345,0.844163771739801,1
2019-05-26,0.6823494687647006,0.6620636244355517,0.8927442299250645,0.8355833621913799,0.8298348356009054,0.7567394392931073,0.8055176286560525,0.8305283538626358,0.8454622707072836,0.9999563138282296,0
2019-05-27,0.6640792752660336,0.8948564127334725,0.8376394358646213,0.8318217466368542,0.7587237831514292,0.8073819530588677,0.8319962179935583,0.8468825832550122,1.001232425178255,1.033229271518573,0
2019-05-28,0.896944440662169,0.8397337097104197,0.8338766962574308,0.7606925595891294,0.8093796758410265,0.8338652420496647,0.8483496075607045,1.0026404948594345,1.0345006014956362,1.0116881940518765,0
2019-05-29,0.8418045995597122,0.8359697472193752,0.7627262542592488,0.8113613704430795,0.8358699612836188,0.8502215341604518,1.004099520657778,1.0359060564407363,1.012962619513457,0.9965100426371584,0
2019-05-30,0.8380394668232967,0.7647961814508005,0.8134102060575726,0.8378584113852383,0.8522305744592609,1.0059990911241354,1.0373633739801797,1.0143697672516345,0.9977866492214231,0.9111640025506281,1
2019-05-31,0.76684377263658,0.8154966054456569,0.8399151648927351,0.8542231968117023,1.0080492853056238,1.039268848408253,1.0158281907263436,0.9991949897258252,0.9124528734863909,0.9751772976605271,0
2019-06-01,0.8175599597897104,0.8420101783465253,0.8562848404735496,1.0100816442337939,1.0413278319154615,1.017729842900385,1.0006541924583472,0.9138679208598463,0.9764569697916238,0.9725467862197095,0
2019-06-02,0.8440817759677176,0.8583851740435458,1.0121898617947085,1.0433686774719726,1.0197831361546263,1.002553151417505,0.9153315053228392,0.9778669867174153,0.9738268363591696,1.017461263053671,0
2019-06-03,0.8604618627789452,1.0143408642265537,1.0454868419234915,1.0218184874259517,1.0046024352380842,0.9172153204598589,0.9793272846892549,0.9752370600021767,1.0187348589167442,0.883433191102008,0
2019-06-04,1.016466040805533,1.047648665816197,1.0239302122112692,1.00663391515745,0.9192420594212696,0.9812224583609487,0.97669749302647,1.020141552981643,0.884726046996166,0.7576254674029003,1
2019-06-05,1.0497841980511422,1.0260850302366618,1.0087411024618165,0.9212517709084653,0.9832661069613032,0.9785921999395731,1.0215996800626082,0.8861432735793531,0.7589364020520076,0.7868572767919869,1
2019-06-06,1.0282138581686875,1.0108909840528528,0.9233334441682988,0.985292145732942,0.9806351536686729,1.0235023566114192,0.887608281763252,0.7603635151621839,0.7881640107870872,0.7863025601618147,1
2019-06-07,1.0130150880371098,0.9254555684183448,0.9873929556517287,0.9826605214998695,1.0255571748693688,0.8894871763383345,0.7618349824100987,0.7895888267324792,0.7876093738705107,0.8420076559691307,0
2019-06-08,0.9275531098638151,0.9895358991320341,0.9847605450320122,1.027593998624489,0.891506589977585,0.7636915536320487,0.7910587931971147,0.7890342334079873,0.8433064647736211,0.8194625665021226,0
2019-06-09,0.9916533636534021,0.9869026329834264,1.0297074492583576,0.893509228420883,0.7656777341252714,0.7929205513184417,0.7905042283521956,0.8447269467584568,0.8207646150691315,0.7526832183313639,1
2019-06-10,0.9890192788017578,1.031864144875782,0.8955826116047207,0.7676482839456289,0.794914453634789,0.7923658880444687,0.8461940817607692,0.8221868687467452,0.7539948631889324,0.8310589051057272,1
2019-06-11,1.0339947695797391,0.8976957168822575,0.7696840571376986,0.7968924593448308,0.7943596438278508,0.8480656257788088,0.8236551612310612,0.7554223646828852,0.8323592872618215,0.812831067240061,1
2019-06-12,0.899784627572816,0.7717562456031326,0.7989369713335194,0.7963375080514064,0.8500740965218853,0.8255227048429352,0.7568940856696181,0.8337806296478928,0.8141340687632684,0.8675873717070822,1
2019-06-13,0.7738060007272815,0.801018666945391,0.7983818542085603,0.85206616893364,0.8275252201150084,0.7587497799376892,0.8352483267673839,0.8155568435734049,0.8688825046687952,0.8889376868937191,1
2019-06-14,0.803077519985154,0.800463369408328,0.8541271680285718,0.8295115421574393,0.7607346548951287,0.837117928036404,0.817025476523926,0.8703009764865077,0.8902297517837351,1.0051294856598378,1
2019-06-15,0.8025220498017445,0.8562268003587612,0.8315658014385956,0.7627039441413157,0.8391235065767955,0.8188918434409559,0.8717667982068006,0.8916465457993135,1.0064048536174617,1.0414119693211161,1
2019-06-16,0.8583028180389046,0.8336581013637271,0.7647382398569522,0.8411127863910227,0.8208926069478999,0.8736428810958305,0.8931112713782209,1.0078125167679337,1.042682123432469,1.0805960476632968,1
2019-06-17,0.8357271022588761,0.7668088209403378,0.8431705123766595,0.8228772375545977,0.8756581089314245,0.8949911426723772,1.0092712769717092,1.044086935345009,1.0818605709649551,1.1623878852687224,1
2019-06-18,0.7688570378714723,0.8452665838127427,0.8249295143610273,0.8776567057268109,0.8970120103695113,1.0111717653669363,1.0455438327785371,1.0832623036194282,1.163640654963007,1.1025010794801062,1
2019-06-19,0.847339193875858,0.827019657504355,0.879725351831561,0.899016052794097,1.0132233260843562,1.0474507591465012,1.0847171893126357,1.165035960053367,1.1037624549964717,1.1506334147750683,1
2019-06-20,0.8290865944553986,0.8818333035271416,0.9010910815370096,1.0152570044860485,1.0495119041807048,1.0866310685130038,1.1664866464915564,1.105162466256726,1.151887873604053,1.2142978157148585,1
2019-06-21,0.8839172824693512,0.9032059770577319,1.0173667685573384,1.0515548368229424,1.0887025643441157,1.168415038855509,1.1066162273289752,1.1532841024126583,1.2155431258757825,1.3692670679630312,1
2019-06-22,0.9052966009312665,1.0195194534749135,1.05367544747719,1.090755491310058,1.170508140673941,1.1085339933635237,1.1547353923342838,1.21693435165437,1.370490108814459,1.5091083693965017,1
2019-06-23,1.0216462401177844,1.055839932652515,1.0928878159737523,1.172581929534204,1.1106112755891409,1.1566616989821292,1.2183823729973335,1.3718691564242522,1.5103113148472174,1.5476825104484928,1
2019-06-24,1.0579780116163715,1.0950650451009094,1.1747387057200194,1.1126697896707687,1.1587516957604023,1.2203199762719867,1.3733092215281921,1.5116793731094555,1.5488799127383994,1.5867712076506435,1
2019-06-25,1.0972153194589487,1.1769425362445505,1.1148086628041602,1.160822486515617,1.222426790525936,1.3752743225847055,1.513112258654848,1.550244939674139,1.5879629928372658,1.7825083671714892,1
2019-06-26,1.1791182669548308,1.116993016168563,1.162975748723709,1.2245138195763556,1.3774220732425444,1.515102173185945,1.5516758447938541,1.58932494801041,1.7836720246403734,2.0900648531970942,0
2019-06-27,1.1191501081042738,1.165175756307594,1.226686114142119,1.3795486288796992,1.5172868640749129,1.5536726039299338,1.5907538462867445,1.7850185979223785,2.0911843143465436,1.629870932794041,1
2019-06-28,1.167347828633981,1.2289068274843968,1.3817672512235193,1.5194490877510503,1.555867484495853,1.5927575413307755,1.7864374469043898,2.0925067184804997,1.6310565244867636,1.9372291264495847,0
2019-06-29,1.2310987142991605,1.3840383656666957,1.521709515399355,1.5580395469245811,1.5949627474978896,1.7884758735976762,2.0939097772791,1.6324150926930083,1.9383705503177782,1.8247898225346326,0
2019-06-30,1.3862784840897375,1.524026110835961,1.5603115062426811,1.5971447799223293,1.7907327853470403,2.09600277687017,1.633841778196744,1.9397049649586646,1.8259474040961885,1.5380916858155111,1
2019-07-01,1.5263097525436158,1.5626406472594396,1.5994284247358566,1.7929647426546478,2.098340932197522,1.635853120866501,1.94111587045947,1.82729065471455,1.5392904663210252,1.4793494537072507,1
2019-07-02,1.5649362945284164,1.6017702786833614,1.7953069027384767,2.1006513351189824,1.6380697121808645,1.9431817508419638,1.8287073329345538,1.5406562469461549,1.480556675557924,1.5342061593743035,1
2019-07-03,1.6040780916607238,1.7977124168520044,2.1030854386588054,1.640262737657148,1.9454795333537533,1.8307532620595772,1.5420876444660858,1.4819270724072893,1.5354054982356822,1.8252667282347808,0
2019-07-04,1.800081149772301,2.1055909802633304,1.6425592670556608,1.947750953867272,1.8330213428034912,1.5440827018039067,1.4833614857979986,1.5367715842026535,1.8264242412642862,1.6380611606865874,1
2019-07-05,2.1080554350364604,1.6449151384522023,1.9501393674426328,1.83526408445437,1.546275048874535,1.4853461198998483,1.538203181208461,1.8277674544052898,1.6392455754315145,1.5785784697280965,1
2019-07-06,1.6472363655038398,1.9525952018389672,1.8376188845029113,1.5484446650595327,1.4875229497262228,1.540197549097524,1.8291841081405928,1.6406035000134511,1.579771432223209,1.6363317500160492,1
2019-07-07,1.9550120890282288,1.840038149937214,1.5507137572179315,1.4896775830685032,1.542388869774352,1.83123012188788,1.642029765024671,1.5811340312179105,1.6375164132798339,1.697149776934955,1
2019-07-08,1.8424200422588946,1.5530397789828834,1.4919291143427125,1.5445574949137346,1.8334983286103612,1.6440425609704599,1.582563350115628,1.6388744737665049,1.6983257005588126,1.9067648923301146,0
2019-07-09,1.5553324412668388,1.4942360312005647,1.5468254255010219,1.8357411919012054,1.6462613158009538,1.5845655914382466,1.6403008275669808,1.699678981696117,1.9079106939535615,1.9790161059025742,0
2019-07-10,1.4965104109395162,1.5491501835649015,1.8380961345198448,1.6484564302835947,1.5867686334261852,1.6423133166457191,1.7011022130529336,1.9092475026086149,1.9801515249203547,1.8742725539700145,0
2019-07-11,1.5514416365432266,1.840515555059576,1.650755408135943,1.588948576204057,1.644531614638146,1.7031254936971802,1.9106599721663207,1.9814826557557004,1.8754230247902777,1.6740098103577619,0
2019-07-12,1.8428975958102423,1.653113943264137,1.5912297718133799,1.6467262880158586,1.7053598572721504,1.9127204469676928,1.9828914158812667,1.876762386836893,1.6751890592288536,1.7888010123834452,0
2019-07-13,1.6554377193883016,1.5935689612128876,1.6490247488640106,1.7075700429465364,1.9150101821012186,1.9849647109555715,1.8781765245759101,1.6765441588070087,1.7899637655899565,1.6824736315203928,0
2019-07-14,1.595874224336518,1.6513827215309396,1.7098866852339871,1.9172738323817733,1.9872735318420283,1.8802312339288505,1.6779685781872713,1.7913098443680877,1.6836516641279338,1.3972539024717312,0
2019-07-15,1.6537059594047299,1.7122644379248027,1.919653138729368,1.98955561057738,1.8825123859436794,1.6799877528702127,1.792728370280918,1.6850060985816124,1.3984729215738734,1.5576523496115917,0
2019-07-16,1.714606604400287,1.922099065154183,1.9919565162947732,1.8847677487013106,1.6822160038324934,1.7947679135427035,1.686430083422873,1.399849769854511,1.558848319220946,1.2018681471509947,1
2019-07-17,1.9245064708560835,1.994425941192043,1.8871373415230397,1.6844202874077034,1.7970264875461095,1.6884507599283027,1.4012883980931268,1.560212562682658,1.2031152434735743,1.2561249556478606,1
2019-07-18,1.9968558338852667,1.889572700370091,1.6867300120439412,1.7992600498610534,1.6906812466786287,1.4032584651403714,1.561642955943264,1.204507446030456,1.2573642551872515,1.5002705537637542,0
2019-07-19,1.8919699933708387,1.6891002388560852,1.8016040911198026,1.6928876890431241,1.4054136087509699,1.5636414841300328,1.2059561055220367,1.2587521940043103,1.501474769221576,1.4661968965031624,0
2019-07-20,1.6914352034009457,1.8040116518086455,1.6951999439234111,1.4075473027334777,1.5658389983110517,1.2078915032732729,1.260198067910165,1.502843521998429,1.4674060083956524,1.5255365157516083,0
2019-07-21,1.8063823432103474,1.697572923448743,1.4097742916909248,1.5680136036552723,1.209995034127934,1.2621430930027144,1.5042768612839836,1.468777438831096,1.526737100453528,1.483360481648498,0
2019-07-22,1.699910522217496,1.4120545083737355,1.5702885434387828,1.212078892856722,1.2642609562400526,1.5062652076309224,1.4702125274840743,1.5281038677194143,1.484567127108556,1.4191037136285234,0
2019-07-23,1.4143033372346183,1.5726209269753462,1.2142474715955187,1.2663586537556706,1.5084475639381265,1.4721948277929704,1.529535909831305,1.4859372087536173,1.4203195928806631,1.3080750465740096,0
2019-07-24,1.574919677191328,1.216464142400517,1.2685434524693695,1.510607533433637,1.4743681832630704,1.5315287393766923,1.4873714162151082,1.4216947241065654,1.3093068808089199,1.2857759400470778,0
2019-07-25,1.2186521606871918,1.2707777693740927,1.512865319032921,1.47651946190314,1.5337177698957776,1.4893567620347323,1.4231322305592937,1.3106907371582182,1.2870109786963964,1.3108536497848735,0
2019-07-26,1.2729826741921013,1.515179040121029,1.478767061244129,1.5358841837486268,1.4915346514071615,1.4251061746423515,1.3121339439069775,1.2883965874080459,1.312085084730415,1.3004269851616321,0
2019-07-27,1.5174599312052186,1.4810697004575255,1.538149522561612,1.493690307805574,1.427267090060463,1.3140881870363128,1.2898409390098582,1.3134687227247916,1.3016599184342168,1.201878187270998,1
2019-07-28,1.4833399866812944,1.540471460972066,1.4959430381693417,1.429406357074029,1.3162197733178898,1.2917912253803006,1.3149117868179534,1.3030443758019847,1.2031252821507976,1.220748592816864,1
2019-07-29,1.5427602156676734,1.4982512595454842,1.4316398779930566,1.3183307212670299,1.2939169211692931,1.3168665229833192,1.3044879752080214,1.2045174839186823,1.2219929759916297,1.2122872816842336,1
2019-07-30,1.5005268876503255,1.4339272009535367,1.32053105036658,1.2960221814897233,1.3189988432558113,1.3064408612634772,1.2059661428947956,1.2233836948396406,1.213532880761855,1.234443316501121,1
2019-07-31,1.436182830205577,1.3227822631505595,1.2982158443116534,1.321110499917804,1.3085704272466632,1.207901542427553,1.224831384994812,1.2149242645370932,1.2356857317239494,1.354475461168433,1
2019-08-01,1.3250033365723344,1.3004598046923226,1.3233116596757653,1.3106794244748805,1.2100050759343945,1.2267701328969252,1.2163723891023996,1.2370753743800436,1.3557006275955146,1.4333004433129364,1
2019-08-02,1.3026739378872116,1.3255637761529533,1.312877467200285,1.2120889372240242,1.228878651176757,1.2183096356274046,1.2385223614377072,1.3570808375951475,1.4345142824741381,1.4630442988221826,1
2019-08-03,1.327785714368871,1.3151261925829942,1.2142575189642966,1.2309673255677647,1.2204159187822365,1.2404635393349261,1.3585216621114062,1.4358882980582734,1.4642538637475964,1.5392387695258676,1
2019-08-04,1.3173448856725627,1.216474193034672,1.2331415485816917,1.2225024350241693,1.2425756751887722,1.3604841385416078,1.437325075640125,1.4656255419281001,1.5404373851937652,1.5765001648874508,1
2019-08-05,1.2186622144461678,1.2353643599289794,1.2246741285444156,1.2446678425674251,1.3626279818747282,1.4393015387943553,1.467060792437836,1.5418030756759868,1.577693426038026,1.7862056413626384,1
2019-08-06,1.2375582544410748,1.2268941879948598,1.2468461595942621,1.3647507647523165,1.4414662043954989,1.4690425333490318,1.5432344143037695,1.5790561883551077,1.787368767527783,1.7040071788970867,1
2019-08-07,1.2290854490642682,1.2490734249163882,1.3669649651720017,1.4436090924387794,1.471215056034498,1.5452296751804036,1.580485613954573,1.7887150502616405,1.7051821171021955,1.8204223703332747,0
2019-08-08,1.2512715816839868,1.3692312688978538,1.4458468574445045,1.4733655305703737,1.547422325262638,1.5824874865022747,1.7901337094227887,1.7065348593545446,1.821580579504136,1.8265568836551818,0
2019-08-09,1.3714667836787255,1.448138797648695,1.4756121874479802,1.5495922340237638,1.5846899794888782,1.792172792161308,1.70795773864714,1.8229241733361954,1.8277142112874554,1.8005856032371086,0
2019-08-10,1.450398845397276,1.4779138013328583,1.5518616691007658,1.5868693921725838,1.7944306805760906,1.7099822360704606,1.8243410757845098,1.8290573230423437,1.80174666298058,1.6728451564374,0
2019-08-11,1.4801831063629116,1.5541880639350911,1.5891499664764284,1.7966635809135372,1.7122184110846184,1.826386229947751,1.8304739105400885,1.803091815673475,1.6740245726709733,1.7154052251306298,0
2019-08-12,1.5564810832298173,1.5914884799428046,1.7990068462908073,1.7144303458136683,1.8286531569932074,1.8325201532128674,1.804509736556467,1.675379763772781,1.7165785254197292,1.6800238422396316,0
2019-08-13,1.5937930962285398,1.80141356287958,1.71674903810905,1.8308947846780848,1.8347887007405252,1.8065513708789236,1.6768042429472598,1.7179303719632266,1.6812022268854958,1.5578380918316495,0
2019-08-14,1.803783446515118,1.7191290210526622,1.8332482790846791,1.8370318930994871,1.8088130578790296,1.678823210973726,1.719352666071478,1.682556853854444,1.5590340347495732,1.345958929375786,1
2019-08-15,1.7214733217807188,1.8356661240797922,1.839387221407759,1.811049625981546,1.6810511542830846,1.7213791859668983,1.6839809644697454,1.5603982636148408,1.3471853196410133,1.4111820589460606,1
2019-08-16,1.8380466571044465,1.8418070615484923,1.8133971902224457,1.6832551408006944,1.723618371868812,1.6860012062839687,1.5618286473393004,1.348566198907357,1.4123990765516303,1.42694253732096,1
2019-08-17,1.844189503838625,1.8158085836480673,1.685564517265746,1.7258332137930412,1.6882310459022862,1.563827208484214,1.3500074606688215,1.4137748302961708,1.4281572901226047,1.3911495095098336,1
2019-08-18,1.8181829428081246,1.6879343652941063,1.7281553135137575,1.6904368634214844,1.5660247717305693,1.3519684259235476,1.4152127434526625,1.4295318053390944,1.3923694058222236,1.419781421728734,1
2019-08-19,1.6902689673597597,1.7305390034771164,1.6927483859416905,1.5681994244503557,1.3541100195446758,1.417185281915384,1.430968909340665,1.3937467338130411,1.4209972035932226,1.562913372493227,0
2019-08-20,1.7328868516579297,1.6951205687149256,1.5704744197611673,1.3562306301885618,1.4193441047631898,1.4329442443465077,1.3951856754558245,1.4223722815618272,1.5641085860858543,1.5245550940213033,0
2019-08-21,1.6974574050274152,1.5728068637072135,1.35844228460645,1.4214813512729052,1.435107230454437,1.3971546593380955,1.423809753220507,1.565472416113135,1.5257558197549692,1.3676330384325233,1
2019-08-22,1.5751056717323793,1.3607058184758825,1.4237125040275735,1.4372484968449122,1.3993081904230336,1.4257838175562552,1.5669025392688336,1.527122664145313,1.368856314096398,1.365878527461978,1
2019-08-23,1.362938682627553,1.4259972506052478,1.4394843611661243,1.401440327413981,1.427944911996541,1.5689020009727839,1.52855475664414,1.370235490115454,1.36710205525166,1.435383768213584,0
2019-08-24,1.4282504143737162,1.4417742335700463,1.403665491474178,1.4300843518669004,1.5711009048963123,1.5305474120458165,1.3716756391117102,1.3684813691479427,1.4365973079979328,1.3731325141642328,0
2019-08-25,1.4440323025258874,1.4059437228075005,1.4323180753855405,1.5732768521214173,1.5327361833142714,1.3736404502256259,1.3699216082221237,1.4379711598651894,1.3743549995453557,1.3677510098425603,0
2019-08-26,1.4081906517773672,1.4346056187589984,1.5755533646782158,1.5349023468448755,1.3757877692411107,1.3718861080151854,1.4394078304875595,1.3757337433913013,1.3689742685537698,1.4260590067606853,0
2019-08-27,1.4368614589364392,1.5778874592725618,1.5371673922636069,1.3779139081013307,1.3740329635621522,1.4413846633074676,1.3771736100402996,1.370353435302111,1.4272738865269712,1.3795431307862258,0
2019-08-28,1.5801878468946167,1.5394890114834154,1.3801320419549739,1.3761586549153404,1.4435498792360362,1.3791393969825283,1.3717935782416253,1.4286484711751972,1.3807646949523105,1.2713407575125906,0
2019-08-29,1.5417774607277945,1.3824026249579706,1.3783762642610982,1.4456932986539037,1.3812881687298066,1.3737584102884168,1.4300856205378973,1.3821429350236676,1.2725778705188724,1.2100408048335354,1
2019-08-30,1.3846422348164356,1.3806462766393859,1.4479316864658447,1.3834157102908937,1.375905760467021,1.4320607987698624,1.3835824725467432,1.273964613610968,1.2112867267331848,1.2321215387503992,1
2019-08-31,1.3828853404354247,1.4502243042358556,1.385635488202874,1.378031929417127,1.4342235514859196,1.3855493969903465,1.2754097063260068,1.2126782870465032,1.2333642876161055,1.240276626222934,1
2019-09-01,1.4524850003847423,1.3879078598163674,1.3802500985381103,1.4363645925223534,1.3876998621547862,1.277357431314145,1.214126526947636,1.2347541127277575,1.2415182031905752,1.2722318181628676,1
2019-09-02,1.390149181295398,1.3825207199092922,1.4386001927137004,1.3898290388130958,1.2794793139308218,1.2160633748572416,1.236201218987253,1.2429073874394085,1.273468803122423,1.4200198745788082,1
2019-09-03,1.3847603664844008,1.440889777764407,1.3920507331673364,1.2815808924015546,1.2181690645867174,1.2381419849076625,1.244354075010524,1.2748554761910342,1.4212356221772715,1.489492484940404,0
2019-09-04,1.443147571736022,1.3943251897243298,1.2837702398517385,1.2202550078403909,1.2402535074447996,1.2462962879716406,1.2763005231583433,1.4226106814071973,1.4906982492225695,1.4822008477881372,0
2019-09-05,1.3965685064014095,1.286009505435983,1.2224260297804403,1.242345082628883,1.248409964742277,1.2782484062565,1.4240481408235268,1.492067848987709,1.483407659889287,1.4774418309066581,0
2019-09-06,1.2882191459198384,1.2246453586026806,1.244522705564455,1.2505036199697732,1.280370524254184,1.4260222474704067,1.493501741627497,1.4847778326635024,1.4786493268855339,1.4216614341993183,0
2019-09-07,1.226835920493446,1.2467492157680462,1.2526836808540156,1.2824723299995897,1.4281834048999762,1.4954881755112788,1.4862120996614756,1.4800198736443304,1.4228769459032495,1.4628133760621107,0
2019-09-08,1.2489466499208464,1.2549128433604382,1.2846619438307454,1.4303229055903184,1.497667684702864,1.4881972397153853,1.481454384973842,1.4242518761321645,1.464022974171465,1.4437446781461833,0
2019-09-09,1.2571128156488929,1.2869014992172383,1.4325567003940074,1.4998249051351509,1.4903748227609825,1.4834386805866373,1.4256892512695776,1.4653946704988998,1.4449570164554766,1.417060549207888,0
2019-09-10,1.2891114170289355,1.4348443213201796,1.5020794686502272,1.4925301833822155,1.485615006498743,1.4276636491951962,1.4668299328643855,1.446330211285476,1.4182767220657602,1.3620934022208013,1
2019-09-11,1.4371002357121134,1.5043896843556457,1.4947825670755353,1.4877691532811608,1.429825240256255,1.4688116328005905,1.4477664526523848,1.4196520138525535,1.363317473938548,1.3777534793956696,1
2019-09-12,1.50666722094476,1.4970904113005825,1.4900201142749794,1.4319651596441632,1.4709840944859085,1.4497447690341876,1.4210896252028937,1.3646970852867024,1.3789753007372916,1.4359259346937523,0
2019-09-13,1.4993656784886271,1.4923264107111167,1.4341994451891358,1.4731345101224322,1.4519121935659527,1.4230632067463589,1.3661375186920859,1.3803536814473651,1.4371393965679806,1.4234812059498838,0
2019-09-14,1.4946001967341256,1.4364876000045206,1.4753810979660966,1.4540577455244812,1.4252235824457666,1.368101346851603,1.3817933108525013,1.4385132058293988,1.424696456149938,1.422853698449689,0
2019-09-15,1.4387440253046468,1.4776826367472935,1.4562986328153453,1.4273623283281114,1.3702472025265733,1.3837599177399262,1.4399498486165303,1.4260712433731455,1.4240690388234938,1.420258327428882,0
2019-09-16,1.4799518699064695,1.4585939698284254,1.429595238446826,1.3723719284425604,1.3859099101532162,1.4419267776385907,1.4275085250820958,1.4254438753590142,1.4214740407613202,1.4024571946633488,0
2019-09-17,1.4608572681717917,1.4318818969029954,1.3745884062319638,1.3880386303415495,1.444092136784899,1.429483245908457,1.4268811892846756,1.4228490812525667,1.4036754660447497,1.3935415681005774,0
2019-09-18,1.4341368902540133,1.376857187562954,1.3902597896827393,1.446235694488201,1.4316453176772064,1.4288557987659531,1.4242865284265462,1.4050519054276887,1.3947611206706294,1.3827434190372205,0
2019-09-19,1.3790950733015699,1.392533664186203,1.4484742443798322,1.4337857012176152,1.43101770477343,1.4262606773845579,1.4064902665253343,1.39613826068291,1.3839645233171762,1.3998517835225388,0
2019-09-20,1.3947764238639837,1.4507670384802251,1.4360205307800658,1.4331579282612523,1.428421897803411,1.4084612568460126,1.39757707951559,1.3853425118957374,1.4010704293053526,1.3785742592059245,0
2019-09-21,1.4530279033694322,1.4383092774451127,1.4353925702314692,1.430561459313736,1.4106177749490838,1.3995464878453197,1.3867818851135854,1.402447073433015,1.3797959626002803,1.3379318534332907,0
2019-09-22,1.4405662691190002,1.4376811128104257,1.432795325402474,1.412752796087638,1.4017006508122292,1.3887493774171156,1.403885568294446,1.3811742788098484,1.339159397201138,1.3506501754472442,0
2019-09-23,1.4399379091830162,1.4350830238813603,1.4149813405598877,1.403833397923636,1.3909006879640455,1.405856096310337,1.3826138660755263,1.3405409072705883,1.3518758915735105,1.265040582210632,0
2019-09-24,1.437339012487787,1.4172632495245603,1.406059277085428,1.3930306808905457,1.408011926172604,1.3845806186023206,1.3419825811482238,1.3532564021810027,1.2662786005613718,0.9867410058741216,0
2019-09-25,1.419513697823797,1.4083382863949274,1.3952533319651788,1.4101462827728197,1.3867308278313553,1.3439421220766397,1.3546974230903337,1.267665838749089,0.9880190162833388,0.953212025123699,0
2019-09-26,1.410585959853338,1.3975288293612336,1.4123740483621146,1.3888597573684716,1.3460815952795684,1.3566592207609052,1.2691112549199093,0.989428124481828,0.9544948536967686,0.8608379010349843,1
