date,price 1,price 2,price 3,price 4,price 5,price 6,price 7,price 8,price 9,price 10,price 11,price 12,price 13,price 14,price 15,price 16,price 17,price 18,price 19,price 20,price 21,price 22,price 23,price 24,price 25,price 26,price 27,price 28,price 29,price 30,transaction
2017-01-30,-1.0364052609882974,-1.0377055339913333,-1.0386797276039612,-1.0393840024561876,-1.0414964161337046,-1.0423597214738156,-1.043370742395632,-1.044887471149222,-1.0462436891520641,-1.0460528382923928,-1.047962338044101,-1.049095553265881,-1.0498112335504375,-1.0502877689804475,-1.0518273503054691,-1.0528580567940204,-1.0540167250298966,-1.0555319621588735,-1.056075472142321,-1.0583487593658232,-1.0595902096583645,-1.0608778909761338,-1.0621891548613969,-1.0638300162476217,-1.065007303290837,-1.0657017917472338,-1.067559245896522,-1.0688971576937498,-1.069886189826743,-1.0710823177121398,0
2017-01-31,-1.0365513175730214,-1.037513263225568,-1.0382077980117876,-1.0403308814303474,-1.0412037446375897,-1.0422287271608721,-1.0437125163624024,-1.0450571549984964,-1.0448778424637803,-1.046791420930245,-1.047931441666794,-1.0486499164966003,-1.0491231287100915,-1.0506410114273441,-1.0516674108387267,-1.0528270856236275,-1.054251704653239,-1.0546923181351728,-1.0570034548024778,-1.0582685846968916,-1.059572096185008,-1.0609193148278422,-1.0625958352669973,-1.0638999902206527,-1.0645483703398035,-1.06641516727988,-1.0677487055331507,-1.0687413624292843,-1.069940744399946,-1.0712564563751517,1
2017-02-01,-1.0363591378562793,-1.0370415589468898,-1.039154222030875,-1.0400383497147532,-1.0410728126524857,-1.0425703397809012,-1.0438821184812508,-1.0436919713020623,-1.0456160684516098,-1.0467605394262232,-1.0474860188939512,-1.0479621418295602,-1.0494762012311678,-1.0504811498820332,-1.0516364548129058,-1.0530619503324405,-1.0534124917127305,-1.055619801841353,-1.0569233225950547,-1.0582504807393909,-1.0596134984098227,-1.0613257863727301,-1.0626657739354766,-1.063441271953005,-1.0652614017609006,-1.066604536057637,-1.0675929852838668,-1.0687958907718473,-1.0701147994668312,-1.070669063273052,0
2017-02-02,-1.0358876569512054,-1.037987531114456,-1.0388618308705064,-1.0399074802630401,-1.0414142627312863,-1.0427398618329455,-1.042517592343243,-1.044429838949664,-1.0455852018597842,-1.0463153310765771,-1.04679857449887,-1.0483150449358691,-1.0493164165865931,-1.0504502089377796,-1.0518712046753824,-1.0522231478009652,-1.0543394992377846,-1.0555397127190922,-1.0569052282256366,-1.0582918612136782,-1.0600197577408155,-1.0613956891224878,-1.0622072871087804,-1.0641539698264688,-1.0654506791926828,-1.0664488904868776,-1.0676474873711161,-1.0689698621505004,-1.0695276883456961,-1.070853598274154,1
2017-02-03,-1.0368331811575764,-1.0376952795504923,-1.0387310242987629,-1.0402487672645666,-1.0415837041237739,-1.04137597986877,-1.0432551045873262,-1.0443989873407051,-1.0451402084942982,-1.0456282176120946,-1.0471513081397918,-1.0481553369607512,-1.049285490526353,-1.0506848444317036,-1.0510328123093942,-1.0531497019818872,-1.0542594512342285,-1.0555216280785817,-1.0569465867843064,-1.058697907117622,-1.06008962399519,-1.0609374377629646,-1.0629196253988449,-1.0643431587165157,-1.065295108700807,-1.0665033664366435,-1.0678213749828165,-1.068383033321014,-1.0697121347598582,-1.0708406028515414,1
2017-02-04,-1.0365410679881284,-1.037564535429772,-1.0390721473191926,-1.0404181277314895,-1.0402204711023972,-1.0421131439435691,-1.0432242678384447,-1.0439542099782135,-1.044453426826178,-1.0459807814496755,-1.0469916768570389,-1.0481244257397608,-1.0495200131498414,-1.0498468605248321,-1.051958913415209,-1.053069693125039,-1.0542413758785867,-1.0555629643997486,-1.0573524176412554,-1.0587677366679817,-1.059631611883179,-1.0616494102142011,-1.0631087188358437,-1.064187660998669,-1.0653495583729635,-1.0666771706573246,-1.0672348287105138,-1.0685673910506315,-1.0696991455757623,-1.0707938193301352,0
2017-02-05,-1.0364103857807438,-1.0379054955877294,-1.0392414264120373,-1.0390555457930646,-1.0409572844303352,-1.0420823217522883,-1.0427797047087362,-1.0432677616788766,-1.0448058204161872,-1.0458212270122302,-1.0469607804797318,-1.0483588358322724,-1.048682432351668,-1.0507725104404226,-1.0518789436818379,-1.0530516266089762,-1.0542826909771963,-1.055968577051198,-1.057422210209011,-1.058309965171179,-1.0603432126221792,-1.0618384065376203,-1.062953299572557,-1.0642420851999153,-1.0655232787555582,-1.0660909056741317,-1.0674190976721665,-1.068554408111926,-1.0696523845130168,-1.0709237735562633,1
2017-02-06,-1.0367511844784332,-1.038074693861603,-1.0378794991650584,-1.039792007217411,-1.0409264769044284,-1.0416379684946568,-1.042093587046122,-1.0436199842144913,-1.0446463430250883,-1.0457903455082085,-1.0471950780076433,-1.0475216569304446,-1.049607636987189,-1.050692579667767,-1.0518608860001086,-1.0530929215028335,-1.0546880953823037,-1.056038332093167,-1.0569646811537248,-1.059021192072991,-1.0605321102728957,-1.061683067093714,-1.0630076963147073,-1.0644157243181775,-1.0649372965694928,-1.0662750862661967,-1.067406120984726,-1.0685076695325864,-1.069782276353976,-1.0709029808800827,0
2017-02-07,-1.0369203026291662,-1.0367134168399836,-1.0386156067354595,-1.039761214405243,-1.0404823350726051,-1.040952174738659,-1.0424456399291862,-1.04346058423487,-1.0446154764332627,-1.0460245302470397,-1.046358301122245,-1.0484464176250792,-1.0495277446649016,-1.050674530783619,-1.0519021607012036,-1.0534981276488078,-1.0547578146112073,-1.055581049040259,-1.0576755313808643,-1.0592099904869268,-1.060376851929841,-1.0617374358990814,-1.0631812478253777,-1.0638300162476217,-1.0651213883182125,-1.0662621158019667,-1.0673594049099409,-1.0686374989196408,-1.0697614936594224,-1.0710147415145532,1
2017-02-08,-1.0355596702346324,-1.0374491729703128,-1.0385848287185784,-1.0393172846964909,-1.0397968676211782,-1.041304061422448,-1.0422863167266316,-1.0434297326259112,-1.0448495480879403,-1.0451881561797856,-1.0472826177433467,-1.0483665636375201,-1.0495097044630948,-1.0507157853759574,-1.0523071687056964,-1.053567812782192,-1.054300766332838,-1.0562915170603135,-1.057864229804796,-1.0590548137083495,-1.0604311923499101,-1.06191089827811,-1.0625958352669973,-1.0640140218804068,-1.0651084241105562,-1.066215422130739,-1.0674891717843442,-1.068616726217712,-1.0698732006426472,-1.0709341698943535,0
2017-02-09,-1.0362950779506985,-1.03741840964779,-1.0381411123085458,-1.0386321446257574,-1.0401485868752811,-1.0411448134341639,-1.0422554799777501,-1.0436636906605166,-1.0440135778926631,-1.0461120278417677,-1.0472028021019701,-1.0483485320919421,-1.049550939210082,-1.0511205960632768,-1.052376819763794,-1.0531109880188962,-1.0550108695901916,-1.056480114025637,-1.0577091352097836,-1.0591091255808516,-1.0606045641663213,-1.0613257863727301,-1.0627797480618868,-1.064001063737253,-1.0650617529629933,-1.0663451267730384,-1.0674684090844397,-1.068728379490579,-1.0697926677012526,-1.071100511303798,0
2017-02-10,-1.0362643291960199,-1.0369749050814245,-1.037456301432946,-1.0389836958980063,-1.039989414658096,-1.0411139912428833,-1.0424893253234349,-1.0428281262512114,-1.0449370034314462,-1.046032250623045,-1.0471847792152078,-1.048389747053263,-1.049955555164892,-1.0511902131878477,-1.0519202183829326,-1.0538207440070675,-1.055199369727598,-1.0563251028212615,-1.057763418318038,-1.0592824063169295,-1.0600197577408155,-1.0615096047146857,-1.062766796456613,-1.063954414421899,-1.0651913950395564,-1.0663243740302704,-1.0675800085964264,-1.0686478852706052,-1.0699589292576803,-1.071321433488216,1
2017-02-11,-1.0358210346494015,-1.0362904211552995,-1.0378076837923362,-1.038824599701806,-1.0399586071321891,-1.0413477261934292,-1.0416541633745604,-1.0437511035525668,-1.0448572647358967,-1.0460142364123657,-1.0472259743849504,-1.048794168861223,-1.0500251388004325,-1.0507338342601054,-1.0526296273079996,-1.0540091519602912,-1.055044438107812,-1.056379356742793,-1.0579366072824683,-1.058697907117622,-1.0602034801134301,-1.061496659761027,-1.0627201706776268,-1.0640839958534378,-1.0651706523073063,-1.0664359200226479,-1.0674995531342963,-1.068814066886035,-1.0701797453873108,-1.071207073769223,0
2017-02-12,-1.0351368748577998,-1.0366416357540977,-1.0376486640384517,-1.0387938068896383,-1.0401922308703158,-1.0405129585129076,-1.0425766961119327,-1.0436714035627563,-1.0448392592239983,-1.0460554117510614,-1.0476302019880506,-1.0488637191084518,-1.0495689794118888,-1.0514428975659198,-1.0528179431317446,-1.0538542961083266,-1.055098664174737,-1.056552452587679,-1.0573524176412554,-1.0588815329722716,-1.0601905419181756,-1.061450057927855,-1.0628496867303658,-1.0640632628243916,-1.0652821444931506,-1.0663555031444223,-1.0676656547335326,-1.0690347768440276,-1.0700654405672667,-1.0713734151786671,0
2017-02-13,-1.035487923140382,-1.036482691921065,-1.0376178860215708,-1.0390273190485773,-1.0393578603770062,-1.0414350557353915,-1.0424970345106555,-1.0436534067908634,-1.044880414679766,-1.046459444762012,-1.0476997188369914,-1.0484077785988408,-1.0502777016257279,-1.051631121643463,-1.052663163002639,-1.0539084956565141,-1.055271671150165,-1.055968577051198,-1.0575359462453533,-1.058868601574057,-1.0601439644152593,-1.0615795074644434,-1.0628289641619275,-1.064174702855515,-1.0652017664056816,-1.0665215250865654,-1.0678862584200182,-1.0689205269834197,-1.0702317021236942,-1.0714201987000733,1
2017-02-14,-1.0353290545745417,-1.0364519285985425,-1.0378512859829174,-1.0381933470523663,-1.0402795188603853,-1.0413554317412494,-1.0424790464071412,-1.0436945422694754,-1.0452842525894843,-1.0465289281460606,-1.047243997271713,-1.0491161607465413,-1.0504658351588563,-1.0514764169221944,-1.052717336047826,-1.0540814180245415,-1.0546880953823037,-1.0561520069763757,-1.057523021695769,-1.0588220485404838,-1.0602733463678047,-1.0615587955385892,-1.0629403479672832,-1.064094362367961,-1.0653677082636823,-1.0667420229784743,-1.0677720635705432,-1.0690867085988494,-1.0702784631864395,-1.071350023417964,0
2017-02-15,-1.0352983058198633,-1.0366852171276713,-1.0370177146923936,-1.0391145653497196,-1.0401999327517926,-1.041337452129669,-1.0425201620723166,-1.0440981841533552,-1.045353702421092,-1.0460734259617408,-1.0479520392516655,-1.0493042040075673,-1.0503112048576548,-1.0515305635746386,-1.0528901738586605,-1.0534981276488078,-1.054871431132384,-1.056139089376011,-1.0574764933172651,-1.0589513625226314,-1.0602526452553973,-1.0616701221400553,-1.062860048014585,-1.064260226600331,-1.0655880997938396,-1.066627882893251,-1.0679381651697792,-1.069133447178189,-1.0702083215923217,-1.07169050349042,0
2017-02-16,-1.0355314838761767,-1.0358520438093544,-1.03793849036408,-1.0390350172516194,-1.0401819616950134,-1.04137854838471,-1.04292360953685,-1.044167600273513,-1.0448984201916642,-1.0467811270955711,-1.0481399922136163,-1.0491496479026143,-1.0503653254630754,-1.0517033171800552,-1.0523071687056964,-1.0536813737402995,-1.0548585201640686,-1.0560925860146984,-1.0576057388131088,-1.0589306722854877,-1.0603639137345866,-1.0615898634273706,-1.0630258285620908,-1.064480515033947,-1.065474014766464,-1.066793904835394,-1.0679848812445645,-1.0690633393091795,-1.0705486382156344,-1.072002393633128,0
2017-02-17,-1.0346987051036278,-1.0367723798748183,-1.0378589804871377,-1.0390170547778548,-1.0402230383962225,-1.0417818053873005,-1.0429929922218333,-1.0437125390413682,-1.0456057795876679,-1.0469689895783696,-1.0479855103270812,-1.049203742539348,-1.0505379959660837,-1.0511205960632768,-1.0524903251918045,-1.053668469085969,-1.0548120406781325,-1.0562217620183445,-1.0575850595337737,-1.0590418823101349,-1.0602836969240084,-1.0617555588342038,-1.0632460058517472,-1.0643664833741928,-1.0656399566244648,-1.0668405985066218,-1.0679148071323867,-1.0694034923032625,-1.0708603786339361,-1.072241509409204,0
2017-02-18,-1.0356186053477665,-1.0366929079583018,-1.037841026643957,-1.0390581118607451,-1.040626103526837,-1.0418511553176824,-1.0425381501758308,-1.044419555080011,-1.045793551354607,-1.0468145820582613,-1.0480395789873687,-1.0493763301898786,-1.049955555164892,-1.051303663316778,-1.0524774268477124,-1.0536220123303797,-1.0549411503612878,-1.056201093857761,-1.0576962106601993,-1.0589617076412032,-1.0604493058232667,-1.0619756230464041,-1.0631320317253368,-1.0645323476065625,-1.0656866277720276,-1.0667705579997802,-1.0682547963433233,-1.0697150828321933,-1.0710993796213009,-1.0731927743444631,1
2017-02-19,-1.0355391710648465,-1.0366749626868303,-1.0378820639997983,-1.0394609844866072,-1.0406954204601273,-1.0413965279962907,-1.0432448256710325,-1.044607235701178,-1.045639218395479,-1.0468686246902992,-1.048212083760666,-1.048794168861223,-1.0501385343546468,-1.0512907712566724,-1.0524309928089808,-1.0537510588736834,-1.0549204928119829,-1.056312185220897,-1.0576160784527764,-1.0591272295383523,-1.060669255142594,-1.0618617074542065,-1.0632978122728427,-1.0645789969219164,-1.0656166210506834,-1.0671103841626044,-1.0685662368418911,-1.0699539689043736,-1.0720501878971214,-1.0723896572269902,0
2017-02-20,-1.0355212342912838,-1.0367159804501938,-1.0382847430539899,-1.0395302683139847,-1.0402410094530017,-1.042102869879809,-1.043432415893395,-1.0444529776563831,-1.0456932349311738,-1.047041046421087,-1.0476302019880506,-1.0489770602520838,-1.0501256484962134,-1.0512443598402916,-1.052559976249902,-1.0537304114267547,-1.0550315271394963,-1.0562320960986362,-1.0577815126874561,-1.0593470633080033,-1.060555399024354,-1.0620274028610395,-1.0633444380518287,-1.0645090229488854,-1.0659562832912788,-1.0674216753041228,-1.068805007890793,-1.0709043200176127,-1.0712474563199943,-1.072402652649603,0
2017-02-21,-1.0355622326308556,-1.0371184672531961,-1.038353993591972,-1.0390760743345098,-1.0409470152550329,-1.0422903715434337,-1.0432782321489873,-1.0445069679720613,-1.0458655734022002,-1.046459444762012,-1.0478130055537838,-1.0489641805766712,-1.050079259405853,-1.051373280441349,-1.0525393388993547,-1.0538413914539961,-1.0549514791359402,-1.0563974413833035,-1.0580012300303903,-1.0592332670037135,-1.060721007923612,-1.0620740046942114,-1.0632744993833496,-1.0648485262995173,-1.0662674242750303,-1.0676603318459534,-1.0697549014114247,-1.0701019744056157,-1.0712604455040902,-1.0725092151150284,1
2017-02-22,-1.0359645288379022,-1.0371876847288717,-1.037900017842979,-1.0397817429466885,-1.0411344277042993,-1.0421362605870297,-1.04333219645953,-1.044679222788749,-1.0452842525894843,-1.0466421603274734,-1.0478001320632393,-1.0489178137451851,-1.0502081179901874,-1.0513526531451796,-1.052650264658547,-1.0537613825971477,-1.0551167395303789,-1.0566170405895021,-1.057887493994048,-1.0593987889008623,-1.0607675854265286,-1.0620041019444537,-1.0636138314415258,-1.0651595217352106,-1.0665059656959064,-1.0686097698275847,-1.0689529421276127,-1.0701149573443212,-1.0713669568136766,-1.0724364407483966,1
2017-02-23,-1.0360337135359294,-1.0367339257216652,-1.0386053473964991,-1.0399690658873757,-1.0409803900747654,-1.042190199421771,-1.043504368307452,-1.0440981841533552,-1.0454668799244526,-1.0466292930341312,-1.0477537874972787,-1.0490466104993126,-1.0501875006166939,-1.051463524862089,-1.0525702949251758,-1.0539265621725769,-1.0553362259917427,-1.0565033657062934,-1.0580529282287274,-1.0594453419344356,-1.060697719172154,-1.0623432597303155,-1.0639246699680995,-1.0653979515692422,-1.0674549456963485,-1.0678081951381748,-1.0689659188150529,-1.070221417441706,-1.0712942173827396,-1.0723454727901067,0
2017-02-24,-1.0355801694044182,-1.037438918529472,-1.0387925803325244,-1.0398151018265367,-1.0410343032451022,-1.0423622899897558,-1.04292360953685,-1.0442807228396958,-1.0454540188445254,-1.0465829707780985,-1.0478825224027246,-1.0490260030186522,-1.0502983189992214,-1.0513835940894334,-1.052735393729555,-1.0541459412961935,-1.0552226094705661,-1.0566687109909605,-1.0580994566072313,-1.0593755123840758,-1.0610366998878231,-1.062653938618128,-1.064162979505139,-1.0663464876481068,-1.0666537576631885,-1.0678211656024046,-1.0690723276520637,-1.0701487129849554,-1.0712032930940683,-1.0728496951874844,0
2017-02-25,-1.0362848283658057,-1.0376260620748168,-1.03863869024812,-1.0398689892478303,-1.0412063119314154,-1.0417818053873005,-1.0431060603010656,-1.0442678680026296,-1.0454077189567867,-1.0467116437115223,-1.0478619248178533,-1.0491367682272017,-1.050218426676934,-1.0515486124587865,-1.052954665579121,-1.054032380338086,-1.0553878698650045,-1.0567152143522733,-1.0580296640394757,-1.0597143150173027,-1.0613472165739324,-1.0628921257654507,-1.0651110370111887,-1.0655456744011966,-1.0666667218708448,-1.0679275234090901,-1.068999658202398,-1.0700578324140173,-1.0717072734369892,-1.0729432622302968,1
2017-02-26,-1.0364718832901012,-1.0374722454622045,-1.0386925517776615,-1.040040915782434,-1.040626103526837,-1.0419641700190454,-1.0430932116556983,-1.044221590589191,-1.0455363297560603,-1.0466910560421745,-1.0479726368365367,-1.0490569142396429,-1.0503833656648822,-1.0517677774805838,-1.0528411601511105,-1.054197559913515,-1.0554343493509406,-1.0566454593103043,-1.058368287238586,-1.0600246685744572,-1.061585279366616,-1.0638396963732784,-1.0643106278052616,-1.0655586325443505,-1.0667730283736265,-1.0678548888094026,-1.0689088213903157,-1.0705615704357887,-1.07180079556248,-1.0729276677231614,0
2017-02-27,-1.0363181395167076,-1.0375260812766187,-1.0388643957052466,-1.0394609844866072,-1.0408083813884523,-1.041951327439345,-1.043046956532376,-1.0443501389598533,-1.0455157520281764,-1.046801714764919,-1.0478928211951604,-1.049221774084926,-1.0506024252582506,-1.0516543273516534,-1.0530062589554896,-1.0542440166691045,-1.0553646301220367,-1.0569839004398576,-1.0586784764286106,-1.060262606301609,-1.0625323552592494,-1.0630396982371615,-1.0643235794105355,-1.0656648893182123,-1.0667004288107511,-1.0677640955597931,-1.069412316863,-1.070655047594468,-1.071785208541565,-1.0730888109635606,0
2017-02-28,-1.0363719498373953,-1.0376978431607027,-1.0382847430539899,-1.0396431752919333,-1.0407955449193245,-1.0419050941524237,-1.043175442986049,-1.0443295712205474,-1.0456263573155515,-1.0467219375461962,-1.048057601874131,-1.0494407285669423,-1.0504890297040366,-1.0518193457210065,-1.0530526929942212,-1.0541743315357204,-1.0557028974919032,-1.0572939228486087,-1.0589162881409626,-1.06120918465093,-1.061732774792518,-1.0630526431908205,-1.0644297825737814,-1.0655923237165505,-1.0666096793571571,-1.0682673495719144,-1.0695057490125706,-1.0706394680680216,-1.071946274424354,-1.0732785441337078,0
2017-03-01,-1.0365436303843516,-1.0371184672531961,-1.038466846320535,-1.03963034495353,-1.0407493336304643,-1.042033519949427,-1.0431548851534613,-1.044440122819317,-1.0455466186200022,-1.0468866389009786,-1.048276451213389,-1.0493273874233102,-1.0506539686919845,-1.051865757137387,-1.0529830419361237,-1.0545124334791764,-1.0560127607314758,-1.0575316066953178,-1.0598623651705377,-1.0604100242412573,-1.0617457129877725,-1.063158791810823,-1.0643572535842478,-1.0655016167144733,-1.0671126906142219,-1.06836073691437,-1.0694901769876421,-1.0708004565079692,-1.0721359165121542,-1.073611226952596,1
2017-03-02,-1.0359645288379022,-1.0373004835781208,-1.0384540221468348,-1.0395841557352783,-1.0408776983217425,-1.0420129718219064,-1.04326538350362,-1.0443604228295065,-1.0457112404430722,-1.0471053828877988,-1.0481631644965967,-1.0494922472685932,-1.0507003577823448,-1.0517961400128162,-1.0533209785513376,-1.054822145183106,-1.0562503225484812,-1.0584771750420083,-1.0590636280062244,-1.060422955639472,-1.06185180618886,-1.0630863000703334,-1.0642665923473305,-1.0660043926688443,-1.0672060329093473,-1.068345172357294,-1.069651087911902,-1.0709900074130687,-1.0724684396250095,-1.0720959606759404,1
2017-03-03,-1.0361464589697513,-1.0372876655270697,-1.0384078551215135,-1.0397124591193108,-1.040857159971138,-1.0421234180073295,-1.0431857219023428,-1.0445249647439543,-1.045929878801837,-1.046992150706386,-1.0483279451755674,-1.049538614100079,-1.0506307741468044,-1.052133911987586,-1.0536305388095486,-1.055059590822785,-1.0571954054291772,-1.0576788673394746,-1.0590765525558088,-1.0605289931048332,-1.0617793522954346,-1.0629956853947216,-1.0647691146319576,-1.0660976912995523,-1.0671904758601598,-1.0685060061137452,-1.0698405475485309,-1.071322370643928,-1.0709539007594266,-1.0711914792620876,0
2017-03-04,-1.0361336469886353,-1.0372415205432859,-1.038536096858517,-1.0396919305778656,-1.0409675536056375,-1.0420437940131875,-1.0433501845630444,-1.04474349697408,-1.0458167012984763,-1.0471568520611683,-1.048374289741528,-1.0494690638528503,-1.0509683836377604,-1.0524433214301232,-1.0538678683408436,-1.0560042115197699,-1.0563975075872782,-1.057691784939839,-1.0591825338624006,-1.0604565772748304,-1.0616887849286527,-1.0634979495966848,-1.06486236618993,-1.0660821415277675,-1.067351232035098,-1.0686953748915022,-1.0701727507470031,-1.0698085599908724,-1.0700498535463516,-1.0712954426429901,0
2017-03-05,-1.0360875238566172,-1.0373697010537963,-1.0385155781805966,-1.0398022714881336,-1.0408879674970448,-1.0422081790333517,-1.0435686115342884,-1.0446303744078973,-1.0459813231215462,-1.0472031743172008,-1.0483047728925872,-1.0498065113486639,-1.051277644240163,-1.0526805353360682,-1.0548120271283874,-1.0552067038821515,-1.0564104185555936,-1.057797709262829,-1.059110156384728,-1.060366057487327,-1.062190786904529,-1.0635911532630287,-1.064846824263601,-1.0662428225028757,-1.0675405094668802,-1.0690274187757884,-1.0686596689914614,-1.0689049474569732,-1.0701537670191188,-1.0717372870118262,0
2017-03-06,-1.0362156436677785,-1.0373491921721145,-1.0386258660744196,-1.0397227233900335,-1.0410522743018813,-1.0424265028882573,-1.0434555434550563,-1.044794916322345,-1.0460276230092846,-1.047133690933152,-1.0486420583448555,-1.0501156235585696,-1.0515147440353383,-1.0536242341358066,-1.0540149094634939,-1.055219608536482,-1.0565162884957808,-1.0577253707007872,-1.0590196845376376,-1.0608677957380601,-1.062283941910362,-1.0635756193186379,-1.0650074241689975,-1.0664320113929227,-1.0678723931828817,-1.0675150626465781,-1.0677564915456148,-1.0690088109666167,-1.0705953992783797,-1.071924421097451,1
2017-03-07,-1.0361951444979927,-1.0374594274111535,-1.0385463561974775,-1.039886951721595,-1.0412704942770545,-1.0423134881868945,-1.0436200061157577,-1.0448411937357835,-1.045958173177677,-1.047470814018722,-1.0489510221179257,-1.050352609586164,-1.0524579888726664,-1.0528275048212734,-1.054027807807586,-1.0553254267019911,-1.056443987073214,-1.0576349474982347,-1.0595211570615106,-1.0609609018052064,-1.0622684160760565,-1.0637361367440077,-1.0651965176059963,-1.066763739857662,-1.0663607665701558,-1.066612318336175,-1.0678603050451374,-1.0694502308826022,-1.070782443529361,-1.0706846577801874,0
2017-03-08,-1.0363053275355916,-1.0373799554946372,-1.038710505620842,-1.0401050674744503,-1.0411575333487295,-1.0424778732070585,-1.04366626123908,-1.0447717776156258,-1.0462951334717734,-1.047779629058939,-1.049187894343946,-1.0512954018263763,-1.0516616428214798,-1.052840396881379,-1.0541335742291416,-1.055253160637741,-1.0563536102950055,-1.0581361503923823,-1.059614213818518,-1.0609453841273488,-1.062428849697213,-1.0639251330674269,-1.0655280787010082,-1.0652528203659186,-1.0654584577172765,-1.0667160820500143,-1.0683015124181086,-1.0696371851999606,-1.0695432753666114,-1.0707496348932515,0
2017-03-09,-1.0362258932526716,-1.0375440265480904,-1.0389285165737485,-1.0399921604965017,-1.0413218401535658,-1.0425241064939799,-1.0435968785540966,-1.0451085743467612,-1.0466037993900295,-1.0480163872564385,-1.0501302338518104,-1.0504994378858692,-1.0516745286799132,-1.052946111774246,-1.0540613435022257,-1.0551628280574283,-1.0568545558656475,-1.0582291571150075,-1.059598704359017,-1.0611057334652119,-1.0626177473479295,-1.0642565238810933,-1.0640179215260714,-1.064350933602408,-1.065562171378527,-1.0671570778338322,-1.068488376717249,-1.0683986128474605,-1.0696082212870908,-1.0707782248229996,0
2017-03-10,-1.036389886610958,-1.0377619334159578,-1.0388156638451853,-1.0401563888280632,-1.0413680514424262,-1.042454756563598,-1.0439335130627199,-1.0454170904363507,-1.0468404432606926,-1.0489582731291003,-1.0493346521361546,-1.0505123175612818,-1.0517801927190673,-1.0528739162376541,-1.0539710550935808,-1.0556635286454474,-1.0569475148375194,-1.05821365599457,-1.0597589687738629,-1.0612945318791476,-1.0629489651464459,-1.0627471422844716,-1.0631164897990082,-1.064454598747639,-1.0660029544388416,-1.0673438525187433,-1.0672504007354422,-1.0684635275409877,-1.0696367974921017,-1.071482576728615,1
2017-03-11,-1.0366076902899324,-1.037649134566709,-1.0389798132685497,-1.0402025780463149,-1.0412987345091358,-1.0427912321517467,-1.0442418805515352,-1.0456536194383694,-1.047781874311374,-1.0481630744005417,-1.049347525626699,-1.0506179308996664,-1.0517080319118401,-1.0527836718169141,-1.0544715108443552,-1.0557564421566263,-1.0569320216755407,-1.0583738342390914,-1.0599476671977945,-1.0616255756734454,-1.0614403715797651,-1.0618461735098157,-1.0632201026411994,-1.0648951756148715,-1.0661896390290926,-1.0661064702312075,-1.0673152841726439,-1.0684920900061399,-1.0703408112701,-1.0714539867988666,1
2017-03-12,-1.0364949448561105,-1.0378132056201619,-1.0390259802938713,-1.0401332942189374,-1.0416350500002853,-1.0430994540645548,-1.0444782956262935,-1.0465945935116177,-1.0469870595718642,-1.048175941693884,-1.0494530882491648,-1.050545804717355,-1.051617830902806,-1.0532838837490157,-1.0545643789218186,-1.05574095657143,-1.057092117682653,-1.058562431204415,-1.060278535667154,-1.0601177746416035,-1.0605398731900486,-1.0619497331390866,-1.063660457220512,-1.0650817728762874,-1.0649528536186803,-1.0661713225523572,-1.0673438328850124,-1.0691957652839752,-1.0703122350650889,-1.0714098023619831,1
2017-03-13,-1.036658938214397,-1.0378593506039457,-1.0389567297558893,-1.0404694490851023,-1.0419431252593534,-1.043335757531041,-1.04541881646718,-1.0458001645809245,-1.0469999206517915,-1.0482814534992915,-1.049380996702115,-1.050455646989466,-1.0521178022100235,-1.053376706581777,-1.054548900908908,-1.0559009742851266,-1.0572806178200596,-1.0588931217737494,-1.0587715331856178,-1.0592177493258557,-1.0606433787520848,-1.0623898615634875,-1.0638469603364562,-1.0638455660194064,-1.065017674656962,-1.066199857573663,-1.0680471693442781,-1.0691672028188233,-1.0702680718391628,-1.0710719213740496,0
2017-03-14,-1.036705061346415,-1.0377901331282702,-1.0392927231068387,-1.0407773772067803,-1.0421793162913058,-1.0442758343651055,-1.0446247701834808,-1.0458130194179907,-1.0471053815071958,-1.0482093966565742,-1.049290882268303,-1.0509553783954801,-1.0522105803907444,-1.05336123610965,-1.0547088403756504,-1.0560893822383504,-1.0576111386089369,-1.057386929571234,-1.0578719845345466,-1.0593212005115737,-1.0610832773907397,-1.0625762688961748,-1.062611377193326,-1.0639103567351758,-1.0650461959138058,-1.0669028567349255,-1.0680186206319093,-1.0691230608272246,-1.0699303530526694,-1.0710823177121398,0
2017-03-15,-1.0366358766483879,-1.038125966065807,-1.0396005032756477,-1.0410134554334,-1.0431189458314638,-1.0434821629396247,-1.044637618828848,-1.0459184290819339,-1.0470333594596029,-1.0481193256031776,-1.0497903737014331,-1.0510481120584518,-1.0521951173606243,-1.053521097654961,-1.0548971561993954,-1.0564197413892082,-1.0561057197033474,-1.056487864585856,-1.0579753809312213,-1.0597608680508759,-1.0612695874024052,-1.0613413203171207,-1.0626761352196956,-1.0639388646501144,-1.065748855968778,-1.0668743217136196,-1.0679744998946124,-1.068785504420883,-1.069940744399946,-1.0712564563751517,1
2017-03-16,-1.0369715505536305,-1.0384335992910319,-1.0398364680717345,-1.041952636204518,-1.0423256520393631,-1.043495005519325,-1.0447429777208599,-1.045846441994363,-1.0469433319001114,-1.0486185765848615,-1.0498830628333542,-1.0510326564479566,-1.052354902005199,-1.0537093217325044,-1.0552273538081538,-1.0549150586942848,-1.0552071163085874,-1.056591205388773,-1.0584148156170896,-1.0599470801851687,-1.060035283575121,-1.0614060450854148,-1.0627046287512982,-1.0646411960090552,-1.065720334711934,-1.0668302221352377,-1.067637106021164,-1.0687958907718473,-1.0701147994668312,-1.0710485296133465,0
2017-03-17,-1.037279038100418,-1.0386694514303707,-1.0407751975866015,-1.0411597212911972,-1.042338488508491,-1.0436003146728678,-1.044671025306803,-1.0457564581348993,-1.0474423418012921,-1.0487112210969267,-1.0498676146447006,-1.0511923644230745,-1.0525430355383272,-1.0540393584712107,-1.0537234068870118,-1.0540168947528896,-1.0553104040551116,-1.0570304038011702,-1.0586009291311045,-1.0587134247954797,-1.0600999745513937,-1.0614345239834644,-1.0634066057571436,-1.0646126880941165,-1.0656762564059026,-1.0664929900652595,-1.0676474873711161,-1.0689698621505004,-1.0699069725212966,-1.0717710751106198,1
2017-03-18,-1.0375147785529548,-1.0396077327673063,-1.0399826636519187,-1.0411725516296004,-1.0424437475553394,-1.043528396226546,-1.044581084789232,-1.046255225813069,-1.0475349415767692,-1.048695780344916,-1.0500272459274536,-1.0513804076841005,-1.0528729135142232,-1.0525361442628842,-1.0528256821381998,-1.0541201319875326,-1.0557493769778392,-1.057216417246421,-1.0573679271007566,-1.0587780817865535,-1.0601284385809537,-1.062136140471774,-1.0633781122255408,-1.0645686304073934,-1.0653391870068385,-1.0665033664366435,-1.0678213749828165,-1.068762135131213,-1.070629171157029,-1.070227218904216,1
2017-03-19,-1.0384526155706562,-1.0388155772123526,-1.039995487825619,-1.041277760404507,-1.0423718633282235,-1.0434384981686438,-1.0450796122294832,-1.0463477806399462,-1.0475195082808562,-1.0488553347823613,-1.0502151988894046,-1.0517101273746663,-1.0513704224208837,-1.0516388568795265,-1.0529288688909368,-1.054558890234766,-1.0559352949215828,-1.0559840781716354,-1.0574325498486785,-1.058806530862626,-1.0608296887637505,-1.0621076615737244,-1.0633340767676096,-1.0642317186853922,-1.0653495583729635,-1.0666771706573246,-1.0676137479837713,-1.0694839865232362,-1.0690860560864355,-1.0697022038306576,1
2017-03-20,-1.0376608351376788,-1.0388283952634036,-1.040100646049962,-1.0412059105094489,-1.0422820080443285,-1.0439367902610166,-1.045172122476128,-1.0463323548354666,-1.0476789856719553,-1.04904319726516,-1.050544760247346,-1.0502083572215413,-1.0504735666739164,-1.0517419933603722,-1.0533674125900692,-1.0547447172571236,-1.0547035885442821,-1.0560486661734585,-1.057460983857764,-1.0595074126458666,-1.0608012247341903,-1.0620636487312844,-1.0629973350304884,-1.0642420851999153,-1.0655232787555582,-1.0664696432296457,-1.0683352518054532,-1.0679416134050286,-1.0685612930489607,-1.069538461505736,0
2017-03-21,-1.0376736471187948,-1.0389335032820222,-1.04002883067724,-1.0411160981406262,-1.0427800630464887,-1.044029256834859,-1.0451567041016872,-1.0464917548150878,-1.0478667574388945,-1.0493725999747245,-1.0490437112498467,-1.049311931812815,-1.0505766535413839,-1.0521803234039666,-1.0535531487449958,-1.0535136132340044,-1.0547681433858598,-1.0560770848942607,-1.0581614944452362,-1.0594789635697939,-1.060757234870325,-1.0617270799361544,-1.0630076963147073,-1.0644157243181775,-1.065315851433057,-1.06719080104083,-1.0667936213375429,-1.0674171026813284,-1.0683976293293522,-1.0697100010842253,1
2017-03-22,-1.0377787053639473,-1.0388617221961365,-1.0399390614613375,-1.041613915270672,-1.0428724856242093,-1.0440138457392185,-1.0453160273042417,-1.046679435436255,-1.0481960010850342,-1.047872273571004,-1.0481477163079433,-1.0494149692161168,-1.051014772728121,-1.0523659690694889,-1.0523226467186069,-1.0535781365056562,-1.0547965475161538,-1.0567772188340236,-1.0581330604361505,-1.0594349968158636,-1.0604208417937067,-1.0617374358990814,-1.0631812478253777,-1.0642083940277152,-1.066036661378748,-1.0656499098903138,-1.0662693631649538,-1.0672535176536397,-1.0685690865594182,-1.0686911599513795,1
2017-03-23,-1.037706958269697,-1.038771995838779,-1.0404366394009117,-1.0417062937071755,-1.042857081861256,-1.0441730937275029,-1.0455036175266044,-1.0470085192651504,-1.0466963991655063,-1.0469767099543752,-1.0482507042323,-1.04985287818015,-1.0512003290895624,-1.0511360665354037,-1.0523871384390675,-1.053606526745183,-1.0554963219988551,-1.0567488001132213,-1.0580891169675637,-1.0590987804622798,-1.0604311923499101,-1.06191089827811,-1.0629740221409951,-1.0649288667870713,-1.0644965135091782,-1.0651259031354248,-1.0661058569032056,-1.0674248924445517,-1.0675507345262991,-1.0601635636328421,0
2017-03-24,-1.0376172744018841,-1.039269336219559,-1.0405289734515544,-1.0416908973010917,-1.0430162540784411,-1.0443605953911277,-1.045832542848007,-1.0455096452632275,-1.0458012680025635,-1.047079648301114,-1.048688402910816,-1.0500383455060933,-1.0499710181950122,-1.0512005268359323,-1.05241551479607,-1.0543059590098904,-1.0554679178685609,-1.0567048802719816,-1.0577530786783707,-1.0591091255808516,-1.0606045641663213,-1.0617037790195683,-1.063694131394224,-1.0633894393803895,-1.0639727595198634,-1.0649624752861275,-1.066277149177418,-1.0664070300500443,-1.0590272319225653,-1.0603299050422863,0
2017-03-25,-1.03811437926919,-1.0393616261871266,-1.040513584443114,-1.0418499934972918,-1.0432036665277076,-1.044689365431456,-1.0443343907981797,-1.0446149486034177,-1.0459041566419822,-1.0475171362747546,-1.0488737811746582,-1.0488096244717182,-1.0500354474871794,-1.0512288893681647,-1.0531146050458635,-1.0542775687703634,-1.0554240205762881,-1.0563690226625013,-1.057763418318038,-1.0592824063169295,-1.0603975530422485,-1.0624235184430004,-1.0621554806876847,-1.0628659303969725,-1.0638094105033937,-1.0651336854139626,-1.0652597768820966,-1.057887625671527,-1.0591934934789928,-1.063973821542923,1
2017-03-26,-1.0382066255332263,-1.0393462445258654,-1.0406726041969985,-1.0420373164379793,-1.0435322801373803,-1.043191920638397,-1.0434401250806156,-1.0447177872999476,-1.0463414333595118,-1.047702425298885,-1.0476456501767042,-1.0488740228487818,-1.0500637963757329,-1.0519276390258947,-1.0530862286888607,-1.0542336929456402,-1.0550883354000846,-1.056379356742793,-1.0579366072824683,-1.059075503945493,-1.0611169166984014,-1.0608856579483292,-1.0616322358346193,-1.0627026577932335,-1.0639805380444571,-1.0641168010183357,-1.0567444745837562,-1.0580538072869567,-1.062835660699485,-1.0628588142827424,1
2017-03-27,-1.038191251155887,-1.0395051883588982,-1.040859837133024,-1.0423657731011022,-1.042035547837074,-1.042298077091254,-1.043542914243554,-1.0451548517601996,-1.0465266329104654,-1.0464748855140227,-1.0477100176294272,-1.04890235813469,-1.0507622099028255,-1.0518992764936619,-1.0530423743189476,-1.05389817193305,-1.055098664174737,-1.056552452587679,-1.0577298144891185,-1.0597944896862344,-1.0595798591021608,-1.0603626818205116,-1.0614690456081681,-1.0628737052828647,-1.0629641441642022,-1.0556055823906536,-1.0569105761829922,-1.0616942232999653,-1.061721188704056,-1.062723661887569,0
2017-03-28,-1.038350119721727,-1.0396923319042433,-1.0411881359797532,-1.0408697556432838,-1.0411421295857761,-1.0424008177288566,-1.043979768186042,-1.0453399614139534,-1.0452996858853971,-1.0465392219807346,-1.0477383393086253,-1.0496004365420604,-1.0507338610142718,-1.0518554434893026,-1.0527070173725523,-1.0539084956565141,-1.055271671150165,-1.056345770981845,-1.0584484194460089,-1.0582582395783198,-1.059057156013877,-1.0601995754044102,-1.0616400067977836,-1.0618577868595998,-1.0544570311001307,-1.0557716043327967,-1.060549239341259,-1.0605802871590375,-1.0615861011894587,-1.0629393859029421,1
2017-03-29,-1.0385371746460226,-1.0400204740111494,-1.0396928373262904,-1.0399767640904178,-1.0412448213387988,-1.042837465438668,-1.0441647886793313,-1.0441136099578348,-1.0453639912850339,-1.0465675300260877,-1.048436082496142,-1.049572101256152,-1.0506900490955982,-1.0515202499265541,-1.052717336047826,-1.0540814180245415,-1.0550650956571166,-1.0570639895621181,-1.0569129829553872,-1.0577358110904431,-1.0588941347536696,-1.060370448792707,-1.0606246009443099,-1.0533546533220182,-1.0546229729581313,-1.05940852250287,-1.0594358395588792,-1.0604452645965008,-1.0618017216454507,-1.0614137232881962,1
2017-03-30,-1.0388651613625957,-1.0385258892585993,-1.0388002748367446,-1.0400794067976438,-1.0416812612891455,-1.043022398586353,-1.0429390279112907,-1.044177884143166,-1.045392285660874,-1.0472649373252443,-1.048407760816944,-1.0495283103597488,-1.0503550167763287,-1.0515305635746386,-1.0528901738586605,-1.0538749435552552,-1.0557829454954595,-1.0555293786388007,-1.0563908311521792,-1.057572875472937,-1.0590649189310297,-1.0593555644258532,-1.0521257575635772,-1.0535205175543878,-1.058258136784961,-1.0582956566719417,-1.0593008820094998,-1.0606607813790114,-1.0602767914325915,-1.0531616299290507,1
2017-03-31,-1.037371284364454,-1.0376337529054476,-1.0389028682263477,-1.040515638303354,-1.0418661064445864,-1.041797216482941,-1.0430032711381272,-1.0442061647847116,-1.0460893561929359,-1.047236629279891,-1.0483639909490923,-1.0491934387990178,-1.0503653254630754,-1.0517033171800552,-1.0526838003531864,-1.054592442336025,-1.054249122459576,-1.0550075075840697,-1.0562279818274163,-1.057743569929372,-1.0580505644230729,-1.0508610858349166,-1.0522915381110831,-1.0571539808947383,-1.0571458077680496,-1.0581607638439503,-1.0595162950210093,-1.0591365843749914,-1.0520286595316906,-1.0333747994587597,1
2017-04-01,-1.036479570478771,-1.0377362973138557,-1.03933889013216,-1.040700395176361,-1.0406415072897903,-1.0418614293814425,-1.0430315381579351,-1.0449028969537015,-1.0460610618170958,-1.0471928804825268,-1.0480292801949331,-1.049203742539348,-1.0505379959660837,-1.0514970442183638,-1.0534009482847086,-1.0530593694015746,-1.0537275193396292,-1.0548447458194754,-1.0563985858819298,-1.056729748309334,-1.0495605206970364,-1.0510267812417498,-1.0559231682298844,-1.0560421722121347,-1.057010980008424,-1.0583760735501673,-1.0579928319155152,-1.0508924182970296,-1.0322513278272631,-1.0307679176826263,1
2017-04-02,-1.0365820663277001,-1.038172111049591,-1.0395235582334454,-1.039476380892691,-1.0407056896354296,-1.0418896830567834,-1.043727934736843,-1.0448746163121556,-1.0460173341453427,-1.0468583308556254,-1.0480395789873687,-1.0493763301898786,-1.0503318222311484,-1.0522138427602414,-1.051868625006564,-1.0525380213666267,-1.0535648411388534,-1.0550152581442884,-1.055385301194516,-1.048244164800803,-1.0497261295962945,-1.0546565462476911,-1.0548119204973838,-1.0559074075233341,-1.0572261858555188,-1.056853341049573,-1.0497526353909097,-1.0311245958241093,-1.0296456974976242,-0.9287096657350469,0
2017-04-03,-1.0370176736856487,-1.0383566909847257,-1.0383001320624303,-1.0395405325847074,-1.0407339298675107,-1.0425857508765415,-1.043699667717035,-1.0448309098661306,-1.0456829460672319,-1.0468686246902992,-1.048212083760666,-1.049170255383275,-1.051048275960048,-1.0506822660196826,-1.051347531905242,-1.0523754227220639,-1.0537352659206183,-1.0540025182757016,-1.0469042117572602,-1.048409686697952,-1.0533539995456707,-1.0535458692237618,-1.0546772238025353,-1.0561225126996887,-1.0557041878766678,-1.0486170962635655,-1.0299943310942727,-1.0285202183197955,-0.9276364391188303,-1.0018375078619497,1
2017-04-04,-1.0372021662137212,-1.0371338489144575,-1.0383642529309323,-1.0395687593291945,-1.04142966649424,-1.0425574972012006,-1.043655982322786,-1.0444966841024086,-1.0456932349311738,-1.047041046421087,-1.0480061079119527,-1.049886365336223,-1.049517435978155,-1.0501614267914117,-1.0511850127696813,-1.0525457641592249,-1.0527230460046817,-1.0455259889164337,-1.04706964599194,-1.0520356507573732,-1.0522439023928303,-1.0534112417057098,-1.0548922204500821,-1.0546012266934222,-1.0474719160149102,-1.0288682674270693,-1.0273912075937437,-0.9265600074904026,-1.0007291758633166,-0.9903183652579395,0
2017-04-05,-1.0359799032152417,-1.0371979391697126,-1.038392466113073,-1.0402641636706504,-1.0414014262621585,-1.0425138324302197,-1.0433219175432362,-1.0445069679720613,-1.0458655734022002,-1.046835169727609,-1.0487218739862318,-1.0483562598971898,-1.0489968472974438,-1.0499989868340796,-1.0513552709116973,-1.0515340392597223,-1.0442508685960388,-1.0456913342011007,-1.050693689695394,-1.0509261367905458,-1.052109345162183,-1.0536261279364467,-1.0533717019909263,-1.046372805790703,-1.0277326134374105,-1.0262663923025446,-0.9254800904499051,-0.9996176001737194,-0.9892155630807049,-0.9952852157805621,0
2017-04-06,-1.0360439631208223,-1.0372261388820248,-1.039087536327633,-1.0402359369261633,-1.0413577822671238,-1.042179925358011,-1.04333219645953,-1.044679222788749,-1.0456597961233627,-1.0475505912374448,-1.0471925033095346,-1.0478359210105155,-1.0488344854811824,-1.0501691620274751,-1.0503440407348748,-1.0430660050881195,-1.0444161289904774,-1.0493134293433422,-1.049584763341056,-1.0507916502491124,-1.0523241192034085,-1.052106390376898,-1.0451474326420003,-1.0266427370245923,-1.0251319933815544,-0.9244041485191871,-0.998502506014095,-0.9881095233052072,-0.9941800292421604,-1.0027679801210283,1
2017-04-07,-1.0360721494792777,-1.0379208772489907,-1.039059323145492,-1.0401923137755922,-1.0410240340698,-1.042190199421771,-1.043504368307452,-1.0444735453956893,-1.046374872167323,-1.0460219567883713,-1.0466724142915331,-1.0476736371003148,-1.049004578812504,-1.049158424515187,-1.041880147341621,-1.0432311846635485,-1.0480363645061486,-1.048205099232057,-1.0494503480253787,-1.0510063114594774,-1.050805175080524,-1.043886344803529,-1.0254273184519613,-1.0240433335079222,-0.9233188849734786,-0.9973915448338673,-0.9869999702669919,-0.9930716024784307,-1.0016592014445835,-0.9932683261910513,0
2017-04-08,-1.0367665588557724,-1.0378926775366784,-1.039015720954911,-1.0398587249771079,-1.0410343032451022,-1.0423622899897558,-1.043298789981575,-1.0451882743365717,-1.0448469758719547,-1.0455021181373394,-1.0465102083106712,-1.047843648815763,-1.047994327511322,-1.0406986546738168,-1.0420452461460001,-1.0468496497377902,-1.0469286034246772,-1.048070756188265,-1.049664895548479,-1.0494881653090635,-1.0425894210938842,-1.0241763583625656,-1.022829226434017,-0.9222778520631738,-0.996271074297074,-0.9858945253404545,-0.9919596602066837,-1.0005471785850297,-0.9921641078704757,-0.9944924950011796,0
2017-04-09,-1.036738372497317,-1.0378490961631048,-1.0386822924387014,-1.0398689892478303,-1.0412063119314154,-1.0421568087145503,-1.0440131746639971,-1.0436611196931034,-1.0443273882428903,-1.0453399902412255,-1.0466801383858597,-1.0468338822634045,-1.0395386272072973,-1.04086367304317,-1.0456619418294326,-1.0457424303962426,-1.0467943293541957,-1.0482851883543178,-1.0481475534272753,-1.0412767274426855,-1.0228897249993048,-1.0215796006586004,-0.9211150895759764,-0.9951959152187355,-0.9847796006305195,-0.9908518367691349,-0.9994316368348222,-0.9910566503913446,-0.9933876890123101,-0.999246220592952,0
2017-04-10,-1.036694811761522,-1.037515826835778,-1.0386925517776615,-1.040040915782434,-1.0410009284253698,-1.0428708561458888,-1.0424867555943615,-1.0431417842756274,-1.0441653386358056,-1.0455098385133448,-1.0456708567271638,-1.038382239257567,-1.0397035661952452,-1.0444786066968124,-1.044555263906328,-1.0456082219912066,-1.0470086514282333,-1.0467686620715106,-1.039940464441208,-1.0215873805208788,-1.0202943230312418,-0.9199177015941972,-0.9939963627732624,-0.9837098171271287,-0.9897345207967617,-0.9983202300727305,-0.9899456783159455,-0.9922796432173981,-0.9981391325545929,-1.0003430342614745,0
2017-04-11,-1.0363617002525025,-1.0375260812766187,-1.0388643957052466,-1.0398356303679819,-1.0417146361088778,-1.0413451576774893,-1.0419676703215226,-1.0429798133285928,-1.0443351048908467,-1.044501042715303,-1.0372232722318029,-1.0385470991028498,-1.0433167608999825,-1.043372467939742,-1.04442112112777,-1.045822439253091,-1.0454929037479916,-1.0385659858399727,-1.0202615452440642,-1.018993342038996,-0.9186855004191503,-0.9927615448232713,-0.9825160598584781,-0.9886624194405449,-0.9971993115652659,-0.9888388207206493,-0.9911680822728239,-0.9970288021958524,-0.9992354196922874,-1.002022042863052,1
2017-04-12,-1.0363719498373953,-1.0376978431607027,-1.0386592089260407,-1.0405489971832025,-1.0401896635764902,-1.0408263174575958,-1.0418057773898945,-1.0431494971778672,-1.0433267962245432,-1.0360575248240393,-1.0373880529107735,-1.0421585600885812,-1.042211154246393,-1.0432383905146425,-1.0446352336396993,-1.044307432834703,-1.0372944388676377,-1.018897647524792,-1.0176688805974419,-0.9174378992991317,-0.9914913127555601,-0.9812871379000676,-0.9874661633941624,-0.996123718268554,-0.9877224757685023,-0.990060638451109,-0.9959149545384944,-0.9981245622225925,-1.0009136222774786,-0.9984249098838214,1
2017-04-13,-1.0365436303843516,-1.037492754343886,-1.0393722329837811,-1.0390247529808967,-1.0396710702237255,-1.0406645009533715,-1.041975379508743,-1.0421416779518744,-1.034887355576222,-1.0362222261788216,-1.0409977796594772,-1.0410534839381684,-1.0420771413186853,-1.0434523987123976,-1.0431209680432836,-1.0361129773349047,-1.0176361985104299,-1.0163063768916476,-0.9161672228916429,-0.9902054633332781,-0.9800228964819261,-0.9862346991884797,-0.9949236977108736,-0.9866513156230614,-0.9889437041297268,-0.9948052342664186,-0.9970101869584578,-0.9998019579033369,-0.9973182161197316,-0.9983027529112607,0
2017-04-14,-1.0363386386864935,-1.0382054379823236,-1.0378487211481773,-1.0385064073094057,-1.0395093307127146,-1.0408340230054158,-1.0409680457119463,-1.0337063338690122,-1.035051977399292,-1.0398302152320222,-1.0398932341707512,-1.040919535313876,-1.0422910465686803,-1.0419388708559865,-1.034930519544783,-1.016464350651451,-1.0150462582663369,-0.9148592941880875,-0.9888962483127435,-0.9787430719557071,-0.9849678747082156,-0.9936884035052449,-0.9854560742556532,-0.9878719727081577,-0.9936860112904055,-0.995899941447425,-0.9986867749757476,-0.9962082804696679,-0.99719611778923,-0.9998725999628902,1
2017-04-15,-1.0370509848365508,-1.0366826535174611,-1.0373306245306826,-1.0383447450455245,-1.039678772105202,-1.0398271647569097,-1.0325367646219223,-1.0338708757834598,-1.0386582242109184,-1.038726201463247,-1.0397593498690874,-1.0411333379257273,-1.0407782467885942,-1.0337524126888575,-1.0152915008301109,-1.0138756769927744,-0.9136512596972473,-0.9875492149599155,-0.9774399275611684,-0.9836854523533917,-0.9924176875357861,-0.9842256423806264,-0.9866761154724545,-0.9926120614738502,-0.9947801904165982,-0.9975757254259324,-0.995094827892266,-0.9960862408458366,-0.9987652112280155,-0.9994151610869187,0
2017-04-16,-1.0355289214799537,-1.0361648042549993,-1.037169039942058,-1.0385141055124476,-1.0386723929255792,-1.0313998639575508,-1.0327012272826237,-1.0374753720968317,-1.0375547435531525,-1.0385923816124862,-1.0399730498121276,-1.0396212640322722,-1.0325957266833585,-1.0141229619718959,-1.0127040930052302,-0.9125302646744795,-0.9863038606023306,-0.9760990539967104,-0.9823796904123101,-0.9911313514454555,-0.9829598668047091,-0.98544505701529,-0.991413812681647,-0.9937057287560384,-0.9964551660457936,-0.9939855009270869,-0.994972847030327,-0.9976545798414551,-0.9983079919478396,-1.0006965097565435,1
2017-04-17,-1.0350113174428617,-1.0360032968117563,-1.0373383190349028,-1.037508206981633,-1.0302491018838893,-1.0315642489777148,-1.0363039874436153,-1.0363724270765489,-1.037420988321908,-1.0388059786819697,-1.0384617020221925,-1.0314426701451846,-1.0129757186325992,-1.0115368147146895,-0.911408237512122,-0.9851473355224574,-0.9748595782874554,-0.9810361608560707,-0.9898216460629836,-0.9816784993504596,-0.9841786447976879,-0.9901803210636969,-0.992506928166764,-0.9953799208515208,-0.9928666733665267,-0.9938635785633255,-0.996540430873118,-0.9971975803990233,-0.9995887254996961,-1.0001948864436885,0
2017-04-18,-1.0348498864807982,-1.03617249508563,-1.0363329038167939,-1.0290889389214222,-1.0304134086887256,-1.0351653083256886,-1.0352015736711007,-1.0362387367710602,-1.0376344822487018,-1.0372953584435753,-1.0302870355263771,-1.0118320763617525,-1.0103908154308507,-0.9102903098804671,-0.9839897993873377,-0.9737086499239985,-0.9797941503776464,-0.9884741151460229,-0.9803738003168178,-0.9828966370622908,-0.9889114366218027,-0.9912728751525036,-0.9941802755681519,-0.9917931068265244,-0.9927448098145573,-0.9954304106423014,-0.9960836514752186,-0.9984776981553808,-0.999087342993594,-1.0014190552538167,0
2017-04-19,-1.0350190046315313,-1.035167559883229,-1.0279176810346122,-1.0292531672529834,-1.0340127546321727,-1.0340634149874,-1.0350679477592808,-1.0364521270663596,-1.0361245914652322,-1.0291246271711698,-1.0106858588231822,-1.0092484134739574,-0.909193014809655,-0.9828365105073467,-0.9725567071840765,-0.978640808809074,-0.9872282859337217,-0.9790313492794807,-0.9815912928876642,-0.9876269425292532,-0.9900034203012869,-0.992945363165227,-0.9905952712283366,-0.9916713002808779,-0.9943108860994397,-0.9949738503014077,-0.9973631528568346,-0.9979765567213504,-1.0003109241354284,-1.0092448987512614,0
2017-04-20,-1.0340145453120262,-1.0267563547835425,-1.0280818304579769,-1.0328507941412541,-1.0329113855810037,-1.0339298521585165,-1.0352812352723781,-1.0349429691947838,-1.0279578057113705,-1.0095328863280764,-1.008103436619937,-0.9080991705875747,-0.9817043173863215,-0.9714089884296409,-0.9774864542960874,-0.9860713087725134,-0.9777903680950779,-0.9802481872338284,-0.9863190931256226,-0.9887183525385796,-0.9916750351281749,-0.9893621999924577,-0.9904735261387618,-0.9932366439738676,-0.9938545459899375,-0.9962527380744792,-0.9968622527216381,-0.9991995495474039,-1.0081330107979836,-1.0097361257260262,1
2017-04-21,-1.025607323303617,-1.0269204258369957,-1.0316777287635601,-1.0317499511062556,-1.0327778863020742,-1.034143038981542,-1.0337728043062566,-1.0267801476577256,-1.0083755254140014,-1.0069517072835965,-0.9070027659770429,-0.9805756800701241,-0.9702822924709182,-0.9763363338020451,-0.984913320824334,-0.9766380064569973,-0.9790065813103997,-0.984973445447209,-0.9874099251105424,-0.9903890891879279,-0.9880937426817151,-0.9892405174280644,-0.9920380800558489,-0.9927805173348507,-0.9951328168648499,-0.9957520781552038,-0.9980846566785166,-1.0070178752358268,-1.0086240019568087,-1.0024716844854558,0
2017-04-22,-1.0257713166619034,-1.0305146073517049,-1.0305774146600684,-1.0316165155868617,-1.0329909716895964,-1.0326353201247227,-1.0256139144980194,-1.0072073727406787,-1.0057955927805766,-0.9058997057486222,-0.9794444719695676,-0.9691591357842747,-0.9752072675641799,-0.9837595820109158,-0.9754846312929893,-0.9778536248949202,-0.9837294135202163,-0.9860636909179834,-0.9890797769168415,-0.9868096781620799,-0.9879721236463224,-0.9908042678300534,-0.9915821835502076,-0.9940581902498241,-0.9946323984493163,-0.9969738958856635,-1.0058992178550796,-1.007508630318893,-1.001363048047197,-1.0050941607687243,0
2017-04-23,-1.0293637961668682,-1.0294148185715264,-1.0304440432535846,-1.0318294992043555,-1.0314839702139877,-1.0244802820150107,-1.006050567061764,-1.0046286924251924,-0.9047923876791973,-0.9783065388448109,-0.9680334099508419,-0.9740817477270225,-0.982626944850156,-0.9743354860736382,-0.9766996553064676,-0.9825741474489774,-0.9848190992460459,-0.9877326448850933,-0.9855022615918911,-0.986688123018861,-0.9895350576330721,-0.9903486054612618,-0.9928592118302141,-0.993558005924084,-0.9958536268105408,-1.0047847094449291,-1.0063897366403238,-1.0002511675825454,-1.0039842653977509,-1.0063729103538266,1
2017-04-24,-1.0282645281871037,-1.0292815108405957,-1.0306569245370107,-1.0303232174758143,-1.023332812317808,-1.0049261701632826,-1.003473128801083,-0.9036745150092353,-0.9771642566463302,-0.9669009700261334,-0.9729536580369847,-0.981497864829676,-0.9732073823353096,-0.9755499181355965,-0.9814178695753677,-0.9836633002744624,-0.986487196352411,-0.9841570531041647,-0.9853807708257981,-0.988250235923205,-0.9890796331601118,-0.9916249778920244,-0.9923592798666416,-0.9947786630091804,-1.0036606726611714,-1.0052749929928206,-0.9991357683611828,-1.0028711246133055,-1.0052624011127882,-1.0060974073944347,1
2017-04-25,-1.028131283583496,-1.0294942904880426,-1.0291513665445875,-1.0221759525897522,-1.0037880044237555,-1.0023499486753955,-0.9025675772735067,-0.9760112541483436,-0.9657641953987353,-0.9718188495415875,-0.9803662138925605,-0.9720828221029658,-0.9744212301997399,-0.9802658337222672,-0.9825064898167432,-0.9853305816139489,-0.9829134403226756,-0.984035627660737,-0.9869420564155886,-0.9877950507060451,-0.9903553392122106,-0.9911253026807928,-0.9935793210834429,-1.002582056816452,-1.00415071971058,-0.9980245034882881,-1.00175446388664,-1.004148645781922,-1.0049870304099549,-1.0035970880837266,1
2017-04-26,-1.0283439624700237,-1.0279894512946517,-1.0210080162448536,-1.002640479336968,-1.0012130087167104,-0.901492033256794,-0.9748694744843934,-0.9646167265728344,-0.9706797001469649,-0.9792278370481247,-0.9709556923044641,-0.9732960875268456,-0.9791348772146932,-0.9813539235951895,-0.984172955873446,-0.9817585732952967,-0.9827920772205097,-0.985596073784784,-0.9864871122702191,-0.9890700865700214,-0.989855924875385,-0.9923447173154564,-1.001378777779385,-1.003071874627669,-0.996903727630702,-1.0006419431698885,-1.003031369930768,-1.0038734074813664,-1.0024879113899026,-1.0024249009640496,1
2017-04-27,-1.0268398358869892,-1.019849988877247,-1.001481929368673,-1.0000667134532766,-0.9004030820681149,-0.9737597977465124,-0.9634804352308162,-0.9695298452995488,-0.9780851099691279,-0.9698218456148516,-0.9721683751137646,-0.9780074727928245,-0.9802224436664756,-0.9830195777608479,-0.9806026942287454,-0.981637269544591,-0.9843517221930242,-0.9851413742519491,-0.987761472859237,-0.9885709345989313,-0.9910747028683637,-1.0001401684088151,-1.0018683484587385,-0.9958282726046453,-0.9995199047357456,-1.001918236850114,-1.0027562641570331,-1.0013754900744376,-1.0013162869844516,-0.9971773493129898,1
2017-04-28,-1.018704227878242,-1.0003332243469472,-0.9989094001243789,-0.899304933837214,-0.9726364611443081,-0.9623761351001365,-0.9683911874901993,-0.976931660482286,-0.9686836605422416,-0.9710339446477029,-0.9768774979549762,-0.9790945173976594,-0.9818872965760764,-0.979451055523586,-0.9804814497942793,-0.9831961517877023,-0.983897256108318,-0.9864150496479014,-0.9872625852452808,-0.9897890723107625,-0.9988660840506544,-1.0006294876571196,-0.9946284011106288,-0.9984432258931,-1.0007955827691266,-1.0016432630084393,-1.000259549493515,-1.0002044290032057,-0.9960712544465244,-0.9720727919095297,1
2017-04-29,-0.9991967054308114,-0.9977619233061101,-0.8981960343859063,-0.9715038140999673,-0.9612582149093889,-0.9672845690616041,-0.9757894374926923,-0.9675347745868693,-0.9698951742713972,-0.9757408005523422,-0.9779640205569397,-0.9807585714609851,-0.9783204909616996,-0.9793298701585922,-0.9820395697606081,-0.9827419079552724,-0.9851702775842281,-0.9859164302738268,-0.9884800778161272,-0.9975763603156962,-0.9993551478312763,-0.9933932585618231,-0.9972420350549016,-0.9997183071794425,-1.000520741566813,-0.9991477456906003,-0.9990890522863975,-0.9949619183539444,-0.970978748610052,-0.9502586755116373,0
2017-04-30,-0.9966266220189142,-0.8970966411819425,-0.970360224632619,-0.9601310021393289,-0.9661643134100502,-0.9746793264530563,-0.9663970777291939,-0.9687457002385085,-0.9745997573088185,-0.9768268001104382,-0.9796272755353009,-0.9771934773067397,-0.9781993638924252,-0.9808872310193626,-0.9815855480485652,-0.984014306872249,-0.9846719142072491,-0.9871332682281746,-0.9962632415758278,-0.9980651671682145,-0.9921226966839823,-0.9960055502101788,-0.9985164730138533,-0.9994435945445803,-0.9980264280137385,-0.9979778098170603,-0.9938490658979948,-0.9698814773627533,-0.949175104186663,-0.9535361210945925,1
2017-05-01,-0.8960090095214414,-0.9692263780563047,-0.9589928770646124,-0.96503475747705,-0.9735555523338617,-0.9652914006921123,-0.9676074201227938,-0.9734479996373367,-0.9756852324546861,-0.9784892544102727,-0.976063893352558,-0.9770724083578599,-0.979755975591185,-0.9804334305036414,-0.982857324776049,-0.9835161872150959,-0.9858881274225709,-0.9949122471677528,-0.9967517895501165,-0.9908365155661588,-0.9947336244863507,-0.9972793336502096,-0.9982418989820467,-0.9969504478017721,-0.9968570564831392,-0.9927403363610132,-0.9687807011007775,-0.9480883164517824,-0.9524509764156506,-0.9444185325894326,0
2017-05-02,-0.9681045896581693,-0.9578644576046708,-0.9638942762528933,-0.9724224663296399,-0.9641720934014091,-0.9665011716998837,-0.9723074545981533,-0.9745329478857268,-0.9773468839812987,-0.9749275876131044,-0.9759428825414389,-0.9786282731477184,-0.9793023933743278,-0.981704587630065,-0.982359448694093,-0.9847318056530188,-0.9936631125421759,-0.9954005324615357,-0.9895269663324603,-0.993446071725899,-0.9960067428993986,-0.9970049006326419,-0.9957500101273484,-0.9957816232892912,-0.9916221094315207,-0.9676839935616283,-0.9469980335634499,-0.9513626135932972,-0.9433377648539625,-0.9475556276081692,1
2017-05-03,-0.9567480495968251,-0.9627635167163748,-0.9712784354695654,-0.9630434889568661,-0.9653812887932518,-0.9711989873542659,-0.9733918802671536,-0.9761937928346842,-0.9737869370574106,-0.9748066350556861,-0.9774980001992255,-0.9781749085731901,-0.9805729390158653,-0.9812069541099844,-0.9835744727075713,-0.9925029884907804,-0.9941511471445025,-0.9881795938577094,-0.9921351404385836,-0.9947185213102323,-0.995732453160002,-0.9945142915486794,-0.9945817753316426,-0.990549125083751,-0.9665778530810585,-0.9459117723052625,-0.9502707541358997,-0.9422537837975525,-0.9464733538947143,-0.9304484532806432,1
2017-05-04,-0.9616447887794128,-0.9701441505115586,-0.961903964494596,-0.964252106834452,-0.9700768692002165,-0.972282901080974,-0.9750519252486092,-0.9726355739347509,-0.9736660429060936,-0.9763610040914444,-0.9770448533320558,-0.9794448445688859,-0.9800755448803344,-0.9824213861719427,-0.99134185551985,-0.9929907844244692,-0.9869339158561279,-0.990786365611291,-0.9934069161176845,-0.9944443756680793,-0.9932431443930265,-0.9933466567286512,-0.9893519171220422,-0.9655165841390693,-0.9448161341091741,-0.9491829233840515,-0.9411663102277684,-0.9453878652010483,-0.9293743919508627,-0.8825629200368965,1
2017-05-05,-0.9690219275060847,-0.9607741551932548,-0.9631120016571708,-0.9689454446223599,-0.9711602671946064,-0.9739421623782573,-0.9714954202109398,-0.9725147384663282,-0.9752196613613163,-0.9759080753657929,-0.9783141794997526,-0.9789476890979544,-0.9812893927447647,-0.9901849847676042,-0.9918294129265324,-0.9857770826537805,-0.9895393492621993,-0.9920574574871702,-0.9931329156664963,-0.9919563746515578,-0.9920761191810659,-0.9881194844412081,-0.9643320060539236,-0.9437650450409518,-0.9480857072800958,-0.9400828456803304,-0.9442988825758626,-0.928297124689192,-0.8815118463942657,-0.8445201198801052,1
2017-05-06,-0.9596563693101884,-0.9619816156022619,-0.9678030843967655,-0.9700283251835939,-0.9728187390059236,-0.9703873363172049,-0.971374642944487,-0.9740676027839291,-0.9747669513478739,-0.9771767904893508,-0.9778172627647315,-0.980160954521834,-0.9890492566933836,-0.9906723046396002,-0.9846192385790336,-0.9883812418976534,-0.9908097885444465,-0.9917836043594404,-0.9906462323264658,-0.9907899625325856,-0.9868516759372782,-0.963112422963044,-0.9425914414411561,-0.9470330887443625,-0.9389900191884277,-0.9432139157454362,-0.9272163712294205,-0.8804575921473443,-0.8434873088719084,-0.8231036634141655,1
2017-05-07,-0.9608632579313284,-0.9666704586767292,-0.9688854446570766,-0.9716860049052936,-0.9692656043513369,-0.9702666160680217,-0.9729267593048573,-0.9736151125191977,-0.9760350538287098,-0.9766801129663353,-0.9790299455740319,-0.9879170950553838,-0.9895363421421677,-0.9834656430405055,-0.9872221244168247,-0.989651059883764,-0.9905360760161573,-0.9892982580492861,-0.9894804379539565,-0.985568263933462,-0.9618576703445364,-0.9413830237513003,-0.9458578362912335,-0.9379416555075942,-0.9421195789166613,-0.9261395966331522,-0.8793998733493156,-0.8424513373810054,-0.822081133481854,-0.7192130568781774,1
2017-05-08,-0.9655498806236116,-0.9677523021854362,-0.9705423278991643,-0.9681345672352747,-0.9691449415415352,-0.9718179996958219,-0.9724744869879282,-0.9748825994539284,-0.9755386161435144,-0.9778922119991866,-0.9867823615799848,-0.9884039467859852,-0.9823331472778735,-0.9860672607698389,-0.98849132147549,-0.9893774812119596,-0.9880520057122518,-0.9881330904963966,-0.9842615048317926,-0.9605873888621719,-0.9401396157902471,-0.9446477410640619,-0.9367709900310658,-0.941069751264943,-0.9250534959578931,-0.8783460300386943,-0.8414119185365118,-0.8210554543944213,-0.7182404001455374,-0.5724973346638774,0
2017-05-09,-0.9666312118298135,-0.9694083943812295,-0.9669925966189024,-0.9680139620542841,-0.9706955870121785,-0.9713659408903702,-0.9737413634211443,-0.9743864027431718,-0.97675012987267,-0.9856408960499622,-0.9872689795225704,-0.9812042082302657,-0.9849335135097421,-0.9873358394842413,-0.9882178765807368,-0.9868946257187924,-0.9868874363701919,-0.9829169634691604,-0.9592938599447295,-0.9388807438188611,-0.9434026286334447,-0.9355655615770138,-0.9398975075441851,-0.9240116516171641,-0.8772829835859169,-0.8403762930519877,-0.8200263376348582,-0.7172646492075596,-0.5715951095395697,-0.6716212201854804,1
2017-05-10,-0.9682865197900186,-0.9658603578503041,-0.9668720493861188,-0.9695638669333964,-0.9702437432988784,-0.9726322192488231,-0.9732454057099664,-0.975597328394811,-0.9844950722049146,-0.9861272797383038,-0.9800726983081438,-0.9838033267285559,-0.9862014819795929,-0.98706252781,-0.9857362351774117,-0.985730625898191,-0.9816739873643858,-0.9579627430847744,-0.9375987110124256,-0.9421420424486258,-0.9343251908428518,-0.9386904733902597,-0.9228480143616242,-0.8762634857237156,-0.839331562092831,-0.8190009680010577,-0.716285507561934,-0.570689867810753,-0.6706714101495078,-0.604065815274958,0
2017-05-11,-0.9647401634170717,-0.9657398681704243,-0.9684212095691233,-0.969112239021602,-0.9715094191548838,-0.9721364956723904,-0.9744557481035663,-0.9833385112760966,-0.9849812210261681,-0.9789344627599186,-0.9826705687000423,-0.9850706867891691,-0.9859283017808038,-0.9845820954456606,-0.9845728045403018,-0.9805197264795791,-0.9567325787724681,-0.9362792591127117,-0.9408582824176008,-0.933069373461144,-0.9374484711773003,-0.9216497363937511,-0.8751239392483602,-0.8383298174550222,-0.8179665478752299,-0.7153098887612795,-0.5697813016981667,-0.6697185310804551,-0.6031484355453463,-0.6116837320105974,1
2017-05-12,-0.96461973079458,-0.9672882887373888,-0.9679697986548703,-0.9703773103881623,-0.971013931446549,-0.9733462666801618,-0.9821932023437561,-0.9838244241172003,-0.9777918773467845,-0.981531082556409,-0.9839373201696302,-0.9847976376704192,-0.9834490626182096,-0.9834192316241249,-0.979364453195901,-0.9555905152441292,-0.9350602273580395,-0.9395370779246707,-0.9317904184292151,-0.9361910129901893,-0.9204166309442093,-0.8739501711516251,-0.8372094099695474,-0.816974797537414,-0.7143254861876143,-0.5688759416981795,-0.6687622828179802,-0.6022280225140358,-0.6107626952623668,-0.5520789266546029,1
2017-05-13,-0.9661674181134093,-0.9668370933403926,-0.9692342621817267,-0.969882059325797,-0.9722231268383917,-0.9810800681757027,-0.9826788811386401,-0.9766385701971758,-0.9803872432761219,-0.9827972242212983,-0.9836644021700848,-0.9823195881210087,-0.982286758187513,-0.9782134177534373,-0.9544474320787306,-0.9339287624851345,-0.938316373567213,-0.9304740895088485,-0.9349104046988792,-0.9191681203802679,-0.8727419690702395,-0.836055113810711,-0.8158651644781615,-0.7133822179079672,-0.5679621745893901,-0.6678094546584181,-0.6013042708282011,-0.6098386211831716,-0.5511865034880812,-0.5291809920108007,1
2017-05-14,-0.9657164363781213,-0.9681009531740242,-0.9687392490768925,-0.9710906772033828,-0.9799532485471782,-0.9815655176883753,-0.9754964883783178,-0.9792326763171417,-0.9816527735409724,-0.98252443760244,-0.9811875425893054,-0.9811578413987798,-0.9770834485520891,-0.953308536041217,-0.9327962716856867,-0.937183316307259,-0.9292580381970457,-0.9335923982368693,-0.9178965276260301,-0.8715185042384882,-0.8348666962820666,-0.814721830180928,-0.712324851276501,-0.5670873733291961,-0.6668479649086707,-0.6003837934055333,-0.6089112050057189,-0.5502910745167476,-0.5282995611110934,-0.5152888852376881,1
2017-05-15,-0.9669796977161725,-0.9676061764034545,-0.9699472862394671,-0.9788171069898184,-0.9804384670802107,-0.9743865156358887,-0.9780893450134395,-0.980497592284459,-0.9813801186465126,-0.9800487703633679,-0.9800263537421832,-0.975957028467117,-0.9521905472303653,-0.9316679239477639,-0.9360492340657209,-0.9281294108290566,-0.9323747459484116,-0.9165876691168747,-0.870272147317587,-0.8336631291045743,-0.8135445505025664,-0.711234692650627,-0.5661038180552329,-0.6659269060497964,-0.5994548278281017,-0.6079870795371202,-0.5493923303919301,-0.527415136517742,-0.5144141233125692,-0.3840429141016982,1
2017-05-16,-0.9664851552450896,-0.9688136368124616,-0.9776700036418289,-0.979302093781461,-0.9732628808377469,-0.9769781482194161,-0.9793536517175823,-0.9802250697386551,-0.9789056468684924,-0.9788881405038861,-0.9748280382602772,-0.9510760715047931,-0.9305603452639891,-0.9349193015064251,-0.926999755850685,-0.931244594384413,-0.9153787472578637,-0.8689888952932979,-0.8324368208643366,-0.8123521848466355,-0.7101114423595831,-0.5650887548329555,-0.6648934824424271,-0.5985652946786222,-0.6070544463562314,-0.5484967483001085,-0.5265274071220795,-0.5135363750416143,-0.383231157454369,-0.17834876590134177,1
2017-05-17,-0.9676920438662298,-0.9765326671553924,-0.9781547574077029,-0.9721299346140458,-0.9758532803077454,-0.9782418580619289,-0.9790812604357952,-0.9777517990871117,-0.9777455774590461,-0.9736923274522368,-0.9499590292262357,-0.9294562483569739,-0.9338101587609031,-0.9258742321362555,-0.9301134161145242,-0.914256907423886,-0.8678044112088428,-0.8311739119858894,-0.8111371631493143,-0.7089734149584888,-0.5640418055747524,-0.6638276833611909,-0.597565857586589,-0.6061613581954317,-0.5475928115197937,-0.525642790326966,-0.5126553282483735,-0.3824164838797773,-0.1776357537475381,-0.0632846950028445,0
2017-05-18,-0.9754074188943676,-0.9770171894851214,-0.970986044309197,-0.9747190969038211,-0.9771163888699252,-0.977969595372282,-0.9766091810671262,-0.9765922927837374,-0.9725522733843858,-0.948835290173445,-0.9283495879980845,-0.9327045024960661,-0.9247694404840001,-0.928986375445775,-0.9131340359516487,-0.8667058371472602,-0.8300088425619951,-0.8098857065849845,-0.7078131439521208,-0.5629805153933931,-0.6627291836983662,-0.5965346362610311,-0.6051580885981488,-0.5467275388058065,-0.524749877629373,-0.5117773640651675,-0.38159857111356776,-0.1769199334621493,-0.06262691992556083,-0.13934170538667884,0
2017-05-19,-0.9758917117805576,-0.969851898947595,-0.9735739625619313,-0.9759816022027008,-0.9768442557244148,-0.9754986830379377,-0.9754502332549955,-0.9714015095763924,-0.9477072391807486,-0.9272362515689415,-0.9315962823134304,-0.9236681222264903,-0.927880086709833,-0.9120152675226119,-0.8656062176409799,-0.8289287520604728,-0.8087315667780213,-0.706617242230012,-0.5618975640546332,-0.6616160484163628,-0.5954712694871078,-0.6041229680958483,-0.5457542558488824,-0.5238952905686547,-0.5108911396447762,-0.38078345762138,-0.17620096697063506,-0.061966397576340385,-0.1386474187652646,-0.23568457046913677,1
2017-05-20,-0.9687298143366369,-0.9724385816496931,-0.9748358612540476,-0.9757095990285518,-0.9743745190642181,-0.9743402823489675,-0.9702619502556786,-0.9465685353318428,-0.9261186304147142,-0.9304813829498872,-0.9225642413473452,-0.9267772758711248,-0.9109171426680497,-0.8645106044450732,-0.827847605145688,-0.8076618817239879,-0.7055161216764436,-0.5607801176334483,-0.6604808584642841,-0.5943934679367092,-0.6030556395453257,-0.5447496436441723,-0.5229335273562717,-0.5100430355371478,-0.37996042084062515,-0.17548435569715073,-0.06130278103652041,-0.13795034464386607,-0.2349440339786786,-0.17374058904283324,0
2017-05-21,-0.9713152721258733,-0.9736998778731147,-0.9745639887715997,-0.9732410419197671,-0.9732166695488866,-0.9691544486659728,-0.945440937135123,-0.9249904058324634,-0.9293621947723895,-0.9214536899408801,-0.9256719019648094,-0.9098224711577989,-0.8634353315125015,-0.826770387691603,-0.806591134081863,-0.7044969131451079,-0.5597538715879079,-0.6593104061746756,-0.5932938799049562,-0.6019738535702066,-0.5437133131908017,-0.5219406352972806,-0.5090882613184735,-0.37917356456876583,-0.1747603492149973,-0.060641271312475986,-0.13725014194975935,-0.23420065903060147,-0.17302978906712965,-0.21385226047958653,0
2017-05-22,-0.9725759710677013,-0.9734281351908327,-0.9720966177516489,-0.9720837453957941,-0.968033303315064,-0.944345153200868,-0.9238732010215684,-0.9282323957405675,-0.9203388610953671,-0.9245598545537282,-0.9087252390119093,-0.8623634431969485,-0.8257132695344426,-0.8055242726373847,-0.7034766120717648,-0.5588059466858565,-0.6582335735113535,-0.5921595524391996,-0.6008702508713071,-0.5426627025183486,-0.5209162131522826,-0.5081024798359712,-0.37828481901525524,-0.17406948310038672,-0.05997266178448512,-0.13655221026458328,-0.23345411195734356,-0.17231618339719626,-0.21312220469755527,-0.26127775576283924,1
2017-05-23,-0.9723043570680391,-0.9709619421686144,-0.9709398772838755,-0.9669028547485629,-0.9432358122538986,-0.9227875989158875,-0.9271136293832021,-0.9192134420548982,-0.9234435257898271,-0.9076213495978315,-0.8612890010531988,-0.8246594813937043,-0.8044773748361296,-0.7024599873282565,-0.5578568869404722,-0.657237488056349,-0.5911171958199644,-0.5997318497729439,-0.5415905117476897,-0.519877578863926,-0.5070852824251675,-0.3773662148537935,-0.17328422041892247,-0.05933549198722663,-0.13584698351381316,-0.2327100438796162,-0.17159943360429633,-0.21238932200544286,-0.26052493313715724,-0.2472063121576697,0
2017-05-24,-0.9698393319012943,-0.9698057539638113,-0.9657614759436669,-0.9421172070211697,-0.9216885151759029,-0.9260264975163117,-0.9180990197935025,-0.922316599722687,-0.9065132001734756,-0.8602079470898638,-0.8236031448329619,-0.8034337763135151,-0.7014626681758185,-0.5569112071467552,-0.6562402963375783,-0.5901539329852429,-0.598685605446521,-0.5404839839405466,-0.5188174553800503,-0.5060539141723384,-0.3764172732713544,-0.17247089935080231,-0.05860811700276348,-0.1351743206096749,-0.23195843339464314,-0.1708850290812165,-0.2116532770575996,-0.2597692585171177,-0.24646024459810956,-0.3186239566687245,0
2017-05-25,-0.9686836912046187,-0.964629824949405,-0.9409877371892954,-0.9205802009774788,-0.9249258726899445,-0.9170161435985574,-0.9212006827851693,-0.9053944922086974,-0.8591226928572097,-0.8225402325594077,-0.8023876324154752,-0.7004684991939364,-0.5559839036339418,-0.6552466848091071,-0.5891895444090665,-0.5977186413537183,-0.5394681581705659,-0.5177231720980742,-0.5050011118743715,-0.3754545510421036,-0.1716289311432687,-0.05785369066462303,-0.1344086820287865,-0.23124081069534314,-0.17016324118006937,-0.21091966397332831,-0.25901040020231714,-0.24571133248685487,-0.3178436047155745,-0.4481233430055505,1
2017-05-26,-0.9635102132299225,-0.9398679139290231,-0.9194610792158572,-0.9238160123227777,-0.9159198059498506,-0.9201163423382182,-0.9042867260236519,-0.8580269885870409,-0.8214731674779118,-0.8013349331311806,-0.6994717996057936,-0.5550595397192267,-0.6542720774208662,-0.5882285995555582,-0.5967505537158713,-0.5385301538019458,-0.516719031998623,-0.5039142573082881,-0.374470915802104,-0.17077379381910168,-0.05707156272042245,-0.13361532644840177,-0.23042670288736616,-0.16947452553801792,-0.21017856453203998,-0.25825407613404666,-0.24495924304193464,-0.3170603704365343,-0.4472808242312849,-0.38121511014114684,0
2017-05-27,-0.9387600281097684,-0.9183515334347624,-0.9226953358230899,-0.9148142468990594,-0.9190185295973116,-0.9032103704206987,-0.8569420375742143,-0.8203957385593492,-0.8002781077576538,-0.698468643234932,-0.5541326660554655,-0.6533005518974137,-0.5872862309404598,-0.5957859251895283,-0.5375910087029226,-0.5157921528717963,-0.5029172068693342,-0.37345424418577633,-0.16989856007096488,-0.05627660774589676,-0.13279364426720824,-0.2295840348936434,-0.16869158118879787,-0.2094711301968103,-0.25749014395298275,-0.24420965746587503,-0.3162739265389779,-0.44643535463635864,-0.3804047109950996,-0.5352342598638559,1
2017-05-28,-0.9172538366082204,-0.9215842459098323,-0.9136978955549117,-0.9179114905896033,-0.9021206016374202,-0.8558880327409087,-0.8193289131259718,-0.7992109670741968,-0.6974614903865194,-0.5531994748582348,-0.652326502533391,-0.5863468472318456,-0.5948399211541437,-0.5366552023086559,-0.5148641264125952,-0.501997077392608,-0.3725241734635912,-0.16899188209439023,-0.05546201314114023,-0.13195890893765208,-0.22871224860634815,-0.1678806187833746,-0.20866800602721533,-0.25676057782261125,-0.24345249990272885,-0.31549014068789605,-0.4455866168818041,-0.37959139641747097,-0.5343499230629668,-0.49103682755762945,1
2017-05-29,-0.92048501824571,-0.912591101292429,-0.9167936510861805,-0.9010216331155686,-0.8548207801951476,-0.8182926649261515,-0.7981543455606566,-0.6964442576319009,-0.5522624702228257,-0.6513460415565019,-0.585404949286387,-0.5938969129587915,-0.5357376428633174,-0.513939392402386,-0.5010757965781117,-0.3716678114482544,-0.16816678477190794,-0.05461686494591159,-0.1311042320385553,-0.2278271227426612,-0.16704104710600495,-0.20783651274677734,-0.2559335943137834,-0.24272950041558078,-0.3146985994987537,-0.4447408167391806,-0.37877484392655325,-0.5334625893667414,-0.49017370795278803,-0.4844975308988548,0
2017-05-30,-0.9114961322946282,-0.9156853788161479,-0.8999119088270157,-0.8537444021672828,-0.8172433004703025,-0.7971280935800014,-0.6954371350362905,-0.5513157181215396,-0.6503616434766115,-0.5844567038455218,-0.5929513894436265,-0.5348229937107356,-0.5130327603035919,-0.5001577801493766,-0.3708102602540868,-0.16741036177595503,-0.05385048911264786,-0.1302184128399265,-0.22692167283715345,-0.16618832001214479,-0.2069760805787023,-0.2550778266293803,-0.2419095961232053,-0.31394227193209073,-0.4438869287938964,-0.37796108460494643,-0.5325719481317824,-0.4893076148295007,-0.4836375505157279,-0.5540126455393916,1
2017-05-31,-0.9145889445360638,-0.8988116964125705,-0.8526573935758984,-0.8161848695256165,-0.7960887993476186,-0.6944593744236527,-0.5503784985685146,-0.6493672733279411,-0.5835046055823223,-0.5919995112028196,-0.5339058377118036,-0.5121290056334942,-0.4992577776382422,-0.3699557083177185,-0.16665269029508578,-0.05314997140380456,-0.12941322227604898,-0.22598433490312372,-0.16531551478835155,-0.20610237374184975,-0.25419273034066103,-0.24106103080757882,-0.3130864380664462,-0.4430701684605902,-0.3771394092546117,-0.531684432565269,-0.48843823414724125,-0.48277460007291756,-0.553119294081552,-0.4467588236312036,1
2017-06-01,-0.8977232525947806,-0.8515797418997312,-0.8151159074854402,-0.7950404718370649,-0.6934689305519973,-0.549469218122824,-0.648382825972154,-0.5825426883228336,-0.5910437706357295,-0.532982383558702,-0.5112227473722334,-0.4983606326172792,-0.36911833897553525,-0.16589760255244,-0.052448172034576974,-0.12867575133785264,-0.2251299769799737,-0.16441130100509363,-0.20520842953543159,-0.25329421838682664,-0.2401832525190332,-0.31220131813514845,-0.44214918462085245,-0.3763538726184796,-0.5307886055556829,-0.4875718837192661,-0.4819083650272704,-0.5522229357961188,-0.4459169599012147,-0.22046433150499314,0
2017-06-02,-0.8505136645780378,-0.8140561792529427,-0.7939816692272331,-0.6924696145061444,-0.5485477613924853,-0.6474272790450902,-0.5815904278947667,-0.5900781938110596,-0.5320551414409876,-0.5103102126894447,-0.49746098598006516,-0.3682836387538909,-0.1651583945193238,-0.05174872396441812,-0.12793702066815818,-0.2243456966816414,-0.1635885554072253,-0.20428276629055064,-0.25237528078858856,-0.23929210039987517,-0.31128639835994415,-0.44119778134557697,-0.37546654970765464,-0.5299311936497361,-0.48669733531656784,-0.48104514611876376,-0.5513232614830502,-0.44507214607228623,-0.2197311015655526,-0.29898007584717445,0
2017-06-03,-0.8130078710586573,-0.7929320311208434,-0.6914600949970084,-0.5476176600011629,-0.646459213312014,-0.5806664127308748,-0.5891223038090797,-0.5311181981230738,-0.5093939186090128,-0.49655507610645033,-0.3674464555740188,-0.1644215603860189,-0.05106442677793907,-0.1272007949391259,-0.2235601844295491,-0.16283437135039835,-0.2034395502099033,-0.25142425706121974,-0.23838057849864552,-0.310357892428958,-0.4402155140715457,-0.3745493929376279,-0.5289663850928541,-0.485860548783361,-0.48017374602391205,-0.5504267533775226,-0.44422406470057013,-0.21899504121877658,-0.2982091540362019,-0.32202875739328524,1
2017-06-04,-0.791893726179263,-0.6904594037984804,-0.5466777387545901,-0.6454823492057722,-0.5797301121978394,-0.5881947329512106,-0.5301907069674084,-0.5084679752123705,-0.4956454241666854,-0.36660313372451137,-0.16368227253611675,-0.05038233834656964,-0.12648020184550351,-0.2227773717388547,-0.1620789374800177,-0.202665877406584,-0.25055683798055495,-0.2374370793864019,-0.3094087331944446,-0.4392192756391279,-0.37360192198396397,-0.5279703947115725,-0.48491797555632266,-0.47934001114832436,-0.5495218856190528,-0.4433789179950376,-0.21825581562723628,-0.29743536028937373,-0.321246770948702,-0.30946738189572626,0
2017-06-05,-0.6894696243444148,-0.5457461710425495,-0.6444954060715197,-0.5787851180503312,-0.5872548504005805,-0.5292909568976596,-0.5075513938302206,-0.49472615438856715,-0.36575623354849834,-0.1629370412427986,-0.049697812556195445,-0.1257619266671499,-0.22201080192767125,-0.16132607803895352,-0.2018909663547761,-0.24976012291991395,-0.23657684148851207,-0.30842704395024495,-0.4382018698025743,-0.3726406787905699,-0.5269428245018526,-0.4839446073178275,-0.4784007277824966,-0.548655710507105,-0.44252568698998374,-0.2175190361735183,-0.2966583658041845,-0.3204619003773625,-0.3086914256015986,-0.32352842916280555,0
2017-06-06,-0.5448249199394477,-0.6435171372393943,-0.5778302215075249,-0.5863062624223149,-0.5283791010988198,-0.5066623314656713,-0.49381619193257387,-0.3649000129218502,-0.16218848824256024,-0.04900745253077954,-0.12504120331747126,-0.22124668830701127,-0.16058906911882526,-0.20111871076125343,-0.24896218328458355,-0.23578696321096634,-0.30753035896327313,-0.43715093158375096,-0.3716585338125476,-0.5259010241523654,-0.4829400224411243,-0.4774307066366949,-0.5476814547136386,-0.4417095634294319,-0.21677475338757118,-0.295883986957929,-0.31967381864834266,-0.3079125918246731,-0.3227457227933696,-0.3481027733236623,0
2017-06-07,-0.6425495871008968,-0.5768837806557142,-0.5853477521306809,-0.5274586323019806,-0.5057612424955619,-0.4929336137660144,-0.36405258291003534,-0.16143108087009536,-0.04831391434989804,-0.12431457354633865,-0.22048011281885413,-0.15985442748466272,-0.20036255975948813,-0.24816699491104982,-0.23499585630162875,-0.30670578154906464,-0.43618815822741064,-0.37064337434643346,-0.5248377105764445,-0.48192133882393706,-0.47642952258903426,-0.5466758527486091,-0.440789266067093,-0.21606423343350878,-0.29510190320547336,-0.3188884023161385,-0.3071305525685258,-0.32196013150397157,-0.3473082699187292,-0.360487411073687,1
2017-06-08,-0.5759477844667685,-0.5843977221818287,-0.5265283970365715,-0.5048515760354588,-0.4920390569978986,-0.3632312643404632,-0.16068165430729184,-0.04761178251825204,-0.12358467073265375,-0.21970753946933835,-0.15911733278900472,-0.19960883361361434,-0.24738821152649249,-0.23420747222858168,-0.3058799960943206,-0.4353006619514137,-0.36971474675813437,-0.5237401903479174,-0.4808813174400421,-0.47541425924226555,-0.5456385166446789,-0.4398385612113978,-0.21525778279057525,-0.2943547427406728,-0.3180952219047072,-0.3063511515914851,-0.321171328378956,-0.3465108685959804,-0.3596869623621284,-0.3347694697229012,0
2017-06-09,-0.5834581677970483,-0.5256064492311695,-0.5039322029765224,-0.49113594428238744,-0.36239842068816985,-0.15995634432763933,-0.04691717849611874,-0.12284600193208942,-0.21893157288198853,-0.15837429902359398,-0.1988526487039405,-0.24661192106485402,-0.23343540401476123,-0.3050570777455491,-0.43441199497236377,-0.3688597586659612,-0.5227329610399913,-0.47980743150782157,-0.4743776840891931,-0.5445868945727061,-0.4388570035698178,-0.2144229051683996,-0.29350879153442,-0.3173373054384095,-0.30556401878411665,-0.3203851938882728,-0.34571024432860825,-0.35888360918227574,-0.33398136703632886,-0.34427951999096845,0
2017-06-10,-0.5246947352097728,-0.5030210432792526,-0.4902231612908287,-0.3615572246126315,-0.15922022003885877,-0.046245575144943665,-0.12211516037279563,-0.21814662200631693,-0.15762794930032523,-0.19809048665415546,-0.24583316509737246,-0.23266580852794327,-0.3042509276215867,-0.43352645669899914,-0.36800358057963994,-0.5218031408588926,-0.47882275779891437,-0.4733072950043415,-0.5435136847258422,-0.4378614788265772,-0.21355903432421786,-0.2926337261844325,-0.31647975864820777,-0.3048119642658609,-0.3195912914682455,-0.34491234174707647,-0.3580770274592368,-0.33319037348418706,-0.34348685195771345,-0.40963350031087803,1
2017-06-11,-0.5021200244831387,-0.48931854670570035,-0.36070670142132893,-0.15847606229835196,-0.04556355508711891,-0.12140805709911745,-0.2173698776678322,-0.1568727556464091,-0.19732495860405572,-0.2450483869778033,-0.23189374953568895,-0.30344735272617657,-0.43265850691083907,-0.36715039603871485,-0.5208721750907079,-0.47791441148123176,-0.4723259585425458,-0.5424061228748032,-0.43684479209621674,-0.21268186915352405,-0.29172902241316473,-0.3155928959937668,-0.3039607369904568,-0.3188326751583682,-0.34410660814633026,-0.3572731941582029,-0.332396163014836,-0.3426912880288366,-0.4088094587760284,-0.378743380760187,0
2017-06-12,-0.488424016669988,-0.359863921920917,-0.15772311525715874,-0.044873680008319455,-0.1206902743047279,-0.2166178059655122,-0.15612552466004634,-0.19655049573504488,-0.24426018369089378,-0.23111568174668431,-0.30264130417254553,-0.43179331821409317,-0.3663143761804181,-0.519944513999628,-0.47700490683338476,-0.47142078942217897,-0.541389310255915,-0.4357945835454652,-0.21178444036395302,-0.2908107908875136,-0.3146762055166365,-0.3030803037871236,-0.3179743738968157,-0.34333652386237146,-0.35646149804279503,-0.33160464544716495,-0.34189250288366496,-0.40798248677855237,-0.37793416818005804,-0.4275931743618057,1
2017-06-13,-0.3590306945856709,-0.15697724627498633,-0.044175316479357456,-0.11996451854716486,-0.21585472183089832,-0.15540236556590104,-0.1957841534507633,-0.24346293812455688,-0.2303342063455691,-0.30182917903901696,-0.43092563744939893,-0.3654810213840794,-0.5190349931618894,-0.47609861758009125,-0.47051446008622666,-0.5404503663663079,-0.43483250655428124,-0.21085524135607275,-0.2898719840427287,-0.3137459187612273,-0.3021701459835875,-0.3170867436459979,-0.3424658594697592,-0.3556856342880273,-0.3308053310909547,-0.34109643117063015,-0.40715226402105326,-0.377122041475694,-0.42676051119657155,-0.3959129331162547,1
2017-06-14,-0.15624009508322595,-0.04348365865894676,-0.11923007547813325,-0.21508351533347922,-0.15466840808612603,-0.19504227206895133,-0.24267399985419844,-0.22954372054923947,-0.301013557194264,-0.43005175719574135,-0.3646451840315156,-0.5181283584407468,-0.4752101886297522,-0.46961133293489554,-0.5395102823038311,-0.4339456732467226,-0.21000865088883885,-0.2889007992390751,-0.3127949651855464,-0.301246429246832,-0.3161692732490117,-0.341565651014881,-0.35480873929578527,-0.33004146898648173,-0.3402925382538435,-0.4063248957829644,-0.37630667797540357,-0.42592490806948646,-0.39509547820757,-0.3639597879958345,0
2017-06-15,-0.04280025188472287,-0.11850258424021147,-0.21430336962318386,-0.15392642430056053,-0.1942894536961235,-0.2419099824273496,-0.22876148665048296,-0.30018876313043147,-0.42917421867021643,-0.36380321069321137,-0.5172192192679042,-0.4743245823620308,-0.46872602466604407,-0.5385735408523863,-0.4330576688426904,-0.20923176552988706,-0.28801413925753605,-0.31181145524577714,-0.3003020955573058,-0.31523820211521164,-0.3406354004753677,-0.353902191851764,-0.3291775124587385,-0.33952423814649746,-0.4054895385574334,-0.375494102308413,-0.42508604606358075,-0.39427510009333655,-0.36315767235255464,-0.41381282822316334,1
2017-06-16,-0.11778365256502825,-0.2135304875121356,-0.15317566326300822,-0.19352854681602366,-0.24113486413127064,-0.2280040371278282,-0.2993725021310326,-0.4282872144954467,-0.36295766255630885,-0.5163037979283209,-0.47343647792574867,-0.467843529694342,-0.5376550585982136,-0.4321727903878991,-0.20845364382885018,-0.28719910606324517,-0.3109130326619388,-0.2993253027333289,-0.31428645820758133,-0.3396914761393392,-0.352965500552955,-0.32828412856090206,-0.33865549719817806,-0.4046907400674031,-0.3746736169583812,-0.42425007734873216,-0.39345147742155934,-0.3623526504043724,-0.412986780381272,-0.4065301933909349,1
2017-06-17,-0.21276655576762388,-0.15243196537229078,-0.192758757806565,-0.2403515837848345,-0.22723553535964322,-0.2985817181289827,-0.4274092532162057,-0.3621028003762377,-0.5153846096391683,-0.47254213327091804,-0.46695853748371036,-0.5367394894121508,-0.4313054917753276,-0.20767819094304119,-0.2863828591646618,-0.3100868009836271,-0.29843329068815916,-0.313302146327855,-0.33872678147160273,-0.3520150986380138,-0.32736081214419827,-0.3377572456484477,-0.4037891201206176,-0.3738892337906099,-0.42340607353845583,-0.3926306796490008,-0.36154439834329133,-0.4121577998662256,-0.405707641613926,-0.3902001453356558,1
2017-06-18,-0.15169696657944373,-0.19199616174640333,-0.23955929730868925,-0.22645889336179836,-0.2977796350986125,-0.42655802484280914,-0.3612567176781102,-0.5144557583178221,-0.4716440768062817,-0.4660673112610372,-0.5358214131048388,-0.4304409522957559,-0.20691888453042356,-0.28556943968975024,-0.3092593622464578,-0.297613162107871,-0.3124029584055496,-0.3377293286173643,-0.3510438772254962,-0.32642386157098646,-0.3368289834314788,-0.4028574175987985,-0.37300315438455894,-0.42259889390607713,-0.3918019281138998,-0.3607389022004411,-0.4113255667018614,-0.40488216101569063,-0.38938543287900945,-0.34796762092848893,1
2017-06-19,-0.19124242749251313,-0.23877435725203625,-0.22567328202593048,-0.29696930109068437,-0.4256950499575593,-0.3604367189976705,-0.5135362928423104,-0.4707364574555625,-0.4651723813868438,-0.5348970368080467,-0.4295739209422168,-0.2061620124636145,-0.2847726640135953,-0.30843479749324637,-0.2967918228470081,-0.31157599809335423,-0.33681759949019424,-0.35003980176485366,-0.3254661935980511,-0.3358870587845542,-0.4018951673666163,-0.3720872627517148,-0.42168823860914645,-0.39100953252552745,-0.35992553432856145,-0.4104961970793109,-0.404053431060304,-0.38856780023842014,-0.3471731824041318,-0.3181613196237078,1
2017-06-20,-0.23799847137774469,-0.22489497157397983,-0.29614981101367466,-0.42482362327904394,-0.35960520500595133,-0.5126444050900868,-0.46983804994811323,-0.46426790344383395,-0.5339688701341759,-0.42870069139479244,-0.2054026806930286,-0.28397843537228445,-0.3076270225311485,-0.2959733321950623,-0.3107478311546892,-0.33597869943212416,-0.349121752294883,-0.3244758706432571,-0.33492437898388455,-0.40091906040662606,-0.37114107724654827,-0.42074734355532767,-0.39011481527243463,-0.35914805013874634,-0.4096588277397032,-0.4032275489248564,-0.38774692562279306,-0.34637584603344374,-0.3173811897617602,-0.24445388164827273,0
2017-06-21,-0.22412565822519126,-0.29533785293002635,-0.42394270193784506,-0.3587653429760848,-0.5117404698153107,-0.46896679152925147,-0.46337261159928655,-0.5330309978785294,-0.42782380527784564,-0.20463736550675368,-0.2831817358653411,-0.30682182768431343,-0.29517155176938326,-0.30992254122944585,-0.33513859983290084,-0.3482768350089871,-0.32357094599847264,-0.3339289705900911,-0.39992193884362215,-0.3701811268501208,-0.419775753208406,-0.38919013552578585,-0.35826940822497116,-0.40885807890569364,-0.40239368576910634,-0.3869288635735222,-0.3455752867792289,-0.31659817781862015,-0.24370913540659642,-0.3173867924359834,1
2017-06-22,-0.2945351816470355,-0.4230697316535512,-0.35791616122412867,-0.5108279476636914,-0.4680836383115196,-0.4625044054240436,-0.5321025853980631,-0.4269374566034922,-0.20386867607108675,-0.28237897842268933,-0.3060141586952284,-0.2943723334303626,-0.30911405059436775,-0.33430142688935294,-0.34743072175269774,-0.3227385240891426,-0.3330191926117688,-0.39889158282379933,-0.3692002844816025,-0.41879025273943643,-0.3882350208168612,-0.3573610834694084,-0.4079543563767036,-0.4015963354822546,-0.38610286242818537,-0.3447774489190852,-0.31581195646610233,-0.24296154606904014,-0.31660703438964427,-0.3135349491735412,1
2017-06-23,-0.42220657346934387,-0.3570747140122125,-0.509905703086154,-0.4671919667542473,-0.46162432704638956,-0.5312019327570692,-0.4260601454526389,-0.20309103683434437,-0.2815727487760954,-0.305200409894718,-0.2935706427348264,-0.30830814222694314,-0.33348120889200705,-0.3465875601700994,-0.3219048987943787,-0.332182150128123,-0.39794845227050923,-0.36818644675708134,-0.4177836663692053,-0.3872660901714732,-0.35642258632497104,-0.4070205146954843,-0.4006962767812105,-0.3853131327950781,-0.3439717803867046,-0.3150283921613104,-0.242210780642074,-0.31582439467177537,-0.3127570402236174,-0.2560172086891666,0
2017-06-24,-0.3562428074947993,-0.508991691458823,-0.46629068833120135,-0.4607357404697333,-0.5302891677050426,-0.42520955397427407,-0.20232154421364698,-0.2807573914211131,-0.30438316013522726,-0.2927628841499825,-0.30749975950407427,-0.33266360843242737,-0.3457614319790776,-0.32107417322088927,-0.33134390700099714,-0.3970796567556608,-0.3672590805845227,-0.41674370652771364,-0.38627619939245667,-0.355470368241,-0.40605609096047995,-0.3997661626650655,-0.3844212895940286,-0.34320175917357104,-0.3142370737061889,-0.2414625131419751,-0.3150385458946591,-0.3119762516394794,-0.2552669114151342,-0.27906589023527756,0
2017-06-25,-0.5080878452870357,-0.4653974998342661,-0.45983756412517607,-0.5293677866563838,-0.4243472206991359,-0.20157657662048115,-0.2799504897938176,-0.30355673044178455,-0.29195164027745957,-0.3066852955464276,-0.3318435301238966,-0.3449379391007651,-0.32026031813929523,-0.33050858280625156,-0.3962096794403027,-0.3664052934123207,-0.4157914104825553,-0.3852531803588263,-0.3544973168744367,-0.40507779807249567,-0.3988055263398296,-0.38349953389735597,-0.34233116277491066,-0.31348096203581227,-0.24070668072112203,-0.31425535249320646,-0.3111922557373471,-0.25451376492915084,-0.2783045283276344,-0.3120404755730661,0
2017-06-26,-0.46451429751105255,-0.4589474565453874,-0.5284366340831863,-0.42347643774670296,-0.20082064918836956,-0.2791688746539581,-0.3027388472172659,-0.29113124493356346,-0.30586732875884237,-0.33101734725685067,-0.34411196661289223,-0.3194490614589599,-0.32969018934088834,-0.39534275307789246,-0.3655503155333173,-0.41491388904026166,-0.3843170519229852,-0.35349138458228196,-0.4040784739899518,-0.3978310425129393,-0.3825473901829606,-0.341431023496829,-0.31262536091869536,-0.23998496569558708,-0.3134644069298729,-0.3104109068954542,-0.25375743712647403,-0.2775403050171398,-0.31126328405258813,-0.3669721269574878,0
2017-06-27,-0.4580673086134123,-0.5275137752275629,-0.42259616369930636,-0.20005662299559587,-0.2783760283649663,-0.30194647401047015,-0.290319346605231,-0.30504017863922783,-0.3301876309014441,-0.34327987781213004,-0.3186353288251457,-0.32887440792600037,-0.3944931714026697,-0.3646983262066078,-0.41403519097562197,-0.38345492271363363,-0.35257156302878945,-0.4030458831010633,-0.3968355564028775,-0.3815814475162609,-0.3405008432447204,-0.3117404777848934,-0.23916644612619337,-0.3127086567038406,-0.3096218157805421,-0.25300363221376965,-0.2767728899706324,-0.3104832136883525,-0.36616856522598573,-0.3695244279586472,1
2017-06-28,-0.5266011579998541,-0.421723836293193,-0.1992836973853124,-0.2775749615603357,-0.3011427900101071,-0.2895328364721275,-0.30422158089265267,-0.32934867553147507,-0.34244424007220003,-0.3178155042875782,-0.32805614920567777,-0.39364629557665104,-0.3638634859063773,-0.4131595801439907,-0.3825916077478352,-0.3517249586460676,-0.40210061968077987,-0.39580685985672653,-0.38059456739517283,-0.3395569895979056,-0.3108257986088821,-0.23831928962263457,-0.31185344524437103,-0.30886786307302794,-0.2522422326937078,-0.2760080475719793,-0.30969993668170986,-0.365362095596296,-0.3687196409824219,-0.3587408262745229,0
2017-06-29,-0.4208613154521495,-0.19851798612116792,-0.2767647900481979,-0.3003308497523351,-0.28873505895113494,-0.30342850770788865,-0.3285183692822224,-0.3415993352555955,-0.3169921628959922,-0.3272317895555252,-0.3927969331544281,-0.36303130712057685,-0.412301427757687,-0.3817313160182785,-0.350877159294114,-0.4012297935883147,-0.3948653130367636,-0.3795746032385364,-0.3385923661559254,-0.3098975346525122,-0.2374429427641192,-0.3109689585468261,-0.3080145894411872,-0.2515151214739171,-0.2752355513929418,-0.30891930350901187,-0.3645523944919583,-0.3679119447580468,-0.35794121601963846,-0.39781546298677267,0
2017-06-30,-0.19776116348440376,-0.2759620869612877,-0.29950974452317114,-0.28792904465175634,-0.30262411854746,-0.32771382592121984,-0.3407631283172621,-0.3161596127015196,-0.3264039011868204,-0.39194140777430775,-0.3621966461299342,-0.4114460069970526,-0.3808882820686412,-0.35003231863034645,-0.4003577869003307,-0.39399802530156347,-0.3786413902514835,-0.3375949855735722,-0.30894861922924144,-0.23655323025798708,-0.31005468217171095,-0.3071320742823432,-0.2506907844989089,-0.27449768417165393,-0.3081309319000663,-0.3637454558089395,-0.36710101590523797,-0.35713870222026306,-0.3969970947592108,-0.4042897825324834,0
2017-07-01,-0.27516859099188234,-0.29869618230539646,-0.28711389822439515,-0.30181147080406984,-0.3268978816682095,-0.339952804375638,-0.3153356591353696,-0.32556678246658927,-0.39108227214141805,-0.3613558514994924,-0.4105880970870535,-0.380047934275884,-0.3492045333524934,-0.3994888396078904,-0.3931295548711029,-0.37778203666999366,-0.33668332541971285,-0.3079671773772642,-0.23564315889667836,-0.30912682331891206,-0.3062198010982619,-0.2498377093882782,-0.27366175161269674,-0.3073776766103308,-0.36293063766329436,-0.36629285498369846,-0.3563329606672573,-0.3961758023198147,-0.40346830627579156,-0.42556588843420445,1
2017-07-02,-0.29789192069946346,-0.28630625415946986,-0.3009896541681936,-0.32607364072461054,-0.3391310367470431,-0.3145373391486773,-0.3247382978151619,-0.39021375807267683,-0.36051148515412856,-0.4097240071734642,-0.3792051018374484,-0.3483793883710482,-0.3986372634748647,-0.39226412912464775,-0.3769214956849363,-0.3358444910270881,-0.3070707284912407,-0.23470113162917386,-0.30817831607401375,-0.30529395688805455,-0.2489553489016187,-0.2727968791976126,-0.3065251548346888,-0.36215174772181763,-0.365476808046994,-0.35552996376569984,-0.39535126446282276,-0.4026439023828707,-0.42473419847760996,-0.4133371957555339,1
2017-07-03,-0.2855078597526052,-0.3001753853966854,-0.3252401666355901,-0.33830095322290527,-0.3137276643430434,-0.3239355389733816,-0.3893541353673281,-0.35965781036624006,-0.4088562846010033,-0.3783561194634326,-0.3475517632864071,-0.39778839918938697,-0.39141602840876377,-0.3760639663958062,-0.33500445705434273,-0.3062463758549027,-0.23384229839928525,-0.30719728839553256,-0.30434747957720987,-0.24805958838948822,-0.2719025320050906,-0.30564340461157563,-0.3612715903274609,-0.36469672703724143,-0.3547191085337868,-0.39452955561226305,-0.4018162501455921,-0.4238995696314358,-0.4125113762433618,-0.41201166264902545,0
2017-07-04,-0.2993704233202657,-0.32441431993418524,-0.3374616041720412,-0.3129097135228787,-0.32312139245079835,-0.38852087228636045,-0.3588129053292491,-0.40797914289821136,-0.3775035439541314,-0.3467180185932115,-0.3969370477135687,-0.39057062908808965,-0.3752236587013001,-0.3341673494642535,-0.30542081504464086,-0.2330537574237894,-0.3063012347796359,-0.30336851164745704,-0.24714342311684026,-0.2709947162632021,-0.3047319086439886,-0.3603617237275295,-0.3638152856032549,-0.3539440598481447,-0.3936998881147838,-0.4009914408916158,-0.4230616828228901,-0.41168262430960606,-0.41118647946557935,-0.4256568563924943,1
2017-07-05,-0.3235978796108813,-0.3366299225858179,-0.31208256441901217,-0.32229895516637513,-0.3876759956947165,-0.35799406033866693,-0.40711096326494073,-0.3766416210981476,-0.34588072062878555,-0.39607952931321416,-0.38972274361237974,-0.3743860289644452,-0.3333471959642993,-0.3045981204057856,-0.23226398702291623,-0.30547725845681145,-0.30247442377091627,-0.24619521243361875,-0.2700664042596581,-0.3038068460933561,-0.3594216599849759,-0.3629041126261275,-0.3530680435469732,-0.3929066046832568,-0.4001586563691582,-0.42222668492886245,-0.41085061994154554,-0.41035836456165,-0.4248251227662813,-0.4209421170685605,0
2017-07-06,-0.33580769761456025,-0.31126299955582726,-0.3214672947329417,-0.38682272699630604,-0.35716370857783564,-0.4062693174322219,-0.37578853558852965,-0.3450341477196931,-0.3952183954460509,-0.38886869812414965,-0.3735459153940461,-0.3325296598081349,-0.3037921910613561,-0.23147693389819116,-0.3046520737367502,-0.3016523189132834,-0.24533047800643318,-0.26910586844032097,-0.3028611563750087,-0.3584678663471833,-0.3619627215329698,-0.3521623900800147,-0.39201093028453354,-0.3993623516025241,-0.4213836571440711,-0.4100214780884954,-0.40952699782263247,-0.423990450202374,-0.4201126467762864,-0.42583359414002875,0
2017-07-07,-0.31045278698572437,-0.32064324931497185,-0.38596006427209417,-0.35632501261178706,-0.40541599602939443,-0.37496167663874796,-0.3441962863594054,-0.3943478736731775,-0.3880110462547691,-0.3726996573101265,-0.33170964582223283,-0.30298883628148315,-0.23070617919855807,-0.3038297536234851,-0.3008290045478437,-0.2445363188469715,-0.26822937141083614,-0.301882987605525,-0.35749322746809087,-0.361007592956564,-0.35122660711074327,-0.39108527674144133,-0.3984634200319902,-0.4205774235740704,-0.4091843377394822,-0.4086984907370422,-0.42315251963497236,-0.4192802400400363,-0.4250017756699857,-0.4652383145866443,0
2017-07-08,-0.31982859476651376,-0.3851052280506073,-0.35547700338631855,-0.40455425466959394,-0.3741232515895407,-0.34338434167156723,-0.3934862597174527,-0.3871440229812604,-0.37184981321807237,-0.33088352740609,-0.30218300790915803,-0.22993789327552566,-0.30302419389872304,-0.30000854700815105,-0.24374093359609056,-0.2674240137673536,-0.3009896624146317,-0.3564856843468024,-0.3600316090064589,-0.35027711871794887,-0.3901291726021275,-0.3975344526542799,-0.41966778818641803,-0.40838381086626135,-0.4078619885585384,-0.422317478178472,-0.41844457743162294,-0.42416701816876823,-0.46438757968559397,-0.4739348513991485,0
2017-07-09,-0.3842600477995684,-0.35463672070230634,-0.40368307232600326,-0.37327645571015744,-0.3425609412980025,-0.39265104591798783,-0.38628587885361626,-0.3709906347238314,-0.3300538756701997,-0.3013711033960285,-0.2291671442383444,-0.30222120762688415,-0.29920482545905064,-0.2429482889802563,-0.2666174366778867,-0.3001682836652884,-0.3555643254843264,-0.35902270105841516,-0.3493068177613584,-0.3891592468701153,-0.3965749814779449,-0.4187279307845471,-0.4074803276236789,-0.4070620802645647,-0.4214744065976653,-0.4176117937558523,-0.4233290025841608,-0.46353388491143827,-0.4730799416825748,-0.48099916313148156,0
2017-07-10,-0.3538059686865099,-0.4028197746031324,-0.37242030167924517,-0.34172921964425296,-0.3918042041662305,-0.3854540642539208,-0.37014027108506337,-0.32921498522598625,-0.30055570274885063,-0.2283903890167701,-0.3014157478727005,-0.298403671834549,-0.24217201603263497,-0.2658136467837526,-0.29934569497724917,-0.35471625751985225,-0.3581000396614943,-0.34830367627584785,-0.3881683534516067,-0.3956016694607131,-0.41775739474869583,-0.40654672939157044,-0.40615926388574114,-0.4206681305761476,-0.4167709920599556,-0.4224938764919991,-0.46267691424071045,-0.47222206749312645,-0.48014086215710977,-0.5596240690236104,0
2017-07-11,-0.40196620570207026,-0.3715719297509286,-0.3408882233847796,-0.3909489638267904,-0.38461064686698787,-0.3693160786024813,-0.3283847433704024,-0.2997311309308735,-0.22761022961695818,-0.30060421271282334,-0.2976000452752835,-0.2413982284577783,-0.26502637455018835,-0.29852596009599386,-0.3538669954546689,-0.3572507316303412,-0.34738651815327737,-0.3871443170522077,-0.39460736405453406,-0.41677295461793235,-0.4055825530141634,-0.40522634411836783,-0.41975844942333534,-0.4159669162399169,-0.42165071982179114,-0.4618229181300026,-0.47136091347577513,-0.47927959297341,-0.5587280237741645,-0.6067870567700839,1
2017-07-12,-0.3707331581371505,-0.34005490582665343,-0.3900843185341326,-0.3837588421856106,-0.36848033976094136,-0.3275802630923364,-0.29891509035595665,-0.22682106605861116,-0.29978918238518115,-0.29679034696614454,-0.24062197612492178,-0.26424162076980745,-0.2977229517392048,-0.3530206981628511,-0.3564002302343627,-0.3465424494669825,-0.38620721768437705,-0.3935798655538648,-0.41576743663404525,-0.4046045088978351,-0.40426285709819915,-0.41881854546015906,-0.41505960702996475,-0.42084436132304054,-0.46096079027725845,-0.47050275279267395,-0.47841504076833524,-0.5578289687291327,-0.6058683706950292,-0.5539346730037146,0
2017-07-13,-0.33923105896879213,-0.38922751326861893,-0.38289765159244626,-0.36763623894808994,-0.32676438238927996,-0.2981245222916508,-0.22604014356168814,-0.2989649826417261,-0.2959771582947172,-0.23983970663281154,-0.2634543989548092,-0.2969225091620844,-0.3521914753373652,-0.35555269876761364,-0.34569718430671587,-0.3853441641076029,-0.3926394620991682,-0.4147285608708317,-0.40360543547516425,-0.4032855062799287,-0.41784796211547776,-0.41412211627272877,-0.4199345912550604,-0.46013604299426136,-0.4696364380408621,-0.4775534971480657,-0.5569265951197819,-0.6049466498789574,-0.5530413589769766,-0.5657475121587748,0
2017-07-14,-0.38838038092651817,-0.38204427745962116,-0.3667827949205633,-0.32594020520521677,-0.2973226567976613,-0.22528397874729741,-0.29814931109206544,-0.29515480893529444,-0.2390540185363061,-0.2626611381048404,-0.2961195938626555,-0.35136489713172037,-0.3547222579336934,-0.3448548672918913,-0.3844799253229226,-0.3917732628950039,-0.4137772994253343,-0.40257309892771803,-0.40228713141755973,-0.41686347440543575,-0.4131539848771266,-0.41899459682991946,-0.45920644876657774,-0.4688076323928437,-0.476683781322833,-0.5560273998320077,-0.6040215891782049,-0.552145038163886,-0.5648485273201558,-0.5918423207653324,0
2017-07-15,-0.38120054670903486,-0.3659371145088954,-0.3251067952291063,-0.29651254104352875,-0.2245167711983662,-0.297359104541511,-0.2943409726051968,-0.23825930008014556,-0.2618644298954381,-0.2953106082317719,-0.3505358383946433,-0.35389446538278185,-0.34402957260562295,-0.3836187136177552,-0.3909058803496202,-0.41290076296472045,-0.40162807824043195,-0.40125550369052604,-0.4158579084811358,-0.4121719631331177,-0.41802392157093965,-0.4582462853142808,-0.4678736630158712,-0.47585167901129755,-0.555119830485048,-0.6030998086152812,-0.5512454013584083,-0.5639465294471415,-0.5909308089847365,-0.6442918464307041,0
2017-07-16,-0.36510101123849664,-0.3242810122032545,-0.29569327042994153,-0.2237414276879905,-0.29655760323764196,-0.29355256391833195,-0.2374728682095142,-0.2610586391008171,-0.294498134103073,-0.34970065718997295,-0.35306419193760114,-0.3432069107252933,-0.3827747717432972,-0.3900415379624224,-0.41202304929725003,-0.40075748323982235,-0.40031115947224905,-0.41481898407338413,-0.4111688818919307,-0.4170393414211567,-0.4572551172217894,-0.46690904830278246,-0.4749141556427629,-0.554251036720954,-0.6021695329113332,-0.5503489305921428,-0.5630412102416625,-0.5900162703676882,-0.6433551559958159,-0.7028570179776727,1
2017-07-17,-0.3234646350072735,-0.2948815303126096,-0.2229571220361924,-0.2957478528746953,-0.29275287378814946,-0.2367113061646544,-0.26026122563296267,-0.29367650267267764,-0.3488619189559431,-0.3522277936024147,-0.34238176948369914,-0.3819335187563086,-0.3891945064148382,-0.41114841876749897,-0.3998857075065589,-0.3994412084981224,-0.413867676203543,-0.4101324786610976,-0.4160336823554831,-0.45624992708797824,-0.46591335748613505,-0.4739459251117328,-0.5532739578709083,-0.6012787298550464,-0.5494441003731149,-0.5621390825771522,-0.5890983986218327,-0.6424154109828905,-0.7018922130424291,-0.625318529415976,1
2017-07-18,-0.29407907511930104,-0.22218010836137136,-0.2949289496773997,-0.2919449405719727,-0.23593866142832007,-0.25948890552116655,-0.292863378387957,-0.34801389895164586,-0.35138783505367294,-0.3415505135869154,-0.3810897808531766,-0.38835017304693387,-0.4102912338420699,-0.3990169902080212,-0.3985700764091619,-0.4129910955450332,-0.4091835768986731,-0.41499466343834307,-0.45522350160517405,-0.46490361877330144,-0.47294656042650907,-0.5522654837384998,-0.6002779237309435,-0.5485779616481816,-0.561228565132702,-0.5881837747508581,-0.6414723091309793,-0.7009243225528783,-0.6243909472157921,-0.5971730431211143,0
2017-07-19,-0.2214120806247933,-0.2941175744699683,-0.2911278645926104,-0.23515786279919992,-0.258705423073461,-0.2920756672527936,-0.34717460235554615,-0.35053858895145423,-0.3407157109299654,-0.38023989120875573,-0.38750335384249207,-0.40943677763266556,-0.3981656410562008,-0.39770200007723827,-0.412113337705895,-0.4083092869539673,-0.41404326537263403,-0.4541634112639644,-0.46387261018702663,-0.47193312684284977,-0.551225229355594,-0.599245309557194,-0.5476037450819952,-0.5603569137750664,-0.5872606941065752,-0.6405325683828685,-0.6999530487495425,-0.6234603204729312,-0.5962589723008774,-0.6500124314648709,1
2017-07-20,-0.29331548104477934,-0.29031830413844256,-0.2343680717947801,-0.2579137509911995,-0.2912766798384476,-0.34636125164610454,-0.3496980763056845,-0.33987164515389373,-0.3793864060554941,-0.3866503767519249,-0.40857983256209707,-0.39731700306928086,-0.39685128349598964,-0.411238663188239,-0.4074338184692714,-0.4131665988439266,-0.4531919034989479,-0.4628078694279727,-0.47089839534108385,-0.5501706723218432,-0.5981805275734108,-0.5465981830266559,-0.5593767542759697,-0.5863768652280746,-0.6395842362074479,-0.6989852624814856,-0.6225263454681066,-0.5953418718246644,-0.649072994834834,-0.5982724558741594,0
2017-07-21,-0.28951800984195614,-0.23358561018657878,-0.25711302626975346,-0.2904694516555993,-0.3455364348418362,-0.3488835342992502,-0.33903627037989653,-0.37852356924464414,-0.38579379607529546,-0.4077167094120542,-0.39646587795963667,-0.39600327617718173,-0.41038143485110395,-0.40656142378188564,-0.4122887551855479,-0.45229609170453894,-0.4618319234956926,-0.4698298769861839,-0.5490945052363679,-0.5971013027228818,-0.5455608874731516,-0.5583651459025495,-0.5853835776659594,-0.6386759309971688,-0.6980087344313808,-0.621595690607166,-0.5944214358098535,-0.6481305006010303,-0.597357857275391,-0.6130534495539894,1
2017-07-22,-0.23281218142193225,-0.25631970553068767,-0.28965308461706807,-0.3447032920861256,-0.3480575173785445,-0.33822676166391313,-0.3776695772703028,-0.38492784907104166,-0.406849956132338,-0.3956085863768834,-0.3951527819240883,-0.40952693536055473,-0.4057064454114512,-0.41141399520567673,-0.45139911414169465,-0.4609318863824368,-0.4688503258720083,-0.5479839427122489,-0.5960002805879208,-0.5445093061834175,-0.5573217069595385,-0.584358612849518,-0.6376562565514168,-0.6970730989344831,-0.6206564930292332,-0.5935042591779767,-0.6471846469422099,-0.5964402284391456,-0.6121317552660754,-0.5852120561482679,1
2017-07-23,-0.2555355111295135,-0.288844228267574,-0.3438608668485249,-0.3472231705485235,-0.33740581529626107,-0.37684183030687685,-0.38407077239229315,-0.4059737883158788,-0.39474767992071025,-0.3942961224559616,-0.40866994699590925,-0.40485418912081406,-0.4105566825257988,-0.45050529985822574,-0.4600306860081459,-0.4679468564764376,-0.5469642663745556,-0.5948644979555525,-0.5434361374283359,-0.5562639471606423,-0.5833016030306771,-0.6366044458166317,-0.6960239608787714,-0.6197570419924915,-0.5925786120871941,-0.6462421667368852,-0.5955192635673048,-0.6112070229227262,-0.5843037272590049,-0.580694847248049,0
2017-07-24,-0.28804463201360037,-0.3430261300602823,-0.3463795345632773,-0.3365765557415088,-0.3760025106698568,-0.3832400035135832,-0.4051065745876413,-0.39387738663655336,-0.39343584976812146,-0.40780678046545077,-0.4039994446263315,-0.409702098946168,-0.44962918246768246,-0.4591326664809703,-0.4670422258566261,-0.5460225961061709,-0.5938207525852338,-0.5423286172726153,-0.5551845530005176,-0.5822301947758978,-0.6355201590780453,-0.6949421739755999,-0.6187469128515238,-0.5916922955497996,-0.6452910804177562,-0.594601560451829,-0.6102789478619292,-0.5833923750401668,-0.5797886868672677,-0.5886376495490091,0
2017-07-25,-0.3422008761915127,-0.345543595286705,-0.33573803522671164,-0.37515481725239286,-0.3823976395893478,-0.40426587499896965,-0.3930159992970094,-0.3925661932557975,-0.4069399836918294,-0.40313852644083875,-0.40884502646731574,-0.4487558507326668,-0.4582523989313421,-0.46614079035443706,-0.5450797872828114,-0.5928561676020269,-0.5413118444460219,-0.5540707160040611,-0.5811370485659089,-0.6344213179707042,-0.6938274298122051,-0.6177048134747124,-0.5906963261493129,-0.6443801056135106,-0.593675384054918,-0.6093541664669551,-0.5824776926897794,-0.5788795055461519,-0.5877276761866859,-0.6247597262436245,0
2017-07-26,-0.3447171492827222,-0.3349071765245593,-0.37429776070897913,-0.3815468918448907,-0.4034135068454509,-0.39218100750095564,-0.3917054374695445,-0.40606377217534245,-0.4022739838941901,-0.40798177565490706,-0.44788002449662573,-0.45737492951886993,-0.4652571515757614,-0.544140332406034,-0.5918904576619578,-0.5403729384403255,-0.5530479146448278,-0.5800092575362317,-0.6333005306883787,-0.6926979571653809,-0.6166303940064006,-0.5896686328403777,-0.6433575531929873,-0.5927885544606186,-0.6084208738432066,-0.5815662439007462,-0.5779669961355229,-0.5868146776829238,-0.6238324122996682,-0.6358890061692499,0
2017-07-27,-0.3340857673525514,-0.3734484924247996,-0.3806867640465027,-0.4025527218786872,-0.39133438939615156,-0.3908710643715216,-0.4051965151052125,-0.40140003728771306,-0.40711489437884124,-0.44699798252764356,-0.4564949643690664,-0.4643763210732334,-0.5432191722697739,-0.5909281969416948,-0.5394328922392783,-0.5521032692266512,-0.578973139022388,-0.6321446926078654,-0.6915463058452476,-0.6155414765771419,-0.588608850724094,-0.642302814417257,-0.5917920319554847,-0.6075271464838515,-0.5806463553603252,-0.5770577105344215,-0.5858983474990488,-0.6229020541085969,-0.6349563495594027,-0.6368376720199863,0
2017-07-28,-0.3726088321725531,-0.3798344454584233,-0.40168250122874566,-0.39047937344123157,-0.3900250695451116,-0.404355773056872,-0.400535026565955,-0.4062385979594433,-0.4461122609345244,-0.4556087752323581,-0.4634929938291063,-0.5423009332553701,-0.5899845296964226,-0.538496188491752,-0.5511574870190216,-0.5780158151220769,-0.6310818071438189,-0.6903591504110927,-0.6144306882952156,-0.587534654323596,-0.6412155526290986,-0.5907637759199162,-0.6065231877940178,-0.5797656205909607,-0.5761399967789913,-0.5849852582717565,-0.6219683479081728,-0.6340206428159456,-0.6359045599984039,-0.6563827876296789,1
2017-07-29,-0.37899176116461275,-0.40082015863917136,-0.38961495377669914,-0.3891706789241003,-0.4035033621293458,-0.39969648514159095,-0.4053712566822078,-0.44521703491167597,-0.454718895621901,-0.4626034358932709,-0.5413801863219933,-0.5890438512632725,-0.5375777434476129,-0.550215071127847,-0.5770573619560121,-0.630098999999536,-0.6892663769545326,-0.6132849960755103,-0.5864386988054127,-0.6401137194648454,-0.5897034220426289,-0.605487366211491,-0.578775668655216,-0.575261370030669,-0.5840637204985288,-0.6210379606452789,-0.633081583032066,-0.6349683973414435,-0.6554402928786476,-0.6461579891179062,0
2017-07-30,-0.39996753664795265,-0.3887583726001512,-0.38830688805926156,-0.40264253424750995,-0.3988462911297647,-0.4045304321407966,-0.44433091916494355,-0.45381949187639936,-0.4617101786704036,-0.5404531340732823,-0.5881006582064244,-0.5366622113596742,-0.5492909887636119,-0.5761023278201226,-0.6291150787118356,-0.6882551152048774,-0.6122317934031625,-0.5853080572058016,-0.6389899174154132,-0.5886286506125653,-0.6044193253251554,-0.5777540974927733,-0.5742736906620086,-0.5831813871263256,-0.6200990321000119,-0.6321458662117937,-0.6340288812152096,-0.6544947371544426,-0.6452204028319882,-0.6586050048964723,1
2017-07-31,-0.38791146241766755,-0.387450931392946,-0.40177227044464825,-0.39798768747481184,-0.4036779381094845,-0.4434717023081487,-0.45292923264474266,-0.4608073813056039,-0.5395222844468017,-0.5871511150714142,-0.5357441721615711,-0.5483698363098515,-0.5751657924979641,-0.6281346824067884,-0.687242756197414,-0.6112582046771647,-0.5842692182254136,-0.6378310202883741,-0.5875321157002493,-0.6033368229420433,-0.5767005358118051,-0.5732544316009575,-0.5821897118054158,-0.6191998418368744,-0.6312015795368769,-0.6330927101005789,-0.6535458191254566,-0.6442797609809934,-0.6576614433590476,-0.6526167141564816,1
2017-08-01,-0.3866046403438215,-0.40090988499652863,-0.39711966022615464,-0.40281702684979415,-0.44260067979892737,-0.45206595664361215,-0.45991375626640857,-0.5385817165237288,-0.5861977157191075,-0.5348198330479924,-0.5474461750666048,-0.5742322245386259,-0.6271731171353371,-0.6862340404792037,-0.6102834963373306,-0.5833093043284034,-0.6367652153963099,-0.586400886196649,-0.6022324983974984,-0.5756325954067228,-0.5722032191413232,-0.5811663872772458,-0.6181899938247463,-0.6302971956338644,-0.6321479666957877,-0.6526002883023985,-0.6433357614474099,-0.6567148196730749,-0.6516760273276538,-0.6274913640768408,0
2017-08-02,-0.40005722051576564,-0.3962594960752146,-0.4019466792069733,-0.4417211789561206,-0.45119084493927936,-0.45904718296871366,-0.5376506304676644,-0.5852344912045029,-0.5338917036546118,-0.5465162026962075,-0.5732961440801443,-0.6262145945044293,-0.6852445267514881,-0.6093122746524444,-0.5823482627026024,-0.6357796288357743,-0.5853614861449064,-0.6010933648513755,-0.5745429433679693,-0.5711376413872693,-0.5801110440809047,-0.6171481804673821,-0.6292817485813136,-0.6312431400840983,-0.65164613501088,-0.642395127046287,-0.6557648326777519,-0.6507322815176029,-0.6265627387966278,-0.6377317570957488,1
2017-08-03,-0.39540903376683106,-0.40108421049082266,-0.44083213870123006,-0.45030724141557377,-0.4581687495571744,-0.5367473586716732,-0.58428093423468,-0.5329538688561318,-0.5455824253085648,-0.5723537277276879,-0.6252535519181152,-0.6842581397194666,-0.6083597638225113,-0.5813906508754869,-0.6347929297811898,-0.5844010380847545,-0.6000464215069766,-0.5734186978301992,-0.5700503699324464,-0.5790413119761358,-0.616074051610455,-0.6282342387808201,-0.6302272157663082,-0.6507321873875467,-0.6414458964268942,-0.654818237685717,-0.6497851751052508,-0.6256310678244829,-0.6367982158642023,-0.6338357293964232,0
2017-08-04,-0.40023146345894517,-0.4399511048877591,-0.4494140757415166,-0.4572818133715791,-0.5358319550744448,-0.5833556489201247,-0.5320254935258591,-0.544638915749338,-0.5714074738026654,-0.6242861236574961,-0.6832692244063708,-0.6074102684018344,-0.580451571627362,-0.6338097672653241,-0.5834394626127963,-0.5990787919201416,-0.5723859629878107,-0.5689285399434549,-0.5779498546384061,-0.614985426453907,-0.6271543220264525,-0.6291792203979161,-0.6497064300982527,-0.6405367203540673,-0.6538630145201092,-0.6488414477685639,-0.6246960476081288,-0.6358616235243786,-0.6329040584722495,-0.6360943338465326,1
2017-08-05,-0.43907995259929666,-0.4485289446511092,-0.4563852965650369,-0.534907926778906,-0.5824180688332095,-0.5311248772788671,-0.5437049121647375,-0.5704514285783345,-0.6233147923894135,-0.6822738678342242,-0.6064582557230117,-0.5795154673929303,-0.6328454720177383,-0.5824813191604303,-0.5981100391831814,-0.5714318604827113,-0.5678981104013366,-0.5768237772863147,-0.6138749326630883,-0.6260598758850348,-0.6280988102800348,-0.6486484307008247,-0.6395161070687488,-0.6529480298668616,-0.647889107632081,-0.6237643522264109,-0.6349216773111038,-0.6319693385004843,-0.635161578668118,-0.6075199986054476,0
2017-08-06,-0.44765373036221584,-0.45549683720244977,-0.5339741122870053,-0.5814717909119712,-0.5302121488902756,-0.5427987822264706,-0.5695049920622817,-0.6223335509776523,-0.6812745351899681,-0.6054998753776348,-0.5785768499015357,-0.6318842276211158,-0.5815417152508312,-0.5971447483246707,-0.570476626800209,-0.5669462026374673,-0.5757892942357813,-0.6127295392598314,-0.6249435169271327,-0.6270038679547129,-0.6475578559428796,-0.6384633411620425,-0.6519211546000895,-0.6469769175015498,-0.6228241085493685,-0.6339850780395982,-0.6310312664164949,-0.6342257732474917,-0.6066009606780384,-0.6186778684608212,0
2017-08-07,-0.4546183232969481,-0.533048609671398,-0.580515603480382,-0.5292908046259643,-0.5418804993274842,-0.5685866822647409,-0.621362124764716,-0.6802651597003396,-0.6045376156954956,-0.5776318914567283,-0.6309204624558443,-0.5806050879328477,-0.5961980906330285,-0.5695247987541868,-0.5659931623937857,-0.5748335273642025,-0.6116766217655953,-0.6237921722120978,-0.6258870090467908,-0.646452690869725,-0.6373780839165988,-0.6508620177764879,-0.6459530548898768,-0.6219236435278217,-0.6330399041825419,-0.6300965328634643,-0.6332866146936231,-0.605678887621945,-0.6177534741427838,-0.6223763657364318,1
2017-08-08,-0.5321333714458021,-0.5795678805458001,-0.5283596890409841,-0.5409535822345162,-0.5676561293361911,-0.6204193339352881,-0.6792658299770031,-0.6035654888609516,-0.5766830887888607,-0.6299503061868078,-0.5796659472016081,-0.595254430747294,-0.5685914275252217,-0.5650435186614403,-0.5738766303028936,-0.610703304540958,-0.6227335750310049,-0.6247351570387155,-0.6453255316216656,-0.6362782667543451,-0.6497702873314078,-0.6448969831304904,-0.6209124212533199,-0.6321346603330859,-0.6291532347271798,-0.6323507995466267,-0.6047534743498393,-0.6168260387944456,-0.6214501959364789,-0.587119784187831,0
2017-08-09,-0.5786306133124877,-0.5274368669212567,-0.5400168629346189,-0.5667169017482369,-0.6194641187361619,-0.6782957036128127,-0.6026031025284538,-0.5757244827429034,-0.6289762397734289,-0.5787204644734929,-0.5943082553470265,-0.5676610141430478,-0.5641123031337573,-0.5729231457980533,-0.6097288675413692,-0.6217548505095051,-0.6236760757180377,-0.6441632279871142,-0.6351564960086926,-0.6486639599644505,-0.6438083669581107,-0.6198692097264721,-0.6311182862091524,-0.62824980901555,-0.6314064140178467,-0.6038313427978496,-0.6158952581861012,-0.620520983150017,-0.586210539484284,-0.6121723599008397,0
2017-08-10,-0.5265242861131572,-0.539088475326644,-0.5657678037249585,-0.6185001475437429,-0.6773129505076952,-0.6016691675728008,-0.5747755063919493,-0.6279922502542082,-0.5777711361507136,-0.5933557239211055,-0.5667280892042937,-0.5631840389695808,-0.5719881398082771,-0.6087579160678988,-0.6207750094218665,-0.6226968902756237,-0.643094172064577,-0.6339996600202259,-0.6475356296005909,-0.6427051716670851,-0.6187936602529617,-0.6300698332096448,-0.6272353949480375,-0.6305019342956959,-0.6029007142231493,-0.6149677833856703,-0.6195884234316174,-0.5852982704421271,-0.6112510885843729,-0.6187948272643367,0
2017-08-11,-0.5381703769477261,-0.5648271218371144,-0.6175261687796451,-0.6763213505918174,-0.6007228738095124,-0.5738547084578178,-0.6270180984554028,-0.5768120019587067,-0.5923993284600713,-0.5657888346644103,-0.5622532638909938,-0.5710560965818451,-0.6078056719098733,-0.6197986763424331,-0.6217165885405918,-0.6421054903885322,-0.6329358221939274,-0.6463721376494654,-0.6415799971521187,-0.6177036063586513,-0.6289889581135478,-0.6261889361027221,-0.6294863839446412,-0.6020095691289258,-0.6140317829168582,-0.6186591775055091,-0.5843826704060191,-0.6103267796784966,-0.617870376799647,-0.6216330275629782,0
2017-08-12,-0.5638968350289297,-0.6165607758790759,-0.6753195899777249,-0.5997678534750018,-0.5729216489724319,-0.626072637519375,-0.5758625017900231,-0.5914330936378407,-0.5648457508237361,-0.5613161634986024,-0.570121541311848,-0.6068564423590869,-0.6188411210722733,-0.6207397967301502,-0.6411156980551505,-0.6319521083613803,-0.6453019476465305,-0.6404197074014455,-0.6165916729857204,-0.6278935481518889,-0.6251100871762335,-0.6284387690486299,-0.6010083942683915,-0.6131354308408545,-0.6177213964158443,-0.5834703080497005,-0.6093991284534751,-0.6169428852427946,-0.620707214606193,-0.6358084345490503,0
2017-08-13,-0.61560599081366,-0.6743266047456526,-0.5988028751771073,-0.5719799065612489,-0.625114732446238,-0.574941190700466,-0.5904765510307934,-0.5638928907071423,-0.5603752394409924,-0.5691806531894592,-0.6059046956295944,-0.617886596382554,-0.6197817887379146,-0.6401294551291457,-0.6309672809234651,-0.6443121862790291,-0.6393525734467399,-0.615444818856476,-0.6267762180581946,-0.6240167149671013,-0.6273587455114744,-0.5999754049435532,-0.6121286425565614,-0.6168233183824511,-0.5825495010442717,-0.6084747689921657,-0.6160120483730641,-0.6197783590560653,-0.6348758166180081,-0.6507817604835502,1
2017-08-14,-0.6733444649116443,-0.5978464213445704,-0.5710282797768496,-0.6241480625088525,-0.5740076142606473,-0.5895483408516258,-0.5629496131958838,-0.5594245493429196,-0.5682359314925831,-0.604946581763913,-0.6169295529319824,-0.6188268126876838,-0.6391621198218118,-0.6299859822379691,-0.6433213148949041,-0.6383657215635848,-0.6143905073055173,-0.6256238879438019,-0.6229014380928041,-0.6262641919768281,-0.5989102417857676,-0.6110899421550408,-0.6158146694175131,-0.5816678760059515,-0.6075419005641087,-0.6150845175637396,-0.6188461569100309,-0.6339401485959718,-0.6498419545333117,-0.6458460989751984,0
2017-08-15,-0.5969004983840994,-0.5700850863782474,-0.6231713700425472,-0.5730653531901635,-0.5886078142466551,-0.5620343981016306,-0.5584834240662093,-0.5672814257578014,-0.6039845892586201,-0.6159661317823193,-0.6178693177417376,-0.6381978445084392,-0.6290235264063795,-0.642333997407223,-0.6373777579372522,-0.6134158628812063,-0.6245643503381454,-0.6217511913544868,-0.6251477248105655,-0.5978306335821948,-0.6100189762313251,-0.614774075966349,-0.5806769643094244,-0.6066485843780178,-0.614148460785765,-0.617917266951557,-0.633001127569936,-0.6488990905723929,-0.6449086624136864,-0.6686400702380978,0
2017-08-16,-0.5691523096827693,-0.6222032819517398,-0.5721132048719006,-0.5876585800900171,-0.5611069627871661,-0.5575703173977946,-0.5663365161147047,-0.6030127308671037,-0.6149988181083947,-0.6169054441963123,-0.6372310475208031,-0.6280641158936983,-0.6413656016139304,-0.6363933361105095,-0.6124400994695343,-0.6235847304935546,-0.6206936420371532,-0.6239962702978589,-0.5967292251844787,-0.6089335320893952,-0.6137011866007703,-0.5796544166898923,-0.6056450689564474,-0.6132520541292394,-0.6169798437379034,-0.6320654493335681,-0.647952866838677,-0.6439681704520626,-0.6676916913179068,-0.6706933470109245,0
2017-08-17,-0.6212458249009836,-0.5711694934971645,-0.5866994200386997,-0.5601708630949,-0.5566450061183281,-0.5654197021106385,-0.6020506107776599,-0.6140216133306259,-0.6159376769430907,-0.6362578533832379,-0.6271021851603186,-0.640400269004017,-0.6354277980478003,-0.6114678271021201,-0.6226039946141301,-0.6197159151253033,-0.6229375683303902,-0.5955930506161176,-0.6078262434576086,-0.6126138080213183,-0.5785998628751733,-0.604609698353421,-0.6122452070040264,-0.6160821125940488,-0.6311212014494079,-0.6470100182192972,-0.6430243209488421,-0.6667402449414245,-0.6697439824050601,-0.6783164619156091,1
2017-08-18,-0.5702362032851944,-0.5857487447626074,-0.5592249103030306,-0.5557110374659313,-0.5644906560492652,-0.6011169366456864,-0.613054190670218,-0.6149600164364609,-0.6352807411538115,-0.6261338669814607,-0.6394324144039282,-0.6344653145738283,-0.610514279352583,-0.6216267704654235,-0.6187370710553105,-0.6219587440479253,-0.594548931198229,-0.606684102289186,-0.6115045702693169,-0.577530924664651,-0.6035421156868968,-0.6112064467379703,-0.6150738375958461,-0.6302168551463103,-0.6460585615110097,-0.6420838359047686,-0.66578543071917,-0.6687915492568859,-0.6773634377957191,-0.6747167298518559,0
2017-08-19,-0.5848085506066891,-0.5582873521908783,-0.5547672275247826,-0.563552940297996,-0.6001709056370153,-0.6121153219010523,-0.6139921417820311,-0.6342936913840759,-0.6251616434669797,-0.6384581605447833,-0.6335003099609805,-0.609563750130844,-0.6206683357981354,-0.6177617308457302,-0.6209788032585221,-0.593583990106261,-0.6056342885939329,-0.6103604513529588,-0.5764402672469532,-0.6024600741430819,-0.610135419988616,-0.614033624617063,-0.6292014486286154,-0.6451472276882207,-0.6411347554431427,-0.6648340301640715,-0.6678357473347412,-0.6764073411015038,-0.6737654338011528,-0.6846608272351915,1
2017-08-20,-0.5573601622634765,-0.5538317976455399,-0.5626053624904477,-0.5992161489236624,-0.6111640577980992,-0.6130528302191767,-0.6333165044144546,-0.6241795055803635,-0.6374799858213868,-0.6325289117726189,-0.6086107033420675,-0.6197129343560801,-0.6168051554397894,-0.6200023708921034,-0.5926179242687538,-0.604663926314335,-0.6093087501765293,-0.5753150015637264,-0.601356213935679,-0.609049914673328,-0.61296112183221,-0.6281539800681353,-0.6441242882252021,-0.6402257249183739,-0.6638739756723129,-0.666883363512401,-0.6754478721872349,-0.6728110670800936,-0.6837047574713406,-0.6751013943611958,1
2017-08-21,-0.5529067176275072,-0.5616661904479301,-0.5982514357079916,-0.6102040507322033,-0.6121011200444317,-0.6323680700884787,-0.6232071902394608,-0.6364918685224017,-0.6315536001908681,-0.6076512868244793,-0.6187550138912055,-0.6158516076673418,-0.6190447176355217,-0.5916553091316572,-0.6036924425062539,-0.6083365909367642,-0.5742812931365289,-0.6002175515466539,-0.6079425644038678,-0.6118741320434335,-0.6270741052158743,-0.6430691556738608,-0.6392052685421752,-0.6629543080102944,-0.66592232048201,-0.6744918378296798,-0.6718533297662653,-0.6827456117775051,-0.6741499136503916,-0.5888559726489047,1
2017-08-22,-0.5607374004856903,-0.5972952451493762,-0.6092340580649869,-0.6111406654356404,-0.6314071696127063,-0.6222635283802561,-0.6355136227722634,-0.6305683596022815,-0.6066879882593471,-0.6177907139782675,-0.614895541425937,-0.6180900952540753,-0.5907112921120689,-0.6027244319384242,-0.6073633112348731,-0.5733262637384128,-0.5991710578551845,-0.6068003606924677,-0.6107652860330917,-0.6259797012161032,-0.641981493788168,-0.6381526622742301,-0.6619223841925945,-0.6650016946286088,-0.6735271246932023,-0.6708990192379882,-0.6817830909956011,-0.673195362065775,-0.5879458944794971,-0.46574253698402196,1
2017-08-23,-0.5963495831961056,-0.6082726240694791,-0.6101702227451138,-0.6304374943941243,-0.6213074357029201,-0.6345641512172358,-0.6295929669870103,-0.6057148176184259,-0.6168225192420917,-0.6139330994342247,-0.617132954082587,-0.5897702649565509,-0.6017750901630223,-0.6063935122445105,-0.5723701037129333,-0.598203856356541,-0.6057504873087725,-0.6096215646121022,-0.6248633847197096,-0.6408792582391597,-0.6370675672304895,-0.6608581109918509,-0.6639687378258706,-0.6726029414026797,-0.6699360391724041,-0.6808240184667331,-0.672237439714499,-0.5870327910531754,-0.46489156002851517,-0.4461428405993556,0
2017-08-24,-0.6073217638239656,-0.6092083417962044,-0.6294577799904677,-0.6203425841384493,-0.6336022058335673,-0.628646290491322,-0.604751396033867,-0.6158444292266178,-0.612966767479875,-0.6161694350171287,-0.5888267230731394,-0.6008287542659262,-0.60544240547318,-0.5714173531777058,-0.5972355314537352,-0.6047800682033084,-0.6085702427888817,-0.623712083089837,-0.6397550507508072,-0.6359679131971906,-0.6597611617069722,-0.6629034136699491,-0.6715661494795399,-0.6690135357490528,-0.6798562508710135,-0.6712829449791943,-0.5861163558480462,-0.46403762293320977,-0.44530127257506874,-0.5185767271587336,0
2017-08-25,-0.6082570384454437,-0.6284866905769553,-0.619367720123018,-0.6326314822610796,-0.6276871608594576,-0.6038164468986966,-0.6148761285833015,-0.6119905490741611,-0.6152020231712467,-0.587876830415924,-0.5998799020547256,-0.6044943098883909,-0.5704830715432512,-0.5962706666495032,-0.603808527603083,-0.6075984447090659,-0.6226535270274487,-0.6385957422299601,-0.6348463068186679,-0.6586495856658948,-0.6618053965571913,-0.6704969234862298,-0.6679785548186699,-0.6789291068904082,-0.670319779719031,-0.5852031620708195,-0.463180409713395,-0.4444567547776479,-0.5177003868888336,-0.5215136926692325,0
2017-08-26,-0.6275262580441141,-0.618401448010004,-0.6316507136932308,-0.6267192623248633,-0.6028691314476877,-0.6139363997025596,-0.6110241047021842,-0.6142247197562724,-0.5869230806270096,-0.5989246884796835,-0.6035436974637163,-0.5695517504936376,-0.5953244294312412,-0.6028404604793756,-0.6066255259528035,-0.6216748416526566,-0.6375295447205886,-0.6336896376114748,-0.6575159667896323,-0.6606927465838283,-0.669394941893511,-0.6669111713227287,-0.6778891231742575,-0.6693970967864079,-0.5842815191871549,-0.46232617214212396,-0.4436089697158988,-0.5168210585340937,-0.5206359424945084,-0.535161485497224,0
2017-08-27,-0.6174457913019373,-0.6306785773066815,-0.6257413344521011,-0.6019130860560249,-0.6129842691204272,-0.6100861943083996,-0.6132571992670214,-0.5859595040150385,-0.5979656038526244,-0.6025867201649222,-0.5686179176162398,-0.5943811887543105,-0.6018910628889234,-0.6056560864064637,-0.6206950396884953,-0.6365435843721334,-0.6326259589543549,-0.6563471086510302,-0.6595580456239609,-0.6682783047766115,-0.6658110618080003,-0.6768166498624798,-0.6683619223347773,-0.583399083931311,-0.4614638015343233,-0.4427641179905388,-0.5159384301707755,-0.5197552026815255,-0.5342771836320298,-0.5600659133924466,1
2017-08-28,-0.6297171068149736,-0.6247720193823665,-0.6009470770198089,-0.6120233927177837,-0.6091358956759002,-0.6123182346603175,-0.5850055978333959,-0.5969966671201065,-0.6016258671999457,-0.5676777533270704,-0.5934354326881031,-0.6009446713446408,-0.6047053343707871,-0.6197187455697777,-0.6355565117514438,-0.6316423966574509,-0.6552717973797736,-0.6583880895086414,-0.6671395864101454,-0.6646963074711207,-0.6757113688167827,-0.6672943419510305,-0.5824072987740173,-0.4606388189486323,-0.4419111835470746,-0.5150588915153406,-0.5188711615322885,-0.5333898849099908,-0.5591696560334254,-0.504151808058495,0
2017-08-29,-0.6238133459166576,-0.599989599480303,-0.6110525258956991,-0.6081768572644902,-0.6113668740103191,-0.5840799704152236,-0.5960374447457621,-0.6006551537491563,-0.5667337573570698,-0.5924833214324927,-0.5999957634696269,-0.6037575924547824,-0.618761228749986,-0.6345729772235824,-0.630657720665254,-0.6542771603529572,-0.6573117303736254,-0.6659655538825313,-0.6635594861752782,-0.6745914133850617,-0.6661940323875349,-0.5813838624987144,-0.459708971051205,-0.44109534744393764,-0.514171084181823,-0.5179902164313054,-0.5324992786821166,-0.5582703886451181,-0.5032823925423772,-0.5196007664606244,1
2017-08-30,-0.5990426616267177,-0.6100902237085154,-0.6072078386203288,-0.6104067700789746,-0.5831420456920199,-0.5951066093459302,-0.5996941692172965,-0.5657799807884654,-0.5915273472409975,-0.5990404941197648,-0.6028073338045656,-0.6178067423949951,-0.6336083148369981,-0.6296765727954319,-0.6532814162028444,-0.6563160957371591,-0.6648853043875085,-0.6623873785815297,-0.6734493515172291,-0.6650790768582779,-0.5803284057611813,-0.4587485495162441,-0.4401753599771102,-0.5133214457550817,-0.5171009951121492,-0.5316117979655813,-0.557367802492753,-0.5024099965710425,-0.5187239345955911,-0.4950602103985609,1
2017-08-31,-0.6091385027462338,-0.6062473720034163,-0.6094366800094527,-0.5821954219979144,-0.5941634380851851,-0.5987616075286452,-0.5648357943358039,-0.59056153568475,-0.5980813535719706,-0.6018507109857386,-0.616849737290606,-0.6326467044055498,-0.6287142658039768,-0.652289246220856,-0.6553193545694004,-0.6638859659673666,-0.6613089661641098,-0.6722719263805421,-0.6639420528429752,-0.5792585594661439,-0.457757119197666,-0.43922497040796843,-0.5123650174527701,-0.5162499861078604,-0.5307160059928075,-0.5564683956158254,-0.5015343071120161,-0.5178441141040832,-0.4941951593488808,-0.4232630995472114,0
2017-09-01,-0.605297470807616,-0.6084751492760855,-0.5812388868770829,-0.5932115505509425,-0.5978166971989689,-0.5639196888016397,-0.5896054128748903,-0.5971123606537025,-0.6008902134281018,-0.6158863545635965,-0.6316825730960841,-0.6277550036837926,-0.6513160614962346,-0.654326191717559,-0.6628855232138421,-0.6603113767178481,-0.6711884391191443,-0.6627697395523228,-0.5781669870714233,-0.45675166533871125,-0.4382437331147521,-0.51137755311166,-0.5152920802446712,-0.5298586280480743,-0.5555606135453626,-0.5006616762201147,-0.5169609931410729,-0.49332713265270856,-0.4224325150558153,-0.44184915296807736,0
2017-09-02,-0.6075241931256006,-0.5802908186250784,-0.5922497224162191,-0.5968630648605067,-0.5629913564551333,-0.5886776139479432,-0.5961530825540678,-0.5999198570689679,-0.6149190794128453,-0.6307120499526762,-0.6267932213872484,-0.650345954357732,-0.6533520271287185,-0.6618886741755715,-0.6593126819003229,-0.6701860182114635,-0.6616911308262492,-0.5770407929724405,-0.45572497412904717,-0.4372485305511972,-0.510358645824569,-0.5143031126385598,-0.5288938561033203,-0.5546916135881863,-0.49978081368331734,-0.5160809640966594,-0.4924558165787655,-0.42159899289282987,-0.4410096461497811,-0.4985351864052309,1
2017-09-03,-0.5793532090474379,-0.5912963972574936,-0.5958994822513439,-0.5620543567724968,-0.5877375016397873,-0.5952221925632332,-0.5989592267022867,-0.6139419133408152,-0.6297376157051274,-0.6258250519412437,-0.6493733238024617,-0.6523809430729444,-0.6609108716857758,-0.6583175735262884,-0.6691824947996182,-0.6606933544860277,-0.576006198503482,-0.45466461415811193,-0.43623216844591817,-0.5093255579206749,-0.5132826779520975,-0.5278979029710829,-0.5537143124502208,-0.4989379068542654,-0.5151926637451403,-0.49158753944485345,-0.42076221380846474,-0.44016719182936664,-0.49766846717612623,-0.4929679473578956,0
2017-09-04,-0.5903535760337534,-0.5949444145866171,-0.5611074990022447,-0.586788683146277,-0.5942789663073357,-0.5980270119697861,-0.6129745290689407,-0.6287532566085292,-0.6248529775487234,-0.648394284463762,-0.6514073353085071,-0.6599361606700553,-0.6573414888997122,-0.6681825779191816,-0.6596944728854498,-0.575050325556953,-0.45369284906958995,-0.43518228928818187,-0.5082710229192141,-0.5122480539172125,-0.5268703706084271,-0.5527056121629007,-0.49798873559874185,-0.5143425474356081,-0.4907110540069619,-0.4199283186673183,-0.4393214721856158,-0.4967987704625462,-0.49210390070943977,-0.554937919629425,1
2017-09-05,-0.593999865859406,-0.5601690420851697,-0.5858299410618147,-0.5933270235965717,-0.5970824511648565,-0.6120356979069103,-0.627778738261147,-0.6238709894907738,-0.6474113117412794,-0.6504273168118566,-0.6589589248619646,-0.6563684905807274,-0.6672017477729822,-0.6586991785054175,-0.5740933224836413,-0.45279679229255815,-0.4342205266561257,-0.5071824102005388,-0.5111919711252789,-0.5258286083223627,-0.5516651279942487,-0.4970086545503378,-0.5133856039483533,-0.48987238990380494,-0.4190863995473727,-0.43847867660896883,-0.495925782800308,-0.49123687952113076,-0.5540441239891806,-0.5283726767242829,1
2017-09-06,-0.5592409610913255,-0.5848796809013475,-0.5923651399795223,-0.596129169503841,-0.6110844716895066,-0.6268329182376348,-0.6228988227506455,-0.6464183737049471,-0.6494433623697994,-0.6579752710864913,-0.6553929679811127,-0.6662240182065532,-0.657722910309342,-0.5731397324078293,-0.45189956989246916,-0.4333339926314621,-0.5061836818531603,-0.5101017878829444,-0.524765333098772,-0.5506103398611454,-0.4959972490920173,-0.5123976154599773,-0.4889277925491219,-0.41828124060720134,-0.4376278093374293,-0.49505584157993754,-0.49036656990087335,-0.553147321031947,-0.527491633860328,-0.49979054422963004,0
2017-09-07,-0.583939898287015,-0.5914117597169529,-0.5951659395156829,-0.6101245026341031,-0.6258746514186063,-0.6219553064674481,-0.6454353467248947,-0.6484494379614121,-0.6569876718551776,-0.6544110308306545,-0.665243762945834,-0.6567497289729446,-0.5722046222299589,-0.4510055117903275,-0.43244628733272367,-0.505261954938197,-0.5091015606924674,-0.5236678517858755,-0.5495339399222361,-0.4949717059022817,-0.5113781756106276,-0.4879523649706072,-0.4173727637318831,-0.4368139769458928,-0.4941776831342595,-0.48949929470383413,-0.5522472016288013,-0.526607597730263,-0.49892322235979075,-0.5064078134240818,0
2017-09-08,-0.5904688838637986,-0.5942112220664981,-0.6091545481880446,-0.6249076185423247,-0.6209993604438518,-0.6444811912618336,-0.6474654326929286,-0.6559900853844645,-0.6534251527153041,-0.6642570836962367,-0.6557740233012326,-0.5712724751287791,-0.45012915377490004,-0.4315617067388882,-0.5043390776334198,-0.5081784068168653,-0.5226606596174245,-0.5484231411246462,-0.49392477288057646,-0.5103445520999987,-0.48694568769193336,-0.4164340849961991,-0.43589614959461387,-0.4933373973831547,-0.4886238165742957,-0.5513502504306937,-0.5257202571632914,-0.4980529223414928,-0.5055373149014265,-0.5379139160066209,0
2017-09-09,-0.5932670205395629,-0.6081931521529628,-0.623930561125609,-0.6200346560167714,-0.643514527294087,-0.6465103188544864,-0.6550024480653885,-0.6524292955171178,-0.6632664510757054,-0.6547919027135887,-0.5703378159529972,-0.44925558213868094,-0.43069470208558247,-0.5034194713561225,-0.5072541033982404,-0.5217308747946423,-0.5474032392972833,-0.492843873795803,-0.5092894774264616,-0.4859248997112295,-0.4154647465495894,-0.43494795771908473,-0.4923910517993625,-0.48778612885602884,-0.5504449372041822,-0.5248360274518642,-0.4971793308070433,-0.5046638347303087,-0.5370282928235428,-0.5418723217344882,1
2017-09-10,-0.6072423295410455,-0.6229621105739608,-0.6190599399542092,-0.6425390695760672,-0.6455426894162861,-0.6540437761067021,-0.6514433732986455,-0.6622658168401996,-0.6538058406811533,-0.5693968237176111,-0.4483795159297559,-0.4298304556811922,-0.5025178998219031,-0.5063330769400141,-0.520799944363792,-0.5464613543534041,-0.49185250702293526,-0.5082003171092714,-0.48488275799135944,-0.41448151085427537,-0.4339689534026484,-0.4914138455789833,-0.48684258410002407,-0.5495783302996619,-0.5239435039131505,-0.496308788424549,-0.5037870600516562,-0.5361396713278055,-0.540984798299156,-0.5339815011239792,1
2017-09-11,-0.6220042941830589,-0.6180938147847792,-0.6415535406246552,-0.6445662630437803,-0.6530725622066783,-0.6504863815297097,-0.6612751567337057,-0.6528097986942785,-0.5684519976353625,-0.4474972335093276,-0.42896371749040324,-0.5016191904967016,-0.505430103827861,-0.519872318463036,-0.5455183309819437,-0.4909377886314627,-0.5072010661564231,-0.4838067205807101,-0.413477206447697,-0.4329759965810376,-0.49040536110300026,-0.48586822743153246,-0.5486036090091402,-0.5230892940644829,-0.4954300255938591,-0.502913348810431,-0.5352477410819771,-0.540094274457486,-0.5330977657161214,-0.5303167919471619,0
2017-09-12,-0.61713830375515,-0.6405766763282877,-0.6435797600693134,-0.6520925395511252,-0.6495168602582659,-0.6603135235164052,-0.6518236932015177,-0.5674973870205141,-0.44661127083570523,-0.4280907816903641,-0.5007179790878469,-0.5045299971399798,-0.5189628323546621,-0.5445786624496283,-0.4900219156911591,-0.5062788416994318,-0.4828199935893988,-0.41243956208621985,-0.4319618972632462,-0.4893827555938586,-0.48486263825595055,-0.5475975334491191,-0.5221279375082353,-0.4945891540118203,-0.502031400132453,-0.5343589422894812,-0.5392004400762997,-0.5322110340755358,-0.5294348158010758,-0.5436708882241034,0
2017-09-13,-0.6396105186328549,-0.6426019283943507,-0.6511024203619495,-0.6485385358134257,-0.6593393264348908,-0.6508665218888396,-0.5665523733568755,-0.44571580258984583,-0.4272141900892897,-0.49981050132207017,-0.5036273879509244,-0.5180562322584356,-0.5436572914565109,-0.4891092846387789,-0.5053554671478794,-0.48190969246192095,-0.41148947583982454,-0.43091431412770914,-0.4883387825502168,-0.4838429445986517,-0.546559716146803,-0.5211354591797003,-0.49364217686882117,-0.5011874405057803,-0.5334618251744143,-0.5383097456939189,-0.5313209954625352,-0.5285498453605985,-0.5427825013780294,-0.5658280837789743,0
2017-09-14,-0.6416348116492046,-0.6501209971408856,-0.6475501242469474,-0.6583563107595906,-0.64989681974445,-0.5656354574496042,-0.4448294466051949,-0.4263281373265528,-0.4988992773883027,-0.5027185096174458,-0.5171471277208544,-0.5427388422194032,-0.4882145969607822,-0.504435365692453,-0.48099823416430726,-0.4106140582173751,-0.4299547427246785,-0.48726088691821123,-0.4828019055082777,-0.5455076101255977,-0.5201114574074496,-0.49266432810242805,-0.5002371342742907,-0.5326031627680679,-0.5374107228265267,-0.5304340798135034,-0.5276615696043638,-0.5418911131743204,-0.5649290602615504,-0.6609831672346198,1
2017-09-15,-0.6491503197719308,-0.6465703969997499,-0.6573631819624692,-0.6489183138301617,-0.564706308730613,-0.44396999440052165,-0.4254511196622288,-0.4979784281663242,-0.5018058814518817,-0.5162317410856037,-0.5418178850005093,-0.4873227507885643,-0.5035333054664584,-0.4800899993888207,-0.4097374627241252,-0.42907029484070075,-0.4862723865169683,-0.4817269869220051,-0.5444339126562484,-0.5190732458949675,-0.49165519076458986,-0.49925589850551394,-0.5316370061003322,-0.5365502131727423,-0.5295388559376144,-0.5267764089006622,-0.5409964136180405,-0.5640270236671153,-0.6600384640485986,-0.6163023052071963,0
2017-09-16,-0.6456014010027606,-0.6563787696639989,-0.6479297197884782,-0.5637684899831705,-0.44309873480108763,-0.4246008156964783,-0.49706689921050157,-0.5008836213432929,-0.5153125875915752,-0.540890622046923,-0.4864284045833504,-0.5026341089192251,-0.47919965040074597,-0.40886394571676626,-0.42818467444468494,-0.4853603970298675,-0.48074132769060035,-0.5433258560207646,-0.5180135483959033,-0.4906319286614052,-0.4982433197882073,-0.530639644156027,-0.5355820650667619,-0.5286820286497012,-0.5258829493785346,-0.5401048579433416,-0.5631216657037926,-0.6590906974561724,-0.6153790512900521,-0.6222178215805554,0
2017-09-17,-0.655405128952829,-0.6469498113108604,-0.5628208086086138,-0.4422189960861666,-0.42373877206247623,-0.4961827864301989,-0.49997069306351194,-0.5143837712302513,-0.5399595611643313,-0.48552780571203863,-0.5017324101427607,-0.47831212986981403,-0.4080078597276639,-0.42730217007995996,-0.48444725137454187,-0.4798320431147279,-0.5423085711999799,-0.5169196973553944,-0.48958729404006573,-0.49721659663236545,-0.529610680363341,-0.5345826770405124,-0.5277178503444502,-0.5250278322803046,-0.5392049691661601,-0.5622194994553779,-0.6581395664793311,-0.614452757599089,-0.6212917278905089,-0.6240085908166031,1
2017-09-18,-0.6459806356437983,-0.5618815337055875,-0.4413297166408044,-0.42286827970638907,-0.4952866836872427,-0.4990852094424743,-0.5134643404282535,-0.5390187809839807,-0.4846234786689542,-0.500824444037449,-0.4774221105983542,-0.4071544991495287,-0.4264372144591731,-0.4835373362610888,-0.47892160076547474,-0.5413691777546318,-0.5159159697693978,-0.4885087271134342,-0.496168474688421,-0.5285674784642508,-0.5335516546378772,-0.5267225011788594,-0.5240654976572107,-0.5383436201852404,-0.5613089432201711,-0.6571918326397947,-0.61352311972201,-0.6203625912978106,-0.6230816374589248,-0.5944440043724204,0
2017-09-19,-0.5609526417684414,-0.44044844526853916,-0.42198829786590897,-0.4943820198984091,-0.498187725710135,-0.512572486643765,-0.5380874844101526,-0.4837095590228052,-0.49991273048657714,-0.4765258472897161,-0.40629865003759547,-0.42557501092482414,-0.4826453289458484,-0.4780143777118005,-0.5404286444031905,-0.514989483372446,-0.4875195860562473,-0.49508636921910215,-0.5275027527007391,-0.5325063823604693,-0.5256955824793138,-0.523072024247064,-0.5373745672366694,-0.5604372542626205,-0.6562354645212142,-0.6125967825244384,-0.6194301078448454,-0.6221516402514218,-0.593531243640737,-0.6093289614331531,0
2017-09-20,-0.4395770574666028,-0.4211162606733741,-0.49346767723702195,-0.49728167637754284,-0.5116685855881948,-0.5371840063814847,-0.48280490285279537,-0.49899138932714343,-0.4756258671517865,-0.40543662503178607,-0.4247103162144702,-0.4817561550751796,-0.4771250271929617,-0.5394914555319131,-0.5140618494100649,-0.48660698663818325,-0.49409385112250914,-0.5264037995431035,-0.5314395705041347,-0.5246544373644617,-0.5220470114175304,-0.536374258626897,-0.5594570542286679,-0.6553193700640233,-0.6116619257572845,-0.6185009378419041,-0.621218295374122,-0.5926154546965196,-0.6084090551041885,-0.6144309643509492,0
2017-09-21,-0.4202540275472446,-0.49256151362161127,-0.4963659404933051,-0.5107560977686333,-0.5362683950247915,-0.4819275229628284,-0.49807937246544504,-0.4747163150112684,-0.40457097276921317,-0.42383942797004476,-0.48086448196997794,-0.4762385021283634,-0.5385725317186747,-0.5131375062638105,-0.4856932314138413,-0.4931780366232186,-0.5253952027066512,-0.5303385006141688,-0.5235917839965123,-0.521007783067897,-0.535342300861107,-0.5584454046152344,-0.654291298365213,-0.6107666822723237,-0.6175632330824374,-0.6202882678127888,-0.5916963314473854,-0.6074861126897437,-0.6135086087802416,-0.6412639129619154,1
2017-09-22,-0.4916654478923708,-0.4954583931591442,-0.509833887713432,-0.5353441582846165,-0.48103820295533795,-0.49719478171058523,-0.4738159905538303,-0.4036959111877423,-0.4229648892812962,-0.47996656152946593,-0.47534947862067495,-0.5376565223015375,-0.512231259909032,-0.4847827092673008,-0.49226106822555227,-0.5244640805818193,-0.529327883655558,-0.5224949336727673,-0.5199470610137233,-0.5342960878733932,-0.5574019237701168,-0.6532309442960572,-0.6097610891124926,-0.6166652290359738,-0.6193497008974771,-0.5907804616896907,-0.6065598292415323,-0.612583214425504,-0.6403286761014697,-0.6366999205402903,1
2017-09-23,-0.49456095562461777,-0.5089199103729372,-0.5344101341928178,-0.48014034427080454,-0.4962981974545167,-0.47294285420447485,-0.4028297946285553,-0.42208089915986924,-0.4790649199243574,-0.4744542130615943,-0.5367380056316137,-0.5113278898228221,-0.48389010287051887,-0.491347346273131,-0.5235318136425045,-0.5283948382908564,-0.5214883436943754,-0.5188521703699426,-0.5332283281666098,-0.5563441218295739,-0.6521379770629907,-0.6087236046262032,-0.6156566598331715,-0.6184508611625795,-0.5898561284793686,-0.6056368314186562,-0.6116544767306035,-0.6393903862645204,-0.6357668746469873,-0.6253367230076341,0
2017-09-24,-0.5080160981927853,-0.5334844234071331,-0.4792328444296131,-0.49539305056458494,-0.4720578091534996,-0.4019901698760705,-0.42120592723287187,-0.4781536984427791,-0.47355523328348453,-0.5358131880940235,-0.5104220162603599,-0.4830003317200499,-0.4904515819848277,-0.5226028567934266,-0.5274606492529663,-0.5205591321814428,-0.5178474506293993,-0.5321262965046331,-0.5552646852079406,-0.6510304058377531,-0.6076538741387931,-0.6146161475317112,-0.6174413910399149,-0.588971085487483,-0.6047053319289077,-0.610729035675328,-0.6384487409573839,-0.6348307781911657,-0.6244091320735264,-0.6307818050824088,1
2017-09-25,-0.5325689788037508,-0.47833347695496675,-0.494478222124611,-0.4711642395238927,-0.4011388845159973,-0.420357627363488,-0.477251718325047,-0.47264668624360473,-0.5348845790250026,-0.5095098670435492,-0.4821080611565854,-0.48955866244021523,-0.5216920571708652,-0.5265297783016273,-0.5196287747202268,-0.5169200196602725,-0.5311147616704256,-0.5541508051263219,-0.6499008221745284,-0.6065696724957355,-0.6135433406186648,-0.6163999621459005,-0.5879764890417939,-0.603813342655947,-0.6097950798547757,-0.6375104502172941,-0.6338913283283422,-0.623478496587119,-0.6298516002097113,-0.6159670233037854,1
2017-09-26,-0.47744414885345837,-0.4935715760444325,-0.47026105250883543,-0.40027918591363176,-0.41949760266263714,-0.47637696001634405,-0.47174735864969447,-0.5339462622776452,-0.5085939594375323,-0.4812095420663389,-0.4886632425418914,-0.520784147510853,-0.5256170896496918,-0.5187017194054371,-0.5159914416862471,-0.5301808424501825,-0.553127962648384,-0.6487360585161921,-0.605463635793588,-0.6124560449630981,-0.6153262239247419,-0.5869501925720194,-0.6028112577225182,-0.6089007096581637,-0.6365635758235274,-0.6329552231797416,-0.6225445128305231,-0.6289183479047031,-0.6150439303403777,-0.603928063795262,1
2017-09-27,-0.49267503200432244,-0.4693659684396654,-0.39941005764904036,-0.41862913589795614,-0.47549028099828455,-0.47087519887272106,-0.533017408948215,-0.5076684043468509,-0.4803073002453385,-0.48776156783627417,-0.5198737330181988,-0.5247072966415725,-0.5177927964089056,-0.5150661584556255,-0.5292457800753165,-0.5521832780834997,-0.6476646548482703,-0.6043227649425323,-0.6113468907643879,-0.6142379916370933,-0.5858918297206381,-0.6017773424928649,-0.6078960579530511,-0.6356566836423128,-0.6320105460946308,-0.6216138492570881,-0.6279817448680187,-0.6141177977804885,-0.6030107501939297,-0.5592757916975867,0
2017-09-28,-0.4684808868646087,-0.3985487999929287,-0.4177511908753072,-0.47459507201292095,-0.4699911376239169,-0.532116324431733,-0.5067522080883744,-0.4793954757033772,-0.4868561621443406,-0.5189570338155178,-0.5237949982380814,-0.516886757730959,-0.5141589843306749,-0.5283140394202581,-0.5512374567523928,-0.6466737380214906,-0.6032741635858562,-0.6102028566285104,-0.6131278936971124,-0.5848190606984944,-0.600711238565201,-0.606859531299329,-0.6346385325225984,-0.6311057837666671,-0.6206746429199521,-0.62704847376943,-0.6131883211860497,-0.6020904033637581,-0.5583799136403942,-0.5779060295553362,0
2017-09-29,-0.39769725359417313,-0.4168811766061134,-0.47369023655631387,-0.4690985550409698,-0.531203124306945,-0.5058635230083105,-0.47849289746752843,-0.48594115873750326,-0.518036564320186,-0.522876411367604,-0.5159782147794055,-0.5132546892645674,-0.5274004924568801,-0.5502950019005024,-0.6456817118637632,-0.6023049555027394,-0.60915123636308,-0.6119829019587559,-0.5837245433926973,-0.5996306842136905,-0.6057907740221378,-0.63358827161412,-0.6300899287504049,-0.619775183392907,-0.6261066459279466,-0.6122621445473062,-0.6011667179413337,-0.5574810259718267,-0.5770012079602861,-0.584468717974814,1
2017-09-30,-0.4160209489864728,-0.47279351529071106,-0.46819636054307606,-0.5302813067506951,-0.5049628141158101,-0.4776175532153963,-0.4850354276885591,-0.5171064257208795,-0.521954049266054,-0.5150633908501164,-0.5123478904458307,-0.5264898437186951,-0.5493708810858993,-0.6446932444065687,-0.6013346252062131,-0.6081791541539335,-0.6109303677969584,-0.5825953611292299,-0.5985283224866212,-0.6047075511528087,-0.6325055595837349,-0.6290420038891323,-0.6187650450989074,-0.6252046453743862,-0.6113274491997517,-0.600246306484696,-0.5565788198963812,-0.5760933668999619,-0.583560745928719,-0.5742725093927896,1
2017-10-01,-0.4719068106150638,-0.46730226222044935,-0.5293497152506526,-0.5040535289867769,-0.47673028391603406,-0.4841569947988063,-0.5161856835170482,-0.5210220090912542,-0.5141448015341726,-0.5114348141275679,-0.5255766893294528,-0.5484496902974105,-0.6437237137072503,-0.6003677633510994,-0.6072059514369492,-0.6099574155206614,-0.5815579148791548,-0.5973911805868735,-0.6036025006534403,-0.6314083021866631,-0.6279616654103365,-0.6177229364098349,-0.6241917677086711,-0.6104323621789534,-0.5993174072269447,-0.5556797913906454,-0.5751821990108295,-0.582649750946215,-0.5733694320870706,-0.5508729514361324,0
2017-10-02,-0.46641815790491054,-0.5284264204623963,-0.5031345393723596,-0.47583448270267464,-0.4832666139959313,-0.5152925450242957,-0.5200993808959287,-0.5132165520246372,-0.5105179769946625,-0.524657244766188,-0.5475259907079812,-0.6427572496045477,-0.5994195552413891,-0.6062362291112209,-0.6089833432528442,-0.5805993269190212,-0.5963461379877492,-0.602462630490026,-0.6302891106352233,-0.6268667951336364,-0.6166485074797571,-0.6231468719928925,-0.609426937696426,-0.5984279383611909,-0.5547723897198589,-0.5742742489106777,-0.581735426168193,-0.5724633372379176,-0.5499811072039809,-0.560895021355145,1
2017-10-03,-0.527513371055323,-0.5022237605038785,-0.4749290517357694,-0.48236769101760824,-0.5143873497494719,-0.5192043948010173,-0.5122976834289024,-0.5095914879719594,-0.523734022727998,-0.5465959799149301,-0.6417882631735884,-0.5984743496004781,-0.605285198000292,-0.6080127549937885,-0.5796396104432557,-0.5953803179890513,-0.6014149841484215,-0.6291348917229075,-0.6257500088211966,-0.6155595805346427,-0.6220696112914139,-0.6083896248218049,-0.5974285705706857,-0.5539037584844299,-0.5733578778159468,-0.580824333346794,-0.5715539172025149,-0.5490862578048816,-0.5599983659787442,-0.559226409091658,1
2017-10-04,-0.5013231192577151,-0.4740317390222406,-0.481459120983997,-0.5134735634424411,-0.5182973382458126,-0.5114063804069746,-0.508674365435323,-0.5228011185412208,-0.5456621640041144,-0.6408128752264372,-0.5975266279831742,-0.6043371778483556,-0.6070608692924204,-0.5786833182532867,-0.5944133737663778,-0.600446685279163,-0.6280735515263033,-0.6245982304748505,-0.6144487826646339,-0.6209778363866307,-0.6073200687012258,-0.5963974197522472,-0.5529268548495677,-0.5724805525098445,-0.5799048026823841,-0.5706477071119883,-0.5481880937974679,-0.5590987001345259,-0.5583305547408298,-0.5294512968011477,1
2017-10-05,-0.4731444479908826,-0.48055869061742573,-0.51255004770317,-0.5173816845200702,-0.5105030341913868,-0.5077847729314805,-0.5218776334147633,-0.5447186157391487,-0.6398335634480902,-0.5965725472566982,-0.6033866408790723,-0.6061119971202307,-0.5777455413563392,-0.5934498838983727,-0.5994772636569469,-0.6270922155405549,-0.6235392194538933,-0.6133030807160209,-0.6198641689404799,-0.6062360424217944,-0.5953341246174095,-0.5519185589804427,-0.5714942761702297,-0.5790244148025582,-0.5697330853552421,-0.5472930892195705,-0.5581957151514456,-0.557431690804746,-0.5285697361402885,-0.4716424588502458,0
2017-10-06,-0.47966830877521976,-0.5116347735855455,-0.5164562910123022,-0.5095911030416184,-0.5068831498973353,-0.5209818078315435,-0.5437845737660149,-0.6388443037055225,-0.5956145984419066,-0.6024297391861453,-0.6051606078761169,-0.5768107355562556,-0.5925050036060039,-0.5985113066958765,-0.6261097645383702,-0.6225601009397215,-0.6122498687588044,-0.6187155552687994,-0.6051301824143116,-0.5942563951156327,-0.550878485722772,-0.5704764445457684,-0.578034836833549,-0.5688574556840172,-0.546389733049288,-0.5572959112336952,-0.5565295084841081,-0.5276851816428155,-0.47078864960805694,-0.4793799334739232,1
2017-10-07,-0.5107296757931832,-0.5155391519356897,-0.5086694527414385,-0.5059729476119027,-0.5200739055731058,-0.5428784062206127,-0.6378649248744799,-0.594646802904399,-0.6014689620248321,-0.6042028522087239,-0.5758734168871714,-0.5915631157740038,-0.5975639916269735,-0.6251308324021568,-0.6215798660932152,-0.6112762711932275,-0.6176595644830064,-0.6039894908531249,-0.593156879679362,-0.5498241108496874,-0.5694266824396965,-0.577013646143487,-0.5678730073356475,-0.5455250231211255,-0.5563877299938353,-0.5556305036265717,-0.5267973222208384,-0.4699318771054849,-0.47852240981875976,-0.4674995181212763,1
2017-10-08,-0.5146322052411586,-0.5077560313375035,-0.5050530357579347,-0.5191574033550795,-0.5419600854360768,-0.6369143433023969,-0.5936887123726191,-0.6004983247369484,-0.6032412188388198,-0.5749297598548304,-0.5906187129569465,-0.5966196763410441,-0.624170712120345,-0.6206031408930297,-0.6103015540190596,-0.6166833213576614,-0.6029410606033159,-0.5920226258753346,-0.5487481273075071,-0.5683625633303798,-0.5759604710432448,-0.5668570355027542,-0.5445523468794644,-0.5555183431214044,-0.5547231257307649,-0.5259125759829488,-0.46907182581130213,-0.4776619188107107,-0.46664769771828185,-0.36006895846555387,0
2017-10-09,-0.5068527703074399,-0.5041413409411127,-0.5182311566524331,-0.5410331303326164,-0.6359512796839624,-0.5927589857767092,-0.5995374157438154,-0.6022697212846754,-0.5739822620041191,-0.5896679576491819,-0.5956728453447531,-0.6232136301332618,-0.6196451986385201,-0.6093303235365926,-0.6157059601936608,-0.6019720154210153,-0.5909803395558199,-0.5476377510224769,-0.5672767615916431,-0.574892919428838,-0.565809163046524,-0.543548351944631,-0.5545406248666956,-0.5538545175404451,-0.5250195331486244,-0.4682147629025138,-0.4767981455132708,-0.4657929162461869,-0.3592687106342401,-0.43315261615557316,1
2017-10-10,-0.5032397916326893,-0.5173131702011523,-0.5400963728115612,-0.6349794341888738,-0.5918169315286156,-0.5986049280563012,-0.6013079590754298,-0.5730249669589944,-0.5887133429528953,-0.5947196570153968,-0.6222540286212255,-0.6186902881283088,-0.6083778040243182,-0.6147320967208871,-0.6010018479286362,-0.5900171436493408,-0.5466182524236998,-0.566156422905206,-0.573803659131744,-0.5647469443895305,-0.5425126486711793,-0.5535315002063353,-0.552877638749527,-0.5241648199462557,-0.4673495518102888,-0.475937377305016,-0.4649348578553269,-0.3584655585559602,-0.4323172841528003,-0.4099999712285598,1
2017-10-11,-0.5164053834276319,-0.5391679472431604,-0.6339975374803981,-0.590866164690829,-0.5976600922756093,-0.6003746355390072,-0.5720772908648156,-0.5877488973346581,-0.5937626029323695,-0.6212880443087239,-0.6177328587419649,-0.6074282999474123,-0.6137769787079305,-0.6000351482003721,-0.58905282196169,-0.5456767513701164,-0.5651274166008264,-0.5726798110893424,-0.5636630575278565,-0.5414626687640179,-0.5524905848514892,-0.5518693681565391,-0.523202920745969,-0.4665218159404978,-0.4750684410488566,-0.46407977890601104,-0.35765917812365833,-0.43147900924767846,-0.40917575376753296,-0.40036776398793206,0
2017-10-12,-0.5382498112306461,-0.6330242806490203,-0.5899054634637918,-0.5967065347319871,-0.599428957721426,-0.5711577667207477,-0.5867941292685244,-0.5927957063668614,-0.620318160766343,-0.6167690508868833,-0.6064762786097743,-0.6128248839453487,-0.5990871000938064,-0.5880919437184375,-0.5447341116611424,-0.5641768638181653,-0.5716474556001631,-0.5625446618432562,-0.5403911135462611,-0.5514353630672476,-0.5508293205808048,-0.5222098903333848,-0.46558899984555546,-0.474237094374323,-0.46321656240945674,-0.356855545209999,-0.4306374729505511,-0.4083486056500461,-0.39954817051564695,-0.4420180934620442,1
2017-10-13,-0.6320616993592267,-0.5889532575253651,-0.5957430273321994,-0.5984745553639546,-0.5702259904555851,-0.5858676575095101,-0.5918385074397275,-0.61933837394122,-0.6158013494958609,-0.6055178895883143,-0.611870271147958,-0.5981420539748294,-0.5871496408410654,-0.5437948251952008,-0.5632251777516153,-0.5706937142550129,-0.5615175098598076,-0.5392852306267092,-0.5503585261857182,-0.5497749715364714,-0.5211853276135774,-0.46462555847736164,-0.47330038562563503,-0.4623907599030381,-0.35604405055626176,-0.42979884194629747,-0.4075182066068704,-0.39872565148156547,-0.44117850554302795,-0.4106341478520658,0
2017-10-14,-0.5880115458857235,-0.5947880343637945,-0.5975101984681102,-0.5692855354965669,-0.5849288821946155,-0.5909096542998612,-0.6183683903941345,-0.6148237551635588,-0.604555621207394,-0.6109092854987676,-0.5971944919271238,-0.5862103226724705,-0.5428738312637577,-0.5622768825627539,-0.5697388415181394,-0.5605687224673879,-0.5382700203108858,-0.5492472840279095,-0.5486990140190866,-0.5201465519467934,-0.46363105984323233,-0.47233298388584016,-0.4614600280842363,-0.35526838207847206,-0.4289521615738257,-0.4066906628742485,-0.3978998858761024,-0.44033597003253755,-0.4098096259514133,-0.4188706467040758,1
2017-10-15,-0.5938435596897892,-0.5965543617986265,-0.5683352032997722,-0.5839814051036464,-0.5899684799742063,-0.6174270128651104,-0.6138559461411377,-0.6035834856328445,-0.6099444136969498,-0.596240571088465,-0.5852684902866143,-0.5419557579543088,-0.5613469979139405,-0.5687873729161399,-0.5596188007434566,-0.5373326018800854,-0.5482269590758133,-0.5475886641410914,-0.5190862860114052,-0.46262252012821636,-0.471334461297792,-0.46049870725092057,-0.35439169760596567,-0.42814238754731054,-0.40585512921334144,-0.39707695478702204,-0.43949016912234007,-0.4089821730588722,-0.4180421708313989,-0.40155294653022194,0
2017-10-16,-0.5956090506875928,-0.5673932956575307,-0.583024011856174,-0.5890185959607613,-0.6164732214293748,-0.6129166988743532,-0.6026210906319681,-0.6089696623635962,-0.5952827825797812,-0.5843203105360927,-0.5410351767753981,-0.5604200606260076,-0.5678543564228289,-0.5586722625571959,-0.5363940423711732,-0.5472846712996832,-0.5465691907441008,-0.5179918581856585,-0.4615927196403459,-0.47032187462528957,-0.4595063631960814,-0.353485364343949,-0.4272289353453204,-0.4050561597043428,-0.3962460584984835,-0.43864729264395796,-0.4081514689539582,-0.4172107596103873,-0.4007327841051937,-0.421698450664627,0
2017-10-17,-0.5664617936483805,-0.5820750913313818,-0.5880587824509388,-0.6155106786957865,-0.6119650534716766,-0.6016871471843813,-0.608004673040868,-0.5943151481080902,-0.5833682781350925,-0.5401082906117068,-0.5594906128201245,-0.5669242967094393,-0.55774411189595,-0.5354588191308455,-0.5463412453350214,-0.5456277136836609,-0.5169875801395859,-0.4605292047236526,-0.4692879964628728,-0.45849999037734807,-0.3525488906657584,-0.4262851947305831,-0.4041543553893416,-0.3954515839986806,-0.4377963440369614,-0.4073236215286693,-0.41637609345363535,-0.3999096954915027,-0.42086861729066816,-0.4845131254059901,0
2017-10-18,-0.5811366368188041,-0.5871074581740167,-0.6145381363074592,-0.6110046638485659,-0.6007408448662914,-0.6070681880788211,-0.5933572173221427,-0.5824064270499315,-0.539177607504749,-0.5585548423473295,-0.5659917255451431,-0.5568189033806065,-0.5345418352006938,-0.5454011758843729,-0.5446850979535923,-0.5160605696818685,-0.4595544286848353,-0.46822034398075135,-0.4574723732328525,-0.35159870761549816,-0.4253107131383028,-0.4032224652919781,-0.39455462556032744,-0.43698243280689336,-0.4064877825469695,-0.41554430175760093,-0.39908335977066,-0.4200358470726935,-0.4836531375366429,-0.5197151261796172,0
2017-10-19,-0.5861666206049997,-0.6135741699841857,-0.6100342865038899,-0.5997858159487665,-0.6061193254308572,-0.5924276472204406,-0.5814542322538733,-0.5382372068903538,-0.557615251688585,-0.5650528254852267,-0.5558911848638567,-0.5336277598324335,-0.5444794092245646,-0.5437458353667991,-0.5151324119697116,-0.45865550535855587,-0.4672416192198947,-0.4564110737274096,-0.3506277067288798,-0.4243223048957143,-0.40226002447279463,-0.39362766564003937,-0.43606452046317457,-0.40568851709025255,-0.41470449735953957,-0.398259861124792,-0.41919982064064976,-0.48279017959936404,-0.518838239415635,-0.528474041020663,0
2017-10-20,-0.6126207992136,-0.6090724704550635,-0.5988208290202879,-0.6051617277397271,-0.5914857506251173,-0.5805302813860513,-0.5373062867718207,-0.5566659013085059,-0.5641100970518922,-0.5549571471288026,-0.5327111777892654,-0.5435605655107358,-0.5428248650017106,-0.514207547252585,-0.45775541811029485,-0.4663389365468708,-0.4554384119858481,-0.34962385503311266,-0.4233127886813936,-0.4012837258362825,-0.3926702341501214,-0.4351162421166498,-0.4047863937267079,-0.4139013882211871,-0.3974283942367391,-0.41836667477403433,-0.48192393705219877,-0.5179583639646912,-0.5275929494962761,-0.5404324289089868,1
2017-10-21,-0.6081212314456126,-0.597864366616042,-0.6041941578007421,-0.5905351419600252,-0.5795940456250842,-0.5364031775357043,-0.5557261047703861,-0.5631575940269538,-0.5540192937409004,-0.5317882987365299,-0.5426392136972543,-0.5419068151877404,-0.5133007861590076,-0.45685850707832226,-0.46543509218274703,-0.45454150155802714,-0.3487060191151233,-0.42226985596370087,-0.40028641114190106,-0.391698973479496,-0.4341371499409576,-0.40385417903052995,-0.4129951211493052,-0.39663336665431526,-0.41752550894555285,-0.4810607106758396,-0.5170751879905477,-0.5267088646521655,-0.5395455967013295,-0.5392186564369488,0
2017-10-22,-0.5969184351576622,-0.6032351300064239,-0.5895745997823223,-0.5786491164632568,-0.5354879377018187,-0.5548142997941029,-0.562214670680874,-0.5530716888647871,-0.5308616332237303,-0.5417115553621662,-0.5409862575113288,-0.5123969028820793,-0.45597933350368297,-0.4645344396652649,-0.4536434260137248,-0.34786130513954844,-0.4213147227279338,-0.39925585915408185,-0.39070673498997477,-0.4331441047578296,-0.4028914084012168,-0.4120586906595083,-0.3957358119613071,-0.4167210801714732,-0.4801893030730996,-0.5161951041818827,-0.525821475325326,-0.538655764848922,-0.5383324069067719,-0.5569937954867742,0
2017-10-23,-0.6022866552453237,-0.5886225518082485,-0.5776942852663011,-0.5345640737096989,-0.5538902998434931,-0.5612998025427715,-0.5521336235256882,-0.5299252692433273,-0.5407800980636956,-0.5400593948970058,-0.511490515975561,-0.45510295477606333,-0.46365157361495446,-0.4527485183166203,-0.34701539507293117,-0.42043450016280287,-0.39831254157700685,-0.38968133376382047,-0.4321299164078429,-0.4019147780691633,-0.41109163655355124,-0.3948082454137264,-0.41581339045690563,-0.479355560920109,-0.5153067487725158,-0.5249371970728577,-0.5377626231079119,-0.5374431583738328,-0.556099012913153,-0.5758345591908515,1
2017-10-24,-0.5876809967729272,-0.5767479093145733,-0.5336304244318354,-0.5529576468445944,-0.5603727167530534,-0.5512235145098895,-0.5289983526773225,-0.5398389195888065,-0.5391287354010251,-0.5105778523909661,-0.45422408063700054,-0.46277151351680645,-0.45187132183510154,-0.3461724358346953,-0.4195531025782337,-0.39744356800777786,-0.3887429318615449,-0.43108224293244934,-0.4009171291616178,-0.41011069825768365,-0.3938501975573365,-0.41487551257567373,-0.4784162697088252,-0.5144565790953624,-0.5240446247328696,-0.5368726182572423,-0.5365506005009857,-0.5552012219351494,-0.5749307320153986,-0.5505818539696051,0
2017-10-25,-0.5758119774669375,-0.5327050859032304,-0.5520151598486834,-0.5594369677382343,-0.5503012230753485,-0.5280991655014684,-0.5389072279845866,-0.5381883585095021,-0.5096614290715016,-0.453338984686764,-0.4618889569072502,-0.45099691425448296,-0.3453465073375207,-0.4186748034572154,-0.3965734127437007,-0.3878786382180919,-0.43012258531278025,-0.3998862380518757,-0.409108708688184,-0.39287831699668296,-0.4139069878409415,-0.4774462405810855,-0.5134995780747637,-0.5231903675810832,-0.5359742886182074,-0.5356611768981665,-0.5543001135818605,-0.574023886470313,-0.5496901494802326,-0.5558839863956387,0
2017-10-26,-0.5317900103518897,-0.5510810438899886,-0.5584913675673695,-0.5493702842270464,-0.5271878767637559,-0.538003362966366,-0.5372574619194249,-0.5087353558233484,-0.45245020112271817,-0.4610001711428115,-0.4501200118513847,-0.3445232135524749,-0.4178139979955135,-0.39570630917287364,-0.3870131601026164,-0.4292380553469959,-0.3989425968308042,-0.4080734131629761,-0.39188545391206825,-0.4129245705092172,-0.4764450484233397,-0.5125115310521752,-0.5222289600293717,-0.5351144509112915,-0.5347634316231079,-0.5534021778718692,-0.5731137150328419,-0.5487954399778796,-0.5549897365913625,-0.5584206928896627,0
2017-10-27,-0.5501572664799841,-0.5575541596707594,-0.5484295208820604,-0.5262679768981592,-0.5370873617551478,-0.5363543757328431,-0.5078186456538607,-0.4515518986179159,-0.4601076881114569,-0.4492368915692162,-0.3436974402173564,-0.416955932138621,-0.3948565526104928,-0.3861507142225177,-0.4283523529178826,-0.39807331513910105,-0.4071255685491795,-0.3908594189170745,-0.4119210906777403,-0.4754297769201232,-0.5114920317288677,-0.5212364298182393,-0.5341470272024138,-0.5339041603407183,-0.5524958748554106,-0.5722067569124264,-0.5478974159988047,-0.5540924789697038,-0.5575252253268835,-0.5606117211421854,0
2017-10-28,-0.5566273169436334,-0.5474971168161203,-0.5253383137171772,-0.5361627338747437,-0.5354391591191329,-0.5069294571234383,-0.45066273160195053,-0.4592056686071512,-0.4483500888418818,-0.3428655509665056,-0.4160953763420296,-0.3940095024232902,-0.3853055543396254,-0.42746976686133425,-0.39720285193539656,-0.406252285053703,-0.3899204121719202,-0.41088428300231883,-0.4743931935486943,-0.5104583484042886,-0.5202123753304351,-0.533148376175112,-0.5329373472698317,-0.551628308546607,-0.5712913831155308,-0.5470025508208202,-0.5531919044744568,-0.5566267486050079,-0.5597152017654534,-0.5630808514386226,1
2017-10-29,-0.5465750365599121,-0.5244169340936337,-0.5352283164749013,-0.5345153184237666,-0.506028241053421,-0.44980052558447337,-0.45831281505364263,-0.44745377656120067,-0.3420301132985396,-0.4152286352653302,-0.3931599655877856,-0.38446308700737014,-0.4266047306188079,-0.3963354417060326,-0.4053778224209864,-0.3890555426930236,-0.40993499525463617,-0.47332279612477896,-0.5094032134628038,-0.5191741108010427,-0.532118102603673,-0.5319393175033755,-0.550652552963471,-0.5704150244911147,-0.5460993347977866,-0.5522945002266328,-0.555724953862808,-0.5588156720707471,-0.5621831467436758,-0.5606117211421854,0
2017-10-30,-0.5235057833621952,-0.534302215064189,-0.533581692571774,-0.5051184470742465,-0.4489264917851281,-0.45744699753805207,-0.44656658345885436,-0.3411854095020628,-0.4143582545939196,-0.3923042654465626,-0.38361813439613446,-0.42574244670518974,-0.3954853825020448,-0.4045064294010347,-0.3881894890838184,-0.40906033783599605,-0.47234145170452435,-0.5083139919924801,-0.5181143598826613,-0.5310735834382729,-0.5309096751668979,-0.5496454251179489,-0.5694297902895703,-0.5452347607144784,-0.5513887315215616,-0.5548263348443159,-0.5579128233652466,-0.5612824304247829,-0.5597152017654534,-0.5608040533968552,0
2017-10-31,-0.5333863831989604,-0.5326563773092365,-0.5041989457894902,-0.44804396972124105,-0.45656932550384527,-0.4457063111760069,-0.34034940193643487,-0.41347844219514585,-0.39144495459536904,-0.3827670276211974,-0.4248776715915499,-0.3946380305834318,-0.40365243957716046,-0.38732647010415894,-0.40818450209543317,-0.4714362750073754,-0.5073146826775997,-0.5170204546382384,-0.5300075304101878,-0.5298657908450135,-0.5486065386360729,-0.5684130189325479,-0.5442622309213292,-0.5505216831212649,-0.5539193448560736,-0.5570131551134826,-0.5603783939789081,-0.5588156720707471,-0.5599074416900729,-0.5663998823739388,0
2017-11-01,-0.5317413248236483,-0.5032876587411141,-0.4471518915007717,-0.45568315320653446,-0.444834225427172,-0.33953927330928724,-0.41260761375307276,-0.3905762644779446,-0.381912322153224,-0.4240067027834956,-0.39378819192636166,-0.40280116886002393,-0.38648074462875537,-0.4073117416800382,-0.4705299380991371,-0.5063924026575393,-0.5160166753222588,-0.5289072304937681,-0.5288003774790088,-0.5475533573231741,-0.5673643341161211,-0.5432583849826729,-0.5495464858730801,-0.553051112664904,-0.5561051102669277,-0.5594775433171699,-0.5579128233652466,-0.5590078195635878,-0.5655005843617703,-0.5831223921921251,1
2017-11-02,-0.5023865136903546,-0.4462678404457074,-0.454787404521971,-0.4439536578382858,-0.33871770244112653,-0.41176337302802457,-0.38971646716668606,-0.38104825924445246,-0.4231320833203517,-0.39293218936167035,-0.40194741023352365,-0.3856377134050117,-0.4064564023722775,-0.46962680340702234,-0.5054689725758901,-0.515090139676223,-0.5278973483661986,-0.527700726619712,-0.5464785764004939,-0.5663012984549457,-0.5422228330974774,-0.5485399260754832,-0.5520746392225452,-0.5552358556006496,-0.5585683097216269,-0.5570131551134826,-0.5581048783393634,-0.5645982729701552,-0.5822150664563831,-0.5526169371507739,1
2017-11-03,-0.4453936968933293,-0.45389970804149127,-0.44306354492509425,-0.33788781632632064,-0.41090743752228515,-0.3888830330339099,-0.38019305122044117,-0.4222480120417303,-0.39207257529582334,-0.40108747988206483,-0.3847921967338012,-0.4056037862298353,-0.4687414876961642,-0.5045488158213832,-0.5141624564939835,-0.5269650025910491,-0.5266914639255292,-0.5453694203984485,-0.5652165883878965,-0.5411730054440073,-0.5475016167613342,-0.5510667810296905,-0.5542582798717246,-0.5576979027998885,-0.5561051102669277,-0.5572051179840856,-0.5636926399511668,-0.5813047184963303,-0.5517242557096516,-0.5467118171155051,0
2017-11-04,-0.4530219504498774,-0.4421814457706386,-0.33704866577888926,-0.410043073438503,-0.38803798412412166,-0.3793641129600225,-0.42137295962264687,-0.39120358052677684,-0.40022392775377197,-0.3839405247740217,-0.4047486817760267,-0.46785898530483727,-0.5036467010206727,-0.5132380643326351,-0.5260315127275587,-0.5257597078765905,-0.5443510863874949,-0.5640973574070844,-0.5401016036355715,-0.5464490159156328,-0.5500271524750225,-0.5532493002165724,-0.5567190848737655,-0.5552358556006496,-0.5562969805402411,-0.5627901998814948,-0.5803910413493755,-0.5508285681791533,-0.5458219704564716,-0.5581036045779096,0
2017-11-05,-0.4413092373135047,-0.33621718134197465,-0.4091692538350207,-0.38718454253927764,-0.3785235932065651,-0.4205245808995923,-0.39034348106061045,-0.3993509762593555,-0.3830852526425975,-0.40388740291336467,-0.4669739856723638,-0.5027474500628571,-0.5123317696048127,-0.5251013380419141,-0.5248268073893539,-0.5434106940696997,-0.5630694082513329,-0.5389958763785416,-0.5453748198659897,-0.5489732248471557,-0.5522085321949399,-0.5557088414117537,-0.5542582798717246,-0.5554276361193271,-0.5618793683570488,-0.579480593252573,-0.5499295652519594,-0.5449291208313962,-0.5572082892349435,-0.5625090528436583,1
2017-11-06,-0.3353951518226206,-0.4083033368427634,-0.3863217059704445,-0.37767469571479073,-0.4196644767612991,-0.3895097509232862,-0.39848695249440697,-0.38222062038489296,-0.40302249874596136,-0.46608275201304794,-0.501845696859553,-0.5114283512910414,-0.5241893365352663,-0.5238972196280403,-0.5424691624385649,-0.562119861917901,-0.5379808146206182,-0.5442662573273094,-0.5478976919448564,-0.5511534585861657,-0.5546667892933046,-0.5532493002165724,-0.5544499636297783,-0.5610074125613916,-0.5785617107691903,-0.5490337255192276,-0.5440329584790763,-0.5563099649005949,-0.5616116226434559,-0.552281655247363,1
2017-11-07,-0.4074471712235537,-0.38546669709024645,-0.3768164284237316,-0.41879593029719836,-0.3886644038175604,-0.3976493779373578,-0.3813648476779392,-0.4021481888049678,-0.46518781468275655,-0.5009376762188619,-0.5105224294866076,-0.5232802286058413,-0.5229857973575829,-0.5415309794406372,-0.5611691817033303,-0.5370435376230847,-0.5432484896933495,-0.5467877729184845,-0.5500767710047793,-0.5536104242469718,-0.5522085321949399,-0.5534408855307233,-0.5600269248607194,-0.5776819511718154,-0.5481295297167649,-0.543139946573146,-0.5554083226892641,-0.560711181121743,-0.5513891347599772,-0.5409392503908871,1
2017-11-08,-0.3846213456670435,-0.3759659576512222,-0.41791790513341204,-0.38781066305335615,-0.3968001579507867,-0.380535356228693,-0.401282817726332,-0.4642833292483134,-0.5000259079899377,-0.5096102319316197,-0.5223686154857407,-0.5220772669222917,-0.5406110745228452,-0.5602218881819029,-0.5361051194635096,-0.5423086365898843,-0.5457687107085387,-0.5489656803399606,-0.5525324354258073,-0.5511534585861657,-0.5524000174847072,-0.5590149825762237,-0.576693050527173,-0.5472640059323773,-0.5422385937577371,-0.5545098555171055,-0.5598074197315339,-0.5504936083605526,-0.5400521748810699,-0.5225299347175557,1
2017-11-09,-0.3751251052637625,-0.41704781126977686,-0.38694752564702256,-0.39594253153333425,-0.37969427919102433,-0.4004439232801503,-0.46338802997372724,-0.4991045118933263,-0.5086942758609655,-0.5214507152652693,-0.5211662314688759,-0.5396940869518324,-0.5592929920796499,-0.5351700369844775,-0.5413676438530973,-0.5448276251151766,-0.5479454999665351,-0.5514200244092397,-0.5500767710047793,-0.5513448432797443,-0.557971204361317,-0.5756725489444303,-0.5462904523072217,-0.5413758256832505,-0.5536030181892596,-0.5589068428910529,-0.549594766715999,-0.5391620994584346,-0.5216516966908085,-0.5223973814069047,0
2017-11-10,-0.4161875047409826,-0.3860922179815368,-0.39507548693831596,-0.3788448225771669,-0.39959337363300507,-0.46251981651968394,-0.49819244054467726,-0.5077686720759675,-0.5205290416101047,-0.5202489100670918,-0.5387745918357679,-0.5583670403652173,-0.5342531919717848,-0.5404299975076091,-0.5438854006198804,-0.5470033498352807,-0.5503985839464834,-0.5489656803399606,-0.5502680543386277,-0.5569131033510237,-0.5746200740148734,-0.5452855647256486,-0.540405242870762,-0.5527349339719492,-0.5579978845847492,-0.5486990875420954,-0.5382687139180845,-0.520770468488292,-0.5215192070130301,-0.5510003065777381,1
2017-11-11,-0.385246570345511,-0.39421629873768027,-0.3779859930652052,-0.3987344131698808,-0.4616397308093429,-0.49730779641194817,-0.5068524275222394,-0.5195976931443155,-0.519327816744891,-0.5378487939007865,-0.5574385784273166,-0.5333392551031884,-0.5395106222126292,-0.5429465276402448,-0.546060061433813,-0.549455234158055,-0.5479454999665351,-0.5491568608253571,-0.5558333653896523,-0.573553226573788,-0.5442489544743401,-0.5394033777830678,-0.5517586200538621,-0.5571277445011174,-0.547795053159232,-0.5373784663622097,-0.5198859384901219,-0.5206380425134963,-0.5501084012081209,-0.5407417199671721,0
2017-11-12,-0.3933668039769188,-0.3771349639070763,-0.39786602713551605,-0.46075113687581715,-0.49641115838284167,-0.5059636951299731,-0.5186757509892316,-0.5183970513623293,-0.5369192018695079,-0.5565037957885556,-0.5324228116010665,-0.5385941626715847,-0.5420259417788371,-0.5451201289740684,-0.5485107468113172,-0.5470033498352807,-0.5481365822976046,-0.5547191795423654,-0.5724646757948045,-0.5431980624044399,-0.5383698385506721,-0.5507509241604146,-0.5561492142417139,-0.546929685839007,-0.5364798927168036,-0.5190045067340863,-0.5197535762782305,-0.5492134906041951,-0.539854739282812,-0.574766335452077,1
2017-11-13,-0.3762935579415543,-0.39700550664638456,-0.45985295313361646,-0.4955059575425335,-0.5050629385750073,-0.5177814369702204,-0.5174756875119254,-0.5359798975015232,-0.5555651955481669,-0.5315000713656608,-0.5376751957432598,-0.5411082753121508,-0.5441984975107156,-0.5475696203941542,-0.546060061433813,-0.5471943387193704,-0.5536960452542669,-0.5713415476915672,-0.542125588100482,-0.5373220350556491,-0.5497114605108115,-0.5551392634507644,-0.5459563008911552,-0.5356198184942932,-0.5181147961508729,-0.5188722079989408,-0.5483152653343831,-0.5389647587901116,-0.573863021082715,-0.5589041226108598,1
2017-11-14,-0.3961546910677902,-0.45896283820664857,-0.4945910748531742,-0.5041536056263222,-0.5168750574664477,-0.5165819400262092,-0.5350500646453222,-0.5546168402801483,-0.530573545033358,-0.536749927049348,-0.5401881010975641,-0.5432797885867382,-0.5466468106130696,-0.5451201289740684,-0.5462509569263765,-0.5527510828740368,-0.5703098792826754,-0.5410187725956421,-0.5362526727693496,-0.5486576987307153,-0.5540975087021044,-0.5449515849212503,-0.5346521398080959,-0.5172633129024946,-0.5179825612327784,-0.547420199769024,-0.5380714682689915,-0.5729566889087249,-0.5580084229752513,-0.5423141661033242,1
2017-11-15,-0.45808268299075167,-0.4936843748936816,-0.5032345679272224,-0.5159600830249904,-0.5156761312499072,-0.5341480205403257,-0.553678030698838,-0.5296373208930437,-0.535820865643713,-0.5392616227097788,-0.5423585716033822,-0.545726926915158,-0.5441984975107156,-0.5453109314636329,-0.5518049838924464,-0.5693567920663843,-0.5400026722588283,-0.5351490149899558,-0.5475823329349981,-0.5530414427255219,-0.5439151490367726,-0.5336532293678071,-0.5163048957770902,-0.5171311398423248,-0.5465167822843198,-0.5371813153059146,-0.5720470313252471,-0.5571097139248508,-0.5414264305584168,-0.5341764324631716,1
2017-11-16,-0.49278777743814445,-0.5023237413020765,-0.5150353725663014,-0.5147617294181271,-0.5332338537229696,-0.5527671925898697,-0.5287105430210951,-0.5348820944160668,-0.53833134844553,-0.5414310483673025,-0.5448045348068546,-0.5432797885867382,-0.5443892082155305,-0.5508622525451539,-0.568402573070195,-0.5390644064912239,-0.5341359282562569,-0.5464725834695876,-0.5519637552440956,-0.542864432330499,-0.5326226922186005,-0.5153154080146818,-0.5161727894032964,-0.5456520129240336,-0.5362828367604275,-0.5711405847527258,-0.5562076866355881,-0.5405356943734713,-0.53329260347756,-0.4973967873843472,0
2017-11-17,-0.501423052710421,-0.5141189118792354,-0.513837594742687,-0.5323110662860888,-0.5518441666645152,-0.527811491716181,-0.5339527903309546,-0.5373913586113956,-0.5404997265212796,-0.543875834102353,-0.5423585716033822,-0.5434704077828466,-0.5499378588569708,-0.5674517554891879,-0.5381250001483366,-0.5332005315634941,-0.5454536830816401,-0.5508516499931961,-0.5417921347212056,-0.5315779079686489,-0.5142944448210034,-0.5151833694873615,-0.5446792726111487,-0.5354228547183539,-0.570225725246182,-0.5553088361136693,-0.5396416474492707,-0.5324057781561176,-0.4965306146493248,-0.4987639058432167,1
2017-11-18,-0.5132126377334906,-0.5129217059110691,-0.5313784995300508,-0.5509124909031168,-0.5269003398552923,-0.5330512642339172,-0.5364608459066521,-0.5395586841407626,-0.5429433317074744,-0.5414310483673025,-0.5425490992634422,-0.5490163960155708,-0.5665193814891243,-0.5371889335970323,-0.5322639925928743,-0.5445127515495151,-0.5498305013406007,-0.5406854985062348,-0.5305115878439778,-0.5132592892576076,-0.514162475229407,-0.5436752124904878,-0.5344552754079326,-0.569349865123865,-0.5544016133808883,-0.5387507414777366,-0.53151564577414,-0.4956614650319487,-0.4978970768162142,-0.4934461789100477,1
2017-11-19,-0.5120159986972433,-0.5304542361386694,-0.5499709865608448,-0.5259805773179266,-0.5321376192594519,-0.5355581357914224,-0.5386271275155794,-0.5420011031833469,-0.5404997265212796,-0.5416214843087696,-0.5480924242919433,-0.5655899623366799,-0.5362711174024618,-0.5313307814849956,-0.5435706810240326,-0.5488874293675178,-0.539669569276288,-0.5294110169079885,-0.5122026709027758,-0.5131273889958169,-0.5426394429846739,-0.5334564660721925,-0.5683651683360557,-0.5535331555902286,-0.5378515058868413,-0.5306286367769524,-0.4947890249805357,-0.4970272701837622,-0.4925819026841692,-0.4872369659856387,1
2017-11-20,-0.5295402264678959,-0.5490378465524542,-0.525051052226289,-0.5312153553864515,-0.5346432980332066,-0.5377233947288986,-0.541068370135367,-0.5395586841407626,-0.5406900705042043,-0.5471621408219944,-0.5646580319247235,-0.5353562122728227,-0.5304157833303057,-0.5426319613736653,-0.5479432196712636,-0.5387314664094998,-0.5284008761305038,-0.5111119442314582,-0.5120708404970153,-0.5415893964665228,-0.5324260316507313,-0.5673489437417905,-0.5525564389387342,-0.5369907900399745,-0.5297333190524591,-0.4939196289133954,-0.49615417249925775,-0.49171465166549144,-0.48637567052314495,-0.467112254527414,0
2017-11-21,-0.5481150366900718,-0.5241298097500906,-0.5302833150960393,-0.5337198374427653,-0.5368075267281609,-0.5401634848719621,-0.5386271275155794,-0.5397489357293428,-0.5462280515209174,-0.5637197738949572,-0.5344388002203495,-0.5295036877652755,-0.5417115268330612,-0.5470023697495028,-0.5377922228707598,-0.5274682841099343,-0.510111198414741,-0.510980184707739,-0.5405177741321878,-0.5313813507157843,-0.566300814466197,-0.5515483333057997,-0.5360224196460744,-0.5288764007970095,-0.49304201854356666,-0.4952841217503844,-0.4908441119986773,-0.48551140355202665,-0.46626062003222374,-0.4813760303872535,1
2017-11-22,-0.5232187949851937,-0.5293595745789113,-0.5327865938023512,-0.5358830324975529,-0.5392464558624509,-0.5377233947288986,-0.5388172874670155,-0.545284228570063,-0.5627776891714197,-0.533515089503076,-0.5285890861168873,-0.54079401123208,-0.5460798328419981,-0.536856318446305,-0.5265345481471516,-0.509187550785502,-0.5099795065379226,-0.5394118231102826,-0.5303151346902955,-0.5652383375216917,-0.5505084533384919,-0.5350228054649132,-0.5279121244235587,-0.4922022640428741,-0.4944058531890106,-0.4899766077874957,-0.4846438507396906,-0.4654060246727644,-0.480517548495891,-0.46685234607515746,1
2017-11-23,-0.5284460832805777,-0.5318616581440726,-0.5349487494882333,-0.5383207967941699,-0.5368075267281609,-0.5379134649084636,-0.5443499141621762,-0.561825832906892,-0.5325875901499795,-0.5276681914083028,-0.5398739879282761,-0.5451602211969977,-0.535938662254879,-0.525604128386037,-0.5082627539062448,-0.509055923311332,-0.5383965478003778,-0.5292146693824462,-0.5641541904120622,-0.549454272860745,-0.5339915532765319,-0.5269166754837421,-0.49125649117736897,-0.49356546070266316,-0.489100899416048,-0.4837793199784336,-0.46454815256960513,-0.479656098195868,-0.46600083635030565,-0.45764378961170793,1
2017-11-24,-0.5309469819944478,-0.5340227815512765,-0.5373853424913033,-0.5358830324975529,-0.5369975064712529,-0.5434434797274273,-0.5608835510208214,-0.5316503883776158,-0.5267435154309958,-0.538947660752225,-0.5442381012228926,-0.5350239166471742,-0.5246918850141706,-0.507341236040281,-0.508131190796505,-0.5374590674925233,-0.5282046294121079,-0.5630355306571121,-0.5483784851893945,-0.5329460498997713,-0.525889655408132,-0.49027986763846815,-0.4926190000521832,-0.48826298852409195,-0.4829066009978624,-0.46369325907195896,-0.47879136470410455,-0.4651463658986554,-0.45679670049994614,-0.45182184028116124,1
2017-11-25,-0.5331070820106286,-0.5364582112509724,-0.5349487494882333,-0.5360729215059209,-0.5425248900777018,-0.559969311285817,-0.5307226408856146,-0.5258091504147194,-0.5380175380953028,-0.5433096731952887,-0.5341066641642991,-0.523782535946938,-0.5064377779573562,-0.5072097370272027,-0.5365204461432761,-0.5272721333641123,-0.5620081266557972,-0.5472683076520486,-0.5318790051900028,-0.5248484083376832,-0.4892719751987016,-0.49164167676337905,-0.4873192031741036,-0.482071587725164,-0.46283022902129856,-0.47792964061073373,-0.4642886188207987,-0.45594665553197244,-0.45097754602497997,-0.4316763361467561,0
2017-11-26,-0.5355413584226947,-0.5340227815512765,-0.5351385472589988,-0.5415976652223592,-0.559042858551409,-0.5298226396972533,-0.5248842164307123,-0.5370777005869796,-0.5423774441906715,-0.5331831133348428,-0.5228706816169798,-0.5055371877572559,-0.5063063422013351,-0.5355851613198814,-0.5263384933169512,-0.5610590993319428,-0.5462489987298759,-0.530777699026566,-0.5237856522402776,-0.4882499651102449,-0.49063307333948036,-0.48634460172617816,-0.48113092617423453,-0.4620046072370521,-0.47705974334486595,-0.4634338497873603,-0.4550933381005853,-0.4501302989919302,-0.4308417128395054,-0.4409680633149277,1
2017-11-27,-0.5331070820106286,-0.5342124887068317,-0.5406606364543775,-0.5581077446796578,-0.5289105309207124,-0.5239869714814216,-0.53614733895969,-0.5414354903524327,-0.5322557742878541,-0.5219525397056217,-0.5046340949115116,-0.5054058150680459,-0.5346681166133416,-0.52540816907243,-0.5601089378189574,-0.5453076782562671,-0.5297668565782856,-0.5226886976782367,-0.487206592006627,-0.48961034820243854,-0.4853387638413181,-0.48015950286798015,-0.46107407024707403,-0.47622746516276027,-0.46257094486817235,-0.45424297883402964,-0.4492797821273203,-0.4300041474107393,-0.4401289794680787,-0.42768934048914053,1
2017-11-28,-0.5332966993311474,-0.5397319414894057,-0.5571627831720114,-0.527989808311875,-0.523077639349021,-0.5352447768467342,-0.5405030297392056,-0.531318733581307,-0.5210306237272709,-0.5037247319568193,-0.5045027853079567,-0.5337539806514784,-0.5244960199659823,-0.5591621608412131,-0.5443652190201075,-0.5288335965380896,-0.5216820082191082,-0.48612930512626995,-0.4885662546229015,-0.48431882005295523,-0.47915689414869356,-0.4601129476318868,-0.4752897521957059,-0.46174544437397436,-0.45338450732291014,-0.4484322108590196,-0.4291633212573304,-0.4392869485851371,-0.4268566311588812,-0.31014574295611586,0
2017-11-29,-0.5388135383997561,-0.5562262095818725,-0.5270593178277667,-0.5221597025414395,-0.5343300881864874,-0.5395984113651474,-0.5303911458351382,-0.5200990317898986,-0.5028116179021997,-0.503593485564727,-0.5328373379966024,-0.5235867648806644,-0.5582337745164209,-0.5434261122761773,-0.5278991929520985,-0.5207527019963987,-0.48514138569252896,-0.4874882366846287,-0.4832775289329821,-0.4781401979859387,-0.4591208049774957,-0.47432132876783933,-0.4608150381415961,-0.45256330413512896,-0.4475765422928827,-0.42832539720977714,-0.4384416527771619,-0.42602098181590664,-0.309369461011405,-0.4559231956577696,1
2017-11-30,-0.5552999957000017,-0.5261371165446821,-0.5212320132983194,-0.5334067771857262,-0.5386816512208259,-0.5294913011409846,-0.5191768481585564,-0.5018888696018724,-0.5026804348869408,-0.5319143982112852,-0.5226750045607019,-0.5573083310462904,-0.5425052957125611,-0.5269681083452216,-0.5198222498816087,-0.48422994931052527,-0.4864996195593214,-0.48220235461542343,-0.47710217914157577,-0.45811463471054786,-0.473321768088891,-0.45985404855870987,-0.45163753064451106,-0.44675805600218693,-0.4274794275840688,-0.4375992791341794,-0.42518207355063903,-0.30859030122509773,-0.4550769325256482,-0.43561394919844265,1
2017-12-01,-0.5252251512279809,-0.5203125941470936,-0.5324736839640622,-0.5377562619044269,-0.528579350017214,-0.5182822975785334,-0.500975457131235,-0.5017577502637968,-0.5309876718070183,-0.5217569568468177,-0.5563803775045512,-0.5415873992375045,-0.5260552088364288,-0.5188951003070228,-0.4833173564320716,-0.48558751894608243,-0.48121645132461144,-0.47603032516120475,-0.4570872216552385,-0.472308137391078,-0.4588620410724047,-0.4506812543960496,-0.4458352114818042,-0.42667034248502894,-0.4367488360583314,-0.42434605878403353,-0.3078079356529107,-0.45422771444737076,-0.434777435620565,-0.4230837627151546,0
2017-12-02,-0.5194033870088081,-0.5315488976984275,-0.5368210788484872,-0.5276587855810713,-0.5173756797624335,-0.5000894991750404,-0.5008444009484885,-0.5300512466465764,-0.5208351353123754,-0.5554461042758126,-0.5406669949458228,-0.5251452056056055,-0.5179860842854072,-0.4824079917958282,-0.4846742622305633,-0.48030693439408634,-0.4750475906634569,-0.4560261292365436,-0.47127320727903016,-0.45785600674625254,-0.4496940359150298,-0.44488191515688535,-0.4257576329862056,-0.4359354148400592,-0.4235020086751124,-0.30702820982428763,-0.4533752246834865,-0.4339379778384909,-0.422253264315292,-0.42362177321132555,0
2017-12-03,-0.530634369655214,-0.5358942170047271,-0.5267284541462972,-0.516460466222717,-0.4991915375959323,-0.499958504862097,-0.5291242694019221,-0.5199036382664918,-0.5545080147781394,-0.539740286022115,-0.5242326969165975,-0.51707995286215,-0.4815165277470788,-0.4837642365189494,-0.47939625982806505,-0.47414109055502535,-0.4550536651300456,-0.470204487396758,-0.4568287306635514,-0.4486928179712674,-0.44389772444099096,-0.42481464799493796,-0.43501803075704354,-0.42269478416541584,-0.30624075042377613,-0.45252568936998655,-0.4330952575517484,-0.4214198283386948,-0.4227910165368624,-0.4312474872005327,1
2017-12-04,-0.5349776312535847,-0.5258064108275655,-0.5155355153406158,-0.4982850088406769,-0.49906060561082827,-0.5282250227825318,-0.5189815487489733,-0.5535601726733039,-0.538809780618827,-0.5233138993412445,-0.5161713171375744,-0.48062789550902396,-0.48287212005427693,-0.47848880552369083,-0.4732334310208469,-0.45415694285898134,-0.4692247439531583,-0.4557677772292511,-0.4476703948280752,-0.4428995515710511,-0.4238409341573859,-0.43407028986101487,-0.4217840804881732,-0.3054883793384939,-0.4516680462292146,-0.43225544787144676,-0.42058313552178844,-0.42195732200110037,-0.4304130697643404,-0.4286146145791739,0
2017-12-05,-0.5248946021151845,-0.5146188158702256,-0.49736879087667396,-0.4981541393889637,-0.5273136741612088,-0.5180870903670882,-0.5526218720496456,-0.5378695585502595,-0.5223913259835836,-0.515256400250252,-0.4797367641982717,-0.4819828373624438,-0.4775992267833124,-0.4723289792051802,-0.45325905535977934,-0.4683210914520189,-0.45479544576373526,-0.4466143656108766,-0.4418801966142827,-0.42285329805851674,-0.4330917437643899,-0.42084313621240305,-0.30463681078575433,-0.4508476459815542,-0.431407582503931,-0.41974932626094535,-0.4211203703818177,-0.4295757104334593,-0.42778146106650977,-0.44802977596273813,0
2017-12-06,-0.5137123049970199,-0.49646076475133494,-0.49723798430493016,-0.5263937142145111,-0.5171805654316902,-0.5517115325385022,-0.5369388155143158,-0.521459073551506,-0.5143377177330827,-0.4788393866326743,-0.48109105540356273,-0.4767124741835521,-0.47144236362381364,-0.45236433492546985,-0.4674162778352977,-0.45389884977237355,-0.44564673361535917,-0.4408272806475238,-0.42184455984861063,-0.4320992477820763,-0.41987149585328953,-0.3037560303681155,-0.4499227381062469,-0.430596659860657,-0.4189074934817158,-0.4202863034800645,-0.4287350905717997,-0.42694536705173486,-0.4471873021057943,-0.48326556483515865,0
2017-12-07,-0.4955628525478998,-0.4963300206306144,-0.5254639906194409,-0.5162654450789876,-0.5507890089022065,-0.5360358797562748,-0.5205362348384169,-0.5134093745806307,-0.47793828932272236,-0.4801930258922917,-0.47582322307271596,-0.47055856527134676,-0.4514873232537849,-0.4665146600975027,-0.4530010884779368,-0.4447546117138583,-0.43986261981000707,-0.42080241656227935,-0.43108561280142677,-0.4188859450862256,-0.30284551977587504,-0.4489673425316181,-0.4296819693841969,-0.4181024182316779,-0.419444211678687,-0.4278973718901893,-0.4261060136963901,-0.4463418774776794,-0.48240617586343587,-0.5085312654790178,1
2017-12-08,-0.4954321703405151,-0.5245425509939339,-0.5153405879003701,-0.5498578370863698,-0.5351208146847624,-0.5196410425108287,-0.5124904131094119,-0.4770276147157771,-0.4792912749310786,-0.47492772945659356,-0.46967226929051015,-0.45061309992718335,-0.4656308414703312,-0.4521064937233556,-0.4438613218542558,-0.4389733265738431,-0.41984803672729104,-0.4300385008229875,-0.41787930803612944,-0.3019214482336429,-0.4479810188633273,-0.42873696895356894,-0.41719403157910345,-0.4186388853582487,-0.42705160873141046,-0.4252695558372049,-0.44549318473223376,-0.48154381748364067,-0.5076597475826977,-0.4323728907988036,0
2017-12-09,-0.5236313407771334,-0.5144239814942498,-0.5489168394826744,-0.534197126031366,-0.5187337781961591,-0.5115990191024796,-0.4761261769908713,-0.4783799435751448,-0.47402852102481075,-0.46877973669760886,-0.44973638183315584,-0.4647498316602027,-0.45122960608511603,-0.44297117993244595,-0.43808286370098304,-0.41896853143087054,-0.42907937907288646,-0.41683929677041176,-0.30097675704560933,-0.44698070084763214,-0.4277612073195147,-0.4162554446357072,-0.41773022803744275,-0.4262427237609505,-0.42442506026024185,-0.444647429396725,-0.48067817505792765,-0.5067852469147796,-0.43153793310704597,-0.4516503007026719,0
2017-12-10,-0.5135175628840546,-0.5479842027560595,-0.5332636530640049,-0.5178179160257805,-0.5106955812283044,-0.47525195003459486,-0.47747785448351154,-0.47311974424764214,-0.46788349703552723,-0.4488534462276134,-0.46386632505489944,-0.45035550641892863,-0.44209868679917885,-0.4371955370050857,-0.41808785068936816,-0.4281953592771003,-0.41588695164809003,-0.2999996014723625,-0.44595918446310623,-0.4267715117175915,-0.4152861994550768,-0.4167913657171834,-0.42533023001216685,-0.42361740395797276,-0.443793586498771,-0.479815546109766,-0.5059074507794051,-0.4307000329253515,-0.450806088794914,-0.4708185490565925,1
2017-12-11,-0.5470618918423252,-0.5323384896431709,-0.5168923129181147,-0.5097835581176671,-0.47436580630268554,-0.47660298941907,-0.47222018879921124,-0.46697770309739584,-0.44796682866004695,-0.4629765874001996,-0.44947891202226403,-0.44122896842146375,-0.43632582222099675,-0.4172102654292063,-0.4273101667152388,-0.4150093834823064,-0.2991072432342292,-0.44490407532260007,-0.425760698372671,-0.4143030575589117,-0.4158218407386151,-0.42438746452419585,-0.42270623478367486,-0.4429768698298822,-0.47894473913809366,-0.5050327226656022,-0.4298588717041318,-0.4499589242010183,-0.4699651353363764,-0.43350089348159704,1
2017-12-12,-0.5314235876919681,-0.5159749656714246,-0.5088618153469441,-0.4734711343687965,-0.47571620285493454,-0.47134780580569335,-0.4660811060427139,-0.44707070241662683,-0.4620831499882964,-0.448596100360766,-0.44035675662236656,-0.43545887383655796,-0.4163501644774745,-0.4264280884047925,-0.4141306387219036,-0.2982867850639174,-0.44393732141038467,-0.4247164494727611,-0.413298847663433,-0.41483841744500305,-0.42341397371398565,-0.4217648169129131,-0.4420559330628803,-0.47811157917733565,-0.5041497516634943,-0.42902061409250153,-0.44910848985310803,-0.4691087587915592,-0.4326653942865707,-0.1168024444069908,1
2017-12-13,-0.5150678125991072,-0.5079483021032689,-0.4725668389401616,-0.4748208859688181,-0.4704635196878216,-0.46521162122487386,-0.4461836938269086,-0.4611801715805246,-0.44770960706150015,-0.4394783362983622,-0.43458943285838963,-0.41549280101173425,-0.42556355325738576,-0.4132549813887728,-0.2974651164086171,-0.44304603548051463,-0.4237600601268928,-0.4122612992011882,-0.4138339240162254,-0.4224265619174293,-0.42079269535541364,-0.4411045776792332,-0.4771729156025309,-0.5033048010971258,-0.4281743091144471,-0.4482610007311845,-0.46824910382758556,-0.4318269520049846,-0.11611897786932394,0.1366654764026419,1
2017-12-14,-0.507044950024182,-0.4716706540186407,-0.47391594201344034,-0.46957071149420937,-0.4643302547385386,-0.44532360230093687,-0.4602863669820603,-0.4468136056753022,-0.4385962458249864,-0.4337137888809801,-0.4146329478161641,-0.4247017689318407,-0.41239678311009437,-0.29664629773258067,-0.4421535810964583,-0.42287864169297895,-0.41131130447707054,-0.41279608785628363,-0.4214180497123267,-0.4198066606391172,-0.4401223590657129,-0.476203525029836,-0.5023534265760459,-0.42736489895807733,-0.4474054147518194,-0.467392435470336,-0.43098524817395184,-0.11543273575313093,0.137227264410879,1.1586255106753962,0
2017-12-15,-0.47078448106929016,-0.47301911298920923,-0.46866829013524963,-0.46344037580513775,-0.4444516986471622,-0.4594196177800233,-0.4459267209195626,-0.4377046681301693,-0.43283448201753766,-0.413766910741637,-0.42383749355554695,-0.4115413165951067,-0.29584419357960895,-0.4412642711744494,-0.42199604894928244,-0.4104359739876159,-0.41184581856533287,-0.4203761357502466,-0.4187995359665358,-0.43912616957198153,-0.47520298167890274,-0.5013711039333699,-0.42645183902888656,-0.4465870085125556,-0.46652762104487866,-0.43014645038765975,-0.11474337525326178,0.1377916939334778,1.158696701712983,0.8777112573074721,1
2017-12-16,-0.4721323014827078,-0.46777396649912734,-0.46254089994121367,-0.4435713137538689,-0.4585410071618818,-0.4450667507069302,-0.4368221708122918,-0.43194570112449676,-0.4128972359141738,-0.4229670254814321,-0.41068336091708335,-0.2950446524869075,-0.44039259914259116,-0.4211165596412378,-0.40955946557565404,-0.410970226676894,-0.41942197477287885,-0.41775902991637326,-0.4381088130455669,-0.4741883626915054,-0.500357420892801,-0.42550849751105224,-0.44566425029218876,-0.46570026966454126,-0.4292996023390149,-0.11405623710418705,0.13835912725778896,1.1587699937301854,0.8779173026222252,0.8841076043175059,0
2017-12-17,-0.4668896388099844,-0.46164950170694463,-0.44268138454882316,-0.4576538931852732,-0.4441949692646054,-0.4359664987312737,-0.43106597768774013,-0.41201813270442184,-0.42209290806222255,-0.4098192251441976,-0.29424263894125413,-0.43952369939681757,-0.4202545795828074,-0.40868603528730757,-0.410093457021068,-0.41854267783796756,-0.41680621259215495,-0.43705792486112566,-0.47315243678859586,-0.4993295871006587,-0.42453442142302983,-0.4447110417685886,-0.4647678680711902,-0.4284896657838348,-0.11336186175470668,0.1389248854221225,1.158845827564849,0.8781255974976633,0.8843105790342306,0.8054177213123126,1
2017-12-18,-0.460768074232694,-0.44179946784931784,-0.4567571976023475,-0.44331470698580394,-0.4350990472406165,-0.43021302302552417,-0.4111480076393473,-0.42120934120677866,-0.4089514565924655,-0.29343455686245434,-0.43865230647426273,-0.4193953426617932,-0.40783003488128255,-0.4092197665756841,-0.4176622053343279,-0.4159281948706303,-0.43609519925553886,-0.4720827064897748,-0.49828034609050514,-0.4235464210028283,-0.4437269402636309,-0.4638048484153906,-0.42757603836666097,-0.11269971712357058,0.13949723005705286,1.158922192464071,0.8783365611798348,0.8845157999284867,0.8056584714966961,0.9354785099060129,1
2017-12-19,-0.4409274402762437,-0.4558685606829296,-0.44242490107481586,-0.43422312919326295,-0.4293483090713432,-0.41030445597406673,-0.4203347890769688,-0.40807426869250135,-0.2926229886496668,-0.43777470665983237,-0.4185336154511751,-0.4069767596288331,-0.408363509420427,-0.41678482744571765,-0.4150490008212631,-0.43520774844023485,-0.4711019987462346,-0.4971971051186822,-0.4225373157063322,-0.4427288571146162,-0.4628107782640937,-0.42663211948864027,-0.11194541784173556,0.14004109020713346,1.159002520149379,0.8785474494841425,0.8847236867379623,0.8059015094792364,0.9356568237653498,0.9688767460209796,0
2017-12-20,-0.45498987074931607,-0.4415431068282972,-0.4333376915907349,-0.42847513758860817,-0.4094492146293624,-0.4194869004598054,-0.4072060432406587,-0.29180226742842086,-0.43689343884260656,-0.4176657006243752,-0.4061209958680803,-0.40750997819092033,-0.4159249311491709,-0.4141728960682998,-0.43431912689490043,-0.4701974281916578,-0.49620350334526486,-0.4214947999418233,-0.4417095925597692,-0.4618026694814,-0.4256574567711248,-0.11116359882249434,0.14066787206250553,1.1590694678289295,0.8787630217674901,0.8849315119781158,0.8061472489493137,0.9358373566311363,0.9690390268918301,0.9291289464173854,1
2017-12-21,-0.44067120065392096,-0.4324602358535366,-0.4275924617729699,-0.4085855469958942,-0.4186272900557695,-0.4063643525220042,-0.29099004589340427,-0.43600268770260003,-0.41679414313215796,-0.40525905638366155,-0.40665395837662627,-0.41506777172311393,-0.4133142562305555,-0.43343363386623796,-0.469291697066293,-0.49528665714080455,-0.4205400646290028,-0.4406567683227108,-0.46077330319669757,-0.4246688663678702,-0.1103536384177148,0.1413199553211567,1.1591821108019444,0.8789610621572131,0.8851440047759267,0.8063927569730239,0.9360205321895619,0.9692035091041469,0.9293103084160897,2.005243505802315,0
2017-12-22,-0.4315926308350261,-0.42671774898267467,-0.407712427702659,-0.417759238954216,-0.4055109859009403,-0.290203219132485,-0.43512101016566096,-0.41591314833549037,-0.40439348986621604,-0.4057917623280356,-0.4142081226281925,-0.41245834948449356,-0.4325657287301182,-0.4683891656368737,-0.4943686576502058,-0.4196602209029795,-0.4396921950282423,-0.45971022886053525,-0.4236591666102545,-0.10953069187395724,0.1419980971051514,1.159311111053028,0.8792150305592283,0.8853390602175571,0.8066431345754298,0.9362037570790417,0.969370618911194,0.9294938927796528,2.004908273682656,1.8752892796740395,1
2017-12-23,-0.4258528632949966,-0.40684720624336634,-0.41688171189842227,-0.40464919917377784,-0.2894051226396083,-0.43426614117894957,-0.4150411471856399,-0.40351851443622844,-0.4049259385752078,-0.4133422900613387,-0.4115999534438583,-0.4317005845511215,-0.4675044452865537,-0.4934539088944048,-0.4187792019327062,-0.4388029851366819,-0.4587358732936314,-0.42261604765347294,-0.10868789323944436,0.14268847146617716,1.1594577719230486,0.8794878147818886,0.8855898106750417,0.806874911792131,0.9363915176413253,0.9695378501499701,0.9296801227062198,2.0045746947497185,1.875016432723589,1.9532618153510046,0
2017-12-24,-0.40599173016876056,-0.41601211274485356,-0.40377797121138587,-0.28859878831640584,-0.43339949872809025,-0.4141957576232677,-0.40265248332248665,-0.40405070469077037,-0.4124728202765715,-0.41073537643017444,-0.4308329483174778,-0.46662253646521457,-0.4925571312528522,-0.4179012798508726,-0.437912605558967,-0.45783735027400907,-0.4216607366787897,-0.10781412676751775,0.1433976916737123,1.1596136270755866,0.8797805680225708,0.8858593209727741,0.8071652504205266,0.9365626001048785,0.9697095313180456,0.9298663882562963,2.0042432749145975,1.874745307695203,1.9529515372990294,1.61538082741749,1
2017-12-25,-0.41515229666679876,-0.4029146281809099,-0.28778332009155444,-0.4325243923886731,-0.4133386647750984,-0.40181294227620606,-0.40318441724069287,-0.4115939230812361,-0.4098671654832922,-0.42995911268367626,-0.465738130580083,-0.4916632014026564,-0.417040846489507,-0.43702536181169027,-0.45693766309485395,-0.42078034489885746,-0.10702043882961443,0.14413591778430923,1.1597842709876431,0.8800833507058609,0.8861487477268609,0.8074750375777126,0.9367875063227653,0.9698650280103721,0.9300572057804516,2.0039142138372226,1.8744764005113597,1.9526429399279122,1.615232750805455,1.8233075892227302,1
2017-12-26,-0.40206101436232955,-0.2869753564243337,-0.4316397709928062,-0.412473139532078,-0.4009617412420332,-0.40234462507579977,-0.4107240023422262,-0.40898953309161723,-0.42908161889473956,-0.46484749185218033,-0.49076677089687765,-0.41618315161385694,-0.43615572888967535,-0.4560411504676199,-0.41989877819990273,-0.10629391886722199,0.14480025158357612,1.1599760104585606,0.8804020373523223,0.8864481849071701,0.8078053878215029,0.9370307227862034,0.9700731318766865,0.9302312513598886,2.003586942018159,1.8742095715378904,1.9523365251533022,1.6150865335861728,1.8230596963399626,2.005243505802315,1
2017-12-27,-0.2861766451668676,-0.43076312589438015,-0.41159815233387037,-0.4001021272436671,-0.4014931710639258,-0.40988065084395564,-0.40812086679081067,-0.4281946596685698,-0.46395315100973183,-0.48986408356841754,-0.41532296690935416,-0.4352888621211099,-0.4551623700790027,-0.4190203106680486,-0.10556613267477348,0.1454036210544616,1.1601187999159166,0.880743993936642,0.8867635006577435,0.8081459824371026,0.9372934335681011,0.9702992536894449,0.9304593519859382,2.003258803132569,1.8739448654550448,1.9520323569174898,1.6149426517048848,1.8228135528733975,2.004908273682656,2.55105125554107,1
2017-12-28,-0.42989632453524956,-0.4107310757118286,-0.3992330840519755,-0.40063330325356145,-0.4090256111481435,-0.40727874419666804,-0.4273167429695611,-0.46304926488995496,-0.4889576626044681,-0.4144565976647881,-0.4344195027832011,-0.4542863833548958,-0.4181593390015298,-0.10484080589177375,0.14600832983570375,1.1602256375964313,0.8810301444203521,0.8871020368361114,0.8085027680145374,0.9375660020501505,0.9705445953722975,0.9307058184284899,2.0029455202227706,1.8736773715936836,1.951730111392913,1.6148002869392264,1.822569650750065,2.0045746947497185,2.5504540057107383,2.6290237912180343,1
2017-12-29,-0.40987376044695,-0.3983719108884246,-0.3997640048431706,-0.40816214582858695,-0.4064249425028427,-0.4264655582689667,-0.46215456001846617,-0.48804163911412585,-0.4135865897982792,-0.43354394060886087,-0.4534079013364734,-0.4173011074396824,-0.10413096897854117,0.14661109123413413,1.1603341092405521,0.8812734677289615,0.8873849230252502,0.808883383108223,0.9378542451647114,0.9707996954621062,0.9309718313667276,2.0026411850475165,1.8734294674837775,1.951426230517015,1.6146607123288177,1.822327714618158,2.0042432749145975,2.5498581203786825,2.6283891102861787,4.656309718819125,0
2017-12-30,-0.3975204482547706,-0.3989025782019372,-0.40728922997054673,-0.4055627192680891,-0.42560262737983884,-0.46128692886845185,-0.4871348963415764,-0.4127071519711719,-0.4326647157624968,-0.4525231982888577,-0.4164403858886247,-0.1034234176313001,0.14719996825069062,1.1604426979475624,0.8815183440075034,0.8876251385903803,0.8092064276811249,0.938165311077481,0.9710703375965121,0.9312477208824147,2.00234755344939,1.873191648459028,1.9511390991271733,1.6145145085159127,1.8220880348297999,2.0039142138372226,2.549264147408195,2.6277557526113915,4.654701829247626,4.5263554926908505,1
2017-12-31,-0.3980508642729786,-0.4064242105586822,-0.4046910523788521,-0.42473124484254055,-0.46040742977307003,-0.48625547232184085,-0.41183669503103465,-0.4317760172752225,-0.4516348086553247,-0.4155734787269058,-0.10271342131693187,0.14778692348887268,1.160543875456592,0.8817627698783846,0.8878669089696484,0.8094848756889949,0.9384219807764929,0.9713635440145719,0.931539310237794,2.0020605991324083,1.872965600903879,1.9508613704121212,1.6143973620057923,1.82184479897813,2.003586942018159,2.548673711494418,2.6271242720501378,4.65309419066183,4.52480998828856,4.89022732585002,1
2018-01-01,-0.40556893479192796,-0.40382727341574337,-0.4238503678872024,-0.45951942438910537,-0.48536409305142075,-0.4109928182460046,-0.43089637556889177,-0.45073690194791666,-0.41470293153597243,-0.1019975399733308,0.1483762876609969,1.1606445979464506,0.8819980052159303,0.8881082418624177,0.8097648558230022,0.9386372371584168,0.9716031693473743,0.9318537715393244,2.0017850725796626,1.8727466169847213,1.9505947724311856,1.6142925752820518,1.8216230463881808,2.003258803132569,2.5480836635832365,2.6264964968740174,4.651487512740644,4.523264803607315,4.888507142973947,5.124144932880916,1
2018-01-02,-0.40297322741779856,-0.4229774416859838,-0.45862183245838106,-0.48446416831269884,-0.4101372493746147,-0.4300435009734798,-0.4498481274856635,-0.41382295182852097,-0.10127841370667358,0.14897129629360512,1.1607475840876653,0.8822323823545791,0.8883404247368707,0.8100442395102919,0.9388540631658252,0.9718021987875225,0.9321136816575308,2.0015240884530487,1.8725395767360804,1.9503350062733333,1.6142016958128578,1.8214118338236334,2.0029455202227706,2.547500815595889,2.6258689095211047,4.6498889167436,4.521720638337407,4.886787087359957,5.122312456700269,5.35806253991181,1
2018-01-03,-0.42211432720530767,-0.45773230530574954,-0.4835545909666372,-0.40927325313430823,-0.4291788676788557,-0.44898630603147216,-0.41295195744891655,-0.10055057252441427,0.1495692336281551,1.16085524473764,0.8824690630795599,0.888571758592728,0.8103139747506908,0.9390705554603089,0.972002807482591,0.9323320230525877,2.0012348171542986,1.8723480848067806,1.9500868742422297,1.6141186526893478,1.8212128198856752,2.0026411850475165,2.54691294172654,2.6252496745192198,4.648285303905679,4.520184274444269,4.885067886666471,5.120479984058085,5.35611777042659,6.995485789128075,1
2018-01-04,-0.45685273280360245,-0.4826531601591642,-0.40839980341299864,-0.4283057771216853,-0.44811265964242286,-0.41210755416399353,-0.09983046984774549,0.15017531155022742,1.1609645591142466,0.8827106849316173,0.8888053951256079,0.8105827480335273,0.9392782231242679,0.9722031499319966,0.9325519322424122,2.000930315120164,1.8721251339991176,1.9498536869945415,1.6140485850489161,1.821021024125647,2.00234755344939,2.546329238719167,2.6246225733699355,4.646720006525836,4.518643227342566,4.883357272882398,5.1186482605923,5.354172880756211,6.992754966510836,7.229403396158971,0
2018-01-05,-0.48176178648959667,-0.4075342537797016,-0.4274231826801251,-0.44723052626647514,-0.4112514548949114,-0.09913388686685845,0.15077464885427666,1.1610796984388174,0.8829543109728741,0.8890439667147323,0.8108538351799977,0.9394851154992742,0.9723948792982147,0.9327714948926566,2.000627691147971,1.871883771816251,1.949590943892226,1.613996077514245,1.820841378398648,2.0020605991324083,2.5457517541405354,2.6239989606722602,4.645072996098223,4.517138574986951,4.881641041719283,5.116825629021196,5.352228634518127,6.990023157643103,7.226560280237158,6.8395407177741445,1
2018-01-06,-0.4066784523565855,-0.4265485507088011,-0.44633883888816833,-0.4103869265077101,-0.09842670224939847,0.1513529246403324,1.1611921205389744,0.8832043984802912,0.8892845345131114,0.8111299320680088,0.9396943032483775,0.9725858813100063,0.9329821926936881,2.0003268944786208,1.8716442502267034,1.949311697798599,1.6139057676887567,1.8206776833482738,2.0017850725796626,2.545179324152693,2.623380925667842,4.6434117314526775,4.515556943359231,4.87996658329583,5.114996779532889,5.350293985159994,6.987291251998921,7.2237160543412315,6.836884757359956,6.943504098676765,1
2018-01-07,-0.4256837451442636,-0.445455176009072,-0.4095129416901906,-0.09771157962057267,0.1519409262076857,1.1612933922745834,0.8834506628212087,0.8895315492842915,0.8114081233370763,0.9399083772971236,0.9727791739479775,0.9331921060926113,2.0000240491634305,1.8714062934214706,1.9490343147794642,1.6137906852084258,1.820481260737046,2.0015240884530487,2.5446161551227084,2.622767713441305,4.641739385377812,4.513962194864189,4.87820189102841,5.113213160065825,5.348352517346494,6.9845724781315806,7.220871625924749,6.834227893177685,6.940798230127209,7.69723861022076,0
2018-01-08,-0.44458141729056616,-0.40864686061093103,-0.09698782861221437,0.1525364727317245,1.161400858421191,0.8836830524402877,0.8897747660709953,0.811692939880835,0.94012438346589,0.9729773211870165,0.9334043157682902,1.9997219639301438,1.8711654648290075,1.9487586540557609,1.6136773683841685,1.8202651544946866,2.0012348171542986,2.5440633037673743,2.622163452628858,4.64006583494522,4.512357432832301,4.876420897311956,5.1113307859585975,5.346459736835818,6.9818426820417265,7.218040834270379,6.831571002715036,6.938091402821297,7.694170907689799,5.3060808494605,0
2018-01-09,-0.4077905323174662,-0.0962709564973031,0.15313998490924968,1.161514284763094,0.8839226071661045,0.8900041701687921,0.8119736486429028,0.9403467202071116,0.9731773588791562,0.9336214177700414,1.9994220219923802,1.8709252098027813,1.9484806154296612,1.6135650913071706,1.8200508738581969,2.000930315120164,2.5434954864060573,2.6215689059551353,4.638393187788742,4.510751852797534,4.874626899959731,5.109430063171235,5.344459680888784,6.979185774225776,7.215198419855331,6.828926907372382,6.935384502237626,7.691101847737485,5.304161034042963,4.370410421336921,0
2018-01-10,-0.09556255251719965,0.15373743842242787,1.1616330047062149,0.8841685577031387,0.8902407172708285,0.8122397815673306,0.9405654612079434,0.9733836514673314,0.9338404598133913,1.999125951030404,1.8706871165464658,1.9482032622791987,1.613448296160162,1.8198380529986111,2.000627691147971,2.5429257969965975,2.6209612962991655,4.636714562836916,4.50914769194516,4.872831002811057,5.107514414541651,5.342439229030513,6.976361945400093,7.212432350995772,6.826272190165989,6.932690621211847,7.688032373776404,5.3022411259344056,4.368939779137679,4.032529433403405,0
2018-01-11,0.1543274519643891,1.1617489730755133,0.8844205363295731,0.8904836502652173,0.8125133294079186,0.9407708877242115,0.9735864798019118,0.9340658468165501,1.9988304775726984,1.8704530176066965,1.9479280598140145,1.6133317015480568,1.8196220310952387,2.0003268944786208,2.542358143017295,2.6203537229789453,4.635072353519984,4.507538559190649,4.871035080307189,5.105596170676894,5.340401929123571,6.973503390045465,7.209490840330281,6.823688056379114,6.92998585141648,7.684977546547974,5.3003218847568325,4.367469539141896,4.031220992644104,3.9805477429520946,1
2018-01-12,1.1618616469374277,0.8846688543360048,0.8907325946248945,0.8127933851658737,0.9409832797331883,0.9737763175540695,0.9342876130814792,1.998538910727548,1.8702196782992888,1.947656777660921,1.613217305654638,1.819406508151837,2.0000240491634305,2.5417934189186515,2.6197482075700558,4.633479798519985,4.505962670364804,4.8692313694001985,5.103676972825639,5.338361338542731,6.970614531197008,7.206512555904745,6.8209426821133015,6.927353201610222,7.68190989548254,5.298412128240262,4.3660003890535215,4.029913132800156,3.9792642562604774,4.214465349982991,0
2018-01-13,0.8849127383385572,0.8909778990633225,0.8130796580344241,0.9412019779732537,0.9739730053917427,0.9344960032826285,1.9982479597408014,1.8699905400652144,1.9473861578633345,1.613107150759282,1.8191931543681008,1.9997219639301438,2.5412301033680067,2.6191457795529414,4.631889885941831,4.504433255216072,4.867469783199309,5.101748175963482,5.3363188653440865,6.967717513603585,7.203502045778928,6.81816394613928,6.924555524304496,7.6789255045357585,5.296495686721247,4.36453870368507,4.028606515605104,3.97798137797835,4.213069569986798,4.16248365953168,0
2018-01-14,0.8912187954439201,0.8133620363391187,0.9414265532624503,0.9741759476695994,0.9347113809173248,1.9979540690441107,1.8697615060677726,1.9471195624626145,1.6129980797524703,1.818983844237214,1.9994220219923802,2.5406683312650657,2.6185452539686604,4.630307156044483,4.502906445020564,4.865763576467027,5.099867212878634,5.334264982526764,6.964812112973224,7.2004826814694205,6.815356188142394,6.92172357541007,7.675748630190654,5.294627164220264,4.3630727354668295,4.0273066337068055,3.976699765843809,4.2116742746764775,4.1611128336031715,3.7466301359211998,0
2018-01-15,0.8136396873894852,0.9416476548680482,0.9743846796723971,0.9349330746294271,1.9976634472803738,1.8695282720407724,1.94685337827159,1.6128937987405478,1.8187753585899256,1.999125951030404,2.5401086248652196,2.617946383741484,4.628739169585658,4.5013865549873335,4.8640600796001126,5.098047354414071,5.332264642557959,6.96188262846974,7.197454005491672,6.812540735026359,6.918861750178803,7.672530887623302,5.2926532597931875,4.361640857140288,4.0260033364027334,3.9754247767870727,4.210280139769637,4.159742519854672,3.7454589425341567,3.2787949218594092,0
2018-01-16,0.9418645567960108,0.9745900460691983,0.9351606619924504,1.9973774728548093,1.8692987560019523,1.9465837502427754,1.6127885987217154,1.8185711918002816,1.9988304775726984,2.539552271409975,2.617349568132768,4.627175748128337,4.499880585251235,4.862364237947354,5.096230273258395,5.330331132361114,6.959046650313235,7.194399435033023,6.809717517960924,6.915991920744509,7.669277074942766,5.290659414395118,4.360137680072439,4.024729135139184,3.9741465057774876,4.208893132925871,4.158373390008341,3.7442884812802233,3.2778483150815143,1.9792526605766596,1
2018-01-17,0.9747913482644838,0.9353847551245146,1.9970945784335905,1.8690740888223358,1.9463175707690052,1.6126766780340964,1.8183669245985616,1.998538910727548,2.538995834521018,2.6167560314641998,4.625614093089029,4.4983789940009755,4.860684621387619,5.094421319850224,5.328400466916677,6.956317577990415,7.191444079992561,6.806871424094218,6.913113914635789,7.6660130172010925,5.288649148105366,4.358622750958003,4.0233959429510575,3.9728965625236303,4.207502243591092,4.157011276006138,3.7431193919179817,3.2769026878839678,1.9789299054908427,2.317133648510175,1
2018-01-18,0.9356046228226661,1.9968116721174567,1.868852841429907,1.94605611924182,1.6125693734451099,1.8181579532394376,1.9982479597408014,2.5384420675093486,2.6161623140850634,4.624053792874036,4.496879187643115,4.859009905557589,5.09263007318958,5.326478401753094,6.953591822524649,7.188601355937458,6.804115030527018,6.9102122270112325,7.662737790528567,5.286635745683655,4.357099089777688,4.022053955827934,3.971589521855461,4.206143139293625,4.155645412965847,3.741956420648275,3.2759586440663258,1.9786088173388152,2.3166486919844176,3.0708681600541703,0
2018-01-19,1.9965289055028725,1.8686311616071456,1.9457978836321173,1.6124673207573896,1.8179528794905844,1.9979540690441107,2.537891065167522,2.615571089906749,4.622490782750251,4.495380859450329,4.857336922891673,5.090844062986842,5.324575524991541,6.950877975073185,7.185762016182931,6.801461726025719,6.907402777051162,7.6594330481595865,5.284620667006653,4.35557507422031,4.0207060131593595,3.970274141192538,4.2047184167856475,4.15431056667807,3.740790767963883,3.2750197083706785,1.9782899000339498,2.316165223680555,3.0700213695470073,2.9409139339258945,1
2018-01-20,1.8684090943414993,1.9455394679133324,1.612369367422541,1.817752735209347,1.9976634472803738,2.537342416458131,2.614982937371339,4.62092567223915,4.493879983476842,4.855665073036708,5.08905975269432,5.322678220416094,6.9481936876052695,7.182935056976056,6.798811693419127,6.904698960668849,7.65623893935121,5.282594581068255,4.354053096932861,4.0193587206363235,3.968953232141155,4.203283307051817,4.152911995690051,3.7396499857536365,3.2740792923366735,1.9779732853773564,2.315683773482368,3.0691756685967437,2.9401295285879403,3.0188864696028603,0
2018-01-21,1.9452809810383231,1.612270140586524,1.8175561466284345,1.9973774728548093,2.5367951506497435,2.6143978946601334,4.619371614670587,4.492377301576817,4.853990221442388,5.087276353199383,5.320782582496966,6.94551732242086,7.180139139407231,6.796173253804605,6.901998446156141,7.653168911831544,5.280620769295886,4.352527354815127,4.018014807739546,3.967633127777249,4.201840746723075,4.151503492416422,3.7384606269252743,3.273156832213648,1.977658526705536,2.31520535535562,3.068331645021146,2.939346281542228,3.0180646331633803,2.4990695650897594,0
2018-01-22,1.6121694720187532,1.8173589574030218,1.9970945784335905,2.5362516857911968,2.6138139654167962,4.6178403279122096,4.490885160997559,4.85231273943135,5.085489660134526,5.318887633362055,6.942842391115484,7.177351479850114,6.793563386403962,6.899309734650325,7.650102403499494,5.278712515039549,4.3510310505785865,4.01666974533483,3.9663166094021136,4.200398295643086,4.150087965704871,3.7372649753332596,3.2722028370648997,1.9773425168247922,2.314727925769632,3.0674922806917473,2.938564770617908,3.0172439137749376,2.4984972693271112,2.44708787463845,0
2018-01-23,1.8171611698769505,1.9968116721174567,2.5357098738490604,2.613233716210681,4.61630314936017,4.4894145309088715,4.850647231282039,5.083699806623551,5.316989098826661,6.940166594500768,7.174565220918129,6.790961217468026,6.8966502538715,7.647049220781796,5.27680709054817,4.349577403251376,4.015345874375117,3.9649993438763222,4.198958501920562,4.148672702784011,3.736065717559236,3.2712466436147016,1.9770423096749719,2.314254238825895,3.0666519698356915,2.937787638392415,3.016424895259851,2.497926365556876,2.446540532943485,2.39510618418714,1
2018-01-24,1.9965289055028725,2.5351698162607628,2.6126549160512704,4.614766507117264,4.487938458081749,4.849006762518218,5.081922847893491,5.315086873815751,6.93748516967162,7.171777874663443,6.788360504580386,6.893998620769916,7.644030043011153,5.274910161330234,4.348126315915042,4.014056390661203,3.9637020011130444,4.197516150439605,4.1472603035831295,3.734867959911413,3.2702906883953964,1.9767512777298188,2.3137840467963535,3.0658265417514317,2.937009893272578,3.0156104237720145,2.4973573976469,2.4459946107350707,2.394583796559858,2.44708787463845,0
2018-01-25,2.53463211238064,2.6120781225669494,4.61322601330873,4.486463123084791,4.847359593661328,5.0801731971242265,5.313198464504944,6.934796344161152,7.168984608363758,6.7857590743923195,6.891348428937118,7.641019794708618,5.273032091257772,4.346681833718754,4.012769369519746,3.962437773339638,4.19609943079237,4.145845748981098,3.733674716883666,3.2693376241797396,1.9764711629402878,2.3133200728598884,3.064977152682512,2.9362451102125458,3.014795139210446,2.496791854574685,2.4454506478856057,2.3940628559132646,2.446540532943485,2.317133648510175,0
2018-01-26,2.6115039990774638,4.611694086527801,4.484984276305047,4.845712598375716,5.078416037962487,5.3113396317302355,6.932127780785105,7.166183411353353,6.783152210543529,6.888697421131285,7.63801088052342,5.271159518765149,4.345250284049928,4.011488270970163,3.9611759931512394,4.194721551286682,4.144455557530297,3.7324825373130404,3.268390931846769,1.9761978027028708,2.3128642395586163,3.0641273850731205,2.935461099943519,3.0139939691358775,2.4962268329579906,2.444909997654953,2.3935438981243107,2.4459946107350707,2.3166486919844176,2.0832160414792797,0
2018-01-27,4.610173053194886,4.483513576017491,4.844061139915359,5.0766586896341686,5.309472482263645,6.929504673972295,7.163403397396557,6.780538299366352,6.8860408499622565,7.635000434988789,5.2692886203186,4.34382288904814,4.010217964780428,3.959920030547303,4.193346186809521,4.143102933965116,3.7313045714337196,3.2674489241864753,1.9759359734109463,2.312414156286857,3.0632795643225794,2.934677848484632,3.0131707315869143,2.4956682429803343,2.4443700023327457,2.3930281407352196,2.4454506478856057,2.316165223680555,2.0828433782580964,2.0832160414792797,1
2018-01-28,4.482053242033513,4.842419005446361,5.07489626652199,5.3076047808926194,6.926867592371755,7.160671108578305,6.777944036377471,6.883376995896219,7.631983485748031,5.267418459992572,4.342397301108018,4.008951328316998,3.9586745310466585,4.191977112450173,4.141752810441014,3.7301539953925955,3.266509712075069,1.975688887723795,2.3119742626042608,3.062435252743441,2.9338976117770685,3.012347570437725,2.495106520630943,2.4438356703647806,2.3925131717075003,2.444909997654953,2.315683773482368,2.0824723269824275,2.0828433782580964,2.55105125554107,0
2018-01-29,4.840788713285358,5.0731439243649215,5.30573139312862,6.924227419701782,7.157924036672914,6.7753937175682895,6.880733199315894,7.628957545737753,5.265544779117297,4.340973339341879,4.007686546948641,3.957432626666053,4.19061998284862,4.140408872027313,3.729005799492958,3.265586439498509,1.9754128805232622,2.311546497204092,3.061598138497038,2.933121270595754,3.011526783304375,2.494549424083772,2.4433000995353464,2.3920030977492264,2.4443700023327457,2.31520535535562,2.08210339955654,2.0824723269824275,2.5504540057107383,2.34312449373583,0
2018-01-30,5.07140437337583,5.303868843283482,6.921577279375029,7.155173510960235,6.772829962837649,6.87813435517096,7.62595463061946,5.263667525550818,4.33954702434875,4.00642371244024,3.956192584770275,4.189266784095305,4.139076549114851,3.727862948644433,3.264665412176394,1.9751210064593814,2.311098056726732,3.060767318352447,2.9323526426534556,3.010709659884366,2.493998973122331,2.442769609448377,2.391493678439749,2.4438356703647806,2.314727925769632,2.081736999216822,2.08210339955654,2.5498581203786825,2.3426270601762313,1.8752892796740395,1
2018-01-31,5.302020033466301,6.918943275713399,7.15241240598166,6.770263358862814,6.875521715860386,7.623003977790321,5.261803883035732,4.338119256782017,4.005158946237886,3.954954539070757,4.187915414572921,4.13774808244436,3.7267290792446977,3.263748784838692,1.9748310029637177,2.310642019049555,3.05993421902678,2.9315913147061785,3.009899940159605,2.4934537312936182,2.442246192104127,2.3909897948129815,2.4433000995353464,2.314254238825895,2.081372187956027,2.081736999216822,2.549264147408195,2.3421311010914585,1.875016432723589,1.9272709701253496,0
2018-02-01,6.916329654099603,7.1496681946319605,6.767687194970609,6.872906066088793,7.6200369252752305,5.2599693129289,4.336701416589925,4.003893493059951,3.9537146265285217,4.18656581923343,4.136421452394555,3.725598469236801,3.2628381756407747,1.9745427742671908,2.3101879493590136,3.059111970212249,2.9308245358715994,3.0090969168939394,2.4929179567852753,2.441728138434544,2.390493411085923,2.442769609448377,2.3137840467963535,2.081007662055901,2.081372187956027,2.548673711494418,2.341637148363015,1.874745307695203,1.9269731691072158,1.4140297494543401,0
2018-02-02,7.146945314190075,6.765126663101026,6.870280584573556,7.617065693477138,5.2581266057522775,4.335303574504866,4.00263663704005,3.952474144795017,4.185214065220659,4.135096645863947,3.72446975496763,3.261930154378296,1.9742523322965457,2.3097363370157815,3.058291906702366,2.930065426908336,3.0082903457647077,2.492392902308867,2.441219758447843,2.390002545575469,2.442246192104127,2.3133200728598884,2.080655151866166,2.081007662055901,2.5480836635832365,2.341146283815487,1.8744764005113597,1.926677062517009,1.4139783324234758,1.2119613241629632,1
2018-02-03,6.762585880705955,6.8676710715092755,7.614082659194919,5.25628342727963,4.333900828547643,4.001396502296186,3.9512420555708383,4.1838612119872165,4.133769745511295,3.7233432589080837,3.261024095362339,1.9739626131046712,2.3092846515660455,3.0574758231472523,2.9293084657810984,3.007493352890684,2.491851613143985,2.4407225008503604,2.38952156011041,2.441728138434544,2.3128642395586163,2.0803109070006096,2.080655151866166,2.547500815595889,2.3406563410822545,1.8742095715378904,1.9263831502726547,1.4139288812839066,1.2120069110794036,1.3139987834343623,0
2018-02-04,6.865081729635054,7.611118032469079,5.254434698327146,4.332499062245823,4.000152631223747,3.9500261834948502,4.18251767218229,4.132441863722283,3.7222151878363854,3.2601206985827367,1.9736750409031973,2.308834173835814,3.0566644407056986,2.928555222090102,3.006698530333859,2.4913071796750326,2.440207739881913,2.389052099391853,2.441219758447843,2.312414156286857,2.0799767249766967,2.0803109070006096,2.54691294172654,2.340170525133672,1.8739448654550448,1.9260914284576234,1.4138818565045081,1.2120545707650998,1.3139953867636442,1.0324139662596157,0
2018-02-05,7.608176634371018,5.252596639079357,4.331094191900627,3.9989102637613922,3.9488067547123786,4.18119261810086,4.1311230907130785,3.7210870776028173,3.2592163104521106,1.9733913643456624,2.3083857950625744,3.055855347774516,2.9278058563712754,3.005907582724392,2.490764766648788,2.4396885623534676,2.3885638666198408,2.4407225008503604,2.3119742626042608,2.0796489884210203,2.0799767249766967,2.546329238719167,2.339687257344152,1.8736773715936836,1.9258016960802904,1.4138359141606405,1.212104748157426,1.3139940088925641,1.032545745773537,0.71037699757566,1
2018-02-06,5.250772109001751,4.329696963405118,3.9976656756910502,3.947588910148403,4.179863199013537,4.129822299299525,3.719966438959387,3.2583129432184164,1.9731083177180164,2.307940991247302,3.0550482466488766,2.927058593647154,3.005121006971929,2.490225178495791,2.4391713902802814,2.3880699450319027,2.440207739881913,2.311546497204092,2.079332370085812,2.0796489884210203,2.5457517541405354,2.339209980177586,1.8734294674837775,1.9255099442092378,1.413793278901929,1.212155571756563,1.3139951026013603,1.0326796930228404,0.7106633725296919,0.9302439536775661,0
2018-02-07,4.3283094686398655,3.9964276360783084,3.9463689808895768,4.178535001406855,4.1285173225021685,3.7188597488888417,3.257415205736483,1.9728292365950812,2.307496395828881,3.054244005104805,2.9263133412029623,3.004336646123571,2.4896866696342372,2.4386569380729317,2.3875780139117744,2.4396885623534676,2.311098056726732,2.0790296906408097,2.079332370085812,2.545179324152693,2.3387406300677185,1.873191648459028,1.9252358885793748,1.413741038489563,1.2122102212124124,1.3139970627971527,1.0328162391444249,0.7109520855507871,0.9304247804115185,0.7937972144119223,1
2018-02-08,3.9951979596202944,3.945155431874184,4.177204107496207,4.127213647793866,3.7177503104112204,3.2565268796768243,1.9725506690061956,2.3070550003171486,3.0534390316146562,2.9255710716810976,3.0035542844705105,2.489149629614121,2.4381432359004687,2.387088697650072,2.4391713902802814,2.310642019049555,2.078700627047407,2.0790296906408097,2.5446161551227084,2.3382769527163942,1.872965600903879,1.9249714630944235,1.4137251898919965,1.2122522789611192,1.3140025868882381,1.0329530438629595,0.7112435430232499,0.9306078289205806,0.7940435430781363,1.0052795238440322,1
2018-02-09,3.9439500351557455,4.1758803507927444,4.125907412694733,3.7166428188899516,3.255637421808903,1.972268909643443,2.306615448556071,3.0526355501586826,2.9248282323412464,3.002774831735322,2.4886146626868535,2.4376309279631765,2.3865998021666996,2.4386569380729317,2.3101879493590136,2.078358241102512,2.078700627047407,2.5440633037673743,2.337823361772977,1.8727466169847213,1.9247183819220834,1.4137234632918478,1.212338089167082,1.3139970273768216,1.033094135391283,0.7115345638738303,0.9307935224885996,0.7942921656888217,1.0054243293812841,1.3929719666525149,1
2018-02-10,4.174565695246217,4.12460814658862,3.7155338542829472,3.254750636373047,1.9719905090246896,2.3061759818521224,3.0518368798596374,2.9240871794963494,3.0019947119052923,2.488083098040492,2.4371207005084887,2.3861122263122314,2.4381432359004687,2.3097363370157815,2.0780177557007318,2.078358241102512,2.5434954864060573,2.337381697933346,1.8725395767360804,1.924472209843796,1.4137372985388428,1.2124397898596757,1.3140315034566847,1.033219981518364,0.7118306983017622,0.9309792540872247,0.7945434950401762,1.0055713170058578,1.392930658514469,1.693353363094455,0
2018-02-11,4.123317770781668,3.7144305129556248,3.253863601069687,1.9717167960483146,2.3057387063485852,3.051045604471484,2.9233504261866083,3.001216201893749,2.487551514811654,2.4366139246710095,2.385626738330123,2.4376309279631765,2.3092846515660455,2.077679255112911,2.0780177557007318,2.5429257969965975,2.3369199933577685,1.8723480848067806,1.9242377750735133,1.4137595687497213,1.2125587128867774,1.314080976998225,1.033396120381835,0.7121068276504823,0.9311695347973632,0.7947945678586177,1.0057209157690292,1.3928913274055934,1.6931678553808953,1.5114174465148698,1
2018-02-12,3.713334375065274,3.2529806751185046,1.9714462310328538,2.3053055945327454,3.0502539157634296,2.9226198074681453,3.0004422983904258,2.487022719244415,2.436107195102291,2.3851447513015267,2.4371207005084887,2.308834173835814,2.077339199764084,2.077679255112911,2.542358143017295,2.3364513277103374,1.8721251339991176,1.9240184862652878,1.4137956137888692,1.2126866716286404,1.314146834386462,1.0335897211182885,0.7124449804103915,0.9313430600424922,0.7950505400891562,1.0058707145508592,1.392854432176208,1.692984165818882,1.5113192780382012,1.71934420832011,0
2018-02-13,3.25210305488433,1.9711755700153946,2.304874747242431,3.0494652219210905,2.921889224485008,2.9996752856701487,2.4864964836983106,2.435603370979482,2.384662875392927,2.4366139246710095,2.3083857950625744,2.0770000164065614,2.077339199764084,2.5417934189186515,2.3359846375432674,1.871883771816251,1.92376900726119,1.4138507774647169,1.2128292073917666,1.3142214241313614,1.0338020196108486,0.7128034134890875,0.9315705997184388,0.7952877401839238,1.0060248698049052,1.3928185739224572,1.6928027763468274,1.5112230239425606,1.7191462235727089,1.589389982191835,1
2018-02-14,1.9709049432705978,2.3044448973422034,3.048676821863794,2.9211618378886173,2.998908039252061,2.4859720976567954,2.4351019022290994,2.3841840227145488,2.436107195102291,2.307940991247302,2.0766629652599287,2.0770000164065614,2.5412301033680067,2.3355204572272115,1.8716442502267034,1.9235023891378162,1.4138632246081193,1.2129924258750622,1.3143101858182307,1.034023887613753,0.713183190646869,0.9318164954524192,0.7955839249846058,1.006163378613045,1.3927860768156424,1.6926230723188258,1.5111291521822945,1.718950043229785,1.5892543826136414,1.8752892796740395,1
2018-02-15,2.3040164522901683,3.0478918583020076,2.9204350848601104,2.998143868308101,2.4854492741383747,2.434601778855461,2.383707320759888,2.435603370979482,2.307496395828881,2.0763297110846284,2.0766629652599287,2.5406683312650657,2.33505636843293,1.8714062934214706,1.9232376265952105,1.413845971013343,1.2131079960764661,1.314418840418039,1.0342610454243564,0.7135734947332132,0.9320819285195681,0.7958996600159699,1.0063531685699334,1.3927436633230024,1.692445958266686,1.5110365730997604,1.718756151227475,1.5891206561752698,1.875016432723589,1.9012801248996947,0
2018-02-16,3.0471113570261332,2.9197113477916963,2.997380127062321,2.4849303321782075,2.434103397627007,2.3832314600541253,2.4351019022290994,2.3070550003171486,2.075996957136744,2.0763297110846284,2.5401086248652196,2.3345935246612863,1.8711654648290075,1.9229745338443307,1.413830425020756,1.2131889198992236,1.3144823370962508,1.0345202757173053,0.7139803670842918,0.9323572348492418,0.7962360536248834,1.0065606578786124,1.3927384087061705,1.6922633674392442,1.5109470510783267,1.7185640007786922,1.5889892768242373,1.874745307695203,1.9009948009154023,1.8752892796740395,1
2018-02-17,2.9189915458647597,2.996619654097883,2.484413179047587,2.4336089785652186,2.3827575211156384,2.434601778855461,2.306615448556071,2.075667933124948,2.075996957136744,2.539552271409975,2.334132776151757,1.8709252098027813,1.9227088985627767,1.413815512029222,1.2132714930634592,1.31451368477059,1.0347274756356053,0.7144118046015614,0.932648236592132,0.7965827261534564,1.0067870679193462,1.3927474603830496,1.6921069936491882,1.5108493632848041,1.718374373579309,1.5888593584793598,1.8744764005113597,1.900711185106106,1.875016432723589,2.03123435102797,0
2018-02-18,2.995863432561584,2.4838976120566385,2.4331164842461144,2.3822876249522293,2.434103397627007,2.3061759818521224,2.0753398319446186,2.075667933124948,2.538995834521018,2.3336755779320435,1.8706871165464658,1.9224439114537264,1.4137948055924068,1.2133542910334383,1.3145467112060203,1.0348956347396714,0.714783352002415,0.9329621016506094,0.7969456357762041,1.0070231281413164,1.3927722469483685,1.691962297235145,1.510784519814598,1.7181796537470213,1.588732297016195,1.8742095715378904,1.9004297753920072,1.874745307695203,2.0308866418744698,1.8233075892227302,1
2018-02-19,2.4833841879160907,2.4326254078525147,2.381819789444641,2.4336089785652186,2.3057387063485852,2.0750095472461134,2.0753398319446186,2.5384420675093486,2.333218555683563,1.8704530176066965,1.9221810787248315,1.413774010703121,1.213430015639126,1.3145801685714913,1.0350653914178172,0.7151079767091112,0.9332214427390023,0.7973324648621737,1.0072745858922165,1.3928055310825107,1.6918308673401643,1.510732946011261,1.7180102041969867,1.5885982222081356,1.8739448654550448,1.900150499997757,1.8744764005113597,2.0305405721606213,1.8230596963399626,1.8752892796740395,0
2018-02-20,2.4321362634515418,2.38135320364839,2.4331164842461144,2.3053055945327454,2.0746822620474266,2.0750095472461134,2.537891065167522,2.3327646744496153,1.8702196782992888,1.9219221909761794,1.413755443156738,1.213505361775403,1.3146071988868282,1.0352350102008583,0.7154341061396422,0.9334392423941353,0.7976614398133887,1.0075483261559648,1.3928526736423756,1.69170704197796,1.5106961337764488,1.7178522045528426,1.5884941514579938,1.8736773715936836,1.8998732807676677,1.8742095715378904,2.030196649795245,1.8228135528733975,1.875016432723589,1.745335053545765,0
2018-02-21,2.3808883389869924,2.4326254078525147,2.304874747242431,2.074359503274293,2.0746822620474266,2.537342416458131,2.3323127392906766,1.8699905400652144,1.9216639980086525,1.4137413077125893,1.2135829639807778,1.3146339971811256,1.0353964183510005,0.7157594471331558,0.9336586101655167,0.7979455337867589,1.0077693737928037,1.3929190978338761,1.6915958825550654,1.5106674669711981,1.7177072578492665,1.5884026679643541,1.8734294674837775,1.8995936579014607,1.8739448654550448,2.029855142297089,1.822569650750065,1.874745307695203,1.7451245917645222,1.56339913696618,0
2018-02-22,2.4321362634515418,2.3044448973422034,2.0740396206358005,2.074359503274293,2.5367951506497435,2.3318611412527903,1.8697615060677726,1.9214098883301478,1.4137285073582493,1.2136651900733983,1.3146630370388008,1.0355571903379563,0.7160745376835539,0.9338776336497271,0.7982311565358223,1.0079507164978148,1.3929422915496543,1.6915016797020057,1.5106521883740502,1.7175698384074973,1.5883253053037554,1.873191648459028,1.899332678031576,1.8736773715936836,2.0295153573307814,1.822327714618158,1.8744764005113597,1.7449159206406881,1.563276014421828,1.3601195382872868,1
2018-02-23,2.3040164522901683,2.0737199784236435,2.0740396206358005,2.5362516857911968,2.3314116446042696,1.8695282720407724,1.9211560875369842,1.413720953236328,1.2137490033520397,1.3146966039390249,1.0357202439185937,0.716388529870022,0.9340877993472774,0.7985161593637616,1.0081336489534567,1.3929352691363774,1.6913715775818652,1.5106552745972304,1.717444981723782,1.5882558562598104,1.872965600903879,1.8990815557767258,1.8734294674837775,2.029175089440346,1.8220880348297999,1.8742095715378904,1.7447095261081225,1.5631547787643667,1.3600940011200169,1.508441494736532,0
2018-02-24,2.0734007921996964,2.0737199784236435,2.5357098738490604,2.33096627133924,1.8692987560019523,1.9208985908421077,1.4137116874007243,1.2138385207260527,1.3147316307255352,1.0358880917965354,0.7167048494311828,0.934297182243024,0.7987914401395066,1.0083163887001256,1.3929299482538744,1.6912186111907737,1.510618021164612,1.7173368804312594,1.5881994858801995,1.8727466169847213,1.8988419914129813,1.873191648459028,2.028848730770569,1.82184479897813,1.8739448654550448,1.7445049292385586,1.5630359019435898,1.3600704583582113,1.5083447548802387,1.3929043904549283,0
2018-02-25,2.0734007921996964,2.5351698162607628,2.3305230946431674,1.8690740888223358,1.920644632513321,1.413693748157124,1.213925530855459,1.3147721304027038,1.0360577508599116,0.7170262689379145,0.9345088612570162,0.7990657422794585,1.0084907459419734,1.3929252178339218,1.6910674329369293,1.5105534505652956,1.7171935142129013,1.5881608767849913,1.8725395767360804,1.8986094134142586,1.872965600903879,2.0285310923652142,1.8216230463881808,1.8736773715936836,1.7443027888919316,1.5629184300194934,1.3600493663270692,1.5082499309790116,1.3928631147571706,1.364535382891126,1
2018-02-26,2.53463211238064,2.3300809994442657,1.868852841429907,1.9203954424353251,1.4136811207783235,1.2140019078806936,1.314810524550448,1.0362335208515594,0.717349901396461,0.9347254315388168,0.799342359935024,1.0086644280761634,1.3929145605868574,1.690917451941461,1.5104906156471543,1.7170279198515561,1.5880838310577206,1.8723480848067806,1.8983886759047968,1.8727466169847213,2.0282239439584924,1.8214118338236334,1.8734294674837775,1.7440959400547984,1.562803881703572,1.3600292403491854,1.5081574907584603,1.3928238161243247,1.3645077258758063,1.3992903411268716,0
2018-02-27,2.329640414522443,1.8686311616071456,1.9201495362313805,1.413674057537475,1.214084295015681,1.3148392751717748,1.036406076731729,0.717680374480644,0.9349439404711571,0.7996239983612609,1.008840395661487,1.3929037846643237,1.6907634467608157,1.5104286104614506,1.7168641211211828,1.5879813765476434,1.8721251339991176,1.898183285536034,1.8725395767360804,2.027923395561946,1.8212128198856752,1.873191648459028,1.7439134147447852,1.5626819359003583,1.360012559860487,1.5080663367911054,1.3927869534015183,1.364482060930324,1.3992459998218991,1.3744586875982807,0
2018-02-28,1.8684090943414993,1.91990336581127,1.4136716201090336,1.214172559637702,1.3148736833136723,1.0365662582249415,0.7180063656136698,0.935168791836833,0.799907745666048,1.0090211832976657,1.3928952390782827,1.6906097540244742,1.5103614286926235,1.7167015721528909,1.587880680199915,1.871883771816251,1.8979470706301538,1.8723480848067806,2.0276341717483795,1.821021024125647,1.872965600903879,1.7437421118705403,1.5625909409101952,1.3599854774299718,1.5079782475250312,1.3927511275084614,1.3644588447192916,1.3992036322041834,1.3744262668514404,1.2634205986252376,1
2018-03-01,1.9196570188060484,1.4136672576018479,1.214265978407267,1.3149138107123193,1.0367330702515885,0.7183168591869092,0.9353900268539939,0.8001981445762092,1.009203815971624,1.3928911455806121,1.6904582489221864,1.5102942982461667,1.7165351636277004,1.5877809710957407,1.8716442502267034,1.8976930804770338,1.8721251339991176,2.0273592891823022,1.820841378398648,1.8727466169847213,1.7435836483583687,1.5625127606466565,1.359996750573753,1.5078819485025634,1.3927186629358297,1.364436604094517,1.3991636976096933,1.3743958329258066,1.263441482262375,1.3251852432194837,0
2018-03-02,1.413660636605321,1.2143568181991555,1.314958825467819,1.0369060381907562,0.718635096088358,0.9355978966209171,0.8004843899554605,1.0093926210572643,1.3928884134439865,1.6903109108135064,1.5102293812979064,1.7163691048499468,1.5876765792932774,1.8714062934214706,1.897440938410957,1.871883771816251,2.0270567537853346,1.8206776833482738,1.8725395767360804,1.7434326348370348,1.5624489147946532,1.3600226175334793,1.507818602206875,1.3926762809786022,1.364417797622102,1.3991248136310503,1.3743678432487223,1.2634644114509468,1.3251764764334004,1.2778741076552245,0
2018-03-03,1.214444579834279,1.3150015914416417,1.0370846297282377,0.7189599882875647,0.9358127499684936,0.8007559467992921,1.0095781052048007,1.3928909752542038,1.690164559316516,1.5101688040203158,1.7162052300113693,1.5875723507225843,1.8711654648290075,1.8971904136329008,1.8716442502267034,2.0267396237809465,1.820481260737046,1.8723480848067806,1.7432940808924986,1.562393059830273,1.3600644893448635,1.5077685516233843,1.3926710603587464,1.3643886544736634,1.399089274578141,1.3743408505804937,1.2634898350836203,1.3251697225302164,1.2778880528138425,1.271792249872421,1
2018-03-04,1.3150416931619657,1.0372600612678995,0.7192913460941502,0.9360339176644258,0.8010349587138021,1.0097509518106447,1.3928917424475473,1.690022821137948,1.5101094403337425,1.716045497498248,1.5874703245654551,1.8709252098027813,1.896937181695892,1.8714062934214706,2.0264243793322247,1.8202651544946866,1.8721251339991176,1.7431720811605131,1.5623503867114832,1.3601149563955752,1.5077332870631568,1.3926801466240233,1.364397706045824,1.399043912524423,1.3743172665884609,1.2635160160142527,1.3251654351499906,1.2779040358791502,1.2718091146569583,1.5374082917405247,0
2018-03-05,1.0374316863375022,0.7196185017825079,0.936260976095942,0.80132049656569,1.0099305227126543,1.3928836320107034,1.6898804709255328,1.510055102210681,1.715886719171198,1.5873725640745404,1.8706871165464658,1.8966845606282539,1.8711654648290075,2.0261110146900507,1.8200508738581969,1.871883771816251,1.7430154508439375,1.5623256760557376,1.3601794122931177,1.507706176780016,1.3927049683330452,1.3644213127867564,1.3990354791903403,1.3742834925859724,1.2635458906898742,1.325162038406279,1.2779225068547484,1.2718280205649988,1.5372976462300145,1.4058114441939884,0
2018-03-06,0.7199405446947265,0.936484543904693,0.8016122819115546,1.010116291604776,1.3928809062035685,1.6897321562360994,1.5099994357832924,1.7157324952704147,1.5872759198977884,1.8704530176066965,1.8964340976356486,1.8709252098027813,2.025795766030315,1.8198380529986111,1.8716442502267034,1.7428372285123388,1.5622618944266844,1.3602634041120993,1.507692466519232,1.392738287811794,1.3644608880923603,1.3990412968519814,1.3742875518329734,1.2635639342218872,1.3251621768387907,1.2779417663307846,1.2718494171326769,1.5371889013534636,1.4057639724012247,1.3109942417262768,0
2018-03-07,0.9367038908024308,0.8019001350892868,1.0103077550418689,1.3928837771888536,1.6895881882121628,1.5099360404314257,1.7155777616601386,1.5871841246080811,1.8702196782992888,1.8961876042914378,1.8706871165464658,2.0254813147556163,1.8196220310952387,1.8714062934214706,1.7426608093054363,1.5621720678868607,1.3603033636480242,1.5076971441137308,1.3927854659845371,1.364509045508954,1.3990627974811316,1.374306079400653,1.2636238557306685,1.3251513970036886,1.2779646824452238,1.2718715890711758,1.5370825270629422,1.4057184708465793,1.3109922874006708,1.176681350853659,0
2018-03-08,0.8021832138754352,1.0104959706733467,1.3928913290449572,1.6894493511768738,1.5098776204223727,1.715417315636767,1.5870913079871096,1.8699905400652144,1.8959418381539708,1.8704530176066965,2.025169003081563,1.819406508151837,1.8711654648290075,1.742485692364321,1.5620839920156615,1.3603123029891484,1.507661409420358,1.39285192631198,1.364571174241883,1.3990927768945312,1.3743404939887351,1.2636992173579855,1.3251802452764567,1.277975981037642,1.27189743326207,1.536977501559627,1.4056753993672475,1.310992353463864,1.176743874095836,1.0588050705017458,1
2018-03-09,1.0106802697670079,1.3928968876787573,1.689314409624751,1.5098246135314108,1.7152611264678472,1.5869915186334287,1.8697615060677726,1.895700214197681,1.8702196782992888,2.0248605377151456,1.8191931543681008,1.8709252098027813,1.742306880494585,1.5619968508843107,1.360322934388978,1.5075982847236362,1.3928751545144133,1.3646528047159998,1.3991365896502905,1.3743834611857508,1.2637913784557488,1.3252239931077616,1.2780286311162994,1.2719115700416224,1.5368754663909494,1.4056333925816311,1.3109948924651578,1.17680848876754,1.0589241808355043,1.120933586929152,0
2018-03-10,1.3929001024047325,1.6891784468927107,1.5097759778195943,1.7151100279833684,1.5868964351894257,1.8695282720407724,1.8954587968023784,1.8699905400652144,2.02455263742738,1.818983844237214,1.8706871165464658,1.7421284556754193,1.5619048624263927,1.3603340898866736,1.5075368948500574,1.39286816493386,1.3646905106816374,1.3991996351311575,1.3744403603044986,1.2638924222794816,1.3252840328615791,1.2780965948173573,1.2719672798481145,1.5367656495925812,1.405594713980078,1.3109982914671923,1.1768756370944353,1.0590454449458713,1.1210228721612157,0.9828338299071566,1
2018-03-11,1.689041358715577,1.509725732178275,1.7149627570254877,1.586806643950895,1.8692987560019523,1.89521343144144,1.8697615060677726,2.0242485848600147,1.8187753585899256,1.8704530176066965,1.741952211100552,1.5618129998971118,1.3603391104671148,1.5074763286972415,1.3928628768645956,1.3646973045306157,1.3992196043446588,1.3745166843544285,1.2640078388359084,1.3253527717146338,1.2781812392178606,1.272038356505016,1.5366877303623965,1.405546308759044,1.3110052620780992,1.1769433554651405,1.0591692959982344,1.1211142783088943,0.9829894106108341,1.072489250513053,0
2018-03-12,1.5096736230896544,1.7148145489947728,1.5867210200218043,1.8690740888223358,1.8949716942576367,1.8695282720407724,2.0239452504754074,1.8185711918002816,1.8702196782992888,1.7417800841829894,1.5617233434762723,1.3603439652209262,1.507410567111365,1.3928581791213719,1.3647057917114829,1.399209512071814,1.3745493260873667,1.2641435397989114,1.325435638100446,1.2782747233739473,1.2721261638387307,1.5366228533289588,1.405534594716783,1.3110011046796428,1.1770149902670584,1.059293462621108,1.1212082433129347,0.9831471852738021,1.072601791688494,0.9943243825814184,0
2018-03-13,1.7146653209478517,1.5866340384844617,1.868852841429907,1.8947347656288305,1.8692987560019523,2.0236392284447784,1.8183669245985616,1.8699905400652144,1.7416088790258797,1.5616379773897988,1.3603510549815556,1.50734485257665,1.3928475541230032,1.3647148119105958,1.3992011231514665,1.374551298577302,1.2642328484122545,1.3255383108119094,1.2783825228836316,1.2722228290094355,1.536572524285551,1.405537074597992,1.3110370923173593,1.1770735119269427,1.0594218482997202,1.121302658011573,0.983307581222102,1.0727164794027118,0.9944744471884346,0.9648585613490932,0
2018-03-14,1.5865455097864785,1.8686311616071456,1.8945011888306438,1.8690740888223358,2.023336385536058,1.8181579532394376,1.8697615060677726,1.7414421694028814,1.5615537600431064,1.3603626280110983,1.5072813519631951,1.3928368103521775,1.3647177251627987,1.39919333745732,1.3745549672602306,1.264288770116707,1.3255960986222484,1.2785104949244495,1.272333833678152,1.5365302634007356,1.405555183859865,1.3110881037122992,1.1771770711695004,1.0595353786352808,1.121401132263014,0.9834681287329187,1.0728337478728953,0.994626699677162,0.9650227711693755,0.7366355485071394,0
2018-03-15,1.8684090943414993,1.894267263709208,1.868852841429907,2.023038149661304,1.8179528794905844,1.8695282720407724,1.7412750523947442,1.5614744504756144,1.360375603387668,1.5072221938449126,1.3928282969274512,1.3647204789261742,1.3991796649571966,1.3745591890073197,1.2643463559994628,1.3256220112181905,1.2785924273727738,1.2724650579538042,1.5365012875427666,1.405581752518702,1.3111555236436099,1.177296829666633,1.0596982403720694,1.1214856694253916,0.9836330903409243,1.0729513614552275,0.9947815682568361,0.9651891844564211,0.7369093179138811,0.7245939899140932,0
2018-03-16,1.894033056573774,1.8686311616071456,2.0227429258343275,1.817752735209347,1.8692987560019523,1.7411024750374346,1.561394017252504,1.3603939471507658,1.507164253030381,1.3928242356552316,1.364725467068608,1.399165882849996,1.3745573666625748,1.2644042706400487,1.3256496058005227,1.2786413266629681,1.2725500942011114,1.536490475326484,1.4056221286317214,1.311231684864107,1.1774341004097222,1.0598783330086787,1.1216172748655275,0.9837820737576487,1.073073158961816,0.9949366132050254,0.9653582271546458,0.7371854114990227,0.7248735399306138,0.7037779219728663,0
2018-03-17,1.8684090943414993,2.022447774219519,1.8175561466284345,1.8690740888223358,1.7409340647235314,1.5613063592327612,1.3604103669590055,1.5071113445225133,1.392821535828364,1.3647349342888362,1.3991543301810632,1.3745553990713393,1.2644554378638708,1.3256776539104904,1.2786918942987262,1.272601948436345,1.5364399577956482,1.405681686994127,1.3113220299543271,1.1775805117551865,1.060076906533791,1.1217655674609035,0.9839831559408546,1.0731803033763254,0.9950960427506346,0.9655273826100746,0.7374642376651682,0.7251554204945511,0.7040674648457905,0.5701745811749096,1
2018-03-18,2.022152867735147,1.8173589574030218,1.868852841429907,1.740770704789863,1.5612234969337413,1.3604175905282592,1.5070570959941803,1.3928241301014594,1.3647457983469788,1.3991472236036724,1.3745556644484578,1.2645063004747559,1.325699345826335,1.278742819889625,1.2726554692636107,1.5363627592260782,1.405698328245386,1.3114322912137375,1.177741640180151,1.0602849711083053,1.1219318304067492,0.9842021339190488,1.0733362807254854,0.9952396639343167,0.965700998310714,0.7377426838968336,0.725440039082964,0.704359349276159,0.570528260992593,0.6245500284715023,1
2018-03-19,1.8171611698769505,1.8686311616071456,1.7406111044262242,1.5611459671444003,1.3604303122483836,1.5069950896800492,1.3928249294916377,1.3647620207858722,1.3991414705046592,1.3745603994850701,1.264559411839251,1.3257208217764085,1.2787870896135456,1.2727093357601502,1.536287303831408,1.4056850676148038,1.3114973212217031,1.1779237244051735,1.060508220720271,1.1221073996934718,0.9844402170756856,1.0735093692114464,0.9954349653240361,0.9658583701471897,0.7380261762921051,0.7257242517413772,0.7046539811410536,0.5708843530331532,0.6248776050866859,0.8592551581127345,0
2018-03-20,1.8684090943414993,1.7404506510968352,1.5610726726210675,1.360448681705444,1.506938068992097,1.3928168505962617,1.3647763366548153,1.3991409970358064,1.374566518979496,1.264617098250518,1.325744537699585,1.2788310754688013,1.2727565078666945,1.5362127306728806,1.4056735122168955,1.3115301286894037,1.1780572992934977,1.0607533385377892,1.1222979073731711,0.984688017144768,1.073700826136833,0.9956480619442026,0.9660684955259968,0.7382900517072297,0.7260135414777668,0.7049481621378703,0.5712432529045733,0.6252075651645034,0.8594700633692185,0.7571839107425422,0
2018-03-21,1.7402892831801264,1.5609979363823996,1.360471817930426,1.5068864660370669,1.3928141565641041,1.364781499110433,1.39913875382513,1.3745779743696476,1.2646763076483243,1.3257727700481372,1.2788773080229456,1.2728033873756408,1.5361331455595082,1.405662573218368,1.3115646140519208,1.1781553643230773,1.0609470700907593,1.1225098023609974,0.9849513038501131,1.0739017334284566,0.9958801693197594,0.9662966740181287,0.7386149940268326,0.7262830362608363,0.7052474736538874,0.5716014134827732,0.6255403084923759,0.859687227948181,0.7574478158063288,0.7152242902102449,0
2018-03-22,1.5609215475542038,1.3604928546217507,1.5068392420422099,1.3928170594291565,1.3647921444580247,1.3991276942610056,1.3745875622572876,1.2647411045409236,1.32580244832699,1.278928101905903,1.2728525144480767,1.5360536490716392,1.405645788719098,1.3115995242750502,1.1782550685221533,1.06110240675383,1.1226718274135885,0.9852370468061814,1.0741177714326,0.9961219594462661,0.9665441053995901,0.7389599868521576,0.7266140365800373,0.7055266825569378,0.5719650475808816,0.6258724299136597,0.859907069677087,0.7577140341800827,0.7155083381974654,0.6348579976879971,0
2018-03-23,1.360511414143137,1.5067903984875892,1.3928246433417157,1.3648084306948676,1.3991219974935256,1.3745880929696075,1.264803596780905,1.3258375741493171,1.278980400743513,1.2729062086216734,1.5359763623870895,1.4056289039721068,1.3116279884170166,1.1783549262584432,1.061259348600108,1.122796978176565,0.985469549318241,1.0743555717217412,0.9963791905926024,0.9668013071340995,0.7393261079782151,0.726965192791868,0.7058681552523056,0.5723066044204406,0.6262098852564196,0.8601267961847914,0.7579829758458081,0.7157947216879209,0.6351806259115591,0.5839965126659127,0
2018-03-24,1.5067396794140586,1.3928302338132923,1.3648294721538115,1.399121887720512,1.3745940722840446,1.2648559549780756,1.325870638482622,1.2790382543259884,1.2729614153375175,1.5359033907050574,1.405614247736339,1.311656216225701,1.1784474871640171,1.0614162058635443,1.1229237520357482,0.9856617975383629,1.0745423197269997,0.9966587890485841,0.9670740668650284,0.739702677965975,0.7273375762553478,0.7062299660211241,0.5727152917524022,0.6265260670049411,0.8603512540539966,0.7582515819372039,0.716083847438491,0.6355056321456677,0.5843435571969993,0.5790348603123351,1
2018-03-25,1.3928334801029285,1.3648484283688915,1.3991264422980765,1.374605677099587,1.2649141454681103,1.3258941677778218,1.2790938601584194,1.2730221905789911,1.5358316001884245,1.4056040314028744,1.3116866860248915,1.1785396189649067,1.0615650196576352,1.123050566816947,0.9858556290375354,1.074691007763732,0.9968854275028218,0.9673694219818292,0.7400957119744462,0.72772044438017,0.706613175096608,0.5731454864452313,0.6269073985394514,0.8605579072500605,0.7585251814382646,0.7163725470315957,0.6358334169700408,0.5846930066402714,0.579384286709182,0.5806203018711,0
2018-03-26,1.3648649253264007,1.399129024099769,1.3746220111914125,1.2649781336468808,1.3259233159389183,1.279139472120787,1.2730806941265216,1.5357647763431477,1.4055951604121992,1.311721685718269,1.1786340118503211,1.0617132351661411,1.1231697316562366,0.9860492224855347,1.0748413049291177,0.9970720928972946,0.9676110979442161,0.7405131078983265,0.7281198243295797,0.7070069307197537,0.5735981773236195,0.6273097615445865,0.8608211607492365,0.7587794676621583,0.7166663477575667,0.6361606021408427,0.5850452576661015,0.5797361206425298,0.5809689671688826,0.470387929100052,0
2018-03-27,1.3991292876233983,1.3746362921514585,1.2650471414259854,1.3259581660098343,1.2791908664320966,1.2731291448210307,1.5356967265178982,1.4055915542756423,1.3117581490463341,1.1787330621075303,1.06186372851655,1.1232883873793509,0.9862342912557319,1.0749915451548622,0.9972603448837937,0.9678120796685653,0.7408712545807511,0.728543659400463,0.7074172808053548,0.5740618119533601,0.627734173907712,0.8611033915955915,0.7590940722859221,0.7169402150468831,0.6364930947694059,0.5853967992377299,0.5800907584013858,0.5813200391645948,0.4707895119937634,0.41438805397685585,1
2018-03-28,1.3746481541066828,1.2651137367510283,1.3259978741890959,1.2792480360189726,1.2731833988802663,1.5356211998320934,1.4055862040704423,1.3118000920729909,1.1788337435652945,1.0620189911162219,1.123409312112133,0.9864186527032853,1.0751338285880498,0.9974483820310077,0.9680146394893053,0.7411831212491,0.7289079513395919,0.7078522471364039,0.574542571438485,0.6281693683635952,0.8614057431220572,0.7594285475775293,0.7172759291775563,0.6368044661546055,0.5857537788441343,0.5804446759947413,0.5816739142691052,0.47119355988947287,0.4148165198876823,0.41460897616127396,0
2018-03-29,1.2651774626579595,1.326035369786369,1.279310187415535,1.273243437646253,1.5355505586780571,1.4055721007546331,1.3118399177415276,1.1789402090586425,1.0621760319763556,1.1235349471274283,0.986605302792869,1.0752755333757522,0.9976279672825813,0.9682169249473094,0.7414965002121938,0.7292256685465592,0.7082271622917952,0.5750489813077491,0.6286214718093566,0.8617181789612464,0.7597839823147112,0.7176318812038384,0.6371806118427085,0.5860888854789162,0.5808040443609545,0.5820270726307931,0.471600460725303,0.41524748041994125,0.41503733601731274,0.24179324717137107,0
2018-03-30,1.3260702465067364,1.2793699731299852,1.2733084741237628,1.5354852903379057,1.4055633377018764,1.311870070745058,1.1790440284123052,1.062339123965666,1.1236622828929874,0.986796794236723,1.0754195140600047,0.9978068617032264,0.9684105718705942,0.7418091437827637,0.7295448945764288,0.7085549932401386,0.5754920792336173,0.6290988047534204,0.8620465920326166,0.7601498048231672,0.7180091374768168,0.6375776987867855,0.5864906191217213,0.5811414664227615,0.5823856776950245,0.47200640684680756,0.41568131920745993,0.4154681903779339,0.2423045680731258,0.2367354286904586,1
2018-03-31,1.2794269480553275,1.2733711252381028,1.5354243252203308,1.405560151531262,1.3119058916513153,1.1791368725102276,1.0624991057436477,1.1237955290119148,0.9869901587211207,1.0755682510057383,0.9979880431323964,0.9686034856723882,0.7421117032341675,0.7298633608888079,0.7088843270096603,0.5758848230002522,0.6295141528594079,0.862398417898799,0.7605320097772335,0.7183969062673222,0.637996750383622,0.5869137391567828,0.5815456962281464,0.582722359887536,0.47241808267112884,0.4161140823871794,0.41590192289394545,0.24281847488509825,0.2372491776229989,0.24398167633937123,0
2018-04-01,1.2734309408929751,1.5353618342803375,1.405561612660921,1.3119474364734887,1.1792358486274153,1.0626469690803793,1.1239259095156495,0.9871897464764663,1.0757187491398454,0.9981740550100469,0.9687986906715897,0.7424132020089971,0.7301716668097397,0.7092128590114738,0.5762790310673238,0.6298804776494754,0.8626939872186532,0.7609384175948742,0.7188012240792577,0.6384265534275497,0.5873592417963599,0.5819713558498342,0.5831257920715621,0.47280620639899157,0.41655271903855196,0.4163345802790883,0.24333533797503185,0.23776551514093652,0.24449194667487653,0.17309944323996518,1
2018-04-02,1.535297585321929,1.405561122117176,1.3119938765082941,1.1793407569405663,1.0628013717564102,1.1240447741117356,0.9873859249263953,1.0758752673964096,0.9983619255928753,0.9689987540855554,0.7427170244255844,0.7304788947715554,0.709531098771052,0.5766721674766392,0.6302482824176006,0.8629462776489398,0.7612860776812482,0.7192300695375674,0.6388732245396697,0.5878156470945879,0.5824194388481722,0.5835506401962137,0.47326509549623885,0.4169669759202551,0.4167731105687093,0.2438507528565901,0.23828481122325781,0.24500480176309633,0.17364374094216317,0.21366335538364487,1
2018-04-03,1.405558339747476,1.3120380580386435,1.179450911645507,1.0629618894200707,1.1241699633627982,0.9875692481522282,1.0760287293154174,0.9985559934104296,0.9692007129656224,0.7430259218655091,0.7307884480869657,0.7098482306954347,0.5770541653885187,0.6306151253709719,0.8632001157278649,0.7615879606763146,0.7195991431841037,0.6393450453626425,0.5882891223764082,0.5828784392561891,0.5839978986692274,0.4737463652803945,0.41745403804995224,0.4171872643538712,0.24437248431354916,0.23880264817830008,0.24552061213998239,0.17419066088808177,0.21418818017912636,0.3627364472599116,0
2018-04-04,1.312079563127915,1.1795583732058164,1.0631279616789457,1.124301171258316,0.9877593732350454,1.0761702055048308,0.9987466971601643,0.9694089358464519,0.7433369994976464,0.7311030878544681,0.7101676909326394,0.5774348637121761,0.6309711742457279,0.8634534661162482,0.7618913618906645,0.7199214127743475,0.6397551329272769,0.5887881410555659,0.5833545293451001,0.5844560698383909,0.4742509512420232,0.4179639709736832,0.4176742153396085,0.24486728506483016,0.23932681469371278,0.24603497903291088,0.17474056816548073,0.2147156057632781,0.3631897087800914,0.21611429208842423,0
2018-04-05,1.1796626135001893,1.0632909593423334,1.124437771305667,0.9879557311146873,1.0763181737480279,0.9989246571232632,0.9696136786543417,0.7436548582566753,0.731419922836972,0.7104922573786588,0.5778179093418042,0.6313260015741471,0.8636975090687555,0.7621940692219202,0.7202451884860058,0.6401164494643418,0.5892241851340021,0.5838562012363513,0.5849313243943918,0.47476677762143693,0.4184976802511118,0.41818403518588365,0.24544117808624094,0.23982397574933673,0.24655565688287204,0.17528887893716336,0.21524600034170724,0.36364549224125353,0.21663794029961445,0.20096162932186734,0
2018-04-06,1.063450257588154,1.1245714978071033,0.9881578422265929,1.0764722357586902,0.9991093792378831,0.9698053919107261,0.7439683384428423,0.7317435662311033,0.7108190450093574,0.5782061879844139,0.6316831684784836,0.863940667333411,0.7624868225891265,0.7205681855525877,0.6404792489514756,0.5896102133460562,0.5842947774311372,0.5854321484808357,0.47530012500003155,0.4190427964343558,0.4187176295704392,0.24603945243977998,0.24040041331363932,0.24704943637194504,0.1758436826422875,0.21577488598447686,0.36410417730714906,0.21716418800312634,0.2014925516437872,0.1506173621197736,1
2018-04-07,1.1247017769081835,0.9883566328980059,1.0766318165854336,0.9993003163308383,0.9700039691374137,0.7442665757294039,0.7320627836454991,0.7111526882184108,0.5785968544923509,0.6320455167875615,0.8641861318081311,0.7627785447716156,0.7208809628792281,0.640841107446825,0.5899977098437097,0.5846832163227127,0.5858699155656304,0.47585989514792537,0.4196056559311152,0.4192626302040069,0.2466629214363677,0.24100127647575603,0.2476222284143656,0.17637054035337552,0.21631016042069778,0.3645616752588868,0.2176934035929524,0.20202608147256987,0.15117245245624458,0.18034049271983252,1
2018-04-08,0.9885514159832155,1.076788367099069,0.9994969766124583,0.9702088070353152,0.744572465608076,0.7323666413790744,0.7114818234961535,0.5789946793078794,0.6324101851243308,0.8644365549267823,0.7630725876746923,0.7211926487989729,0.6411922371551344,0.5903841626050774,0.5850731220693355,0.5862575841510205,0.47635391792607995,0.42019537165667564,0.4198253732740493,0.24729831046436976,0.2416273758432964,0.24821938263593016,0.1769789926084096,0.21681808839392322,0.3650251792877767,0.21822111553824233,0.20256258603753488,0.15173017692765065,0.18088131432040228,0.21290962087210086,0
2018-04-09,1.0769412737034465,0.9996903536373274,0.970419445164243,0.7448849700651665,0.7326781933142171,0.7117953972150798,0.5793874702039865,0.6327818885604128,0.8646890052600644,0.7633716860984656,0.7215066614043157,0.6415421601115295,0.5907595644183278,0.5854619740567153,0.586646720048575,0.4767951442589095,0.42071797326084964,0.4204149708628743,0.24795212799133645,0.24226541027918178,0.24884171351723414,0.17761242739910535,0.21740613331035877,0.36546354014080956,0.21875520998467818,0.2030975542461402,0.15229089889372063,0.18142475433475924,0.21343480750156374,0.19070564179582386,1
2018-04-10,0.9998797696861038,0.9706267046842193,0.7452038714731147,0.7329963785007173,0.7121167370652398,0.5797634038318882,0.6331487721498551,0.8649479588788266,0.7636729390787578,0.7218257693546192,0.6418944211784535,0.5911336864811623,0.5858397436684394,0.5870348053896126,0.47723780612151895,0.4211864078183875,0.4209374597222134,0.248634137693994,0.24292189329310424,0.2494759579237368,0.17827162132081092,0.21801880574983604,0.3659765877283121,0.21926199419274667,0.20363894385741912,0.1528499758193789,0.18197117840722898,0.2139625953183619,0.1912414875552976,0.1909031722195389,1
2018-04-11,0.970829883703374,0.7455186557362216,0.7333209921223531,0.7124447424463959,0.5801475652557206,0.6334993258140249,0.8652030166705651,0.7639809266258034,0.7221470842093596,0.6422518538667301,0.5915101538850315,0.5862162264085794,0.5874118183973194,0.47767919474889553,0.4216562617597264,0.4214057869420042,0.24924482086879088,0.24360660763208125,0.2501286221413424,0.17894293950110274,0.21865690398836662,0.3665129581612226,0.21984880606501625,0.2041527992753126,0.15341560339686885,0.18251602160608202,0.21449335247016843,0.1917799462462275,0.19143892315355543,0.3145546183805925,1
2018-04-12,0.7458284337379938,0.7336414496323359,0.7127792306891033,0.580538599390291,0.6338579193804376,0.8654440207498736,0.7642846164976215,0.7224752287063494,0.6426115937226977,0.5918918411833594,0.5865950551951064,0.5877875468089332,0.4781088128214885,0.42212472934134854,0.4218755336092926,0.2497971127255947,0.24421987200039125,0.2508094615953972,0.17963295888841913,0.21930700588868166,0.367073529392373,0.220460224009895,0.20474723431564967,0.15395295269714832,0.18306733914838408,0.2150225990591407,0.19232138430963136,0.1919772869145504,0.3150310098261078,0.5464735294136345,1
2018-04-13,0.7339568520357806,0.7131094954587944,0.5809364657103568,0.6342233013371584,0.8656922537107431,0.7645732627515717,0.7227989103356741,0.6429783453213492,0.5922758991030705,0.586979108585242,0.5881656210415466,0.4785369880879393,0.4225810716600991,0.4223438943631457,0.25035077420337226,0.2447746212602064,0.25141902793312415,0.180351702166577,0.21997564796103486,0.3676456610899361,0.22109704761337504,0.20536640804367726,0.1545727154845639,0.1835908177187221,0.21555823637663168,0.1928612638758769,0.19251862995872432,0.3155099486969216,0.5468385870384781,0.5707749696996218,0
2018-04-14,0.713434620683952,0.5813296762133542,0.6345953733074379,0.8659469111028468,0.7648694905930199,0.723107141415134,0.6433403176551997,0.592667084011525,0.5873655387868116,0.5885489183730113,0.47896752484610433,0.4230358907993764,0.4228001312534676,0.2509027006653261,0.2453307386827165,0.2519702565148326,0.18099744235296267,0.22067269994472305,0.3682357411531249,0.2217458675919871,0.20601111194656846,0.15521765756929692,0.18419562706702616,0.21606651609099764,0.19340759117505815,0.19305841493217193,0.31599181095340484,0.5472060694221504,0.5711283612978236,0.5554325737629178,1
2018-04-15,0.5817172052251678,0.6349629654210784,0.86620764484031,0.7651723011483811,0.7234230990730434,0.6436860600323298,0.5930532894166496,0.587759107219637,0.5889345905379473,0.47940338932568566,0.4234930793913511,0.4232548452813929,0.25144140863386516,0.24588511087218182,0.2525228553484864,0.18158310993514667,0.2212977388530207,0.3688530772474299,0.22241321801264488,0.20666785727356682,0.15588854353043755,0.18482535557781582,0.2166549402044726,0.19392623269826373,0.19360464713143416,0.3164723820799865,0.5475763703509106,0.5714841648013448,0.5557933305541961,0.6862964794740907,0
2018-04-16,0.6353250966113094,0.8664646582333304,0.765481454928137,0.7237457045119763,0.644039806692642,0.5934227716011631,0.5881476766154132,0.5893273973417175,0.4798417661622704,0.4239556488547418,0.42371192873060914,0.2519783457077436,0.24642623253156942,0.25307372358712854,0.18217012733239044,0.22186369796202998,0.36940203859399146,0.22310895937349173,0.20734319319728317,0.15657162058955293,0.18548078371664667,0.2172679984376228,0.19452582743348837,0.1941231964742029,0.3169590829812368,0.5479458808202207,0.571842775864316,0.5561565073656887,0.6865944143999768,0.6362978905134983,0
2018-04-17,0.866717162757419,0.7657865580581118,0.7240747628843879,0.6444003257586143,0.5938004338200933,0.5885194746715755,0.5897152113502242,0.48028752741109965,0.424420800539373,0.42417439284156205,0.25251767677052345,0.24696557603710664,0.2536113871940569,0.1827552709465168,0.22243101858155487,0.3698955687168143,0.22373274747732746,0.20804703734833688,0.1572734881074794,0.1861483145863717,0.21790648866360263,0.19515025061611377,0.19472269183365168,0.31741992858345247,0.5483209256573007,0.5722006489301957,0.5565224986722698,0.6868947001295856,0.6366198275093854,0.6197573166118914,1
2018-04-18,0.76608673827883,0.7243996348245428,0.6447675078865701,0.5941849473159847,0.5888994699070831,0.5900862693950162,0.4807278618866143,0.42489346352528706,0.42463943889813777,0.25306255251604726,0.24750731425056843,0.25414728304724843,0.1833267609546895,0.22299654736049562,0.3703905033311593,0.22429751576874182,0.2086785584214334,0.15800425353577266,0.1868345179168234,0.21855698479222505,0.19580028825167672,0.19534701391172832,0.31795721601480326,0.5486735429363784,0.5725639939746029,0.5568877188603365,0.68719774119633,0.6369441417542315,0.6200871939921153,0.7549071127007748,1
2018-04-19,0.724719413651046,0.6451302435147563,0.5945762568580685,0.5892863241136247,0.5904655191406798,0.4811503713449047,0.4253604792698329,0.42511199575541303,0.2536102258083722,0.24805460194719658,0.25468557257823266,0.18389638147602008,0.22354867946883622,0.37088394724517354,0.22486364627733005,0.2092506888195056,0.15866146716711643,0.18754938908974694,0.21922602408514205,0.19646239780247135,0.19599694881954596,0.31851824797567485,0.5490941540538644,0.5729052706341499,0.5572584504155618,0.6875002936557641,0.6372712339384285,0.6204194573699328,0.755172110752726,0.9707454877927042,1
2018-04-20,0.6454875600326296,0.5949629553112307,0.5896799873392676,0.5908516253988209,0.48158145341067166,0.4258091269002263,0.425578906241077,0.2541658014812285,0.24860469350065112,0.2552294047149025,0.18446840575181347,0.22409900030933494,0.3713649387305393,0.22542798989643353,0.20982417706591022,0.15925805794356981,0.1881914338983692,0.21992347912357466,0.19714313866530767,0.1966589550553359,0.3191038766665995,0.5495364799622227,0.573313655916056,0.5576068868266691,0.6878080215146173,0.6375977295775191,0.6207545061643843,0.7554394233188876,0.9709068715648215,1.3150955971028848,0
2018-04-21,0.5953440283402912,0.5900690234199468,0.5912445365307126,0.4820195629271158,0.42626654064497443,0.426027450755132,0.2547150504176098,0.2491626988950505,0.25577603166813645,0.18504603990827578,0.22465171913770107,0.37184433290391483,0.22597895236938348,0.21039584781316983,0.15985599205301115,0.1887735833280406,0.2205489026907206,0.1978524671405734,0.19733959181898994,0.3197012090688599,0.550001496818369,0.5737435433042699,0.5580229907296905,0.6880953883863269,0.637929528977725,0.6210889227056601,0.7557094602062634,0.9710704556899908,1.3150916739013385,1.1816014178548757,0
2018-04-22,0.5904524139501499,0.5916328256481727,0.4824647655347083,0.4267310686798425,0.4264847606201478,0.25524425738415263,0.2497143576406555,0.2563305560431822,0.18562655731244826,0.22521000934715177,0.372326103872818,0.22652810709217708,0.21095404143598978,0.16045200696362988,0.18935708466052334,0.22111522801086725,0.19848922222682655,0.19804881466611576,0.32031668111415845,0.5504775278892647,0.5741959219443794,0.558460731014633,0.6884456558378563,0.6382402284160562,0.6214286854727719,0.7559791566041196,0.9712366665651126,1.315089768919304,1.1816615791945464,1.1735234631587421,1
2018-04-23,0.5920154756463186,0.48290498941290644,0.4272028362250812,0.4269491844326977,0.2557828268642773,0.25024592536478274,0.2568787622974636,0.1862151327491193,0.22577113219765024,0.3728133047361549,0.22707965945441108,0.21151040556092662,0.16103422586483435,0.1899387268374211,0.22168291462421147,0.1990663356219608,0.19868546894522246,0.3209597821355397,0.5509707779065321,0.5746592425508821,0.5589210886268564,0.6888164143592407,0.6386156497070563,0.6217471038097867,0.7562538522568789,0.9714030029062346,1.3150903350213234,1.1817238293614243,1.1735875023605309,1.1908385642480734,1
2018-04-24,0.4833391270267954,0.42766944382380334,0.42742084717798745,0.2563287782786339,0.2507868730797211,0.2574069478056889,0.18679711100604707,0.22634022116766003,0.3733031522601636,0.22763678087152298,0.21206916947941748,0.1616145430119864,0.19050676127380342,0.2222488078743641,0.19964480390840378,0.1992624863677828,0.3215333324673768,0.5514898617627424,0.575139685629282,0.5593924338185262,0.6892087148401859,0.6390119996521858,0.6221308465144373,0.756509200981597,0.9715737843790232,1.3150917699781588,1.181788610959342,1.1736536346621156,1.1908942912499167,1.3419077530376704,0
2018-04-25,0.4281297380011366,0.4278873506916709,0.2568824204757491,0.25133521057209,0.2579444882654059,0.18735838108818836,0.2269028726555462,0.3738006281218359,0.2281967318719468,0.2126335168343187,0.16219726710967033,0.1910729366159966,0.22280129967969653,0.20022143397773953,0.19984085873860416,0.3220502723214557,0.5519450552197752,0.5756457744445944,0.5598809623899886,0.6896116138412469,0.6394303024178262,0.622535662635203,0.756824951041935,0.9717284089959014,1.3150967660144306,1.1818539732225932,1.1737223020464367,1.190952102193259,1.3418909585280132,0.993178186306967,1
2018-04-26,0.4283475416801109,0.2574303442048489,0.25189125207156576,0.25848940726574077,0.187929251054504,0.2274452093648103,0.3742922533929508,0.2287646434383517,0.21320071267666726,0.16278562242597444,0.19164151468325968,0.22335197913539623,0.2007845219603171,0.20041739329134645,0.3225686027751902,0.5523493144324844,0.5760885659697939,0.5603952554541161,0.6900311767044761,0.639859352349746,0.6229625674978334,0.757160591696499,0.9719355727150734,1.3150906946590095,1.181923239285738,1.1737915326572668,1.191012440391924,1.3418761680563915,0.9933288011511755,1.1278289581675176,0
2018-04-27,0.2579712544014934,0.25244155873578755,0.2590420113268912,0.18850760947906878,0.2279970057901504,0.37476500962327947,0.2293261271718196,0.21377590341912361,0.16337688903814845,0.19221569575864467,0.22390505668611474,0.20134576572519516,0.20098038700850548,0.3230853451972247,0.5527550311121028,0.576481018030316,0.5608458767764932,0.690475491125908,0.6403052646336164,0.6234002687019883,0.7575172105061139,0.9721607380255874,1.3151246189418015,1.181979464925005,1.1738646878065748,1.1910733791972297,1.3418638365481994,0.9934816044833411,1.1279149332425031,1.027688830597592,1
2018-04-28,0.25298483135109273,0.25958890400184254,0.1890938382956024,0.22855622777096496,0.375246710449453,0.22986731989629333,0.21434460667354444,0.16397626462453563,0.19279275104796254,0.22446370633329424,0.2019094107416259,0.2015415367914688,0.3235893300027088,0.5531596282558359,0.5768749345643798,0.5612457831278561,0.6908593277137602,0.6407763154830429,0.6238548979226451,0.7578842238559398,0.972405107849902,1.3151735310870316,1.1820805489261987,1.1739246831405479,1.191138198087844,1.341852431777357,0.9936370244245994,1.1280030255860063,1.0278228784362657,1.1574325308795392,1
2018-04-29,0.26012879202145095,0.18967412634909875,0.22912321408393205,0.3757356056622956,0.2304179638676615,0.21489287196570409,0.16456895452061313,0.1933778479624244,0.22502518956186443,0.2024786489285197,0.20210508779790376,0.3240916483436541,0.5535529367776064,0.5772677806535228,0.5616471495292149,0.6911956522348963,0.6411856682166361,0.6243347937389458,0.7582676286900539,0.9726592305253899,1.3152388180659458,1.1821977891218733,1.1740298310879431,1.1911901130787887,1.3418445192509323,0.9937926182599451,1.12809367366877,1.0279590965095384,1.1575042946129794,1.1807567153850418,0
2018-04-30,0.1902471222215918,0.22968439089978718,0.37623187543559716,0.23097602959381747,0.21545064086459756,0.1651407182066109,0.1939563762047081,0.22559464061781845,0.2030507483980098,0.20267423178732377,0.32459635032969103,0.5539449116944275,0.5776494920481434,0.5620474144927158,0.6915334745369314,0.641546285164149,0.6247525877446447,0.7586752540109917,0.9729288878267429,1.3153128341406877,1.1823325011330954,1.174151205927533,1.1912865499548864,1.3418259356141125,0.9939525996353478,1.1281847863319752,1.0280979155911234,1.1575781599570256,1.1808172822283125,1.0902046106188596,1
2018-05-01,0.23023844007750277,0.37672281811637504,0.2315418532438216,0.2160158550156311,0.16572215946333713,0.19451426649721426,0.2261576512242426,0.20363086600645225,0.2032462368129054,0.32510652793998135,0.5543392372865782,0.5780299047162442,0.5624364475816215,0.6918704597572659,0.641908385476883,0.6251212411324268,0.7590240760323694,0.9732210949470054,1.3154010178031503,1.182476339119298,1.1742901189628665,1.191399062182583,1.3418463709429105,0.9940967557081437,1.1282799408454522,1.0282369830689562,1.157654567657828,1.1808799383455697,1.0903086474480344,1.0992208348276395,1
2018-05-02,0.3772072378569371,0.23210187532801171,0.2165888667091921,0.16631112404145093,0.19508173165253753,0.2267003397421909,0.204204455749669,0.20382625952985906,0.32561941232155445,0.5547388183865979,0.5784126646049641,0.5628241599239678,0.6921970420063854,0.6422695477065381,0.625491373116424,0.7593270652376302,0.973459766591146,1.3155090858888132,1.182634874652789,1.1744381819889977,1.19152897032003,1.3418815594759685,0.9942926337388781,1.1283612601828443,1.0283803494874486,1.1577315038477636,1.180945126275721,1.0904148214459832,1.0993205433737745,1.1451908427782556,1
2018-05-03,0.23265477971600634,0.21715602780250945,0.16690801779396522,0.1956566740373581,0.22725249058073552,0.20475750806620063,0.20439975515925204,0.32614003421506926,0.5551408169208663,0.5788006569368311,0.5632142216680195,0.6925224913302218,0.6426199902695596,0.625860533603984,0.759631572005724,0.9736578880802328,1.3155720228220804,1.1828143279032213,1.1746009746311519,1.1916679769703555,1.3419329025151356,0.9945063170314921,1.1284893966238578,1.0285084006676104,1.1578124058865302,1.1810108930476475,1.0905235681915446,1.0994223843198256,1.145268483194635,1.2111348152847872,1
2018-05-04,0.2177160097345902,0.16749889803081497,0.19623946788144753,0.22781206814357657,0.20532009942890453,0.20495271527764575,0.32665461582913885,0.5555500274664827,0.5791910363849937,0.5636095304168283,0.692850271452055,0.6429692281472605,0.6262188696554742,0.759935380291399,0.973857589363039,1.3156028375960749,1.1829453918977528,1.1747847475165691,1.1918216444973508,1.3419928949373983,0.994739020498308,1.1286341598722882,1.0286869167042454,1.1578799102874031,1.1810805657880776,1.0906326982934726,1.0995267939376414,1.14534823169649,1.2111807989709038,1.2396623670044662,1
2018-05-05,0.16808239489067422,0.19681634439473317,0.22837941200931067,0.20589015194778826,0.2055152137596478,0.32714986112632194,0.5559541107830992,0.579588572780339,0.564007245422775,0.6931831743745016,0.6433208039307942,0.6265759772819297,0.7602292201915873,0.9740570281751985,1.3156353314473956,1.1830410664525637,1.174919933992827,1.1919961582423977,1.3420669485055983,0.9949814101237235,1.1287968368088135,1.0288829359679315,1.1579931534378012,1.1811371856200021,1.0907459668388997,1.0996316063762004,1.1454305280890427,1.211228855863433,1.2396946558982382,1.264772122576972,0
2018-05-06,0.19738595809950338,0.22894094393882736,0.20646802882486143,0.2060851730915177,0.32765421751106566,0.5563411069744192,0.5799810776199555,0.5644121521399439,0.6935183202910984,0.6436775499690646,0.626935425165638,0.7605220256393042,0.9742478657409437,1.3156682584444135,1.1831383815954326,1.1750195333207925,1.192122508176423,1.3421606789611114,0.9952392453192619,1.1289687995862276,1.0290976918162942,1.1581227643071463,1.1812386945833953,1.0908448441237064,1.0997405341108488,1.1455133265431663,1.2112794308362216,1.2397290029096402,1.2647923574083495,1.177237554941488,0
2018-05-07,0.22949534517276676,0.2070400219130357,0.20666295626510706,0.32816584299841595,0.5567364128603619,0.5803567310140433,0.5648119668993178,0.6938603613969138,0.6440366013786469,0.627300059002895,0.7608171521312799,0.9744379786343579,1.3156947653386106,1.183235860214467,1.1751207709077667,1.1922136947506055,1.3422099326506571,0.9955194566964239,1.1291556733826311,1.0293220312228635,1.1582700455986814,1.1813563671340481,1.090991909034865,1.0998352038438746,1.1456001222742846,1.2113306502315393,1.2397658551052202,1.264814637076314,1.1772998111751407,1.0764372599028302,0
2018-05-08,0.20760479423773462,0.20723485628901142,0.32868496902411165,0.5571386282104482,0.5807406101294266,0.5651947814198293,0.6941978257480578,0.6444026612682877,0.6276670188471273,0.7611173363048823,0.9746303818882898,1.3157210417859602,1.1833260731669184,1.1752221556527545,1.1923065245761162,1.3422277204105382,0.9957466800973931,1.129363881114468,1.029561679195484,1.1584265247194714,1.1814915184415495,1.0911559300391893,1.0999777327738964,1.1456733394364398,1.2113856976054709,1.2398034133090885,1.2648394105774141,1.1773641585441332,1.0765479058168308,1.0279097527820098,0
2018-05-09,0.20779953635069998,0.3291986120395723,0.5575477377156248,0.5811313610245207,0.5655858746770962,0.6945195590021908,0.6447639475618968,0.6280410246503858,0.7614196778754877,0.9748276379696496,1.3157495596407642,1.1834158640761687,1.1753162235646906,1.192399536537609,1.3422471949782715,0.9959339023853541,1.1295223872018019,1.0298234362247272,1.1585977973357997,1.181635798235338,1.0913381739078374,1.1001371388876986,1.1457927412697877,1.211428141056532,1.2398447262526056,1.264864944294166,1.177431039316881,1.076660696181428,1.028043694565896,0.9969104716813713,0
2018-05-10,0.32970553667074654,0.5579521147064834,0.5815289425353135,0.5659838635056469,0.6948491187944665,0.6451090178631266,0.6284101917383936,0.7617287591717994,0.975026782172708,1.3157826034971207,1.1835079153705035,1.175409857839612,1.192485341341409,1.3422671568545248,0.996122710934868,1.12964418776427,1.0300330475560833,1.1587901747450884,1.1817947789298058,1.0915298154748294,1.1003146937754449,1.1459286179605106,1.2115143670716622,1.239873856907948,1.2648941682861308,1.1774984913341815,1.0767760655172658,1.028179806467531,0.9970592948235202,0.8830549750858666,0
2018-05-11,0.5583507140655563,0.5819218701719114,0.5663887230646587,0.6951853712263475,0.6454620874720068,0.6287629824205416,0.7620335338292701,0.9752321770374558,1.3158171058714025,1.1836046193669518,1.1755057536479854,1.1925707373595416,1.3422808684584886,0.9963113023296836,1.1297676134110302,1.0302035024251415,1.1589335730245525,1.1819746838795204,1.0917365174259974,1.1005016195562363,1.146082265668894,1.2116164908069729,1.2399457309689257,1.2649115811098919,1.1775698583547483,1.0768917884882814,1.0283185192776088,0.9972103044795471,0.8832584551224619,0.6925706695115639,1
2018-05-12,0.582309118752733,0.5667888791010641,0.6955281522273677,0.6458219272536939,0.6291238295660893,0.7623232427880733,0.9754341150057301,1.3158570786510937,1.183702948425786,1.1756063098253342,1.192658392449599,1.3422943880975176,0.9964914345687517,1.129891093909039,1.0303755535059202,1.159040990328902,1.1821061789572442,1.0919648445388006,1.1007035699276253,1.146245147601159,1.2117358436685879,1.2400332530788778,1.2649708226791543,1.177628120453929,1.0770116852478036,1.0284574809608646,0.9973639290574606,0.8834641818933449,0.6928655924814806,0.7232060787790434,1
2018-05-13,0.5671832938470213,0.6958666531849473,0.6461884263325708,0.6294914725340406,0.762620541201822,0.9756230805149775,1.3158949502194481,1.1838070503719185,1.1757085011429507,1.1927506914747088,1.3423101453323651,0.9966708743318231,1.1300069681410203,1.0305474571464206,1.1591500412528954,1.182202263921088,1.092142551734714,1.1009270756717788,1.1464228716273341,1.211864234702181,1.2401377698913785,1.265045492538506,1.1777313998752232,1.077116987266477,1.0286007410176057,0.9975177355867823,0.8836725750552958,0.6931628629365777,0.7234862950691711,0.8505950084835462,0
2018-05-14,0.696199943686524,0.6465504835712105,0.6298658180467419,0.7629244258601322,0.9758188896523264,1.3159231888984828,1.1839085255483661,1.175816483651548,1.1928446040381397,1.3423304031211,0.9968526012663633,1.1301223431533483,1.0307111202246013,1.1592592068298584,1.1822999892294443,1.0922826325469215,1.1011001815520207,1.1466217952016098,1.2120072060382012,1.2402512400632413,1.2651369507622223,1.1778508736832316,1.0772709784076961,1.0287286891012262,0.9976759200742407,0.8838809043754909,0.6934628858925184,0.7237688426408091,0.8508140710877062,0.8379894485491035,0
2018-05-15,0.6469071275402976,0.630235668193458,0.7632346596958325,0.9760209503319864,1.3159570813080619,1.183999073184774,1.1759218075880506,1.1929442685585971,1.3423520859774924,0.9970391597372498,1.1302399861950927,1.0308741403578858,1.1593609536524025,1.1823978763075955,1.0924243275955048,1.101235881721347,1.1467714408713343,1.2121708664918718,1.2403791772857844,1.2652372876938176,1.1779878551666167,1.0774420461330048,1.0289070939939013,0.9978183344219407,0.8840939039557651,0.6937624337859759,0.7240541288643376,0.8510353975948681,0.8382145625146766,0.7280221823993572,1
2018-05-16,0.6306000379756779,0.7635408355139712,0.97622879585051,1.3159966912735532,1.1840957358392163,1.1760161256430464,1.193041342675445,1.3423791784861463,0.9972275783432838,1.1303623329748897,1.0310394427565805,1.159462243743562,1.1824884923687446,1.092566001490973,1.1013731987266226,1.1468848059496732,1.2122868584915991,1.2405275828123006,1.265351991992682,1.1781339755987783,1.0776314498551658,1.0291030001801316,0.9980123347735422,0.884289450622092,0.6940671409710845,0.7243390061616205,0.8512594051668552,0.8384419470505801,0.7283000866951141,0.7682897989074647,0
2018-05-17,0.7638420791872828,0.9764332818103366,1.31604118572813,1.1841983230600357,1.1761165866293497,1.1931275788357711,1.3424042753412675,0.9974221967811877,1.130486371902434,1.0312095439372497,1.1595657976556726,1.1825786851743407,1.0926998308045184,1.1015105127923182,1.1469998011181117,1.2123681838838105,1.2406290161378242,1.2654869702368328,1.1782948109023612,1.0778302922061036,1.0293176411356213,0.9982241077223137,0.8845407306478555,0.6943515799010244,0.7246289641000729,0.8514832788219638,0.8386720183497411,0.7285803197250493,0.7685483725346909,0.6467280167025538,1
2018-05-18,0.9766337111489843,1.3160834349503485,1.1843061438084665,1.1762229847085772,1.1932198980952864,1.3424199993362116,0.997613446638768,1.1306163055592577,1.0313814621983306,1.1596740272088109,1.182671138485105,1.0928331068983943,1.101640039385641,1.1471148862102745,1.2124511583791997,1.2406964810698855,1.2655755891170686,1.1784765977007792,1.0780442495963283,1.0295418649925143,0.9984548701754152,0.8848107797264071,0.694698690864095,0.7248991065720013,0.8517119060718307,0.8389019285189285,0.7288632892297215,0.7688092535977618,0.6470449466647603,0.6804745301435439,0
2018-05-19,1.3161230243681676,1.1844112873337367,1.1763346374363175,1.193318127597064,1.3424412844126257,0.9977919415936937,1.1307434007475399,1.0315595020942774,1.1597839119769173,1.1827682452996977,1.0929686563703918,1.101769025699751,1.1472224750080997,1.2125343560107147,1.2407656033302363,1.2656308541670678,1.1786098887374017,1.078279938712515,1.0297813965384177,0.9986953076910053,0.885100753911242,0.695066237985733,0.7252308051367851,0.8519226006523092,0.8391366246452086,0.7291458602052338,0.769072852932309,0.647364248359227,0.6807752599250105,0.671167208468237,1
2018-05-20,1.184513229550759,1.1764435868004157,1.1934215664746881,1.342468245467133,0.9979772026608074,1.1308590469007322,1.031734309276178,1.159899624396138,1.1828669782305086,1.0931089452900582,1.1019002841102294,1.1473295895047642,1.212610475042759,1.2408350063547802,1.265687783785044,1.178707683528418,1.0784646719012543,1.0300430354309256,0.9989511759598898,0.8854007416517736,0.6954552755090833,0.7255826717411031,0.85219021099471,0.8393532017930372,0.7294334994575019,0.7693361406681051,0.6476863232780324,0.6810783435895432,0.6714724062755223,0.7323262663687257,0
2018-05-21,1.176549302088968,1.1935223580208094,1.34250002090673,0.9981686804836718,1.1309809938820308,1.0318966962459004,1.1600126148942564,1.1829714859626133,1.0932509732967968,1.1020362734109952,1.1474389695626672,1.2126862144191528,1.2408975114758516,1.2657450448910432,1.1788071176492962,1.078611441749305,1.0302525340174467,0.9992293915211451,0.8857166121414102,0.6958548928993373,0.725955777002162,0.8524768744773346,0.8396271538790276,0.7297013944248323,0.7696043933013486,0.6480078241684637,0.6813841852230649,0.671779962888699,0.7326021044676784,0.6838351464312211,0
2018-05-22,1.1936199857281093,1.3425296378788358,0.9983658844920857,1.1311089488150785,1.0320657300767053,1.1601144434580932,1.1830733635994914,1.093398981285099,1.102173990550386,1.1475530368802975,1.2127642099821416,1.2409596778851915,1.265795567140949,1.1789067064309677,1.0787598218643057,1.030422881548758,0.9994547101976101,0.8860557112065764,0.6962711492438043,0.726339371050833,0.8527837298044244,0.8399202694282512,0.7300306700512921,0.7698534968014716,0.6483346020426807,0.681689525680754,0.6720902816783052,0.7328802690242949,0.684134262932212,0.5902161219284119,0
2018-05-23,1.342556703806982,0.9985598015346263,1.131242277871082,1.0322409271473358,1.1602224705552557,1.1831643055042522,1.0935440026801249,1.102317667241652,1.147668774685362,1.2128468302168234,1.2410240964256287,1.2658457867176807,1.1789990019049683,1.0789081530149787,1.030594825355486,0.9996401191090427,0.886339134591693,0.6967121085819499,0.7267394824339704,0.8531006951909245,0.8402336804075098,0.7303800715670725,0.7701625141529966,0.6486404341113673,0.6820000564845897,0.6724000791992759,0.7331611681099568,0.684435731538773,0.5905601807053001,0.4707284091725081,1
2018-05-24,0.9987497529516605,1.13137275569478,1.0324217601707841,1.1603364596976766,1.1832613653459065,1.093677210152326,1.1024583928359597,1.1477903678797459,1.2129310386686607,1.2410931125619957,1.2658982548558886,1.1790908690725717,1.0790485523801296,1.0307666221682177,0.9998271153581271,0.8865798615896183,0.6970927432164924,0.7271640596815211,0.8534336721896003,0.8405572389225988,0.7307506721634985,0.7704913049743817,0.649010608099888,0.6822901402533847,0.6727150909611397,0.7334416779581876,0.6847399565951326,0.5909066411047004,0.47112982861707614,0.5549465449571982,0
2018-05-25,1.1314998140884056,1.032599417905745,1.1604557455605216,1.1833643510638245,1.0938168484631023,1.1025873919484177,1.1479091909582568,1.2130209530886402,1.2411636813251594,1.2659552967581247,1.1791849972456294,1.0791883787661416,1.0309301798179695,1.0000139019920453,0.8868221430981857,0.6974260193456092,0.7275290599234947,0.8537901290158116,0.8408968590927728,0.7311317472292262,0.7708409639792508,0.649401619458778,0.6826433366751493,0.67300951812657,0.7337272450332721,0.6850436877306146,0.5912559002750404,0.47153371288355567,0.5553075350690094,0.5003761663214129,1
2018-05-26,1.032773250003675,1.1605722759890293,1.1834725725179425,1.093962553069997,1.1027227907439994,1.1480167333803786,1.2131083570100984,1.2412398914164355,1.266013859960768,1.1792837822625835,1.0793304804874517,1.031093094839902,1.0001922531108365,0.8870639849938545,0.6977607950646103,0.7278474514640736,0.854090117933192,0.8412600566621236,0.7315293205099335,0.7712009777375087,0.649814497929129,0.6830170751200764,0.6733673969779829,0.7339931314374002,0.6853526005845119,0.5916044634181759,0.47194044993623946,0.555670945458105,0.5007633532134779,0.5048128036014322,0
2018-05-27,1.160685507070967,1.1835781140154198,1.0941137301737758,1.10286424185417,1.148130516636828,1.2131851198117523,1.2413137033204016,1.266078007595812,1.1793841977861845,1.0794773347231506,1.0312582920958384,1.0003699171103613,0.8872966702037616,0.6980947463763052,0.7281673514273899,0.8543466160031671,0.8415664786671394,0.7319513223766517,0.7715773298520262,0.6502380925569194,0.683412403366147,0.6737458993096089,0.7343202417180076,0.6856411160729803,0.5919584486284448,0.4723462330096318,0.5560371705620017,0.5011529892461729,0.5051978606638204,0.49226702261100846,0
2018-05-28,1.18368045077821,1.0942619342918347,1.1030111418870914,1.1482502809218174,1.2132678955791503,1.2413771507699252,1.2661398558991046,1.179490396085077,1.0796259452217718,1.03142828792407,1.0005498677507703,0.8875285048842961,0.6984183344580513,0.7284864888695177,0.8546046592248716,0.8418291013026875,0.7323138647812256,0.7719777988664845,0.6506785081300224,0.6838183474410305,0.6741460679248376,0.7346674402188832,0.6859926217989797,0.5922906527923673,0.4727577449117242,0.5564026234981372,0.5015454646625942,0.5055853645202141,0.4926581023376321,0.3478047066777728,1
2018-05-29,1.094406566360965,1.1031550981110403,1.1483753739347744,1.2133565501152554,1.2414465126085892,1.2661915832669104,1.1795939504340256,1.0797805668971314,1.0316001005570952,1.000734646385179,0.8877626423914957,0.6987407986194909,0.7287954571290483,0.8548621972617997,0.8420932654555087,0.7326299163589166,0.7723197912036902,0.6511439815356925,0.6842409784906835,0.6745568800396133,0.7350358024318059,0.6863646401362546,0.5926892574058095,0.47314570974962344,0.5567735890492158,0.5019370501038016,0.5059757057547207,0.49305163549397113,0.34826513625389455,0.47500910138117364,1
2018-05-30,1.1032955188593412,1.1484976718989577,1.2134503609599234,1.241521708978064,1.2662491382574061,1.1796865349214016,1.0799321477780042,1.031778034324403,1.0009212804984164,0.888001715954,0.6990655926869838,0.7291033454374753,0.8551103730087095,0.842356898959256,0.732947477747932,0.7726162782670672,0.6515480113866711,0.6846884061625551,0.6749844160783663,0.7354146263179576,0.6867582206589739,0.5931091939779078,0.473604427554415,0.5571222522727138,0.5023342882588331,0.5063651665919008,0.49344801169983216,0.34872809566868973,0.475408465858268,0.48690251215643343,1
2018-05-31,1.1486166208595654,1.2135415901523097,1.241601987066972,1.2663124888408188,1.1797852495060868,1.0800717812177922,1.031952736247422,1.0011141059866102,0.8882427870389966,0.6993955036001983,0.7294135592968036,0.8553576516383635,0.8426110903282705,0.7332642863446958,0.7729142867517963,0.6519035607297211,0.6850752139084081,0.6754368207814095,0.7358099313322729,0.6871624070193696,0.5935514620451879,0.4740855230662563,0.5575386006924469,0.5027084175409049,0.5067602687526979,0.49384348042432324,0.34919396343821707,0.47581029289313154,0.4872961671428419,0.5045892823324916,1
2018-06-01,1.2136297378352925,1.2416797758195333,1.2663808554908238,1.1798898954242252,1.0802178930690665,1.0321150201008058,1.0013035775882577,0.8884903074819263,0.6997276496800187,0.729728860925503,0.8556072377092153,0.8428643664880093,0.7335709562644819,0.7732116237882645,0.652260596445224,0.6854143670948809,0.6758283784008342,0.7362296316174161,0.6875832670131985,0.5940046142801761,0.47458993195769245,0.5579765897477922,0.503152219826289,0.5071323276136426,0.49424462268129477,0.3496586118586935,0.47621497077908226,0.48769227839636087,0.5049744466973708,0.5325086482738902,1
2018-06-02,1.241754598781437,1.2664468140603358,1.1799997862798826,1.0803700925655968,1.0322839500518783,1.0014803304836297,0.8887340257962435,0.7000666767324912,0.7300463595007322,0.8558617906434265,0.8431199518809616,0.7338765531454353,0.7734990772063465,0.6526167151473851,0.6857550163836585,0.6761720536634548,0.7365899774873252,0.6880288976168476,0.594474811807482,0.4751055802546639,0.5584372001243364,0.5036181403435541,0.5075738978667982,0.49462253621287844,0.35012930469067494,0.476618703926972,0.4880912351244666,0.5053620579744803,0.5328804098090169,0.5847164590786633,1
2018-06-03,1.266509908694038,1.1801069857908002,1.0805278005556056,1.0324590429001907,1.001663836594324,0.8889639212130648,0.7004011517313916,0.7303706696324297,0.8561183815964845,0.8433805161013268,0.7341844748926292,0.7737855153793401,0.6529621802482406,0.6860948168299056,0.6765172223448775,0.7369039378731422,0.688413990314801,0.5949705045900763,0.4756387481991417,0.558908799525294,0.5041071306114254,0.5080375475226852,0.4950704181353758,0.3505746336569916,0.4770281549137133,0.4884892727902069,0.5057525067307471,0.5332546034892723,0.5850631579959125,0.6568514509179464,0
2018-06-04,1.1802109662919598,1.0806824910083723,1.03263977112369,1.0018535536730848,0.8892009632714731,0.700719956481512,0.7306905483202714,0.8563814954578887,0.8436431340669637,0.7344974798381857,0.7740742726941003,0.6533064556335227,0.6864241774282032,0.6768615233821926,0.7372194093112444,0.6887515107047201,0.595403374569809,0.47619833627747854,0.5593975842355339,0.5046072721418373,0.5085242304713292,0.4955404892604324,0.3510951932686018,0.4774141221045145,0.48889299776076955,0.5061420746071459,0.5336316220275388,0.5854122614445533,0.6571635210754716,0.6314324042872557,1
2018-06-05,1.080833553566529,1.032817324773612,1.0020489871788318,0.8894443928545539,0.7010465660893888,0.7309950538670789,0.8566406793977944,0.8439123035036423,0.7348126757218048,0.7743680749888558,0.6536530674418833,0.686752396745316,0.677195325618172,0.7375341366517085,0.6890905281658826,0.5957863809085815,0.4766921852959465,0.5599121372004792,0.5051248156208967,0.5090220514923594,0.4960336967725855,0.3516392064072053,0.4778706863316376,0.48927341471895336,0.5065372843810092,0.5340078199587345,0.5857641661502954,0.6574779576107738,0.631756676983878,0.6719521319940516,0
2018-06-06,1.032991053682649,1.0022411457964828,0.8896938365551644,0.7013798586074355,0.7313072584113638,0.856885725637571,0.8441774933915106,0.7351346722491758,0.7746640179846636,0.6540048396056515,0.687082947688078,0.6775279732147144,0.737838752577638,0.6894287035732434,0.5961708573262015,0.47713324620236575,0.5603630065614931,0.5056685497493383,0.5095372568489966,0.4965380796558216,0.35220754304489377,0.47834959080148126,0.4897239954783103,0.5069094475513956,0.5343895881098286,0.5861153629560681,0.6577951627940446,0.6320833295029105,0.6722569529949148,0.6661873625230015,1
2018-06-07,1.0024293539282154,0.8899396369281888,0.7017196632899056,0.7316260983592506,0.8571380306839491,0.8444284233282472,0.7354522562933938,0.7749666703826067,0.6543589041283309,0.6874186269571195,0.6778629537600418,0.7381423016421336,0.6897564604190913,0.5965543025716726,0.47757574273673264,0.5607631490558996,0.5061472684109696,0.5100786185138219,0.4970598966802572,0.35278748454116693,0.4788517734745417,0.49019681239005974,0.507351130256087,0.5347487223032098,0.5864719959482938,0.6581118158035816,0.6324127621607714,0.672564132386508,0.6664949509299708,0.674844913067667,0
2018-06-08,0.8901810249735127,0.7020552082323852,0.731951370371154,0.8573967735909228,0.8446866556299422,0.7357545139040226,0.7752650688285188,0.6547199534976467,0.6877565564836495,0.6782030714653138,0.7384481749609978,0.6900830808070495,0.5969267362645733,0.4780169667236653,0.5611647514601695,0.5065739245917206,0.5105550729938875,0.49760796712181116,0.3533854336806973,0.47936518282660884,0.4906928097715069,0.5078148943197529,0.5351763590265324,0.5868067666096416,0.6584337198069472,0.6327415877698322,0.6728740735997005,0.6668049007767699,0.6751483453746637,0.6650073781497569,0
2018-06-09,0.7023855681693952,0.732272481780086,0.8576616154863845,0.8449513453397729,0.7360644538701421,0.7755485313634772,0.6550762703336942,0.6881013943912412,0.6785454510396881,0.7387591273931788,0.6904120323429093,0.5972978991336977,0.47844642231244466,0.5615652514447621,0.5070020249485108,0.5109795735801161,0.4980908241820863,0.3540107544284737,0.4798960948322295,0.49119999847276524,0.5083016935129508,0.5356258327604237,0.5872081380538953,0.6587348276282464,0.6330757296312021,0.6731834952387636,0.6671176150511731,0.6754541345423416,0.6653155330140625,0.6270919331345711,0
2018-06-10,0.7325885324525774,0.8579227090129233,0.8452221669970271,0.7363810217714941,0.7758395371096739,0.6554164723306146,0.688441632623506,0.678894760084405,0.73907226539374,0.6907461090154565,0.5976714064596729,0.478874435583753,0.561954516476211,0.5074289126488436,0.5114055196215629,0.49852142028955637,0.35456733599946116,0.4804533938375868,0.4917246426118342,0.5087996314430653,0.5360981121978284,0.587630889589483,0.6590999086082555,0.6333886996192404,0.6734981291035806,0.6674297973063654,0.6757626842239166,0.665626049942315,0.627418289495845,0.4409221078677271,1
2018-06-11,0.858179258541625,0.8454891994934232,0.7367040091445105,0.7761371083477965,0.655764637594013,0.6887660832964412,0.6792394328114438,0.7393921942855123,0.6910824317528599,0.5980501277770179,0.4793048102983726,0.5623424600635316,0.5078442197425,0.5118302619689348,0.49895345823502363,0.3550681208911947,0.4809450582590783,0.4922755816912933,0.5093149545961456,0.5365814473676744,0.588076017813462,0.6594857383590211,0.6337665686925085,0.6737921899730646,0.6677472065872411,0.6760707205763469,0.6659393318315917,0.6277470279752896,0.4413378359747047,0.4823515151574211,0
2018-06-12,0.8457516368589717,0.737022851499598,0.776440993772472,0.6561195568561403,0.6890983806251931,0.6795682277150622,0.7397077276390445,0.6914256552565691,0.5984312119562959,0.47974051241125576,0.5627327531216519,0.5082581270703695,0.5122434518116773,0.4993842671428774,0.35557030596930567,0.4813840393387968,0.4927611764614405,0.5098564357875502,0.5370820569231809,0.588532046555686,0.6598933520324243,0.6341654090023129,0.6741496739365261,0.6680439576699998,0.6763839617278756,0.6662520791542876,0.628078548555703,0.44175604466873225,0.4827473548724552,0.3754433714907344,0
2018-06-13,0.7373366526542179,0.7767408644863233,0.6564811081444866,0.6894373796216927,0.6799049014358328,0.7400079763007731,0.6917642923154905,0.5988194090314242,0.4801787264563668,0.5631282936458237,0.5086743916268036,0.5126552482562777,0.499803444080032,0.35607097018370704,0.48182445728067935,0.49319437898197094,0.5103330043388605,0.5376086084109145,0.5890051424233816,0.6603116517662242,0.6345862421145223,0.6745277745106032,0.6684043418370246,0.6766766726391202,0.6665700565320481,0.6284094527170343,0.44217711962311307,0.4831456532617116,0.37589053298906905,0.30196725203780767,1
2018-06-14,0.7770358573406811,0.6568382513447681,0.6897829224096027,0.680248291257287,0.7403158924452834,0.6920871744069474,0.5992026510894407,0.48062432414223494,0.5635262410334927,0.5090959554425405,0.5130694012987271,0.5002212096128221,0.3565590873905141,0.48226361132248796,0.4936290217937938,0.5107576135256333,0.5380709286679196,0.5895037761157662,0.6607467322562374,0.6350178368581366,0.6749275349182122,0.668785393067538,0.6770327012704962,0.6668673582716268,0.6287456842739939,0.4425971762518571,0.4835467991828651,0.37634020970744414,0.30244968611081247,0.37121466097252054,0
2018-06-15,0.6571900235841094,0.6901241663140854,0.6805982492053991,0.7406304298506495,0.6924178915416531,0.5995692302457428,0.48106449639523763,0.5639313812336669,0.5095199942026025,0.5134888493896259,0.5006413335269785,0.3570455858546809,0.4826910240804207,0.4940624247312384,0.5111836681031783,0.5384819728890461,0.5899394527786818,0.6612067922197368,0.6354663132692326,0.6753379364917851,0.6691881515032936,0.677409321195063,0.6672283360781546,0.6290606798058415,0.4430230382312086,0.48394701621688413,0.3767927822862977,0.3029346742668212,0.3716638524842612,0.3098788653244969,0
2018-06-16,0.6904601761464946,0.6809438781513371,0.7409513754740724,0.6927553051327724,0.5999439679446785,0.4814868469330534,0.5643314275625808,0.5099513494251399,0.5139107668897968,0.5010667643969011,0.3575344632370825,0.4831170006647085,0.4944841617187072,0.5116085185351164,0.5388944705507034,0.5903251311959599,0.6616056557044596,0.6359399659065267,0.6757650588732613,0.6696015682437139,0.6778075771818755,0.6676099912753146,0.629440732531026,0.44342491261186484,0.48435293223952913,0.3772441951829155,0.30342259149870715,0.37211556145269037,0.3103575013884003,0.3022817412650382,0
2018-06-17,0.6812842352711171,0.7412681900076995,0.693099253728518,0.6003255472757788,0.4819177689018211,0.5647144689390369,0.5103773959362026,0.514339990799552,0.5014946803279418,0.358028784685771,0.48354533808376116,0.4949044796024447,0.512021815046622,0.5393058204662347,0.5907122781064134,0.6619562864530959,0.6363518016793062,0.6762170438434327,0.6700317286776402,0.6782164657343926,0.6680133633741804,0.6298417944802572,0.4438986256981998,0.48473547298646147,0.37770158153411804,0.3039091904268731,0.37257016819321653,0.31083868735069986,0.30276402436593347,0.285210954120828,1
2018-06-18,0.7415799807998825,0.693438914315882,0.6007139063910647,0.48235571779328085,0.5651057907317151,0.5107859082613951,0.5147639234645998,0.5019299310958102,0.35852577142364883,0.48397899883823287,0.4953271566301713,0.5124337178391787,0.5397057933050294,0.591098382734934,0.6623084064929908,0.6367147825828505,0.6766082008870913,0.6704867963216845,0.6786420636107395,0.668427397285813,0.630264884899502,0.4443949773543208,0.4851883433113906,0.3781340125166819,0.3044019514453335,0.37302360612249547,0.31132279881237607,0.3032488613834932,0.2857014321375504,0.30932785940571306,1
2018-06-19,0.6937733544631276,0.6010976745442541,0.48280075888565793,0.5655040088493656,0.5112028895700803,0.5151703649710891,0.5023598412270055,0.3590304203327338,0.48441516618443303,0.4957551457051706,0.5128479772613601,0.5401044124959012,0.5914734409755404,0.662659629969737,0.6370792454487908,0.6769514947850103,0.6708808953423275,0.6790925016845988,0.6688581795753805,0.6306987498544038,0.44491488732185425,0.48566348961873074,0.37864066736513086,0.3048686711245959,0.3734830283627545,0.3118056090500562,0.3037366273347631,0.286194473100012,0.3098067599827339,0.3408443583263425,0
2018-06-20,0.6014758425024745,0.4832408223504434,0.5659090989682651,0.5116268518264494,0.5155852601303257,0.5027721385283868,0.3595291598659198,0.4848587074718524,0.49618562653393555,0.5132675319441371,0.5405053843473604,0.5918472204990277,0.663000263967892,0.6374427604029584,0.6772962823280417,0.6712269901240489,0.6794821824341256,0.6693138782085765,0.6311495137080568,0.44544612530927064,0.486161853793363,0.3791705338488451,0.3054122911465043,0.3739174327344067,0.3122945610664957,0.3042230756612375,0.28669045071315374,0.3102882107495888,0.34130812925212706,0.3139828197856278,0
2018-06-21,0.4836748009320382,0.5663094839917557,0.5120578287656784,0.5160071293573181,0.5031929328343068,0.3600088855475959,0.48529684017922736,0.4966234543548692,0.5136895563150464,0.5409116249608864,0.5922233452612018,0.6633397227800443,0.6377955248720789,0.6776402038125775,0.6715745768887744,0.6798240708389555,0.6697085794192786,0.6316254873847412,0.4459950012724579,0.48667142281795306,0.3797244967122731,0.30597976586171377,0.3744262150090042,0.31275758867668313,0.3047156852706163,0.2871850738487972,0.31077258726490636,0.34177443369805,0.3144594857258876,0.302258349504335,0
2018-06-22,0.5667041257532779,0.5124839240182659,0.5164360016669841,0.503620720662823,0.3604976074215624,0.4857171926863435,0.497055920419383,0.5141188876020126,0.5413203004309458,0.5926046892345266,0.66368151657612,0.6381470776727322,0.6779736314675516,0.6719212859496825,0.6801674537229493,0.6700552475108494,0.632039538261923,0.4465705280811707,0.4871984653473918,0.380289982264337,0.3065719407430412,0.37495824592825583,0.31329722843725405,0.30518225818892014,0.28768590209328565,0.31125566136670707,0.3422436496451798,0.31493869939388147,0.30274064383456073,0.17794933495907234,1
2018-06-23,0.512904054650394,0.516860006647088,0.5040555443766485,0.36099354683696444,0.4861461018325325,0.4974707216280891,0.5145429267642821,0.5417362195551084,0.5929884029310452,0.6640284611193582,0.6385009690708991,0.6783059056096434,0.6722574646664768,0.6805099763921097,0.6704034072452095,0.6324046280364997,0.44707958836747447,0.48775183804360084,0.38087336573671043,0.3071758567580348,0.37551440797644237,0.3138606536492208,0.3057257199941328,0.28816044134197205,0.3117448786618681,0.3427116312171414,0.3154208367060303,0.30322549209382327,0.1784913044467555,0.18922156453343886,0
2018-06-24,0.5172780650034433,0.5044854601624225,0.36149689985387395,0.4865820312633107,0.4978940383783337,0.5149494726002433,0.5421469564713957,0.5933792419849943,0.6643776853917295,0.638860035341681,0.6786405125889349,0.6725924815965537,0.680842023554836,0.6707506868920837,0.6327711985220204,0.4475351310301805,0.48823975535734593,0.38148390688396205,0.30779796238674895,0.3760821052852515,0.31444871401401175,0.306293033740258,0.28871249130633864,0.3122081634069583,0.3431856750699547,0.31590168165386917,0.3037132692973704,0.17903589361295622,0.18975812273154494,0.1530838933316882,1
2018-06-25,0.5049093784339242,0.3619948774587403,0.4870250417025594,0.4983243569699627,0.5153644728613267,0.5425404708284405,0.5937651043699982,0.6647338715722424,0.6392214130538505,0.6789802559831927,0.6729298321833542,0.6811729213565185,0.6710874287207204,0.6331368123276495,0.4479921007270309,0.48867516903546776,0.38202638341290507,0.3084477944223621,0.37666771730196047,0.31504849199118584,0.30688504506820147,0.2892885426139941,0.3127480803736407,0.34363425218376903,0.3163886578443588,0.30419972882562357,0.17958346791820948,0.19029729464606482,0.15363779959764762,0.16444968994886705,0
2018-06-26,0.3624862715544953,0.48746308836665325,0.4987617254731366,0.5157864475367822,0.5429423431355828,0.5941342505165615,0.6650853650748231,0.63958981027069,0.6793222602672994,0.6732723246565172,0.681506151584161,0.6714230070690774,0.633491648155309,0.4484477376651975,0.4891120216927309,0.38251373972107094,0.3090277685569659,0.3772805197253127,0.3156664281737061,0.30748879659483236,0.2898894317818231,0.31331178761408557,0.34415831348390147,0.3168497702846811,0.3046923496968349,0.18012945618777437,0.19083944660394625,0.1541943386939453,0.16499814000792754,0.09751806532376044,1
2018-06-27,0.487895067511694,0.499194168688557,0.5162154258793378,0.5433511465623188,0.5945115742097757,0.6654208419171745,0.6399534147363787,0.6796711922432053,0.673617085211531,0.6818445154812045,0.6717609192419055,0.633845266084878,0.4488914174095016,0.48954762528221685,0.38300250418444093,0.30955082413703866,0.3778251543230357,0.3163120295243467,0.3081107364866905,0.29050211189991215,0.3139001345352188,0.344705889227526,0.31738734538275143,0.305158933531243,0.18068192493962287,0.1913800368608184,0.15475387416989403,0.1655492168857331,0.09809864624036972,0.13486431082850386,0
2018-06-28,0.4996205926291829,0.5166395361690101,0.5437668806572091,0.5948957480635245,0.665764247044602,0.6403007560233216,0.6800154909916287,0.6739687865206243,0.6821851366591255,0.6721039744210301,0.6342012232290054,0.4493336120571013,0.4899715340953155,0.3834898036165418,0.31007526668755614,0.3783145652019618,0.3168879660674531,0.3087604003511862,0.29113304815267754,0.3145002007068797,0.3452778456665563,0.3179486700146852,0.30570240710463964,0.18120651937840665,0.1919270786607073,0.15531176993022017,0.16610328500520108,0.09868188937717572,0.1354269634951862,0.07791317077004867,1
2018-06-29,0.5170576989282457,0.5441778370470455,0.5952867160810688,0.66611439047227,0.6406561134305427,0.6803439195289621,0.6743158319066933,0.6825326789741488,0.6724492991541285,0.634562359365329,0.44977817238529794,0.4903940172729043,0.38396473110675927,0.3105980957788291,0.37880538301686306,0.31740717769338067,0.3093402139902015,0.29179184051221235,0.3151184272713293,0.3458614276573369,0.31853459607539897,0.306269732823672,0.18181253169662878,0.19244641275008956,0.1558762100100367,0.16665573794571967,0.09926815401255774,0.13599225862890207,0.07850316311328465,0.0899261394333466,1
2018-06-30,0.5445829591581551,0.5956730753394577,0.6664711394570735,0.6410182485555181,0.6806802241711543,0.6746469511738942,0.6828755994503903,0.6728015673150104,0.6349258123581185,0.45022808840119444,0.4908188602414552,0.38443807952248843,0.3111080875240765,0.3792947272581423,0.31792777857084276,0.3098631167718342,0.292380366010937,0.3157643232688866,0.34646304492331514,0.3191322275474098,0.3068617563167432,0.1824434841045877,0.19304675411120895,0.15641240826775632,0.16721470602624652,0.09985265897587174,0.13656055837855993,0.07909582804613134,0.090510364891541,0.1241430871729212,0
2018-07-01,0.5960538120941252,0.6668235131135213,0.641387055699153,0.681023243696843,0.6749859664660436,0.6832026777702566,0.6731491749073423,0.6352962946905679,0.4506805535350178,0.4912490195766722,0.3849138029273196,0.31161639473887764,0.3797716727725173,0.3184467819711882,0.31038740661458575,0.29291156284343217,0.31634054101087516,0.34709208767317973,0.31974800093244643,0.3074655200780457,0.18310015578980932,0.1936719369082731,0.15703093016554992,0.16774560027014715,0.10044385091318057,0.1371271790798536,0.07969152334008511,0.09109725658545091,0.1247108866160632,0.11144136111114368,1
2018-07-02,0.6671705568735804,0.6417514052577045,0.6813728292969011,0.6753317055811626,0.6835376221990119,0.673480844937104,0.6356619671836993,0.45114046984712236,0.49168167634338056,0.38539494416632514,0.31212708738819966,0.3802470331431842,0.318952998138356,0.31091008363338746,0.293444141815168,0.3168600203497721,0.34765222136966983,0.32039140771949587,0.3080874722974386,0.18376893731485436,0.19432274635360688,0.15767460977374637,0.16835840413810213,0.10100597977035965,0.13770039087588798,0.08028541663859429,0.09168717320992058,0.1252813341969046,0.11201525808072404,0.17580509022795573,0
2018-07-03,0.6421103218104157,0.6817180884348191,0.6756840258434179,0.683879277025406,0.6738204150692356,0.63601133440341,0.451594843380792,0.4921216904142741,0.38587871621311765,0.3126432676085609,0.3807247691041097,0.31945754113015135,0.3114199252981659,0.2939750734785202,0.31738088878133663,0.34815638803183724,0.3209652498614937,0.30873714867052976,0.18445640079330156,0.19498563212634465,0.1583442129897513,0.16899626624377545,0.10165245633541142,0.13824509156600437,0.08088604724286903,0.09227531377274474,0.12585479124029286,0.11259180990619633,0.17634808907093086,0.17346851324216925,1
2018-07-04,0.6820580789305316,0.6760320009885818,0.6842274903626032,0.6741667108541479,0.6363687327418434,0.45203110613236797,0.4925563248117534,0.38637008780519894,0.3131621703039319,0.3812079269127179,0.31996446843174675,0.311928082883866,0.29449306165999606,0.31790015862270593,0.34866195287356266,0.32148246753091825,0.3093169742472335,0.18517255062265567,0.19566715510277383,0.15902599997071595,0.16965995855938157,0.1023245769192406,0.13887277957154293,0.08145732500840316,0.09287016080036345,0.12642654609015871,0.11317137693612048,0.17689370872655666,0.17401263377048673,0.18599610064093508,0
2018-07-05,0.6763746841074132,0.6845713865987787,0.6745195908714245,0.6367329155288334,0.4524760433102026,0.49297325021703203,0.38685565883309964,0.31368883903271555,0.38169372080476105,0.3204768757953961,0.31243862585937887,0.2950093412616956,0.3184066377407781,0.3491659827910862,0.3220010756351364,0.3098398883940394,0.18581581572831393,0.19637727717893289,0.15972656761859053,0.17033580084935254,0.1030230777203418,0.13952578474404012,0.08211366461920677,0.09343583253985793,0.1270049195594311,0.11374921435182206,0.177442314490556,0.1745593763473164,0.1865342072389409,0.16411700712997876,0
2018-07-06,0.6849100259269838,0.6748681219531484,0.6371037816832298,0.45292805363159294,0.49339870688976323,0.38732248405426595,0.31420941792636914,0.3821871238238468,0.3209919957636969,0.3129546561074464,0.29552800868000356,0.31891144289265133,0.3496574216135625,0.32251809455257296,0.3103641895952198,0.18639912693124866,0.19701478964519425,0.16045601408497875,0.17103037868507015,0.10373392748400805,0.1402048632428705,0.08279581982950106,0.09408612853439945,0.12755462346404634,0.11433370299615243,0.17798932958983535,0.1751091060887857,0.18707492925937177,0.16466561689507242,0.15768687202115178,1
2018-07-07,0.6752113562220681,0.6374701762066599,0.4533872340864933,0.49383117246114533,0.3877982099626571,0.3147105384285785,0.3826747096305795,0.32151486383863825,0.3134734084381736,0.29605217957290814,0.3194186324326561,0.3501472317036195,0.32302235223163706,0.3108868779251971,0.1869837893475721,0.19759262409743,0.16111196895340169,0.17175374736388127,0.10446377850579167,0.14089617967361007,0.08350451635932583,0.0947621349917411,0.12818770522057607,0.11488933434543572,0.17854283067633142,0.17565724012129325,0.18761863278125793,0.16521685365487362,0.15823856860441785,0.19232227236885963,0
2018-07-08,0.6378311201176257,0.4538413404597987,0.49427069984326744,0.3882811105529909,0.3152208135138377,0.3831435086197775,0.322031673225983,0.3139999260897185,0.29657909384561854,0.31993130255767954,0.3506394217013994,0.3235249426254934,0.31139673075298563,0.1875665877779696,0.1981718130130828,0.161707361335478,0.1724039018421537,0.10522293844590754,0.1416063491013201,0.0842256201372078,0.09546458405263304,0.12884619797548988,0.11552880622586698,0.179068425758015,0.17621186613972656,0.188160767638949,0.1657710818067289,0.15879289558341628,0.19285734205682842,0.15404295552051475,0
2018-07-09,0.4542892410440658,0.49470528721048573,0.38877135247981737,0.3157383772210305,0.38362122290845746,0.3225291009501416,0.31452035514425797,0.2971138121195143,0.32044668597477766,0.3511370623715973,0.32402991674572873,0.31190489946812294,0.1881357633220501,0.19874916071366674,0.16230409776169674,0.1729937720128381,0.1059072506299096,0.1423455383737718,0.08496580300282863,0.09617940464694016,0.12953085215786586,0.11619380026933109,0.17967551682643534,0.17673855161894572,0.18870936232041083,0.16632369406143346,0.15935021686125675,0.1933950238211857,0.1545964013839254,0.14500074046650935,0
2018-07-10,0.4951338368423115,0.38925630843407333,0.3162634743779348,0.3841061184365744,0.3230356559188678,0.3150213288573267,0.2976423745897689,0.32096981874703,0.35163737701456516,0.3245403670329167,0.3124154535763985,0.1887030763400532,0.1993129569272179,0.16289891997169453,0.17358498950467072,0.10652964034959103,0.1430107913750452,0.08573544653583134,0.09691325663860957,0.13022777614642594,0.1168850601160677,0.18030756675087758,0.17734681819818815,0.18923020161929444,0.16688282231024504,0.15990590836046256,0.19393568422720767,0.15515247957040748,0.14555852708999348,0.06903469804096499,1
2018-07-11,0.38973479299229624,0.3167830477915434,0.3845983663577177,0.3235494872409273,0.31553145606673155,0.29815131616296814,0.3214868906624094,0.3521453696000593,0.32505352480475114,0.31293149497943,0.18927279242305492,0.19987490679306055,0.16347996179550164,0.17417431574015277,0.10715335809258118,0.14361503596426925,0.08642976382911885,0.09767647631289254,0.1309435956942246,0.11758862753131108,0.18096535357280835,0.17798006408301645,0.18983216568222716,0.1674138718054077,0.16046813236190224,0.1944747896260806,0.1557115537029898,0.1461189508191543,0.06962895253896124,0.0825265457976025,0
2018-07-12,0.3172958517616558,0.38508531462206796,0.3240708313267189,0.3160488714103892,0.2986694702203981,0.3219845755708474,0.3526474254071925,0.32557442138415477,0.31345025849430436,0.1898481137836485,0.20043925812143348,0.1640591054053237,0.17474993358139015,0.10777504937167832,0.14422061934453484,0.08706167882676255,0.09836466293998393,0.13168851807295473,0.11831114093047293,0.18163525660941746,0.17863906606603996,0.19045899941014685,0.1680268430430904,0.1610021825728637,0.19502033860750334,0.15626899019038912,0.1466823745820125,0.07022588432256692,0.08311432346733161,0.043880758031576164,1
2018-07-13,0.38556577433710537,0.324586677271411,0.3165738193814838,0.29919493888388343,0.3224913896278473,0.3531303998600972,0.3260892754329772,0.31397678738299917,0.19042631234133184,0.20100920402882083,0.16464065561503374,0.1753236695213027,0.10838260830578915,0.1448242517034819,0.08769491619519855,0.09899074128977643,0.1323592425147428,0.11906285547656854,0.1823238501118824,0.17931019121040195,0.19111148629142732,0.16866487543010902,0.1616183887535651,0.1955382257066075,0.15683296853507236,0.14724414117920157,0.07082585048085599,0.0837047712865667,0.0444870878029243,0.052657866464279765,1
2018-07-14,0.32509578586516,0.3170932446269785,0.2997279848086799,0.32300548089262965,0.35362239455669026,0.326584787619507,0.31449722758259674,0.19101255794223754,0.20158201307030735,0.16522783470235633,0.1758998104453333,0.10898818927554611,0.14541398827181537,0.08832608749619646,0.09961814547396071,0.13296869614169649,0.11974006208315552,0.18304114656249218,0.18000001609661467,0.1917760590894391,0.16932874076086515,0.16225971235971068,0.19613700712956147,0.15736871923251317,0.14781247284781088,0.07142399547670397,0.08429824738140013,0.045096108164295046,0.053259982741299595,0.05403538126123956,1
2018-07-15,0.3176059017046664,0.300255452766344,0.32352708636182326,0.3541216175881853,0.3270894128694403,0.314998212213866,0.19159222545712445,0.2021628436134883,0.1658179220083577,0.1764815694595937,0.10959618474446982,0.1460018004766673,0.08894300227309791,0.10024350785791959,0.1335794854685303,0.12035568699917211,0.1836855059562534,0.18071856201693218,0.19245928189593614,0.17000475705505458,0.16292692174891335,0.19676060285127459,0.15798675863476355,0.14835244322603747,0.07202890057207717,0.08488993144022064,0.045708174271365413,0.05386478496595691,0.05463683625546579,0.0712491180541907,1
2018-07-16,0.30077608331050837,0.3240431919068473,0.35462827241995676,0.3276013081086728,0.3155083504223013,0.1921512318323529,0.2027371404487229,0.16641611269970666,0.17706622251280998,0.11020986182904757,0.1465920218715164,0.089557910947892,0.10085468980897215,0.13418830211626703,0.12097264395288566,0.18426985896673403,0.18136411385312315,0.19317112876843254,0.17069951021571067,0.1636063012183871,0.19740979974134293,0.15862994735376929,0.14897503168518442,0.07260432160566657,0.08548834096085964,0.04631836491324531,0.054472628968559984,0.055240976468734854,0.07184230950890366,0.16873298124205507,1
2018-07-17,0.32455255786583587,0.35512952931580816,0.3281207053812952,0.3160257768012632,0.19271982133301463,0.2032908854644224,0.16700762741132713,0.17765895319783426,0.11082651645503334,0.1471878894363524,0.090175236908899,0.10146388289942558,0.1347831550642255,0.12158760256894124,0.18485556257237112,0.1819496021181296,0.1938102873092827,0.17142305679454692,0.16430444308137027,0.1980710637403886,0.15929905179953704,0.14962284859794225,0.07326512789607885,0.08605746582803368,0.046935380232520967,0.055078616454142124,0.05584815783723438,0.07243817707797577,0.1692793750859385,0.22639627045969324,0
2018-07-18,0.35562417446869227,0.32863461779332664,0.31655073586882304,0.19329589177116063,0.20385417465450484,0.16757823983373418,0.17824505264957013,0.11145140037190618,0.1477866879502255,0.09079826309274687,0.10207549156831949,0.13537606826115992,0.12218851703137908,0.18543939786052657,0.1825364403046066,0.1943896888926269,0.17207338105327652,0.16503142813412963,0.19875095263360185,0.15998033715896576,0.15029665554142038,0.0739518274897756,0.08671148449144109,0.04752253971699997,0.055691406083593575,0.056453485662515124,0.07303707802068707,0.16982839348305,0.22691498275629574,0.17649904579548079,0
2018-07-19,0.3291418095016362,0.31707017213508654,0.19387981992057982,0.20442492730213732,0.16815852130380152,0.17881036003964604,0.11206938954981358,0.14839363113284734,0.0914242912766466,0.10269278905843457,0.1359713921722285,0.12278747351275157,0.18600959668053207,0.18312140545351893,0.19497044400941693,0.1726634128619802,0.16568503393075826,0.199459416625933,0.16068039937791606,0.1509826702811297,0.0746651413614166,0.08739127837839246,0.048196000727919505,0.05627446960313621,0.057065612095162664,0.0736341625814845,0.17038040118553188,0.2274362891068795,0.17704171150165232,0.1506225602888186,0
2018-07-20,0.3175828401386573,0.1944578230013435,0.20500350818827925,0.16874632227038722,0.17938529720301213,0.11266593755104691,0.14899382660636834,0.09205859317378634,0.10331307356148076,0.13657237242889653,0.12338884251394491,0.18657792989695166,0.18369271933419903,0.1955493513954283,0.17325479189591236,0.16627818989930265,0.200095346685277,0.1614093329918881,0.15168749777711957,0.0753908888768779,0.08809757567469154,0.04889557518770791,0.05694351492991098,0.05764803277744847,0.07423800155671254,0.17093080295590576,0.22796055869573645,0.17758699765342784,0.1511776481298828,0.07410811102901273,1
2018-07-21,0.19502855357413418,0.20557620048300784,0.16934204596229507,0.17996773623786722,0.11327234660697415,0.149572943093866,0.09268592314870025,0.10394160455781264,0.13717629701016926,0.12399587991606344,0.1871486664831973,0.18426216425774158,0.19611468686403755,0.17384427900144656,0.16687269123912812,0.2006716746206615,0.1620647984150868,0.15242126665818073,0.07613575072679515,0.08881626650345076,0.04962197062670761,0.05763859688889431,0.058316385088944385,0.07481238919908909,0.17148770886976686,0.22848334683696542,0.17813526959986933,0.1517353701031327,0.07469993001000311,0.0959820063709242,0
2018-07-22,0.20614166599427164,0.16993176412030062,0.1805580682806371,0.11388636132578234,0.15016179158656665,0.09329162181512313,0.10456321092623522,0.13778839055320485,0.12460587748918629,0.18772501038215728,0.18483401288327966,0.19667817135561944,0.17442005560549415,0.16746528766113883,0.20124935791346438,0.16265972482506075,0.1530813466611493,0.07691014196671837,0.08955401810527587,0.05036087449237173,0.05836042770163132,0.05901076197673237,0.0754720814347512,0.1720166042536689,0.22901249108235164,0.17868195237971382,0.1522960895686966,0.07529442359317508,0.09656332468023353,0.08013018986779702,0
2018-07-23,0.17051410890651705,0.18114243156953233,0.11450844405426021,0.15075818782903427,0.0939072492807113,0.10516330249011188,0.1383936941783435,0.12522407280466843,0.18830423415332054,0.18541147103919892,0.1972440577682659,0.17499394983073677,0.16804413285262695,0.2018252062548905,0.1632559955556956,0.1536806663419745,0.07760899027595697,0.09032119466527393,0.05111899255131146,0.0590947408466264,0.05973187639861381,0.07615764759324335,0.17262725323637942,0.2295144770561032,0.1792351193651785,0.15285516400507074,0.07589194925755827,0.09714730602219132,0.08071911792004631,0.06964288381924534,1
2018-07-24,0.18171946759069063,0.11512434143630189,0.1513625544343785,0.09453051281064323,0.10577328134248876,0.13897781484109062,0.12583542819634172,0.18889150982630898,0.18599181198238454,0.19781554182124444,0.17557024908739186,0.1686210864365149,0.20238752274943736,0.16385035400749617,0.15428132773639375,0.0782452189882393,0.09101315758112782,0.051906834700946834,0.059848233340586914,0.06046546905739196,0.07686980983279201,0.1732629229697321,0.23009611615772524,0.17976039060243268,0.15342078907993123,0.07648766471206978,0.09773430955711145,0.08131071738928135,0.07023684635464972,0.10173378041936142,1
2018-07-25,0.11573264005013713,0.15196085654675484,0.09516189560988435,0.10639087763060524,0.1395717045560969,0.12642547744198443,0.18947219897151943,0.18658021012180012,0.19838989303234134,0.1761521667500291,0.16920044596592806,0.20294799734653957,0.16443093814788956,0.15488005858593965,0.07888276751145762,0.09164283111405153,0.05261852000444029,0.06063138198721568,0.06121823559652897,0.0775943991326744,0.1739243877152817,0.23070227134477608,0.1803671325480616,0.15395813595440974,0.07709012724110101,0.09831955010389362,0.08190534621740433,0.07083348585398208,0.1023123375610816,0.10746736087614102,0
2018-07-26,0.15255171138169232,0.09578702962071617,0.107016561778505,0.14017315864635527,0.12702533963054408,0.19003220618179775,0.18716201253447826,0.1989722730536492,0.17673697886667017,0.1697854300042241,0.20351087296537312,0.16500962545078351,0.1554649578499004,0.07951823203197202,0.09227382834790362,0.05326697006633403,0.0613385880047411,0.062000647625866205,0.0783380939759697,0.1745979897009404,0.23133374769877574,0.18099882727626015,0.1545778961266733,0.07766318069294455,0.09891148156820455,0.08249817783622088,0.07143315945306317,0.10289355469322393,0.10804316558419576,0.08171303234203947,1
2018-07-27,0.09640448533833218,0.10763603601228951,0.14078261113157464,0.1276327858910214,0.19060180392692064,0.18772311035167763,0.19954810666855835,0.17732986936893877,0.17037331651862192,0.20407934022031063,0.16559071921722446,0.1560479472986016,0.0801393837913702,0.09290276883372535,0.05391673268673714,0.06198277360108021,0.0627071506461861,0.0791113010688507,0.1752903102280747,0.231977189859512,0.18165625319940143,0.1552228355507603,0.07832143459500901,0.09947432724957,0.08309774106903574,0.07203101320266488,0.10347779141819852,0.10862162725006926,0.08230120054292782,0.09136863134337037,1
2018-07-28,0.1082478806820897,0.1413859644296542,0.12824826375683468,0.1911788859346248,0.1882938067777345,0.20010335718279956,0.17791612732816728,0.17096929598856658,0.20465066674097102,0.1661774409510232,0.15663334449629773,0.08075851670591068,0.09351748201697,0.05456436049135013,0.06262827428655947,0.06335066696010176,0.07980901927692115,0.17601138844406236,0.232639121643789,0.18232579327408616,0.15589371880853925,0.07900553739819006,0.10012157659203651,0.08366798423045654,0.07263562549039257,0.10406027757206182,0.10920310591686946,0.08289203932360542,0.09195216432618658,0.0914518020480924,0
2018-07-29,0.14198182696087908,0.12885760133237648,0.19176383126001897,0.1888719910897208,0.20066816301697446,0.1784815899993176,0.17155861760042587,0.2052300077374917,0.16676706970699534,0.1572243782434016,0.08138006816883422,0.09413019571941345,0.055197516207599405,0.06327165788674996,0.06399549876032498,0.08044417208613788,0.17665935699894855,0.23332936478198435,0.18301402105968717,0.15657679314883868,0.07971621278879322,0.10079448339676465,0.08432320847893397,0.07321076270526859,0.10464943987688773,0.10978284639030847,0.08348590674763583,0.09253836278175596,0.09203529510440031,0.0905135325354464,0
2018-07-30,0.12945939661796652,0.19234284457792333,0.18945804482869266,0.20124043731045135,0.17905668359333948,0.1721270815635925,0.20580282723336152,0.16736479967519458,0.1578183302935515,0.08200732828123924,0.09474532605222903,0.05582861697701849,0.06390062499354623,0.06463821625795584,0.08108064534475592,0.17724714608013517,0.23394790560856527,0.1837309464219633,0.157278657927313,0.08043930673992349,0.10149378304125385,0.08500422892370064,0.07387126302289737,0.10520960140948085,0.11036924829485241,0.0840779803794268,0.09312758551579645,0.09262145358947078,0.091097476012676,0.0718027230574972,0
2018-07-31,0.19291457668997147,0.19003815899894783,0.20182054827584783,0.1796392795747442,0.17270519866888326,0.20635512498092218,0.16795585743943398,0.15842040404450938,0.08263760147028734,0.09536615222928856,0.05646213987072317,0.06452754975078046,0.06526652598749119,0.08171503907398577,0.1778362837174358,0.2345076782749473,0.18437495166430212,0.15800942057591838,0.08118149488452849,0.10220543621502237,0.08571177246975223,0.07455765132100976,0.10585395708626409,0.11092673416897658,0.08467678156157453,0.09371503530226725,0.09321063631541446,0.09168408541493733,0.07239564875138933,0.04351948528293942,1
2018-08-01,0.19061098248528988,0.20239476021214192,0.18022976943390778,0.1732908281328175,0.20691695618840814,0.16852602221561871,0.1590157699928646,0.08327616849013579,0.09598997465085271,0.05710139528774653,0.06515689538454011,0.06589279534453057,0.08233513406842868,0.17842353875099654,0.23506881612302064,0.18495896750797697,0.1586666315544425,0.08195317314906857,0.1029360967449205,0.08643171667264733,0.07527064889932962,0.10652391988617091,0.11156820533310856,0.08524628606660023,0.09430918785021394,0.09379804627333876,0.09227371948222322,0.07299125026682805,0.04412598848505794,0.07113995650424312,0
2018-08-02,0.20296173228124637,0.180814289462626,0.17388436828696557,0.20748624604515226,0.16910585272543613,0.1595901552601264,0.083907728633759,0.09662206033229925,0.057743695162926295,0.06579196521118363,0.06652148538226689,0.08295321339624084,0.17899711252105285,0.23562818785207515,0.18554433414689073,0.1592632198053018,0.0826494323063351,0.10369607808280863,0.08717073116192013,0.07599607831332911,0.10722022826091793,0.1122352334404551,0.08590071400129497,0.0948741864299395,0.09439215877921428,0.09286157875593773,0.0735898849056449,0.04473518246828335,0.07173320036249822,0.03059943612126631,1
2018-08-03,0.18139148087411763,0.1744719178025759,0.20806335603318726,0.16969320124454676,0.16017423750628354,0.08451757136385513,0.09724719225409284,0.05839434586473461,0.06643006854585227,0.06715589830547501,0.08357371095763251,0.17956881053734067,0.23617424356192293,0.18612783387017182,0.15986115139064785,0.08328319603882393,0.10438117417501534,0.08793918915803665,0.07674061964734316,0.10792887306487876,0.11292856000722597,0.0865809242793485,0.09552375671980219,0.09495711854612432,0.09345614298642874,0.0741867043576797,0.04534742236052427,0.07232912039285015,0.03121214165690748,0.057414191140574625,0
2018-08-04,0.17505211261785295,0.208634587463784,0.1702884699813821,0.16076585178356723,0.08513737357256962,0.09785073760874169,0.05903789066080765,0.06707650281926852,0.06779334301815049,0.08419991506677912,0.18014291292883072,0.2367185062787339,0.18669770152087795,0.16045716378767202,0.08391828104502379,0.10500431020773876,0.08863237502374621,0.07751468566378295,0.10865650239095721,0.11363420595723481,0.08728764465175662,0.09619902484787325,0.09560664699355509,0.0940215406104137,0.07479027680287145,0.04595778600765303,0.07292807384618852,0.03182754480732344,0.05801402412040145,0.026058835460344383,1
2018-08-05,0.20919860468858215,0.1708777362878666,0.1613654099206658,0.08576482561354472,0.09846419582109532,0.059659474095889085,0.06771586574188392,0.06843911554828934,0.08482912948990613,0.1807226293452392,0.2372651651732917,0.18726570456399183,0.1610393802082076,0.08455129229724305,0.10562877382089178,0.08926321285552728,0.07821322359312324,0.10941340800419222,0.11435881366757618,0.08800676097520622,0.09690072372588815,0.09628187255128981,0.09467154109277971,0.07536440609744478,0.04657497525967537,0.07352521068195324,0.03244599970735438,0.058616540532152164,0.026673720733797677,0.0393947381456281,0
2018-08-06,0.17145963311288787,0.16195893636655914,0.08640042013779277,0.0990852829437961,0.06029110392871847,0.06833335242549445,0.0690778221508181,0.08546663272622186,0.18130523445686167,0.2378173833640066,0.18783611087827853,0.16161969488215136,0.08517002292378596,0.10625120786718278,0.08989537369731536,0.07884915681090164,0.11009556875146341,0.11511265328506566,0.08874494130129502,0.09761478984877942,0.09698352817551721,0.09534724689712107,0.07602381981941936,0.04716230333732172,0.0741291022123997,0.03306255047025341,0.05922209657171848,0.027291306023638676,0.04000322145301728,-0.011435557862185362,0
2018-08-07,0.16254505665227947,0.08702973714265179,0.09971447727351516,0.06093042260021928,0.06896085517766296,0.06969466587372991,0.08609713780434732,0.18189590749486487,0.23837241831045886,0.1884121238466399,0.16220241650588804,0.08578674198704278,0.10685949983895625,0.09052547295023142,0.07948641001496917,0.1107159102143697,0.11579188797227008,0.08951255288244828,0.09834788164247325,0.09769755079735387,0.09604939047813876,0.07670910261911036,0.04783594610130496,0.07470354079659661,0.03368596000777059,0.05982580636229767,0.027911945115705262,0.040614397723173164,-0.010802673219712225,-0.09740027844603934,0
2018-08-08,0.08765133983978722,0.10033743774383228,0.06157794952335992,0.06959603315777244,0.07032152090521429,0.08670594694479192,0.18247996616263326,0.23893539052515542,0.1889910158214406,0.16279076934331124,0.0864058788774426,0.10746581164176067,0.09114132972184315,0.08012158044491952,0.11133758091606685,0.11640944370493844,0.09020493096457638,0.09911032995336605,0.0984305987598131,0.09676390384624772,0.07742097695063593,0.04853570547599177,0.07536328795045062,0.0342793174137257,0.06043630608580353,0.028530670268314746,0.04122862176696564,-0.010167068729329907,-0.09672612601413522,-0.22491656329214788,1
2018-08-09,0.10095273863456099,0.06221911752827609,0.07023939644058859,0.07095604902851672,0.08732470791195382,0.18304327430887618,0.23949197538642952,0.18957795812564587,0.16338203347011926,0.08703071960210067,0.1080745381620991,0.0917551835733048,0.08074244196605533,0.11195723366997201,0.11702833032951329,0.090834999752969,0.09979778042300635,0.09919300259569959,0.09749744627982257,0.07814527669662359,0.04926228879863095,0.0760489099825092,0.03495946013799429,0.06101714999745941,0.029156265852655402,0.04184096066107235,-0.009528393487116692,-0.0960492082658918,-0.22418119603681028,-0.18637993707606926,0
2018-08-10,0.06285246919139191,0.0708764292081424,0.07159875885282771,0.08795111527745797,0.183616197427549,0.24002836895519733,0.19015831663413343,0.163981406559362,0.08765856707392113,0.10868894775597933,0.09237145439580628,0.08136128551522676,0.11256278078159758,0.11764521058861359,0.09146639200773647,0.1004231579204498,0.09988041062022561,0.09826035184937368,0.07888867978826342,0.05000138162200101,0.07676112899265396,0.03566583254836426,0.06168380246015811,0.029751742195757047,0.04246013574956227,-0.00889171312788843,-0.09536918090485842,-0.22344299601926432,-0.18566306951880854,-0.25485281882305727,0
2018-08-11,0.07150568123723097,0.07223514261955177,0.08858565933633544,0.18419661577557764,0.2405741782416101,0.19071799993779565,0.1645740939787599,0.08829469688079317,0.10930633680762163,0.0929934233369553,0.08198254752632113,0.11316635597943749,0.11824802152243243,0.09209572587110758,0.10104986166818672,0.10050574770816424,0.09894823870784536,0.07966159084438384,0.050759690072866154,0.07748577538767051,0.03639913507655625,0.06237644992803298,0.030434169255293884,0.04304938870027762,-0.008248066077334014,-0.09469133400889676,-0.22270162874429125,-0.18494338958211842,-0.2541030805201409,-0.3046616746135027,0
2018-08-12,0.0728637512355416,0.08921393304174739,0.1847849159322786,0.24112739333846664,0.19128727137834745,0.16514585523849087,0.08892383978515392,0.10993195863067737,0.09361839151225095,0.08260951760966223,0.11377234507713502,0.11884886877153683,0.09271082727903648,0.10167452652965389,0.10113241107037627,0.09957403166551013,0.08035902652716227,0.05154772541081007,0.07822952775946128,0.037144985516877976,0.06309580716479701,0.031142865739962482,0.04372510658736946,-0.0076350924318420695,-0.0940062997238338,-0.22196271721869348,-0.18422055980875524,-0.25335049362114237,-0.30388802532293235,-0.31347776931404486,0
2018-08-13,0.08983450142197692,0.18536726119595226,0.2416883394755529,0.19186402600535823,0.16572729405098813,0.08953131447886532,0.11055067966739834,0.09425162837728573,0.08323950001088692,0.11438401178931239,0.11945212910540885,0.09332392803857614,0.10228502009508417,0.10175703571433041,0.10020115062692486,0.0809939103606126,0.05225959508526875,0.079002793225788,0.037910102876097196,0.06382763259323174,0.0318785296546161,0.04442697718467328,-0.0069338022809601555,-0.09335320939481495,-0.2212162909306235,-0.18350010259124958,-0.25259472593182103,-0.3031115010913972,-0.3126998878135955,-0.3665094899124713,0
2018-08-14,0.1859422965665696,0.24224351731958743,0.19244864213561869,0.1663162561768121,0.09014873112007907,0.11114794463046744,0.0948779020483621,0.08387777486483554,0.1149986507834625,0.12006106161196646,0.09393944554413759,0.10289352687023923,0.10236748958905814,0.10082622897469792,0.08163011480308056,0.05290822067594901,0.07970056714307099,0.038705047128298094,0.06457861848846203,0.032626754980637794,0.04515570562483656,-0.006205914556547995,-0.09260867116780394,-0.22050369327803104,-0.18277222954659783,-0.2518414786187676,-0.3023317735530941,-0.3119191267091755,-0.36570615027217157,-0.37481096587754553,1
2018-08-15,0.2427916191750941,0.19302732850404844,0.1669131474634452,0.09077378972617235,0.11175507595606318,0.09548256591200005,0.0845090452369488,0.11562150951619202,0.12067295924740543,0.09456065966605612,0.10350444901876907,0.10297595679288069,0.10143713061016375,0.08226424083448927,0.05355815872097588,0.08033577298976277,0.03942351038598068,0.06535922372066909,0.033394265251322434,0.04589695582863356,-0.005450751293814536,-0.09183678300983304,-0.2196950027574132,-0.18207761556948995,-0.25108063968770233,-0.30155467391925583,-0.31113515831260974,-0.36489990297838204,-0.37400364107263684,-0.3547122452645464,1
2018-08-16,0.19359873648157325,0.16750402525123526,0.09140697755041645,0.11236981532651849,0.09609715091392115,0.08511860409383078,0.11623749010696637,0.12129306362981428,0.09518487104740114,0.10412105861943764,0.1035868393582544,0.10204604422808126,0.08288407163769337,0.05420596122041112,0.08097229925438224,0.040078413340673996,0.0660640024082207,0.03419163756089749,0.046657438034790985,-0.004682915148612663,-0.09103691290267003,-0.21885784629192126,-0.18128831247819233,-0.25035407184732866,-0.30076985479281276,-0.31035383685284257,-0.3640904244190829,-0.37319340422342456,-0.3539145689499074,-0.32760119460966564,1
2018-08-17,0.16808751968312055,0.09203390427297421,0.11299262672287665,0.0967193685422372,0.08573812032775266,0.11683207040583495,0.1219063124430205,0.09581734753195302,0.10474065343341553,0.10420340929682875,0.10265737334093504,0.08350188756882344,0.054839289343149564,0.08160674576909795,0.040734625024583436,0.06670587708600341,0.03491241805653867,0.04744767905507765,-0.003895645209467775,-0.09022411433930759,-0.2179916600184271,-0.18047088071197098,-0.24953032066636752,-0.3000200429275529,-0.3095647732668544,-0.363283707282354,-0.3723799323559618,-0.3531139912215731,-0.32681653308902675,-0.13464515965440296,0
2018-08-18,0.09265313726752711,0.11360924780206999,0.09734969964316716,0.08636528545081672,0.11743649719204588,0.12249821656962234,0.09644286705409967,0.10536849147216447,0.10482296434495045,0.10327439071750973,0.08412212165483215,0.05547056200054428,0.08222689285758794,0.04138867506330924,0.06734906822427786,0.03556952711763529,0.048161653741923445,-0.0030782230111235944,-0.08939154070999752,-0.21711216618190385,-0.17962473581058136,-0.24867784154044534,-0.2991712333601688,-0.30881084724315094,-0.3624691118707298,-0.3715692398324354,-0.35231018756075694,-0.32602898449426004,-0.13395312763300388,-0.2375065287194552,1
2018-08-19,0.11421826388220968,0.09797378913002205,0.08700059146697003,0.11804852310379552,0.12309994737124993,0.09704679211950078,0.10598941056200575,0.10545076242938829,0.10389439437419658,0.08474806176316417,0.05610425683358339,0.08284502412277403,0.04202816888862123,0.06799015188544165,0.03622794359879435,0.048812283391482955,-0.002338307727393897,-0.08852814942312993,-0.2162123910515542,-0.17876539791582882,-0.2477960866068109,-0.2982932599240813,-0.30795760237798214,-0.36169043782553933,-0.37075064772158156,-0.35150911985442057,-0.32523822222275345,-0.13325831059571588,-0.23676511758892474,-0.19363918014759468,0
2018-08-20,0.09859020931674518,0.08762962193184008,0.11866860600265944,0.12370926840730835,0.09766063285369239,0.10658882883684886,0.10607164189235643,0.1045226431932064,0.08537701149481092,0.05674368453282848,0.08346557363705812,0.0426655887052019,0.06861684918018611,0.03688418926237242,0.04946422430613497,-0.0016629815564094639,-0.08774436313454595,-0.21528081124099394,-0.17788593171409836,-0.24690093510944494,-0.2973856013784545,-0.30707511648624436,-0.36081051317971025,-0.3699680996722434,-0.35070020416033026,-0.3244501373779338,-0.13256036710882635,-0.2360208670371058,-0.192918827754782,-0.25782357243234977,1
2018-08-21,0.08825094055602248,0.11928251719725612,0.12432663143926205,0.0982821037597528,0.10719812941567916,0.10667102134693093,0.10514396969683731,0.08601424878524344,0.057386157140946074,0.08409182980270338,0.0433054325341506,0.06924151095184192,0.0375258499519765,0.0501140213428573,-0.0009863587758096276,-0.08702726995194782,-0.2144319486337354,-0.17697495911972969,-0.24598538347408175,-0.29646439818701054,-0.30616287303914197,-0.3599008833772746,-0.3690839986286772,-0.34992703547043924,-0.32365427414773346,-0.1318646844918854,-0.23527344353647694,-0.19219565914298362,-0.25707240800446535,-0.21651372303069366,0
2018-08-22,0.11988884672421182,0.12493784132097115,0.09891168399987209,0.10781504519336561,0.10728028281809729,0.10574378709256697,0.08664449009699447,0.05803698139429318,0.08472109641851665,0.043951021491843476,0.06986859292386058,0.03816543011599186,0.050749317876375113,-0.00031198255463637517,-0.08630890494522822,-0.21365290010347918,-0.1761457631908982,-0.24503779544094817,-0.29552259712101014,-0.3052370587359096,-0.358961060233914,-0.3681701197745473,-0.34905304591206443,-0.32289375722279684,-0.13116171886682224,-0.23452850296465283,-0.19146933741292008,-0.25631839340920876,-0.21578238960039703,-0.25647204848061567,1
2018-08-23,0.12554149279265173,0.09953502774803771,0.10844004505924582,0.10789715935914634,0.10635348974706722,0.08725304084002618,0.058680698319596485,0.08535865209486568,0.0445996714771837,0.07050139457449132,0.03880743493787036,0.05138255302454193,0.0003475711998089634,-0.08559296015394123,-0.21287261651481285,-0.17538543815213692,-0.24417365524536275,-0.29454837411848994,-0.3042906115590388,-0.35800750857073765,-0.3672259793625213,-0.3481494544457716,-0.3220334069896557,-0.13049124767385958,-0.233776015308058,-0.19074540391009023,-0.25556119668067917,-0.21504822785231942,-0.255721532858491,-0.23592368624521276,0
2018-08-24,0.10015070861669077,0.10905883967895388,0.10852211977092811,0.10697080892643203,0.08787154149679995,0.05930245038021966,0.08598920918326215,0.04525670238304398,0.07113722379925906,0.039455189198019144,0.052018210934730205,0.0010049906151654096,-0.08489238233741184,-0.21209501073525922,-0.1746238669440202,-0.24338006181896843,-0.2936588146050806,-0.3033116742058528,-0.3570331135028878,-0.36626808575033193,-0.34721576658183245,-0.3211436921226811,-0.1297279718827993,-0.23305754236551832,-0.19001403594341332,-0.2548065267417305,-0.21431090264537794,-0.25496816778384174,-0.23518303496604323,-0.23619139195103706,1
2018-08-25,0.10967001058598086,0.10914087520568042,0.10759621442976167,0.08849768769343636,0.05993425008696431,0.08659806927530929,0.04590657509542396,0.07178137318550992,0.040106010150570776,0.05265960562596013,0.0016648400186153674,-0.0841940622400849,-0.21133357962972094,-0.17386489569777197,-0.242585241965436,-0.2928410209364923,-0.30241761551032803,-0.3560258177738218,-0.36528931577737594,-0.3462683852713706,-0.32022410364178794,-0.1289370201960938,-0.23224251794676687,-0.1893160343352521,-0.25404425755793525,-0.21357601504761872,-0.25421162118688545,-0.23443954510278175,-0.23545061215841895,-0.23456956320895614,0
2018-08-26,0.10975200726512409,0.10821541191979611,0.08913196913597117,0.06057373919260886,0.08721688157128013,0.04653435764214777,0.07241846994631676,0.040765222312102056,0.05330405037200819,0.002330474446611233,-0.08349329993385689,-0.21057458926001799,-0.17312185503119124,-0.24179316039478424,-0.29202201520173965,-0.30159553843422976,-0.35510469501229414,-0.36427758088674544,-0.3453002073902074,-0.3192909023157201,-0.12811778050221348,-0.23139891739661403,-0.18852307918419245,-0.25331630337230776,-0.2128336342600526,-0.25345759846181737,-0.23369288300624547,-0.2347069936401141,-0.23382956198324978,-0.2461458856724629,1
2018-08-27,0.10882698222853911,0.08975998201652137,0.061221437494489536,0.08784334043487087,0.04717223248006365,0.07303373659581662,0.041417258404088345,0.05395685610947085,0.002999222344206844,-0.08278667101317128,-0.20981313855360567,-0.17238119979108998,-0.24101744311699852,-0.2912058483679689,-0.30077225183383843,-0.35425685182569044,-0.3633522215722471,-0.34429922016281356,-0.3183370120473192,-0.12728550162283467,-0.23052618358103624,-0.1877019318258039,-0.25249105763198104,-0.21212495791472674,-0.2526959799616788,-0.2329487004214469,-0.23396020276751617,-0.23308672288967372,-0.2454003271758835,-0.2120277031447456,1
2018-08-28,0.09038029181752442,0.06186277570905727,0.08847793627725252,0.04781781675210036,0.07365900287845317,0.042047160294851144,0.054602538280014684,0.0036764464086057585,-0.08207682137515356,-0.20904570020584995,-0.17163808969267436,-0.24024420954079714,-0.2904063613206963,-0.299951821943686,-0.3534078144049893,-0.36250034501194445,-0.34338411797546675,-0.31735052228212907,-0.12643329981876825,-0.2296401047723718,-0.18685201167977358,-0.2516370579468583,-0.21132049478730996,-0.2519686564843033,-0.2321969748155192,-0.2332158919845836,-0.23234071217496374,-0.24465192468848995,-0.21129852325049,-0.1732129748847524,0
2018-08-29,0.062496296116363155,0.08910626141291891,0.04847164400158333,0.07429193701336095,0.042687170166795615,0.055226215583333835,0.00434634679034625,-0.08135830078452788,-0.2082748820541938,-0.17088902852838378,-0.23946851137212638,-0.28960942946273277,-0.2991481276819436,-0.3525617408230878,-0.36164727661103996,-0.3425420066245612,-0.31644925587563294,-0.12554999206815037,-0.2287336946888805,-0.1859888769585986,-0.25075375804200145,-0.21048763925610964,-0.25114409068349547,-0.23147924052937463,-0.2324640374932393,-0.23159717804868787,-0.2439003453468042,-0.21056651741119753,-0.17250242819283582,-0.1914949354164781,0
2018-08-30,0.08972688078060155,0.04911906935412215,0.0749330440149234,0.04333489651400575,0.05585995478578735,0.0049937493434481775,-0.08064744231436231,-0.20749510401323595,-0.17013663563765705,-0.2386867971493351,-0.2888100259314365,-0.29834700126273306,-0.3517327387771348,-0.3607971888186186,-0.3416986976381566,-0.31562031676049884,-0.12474719832682075,-0.2277953824742444,-0.18510558511192085,-0.2498570527413412,-0.2096258229668344,-0.250290782766338,-0.23066501242440585,-0.2317461782783448,-0.2308461043777316,-0.24315126758471242,-0.20983135014097817,-0.17178907608575492,-0.19077561237895735,-0.21581976746316864,0
2018-08-31,0.04975862449069942,0.07556783589281978,0.04399087771067464,0.05650138978341829,0.005651389439145637,-0.07995991537426006,-0.206723490116485,-0.16937537017702764,-0.23790166577481633,-0.28800455907197386,-0.2975434019168874,-0.35090638068702706,-0.35996422514441784,-0.34085832865911964,-0.31479017219316163,-0.12401200926284923,-0.22694009473780935,-0.1841907306834102,-0.2489399355090662,-0.20875072409623446,-0.2494081857355281,-0.22982222204096617,-0.23093181549304823,-0.23012900201273945,-0.24239462055797378,-0.20909861079544576,-0.17107258009421916,-0.19005347425658406,-0.21508876716967557,-0.21611086492969597,1
2018-09-01,0.07619486632573721,0.04464044231689188,0.05715104476199276,0.006316804152956717,-0.07926185384153014,-0.20597644442581559,-0.16862211714428513,-0.23710750667901104,-0.2871956129203289,-0.2967337308754382,-0.35007754213125597,-0.35913391734068306,-0.34003495649125587,-0.3139629128665769,-0.12327555911326354,-0.22615492921876226,-0.18335783009194656,-0.24799075888430203,-0.2078553772903082,-0.24851218732700522,-0.22895031139903185,-0.2300888880863385,-0.22931545515486557,-0.2416721159342234,-0.20835838977709392,-0.17035842823348119,-0.1893281839852666,-0.21435493892544824,-0.21537972489342389,-0.18391080677963204,0
2018-09-02,0.04528211828872104,0.057794326305460136,0.006990571750372094,-0.0785558843845244,-0.20521842351156833,-0.16789305858244574,-0.23632162958460384,-0.2863775261864704,-0.295920569543037,-0.3492425815469847,-0.35830112789114105,-0.3392142113473451,-0.3131524786274085,-0.12254160441692048,-0.2253685322712653,-0.18259397806109345,-0.24712510260229034,-0.2069282908452263,-0.2475957823522929,-0.2280650604698129,-0.22921683822127564,-0.22847335786971415,-0.24085274513285507,-0.2076518068980044,-0.1696368943492231,-0.1886052773121512,-0.2136179475360646,-0.21464575675245037,-0.18319512454058626,-0.19742084812792746,0
2018-09-03,0.058429773310101296,0.0076578014244571115,-0.07784133727756447,-0.20445229693254846,-0.1671531579598653,-0.23556061102350448,-0.28556791754840244,-0.2950982476522031,-0.34840406451052985,-0.35746220853409116,-0.33839098741487583,-0.3123446325012947,-0.12182325260765746,-0.22458483856567596,-0.1818288819538822,-0.24633006579889605,-0.20608371652092147,-0.24664732844638076,-0.2271594845495056,-0.2283314472730372,-0.22760215145350762,-0.2400047225890167,-0.20684960064675992,-0.16894842492597004,-0.1878749416801219,-0.21288339225774022,-0.21390862533472788,-0.18247663122808264,-0.19669868032669083,-0.2144760407650023,0
2018-09-04,0.008316990372441803,-0.07713360627811366,-0.20367725929505864,-0.1664052114315589,-0.2347885137944654,-0.2847836504989441,-0.29428443856558073,-0.34755626675208806,-0.35661972236811534,-0.3375616526507805,-0.31153431144074917,-0.12110721197298699,-0.22381739928003988,-0.18106640047282435,-0.24553380342489634,-0.2053087506134482,-0.2457823618974764,-0.2262220187498328,-0.22742573027094343,-0.22671760877583402,-0.23912749578626177,-0.206019041253075,-0.16816574601467754,-0.1871779407148604,-0.21214134557120554,-0.21317393065649073,-0.1817549891950937,-0.19597369430626999,-0.21374568553415882,-0.22567549597273706,0
2018-09-05,-0.07643426471080662,-0.20290945041125122,-0.16564845460398644,-0.23400826447826895,-0.28398813266765893,-0.2934960565676506,-0.34671719058047024,-0.355767936669998,-0.33672877615248975,-0.31071790527992654,-0.1203887238346559,-0.22305241879987692,-0.18031989555211206,-0.24474028533495085,-0.20453254722484374,-0.24498798174853528,-0.22536753879697918,-0.22648812131734417,-0.2258127464828155,-0.23823689830555,-0.20515955796496335,-0.1673550536648253,-0.186386064313999,-0.21143299307030905,-0.2124317438227069,-0.18103571438756225,-0.19524555345805425,-0.2130125030633046,-0.22493976438801125,-0.3505641063665318,1
2018-09-06,-0.20215054821479247,-0.16489880182452366,-0.23321902583122706,-0.2831843855102355,-0.29269639332398706,-0.34590405580877276,-0.3549249052411034,-0.3358866456633614,-0.309897991208071,-0.11966433373240586,-0.22228497619320586,-0.17957578647664443,-0.24396315035488358,-0.2037590046709039,-0.2441923756393151,-0.22458314232132054,-0.2256335047442789,-0.22487600479183872,-0.23732593525256185,-0.20428680543249628,-0.16651575637867017,-0.1855660144720938,-0.2106288790656837,-0.21172325547695614,-0.18030903009189864,-0.19451980900100077,-0.21227615805473518,-0.22420119963966273,-0.3497684213864939,-0.3008982002248278,0
2018-09-07,-0.1641578994129989,-0.2324371128124064,-0.282371518789999,-0.29188848708299847,-0.3450794565408852,-0.3541078957213461,-0.33505319031603265,-0.30906888457578535,-0.11893667644691272,-0.22151153399593876,-0.1788292215108831,-0.2431885033401488,-0.20300158356665718,-0.24339951108395644,-0.22379751396084419,-0.22484897820052666,-0.2240222158985022,-0.23638300319664832,-0.20339382277378773,-0.16566330524462516,-0.1847172094627726,-0.20979637873072707,-0.21091899502381903,-0.1796155683702511,-0.1937866203713999,-0.21154224625636517,-0.2234594672908062,-0.34896983718679286,-0.3001263576087578,-0.33020287821675376,0
2018-09-08,-0.23166422791392632,-0.28156613888079857,-0.29107143822832887,-0.3442465320389701,-0.3532793930197508,-0.33424556195680966,-0.30824834635076537,-0.11820026381635268,-0.22073469628780176,-0.17807669858943206,-0.24241139131062014,-0.20224659113814278,-0.24262302107780553,-0.22301458564479978,-0.22406321984914207,-0.2232384773400938,-0.23552330647396574,-0.2024691351993571,-0.16479077807522657,-0.1838551962531617,-0.20893492334024133,-0.21008634569268528,-0.17882750747615145,-0.1930868539930336,-0.21080084649954298,-0.22272019232972162,-0.3481680289298055,-0.2993516420422984,-0.3294169677450274,-0.36165699910884147,0
2018-09-09,-0.28076998913585766,-0.2902619047138181,-0.3434043262647919,-0.3524425522109646,-0.33342650986663,-0.30745337218597324,-0.11747165993705236,-0.21994887016300288,-0.17732083488506967,-0.2416282604074012,-0.20148913956747289,-0.24184901709722417,-0.22224790172284653,-0.22328016208297757,-0.2224535065064446,-0.23473394341760637,-0.20162685025840463,-0.16388684643028978,-0.1829730344305017,-0.20806018743156576,-0.20922473891394328,-0.17801133951678969,-0.1922919963188971,-0.210093121068197,-0.22197340065775215,-0.34736894767222576,-0.2985737248703763,-0.32862816882309154,-0.36085598893076,-0.36335420130207663,0
2018-09-10,-0.2894616371250452,-0.34256980744286575,-0.3515964084245873,-0.33259915083650216,-0.3066470679721257,-0.1167667487954168,-0.21917125774832807,-0.17655608216222557,-0.24084170864620663,-0.20072570833067305,-0.24107254829398259,-0.22148367433460556,-0.2225133504065755,-0.22167123298178432,-0.23394335142371117,-0.20085406393859712,-0.16306437009361524,-0.18205932662324673,-0.20716520634250343,-0.20834985075157658,-0.17716647871221664,-0.19146891334052887,-0.20928968308036253,-0.22126044883821816,-0.3465620290764356,-0.2977984274782672,-0.3278361550483063,-0.3600520736657664,-0.3625523763736853,-0.3850799488262018,0
2018-09-11,-0.3417447696637783,-0.3507579784542645,-0.3317625413795975,-0.30583249885964753,-0.11605117436192573,-0.218418335639499,-0.17579937044646046,-0.24004612243235213,-0.1999589077731752,-0.2402900618997946,-0.22071698504487458,-0.221748995648108,-0.22090519527408187,-0.2331554801239553,-0.20008003884424155,-0.16231044238458445,-0.18122752031988604,-0.20623849098575517,-0.20745471625319306,-0.17630843225502277,-0.1906170264988479,-0.2084578705224021,-0.22045137650540894,-0.3457907961757179,-0.29701542025554495,-0.3270468243167665,-0.359244929328866,-0.36174764546069826,-0.3842676943452223,-0.4022624966048823,1
2018-09-12,-0.34992906320076694,-0.3309335806987397,-0.305008750205889,-0.11532763424823127,-0.21765439480262183,-0.17506692360305218,-0.23925882991556943,-0.19918316636620953,-0.23950415633376312,-0.21994429766683793,-0.2209821789500932,-0.22014161215659847,-0.23238391796659227,-0.19930866552241108,-0.16155526470987733,-0.18046471009657886,-0.20539427081287276,-0.2065278452339228,-0.1754302672930703,-0.18975191383909626,-0.2075971139509208,-0.21961383158559805,-0.3449188935086357,-0.2962673646701868,-0.32624970852052704,-0.3584405359388969,-0.36093968470857213,-0.38345252238847227,-0.4014419935568301,-0.38568813460448215,1
2018-09-13,-0.33011405320654885,-0.3041925625960785,-0.11459541910282012,-0.2168823287776145,-0.17432360961467788,-0.23849642474300095,-0.198415556021987,-0.2387092193774638,-0.21916821675265158,-0.22020936390969081,-0.21937556733012817,-0.23161482701426395,-0.1985533852354329,-0.16080266039866148,-0.17970065517868122,-0.20461964207220526,-0.20568347650314037,-0.17452061505045058,-0.18886662904096904,-0.2067230808561587,-0.2187472506212929,-0.34401742523786694,-0.2954204484728476,-0.3254879774822054,-0.3576282767318631,-0.36013447856732606,-0.38263411077130555,-0.40061856394482026,-0.3848755881609108,-0.35840814345563465,0
2018-09-14,-0.30338569820206307,-0.11387014059036883,-0.21610131877597552,-0.17357223846361283,-0.23772293063709027,-0.19767243239157978,-0.23792257079736986,-0.21838315100833558,-0.21943315499915483,-0.2186035257005629,-0.23084327270725022,-0.1978005271856662,-0.16006590326642747,-0.1789392105553813,-0.2038437756503241,-0.20490870632920602,-0.17369267921094975,-0.18794975238951656,-0.20582880791548083,-0.21786735983764638,-0.3430858946565797,-0.2945444013444787,-0.32462631836549044,-0.3568518671718773,-0.3593214022517773,-0.3818185006669286,-0.3997918869049016,-0.3840601239198875,-0.3576086929067834,-0.36730740886089885,1
2018-09-15,-0.11315340258965621,-0.2153275782694902,-0.17281203803301218,-0.23694127983725144,-0.19691836257350562,-0.23716079645416618,-0.2176062927425905,-0.21864796065190004,-0.21782809222422267,-0.2300657106099468,-0.19704521063147992,-0.1593315126629056,-0.17819372891059404,-0.2030705686612587,-0.20413269855798777,-0.17293355382936257,-0.18711492187176226,-0.20490281110805278,-0.21696718474728077,-0.3421406829612163,-0.2936387000327365,-0.3237352718451827,-0.3559743837704362,-0.35854420066777504,-0.38099496461159876,-0.3989680484717463,-0.3832414197435127,-0.3568063389894036,-0.36650368617566026,-0.3547044480109788,0
2018-09-16,-0.21456279552010635,-0.1720589651416296,-0.2361506319391314,-0.1961562001210088,-0.23638793784779463,-0.2168541094319983,-0.217870974837157,-0.21704367698603408,-0.229284742223498,-0.19628391866888667,-0.1585946690728943,-0.1774506400335429,-0.20231347872631134,-0.2033593508076267,-0.1721731815665161,-0.18634923247123727,-0.20405927668904822,-0.2160351991022882,-0.34117469116288013,-0.2927194652640135,-0.32281433033174917,-0.3550672376810604,-0.35766586341920736,-0.3802076243924461,-0.3981362399747736,-0.3824255183928895,-0.3560007574687851,-0.3656970554148968,-0.3539067754394499,-0.35689287717897894,0
2018-09-17,-0.17131467206447318,-0.23536731928267227,-0.19538514858040051,-0.23560692464331368,-0.2160909128628506,-0.21711866657382523,-0.21626746389531756,-0.2284947658446348,-0.19551926298225708,-0.1578518869138937,-0.17670509557102546,-0.20155881647110263,-0.20260212195522043,-0.1714154042776861,-0.18558230008469104,-0.20328530081444282,-0.2151859491833617,-0.34017592212642456,-0.29177964756138003,-0.3218797682383169,-0.3541299381258646,-0.35675784862890597,-0.37931835711611234,-0.3973408812705175,-0.3816016895299142,-0.3551979198814137,-0.3648871930279188,-0.35310620145834987,-0.35609415404120065,-0.3800637156976503,1
2018-09-18,-0.23459304679707546,-0.19462129860165456,-0.23481691787429307,-0.21531959356009892,-0.21635534412688417,-0.21551591262722353,-0.227713037188511,-0.19474567661094574,-0.15710578945527515,-0.17595359518794085,-0.2008016951723917,-0.2018473212003479,-0.17067354192883719,-0.18481798996358736,-0.20251008687119823,-0.21440653191637404,-0.3392629368891533,-0.290807437052894,-0.3209245068741078,-0.353178924477343,-0.35581966642610885,-0.3783992221557696,-0.3964429696092619,-0.3808140654920481,-0.35438722481778534,-0.36408009378607187,-0.3523024015482928,-0.35529252833634795,-0.3792538692842022,-0.25112573161769847,1
2018-09-19,-0.19386632122509811,-0.23403424197336498,-0.2145393344192706,-0.21558389853120588,-0.21475335277972946,-0.2269560826242809,-0.19398020364119403,-0.15635084926152,-0.17519875669705837,-0.2000385948661904,-0.20109006136059052,-0.1699340614626701,-0.18406968035624374,-0.2017375296463278,-0.21362587980979308,-0.3384228409623002,-0.2899197981809065,-0.3199366258751274,-0.3522070866880884,-0.35486776508419166,-0.3774497412526675,-0.39551503988349945,-0.37992449224293084,-0.35361233138340525,-0.3632651142208273,-0.3515013375758827,-0.35448767571324336,-0.3784411080481679,-0.25037778252143505,-0.2402277702145812,1
2018-09-20,-0.23326060076099714,-0.21376633965147454,-0.21480351239749823,-0.21398267229848056,-0.22618807947881125,-0.1932391738790245,-0.1556038696581338,-0.174435034046297,-0.19927212610505515,-0.20032682223705953,-0.16919212648920195,-0.18332377202175063,-0.20098108096429343,-0.212847907045433,-0.3375815462039496,-0.289103833042411,-0.3190340317323997,-0.3512023857976701,-0.3538950328638055,-0.37648647661964213,-0.3945566230182349,-0.37900504598700374,-0.3527364824519615,-0.36248606781518805,-0.35069242563573655,-0.35368556375220345,-0.37762510941934047,-0.24962698680041906,-0.2394850527386075,0.08170783417299449,1
2018-09-21,-0.21300229622016076,-0.21403039150312583,-0.21320305551969224,-0.22541193774809332,-0.1924872134305745,-0.15488095683006747,-0.17367934396085544,-0.1984967180668726,-0.19956021429542758,-0.16844424279333334,-0.18257540725935914,-0.20022705803342572,-0.21208611376223402,-0.3367431830733753,-0.2882866547526597,-0.3182038285574433,-0.3502837394432797,-0.35288942440529025,-0.37550229485893577,-0.3935843713392092,-0.37805524879058056,-0.35183099926634825,-0.36160574174352766,-0.349919260584547,-0.3528755982050594,-0.37681190147417426,-0.24887301197393633,-0.23873949440202727,0.0822960048692896,0.3716201181580406,1
2018-09-22,-0.21326622303115322,-0.2124306987319571,-0.22462682945198037,-0.1917271673042078,-0.15414724743953562,-0.17294789795249704,-0.19772943835937298,-0.19878466641715625,-0.16769303045146225,-0.1818210809520619,-0.19947057625008094,-0.21132676230412184,-0.335921790479301,-0.28747230776135385,-0.3173724206804055,-0.3494382538987223,-0.3519699119052862,-0.3744850686948735,-0.39259113431937415,-0.37709166605609334,-0.3508953893122269,-0.3606957035319279,-0.34904527494890014,-0.35210141189166183,-0.37599078045626244,-0.2481215494776229,-0.23799076188648066,0.08288684614812337,0.3720691150280533,0.3958851712607118,0
2018-09-23,-0.21166728778785926,-0.22384901860821566,-0.19095824381903337,-0.15340551256138868,-0.1722055922085839,-0.19698663863558188,-0.19801724801560058,-0.16693295113444329,-0.18106340914392582,-0.1987081167345893,-0.21056495040140985,-0.3351030189555996,-0.2866746167183714,-0.31654390329974114,-0.3485915727209891,-0.3511236017542713,-0.37355446873516945,-0.391564719896983,-0.3761071637794838,-0.3499460749236509,-0.35975546542254344,-0.3481416874735763,-0.3512263252770248,-0.375205781135045,-0.2473625049318724,-0.23724451817440076,0.08348071607265985,0.3725206291403003,0.39632251957193004,0.3956018710477524,0
2018-09-24,-0.2230802005661144,-0.19019650737883861,-0.15265500181077324,-0.17145523262707696,-0.1962328951220788,-0.19727431242086937,-0.16618087452449756,-0.18029683974849944,-0.19794229044056813,-0.20979715013704442,-0.33428176923304215,-0.28587947546320436,-0.3157322274857837,-0.34774784557961375,-0.35027609645942076,-0.3726976028638196,-0.3906253510419474,-0.37508961239193805,-0.34897594929199893,-0.3588014964211244,-0.3472080036646798,-0.3503216176697265,-0.3743190374803871,-0.2466376763907936,-0.23649072039128952,0.08407279219373497,0.37297504084135447,0.3967623722911191,0.39603935535863954,0.19813122627679336,1
2018-09-25,-0.1894436253438075,-0.1519115524996189,-0.17069604937245136,-0.19547106005027534,-0.19652043203054248,-0.1654529684393823,-0.17953832624834556,-0.19716752791422412,-0.20902596912195057,-0.33345441261589565,-0.28508186306972283,-0.31492314351892453,-0.3469211592380875,-0.34943154862942005,-0.3718395481126385,-0.38976013681946287,-0.37415870205233576,-0.34797298570651347,-0.3578266808473674,-0.34626062643244176,-0.3493867957455462,-0.37340247004345384,-0.24581580027381336,-0.23577097754194248,0.08467159587851214,0.3734282846064692,0.3972051116299267,0.3964793442273405,0.19866350734769855,0.28189712135455686,0
2018-09-26,-0.15117680014612853,-0.16994398671820943,-0.1947003377048008,-0.19575845963050809,-0.16471422882557527,-0.17880411429584928,-0.1964008884283939,-0.20824582649790402,-0.3326235194396824,-0.28427819092002327,-0.3141115842477764,-0.34609710988791137,-0.34860405234949493,-0.37098449471415457,-0.38889373867124843,-0.3733015406864819,-0.3470559973644002,-0.35681895843620987,-0.34529245266045683,-0.34843827389180887,-0.3724555978844107,-0.24496522883108765,-0.23495458409112127,0.08524110280933882,0.37388751164163125,0.3976467354166002,0.3969222198437279,0.19919839742252235,0.2823891901930941,0.2542610556261179,1
2018-09-27,-0.16920069518031047,-0.19393681467552945,-0.19498759919568906,-0.16396744713494188,-0.1780590221308799,-0.1956587158945674,-0.20747385100593552,-0.33178338167181964,-0.28347104417337093,-0.3132939374070693,-0.3452705807619055,-0.3477791954968146,-0.37014663047852386,-0.38803037658593087,-0.37244319061615,-0.34621209031612454,-0.35589742846686695,-0.3442914696025948,-0.34746894681046275,-0.3714949569087413,-0.24408541220780583,-0.23410959069277687,0.08589553335918555,0.3743217268008079,0.3980942801774956,0.39736397929638795,0.1997362635130322,0.28288382373012183,0.2547663912947389,0.3194279018604027,0
2018-09-28,-0.19318216143349634,-0.19422393901907253,-0.16321186160091647,-0.17730586693895775,-0.19490560421425995,-0.2067264510803151,-0.33095190271478947,-0.28265476537208917,-0.3124727794095247,-0.3444379342129434,-0.34695185862702904,-0.3693114368518272,-0.3871843124992212,-0.371587843127102,-0.3453669866979575,-0.35504919760157644,-0.3433763713944775,-0.346466793503998,-0.3705134187193734,-0.24319221010144942,-0.23323544166733914,0.0865757462978851,0.3748303050935497,0.3985171716977483,0.39781166045058824,0.20027258713686058,0.2833813954158711,0.2552743062791086,0.3199019538620727,0.3135305790787017,1
2018-09-29,-0.19346914981049781,-0.16246337212482773,-0.17654387257981932,-0.19414440305937958,-0.20596807330863434,-0.33014621051646303,-0.28184694985003156,-0.31164242295644534,-0.34360173726566073,-0.34611840272345695,-0.36847376011947713,-0.386340943682547,-0.370749688653209,-0.34452483055318506,-0.3541997727322459,-0.342534263831963,-0.3455505784588108,-0.3694988749541275,-0.24227862265328798,-0.23234793955854427,0.08728246937365494,0.37536212848241174,0.3990135424609742,0.39823468417699376,0.20081533942987434,0.28387760547016416,0.2557851719052786,0.3203785507114658,0.3140074621193503,0.3970027776054151,1
2018-09-30,-0.1617236230009328,-0.17578901799747962,-0.19337431814418274,-0.20520158869529814,-0.32932910892102274,-0.2810644394177274,-0.31082064515329944,-0.34275627059155656,-0.3452813943041714,-0.3676299437332325,-0.38549508931753584,-0.3699142056611433,-0.34369969462972694,-0.35335331331357867,-0.34169095863170135,-0.34470740762120095,-0.3685708349653794,-0.24133302765637338,-0.231440095371845,0.08800158841592046,0.37591807966838414,0.399532945954214,0.3987311974660034,0.2013305156963955,0.2843800291409262,0.2562946162387882,0.3208580687435261,0.314486893126932,0.3974395894041782,0.42388770790683267,0
2018-10-01,-0.1750429585692691,-0.19261142819685287,-0.20442619103916018,-0.3285037068181855,-0.28027069120823583,-0.31002445664198014,-0.3419195064003193,-0.34443511231240653,-0.3667825477267001,-0.38464307899051503,-0.369076239476964,-0.34287719103472736,-0.3525239304849482,-0.3408505934230563,-0.34386303977681554,-0.36771640629228847,-0.24047078953247233,-0.2305003279905972,0.08873977148146142,0.3764855649095521,0.4000762778476817,0.3992507459644513,0.20192637468699426,0.28485611483773043,0.2568103451390144,0.32133630616621134,0.3149692479831073,0.39787890501978807,0.42431161346179,0.41060378691200045,0
2018-10-02,-0.19185740258608777,-0.20365802459263146,-0.32766906513443983,-0.27946871950865504,-0.30921692909151977,-0.3411086365486681,-0.343597539485289,-0.3659258289197356,-0.38378746760663024,-0.3682321330616555,-0.3420522081257577,-0.3516971927573691,-0.34002722497619586,-0.3430216163448587,-0.3668607872930774,-0.23967900695701239,-0.22964365150307875,0.08950738584230256,0.37707096324899225,0.40063107165616796,0.3997942251911327,0.20254699713677982,0.2854098319614942,0.257299327606671,0.3218206608523535,0.31545030949866776,0.3983211067497947,0.4247380086136262,0.4110340694789542,0.26603230942881706,1
2018-10-03,-0.20289876791197492,-0.32684205880325046,-0.2786576380863723,-0.3084011326079777,-0.3402863189685489,-0.3427858774575316,-0.3650779048103461,-0.38292249448870924,-0.3673844462672997,-0.3412211108773508,-0.35086797445069384,-0.3392064835420975,-0.34219720353638755,-0.3660081595133484,-0.2388859968798142,-0.2288571638355461,0.0901997665772503,0.37768354885668887,0.4012036822329057,0.4003491671750862,0.20319317302012707,0.2859875794309876,0.25786694818602,0.3222792322661606,0.3159375034179195,0.3987621953403746,0.4251672777263365,0.41146684866891375,0.2665319942488112,0.2850706035566094,0
2018-10-04,-0.32602446883427766,-0.27785403129641995,-0.3075761497807028,-0.33945568367919754,-0.341962761836645,-0.3642561022005498,-0.3820663837149939,-0.3665274352944353,-0.3403864672838256,-0.3500326333582062,-0.33838326332054913,-0.34137542088160233,-0.36517268912321504,-0.23809571755646533,-0.22806944552415656,0.090829837891237,0.37822797653447965,0.40180329225751976,0.4009219270519669,0.20385139874239003,0.2865901919919125,0.2584588409800797,0.3228140679925154,0.31639882690292603,0.39920920203593846,0.42559549173926053,0.4119025078248376,0.26703425215850657,0.28556114894931456,0.2810264280394975,0
2018-10-05,-0.27705963940462425,-0.30675873641649504,-0.33861577980507435,-0.34113132587466155,-0.3634227709245716,-0.3812365610803311,-0.36567922141353587,-0.33954256132499827,-0.3491937348180686,-0.3375539322747751,-0.34055115912825834,-0.3643398821425109,-0.23732177891828746,-0.22728443595181258,0.09146123267009976,0.37871719041706986,0.40233533657321474,0.40152168856957116,0.2045282262978098,0.2872046053551461,0.25907582596358414,0.32337260559774306,0.31693662951921997,0.39963157200898286,0.4260295548353155,0.4123370832034228,0.26753945538872387,0.28605425736199314,0.2815189148586684,0.2613253673584509,0
2018-10-06,-0.30595065682151384,-0.3377835471804107,-0.34029061689034235,-0.3625810856172106,-0.38039515040540445,-0.36485713493052546,-0.3387073450584937,-0.34834555374795484,-0.3367210595045334,-0.33972078447363036,-0.3635045927692647,-0.23655031863242454,-0.2265156980360026,0.09209056904706542,0.3792078113525372,0.4028127609827762,0.40205387746393667,0.205233583988921,0.2878372880086661,0.25970469391161893,0.323955699887056,0.31749818562735754,0.4001273805145296,0.42643937856574754,0.4127775417690341,0.2680432627382617,0.28655030248879826,0.28201396683685664,0.26182731176927376,0.18089929589218404,0
2018-10-07,-0.3369607759150126,-0.3394575846476753,-0.3617300704826183,-0.3795453590539841,-0.36402351767975466,-0.3378979916235847,-0.3475060974060227,-0.33587893276112174,-0.33888686536429763,-0.3626631685030773,-0.23577639428393773,-0.22574942283130378,0.09270567293566324,0.3796969595334404,0.40329159944135606,0.4025314395183739,0.20586654952231342,0.2884978524192324,0.26035194086256985,0.32455048339939807,0.3180843468805409,0.4006462119688751,0.4269216615051725,0.4131935646338427,0.2685533244341013,0.2870449928351139,0.2825119573573695,0.262331831759392,0.18143984923652617,0.16519302812232095,1
2018-10-08,-0.33863402064878007,-0.3608868023947892,-0.3786861929492452,-0.3631815454544826,-0.33707720168658845,-0.34669259020237325,-0.33504548112881233,-0.33804368732307544,-0.3618181708747464,-0.23499645741874334,-0.22498068511324323,0.09331877616841118,0.38017371155564056,0.40376901416283123,0.40301041554014794,0.20644005510634622,0.2890880690904798,0.2610272834838171,0.3251633872082927,0.31868221488953613,0.4011889626395732,0.4274267320983016,0.41368253059419274,0.2690368136754633,0.2875458886505975,0.28300858436675874,0.2628392991978386,0.18198302069909356,0.16574112133821356,0.18523716796034606,0
2018-10-09,-0.3600530906787386,-0.3778348294944625,-0.3623302418117955,-0.33624809907838576,-0.3458676157453347,-0.33423785640898956,-0.3372091930086662,-0.3609638618121694,-0.23421310805165513,-0.2242059452218311,0.09393429614791989,0.3806488790160614,0.4042341864225637,0.4034879672525269,0.20701491772264485,0.28962087598918235,0.26163160387069906,0.3258038822722747,0.31929822660691104,0.40174317190263814,0.42795550098218854,0.4141944004682264,0.26959851224311804,0.28802049339591007,0.2835114272279534,0.26334536059417984,0.18252917596716284,0.16629184097968508,0.18577563888774007,0.15952182569408282,0
2018-10-10,-0.3769930921104953,-0.36148668718397753,-0.33540973637998234,-0.34503431481692953,-0.3334188079851534,-0.3364005468305258,-0.36011832769856705,-0.23342073940841548,-0.22342780642458687,0.09455551274871932,0.3811264220091008,0.4046978089467223,0.4039532747087149,0.20758795712214492,0.2901550640716756,0.26217783809017225,0.32637494558569596,0.3199418752268071,0.4023151934971606,0.4284956485293517,0.4147300777929865,0.270184380004265,0.2885726139693805,0.2839879192464199,0.2638576884209853,0.18307375156796907,0.16684555152678776,0.1863167256389735,0.16007264139875968,0.11411581908486358,0
2018-10-11,-0.36065269139497386,-0.334579034417653,-0.3441917305299945,-0.3325914526334603,-0.33558046938628205,-0.35929886643622083,-0.23263663809326154,-0.22264067304467205,0.09517972661543034,0.38160938646499964,0.4051638035539616,0.40441703202272483,0.2081475014691859,0.29068759815156275,0.26272544552535876,0.32688951769535235,0.32051594816411394,0.4029142058888778,0.42905350167728096,0.41527717327421515,0.2707952432251565,0.2891487371144786,0.28454207440814305,0.2643433742251248,0.1836248000776054,0.167397648499672,0.1868607942347431,0.16062608652862587,0.11468843216766164,-0.09187982292011017,1
2018-10-12,-0.3337577806359784,-0.34335683577739906,-0.3317548468753773,-0.33475208162056713,-0.35846789384122446,-0.2318773591654489,-0.22186176408824118,0.09581220559712667,0.38209498649849394,0.40563519659387404,0.40488316146008974,0.2087052122560325,0.2912071677594682,0.26327134313074924,0.32740548180973766,0.3210333855602209,0.4034456798483494,0.4296381375232178,0.41584202709215,0.27141795441455646,0.2897496992730739,0.2851202675358448,0.2649074408129117,0.1841480178743392,0.1679562587041877,0.187403292527921,0.1611825251278303,0.11526369869177826,-0.091208320610194,0.0016482336244091767,0
2018-10-13,-0.34253142530430913,-0.3309258898681091,-0.33391443772651935,-0.357628574993557,-0.23110701444860043,-0.22110757182874882,0.09643772759595289,0.3825881947403131,0.4061091949388247,0.4053546895990106,0.2092653232388053,0.2917250240314478,0.2638041012149098,0.32791986773686777,0.32155221326073063,0.40392256125518994,0.4301558910994932,0.4164337664304963,0.27205899787608157,0.29036245279919265,0.28572333290985763,0.2654957177890299,0.18475254609380376,0.16848680605854974,0.18795225259328235,0.16173733790972897,0.11584197921133911,-0.09053405590381595,0.002274837328046469,0.0010322505925611865,0
2018-10-14,-0.3301063660178792,-0.33308444966510276,-0.356779939434276,-0.23032852342421778,-0.22034235143799188,0.09704165508762078,0.38307558736603914,0.40659074651038374,0.40582882339640886,0.20983102034435017,0.29224526859113265,0.26433510629872287,0.32842152691524956,0.3220694508608944,0.40440085703327905,0.4306197101339035,0.4169582992873707,0.27272804589409605,0.29099346301716644,0.2863382016747566,0.2661090289039581,0.1853819885851462,0.16909923595976933,0.18847344605910743,0.16229867848297322,0.11641853589034232,-0.08985668408020885,0.0029041539593185005,0.0016591500019005239,-0.03949267528327993,1
2018-10-15,-0.33226390363783675,-0.3559390346890911,-0.2295410528139616,-0.2195690016392544,0.09765549826604139,0.38354419710642773,0.4070665779958668,0.40631051106234006,0.21039956946849225,0.29277101977060355,0.26486850359900455,0.3289215266234301,0.3225739243581536,0.40487773133192284,0.431084951291071,0.4174285724773776,0.27332635897089536,0.2916523304282744,0.2869713431865142,0.2667342019811672,0.18603712611259227,0.16973671759306178,0.18907579193423155,0.16283187238619257,0.11700173693182132,-0.08918148080402108,0.003536535427801081,0.0022887626646801314,-0.038846321682774826,0.07494501624527893,1
2018-10-16,-0.3551076659679095,-0.22876089577097083,-0.21878670074883255,0.09827697162439163,0.384021720745246,0.40752386192289075,0.4067864775268598,0.21097611990609783,0.29329951846414654,0.2654074337487179,0.3294239092839127,0.32307672992113046,0.40534237024783987,0.4315488252786261,0.41790026396009905,0.27386687398264065,0.29224092755312936,0.2876323731948025,0.267377726016627,0.1867043647096067,0.17040002332794207,0.1897030141164702,0.16344715541823948,0.11755612020650598,-0.0884991043114327,0.00416695025880815,0.0029214404431297677,-0.038197233394399746,0.07553643346577962,0.13456021793936376,0
2018-10-17,-0.2279897517298183,-0.218011678159576,0.09890655433039208,0.38450642499475557,0.4079899759007526,0.40724389368542374,0.21154617171254572,0.29383582866762475,0.26594914589066326,0.32993176294337023,0.3235819192747772,0.4058054610322177,0.43200063417494533,0.41837056143856427,0.27440876560400723,0.292772192576664,0.2882230342133401,0.26804929104202824,0.18739027354895071,0.17107547682723748,0.19035589568856165,0.16408753981633994,0.11819424659123545,-0.08784859018304306,0.0048042981910400885,0.0035521502543093483,-0.03754506167077569,0.07613052484580628,0.13512301658734205,0.12921650016096922,0
2018-10-18,-0.2172456243658254,0.09952990052761744,0.384998480577169,0.4084632328612987,0.40771014087376584,0.21209575810697123,0.2943659700211066,0.2664987321625729,0.3304423172943072,0.3240925852246025,0.4062709237407966,0.4324509335260865,0.41882870968428065,0.2749489711745059,0.293304839698973,0.2887562641490462,0.2686500062470147,0.18810484590542578,0.17176966292129559,0.1910208654336967,0.16475379491885578,0.11885787173232218,-0.08710682924745149,0.005411166095492745,0.004189794748130963,-0.03689494540031426,0.07672764792871523,0.13568845786319456,0.12978186408710535,0.10199888704066322,0
2018-10-19,0.10014558382424446,0.38548523781486,0.4089437777104965,0.40818353148410813,0.21265485788855337,0.2948764583393829,0.2670420407830003,0.3309605981149067,0.32460595922327995,0.40674178382131804,0.43290360097944736,0.41928532931918755,0.2754761117839219,0.29383583922937845,0.28929087501750317,0.2691928081841729,0.1887466055359364,0.17249263410473809,0.19170448820020972,0.16543221464631225,0.11954774069945431,-0.08633776669555401,0.00610587390880145,0.00479695010999846,-0.03623779040731027,0.0773229626084776,0.1362569038924564,0.13034987346751303,0.10257731691663823,0.09277993423912334,1
2018-10-20,0.3859655081479287,0.409419102737345,0.4086642107238287,0.21322140731140365,0.29539617059279827,0.26756542834865304,0.3314728578418773,0.3251270730542501,0.4072152478125761,0.4333616402880147,0.41974431894476605,0.2760015162875794,0.2943538943889149,0.28982383012447993,0.2697369853738389,0.18932848346424733,0.17314240922980148,0.19241674090713845,0.16612938948268147,0.12024990928391048,-0.08554076755853669,0.006827064787180816,0.005491967818818657,-0.03561172350108747,0.07792502221416758,0.13682367021687322,0.13092089001699542,0.10315840664281527,0.09336278971900194,0.10570518156984172,0
2018-10-21,0.40988803928798,0.40913966922443273,0.21379576167725173,0.2959232025910553,0.2680981353455291,0.331965828513947,0.3256421425741954,0.40769626249807994,0.4338222499662591,0.4202086930334434,0.2765293113342955,0.29487024076723806,0.29034381524442765,0.2702794670042159,0.18991171345648472,0.17373191824053666,0.19305628675965655,0.16685539330561475,0.12097101323493385,-0.08473085637767382,0.00757542368846731,0.006213473983751414,-0.034896318067308696,0.07849768511205509,0.13739702841673035,0.13149021532552482,0.10374251584198124,0.0939483099251679,0.10628183222079092,0.09931923089789804,0
2018-10-22,0.40960873809964843,0.2143642562835947,0.29645782051508596,0.2686382049427095,0.33246789343400635,0.3261378658459356,0.408171561497455,0.43429034942070355,0.4206756540645313,0.27706262805823734,0.29538897498212197,0.2908620857787945,0.27080885385932907,0.19049308542196677,0.17432277478674055,0.19363605707973217,0.16750806265690923,0.12172129763160874,-0.08390119204656211,0.008336416574016264,0.006962153233401621,-0.03415406950600261,0.07915551797464825,0.13794187101620342,0.13206614622845525,0.10432487504235258,0.0945368537718155,0.10686114076161014,0.09989894715606211,0.09000151288450099,1
2018-10-23,0.21492556024749535,0.296986849748331,0.26918593272388264,0.3329772198996336,0.3266427037437917,0.4086283237771196,0.43475283903333123,0.42115013497159987,0.27759871208884873,0.29591321280481053,0.2913827447246451,0.27133649785308633,0.19106085318644134,0.17491174157819983,0.19421718071443683,0.16810032709075373,0.12239713936248914,-0.08304075278823643,0.009116791312063903,0.007723468298636261,-0.03338431484839033,0.07983919241382005,0.13856971200813376,0.1326134825513246,0.1049139097130766,0.0951236277176379,0.10744346709996168,0.100481324681751,0.09058570215929726,0.11326072027693947,0
2018-10-24,0.2975090281258933,0.2697279823832083,0.3334940341617497,0.32715481233224003,0.4090939122457471,0.43519705266117026,0.42161895373887426,0.2781426435771671,0.29644019418240325,0.2919089111166647,0.27186653305904446,0.19162676265874418,0.17548700468378323,0.19479645508525467,0.16869393742493624,0.12301146486036664,-0.08225978379411385,0.009927217035982481,0.008504167661765358,-0.03260180389429826,0.08054943256318643,0.1392228728284231,0.1332440119195065,0.1054739475298203,0.09571710080168926,0.10802405144072964,0.10106672289178632,0.09117255762994253,0.11383374385415092,0.1007305337936513,1
2018-10-25,0.2702630690843157,0.3340053811837088,0.32767442413652265,0.4095666419639781,0.43564999957742695,0.42206936769148906,0.27868034375670325,0.296974979879199,0.29243782610901475,0.27240209440963065,0.19219507477667702,0.17606038695491139,0.1953621527315246,0.1692856465480656,0.12362712316704536,-0.08154537279239756,0.010660455172669505,0.009314922778699204,-0.031799747762097194,0.0812720887849547,0.13990210947391404,0.13389990788390463,0.10611816983385176,0.09628144077645169,0.1086113017366567,0.1016503653181402,0.09176243799707447,0.11440942132495949,0.10130957254887776,0.10284878767954234,1
2018-10-26,0.33451002958929793,0.32818854961675104,0.4100466566487283,0.4361100460526162,0.4225285608349468,0.27919823704121544,0.297503609219802,0.2929745545841872,0.2729404289391658,0.1927689893723665,0.17663617410448407,0.19592599831151575,0.16986361606342884,0.1242407885386974,-0.08082968837489274,0.011329424423428287,0.01004847527451398,-0.030967322198352853,0.08201383587776127,0.14059358495538454,0.1345819235852428,0.10678799694081154,0.09693030105254756,0.10916960995730941,0.10224069009434504,0.09235054246527835,0.11498811317776575,0.10189127182516322,0.10342680955651072,0.1060612561494332,0
2018-10-27,0.3286959525587949,0.4105214551277338,0.43657730720005034,0.42299487413681686,0.27972540908152854,0.29801261630220455,0.2935051107814974,0.27348662159177733,0.19334577748483808,0.17721757863877746,0.19649224592046186,0.1704396966047931,0.1248404266969815,-0.08011641302103346,0.011999694056143411,0.010717743808167772,-0.0302130883205974,0.08278506661255064,0.1413039146410462,0.1352761940094718,0.10748416744411089,0.09760484681522412,0.10981196765796794,0.10280197841148832,0.09294535320477006,0.11556507934401265,0.10247599114780567,0.10400749083415199,0.10663773586501876,0.09841994765309048,1
2018-10-28,0.41098986966396794,0.43703943914210697,0.4234684368435339,0.280259925468371,0.2985308363538174,0.29401600549946066,0.2740265644046661,0.19393060595627234,0.17780187628465408,0.19706409189005009,0.1710181828308242,0.1254381107126927,-0.07941846967488551,0.012667743559797311,0.011388312546176635,-0.02952413025572423,0.08348089866585458,0.1420432665252396,0.1359893398519582,0.10819267358846016,0.0983058117305323,0.11047989772431532,0.10344754882637358,0.0935109897701505,0.11614869206803598,0.10305895773351113,0.10459119120057861,0.10721687328213951,0.09900009561662547,0.11416520169079244,0
2018-10-29,0.43749529619703287,0.423936827357743,0.2808020692616763,0.29905637122912837,0.2945361271612329,0.2745466546737545,0.19450886795550204,0.17839424987802296,0.19763880596458472,0.17160229182416667,0.12603820686802183,-0.0787227761247545,0.013321053470598473,0.012056659910786454,-0.028833883670711307,0.08411425577770125,0.14270867471646212,0.1367315492553052,0.10892016320247824,0.0990191396949032,0.11117414073070896,0.10411874749635676,0.09416124784498807,0.11670347438698006,0.10364860304582064,0.10517314340299042,0.10779902833582654,0.09958290532333387,0.11473779106722622,0.059865127845353965,1
2018-10-30,0.42439888910011736,0.28133857302523224,0.29958948373271593,0.2950635699180378,0.2750760399634241,0.19506649742432852,0.17897999516458002,0.19822155056898128,0.17218930100436228,0.12664396888592336,-0.07802464115051443,0.013972247820708073,0.012710263780853341,-0.028145940322875086,0.08474893440455686,0.14331306705293814,0.13739968454512122,0.10967692705163072,0.09975148772733446,0.11188070835931228,0.10481631158262229,0.09483721572296243,0.1173420309642128,0.1042092327580008,0.10576176889379957,0.10837944216062981,0.10016873612091604,0.1153130338588591,0.06046378424088953,0.06829915712107901,1
2018-10-31,0.2818681615793129,0.3001170178149929,0.29559860087716133,0.2756127768987148,0.19563369982503465,0.1795449555985053,0.19879774577910797,0.17278439898231854,0.12725268773823306,-0.07732064480133215,0.014625870298909816,0.013361751206144407,-0.027472997157992937,0.0853815409680512,0.14391879809277913,0.1380066731922814,0.1103589525051001,0.10051318135296441,0.11260624474393731,0.1055262192765747,0.09553962558510945,0.11800609378156987,0.10485409315911923,0.1063214100920848,0.10896652102643964,0.10075280919342892,0.11589129062361246,0.061065122772000394,0.06889376471913299,0.07771564034633363,1
2018-11-01,0.3006377139144541,0.296128040327912,0.27615715354740283,0.19620837858869764,0.18011954323712487,0.19935335052830017,0.17337284632628885,0.12786959827289926,-0.07661343462201908,0.01528526538370991,0.014015666847096216,-0.026802228600932138,0.08599987220689975,0.14452257749700823,0.13861499900209676,0.11097916516270981,0.10119991158207152,0.11336102667562238,0.10625512107818343,0.09625440675658582,0.1186964074517048,0.10552456946370792,0.10696520481876498,0.10952466307972596,0.10134356692452841,0.11646782365441619,0.06166949982296361,0.06949104999183843,0.07830572751502682,0.09679292074196459,1
2018-11-02,0.2966506253911122,0.2766958749345488,0.19679090735056326,0.18070163159453315,0.19991851321990858,0.17394045381727943,0.12847967941293267,-0.07589756599879192,0.01594775761505352,0.01467535567928157,-0.026129026067157494,0.08661619308362312,0.14511245918447288,0.13922136238153834,0.11160070713554636,0.10182460338073018,0.11404116066868594,0.10701331785644452,0.09698821902619885,0.11939902328137864,0.10622139958726673,0.10763459691010045,0.11016684164247277,0.10190527490523935,0.11705100092091543,0.06227203591606315,0.07009136997173372,0.07889848737780843,0.09737384976781806,0.10449400818232614,0
2018-11-03,0.2772276620190479,0.1973675205899274,0.18129161101629834,0.2004911455477018,0.17451770810973438,0.12906848034431312,-0.07518933776233201,0.016618696366889306,0.015338142426497592,-0.0254500118795672,0.0872349316685144,0.14570041607200931,0.13981379419664156,0.11222023169612873,0.10245062183659158,0.1146595725777375,0.10769671083844011,0.09775139839500738,0.12012057787228303,0.10693056912269877,0.10833032541375873,0.11083458945456778,0.10255129774141986,0.11760536115049089,0.06288135564978393,0.07068986720128981,0.07949427769099214,0.09795744139741144,0.10507124026305235,0.09664997109322342,1
2018-11-04,0.1979368732874972,0.18187562408965147,0.20107161653174643,0.17510247191535583,0.12966708497705398,-0.07450438751755822,0.017282362946146598,0.01600937708994988,-0.02476784921892225,0.08785937329334945,0.146290782192773,0.1404042935422923,0.11282565229363992,0.10307460425713444,0.11527931487062101,0.10831822543978298,0.09843954655621394,0.12087131952761625,0.1076587271630449,0.10903838703170624,0.11152864728068365,0.10322295670316453,0.11824346269127639,0.06346105579628286,0.07129512641873001,0.08008826558229924,0.0985440548533876,0.10565113087426199,0.097230968742763,0.11490594077972342,1
2018-11-05,0.18245231291053385,0.20164618603076181,0.1756951416134574,0.1302732695344097,-0.07380892175602277,0.017923658585744077,0.016673337155736472,-0.024077146817392037,0.088486820621242,0.14688679477214095,0.14099720288083717,0.11342910135785743,0.1036844243209559,0.11589704723827875,0.10894106858374968,0.0990655882848927,0.12154759764732799,0.10841616925604318,0.10976542874529548,0.11223502867039695,0.10392098847100747,0.11890706255622593,0.06412647521481558,0.07187089070315654,0.08068899128649305,0.0991289070718414,0.10623403983052344,0.09781462907165141,0.1154781745606927,0.20514875448772016,1
2018-11-06,0.20221351258406406,0.1762818266109813,0.1308874787043705,-0.07310555663082491,0.018575146557056915,0.017314920307948286,-0.02339387855766065,0.08912254838785871,0.1474857386799258,0.14159576374975824,0.1140349642842448,0.10429225962006228,0.11650069911885776,0.10956188890233014,0.09969295586969505,0.12216233860542683,0.10909884199750557,0.11052173811547751,0.11296037740254872,0.10463136652011282,0.11959690584142174,0.06481786818809193,0.07253206703757621,0.08126036123246401,0.09972044812595833,0.1068152041744998,0.09840131129154396,0.11605306136506964,0.20567766675948812,0.33943825359963453,0
2018-11-07,0.17686116435145136,0.13149555623867867,-0.07239362828964796,0.01923438885734594,0.01796669792039723,-0.022733380229572525,0.08975129254680835,0.14809282794549752,0.14219726261380333,0.11464650457349687,0.1049025100919116,0.1171023847855699,0.11016858828466396,0.10031828180653274,0.12277841212578335,0.10971967090006365,0.11120332983293517,0.11371496892561316,0.10536074224694594,0.12029904859712673,0.06553595078980541,0.07321914311268482,0.08191680021904345,0.10028291538237259,0.10740303758308843,0.09898623196531206,0.11663096180771072,0.20620918432346613,0.3399026995329499,0.3046806962793659,0
2018-11-08,0.13209610233166758,-0.07168849819163563,0.019901949831902743,0.01862623081703205,-0.022062547407865535,0.09035837661156694,0.1486931683047735,0.14280691894386252,0.11526101681398038,0.105518446676419,0.11770648378756238,0.11077331228775106,0.10092942778788612,0.12339249098374129,0.11034182875215481,0.1118231295559176,0.11439492120053113,0.10611941991121246,0.12102012652335455,0.06626649429653718,0.07393283951000906,0.08259905653388651,0.10092975676112777,0.10796191101536694,0.09957784184173883,0.11720714011552219,0.206743674730807,0.3403696797301201,0.3051618277500376,0.19500192851162454,1
2018-11-09,-0.07099173513267146,0.020563015222635036,0.019294083998505317,-0.021383896459654262,0.09097539973191221,0.14927242672887825,0.1434098053297387,0.11588374819234329,0.10613736671352465,0.1183162566347411,0.1113804505339499,0.10153858501681945,0.12399253721206094,0.11096196662981096,0.11244425883917165,0.11501316010639022,0.10680327183100638,0.12177038451299445,0.06701618854007206,0.07465897173792206,0.08330785579145661,0.10160224850507676,0.10860487804644046,0.10014037580767975,0.11778996075732498,0.20727663782102448,0.3408395720641367,0.3056455118685193,0.19553571181740426,0.21361137369319352,1
2018-11-10,0.021216092960168673,0.019955439602816195,-0.02069681926872313,0.09160006351934159,0.1498614182089752,0.1439915579561011,0.11649960247245947,0.10676452677755731,0.11892899680925811,0.11199326868629987,0.10215015781347812,0.1245906280705346,0.11156799251053598,0.11306337242704269,0.11563272949874528,0.10742522336012,0.12244620104208823,0.06779548314943777,0.07540422122032053,0.08402906288434327,0.10230112642513778,0.10927342804331056,0.10078728910311481,0.11834397531026233,0.20781601156428242,0.34130822698746255,0.30613212383624655,0.19607210578224968,0.2141362234427427,0.22928385336426343,0
2018-11-11,0.020608805055263794,-0.020016370794719032,0.09223285433672028,0.15045795791039834,0.14458306210360664,0.11709405903172188,0.10738477344889474,0.11954994772363314,0.11260906213296251,0.10276741935982031,0.12519113119018765,0.1121720450375744,0.11366838743518724,0.11625028968517533,0.10804850317257461,0.12306050254682224,0.06849901103252748,0.07617900578608056,0.08476934984914634,0.10301235546362388,0.10996830093298474,0.10145985401482935,0.11898170419188844,0.20832791299949527,0.3417829478015418,0.30661742335808295,0.19661147717740227,0.21466367400845626,0.22980117946240614,0.2272435720140497,1
2018-11-12,-0.01934407685729867,0.09285938676066073,0.1510624687697899,0.14518212275898318,0.11769836116225398,0.10798353299230501,0.12016403613121435,0.11323308078928583,0.10338766782505933,0.1257973009839953,0.11277851160709271,0.11427143212985058,0.11685377163993407,0.10866975834301476,0.12367613687459555,0.06913969489271528,0.0768782294692987,0.08553909901028896,0.1037425886389844,0.11067550204569579,0.10215880627733764,0.11964492491478011,0.20892024153489983,0.34223218109451825,0.30710887800397113,0.1971492993502927,0.2151940935919459,0.23032109808723075,0.22776187755934896,0.25648847106195655,0
2018-11-13,0.09347822885140647,0.15166091415216076,0.1457891685441986,0.11831026200722189,0.10859216996296271,0.12075676276225718,0.11385021179772147,0.1040161626127968,0.12640642867901397,0.11339065674328151,0.11487689056586128,0.11745528789187887,0.10927688688106986,0.12428977836709924,0.06978169592005304,0.07751481555313922,0.08623351711072291,0.10450213634556128,0.11140167672267506,0.10287011008326136,0.12033438297093095,0.20953727211255815,0.34275694979326554,0.3075743314151277,0.1976935582262346,0.21572300412755707,0.2308439786449763,0.22828277671047503,0.25699273744877726,0.23815712792430213,0
2018-11-14,0.15225191102357477,0.1463901315599769,0.11893021914614707,0.10920841994395818,0.12135932215751466,0.1144459190975129,0.10463773306936558,0.12702374999394106,0.11400577541307193,0.11548802555808811,0.11805921742848417,0.10988203874918982,0.1248893929590287,0.07042159442137957,0.0781527212358433,0.08686552808094056,0.10518681859790362,0.11215710632163911,0.10360041859355638,0.12103613829536834,0.2101797984575846,0.3433052452416385,0.3081165863276943,0.19821019482493918,0.21625830359007248,0.2313653839888565,0.22880663871684567,0.257499581973223,0.2386701943630913,0.14526584708781115,1
2018-11-15,0.14698362438861926,0.11954400543869728,0.10983275032310572,0.12196947451982812,0.11505148122809278,0.10523778945237382,0.12763423854776407,0.11462911609467895,0.11610213144122868,0.11866882047232205,0.11048960498826428,0.12548705347926123,0.0710471220807334,0.0787885414299886,0.08749886136499817,0.10580956063795513,0.11283785842167961,0.10436004274155032,0.12175682584966277,0.21083435377836507,0.34387793294001384,0.30868267218568124,0.19880762813703937,0.2167662558213076,0.23189313802358394,0.22932902110475717,0.2580093761325501,0.23918584863531311,0.14582350644555012,0.16433273114535155,0
2018-11-16,0.12015021113898115,0.11045088002309576,0.12258767348549221,0.11566464622847214,0.10584773286343024,0.1282234386000311,0.11524557468461073,0.11672445453647516,0.11928139039926725,0.11110285198700792,0.12608712613209141,0.07167061773468404,0.07941004420403742,0.08813012818258953,0.10643363049224044,0.11345685879414498,0.10504479794643284,0.12250668773377799,0.2115074830733632,0.34446225037049893,0.3092734359121913,0.19942985229572907,0.21735432688926312,0.23239377646489714,0.22985775742154327,0.25851775380779873,0.23970446082922944,0.14638380276874563,0.16488123735106433,0.13808457655196266,1
2018-11-17,0.11106139173519328,0.12319971359845144,0.11628587452913097,0.10646529359334407,0.12882244530844192,0.11584062325296933,0.11733990387948127,0.11990217025924793,0.11171907540199064,0.12669286460062448,0.07229653324057059,0.08002952707754986,0.08874713722490954,0.10705567241777934,0.11407718920123475,0.10566760944032075,0.12318212623607255,0.2122090881858194,0.34506460865828753,0.30987593270527836,0.20007765560283122,0.2179670259352006,0.2329739628495856,0.23035934798973684,0.2590324103313062,0.24022161696505498,0.14694709900579522,0.16543237043738399,0.13864568331415203,0.19018322580678804,1
2018-11-18,0.12380418815330362,0.11690092331197452,0.10709094198596715,0.12942903326747596,0.11644552177537662,0.1179339637441239,0.12051608901427843,0.11234352606430259,0.1273015598419571,0.0729281660988625,0.08065142860401041,0.08936213988161837,0.10766357740520299,0.11469550723642605,0.10629174870722698,0.12379606784365435,0.21283847241269313,0.34569440331372703,0.3104966083399628,0.20073751805227377,0.21860515120734839,0.23357864004777223,0.23094056082158362,0.25952035334324747,0.24074509901131344,0.14750873864949232,0.16598649481823813,0.13920943084011309,0.19071932235464198,0.23909539743694813,0
2018-11-19,0.11750838063283348,0.10771038070838548,0.1300436480748862,0.11705802097906498,0.11853786624321505,0.12110864944604632,0.11296108553830421,0.12791844665375107,0.07356282347355562,0.08127903947806112,0.08997955985262117,0.10826950338751536,0.11529973711286087,0.10691385975661641,0.12441134248784659,0.21340856844475747,0.3462552545979307,0.311144989378496,0.20141599475789637,0.21925528029582253,0.23420861468433693,0.23154628232333316,0.26008685332996634,0.24124159661037234,0.14807694268399973,0.1665390037676502,0.13977618152627228,0.19125803211026818,0.23960801345481564,0.15512677376642459,0
2018-11-20,0.1083221901725633,0.13065212847952076,0.11767857979299115,0.11914936613879445,0.12171104141161752,0.1135572125822499,0.12852850426532852,0.0742057954562016,0.0819096643463999,0.09060268023394279,0.10887784397208154,0.11590199903710283,0.10752183296243506,0.1250246257931248,0.21398002353239326,0.34676010443328886,0.3117235787412459,0.2021230258211189,0.21992394976269736,0.23485054654283352,0.2321773180293726,0.26067760603720636,0.2418173189306041,0.14861678934637693,0.16709802815733968,0.14034126011603118,0.19179972147453017,0.24012321680984658,0.15567969933752404,0.04222254210617931,1
2018-11-21,0.1312530739742257,0.11829296365611668,0.11976892010615135,0.1223210257920771,0.1141631975644462,0.12911728214717452,0.07484172446259016,0.08254858471218704,0.09122880286175097,0.10949186686054321,0.1165066744688064,0.10812782695797518,0.12562388688973472,0.214549669579231,0.3472663520427945,0.3122453159612242,0.20275758835193672,0.22062102954326449,0.23551095656143334,0.23282031702311504,0.2612934326302142,0.24241745440603427,0.1492392444327721,0.1676289769817621,0.14091292153312204,0.1923398512138334,0.24064137766242066,0.15623525665844215,0.042829667912286526,0.07581570956033845,0
2018-11-22,0.11889976178204617,0.1203823059774349,0.12293905584488231,0.11477678681096753,0.1297158635597399,0.07545584712729965,0.08318049530596971,0.09186319965037955,0.11010886819508765,0.1171170248952321,0.10873623557609097,0.126221194977787,0.21510586502324466,0.3477710618876478,0.31276844093399203,0.20333261434358804,0.22124609497975858,0.23619965558300435,0.2334818022766893,0.2619211355656303,0.2430428144041445,0.14988692565258288,0.16824183969063697,0.14145611943953806,0.1928864300272743,0.24115808448245601,0.1567938094355128,0.04343948518547936,0.07640670880020545,0.019750857324078025,0
2018-11-23,0.12098811470397673,0.1235509281972497,0.11539844170906559,0.13032202482034216,0.07607996095596427,0.08379068135281628,0.0924906237391172,0.11073410046361028,0.11773034416002988,0.10935032663377706,0.12682091509313292,0.21566023697891,0.348263171731064,0.3132899579289022,0.20390899646526078,0.22181207934470834,0.2368167227682733,0.23417159232575815,0.2625672086613289,0.24368010524387765,0.15056059472461333,0.16887976166084576,0.1420821873584153,0.19340531534347724,0.24168111480409896,0.15735072690716556,0.04405234895398003,0.0770003817390716,0.020368770773644667,-0.028727267190813685,0
2018-11-24,0.12415523643588577,0.11601391417924327,0.13093621056443203,0.07671173883621346,0.0844108294199338,0.093096414603678,0.111352435138318,0.11835187690906014,0.10996739631588683,0.1274263003211394,0.21621700813288464,0.34875365082396137,0.3137986547649791,0.20448354904868882,0.2223794252051863,0.23737509246716018,0.23478970074273717,0.2632413601863141,0.2443358390176332,0.1512464708047111,0.16954351480209057,0.14273354426070298,0.19400517290147745,0.24217717454608295,0.15791418345360872,0.044663333677505766,0.077597085987217,0.020989387576012618,-0.028086081577725755,-0.11213708768898574,0
2018-11-25,0.11662179153959688,0.1315442648326727,0.07735168317481293,0.08503862845992098,0.09371213494996805,0.1119493216037682,0.11896654238298165,0.11059269725588164,0.1280346413978153,0.21677935874923032,0.3492465100244746,0.31430567096505685,0.20504458675841303,0.2229449791200727,0.23793482818029113,0.23534906173728895,0.26384454383997885,0.2450197931119716,0.15195115858864058,0.1702194182654196,0.14341094802694837,0.19462986347902786,0.2427524248313795,0.15844942837154746,0.04528114733557557,0.0781919837118832,0.02161306103217222,-0.027442166970803757,-0.11145586077889345,-0.1141773690391996,0
2018-11-26,0.13214478785990902,0.07798532032104431,0.08567457190635197,0.09433549166691381,0.11255607162964047,0.11955983433418602,0.11121110003927759,0.12865117236652618,0.2173445526292563,0.3497448212319528,0.3148150722139102,0.20560378641664565,0.22349713603510238,0.23849280360756495,0.23590978815782743,0.2643896958424013,0.24563233193410913,0.15268478570561925,0.17091405773881088,0.14410058015122987,0.1952801728024436,0.243352080060203,0.15906692251460675,0.045869080650563714,0.07879362412714051,0.022234806931105272,-0.026795173795211537,-0.11077186075787385,-0.11349516268195076,-0.16381988342020068,1
2018-11-27,0.07861120596424079,0.08630423545316349,0.09496696816963869,0.11317042844288107,0.1201629632347997,0.11180805322706447,0.1292608770512646,0.21791773192186378,0.3502458081664268,0.31532995845844775,0.20616538671566775,0.22404748160768395,0.23903748130583374,0.23646875017096788,0.26493622170274933,0.2461863904439514,0.153344730414786,0.17163748896059958,0.1448090524883242,0.19594255559423748,0.24397695210152293,0.15970955648891727,0.04654337589496988,0.0793658807033657,0.022863439456281973,-0.02615021283223763,-0.11008474446218558,-0.11281018213462969,-0.16311384592831443,-0.15157299714987205,1
2018-11-28,0.08692618170861391,0.09559219524474044,0.11379285516177957,0.12077368698064542,0.11241487046923414,0.12984930919009335,0.21848444021088922,0.35075447622949285,0.3158475637927605,0.20673257610750734,0.22460022517552264,0.2395803701554438,0.2370144015317835,0.2654810422328688,0.24674181752639535,0.1539439212903146,0.17228770312731398,0.14554651974412644,0.19662357177201628,0.2446137521949838,0.16037809728376662,0.04724379910083873,0.08002327552799957,0.02346185950885965,-0.02549824078482198,-0.10939984044564105,-0.11212208439031636,-0.16240500798945454,-0.15087283883633196,-0.07257642217101616,0
2018-11-29,0.09620974322536684,0.11440909418765428,0.12139246049661784,0.11302929472044528,0.13044754230002673,0.21903075114515144,0.3512572019784503,0.3163729290121449,0.2073026214219886,0.22515854017378226,0.24012565477229983,0.2375582611156444,0.2660127373504018,0.24729550224774724,0.15454445395587327,0.17287763012386456,0.14621012932363067,0.19733317960591523,0.24526899149762374,0.16105881577007747,0.04797105691222682,0.08070650430896299,0.024147460055343285,-0.02487719771240624,-0.10870771120609092,-0.11143620332974051,-0.16169303041235314,-0.15016988655343702,-0.07191418655413412,-0.10115335649662392,0
2018-11-30,0.1150177315038566,0.1220050712404953,0.11365178925107546,0.13105335410932706,0.21958655121758808,0.35174083273652107,0.31689221507906185,0.2078806751405489,0.22571968787794083,0.24067649594468132,0.2381045167567992,0.26654268266446585,0.24783594544418822,0.15514305661209635,0.17346890440784155,0.14681280930734034,0.19797020130054255,0.2459524438582975,0.16175830681325154,0.04871082808016717,0.08141629164524143,0.024859385233957372,-0.024167208258410587,-0.1080477437313246,-0.11074309180813176,-0.16098337668808543,-0.14946380016859204,-0.07124919875073821,-0.10047740238103307,-0.14561589542415188,1
2018-12-01,0.12261011151327955,0.11426809562609287,0.13166718846535283,0.22014979004915716,0.3522334885970577,0.31739206907000805,0.20845221790809923,0.22628880181939504,0.24123015027031394,0.2386563308899293,0.26707501987834753,0.2483746125272602,0.15572782936194274,0.1740582871992013,0.14741682901056397,0.19854756851787891,0.24656450384648937,0.162486660862298,0.04946982002434728,0.08213849246534428,0.025598329678057113,-0.023430469895012296,-0.10729579154840574,-0.11008217220648506,-0.16026636505524122,-0.1487600111977964,-0.07058111255635188,-0.0997986809640262,-0.14491859684676828,-0.11845286307881987,0
2018-12-02,0.11487679971157902,0.13227489374258128,0.22072081547545058,0.3527333749729539,0.3179010682677309,0.20900326491513088,0.22685147807407693,0.2417917353212724,0.23921096072172163,0.26761288782760023,0.24891567411614693,0.15631069267702155,0.17463396085548913,0.14801890419767819,0.1991262904759001,0.24711810648660554,0.16314157317260103,0.050258548894420385,0.08287978069991335,0.026349854287189188,-0.022666313899520264,-0.10651636045896763,-0.10932919357640787,-0.15958227905433936,-0.1480488957599334,-0.06991515323687823,-0.09911684823762391,-0.144218507450858,-0.11776860424950408,-0.13217343027344325,0
2018-12-03,0.13287507078352867,0.22128600385115146,0.35324069682557685,0.31841735187962833,0.20956383612256904,0.2273938390460089,0.24234694438704416,0.23977352590187395,0.2681535349902095,0.24946228383885213,0.15689596370340753,0.17520775244258804,0.1486071039916225,0.1997031731614896,0.24767307796984675,0.1637359729962154,0.050971080447380114,0.08365054583698071,0.02712068888307506,-0.02188943361318393,-0.10570882632133098,-0.10854871818340685,-0.15880432572270314,-0.1473705249461148,-0.06924207025874773,-0.09843720407850147,-0.1435152866459476,-0.11708156896872327,-0.1314825848179625,-0.18122595246782186,1
2018-12-04,0.22184403005020945,0.3537426161920866,0.31894116184657156,0.21013186182390173,0.22794565991363896,0.24288199016461143,0.24032970706437778,0.2687020512357253,0.25001169564470244,0.15748687102758607,0.17578394903043193,0.14919338404394344,0.20026651045129257,0.2482263089873797,0.16433171745297895,0.05162033617377604,0.08434593354299437,0.027921434343907755,-0.021093050886414888,-0.1048883199148553,-0.10774012297629545,-0.15799844116020936,-0.14659873291258047,-0.06860056434225693,-0.09775036289497653,-0.14281435039479495,-0.1163914145581829,-0.13078895565393905,-0.1805115591063719,-0.17218893558286158,0
2018-12-05,0.3542379181119262,0.3194594568509986,0.21070770065020308,0.2285049064173519,0.24342644168181654,0.24086570515165923,0.269244298598956,0.2505690180700966,0.15808069632406938,0.1763657638195123,0.14978207282846626,0.200828002773603,0.2487663044230826,0.1649255518203128,0.0522709039805817,0.08497886761783754,0.028645434036186312,-0.020266382056296068,-0.10404797993865977,-0.10691854943457393,-0.1571640288486806,-0.14579911683211025,-0.06786851477360145,-0.09709552113765797,-0.14210610297028023,-0.11570348606138857,-0.1300922011576768,-0.17979435609153632,-0.17147888048607834,-0.20854752896903045,0
2018-12-06,0.3199709934187051,0.21127766959050648,0.22907191738913052,0.24397829453166814,0.24141111602874551,0.2697666465092903,0.2511199994438386,0.15868264272066065,0.17695047279346388,0.15037640472659197,0.2013918964217332,0.2493045250920596,0.16550561874123865,0.05291933362186083,0.08561312345872943,0.029305607905663476,-0.019517642168022285,-0.10317670823661675,-0.10607713422340397,-0.15631649061499034,-0.1449710736407917,-0.06710933253069992,-0.09634909477090604,-0.14143051212437224,-0.11500831612705822,-0.12939770219535215,-0.1790740055699228,-0.1707660205157653,-0.20782001974960623,-0.27951813094220396,0
2018-12-07,0.21184043519472953,0.229633118695583,0.2445378708717747,0.2419639314023585,0.27029830615404127,0.25165090358399944,0.15927788235835771,0.17754325966423812,0.15097366355622072,0.2019613837361562,0.2498451401334663,0.1660837903802057,0.05355328067149209,0.08624530899513419,0.02996708737647613,-0.01883391460842815,-0.10238540120434346,-0.1052047714938631,-0.1554489136356524,-0.14412994093739234,-0.06632237232742647,-0.09557528562650858,-0.140661717055025,-0.11434540130411441,-0.12869592657059187,-0.17835601647765803,-0.17005001712392165,-0.20708968642587766,-0.278756551934172,-0.30275134748941707,1
2018-12-08,0.23018719215303818,0.24509168826312647,0.24252447560081705,0.2708373249450261,0.25219118280230723,0.15985214388601335,0.17812941484126438,0.15157905975786007,0.20253373298493052,0.25039130241817115,0.1666643683286434,0.05418517039435328,0.08686322472194047,0.030626383287058464,-0.01814889542479355,-0.10166114796261154,-0.10441242322987974,-0.1545500048867375,-0.14326881810735323,-0.06552255746945636,-0.09477346369218438,-0.13986515007489392,-0.11359027171152075,-0.12802660884599004,-0.1776306247901047,-0.16933635565216243,-0.20635619324445953,-0.2779921112840895,-0.3019786152608341,-0.2890489738864516,1
2018-12-09,0.24563844137909974,0.24307925424811477,0.27138399609612573,0.2527388495934055,0.16043610147649165,0.178694776822343,0.1521777209283861,0.2031141015563895,0.2509402656154563,0.1672505732157769,0.054819482477233235,0.08747913133627652,0.031271054268383724,-0.01746615773130082,-0.1009356271457,-0.10368717869248292,-0.15373232219515878,-0.1423764583031132,-0.06470306609395635,-0.0939587021437328,-0.13904020493610544,-0.11280760793716813,-0.1272645765597037,-0.17693841599465773,-0.16861531478590575,-0.2056251204746697,-0.27722447869355565,-0.30120300910169584,-0.2882828195501099,-0.2731919592142796,0
2018-12-10,0.24362696034386636,0.271924996333355,0.25329421667438623,0.1610275906869936,0.1792697689808615,0.15275533434360883,0.20368794020590328,0.25149713730627854,0.1678396837729356,0.05545952865725995,0.08809745553500209,0.0319136356706498,-0.0167983520317294,-0.10021255631382209,-0.10296066716816384,-0.1529829582345776,-0.14156502565461457,-0.06385294920661974,-0.09312415062996018,-0.13820218799574233,-0.11199678921504277,-0.1264748900101808,-0.17615170582656384,-0.1679273232454436,-0.2048865749667338,-0.276459419727181,-0.3004242004993665,-0.2875137985306676,-0.27243341711628466,-0.29815356696899864,0
2018-12-11,0.2724590426476216,0.25384385352077055,0.16162702306415344,0.17985226319223796,0.15334266863644605,0.20424123636224706,0.25204767163935776,0.16843689308651844,0.05610262136419752,0.08872148194728836,0.032558642627525794,-0.016132705489021487,-0.09950494580093541,-0.10223660975041929,-0.15223234160008808,-0.1408216119936169,-0.06308183145824327,-0.09225875240843416,-0.13734420457788338,-0.11117297944723285,-0.12565693576479792,-0.17533691209087152,-0.16714515951909426,-0.2041816161613931,-0.27568670581938143,-0.2996480156774557,-0.28674158126228905,-0.27167201672227576,-0.29738304192770226,-0.30444595059812973,1
2018-12-12,0.2543864620851984,0.1622204246080003,0.18044265071733373,0.15393754568535908,0.20480407336996512,0.2525781378383634,0.16902743446306703,0.056754068655083166,0.08934851297637392,0.033209405009632494,-0.01546462650001802,-0.09879961415812781,-0.1015280255749858,-0.15148427935425066,-0.14007694212766786,-0.062376799250034316,-0.09147305078406757,-0.13645503029596825,-0.11032931103665784,-0.12482594968238572,-0.17449344757262636,-0.16633499131650803,-0.20338116075440973,-0.27494862755340926,-0.298864116267335,-0.285971958193414,-0.270907427247606,-0.296609645387707,-0.3036724048669403,-0.28890862332223305,0
2018-12-13,0.16280642106704882,0.181027069110073,0.15454038467732986,0.20537437234397757,0.2531179758733373,0.16959709336262654,0.057398403511939734,0.08998382247129642,0.03386324195383959,-0.014790746074747329,-0.09809183821142357,-0.10082172319792736,-0.15075200479073536,-0.13933480191062483,-0.061670488060447594,-0.09075413412256482,-0.13564663777878105,-0.10945466201382534,-0.12397505048782335,-0.17363680538385154,-0.1654962265926115,-0.20255238266323533,-0.27411246747622847,-0.2981151958839313,-0.28519465571452013,-0.27014539774004953,-0.2958330484829799,-0.3028959843088867,-0.28814253636187415,-0.3078741430833935,0
2018-12-14,0.18160415976064537,0.15513716959720045,0.20595249704210644,0.2536652000261198,0.17017641425069818,0.058020760926126416,0.09061215178641771,0.0345254844001525,-0.014113730607113068,-0.09737818166341973,-0.10011297622692437,-0.15002208327457983,-0.13860837180305935,-0.060966546940004335,-0.09003394671903443,-0.13490611844856548,-0.1086601318056852,-0.1230930644787984,-0.17276005534894187,-0.16464431106530136,-0.20169470927579464,-0.27324736358494056,-0.2972673473849057,-0.2844521297424711,-0.2693757295322891,-0.2950590654329053,-0.3021163605415847,-0.28737358279264874,-0.3070989516314404,-0.3370774567789395,0
2018-12-15,0.15572652030227127,0.20652473626078408,0.2542201220155527,0.17076325146737759,0.05865317046800574,0.09121882945148937,0.03518052594279964,-0.013428199791724384,-0.09666128601275821,-0.09939834671817188,-0.1492897101072636,-0.13788427716561721,-0.06027781555785029,-0.08931618711247173,-0.1341643411958369,-0.10793280996718167,-0.12229153215320927,-0.17185183881511865,-0.16377232356797913,-0.2008237769905813,-0.272352781199949,-0.2963903517362306,-0.28361117478410613,-0.26864060346609636,-0.294277379598532,-0.3013393642130389,-0.2866014330379335,-0.3063208835393847,-0.336288246131762,-0.34463299548603743,1
2018-12-16,0.20708975259686574,0.2547693168066549,0.17135800606799284,0.05929327141996485,0.09183544316347772,0.03581337210830922,-0.012750060735387004,-0.09593568601763652,-0.09868047556135068,-0.14855140728602814,-0.13715773261804065,-0.05959130626667604,-0.08861381825298997,-0.13342508155816504,-0.10720422237447357,-0.12155754400920887,-0.1710252731569637,-0.16286893952155715,-0.19993262839509665,-0.271444728921076,-0.29548368667603553,-0.2827411925983402,-0.26780762602889435,-0.2935306048360855,-0.300554648945718,-0.2858318771797307,-0.305539610688342,-0.33549614339827544,-0.34384015776512217,-0.3393152685528684,1
2018-12-17,0.2553114871217833,0.1719467617455226,0.05994158495919285,0.09245969619235925,0.03645634805214115,-0.012094587205816049,-0.09521780616088378,-0.0979538954370351,-0.1478098008837931,-0.13642527004017796,-0.05890235829557829,-0.08791371249928312,-0.13270149429716938,-0.10647809752519954,-0.12082229406694109,-0.17026745224470372,-0.1620469857903524,-0.1990098018217101,-0.27051617858519383,-0.2945634826494396,-0.2818416535996367,-0.26694576014381294,-0.2926850694390001,-0.2998049377511984,-0.28505464227183197,-0.3047609726768952,-0.3347008227042376,-0.34304442396162493,-0.33852498363307715,-0.2339899673604241,1
2018-12-18,0.17252815233797372,0.060583534214164445,0.09309207397464503,0.03710705025306961,-0.011428816382361161,-0.09452340075443863,-0.09723504348355029,-0.14705937303004651,-0.135689519160267,-0.058207567270574606,-0.08721116400313489,-0.13198023395641886,-0.10576747299958833,-0.12008953458481354,-0.1695083836770827,-0.1612935556233496,-0.19816929294350893,-0.26955540093301,-0.2936226883321095,-0.28092861637178734,-0.26605446775003355,-0.2918104271317298,-0.2989562367126221,-0.2843121817964091,-0.3039746069254528,-0.33390819989440124,-0.3422454687820419,-0.3377318054433542,-0.23325024437257239,-0.1775664414600497,1
2018-12-19,0.06121766040097272,0.09371819618107989,0.03776602379651597,-0.010755244126404228,-0.09381840983250316,-0.09653968576739098,-0.14631686878664726,-0.1349449745788282,-0.0575095864979468,-0.08650274533044795,-0.13125652455239992,-0.1050591364087176,-0.11937236233361678,-0.16875190465984535,-0.16053887519541774,-0.19739819750891838,-0.2686786731082162,-0.29264948686488984,-0.27999504325036206,-0.2651497242701267,-0.2909061531949753,-0.2980783736933444,-0.28347129744714805,-0.30322329591519404,-0.33310777437071576,-0.3414492277976844,-0.3369354082814614,-0.23250768382341064,-0.17685380486496466,-0.17290368382656715,1
2018-12-20,0.09433663158618774,0.0384185603367215,-0.010073273775338057,-0.0931054881338069,-0.09583373548557432,-0.14559834022266618,-0.13420830539250106,-0.056802991020608866,-0.08579110125816962,-0.13052690277203516,-0.10434835461609497,-0.11865749770948461,-0.168011323576488,-0.1597867660623311,-0.19662586229637005,-0.26787309573805124,-0.29176090226269946,-0.2790291690404272,-0.26422450784752827,-0.2899883539610544,-0.29717082733722894,-0.28260138709882465,-0.30237287018387665,-0.3323428352106125,-0.3406451647020952,-0.33614171383479574,-0.23176195191512536,-0.17613836055208126,-0.1721932856113533,-0.10469590870088084,0
2018-12-21,0.0390631826549481,-0.009397897304044922,-0.09238395025378217,-0.09511985126311667,-0.1448690475539313,-0.1334954931130716,-0.05610395993374028,-0.08507077772925607,-0.12979400012157388,-0.10363168622781187,-0.11794018593307468,-0.16727312052239876,-0.1590504976218722,-0.19585617182610066,-0.26706629905229273,-0.2909440367499248,-0.27814757727081707,-0.26326711307550965,-0.28904998268916354,-0.29624973697664536,-0.2817019210908876,-0.30149325246854863,-0.33147771755538313,-0.3398766996402833,-0.3353402109291326,-0.23101869534403294,-0.17541977038672774,-0.1714800821445652,-0.1040182539655774,-0.15571333879431892,1
2018-12-22,-0.008730631700690567,-0.09166927616998295,-0.09439734552473995,-0.1441317439635215,-0.13277195904785288,-0.05542801963068233,-0.08435813109643937,-0.1290523172676668,-0.10291177085744588,-0.11721697453868699,-0.16653246334268937,-0.15831659424038197,-0.19510255234695711,-0.2662622904754315,-0.290125958620197,-0.27733736922396013,-0.26239361373222203,-0.28807923985588485,-0.2953080495979098,-0.28078895727106784,-0.3005839232453794,-0.3305831523307138,-0.3390077808616282,-0.3345742274617121,-0.23026790071626016,-0.17470353375050893,-0.1707637349331395,-0.10333783005513245,-0.15501119288928786,-0.14599796084896904,1
2018-12-23,-0.09096305129650638,-0.09368171018499478,-0.14338568906014698,-0.13204043305230123,-0.05474163051352602,-0.08366885239171647,-0.12831848635612939,-0.1021831368318259,-0.11649049904473252,-0.16578585998879952,-0.15758023801798046,-0.1943513501101355,-0.2654748024236721,-0.2893107155324289,-0.27652594460945845,-0.2615911100100168,-0.2871930016726691,-0.2943339419524372,-0.279855458114851,-0.29966103982570125,-0.3296586356214067,-0.33810934838796847,-0.3337079839835486,-0.2295510688280761,-0.1739799039140875,-0.17004973118480884,-0.10265429323385633,-0.1543062508249939,-0.14530047885918795,-0.1227049653577371,1
2018-12-24,-0.09297453233173988,-0.1426466651999336,-0.1313001877649199,-0.054047371966641285,-0.08296902612565096,-0.12760845457843853,-0.10146224780939295,-0.11575527380635516,-0.16503593133847358,-0.15683794419851488,-0.1935976898636384,-0.2646898334741707,-0.2885121401309803,-0.2757173273569628,-0.26078738514824545,-0.28637837004783234,-0.293444492531043,-0.27888965895648926,-0.2987175457782634,-0.3287204778939295,-0.33718090234240267,-0.3328122733507675,-0.22873781355964973,-0.17328940288252279,-0.16932834620700293,-0.10197295262758142,-0.1535981727870792,-0.1446002058487983,-0.12201866528568484,-0.030362091355507506,0
2018-12-25,-0.14191630019538445,-0.1305669338894419,-0.0533446006751208,-0.08226128611538223,-0.12688772159965,-0.10076489448880083,-0.11502784758819141,-0.16427714179655947,-0.15609233635700068,-0.19283805751179983,-0.263902396425761,-0.2877161171770606,-0.2749252909987586,-0.2599864356159694,-0.28556252448040254,-0.2926268036746078,-0.27800813881300945,-0.2977416049286256,-0.3277615936042333,-0.336238792815996,-0.3318865928442404,-0.22789601293652956,-0.1725045337814339,-0.16864002111890752,-0.10128440590208716,-0.15289240110145313,-0.14389680125669313,-0.12132958651314707,-0.02972012093699094,-0.09774855577206316,0
2018-12-26,-0.12984228919153668,-0.05264856516043398,-0.08154495864223084,-0.1261590059282526,-0.1000569338286344,-0.11432409013641336,-0.16352634439161276,-0.1553378881007008,-0.19207506577771524,-0.26310891991315494,-0.2869176228213816,-0.2741357874218714,-0.25920196653827243,-0.2847495046670268,-0.29180790268981033,-0.2771979989571919,-0.29685040597267653,-0.326770036468015,-0.33527592673257917,-0.3309472646665127,-0.22702510794515474,-0.17169161314053977,-0.1678574978091588,-0.10062791096140815,-0.15217929231923424,-0.14319568204315503,-0.1206373866886569,-0.02907542065994968,-0.09707423614790557,-0.10341196094673336,0
2018-12-27,-0.05196081838276104,-0.08083545942165145,-0.125421586540671,-0.09934103259778507,-0.11360967793381022,-0.16279969147329332,-0.15459139640319033,-0.1913031512446085,-0.2623119954769096,-0.2861130669506454,-0.2733438143911643,-0.25842000748325067,-0.2839531234172284,-0.29099184017021407,-0.2763866424932635,-0.2960310514869649,-0.3258639339713088,-0.334280329320009,-0.3299872010426598,-0.22614086841545541,-0.17085005178894488,-0.16704696376774478,-0.09987970236857115,-0.15149898935494371,-0.1424872506753758,-0.11994742195742278,-0.028427641075204388,-0.09639715102319796,-0.10273492257690169,-0.20095820216313923,1
2018-12-28,-0.08013436485714709,-0.12469113928764922,-0.09861649867216114,-0.11288730388393368,-0.16206221430376308,-0.15386896154968116,-0.19053933641183038,-0.26150598743072206,-0.28530503417100983,-0.27254579285044955,-0.25763558122865393,-0.28315928801603446,-0.29019245607070115,-0.2755780931078211,-0.29521048586131327,-0.32503039069822026,-0.333370370949951,-0.32899444725080373,-0.22523631157135318,-0.16999532364657277,-0.1662078273316119,-0.09910407999391092,-0.1507251143528448,-0.14181148153309658,-0.11925020487220336,-0.027781897232363347,-0.09571695612825916,-0.10205511571103369,-0.2002343362375968,-0.10819687555277639,0
2018-12-29,-0.12396927704789927,-0.09789884898078405,-0.11215626126501012,-0.16131669922083097,-0.15313573367226163,-0.18979993103527518,-0.26070835849174484,-0.2844878651377341,-0.2717443114956214,-0.25684512151408884,-0.28236298186670516,-0.2893956268508814,-0.27478612372767747,-0.29439276562610156,-0.3241956447051406,-0.3325331567259097,-0.328087202715241,-0.22429987981557642,-0.16912050218598668,-0.16535553796711372,-0.09830041571857516,-0.14992337906781952,-0.14104249425007764,-0.11858530574406681,-0.02712913810798607,-0.09503894245025903,-0.10137219651475221,-0.19950765022189404,-0.10751754016101449,-0.1331480869694052,1
2018-12-30,-0.09718967411894908,-0.11143214728046276,-0.16056238731442035,-0.15239448189521276,-0.18904960699813844,-0.2599358272947382,-0.28367916667940896,-0.27093372493509754,-0.25605122176828005,-0.2815606185661146,-0.2885963259883963,-0.2739966869274138,-0.29359174552544315,-0.3233638030956644,-0.3316947419603031,-0.3272525721739136,-0.22344638671163017,-0.16821424255243983,-0.1644831737951189,-0.09748380129707888,-0.1490931826488917,-0.1402457317124641,-0.11782803695714067,-0.02650733212116554,-0.09435374048902301,-0.10069147076166389,-0.1987778077793105,-0.1068354337423809,-0.13245677362515537,-0.12709481911635023,0
2018-12-31,-0.11071656378136695,-0.15981516277768468,-0.15164445692318418,-0.18829120267981822,-0.25915213219910993,-0.2828957912829951,-0.27013155500412467,-0.2552482527468797,-0.28075478409271654,-0.2877909620024905,-0.27320478069328274,-0.29279328522476106,-0.3225488465970747,-0.3308592468411271,-0.3264167395578048,-0.22266292975695842,-0.1673895444793139,-0.1635794075416117,-0.09664738284665639,-0.14824988440861767,-0.13942058787658926,-0.11704319677434354,-0.025796520201867235,-0.09370048763133922,-0.10000354218564347,-0.19805036936438875,-0.10615021283027937,-0.13176267605684783,-0.12640641167328212,-0.17095437043464295,1
2019-01-01,-0.1590766677023388,-0.15090149007679765,-0.18752393010207477,-0.25836024676763253,-0.2821011717058662,-0.26935457524696294,-0.2544536379269418,-0.2799398237837007,-0.28698211899353504,-0.27240682608235195,-0.29199235279405944,-0.32173649181226205,-0.33004068469027803,-0.32558381584586854,-0.2218782403599358,-0.16663350158526563,-0.16275708904770597,-0.09578009026783157,-0.1473865796049298,-0.13858237110325655,-0.11623016670233197,-0.025058945065295598,-0.0929557741891445,-0.09934764641780382,-0.197315477695448,-0.10546719569112525,-0.131065452715701,-0.1257152232078486,-0.1702449079969672,-0.13959641566989023,1
2019-01-02,-0.1501672160341769,-0.18676383330737253,-0.25755930751452627,-0.28129832576495817,-0.2685663986574693,-0.2536840594966157,-0.27913331594845714,-0.2861641358911709,-0.2716054118324061,-0.2911853539862078,-0.3209216607458653,-0.3292247350972269,-0.3247677914193135,-0.22109624710106948,-0.1658762099807399,-0.16200331161152118,-0.09499258074687796,-0.14649200577928334,-0.13772418633566355,-0.11540413294310524,-0.02429393886254291,-0.09218370776789024,-0.09860008376750977,-0.19661406055952224,-0.10477696344469727,-0.13037048701259704,-0.12502091170599824,-0.1695326413387474,-0.13890200677354433,-0.11237880254958435,0
2019-01-03,-0.18601257680090597,-0.25676577370726356,-0.28048636525604487,-0.267770016952574,-0.25290333902767637,-0.2783520865850169,-0.28535463003530526,-0.27079489269478224,-0.29037487187836747,-0.3201007355851834,-0.32840630814849076,-0.3239543719183352,-0.2203304859879504,-0.1651215005340761,-0.16124828412048478,-0.09427194289302963,-0.14567846015993866,-0.1368348077466883,-0.11455822366065993,-0.02351620350860195,-0.09138365653549206,-0.09782511857241653,-0.19581742327445262,-0.10411883472706554,-0.1296682421448151,-0.12432884477429422,-0.16881723181709088,-0.1382048102424929,-0.11169745960307734,-0.1514144529939956,0
2019-01-04,-0.2559813680723551,-0.27968188537629707,-0.26696455650637635,-0.2521144380329317,-0.27755962892843555,-0.28457046367591854,-0.2699927896341578,-0.28955524190924314,-0.3192762906910881,-0.3275817799344377,-0.32313847581764393,-0.2195671786331905,-0.16438266584163072,-0.16049582936814552,-0.09355003531854834,-0.14493303486327958,-0.1360262202472573,-0.1136813008531313,-0.022718959224127273,-0.09057067581146346,-0.09702212202742538,-0.1949925297264677,-0.10336886482935943,-0.12899846958253158,-0.12362951421850533,-0.16810416155031876,-0.13750448502358967,-0.11101334341779527,-0.15071437079036196,-0.16045146987895587,0
2019-01-05,-0.2788866279117855,-0.26616653234808973,-0.251316499757187,-0.2767589520378892,-0.28377504728013675,-0.26921587538619934,-0.2887441026831996,-0.3184426317644828,-0.3267537225608441,-0.32231648349873965,-0.21880140965183945,-0.16364620392617232,-0.1597592198357116,-0.0928305626972898,-0.14418635455541945,-0.135285515285879,-0.11288460063852279,-0.021891416182166237,-0.08973791863885838,-0.09620617915345961,-0.19413880324713684,-0.10259145050960462,-0.12823594695524604,-0.12296256650145036,-0.16738371505855615,-0.13680643136348994,-0.11032611084857563,-0.15001149470123057,-0.1597470494106555,-0.16427732229617223,1
2019-01-06,-0.26537767502293014,-0.25052594645562165,-0.2759491726008545,-0.28297140189274156,-0.2684277647908886,-0.2879583362008665,-0.3176175785526027,-0.32591643403479087,-0.3214909686545762,-0.21802964441749326,-0.1629072884053325,-0.15902497638808252,-0.09212650326194649,-0.14344221226030568,-0.13454355251214545,-0.11215521286408577,-0.02114184198211458,-0.08887434111290199,-0.09537043734772166,-0.19327184043315643,-0.10178596552015105,-0.12744576153459436,-0.12220308921866384,-0.1666962996458242,-0.13610108198387683,-0.10964109108031783,-0.14930548458182014,-0.15903983027700158,-0.16357106520849038,-0.13017733336011295,0
2019-01-07,-0.24974449566501947,-0.2751468589144422,-0.2821586375065729,-0.26763144929781896,-0.28716130783606136,-0.31681818130345674,-0.3250877809691526,-0.3206562347072882,-0.21725448805946332,-0.162162430183588,-0.15828827999793307,-0.09142471201679518,-0.14271380629995412,-0.13380410812527307,-0.11142456056141752,-0.02045732012319149,-0.0880903770854019,-0.09450383135180632,-0.19238469143783152,-0.1009675199761374,-0.12662730040888914,-0.12141600212030265,-0.16591475701807382,-0.1354283002154911,-0.10894884546849834,-0.14860177153419127,-0.1583294730278213,-0.16286200743188645,-0.12948744614083124,-0.1406984275074581,1
2019-01-08,-0.27435374899289605,-0.2813533592333515,-0.2668260554304124,-0.2863560451635181,-0.3160074212601483,-0.3242848571412308,-0.3198301152848523,-0.21647035125288014,-0.16141425123093447,-0.15754564533234536,-0.09072047752559066,-0.14198774175211498,-0.1330803385351126,-0.11069637959178956,-0.019771507111583216,-0.08737311468800237,-0.09371697707730464,-0.1914659232087681,-0.10012925650468232,-0.12579580454849326,-0.12060068905931931,-0.16510522071891737,-0.1346625334921549,-0.10828876519398695,-0.14789073242652645,-0.15762143235968684,-0.16214980981025257,-0.12879477626878175,-0.1400034895848773,-0.13818251368961462,1
2019-01-09,-0.2805573102493297,-0.2660280973967386,-0.2855416545287299,-0.31518838162329554,-0.3234705444110757,-0.3190296735278542,-0.21569441431193592,-0.16065721967870825,-0.15679969575300448,-0.09001036949557836,-0.14125922670554752,-0.13235889641355333,-0.10998372587901072,-0.01908797889259989,-0.08665458056689727,-0.09299696304518684,-0.19062928744724644,-0.09926009180606186,-0.12494439170665012,-0.11977235926005408,-0.16426709804342915,-0.13386904754011517,-0.1075366914065003,-0.14721243559963743,-0.1569060424307254,-0.1614399370289791,-0.1280989819668431,-0.1393057634447153,-0.1374887835439097,-0.12369261747631197,0
2019-01-10,-0.26523930562687587,-0.28473476110061335,-0.3143601376681977,-0.3226479403709435,-0.31821786124396273,-0.2149431335725887,-0.15990816585618037,-0.1560449041393437,-0.0892970316463629,-0.1405247896990573,-0.13163500517441093,-0.10927336620376496,-0.018419393022656556,-0.08593846736477445,-0.09227567892224608,-0.18986187937996993,-0.09847079561107834,-0.1240618845061453,-0.11892413651025613,-0.16341582823489834,-0.1330472328941974,-0.10675713659702224,-0.14644072332823896,-0.15622352834885156,-0.1607227051647434,-0.12740543888963443,-0.1386049081185292,-0.1367922665113398,-0.12300584327697373,-0.22307641145017154,1
2019-01-11,-0.2839371108677667,-0.3135394854224905,-0.3218161122575918,-0.3173977658963348,-0.21418084625662775,-0.15918322102967938,-0.15529807189839204,-0.08857500631351144,-0.13978705922511786,-0.1309052011963009,-0.10856056072228536,-0.017752968655943824,-0.08523772334342815,-0.09155682715884503,-0.18909322934656808,-0.09774845676963687,-0.12325985477687303,-0.11804486625630223,-0.1625444913574651,-0.1322123643426615,-0.10594947675306567,-0.14564118839747237,-0.15544726963570854,-0.16003840569335626,-0.12670462427458246,-0.13790632673018835,-0.13609262143008247,-0.12231628985476135,-0.22234192756882992,-0.2224214421504851,0
2019-01-12,-0.3127281948319505,-0.32099190030355995,-0.3165684603794011,-0.2134104392056958,-0.1584474645973628,-0.15457530343319958,-0.08786067182356629,-0.1390405256681302,-0.13017211587143773,-0.10784186460943565,-0.01708411161052774,-0.08453923754114628,-0.09085338044872227,-0.18832720872436315,-0.09702484921696711,-0.1225253930839881,-0.11724592573550478,-0.1616417674869176,-0.1313575532104087,-0.10512884392165002,-0.14481322765868623,-0.15464310917183585,-0.1592602222283444,-0.1260362380575528,-0.13720044679313212,-0.1353952448552732,-0.12162361493412148,-0.22160461189857242,-0.2216872726903963,-0.2330880850310939,0
2019-01-13,-0.32017708065287276,-0.31574675381347805,-0.21263109737265587,-0.15770367592647663,-0.15384173947429303,-0.08716973961802763,-0.13830188380652378,-0.12943024947741408,-0.1071199162096719,-0.016409451577217685,-0.083838309480452,-0.09015220008601671,-0.18757721102182687,-0.09630368368976924,-0.1217896698738505,-0.11651440509689193,-0.1608204438003782,-0.13047159780707315,-0.10428837656092886,-0.14397217787917221,-0.15381044863870108,-0.15845410352900088,-0.1252752099896328,-0.13652715075494096,-0.1346905761908702,-0.12093317723889768,-0.22086412980274145,-0.22095027178781773,-0.2323487949963165,-0.26151427245439274,1
2019-01-14,-0.3149344179801494,-0.2118590136550812,-0.15695110000039672,-0.15310015050739142,-0.08646824760990088,-0.137587139005598,-0.12869623652992812,-0.10638923951989751,-0.015731654461972677,-0.08313151447474687,-0.08944857665978491,-0.18682961966909759,-0.09559795352391566,-0.12105643909274207,-0.11578162119573793,-0.1600676134619624,-0.1296662772550331,-0.10341697560339884,-0.14311113860242414,-0.1529646721977224,-0.15761945332164085,-0.12448654512818165,-0.13576082961938163,-0.13401845424034806,-0.12023548465408301,-0.220126099483735,-0.2202101047557492,-0.23160666787725234,-0.2607613362877028,-0.22018103129203356,0
2019-01-15,-0.2110958734300796,-0.15620559960171443,-0.15234978647670452,-0.08575883636410761,-0.13686165811198342,-0.12798602642162837,-0.10566632457357451,-0.015045338294656659,-0.08242149831720635,-0.08873908091335202,-0.18607957138559708,-0.09489449657298614,-0.12033880171612485,-0.11505131749550009,-0.1593135325066657,-0.1289286825627283,-0.10262554521501213,-0.14221886357866484,-0.15209887038338687,-0.1567716758321502,-0.12366962897369888,-0.13496677961038564,-0.1332533988383547,-0.11957012462376232,-0.21938055912648985,-0.21947238808654643,-0.23086136980676694,-0.26000554800155695,-0.2194479373522619,-0.23730120104217253,1
2019-01-16,-0.15546881382003463,-0.1516064828846044,-0.08504082839295139,-0.13612817886757583,-0.12726511379200858,-0.10496698656675012,-0.014366420322593823,-0.081702810417903,-0.0880263569495415,-0.18532355819985538,-0.09418859587830342,-0.11962347336543973,-0.11433656885782752,-0.1585620203522882,-0.12818982821236383,-0.10190117453315685,-0.1414075118411653,-0.15120176287222634,-0.15590385778102187,-0.12283968691659727,-0.13414439185178342,-0.13246063658203244,-0.11881235895795698,-0.21866882020744047,-0.21872716306061182,-0.2301185451264756,-0.25924657591373107,-0.21871201315499783,-0.23655988848020942,-0.2307463098762623,0
2019-01-17,-0.1508718749955645,-0.08432966013816268,-0.13538596950585727,-0.1265362178773081,-0.10425702652726442,-0.01371018373211816,-0.08099178601020608,-0.08730494841136746,-0.18456419510014818,-0.09347681832201286,-0.11890569772391893,-0.11362412055818726,-0.15782634107069518,-0.1274534793171979,-0.10117553634581357,-0.14066417521078617,-0.1503857992077766,-0.1550047044195724,-0.12198983967166595,-0.13330894691127398,-0.13163955725050228,-0.11802701325241602,-0.2178610554506291,-0.21801572979248454,-0.2293681847049122,-0.2584901385830315,-0.2179729238410373,-0.23581573660555968,-0.23000814402223402,-0.23165079129011512,0
2019-01-18,-0.08362691090940627,-0.13465076495430045,-0.12579861724746186,-0.10353911932332766,-0.01304364419864382,-0.08030409651022907,-0.08659122566127664,-0.1837959263979283,-0.09276180657878838,-0.11818202153936469,-0.11290922582824832,-0.157093025076172,-0.12673276467079894,-0.10045234863178841,-0.13991958232974397,-0.14963807183214028,-0.15418678827986504,-0.12110892106279175,-0.13245355501516237,-0.13080542821689473,-0.11721346954167783,-0.21702484085382828,-0.21720829454482463,-0.22865177369319625,-0.25772609253232764,-0.21723628005330586,-0.23506841187491986,-0.22926714232252987,-0.23091219123530915,-0.24484374432665768,1
2019-01-19,-0.13392418637513803,-0.12506798998854957,-0.10281256830692173,-0.012369300697532861,-0.07960587121415638,-0.08590089274363451,-0.18303572751732555,-0.09203809941915453,-0.117455080039283,-0.11218843630048847,-0.1563572564162443,-0.1260143683052395,-0.09974462276779747,-0.13917751877733517,-0.14888909081140894,-0.15343720206700742,-0.12030840741994572,-0.1315670103179936,-0.12995136221563056,-0.11638691920742764,-0.21615961157038271,-0.21637241518942238,-0.22783897215364116,-0.25699641602801204,-0.21649213366066367,-0.2343235696298199,-0.22852297073002048,-0.23017075485642932,-0.24409881092947372,-0.22736749999692707,0
2019-01-20,-0.12434594929271374,-0.10209291528468148,-0.011686554826844511,-0.0788997374537315,-0.08520000446006995,-0.1822998644902803,-0.09132209688551751,-0.11671938658632254,-0.11146438900912765,-0.15561555133098967,-0.12529352373214522,-0.09903917612080473,-0.13845116433017143,-0.1481426573748494,-0.15268636331213098,-0.11957538910406079,-0.13076112736818915,-0.1290661628874018,-0.11554048942907114,-0.21528108019469264,-0.2155075265295534,-0.2269976331526055,-0.25616931352976835,-0.2157817459127541,-0.2335711808270883,-0.22778126747224153,-0.22942614817586707,-0.2433510342302038,-0.2266309561572982,-0.25290090634661067,0
2019-01-21,-0.10138175434014927,-0.011010408126264751,-0.0781850251327344,-0.08449119892986665,-0.18155310902747868,-0.09062953058929737,-0.11599149599073902,-0.11073160348087113,-0.15487053376390328,-0.12456677249584908,-0.098331285135553,-0.13772714512558187,-0.14741199028478721,-0.15193807986997185,-0.11884110841439044,-0.13002299724994557,-0.12826156390230478,-0.11466303848084292,-0.21438227483040911,-0.21462933772466836,-0.22612719719448893,-0.25531342478597135,-0.21497543779560432,-0.23285280370368688,-0.22703203448524478,-0.2286840117826449,-0.2426000812652838,-0.2258915782591124,-0.2521521050689359,-0.2539067520568435,0
2019-01-22,-0.010342378925100761,-0.07747713004628136,-0.08377380003135487,-0.18079828505232182,-0.08992639239294138,-0.1152872836139383,-0.11000659697864942,-0.1541166785794086,-0.12383674789922959,-0.09761751331958785,-0.13700067603339672,-0.1466836714075987,-0.15120558700759257,-0.11810931415257574,-0.12928360779137626,-0.12752465617158174,-0.11386583423050214,-0.21345167902936282,-0.21373087753135753,-0.2252434293793505,-0.2544282054942939,-0.21414070517863676,-0.23203788258343927,-0.22631671629686545,-0.2279343433381241,-0.2418516270688732,-0.22514903199553624,-0.2514004562275837,-0.25315746791795896,-0.2572829628516562,0
2019-01-23,-0.07677762580471917,-0.08306323669432068,-0.18003461266105972,-0.08921532952994227,-0.11457241311839828,-0.10930520998952288,-0.15337077509329655,-0.12309795673858756,-0.09690050209940677,-0.1362682890614011,-0.1459529013581056,-0.15047544784910816,-0.11739309447824008,-0.12854672601416262,-0.12678648837514045,-0.11313596659319548,-0.2126037555202581,-0.2128006319709857,-0.22433934783019877,-0.25352956983433544,-0.2132769816676687,-0.23119438712880422,-0.2255050928832844,-0.2272186030603761,-0.24109560695081148,-0.22440894677245882,-0.2506456274782845,-0.2524053356833856,-0.25653205794607564,-0.26507761733483004,1
2019-01-24,-0.08236108717513178,-0.1792780914935704,-0.08849566078783044,-0.11384957926417713,-0.10859318579864947,-0.15264891647814943,-0.12236699382199473,-0.09617478598706848,-0.1355326139851535,-0.14521620485168574,-0.14974285697443324,-0.11667917956608835,-0.12782548546595496,-0.12605082317769611,-0.11240483471241912,-0.2118256010502958,-0.21195304271715604,-0.22340339835027137,-0.2526105075910239,-0.21239996467244215,-0.23032176009601432,-0.2246649525032808,-0.22640652461034783,-0.24037370999020385,-0.22366134049460376,-0.24989331489143177,-0.2516500230861655,-0.255778303159062,-0.26432297056680043,-0.26220302985287264,0
2019-01-25,-0.17853037982908182,-0.08778284309131029,-0.11311807429253763,-0.1078732076359446,-0.15191626910511663,-0.12165977166124396,-0.09545679096471564,-0.13478814556662022,-0.1444762089666264,-0.14900433601167962,-0.11596281778542546,-0.1271065647802396,-0.12533078327324046,-0.11167617615982388,-0.21104621099136775,-0.21117520647204413,-0.22255036551053325,-0.25165935738785594,-0.2115026851830141,-0.22943578868057846,-0.2237957344096187,-0.22556592127793673,-0.23955499428441043,-0.22294759907685435,-0.2491334156977245,-0.2508972288228285,-0.25502136648316176,-0.2635654697945918,-0.2614497630447859,-0.2633284334511434,0
2019-01-26,-0.0870784586220935,-0.11239350110928999,-0.10714457418290614,-0.15117559974690425,-0.12094186909963357,-0.09476227273686487,-0.13405155191902002,-0.1437273992624789,-0.14826251089723552,-0.11524055828129887,-0.12638519573032667,-0.1246130596203338,-0.1109630511199523,-0.21026949502429,-0.2103961344491246,-0.22176734674642928,-0.2507918176038974,-0.21057363766812395,-0.22852948680544766,-0.22291319142104907,-0.2246962327993355,-0.23870763823240013,-0.22213767551207053,-0.24840775874561474,-0.25013684537032294,-0.2542669554297653,-0.26280478360986786,-0.2606936437529459,-0.2625746263874913,-0.2709437511022604,0
2019-01-27,-0.11167746236507714,-0.10642285292971979,-0.1504261604216492,-0.12021599317986847,-0.09405716815828104,-0.13333881364072758,-0.14298649990744247,-0.14751186329477795,-0.11451503716789298,-0.1256579189712822,-0.12389288796089369,-0.1102522215351329,-0.20950894207554555,-0.20961973519496202,-0.22098309527994225,-0.2499949876287271,-0.20972719177956065,-0.22759128438848333,-0.2220103439950973,-0.22381321673679702,-0.23783108862175584,-0.22129926455198007,-0.24758498955422797,-0.24941071902572565,-0.25350494651943273,-0.2620466398748792,-0.2599343403480683,-0.2618179662448379,-0.27018628826769275,-0.2834089604724846,0
2019-01-28,-0.10570964156118046,-0.14968377522694967,-0.11948142928266042,-0.09334413242810732,-0.13261535412449327,-0.14226954356433974,-0.14676914110357636,-0.11378077083298173,-0.1249273674770682,-0.12316681098019917,-0.10953894600367428,-0.2087508272215746,-0.20885949481050012,-0.2202015381297329,-0.24919693314706026,-0.2089504440654846,-0.22673610143842418,-0.2210756467645655,-0.22290989264616867,-0.23694117220443026,-0.22043180364343537,-0.24673350950088638,-0.2485874438024277,-0.252777244617106,-0.2612808782716882,-0.25917757318721796,-0.2610581214804002,-0.2694259683262326,-0.2826455136524865,-0.32129321647339926,0
2019-01-29,-0.14895007782814385,-0.11875381804081166,-0.09262247988460905,-0.13188390292378166,-0.14154183475599472,-0.14605039902811795,-0.11305429565977371,-0.12418804692180424,-0.12243746240313493,-0.1088197789034558,-0.20799025229249157,-0.20810169158077274,-0.21943620741266953,-0.24840163040497384,-0.20817245992764188,-0.2259510356803421,-0.2202238090200768,-0.22197471174994357,-0.2360308953842092,-0.21955102788520914,-0.24585276967957748,-0.2477354489140812,-0.25195227085258687,-0.2605495388808083,-0.25841319553811215,-0.2603008153895301,-0.26866246032043,-0.28187920313250175,-0.32051158312887373,-0.3350813598656093,1
2019-01-30,-0.11803476739490451,-0.09190769191953216,-0.13114373284577543,-0.14080612024939987,-0.14532089126723136,-0.11235146989444211,-0.1234565589491421,-0.1216993504657814,-0.10809735828414979,-0.20722369146857028,-0.2073414283690442,-0.21867332915954663,-0.24762273414998115,-0.20739714403273668,-0.2251647384346097,-0.21944192803609266,-0.2211224124148369,-0.23508865964011277,-0.2186499611031641,-0.2449586390975868,-0.24685418599227965,-0.25109854787465025,-0.25972064369587156,-0.25768319761516817,-0.2595358959211486,-0.26790150742827107,-0.28110969891318865,-0.31972706604663403,-0.33429310745463076,-0.2547618508647676,0
2019-01-31,-0.09120135414526655,-0.13041055366661938,-0.1400616632370116,-0.1445833718753158,-0.11163799627577368,-0.12274882241983236,-0.12096906120603221,-0.10736620713693124,-0.20645375313648237,-0.20657517988411486,-0.21790798940804484,-0.24684633115736582,-0.2066379728165746,-0.22438114401600567,-0.2186588136745409,-0.22034009197748794,-0.2342296274487509,-0.21771707066976248,-0.24404411612651128,-0.24595952931940984,-0.25021552911941214,-0.2588629310792277,-0.25685574860928506,-0.2588053728122948,-0.2671329216077472,-0.2803427767176231,-0.31893933813922043,-0.3335019640131181,-0.25401215623146967,-0.2818573070125128,0
2019-02-01,-0.12968598302191986,-0.13932422636750644,-0.14383709997439997,-0.11091656390519491,-0.12203040168167467,-0.12026249898984767,-0.10664282162148951,-0.20567485908465735,-0.20580555470814446,-0.21713665425953274,-0.24606746262528403,-0.20588123553961693,-0.2236138027167915,-0.21787838889868294,-0.21955653842335296,-0.23344089705370125,-0.21686695725804203,-0.24309757186618136,-0.24504447626434053,-0.24931910657560685,-0.25797585863309186,-0.25599950732989035,-0.25797735762600466,-0.26639884470047365,-0.2795681895916811,-0.3181542740407243,-0.33270760351340395,-0.25325961305020434,-0.2810946050714351,-0.28580531640228996,1
2019-02-02,-0.13859543469008176,-0.14309786059692992,-0.11018646818463357,-0.12130400587646395,-0.11954526125852437,-0.10594302262397547,-0.20490412193247495,-0.20502697529651925,-0.2163619291125059,-0.24528257171663445,-0.2051220385991566,-0.22284891992835568,-0.21711417572296313,-0.21877567628204075,-0.23265093734568013,-0.21608671791019088,-0.24223442780437207,-0.2440973941344034,-0.24840227424635694,-0.25707535922482505,-0.25511392984278514,-0.2571205403167466,-0.26556699831650976,-0.2788282956136836,-0.31736144775136,-0.3319159365886835,-0.25250388911973887,-0.2803290402510707,-0.2850407191997717,-0.2795805089707456,0
2019-02-03,-0.14236728193067252,-0.1094632946390244,-0.12056891921245175,-0.1188200523615952,-0.1052325981809804,-0.20415793514024835,-0.20425655020596295,-0.2155782255604836,-0.2444942553455714,-0.20435685851189006,-0.22208157504260134,-0.21635241165017147,-0.21801103146993075,-0.2318636957013627,-0.2153052442105879,-0.2414417827385438,-0.2432337367519931,-0.24745338670913358,-0.25615441908705494,-0.2542149339397182,-0.25623437755182915,-0.2647062831608321,-0.27799017809523396,-0.31660387453589944,-0.3311164720747064,-0.2517506853691582,-0.2795602824328138,-0.284273257029787,-0.27881890001783244,-0.30182867248390616,0
2019-02-04,-0.10874864348192828,-0.11984078876993919,-0.11808615918406039,-0.10451422504197444,-0.2034007794830659,-0.20351066912335158,-0.21480271832344514,-0.24369689615916235,-0.2035883045286708,-0.2213082307611293,-0.21558818641190935,-0.21724883705889794,-0.23109275495156142,-0.214526453271197,-0.2406479106827987,-0.24244060298371603,-0.24658800632036482,-0.25520136340783667,-0.2532955087189949,-0.2553347930251171,-0.2638161599709962,-0.2771230827103999,-0.3157466977897051,-0.33035246442217525,-0.2509898902341083,-0.27879410328856885,-0.2835026000771843,-0.27805442938987573,-0.3010563831900246,-0.30742710054551226,0
2019-02-05,-0.11912122339355305,-0.1173592140864595,-0.1037872055081497,-0.20263552101464868,-0.20275382143902274,-0.21405185854138556,-0.24290784519988337,-0.20281080138630056,-0.22053149122494978,-0.21481796799923744,-0.21648418135381298,-0.23032428353790785,-0.21376385253026808,-0.239856772966906,-0.24164624251552924,-0.2457932321787518,-0.2543320051160125,-0.25234399020718123,-0.2544147747130002,-0.2629125923789717,-0.2762264768591617,-0.314860211616676,-0.32948835098531226,-0.2502633648452516,-0.2780202631975174,-0.2827345303216227,-0.27728676679326925,-0.30028122045360867,-0.30665212369854117,-0.30991962260265266,0
2019-02-06,-0.11664082384946879,-0.10306708716455983,-0.20186135629908653,-0.20198887195912507,-0.21328999529915554,-0.2421437173778957,-0.20204144374463986,-0.21974576373735638,-0.21404436250959896,-0.21571353161586648,-0.22955334895468224,-0.21300369604285999,-0.23908198718029564,-0.24085461841908826,-0.2449972323106639,-0.2535334438461204,-0.2514760989246199,-0.2534626543987578,-0.2619885607694343,-0.27531638954657783,-0.31394390366522895,-0.3285948074487146,-0.24943965942945034,-0.2772810933211091,-0.2819587894835049,-0.2765216779554847,-0.2995028556911034,-0.30587427044791715,-0.3091434492081362,-0.3320430300587301,1
2019-02-07,-0.1023554649049757,-0.20109441438242526,-0.20121501794458804,-0.2125200137205105,-0.24136848786939738,-0.20129660838301397,-0.21896824915152469,-0.21326178392114822,-0.21493949367254192,-0.22877640781704134,-0.21224107887031554,-0.23830968229380428,-0.240079352623044,-0.24420397563455315,-0.2527336590971215,-0.2506789343082379,-0.2525941887807437,-0.2610323682124292,-0.27438578873075076,-0.3130140016222715,-0.32767132883030764,-0.2485872268648335,-0.2764437564255302,-0.28121777721126057,-0.2757489340161318,-0.2987271127171303,-0.30509321264039485,-0.30836439809162286,-0.3312562362130077,-0.3297272457491243,1
2019-02-08,-0.20033637168874746,-0.20044838460945336,-0.21174109971785035,-0.2405850959437736,-0.20054081416138267,-0.21821542288023374,-0.21248739242825707,-0.2141564805809581,-0.2279960620147785,-0.211472471730221,-0.23753491309232888,-0.23930656917075,-0.24342709864405243,-0.25193663328596094,-0.24988054538394303,-0.25179647737324967,-0.2601600162136374,-0.2734229304821793,-0.3120634356790718,-0.32673421512814105,-0.24770551924002918,-0.2755774552435332,-0.280378454107741,-0.275010826640548,-0.29794365752373675,-0.3043147887073855,-0.30758214129144906,-0.33046655294378346,-0.3289415636071172,-0.27757661480384754,0
2019-02-09,-0.1996906478404942,-0.21096944091213968,-0.23979269727003596,-0.19977692161840516,-0.21745157859040193,-0.2117376256793853,-0.21338165814582138,-0.22720671117059826,-0.21070048172849024,-0.23675412968931117,-0.23853132126048018,-0.24265270884297901,-0.25115603653243107,-0.24908490959057678,-0.2509975419823211,-0.25935860481085904,-0.27254421702188236,-0.3110803190651393,-0.3257763827880759,-0.24681041532194167,-0.2746816563457681,-0.27951013216509163,-0.2741746351815432,-0.2971951677200051,-0.30352863818207565,-0.3068025237466868,-0.32967365398985615,-0.328152993266472,-0.27681596783024354,-0.27861364952835116,0
2019-02-10,-0.2102067219406197,-0.23900764578116504,-0.19900413039864445,-0.21667960943084322,-0.2109768635623183,-0.2126314692265286,-0.2264256029227073,-0.2099195262839275,-0.23596993156972987,-0.23775005819401057,-0.24187585410396517,-0.25037793815553816,-0.24830568464695363,-0.2502013619957316,-0.2585559716203075,-0.2717367492445704,-0.3101822718552806,-0.32478589305200833,-0.24589491162699137,-0.2737723805997343,-0.2786122800641008,-0.2733094993625031,-0.2963477834104587,-0.30277753579070027,-0.3060151732105563,-0.32888344205172504,-0.32736120828799053,-0.27605246024149505,-0.27785250472109685,-0.28218739074687876,0
2019-02-11,-0.23823164943405842,-0.1982385526082555,-0.21589869683150972,-0.2102079867402452,-0.21187028181361614,-0.22566925613830754,-0.20914674463275826,-0.23517671015166292,-0.236965379156106,-0.24109298100435864,-0.24959737373261104,-0.24752895395424088,-0.24942159998728963,-0.2577561092176807,-0.2709280632734756,-0.309356397548527,-0.32388080923804524,-0.2449473722383959,-0.2728425975103782,-0.27770093937738116,-0.27241488453717094,-0.2954712600264522,-0.3019273349624545,-0.3052629076476162,-0.3280854403246607,-0.326572105325951,-0.27528576158997126,-0.27708849875019004,-0.2814245303474712,-0.3008176286046283,1
2019-02-12,-0.19748186229607204,-0.2151250530628839,-0.20943018361704388,-0.21110097829311125,-0.22490186527220155,-0.20839855495729845,-0.23439176305043508,-0.23617167454058932,-0.2403066877212293,-0.24881078355111252,-0.24674975762414741,-0.24864433384498374,-0.2569727130292869,-0.2701221732710826,-0.30852931597084343,-0.3230482357930722,-0.24408327846715425,-0.2718805689986427,-0.27676907567410636,-0.271506799632507,-0.2945650748129623,-0.3010479460626842,-0.30441145285398846,-0.32732285055279603,-0.32577521852030605,-0.27452163237122895,-0.27632130124770904,-0.28065880689418926,-0.3000458246673631,-0.29445247060886526,0
2019-02-13,-0.21436036621847138,-0.20865962811274377,-0.21032274610658955,-0.224126337840088,-0.20763938158907927,-0.23363165555251447,-0.23538624820186424,-0.23951136121039687,-0.24802076346164834,-0.24596453826378015,-0.24786460190530893,-0.2561918236368473,-0.2693328284386448,-0.30770510689126296,-0.32221445905258994,-0.24328972923865583,-0.27100264740500934,-0.2758049359894164,-0.2705782164231988,-0.29364535337619085,-0.30013884932862284,-0.3035307881744515,-0.32646026567227454,-0.32501370944277314,-0.2737498531955285,-0.2755566754167776,-0.2798898902937981,-0.2992711478223246,-0.2936837222971879,-0.2968072411863097,0
2019-02-14,-0.20789800294349164,-0.20955176446589557,-0.22334184724720355,-0.20687209875540083,-0.23286047613146366,-0.23462567122132025,-0.23872432626828965,-0.24722169248272355,-0.2451758925817205,-0.24707884586722934,-0.2554084673644396,-0.26854600829274394,-0.30689768294381575,-0.3213835826634266,-0.24249495355679124,-0.2701959335175215,-0.27492499957926386,-0.26961740541476026,-0.29270504531162,-0.2992161997271132,-0.30262039517844586,-0.3255682772832757,-0.3241522896124657,-0.27301268096621834,-0.27478439696650214,-0.2791235530800093,-0.2984932694082463,-0.29291210444439436,-0.29603736245536627,-0.30298006692740265,0
2019-02-15,-0.20878971682917485,-0.2225646498929024,-0.20609589845494805,-0.23208114765010132,-0.23385401884195856,-0.2379621734274671,-0.24643094375959784,-0.24437820252367276,-0.24628966210342815,-0.25461907976585874,-0.2677567194948118,-0.3060928380559526,-0.320569578741698,-0.24170291597404436,-0.26938800098887544,-0.27411636750309454,-0.2687406457561307,-0.2917323372390012,-0.2982729412725615,-0.30169644190470596,-0.3246463787797935,-0.32326148654126885,-0.27217749764830795,-0.2740467407898986,-0.2783495540719878,-0.29771801060004155,-0.2921372878999756,-0.2952646129378222,-0.3022072249009219,-0.30336992960578757,0
2019-02-16,-0.22179644005827753,-0.20532693483947562,-0.23129283494143188,-0.2330742158425126,-0.23718893352137208,-0.24566515273172726,-0.24358882340435048,-0.24549143141360846,-0.25382625494085004,-0.26696138753986076,-0.3052855191304046,-0.3197581736688658,-0.24092724210796457,-0.2685828612944601,-0.2733065179240637,-0.2679350380788372,-0.29084422351229755,-0.29729723947608244,-0.30075186988284147,-0.3237108542255281,-0.3223407923854326,-0.2713133875083085,-0.27321103574916505,-0.277610230157218,-0.2969350421680758,-0.2913650772202202,-0.2944886636641623,-0.3014315088229116,-0.30259690042379916,-0.30351547833905124,1
2019-02-17,-0.20456688785329588,-0.23051184154454166,-0.23228542598584032,-0.23640753775967638,-0.24488824770425172,-0.2428243741020134,-0.2447015160931588,-0.2530243659344213,-0.26616260280715553,-0.3044721210915399,-0.3189442925982161,-0.2401540518129081,-0.2677942569416916,-0.2724994691545764,-0.26712821110393503,-0.29002780629246694,-0.2964062686626227,-0.29977483522601794,-0.3227546230952529,-0.3214064790636563,-0.2704198148289191,-0.2723463948102846,-0.27677272719948737,-0.29618702418263265,-0.2905851732580144,-0.2937153253386841,-0.300652590198316,-0.3018209969840752,-0.3027423792856733,-0.2991828044399346,1
2019-02-18,-0.22973986835028265,-0.23150395869589138,-0.23561714631319614,-0.24410317473394408,-0.24204882073317305,-0.24393654150406222,-0.2522308222783984,-0.2653547256483524,-0.3036552230113398,-0.3181243193277953,-0.23937839693831436,-0.2670081750484631,-0.27170898073377153,-0.26632417236393896,-0.2892101761896559,-0.29558713137799947,-0.29888259238553916,-0.3217657580867585,-0.32045146835932026,-0.2695127780277896,-0.2714522828102322,-0.2759062570664681,-0.2953401485201494,-0.28984012566585793,-0.2929342876853381,-0.2998762958479023,-0.3010418908215258,-0.3019664058975763,-0.2984117853080981,-0.25188466429828765,1
2019-02-19,-0.2307315156886716,-0.2348340883589494,-0.24330908569867699,-0.24126510387914576,-0.24316045895964408,-0.251462293208458,-0.2645552429147154,-0.3028291466638358,-0.31730082881424854,-0.23859672609593863,-0.26621962472378735,-0.27092102043885247,-0.2655366545441527,-0.288395379264923,-0.2947667828245441,-0.29806224407856863,-0.32086222484587706,-0.3194638417017821,-0.2685852508772907,-0.2705447036053281,-0.2750102865052338,-0.29446414263179377,-0.28899645225699344,-0.2921881412053426,-0.2990922863220859,-0.30026540977480043,-0.3011872297208575,-0.2976378941331788,-0.251136350872636,-0.24616667834864345,1
2019-02-20,-0.2340600683826442,-0.2425223553793578,-0.24047237847615552,-0.24237621118486688,-0.25068262986855966,-0.26378089565701823,-0.30201161388947667,-0.31646812879110936,-0.23781163821532508,-0.2654250327147815,-0.2701305911512344,-0.26475165591615185,-0.2875972441822058,-0.29394927875846494,-0.2972406852214141,-0.32003112761062663,-0.3185614902920518,-0.26762551143853475,-0.26961662993412244,-0.2741008381143895,-0.2935584832221583,-0.28812370432968953,-0.29134328313262403,-0.29834325920343957,-0.29948121255177534,-0.30041067897417567,-0.2968608021282536,-0.25038519042081747,-0.24542110987043697,-0.2224838201790266,0
2019-02-21,-0.2417446946561033,-0.23968700248686972,-0.24158295191860732,-0.24989478948916993,-0.2629953710559859,-0.3012195839994313,-0.315644026624185,-0.23701752281954752,-0.2646269898638309,-0.2693341164321939,-0.2639641891803751,-0.2868016602227562,-0.2931484719953327,-0.2964219758867412,-0.31919882620385065,-0.31773151820895096,-0.2667497744418778,-0.2686563359476319,-0.273170881069821,-0.2926392905950819,-0.28722135518647907,-0.290469329932673,-0.2974952956377261,-0.29873200349805634,-0.299626411677526,-0.296086326199916,-0.24963085052045125,-0.2446726973904187,-0.22174962077405655,-0.25260461071103824,1
2019-02-22,-0.23891068443321373,-0.24079704570788893,-0.24909791770702328,-0.26220165008556484,-0.30041624585747123,-0.3148455610614855,-0.23623168906703285,-0.26381985810264397,-0.2685341859457572,-0.2631706829211984,-0.2860036049927155,-0.29235022439056296,-0.29561997964286707,-0.31836941901071036,-0.3169003412866337,-0.2659451403810908,-0.2677800697134561,-0.27220867604790433,-0.291699515353957,-0.28630549174948816,-0.28956575616660374,-0.2966181829206261,-0.2978838437959432,-0.2988771347013799,-0.29530414484491185,-0.24887902458865105,-0.24392110804670872,-0.2210125898936038,-0.25185595167154917,-0.2510113718987055,1
2019-02-23,-0.24002020199787114,-0.24830842362379324,-0.26139886512041666,-0.2996046525987114,-0.3140357396021118,-0.23547071296560226,-0.2630211146578592,-0.2677251576033658,-0.2623737286605609,-0.285199489123337,-0.29154950471932545,-0.29482054613472586,-0.3175568650399591,-0.316072053899872,-0.265139286444929,-0.26697493179665593,-0.2713305860002236,-0.2907273479306333,-0.2853690709675382,-0.2886486611060043,-0.2957113989125154,-0.29700653153039164,-0.29802890177501085,-0.2945568897738735,-0.248119614659001,-0.24317202032748034,-0.22027239285546268,-0.2511044452250994,-0.25026347770139096,-0.22315958215489373,0
2019-02-24,-0.24752802293192772,-0.26060349819194234,-0.29878389629173036,-0.3132176416445568,-0.23469865851057062,-0.2622474916407982,-0.26692453312044595,-0.26156769064864005,-0.2843918974961685,-0.29074271909523025,-0.2940186402057782,-0.31674690555736795,-0.3152606050671198,-0.26433621669563767,-0.2661685743034807,-0.2705237117375136,-0.2898397501773503,-0.284400307272039,-0.287710999352224,-0.2947910752580193,-0.29609954477015205,-0.29715151501137077,-0.2937108365766929,-0.2473944319509807,-0.24241536329022392,-0.21953464631485,-0.2503497590046451,-0.24951273693981096,-0.2224250583470438,-0.30419124031491834,1
2019-02-25,-0.25981727521852666,-0.29797068061590815,-0.31239034458782117,-0.23391845210944634,-0.2614626966421214,-0.2661490673537597,-0.26077003198950793,-0.2835751717060314,-0.2899324507288669,-0.2932106659582971,-0.31593447050889056,-0.3144517473988184,-0.26354965517371587,-0.26536500309207367,-0.26971561892881557,-0.28902382418556255,-0.2835159578964095,-0.2867409764581095,-0.29385016040479406,-0.2951790172044625,-0.29624445255700305,-0.29283566746151063,-0.24657217402180912,-0.24169284896326967,-0.21878939125736205,-0.24959758830698928,-0.24875881712446135,-0.2216877027062874,-0.3034178168586606,-0.23384181954263794,0
2019-02-26,-0.29716676256829017,-0.3115706327810522,-0.2331292566153246,-0.2606697076802169,-0.26536241596315996,-0.25999747167729986,-0.28276691285833033,-0.28911303551416473,-0.29239920585893103,-0.3151159461443489,-0.31364041449384444,-0.26276560996750786,-0.26457794667670453,-0.2689103196211453,-0.28820668501928853,-0.28270312449453683,-0.2858554253551814,-0.2928768366313071,-0.2942378968923249,-0.2953238488644679,-0.2919308582591358,-0.24572121412476447,-0.24087346770129334,-0.21807792887962313,-0.2488378317631606,-0.2480074093923994,-0.2209471806023596,-0.30264151871025985,-0.23310216767387912,-0.25731935003497197,0
2019-02-27,-0.31076027453251187,-0.2323473864550493,-0.2598676587805925,-0.2645675644871236,-0.2592137472509236,-0.28198396812427123,-0.2883021092825644,-0.2915785932634684,-0.31429390832723614,-0.3128229944707385,-0.26197909693839905,-0.26379340806544416,-0.2681215577459012,-0.2873923769886984,-0.28188907608296476,-0.28504144785920377,-0.29198813530505235,-0.293264364642246,-0.2943826518476697,-0.29101252069966405,-0.24484100281067164,-0.24002543451487088,-0.21727046225013927,-0.24811231308170606,-0.24724841990449672,-0.22020911045480665,-0.30186201746775443,-0.23235967832216856,-0.2565684276615441,-0.2738781175282368,1
2019-02-28,-0.2315745440461135,-0.25907302289644907,-0.2637636427507645,-0.25842183239196814,-0.28118978239778925,-0.28751655145917504,-0.2907664794640132,-0.31346266788502397,-0.31200206388418406,-0.26118654628780474,-0.2630064014838574,-0.2673353188039467,-0.2865947243960841,-0.2810778459489191,-0.28422625603245816,-0.2911711586661395,-0.292375464354518,-0.2934090417663298,-0.29007360701624474,-0.24394740375719196,-0.2391481968986691,-0.21643455096698477,-0.24728969295398306,-0.24652364473103924,-0.21946353005549032,-0.3010851431141323,-0.23161401767830575,-0.2558146553874372,-0.27311924603654847,-0.2687527228497376,1
2019-03-01,-0.2582875246732597,-0.2629671468057524,-0.2576208635482881,-0.28038737173832745,-0.2867197332980636,-0.28997975824569916,-0.3126400133373095,-0.31117193591982123,-0.26039055013576484,-0.26221335629652587,-0.2665466113836201,-0.28579962147564536,-0.28028323093538393,-0.2834138872400747,-0.29035296947621825,-0.29155829829605134,-0.29252006719965185,-0.2891023138047633,-0.24303341634901454,-0.23825758854269366,-0.21556962986677516,-0.24643836455746462,-0.24570182614740294,-0.21875175232362543,-0.3003005504756543,-0.23087083205181175,-0.25505770120799454,-0.27235751588592355,-0.2679963118291228,-0.26294636802632637,0
2019-03-02,-0.2621798045363423,-0.25682730035230855,-0.2795758489233186,-0.28591468152244637,-0.28918176807678386,-0.31184296592754734,-0.3103503847328562,-0.2595854747730268,-0.2614168643139666,-0.26575186196567785,-0.2850020474283464,-0.2794911564584871,-0.28261814848352373,-0.28953761579028925,-0.29073991979898217,-0.29170283042455175,-0.2882155503632582,-0.2420874155176676,-0.23734661453189684,-0.21469140843609916,-0.24555777882777372,-0.24485131323888967,-0.21794394572438214,-0.2995509581453822,-0.23012010874897829,-0.254303272729609,-0.2715925963444551,-0.2672370448604934,-0.2621927443750718,-0.26862796679265444,0
2019-03-03,-0.25604286558171263,-0.2787718037516737,-0.28510050295343725,-0.28837554042818936,-0.3110345731200222,-0.30955441822494795,-0.25878877087386976,-0.26061129077091216,-0.2649536612939854,-0.2841984137013006,-0.2786966117596054,-0.2818249536432749,-0.2887389312394087,-0.2899243775934608,-0.290884381252814,-0.28740041867079935,-0.24122479008209863,-0.23640367135723173,-0.21379291536936237,-0.24466380321829007,-0.24397155608956567,-0.217107688557245,-0.29870238524925374,-0.22940334599612183,-0.2535412463008703,-0.27083023825138997,-0.26647459081799135,-0.2614362678468978,-0.2678716156618021,-0.275312812184693,0
2019-03-04,-0.2779769772525396,-0.28429382014445786,-0.287560179469168,-0.3102179085258775,-0.3087471143214408,-0.25801714588750835,-0.2598140927741805,-0.2641463709641264,-0.28339130547782143,-0.2778960134222073,-0.2810292882462854,-0.28794279946432455,-0.2891255069924121,-0.29006876866664477,-0.286584073332499,-0.24043263876990728,-0.2355439640232706,-0.21286263645273582,-0.24374943639598792,-0.24307841379715936,-0.2162424160200119,-0.297824652601631,-0.22859016525952736,-0.2528135274179368,-0.2700602396965423,-0.26571468715910423,-0.2606766068696548,-0.26711240864892105,-0.27455325196073654,-0.2946006184266516,1
2019-03-05,-0.28349637871737154,-0.28675232233604575,-0.309392052776675,-0.30793154222241886,-0.2572343637114103,-0.2590419837475949,-0.26334747025018884,-0.28257506538227856,-0.2770919485294097,-0.28022756697584494,-0.28714419625496623,-0.28832918972670674,-0.2892698286068666,-0.28577055582739946,-0.23963926017479445,-0.234754590864535,-0.21201501536507045,-0.24280305057786786,-0.24216488661694552,-0.21536384114326723,-0.2969172387102398,-0.22774844046481874,-0.25198853534735366,-0.2693247934246216,-0.264947156196893,-0.2599194837411702,-0.2663500146185643,-0.2737908323190054,-0.29383179899588135,-0.26503863106699144,1
2019-03-06,-0.2859537166954468,-0.308573772445321,-0.3071067850232694,-0.25644339421018736,-0.2582587139478121,-0.26257369316518675,-0.28176728824875424,-0.27627876618723735,-0.279422376212244,-0.28633953131347095,-0.28753040097130406,-0.2884734420913294,-0.28497368340515705,-0.23884861386663914,-0.23396398877425859,-0.21123714881282993,-0.24194005772677826,-0.24121935277316453,-0.2144649919477491,-0.29599628157163593,-0.2268776125192529,-0.25113479374489495,-0.2684914707873562,-0.2642141017647279,-0.2591547482160532,-0.2655901707024969,-0.2730252226378668,-0.2930601099456366,-0.2642840030145126,-0.2636767107771672,0
2019-03-07,-0.3077648333475589,-0.30628959574802733,-0.25564337596369124,-0.25746725521476643,-0.26178874295796867,-0.28098481542358533,-0.27547402174784924,-0.2786080626636389,-0.2855313891777308,-0.2867255501137422,-0.2876745840654035,-0.2841793583087232,-0.2380743130508005,-0.23317610742012443,-0.21045804650076674,-0.24114755661981088,-0.24035717301129567,-0.21353435167169652,-0.29505472842605646,-0.2259934504758071,-0.2502517560661248,-0.26762925369700014,-0.26338335766733023,-0.2584244034035706,-0.26482269980339246,-0.2722621775023746,-0.2922852221367954,-0.2635265209784753,-0.2629227365212617,-0.26956363722077814,0
2019-03-08,-0.30548173831266323,-0.2548507568802395,-0.2566667450249806,-0.2609955982756595,-0.2801911050996432,-0.27469451988636173,-0.2778021962884045,-0.28471411027009963,-0.28591722157555116,-0.2868696637991767,-0.2833825623178368,-0.2373024916765284,-0.23240453534008582,-0.20968161708346938,-0.2403538284374982,-0.23956544599890484,-0.21268638571747747,-0.2940807569852905,-0.22508897170609157,-0.2493553144906081,-0.2667376044594738,-0.2625237639739501,-0.2575965804309521,-0.2640897035904506,-0.2714914882217991,-0.2915129405124415,-0.2627658535475468,-0.2621659090021441,-0.2688068369167075,-0.28172475370186206,1
2019-03-09,-0.2540672580936042,-0.2558736373541118,-0.26019339279258197,-0.2793891714105549,-0.273903802520826,-0.2770215953280623,-0.2839053028378733,-0.2850997553820867,-0.28606126567073736,-0.2825797081988304,-0.2365282061317419,-0.23163543449492435,-0.20892134693098055,-0.23956283399649567,-0.23877249145180338,-0.21190819083801038,-0.29319143755205884,-0.22415261917141976,-0.24843846298519304,-0.2658325020958664,-0.2616347802510788,-0.25673995867917654,-0.2632590222567008,-0.2707553724288109,-0.29073296522529646,-0.2620077284821893,-0.26140589670380093,-0.26804718023571367,-0.28096211539365695,-0.2720067766719895,0
2019-03-10,-0.2550896541866719,-0.25939860139314536,-0.27857812820943,-0.2731048716606443,-0.27622977072679106,-0.2831218206857207,-0.2842907621988925,-0.28524372955722854,-0.28177338162296195,-0.23574790734993784,-0.2308638702921216,-0.2081635140227538,-0.23878818960801315,-0.23798226742753495,-0.21112876039355744,-0.2923738724497322,-0.22329920167283335,-0.24748955599015443,-0.2649069240655823,-0.2607323586399616,-0.2558539946113455,-0.26239949241882515,-0.2699213280095946,-0.28998784849781234,-0.2612419856487192,-0.2606484238308924,-0.26728433611426766,-0.2801966142762752,-0.27124880352673775,-0.2738755184437142,0
2019-03-11,-0.2586129489936097,-0.27777455937990353,-0.2722968479309895,-0.2754297289793127,-0.28232709356251595,-0.28350709807673086,-0.28443466702700626,-0.2809579268793464,-0.23496419511941188,-0.2300862982792946,-0.20740322112365817,-0.2380160256943939,-0.23720838336407304,-0.21035200420896666,-0.2915550951456047,-0.22251581669759202,-0.24662415703164817,-0.26394916237476196,-0.25980948170951135,-0.25495460991760305,-0.26151057357663515,-0.26905837658093706,-0.289144100557116,-0.2605106644513465,-0.25988333668633784,-0.26652404412705216,-0.2794279202209226,-0.2704879727123384,-0.2731166481997292,-0.2791828490387929,0
2019-03-12,-0.2769802051217042,-0.27149627797510845,-0.2746205882054963,-0.2815241397208551,-0.28271218763635136,-0.2836509349693746,-0.28015092866154756,-0.23417146189308355,-0.22930531995138176,-0.20663694289215814,-0.2372413975079122,-0.23643697748879236,-0.20959141156951966,-0.29073915579214205,-0.22173119923728565,-0.24582936521087678,-0.2630753128592813,-0.25885446079095303,-0.25403479295522025,-0.2606082172170998,-0.2681659812155763,-0.2882712768014005,-0.2596817888800498,-0.25915265104881907,-0.26575612275464694,-0.27866180455342365,-0.26972395335304833,-0.2723549192981824,-0.2784214309844975,-0.2814284580662896,1
2019-03-13,-0.27070489677102005,-0.2738189088255553,-0.28071207071317117,-0.2819090498729526,-0.28285595609058317,-0.2793692188972834,-0.23338699898271206,-0.22851533358394077,-0.20586728789179562,-0.23646075540110512,-0.2356631075671452,-0.20883325714421616,-0.28993989324540576,-0.22094927761586441,-0.24503334767412174,-0.2622724757586614,-0.2579832269556409,-0.2530828769480379,-0.25968540603350154,-0.2672601284587769,-0.287368850612381,-0.25882409621825103,-0.2583244606473452,-0.26502268989753064,-0.2778880282794231,-0.26896249140227946,-0.27159000100696695,-0.27765715146548875,-0.28066596199627025,-0.27129982568185185,0
2019-03-14,-0.27302642774926417,-0.27990748307479496,-0.2810967959241823,-0.282052749663069,-0.27857627728336065,-0.23262736581994845,-0.2277335950210987,-0.2050886785144371,-0.2356766989473865,-0.23488322523733038,-0.20807264263197703,-0.28914318521279175,-0.22018358720180922,-0.24424007340284903,-0.2614684177163097,-0.257182880090755,-0.25221460631226755,-0.25873045182745263,-0.26633379433969545,-0.28645290968913656,-0.2579370440473281,-0.2574674650748038,-0.26419153783642163,-0.2771489202609395,-0.26819339379403334,-0.2708276441585439,-0.2768896801575952,-0.27990060327379085,-0.2705421919119206,-0.2742705792911441,1
2019-03-15,-0.2791121187794293,-0.280292024606326,-0.28124042666962645,-0.2777751148394264,-0.23185666424566645,-0.22697663075180147,-0.20431822370372593,-0.2348836198665528,-0.23409993054829442,-0.20730604214596154,-0.28834400557372236,-0.21942035033348536,-0.24346317904766596,-0.26066713638955114,-0.25638131080637483,-0.2514170805359363,-0.257859281659812,-0.2653752654550167,-0.2855164108328,-0.25703656503018063,-0.2565811211846512,-0.26333152908226237,-0.2763116500517365,-0.2674588208104616,-0.27005764685501094,-0.2761247817500486,-0.27913205174728317,-0.269781700846762,-0.27351151939624474,-0.26882029904732435,1
2019-03-16,-0.2794964782129135,-0.28043558677809755,-0.2769648471579237,-0.23107781518696746,-0.22620861782941581,-0.2035723135059131,-0.23409881393606055,-0.2333076168422325,-0.20653606404801744,-0.2875387630529801,-0.21865465185963118,-0.24268877193413457,-0.2598823398635582,-0.25558250788385706,-0.2506183306660127,-0.25705899540918326,-0.2645006837613145,-0.28454756791619584,-0.25611564543830173,-0.255681354497273,-0.2624421236349629,-0.27544541671621303,-0.26662643962791455,-0.2693222017959908,-0.2753522292618485,-0.27836607796898116,-0.2690180215562949,-0.27274960063482806,-0.2680638555864216,-0.25474365727310966,0
2019-03-17,-0.27963997240141425,-0.2761620485576839,-0.23028998455806313,-0.22543246628953853,-0.2028154364908363,-0.23333884473534686,-0.23252357001402915,-0.20575713004188134,-0.28673004182695916,-0.2178829572733903,-0.24191189987748993,-0.25910005434504313,-0.25480015729740846,-0.2498223354286237,-0.25625748670309045,-0.26369714959673657,-0.28366314293520645,-0.25516261060674267,-0.2547611526418611,-0.26153927788856324,-0.27454968675417174,-0.26576518037012575,-0.2684888804663013,-0.27461430746003884,-0.2775924443448592,-0.2682568981481712,-0.27198449230515276,-0.2673045561417618,-0.25399397137373547,-0.26216664266955664,0
2019-03-18,-0.27536845789729414,-0.2295094699523511,-0.22464734812990098,-0.2020504575834606,-0.23256780463534885,-0.23176434446408586,-0.20498635326282577,-0.28591218108467276,-0.2171078717482917,-0.24112900942571716,-0.25831530152940835,-0.25402031036225986,-0.24904275574934653,-0.2554587441068422,-0.2628923949040805,-0.28285023755390337,-0.25429327221106585,-0.2538088460885299,-0.2606159736035754,-0.27364048033794375,-0.26487450434281834,-0.2676266647062683,-0.27377831606016173,-0.27685347459703086,-0.26748814089753015,-0.27122194627113383,-0.2665420695926811,-0.25324143693601675,-0.2614133933293173,-0.26261368520743794,1
2019-03-19,-0.22873797142700075,-0.22386952748989733,-0.20127657397834972,-0.23178861593450728,-0.2309940535202753,-0.20424012765033056,-0.28510279658610616,-0.21632380611032515,-0.24034269874502573,-0.257524514602566,-0.2532379968586214,-0.2482656713878494,-0.2546764530564474,-0.2620904198252221,-0.28203611720561506,-0.25349472988312916,-0.2529402027315996,-0.25966051905370585,-0.27271076710461783,-0.2639703807529396,-0.26673501682042283,-0.27291338378054214,-0.2760163534514916,-0.26675389782289016,-0.2704517587677628,-0.26578213357309993,-0.2524857217573225,-0.2606572915245706,-0.26186022126221653,-0.2578287706013949,1
2019-03-20,-0.22310069973590024,-0.2005099112544982,-0.23100044378106346,-0.2302156164462691,-0.2034829328854842,-0.28431874911379207,-0.21554793975474873,-0.2395473547541822,-0.2567302867884436,-0.2524496541083349,-0.24748612128329808,-0.25389666547829765,-0.2613049386346102,-0.2812248154341243,-0.252694964064845,-0.2521423221093042,-0.25878887137852935,-0.2717488094749236,-0.2630457889254346,-0.2658299158162234,-0.2720189757623815,-0.2751502717727913,-0.26592187230101455,-0.269716129347869,-0.2650145700767059,-0.25173252671923635,-0.25989800562323534,-0.26110390461603816,-0.2570776036781037,-0.2569736717934708,0
2019-03-21,-0.19975214534985158,-0.23021958998057815,-0.22942820008539824,-0.20271763518042954,-0.2835234524852311,-0.21479672816400497,-0.238760302475318,-0.2559269881439768,-0.25165787686510027,-0.24670054744296377,-0.25311441134939333,-0.2605219705106092,-0.28043012972152526,-0.25189795710564367,-0.25134321760399014,-0.2579881305209715,-0.2708709555281911,-0.2620890279222555,-0.2649043391556654,-0.2711110988471349,-0.274254695902368,-0.26506097489108454,-0.2688826092666278,-0.2642814841091282,-0.2509717403433895,-0.25914125588737413,-0.26034440367118244,-0.25632358658469095,-0.25622291536459296,-0.27488656232299225,0
2019-03-22,-0.2294477551808347,-0.22864809692172167,-0.20194343101076898,-0.282719927260038,-0.21403451050857042,-0.2379981326506279,-0.25513204640233533,-0.25085704040505424,-0.24591154635356444,-0.2523261280922482,-0.2597365348855312,-0.27963798475819235,-0.2511173789571306,-0.2505468692065648,-0.25718616747772366,-0.27006430604335163,-0.2612161334218466,-0.2639465788546889,-0.27018272520591724,-0.273345644458647,-0.26417066652097093,-0.26802019129749727,-0.26345070601475457,-0.2502452234448362,-0.25837689575667444,-0.2595874398568838,-0.2555663873556553,-0.2554693092178722,-0.2741272067223908,-0.2779456848060518,1
2019-03-23,-0.2278770062959962,-0.20117644990915193,-0.28190728370204565,-0.21326417334789885,-0.23722487563492992,-0.2543621477047933,-0.25006454066947104,-0.24511349920386133,-0.2515344104977978,-0.2589450637875637,-0.2788433695518138,-0.2503392991292998,-0.24976694099330593,-0.2563869724344538,-0.26925643787913583,-0.26041420553508493,-0.26307273066561815,-0.26922212684360247,-0.27241608737409445,-0.2632669126900563,-0.26712833795616114,-0.2625910777329762,-0.24942152718206692,-0.25764691481433727,-0.2588228645000516,-0.2548117149274225,-0.25471252132208194,-0.27336499192946656,-0.27718486065856723,-0.27581963366659323,0
2019-03-24,-0.20041836836789081,-0.28110212543275126,-0.21248490179247173,-0.23644346270720537,-0.2535811045976264,-0.24929703427098157,-0.24432376591936023,-0.25073363396921844,-0.25815015001242203,-0.2780427005663104,-0.24955875326097715,-0.24898950914604515,-0.25560423486365536,-0.26845136228138183,-0.25961105616704333,-0.2622698948277952,-0.2683455701256757,-0.2714542881866101,-0.26234269342804567,-0.2662230303219523,-0.2617020588664025,-0.24856910392971118,-0.2568194841145181,-0.25809267493883103,-0.25404944324099776,-0.2539582583810928,-0.27259958728982425,-0.2764211757007298,-0.2750598301404769,-0.28457075125407133,0
2019-03-25,-0.2803061954194535,-0.2117128878730995,-0.23565305399955705,-0.25279187990062313,-0.2485184011736054,-0.24355896966087254,-0.24994119367394493,-0.2573461621560889,-0.2772385648405815,-0.2487721816710853,-0.24820961145190404,-0.2548240021080147,-0.2676628211856706,-0.25881067973432803,-0.2614658380474912,-0.267540155656327,-0.2705765854505973,-0.26138631046242,-0.26529724546302985,-0.2607996019106784,-0.24768740576667286,-0.25596326145964554,-0.25726501933594026,-0.2533214866295693,-0.2531963983772124,-0.27183674627563276,-0.2756542995132764,-0.274297166928518,-0.28380674671066053,-0.2974024315419771,1
2019-03-26,-0.2109498168453557,-0.23486997890189218,-0.2519936161285664,-0.24773159443438234,-0.24278306676728564,-0.24917374550585838,-0.2565505368508856,-0.2764253113297925,-0.2479821802218662,-0.24742368932880493,-0.254041302668604,-0.26687680235925326,-0.25802677624914233,-0.2606645579775299,-0.26673352177471576,-0.2697700799246187,-0.26051377674548254,-0.26433927390577355,-0.2598766893673501,-0.24679231136444105,-0.25507770289607234,-0.25640856786551,-0.2524962382740906,-0.2524688408100434,-0.27106626221067204,-0.27488999355535904,-0.2735313134480395,-0.2830398778527691,-0.2966322670869587,-0.29479035159679884,1
2019-03-27,-0.23409594192976926,-0.25120273955111605,-0.2469357620211411,-0.24199899923581153,-0.24839517106997813,-0.25577996850371015,-0.27562049630503654,-0.24718312797152475,-0.24663433904548093,-0.25325257321289896,-0.2660883151202326,-0.25724538108560896,-0.2598797626918714,-0.2659296753247039,-0.26896235563383536,-0.25971219233951176,-0.26346522410240986,-0.25892163231284915,-0.24587681725757332,-0.25417872602471686,-0.2555227768128289,-0.25164223592832186,-0.251644022647068,-0.27033034533336336,-0.2741180366929677,-0.272768025607342,-0.2822698147703535,-0.29585923153053184,-0.29402144108368156,-0.27554413070720135,0
2019-03-28,-0.2504209682679515,-0.24614730021658932,-0.2412059212118166,-0.2476084231857112,-0.2549982507893402,-0.27484092529494564,-0.24639239782349584,-0.24583594104698356,-0.25246040825256644,-0.26529378632268946,-0.25646151889098706,-0.2590974784099605,-0.2651423472760892,-0.26815742331097153,-0.2589093862484318,-0.2626621963194391,-0.2580503639908817,-0.2449292875978855,-0.25325931998015866,-0.2546235661233049,-0.2507589333201033,-0.25079045797756955,-0.26949651535661073,-0.27338069223178874,-0.2719970923203952,-0.28150233621977905,-0.2950829959489291,-0.2932496608507361,-0.27478445943764374,-0.2839105837853396,0
2019-03-29,-0.24536792291574686,-0.24042019500698872,-0.24681264995361757,-0.25420834926034164,-0.2740501382688835,-0.24562662499262614,-0.24504585978900256,-0.25165918223798733,-0.26449580684857205,-0.25567162436126445,-0.25831272683129936,-0.26435753784852195,-0.2673690236133881,-0.2581093516645773,-0.26185794770789184,-0.2572499842932731,-0.24406520311151259,-0.2523078209261602,-0.2537039244858606,-0.24986222530062713,-0.24990760007235374,-0.2686337821009268,-0.2725453232380866,-0.2712607400118126,-0.2807271897561553,-0.294309372600415,-0.2924746817734241,-0.27402192862796243,-0.2831468961585884,-0.2873335781015584,1
2019-03-30,-0.2396435297530568,-0.24602424692649943,-0.25340940490508707,-0.2732511375184414,-0.24484973829686807,-0.24428072264003123,-0.2508662961403908,-0.26368873876456844,-0.2548782912789064,-0.2575219411438975,-0.26357026036971043,-0.2665831457598429,-0.25732578555036323,-0.2610564766047436,-0.25644838219565397,-0.24327166272259332,-0.25143994821333643,-0.2527521863787034,-0.24894510532889996,-0.24901133929809527,-0.267741608411227,-0.2716810241922198,-0.2704264406152767,-0.27998675361164116,-0.2935280483959971,-0.2917023092901985,-0.27325620767430464,-0.28238034456653205,-0.28656824724945024,-0.2803082526370638,0
2019-03-31,-0.24524492789703195,-0.2526178523871499,-0.27244304351117377,-0.24406468371873422,-0.2435044763322703,-0.2500984112442825,-0.2628900584751128,-0.25407589160643906,-0.2567277145724581,-0.2627769437449216,-0.2657947995358159,-0.25654472674315626,-0.260271492788248,-0.2556495465964069,-0.2424768958750623,-0.25064280127611277,-0.25188408552339026,-0.24799592592444786,-0.24809466996624913,-0.26683597859733243,-0.2707872595741483,-0.2695632297736322,-0.2791480516067205,-0.29278162416179065,-0.29092224265707856,-0.2724930517656674,-0.281610599048385,-0.285800050621548,-0.27954629432720307,-0.2839547682222233,1
2019-04-01,-0.251835410983173,-0.27164240375709026,-0.24327061317757578,-0.24272006425407397,-0.24931939684718282,-0.26211649732785486,-0.2532818414694436,-0.25592441717656345,-0.2619801796147841,-0.2650004120344834,-0.2557612010053614,-0.25948902054250766,-0.2548671637612624,-0.24168486708989642,-0.24984443002048504,-0.2510867213850782,-0.24713026698961654,-0.24714594782045538,-0.26590986911332853,-0.26988002973708897,-0.2686705708305038,-0.27828036156750097,-0.29193646665416856,-0.2901770373878591,-0.2717222511180814,-0.28084343663689837,-0.2850286585201663,-0.2787814739573809,-0.2831910593845146,-0.27481118887183786,1
2019-04-02,-0.2708509533557441,-0.24248390122620458,-0.24192663977377726,-0.24853220755074507,-0.26133176465701746,-0.2525128162279451,-0.2551294766732618,-0.26117433263441314,-0.26420257422622867,-0.25497164360343966,-0.2587040809438549,-0.25408728467440617,-0.24090920190615778,-0.24904881182228075,-0.2502881330572542,-0.2463352276606282,-0.2462807252744554,-0.264951568163057,-0.2689523080854864,-0.26776445298915286,-0.2773831515149185,-0.29106220881024825,-0.2893331939941149,-0.27098602737695016,-0.2800686080072146,-0.2842598569150628,-0.27801346128992727,-0.28242448655813074,-0.27405186945463456,-0.17409146545337956,0
2019-04-03,-0.24170625871275478,-0.2411405694760566,-0.24773599046004416,-0.2605388382285039,-0.251732653043217,-0.25435957918885316,-0.2603768634412683,-0.26339564847945834,-0.2541786485308592,-0.2579131068615055,-0.25330493900945333,-0.24013602026733033,-0.24826960424333994,-0.24949229868991735,-0.2455389627625332,-0.24548610140568838,-0.2640772040005655,-0.2679923712888901,-0.26683785177348546,-0.2764724565469781,-0.2901583255092621,-0.28846027312481964,-0.27015186658347007,-0.27932847993942356,-0.2834833803038871,-0.27724802395236087,-0.2816547197856822,-0.27328969088497496,-0.17338049703771913,-0.19817198355494883,0
2019-04-04,-0.24036356309178367,-0.24694714660217373,-0.2597368522088488,-0.2509443111705554,-0.25357853730380076,-0.2596044887384695,-0.2625971093607383,-0.2533765884700361,-0.2571186914022492,-0.2525165640337153,-0.239360374051552,-0.24749289086308518,-0.24871287777345039,-0.24474544215899313,-0.24469025172127118,-0.2632738769346998,-0.2671164459420384,-0.26587905186923716,-0.2755412434635923,-0.2892409191442406,-0.28755774826309743,-0.26928879675606454,-0.27849011005880636,-0.2827416548461578,-0.2764749296448851,-0.28088753621528023,-0.27252432250267034,-0.17266672274224346,-0.1974494551674342,-0.22343768419880816,1
2019-04-05,-0.24616739053739392,-0.2589422787757286,-0.25014693511571323,-0.25278931383294245,-0.25882095129561145,-0.2618236865106872,-0.2525828751614625,-0.2563152042233769,-0.2517247544807225,-0.23857871188525936,-0.24671371185062252,-0.24793595169728333,-0.24396830469825698,-0.24389714460403703,-0.26246932921785876,-0.2663116325640738,-0.2650042115256197,-0.2745777639547769,-0.28830294372318754,-0.28664170810307216,-0.2683962810911073,-0.2776227579216314,-0.28190156288795143,-0.27573648265716566,-0.2801126863132462,-0.2717615175830992,-0.17194980416518507,-0.19672410816344504,-0.22270302688669613,-0.14731049853286454,0
2019-04-06,-0.25815684246587517,-0.24935694019976742,-0.25199105129382626,-0.2580292240368286,-0.2610390931609027,-0.2518141798922471,-0.2555200754924278,-0.25092388555779876,-0.23779363270342685,-0.24592850984242146,-0.24715655992535648,-0.24319365521031389,-0.2431204152133364,-0.26166756025375465,-0.26550559941714535,-0.26420043111562186,-0.2736984575892896,-0.2873326025548093,-0.2857051092567316,-0.26749030734699974,-0.27672589119598723,-0.2810324587153722,-0.2748999250768815,-0.2793725376261469,-0.27099106980626547,-0.1712352316154247,-0.19599560599210492,-0.22196553759458398,-0.14661238645287447,-0.16653852583080417,1
2019-04-07,-0.24857604298722757,-0.25120017594090577,-0.25722844383305665,-0.2602463065129098,-0.25103434912266254,-0.2547499936117433,-0.2501313536253811,-0.23699952604765484,-0.24513988155792393,-0.24637114473339902,-0.242416540706838,-0.2423461725681558,-0.2608822824779933,-0.2647023512026399,-0.26339543032367346,-0.2728904253417074,-0.28644674770403206,-0.28473616488151937,-0.26656385132229704,-0.2758155415176678,-0.28013381182603597,-0.2740344167673985,-0.2785341455167377,-0.2702551881030708,-0.17051327478678976,-0.19526950183349087,-0.22122488171358246,-0.14591148265804885,-0.1658311832411781,-0.15237091609829967,0
2019-04-08,-0.2504184058717282,-0.25643506799014687,-0.2594444610484804,-0.2502463407614189,-0.2539687659652871,-0.24936381568542337,-0.23621370096351865,-0.24434220897988726,-0.24558230270742448,-0.24163340732473818,-0.2415694650290038,-0.26009951715707147,-0.26391561355322557,-0.26259321016934495,-0.2720811752353116,-0.28563248102753563,-0.283851643072613,-0.2656051987415071,-0.2748846763447068,-0.2792216718074379,-0.27313942347142567,-0.2776667707640716,-0.2694213960460221,-0.1698243954031729,-0.19453595157393466,-0.22048667838932715,-0.14520744668816576,-0.16512103876663498,-0.15167037473982062,-0.15658663119390093,0
2019-04-09,-0.25565081895955866,-0.2586500272117651,-0.24944930006641336,-0.2531793561204011,-0.24858515081307023,-0.23545273335402186,-0.24355284719732198,-0.2447844153749657,-0.24084685307817758,-0.24078673942281012,-0.2593142843956686,-0.26313139274922953,-0.2618074871135144,-0.27127472344453346,-0.2848170001918775,-0.28303864550712704,-0.26473049899733075,-0.2739215498562538,-0.27828900270522683,-0.2722309579325339,-0.2767698810598528,-0.2685587013697055,-0.16904127453119314,-0.19383583466732834,-0.21974096409933533,-0.1445056989303782,-0.16440775342486885,-0.15096703898995176,-0.15588406606053282,-0.1793858006258455,1
2019-04-10,-0.25786472929642723,-0.2486596382225915,-0.2523809061743174,-0.2477983121940793,-0.2346806874537917,-0.24278841487885244,-0.24399484059795723,-0.24005126436717864,-0.24000059401895849,-0.25852301656593396,-0.26234470406986543,-0.2610242778517059,-0.2704848241825945,-0.2840043435929164,-0.28222443302936007,-0.2639268524438176,-0.2730425803988612,-0.27732404579229647,-0.2713019911999227,-0.2758595082715981,-0.26766656687875057,-0.1682301325321635,-0.19304059910372842,-0.21902905658711858,-0.14379663564866318,-0.16369679780498744,-0.1502605687774279,-0.15517870430600025,-0.17867229063839155,-0.1655326801205714,0
2019-04-11,-0.24787907121450986,-0.25158984469285706,-0.24700244772438307,-0.23390048963568183,-0.24201287861961504,-0.24323019962054396,-0.23926396937371636,-0.2392054160882204,-0.25772830659080526,-0.261551977418728,-0.26023860101677027,-0.2696974512746425,-0.2832083207997753,-0.28141303951166774,-0.26312198542892035,-0.2722348689017234,-0.2764433294531687,-0.2703407910351792,-0.27492861981329375,-0.2667609764876868,-0.16739037837787782,-0.19221713166201032,-0.21822111007724349,-0.14312025399163927,-0.16297847729694154,-0.1495563977015143,-0.15447020618306898,-0.17795597197084442,-0.164825820392155,-0.2274116844338108,0
2019-04-12,-0.25080789009765875,-0.24621395408205474,-0.23311130277214415,-0.24122917893161663,-0.24245445315761283,-0.23850156177488108,-0.23841852850854775,-0.25692452350031647,-0.26075580480570126,-0.2594468882279162,-0.26890760954949816,-0.2824148427771782,-0.2806182632546535,-0.26231989849510384,-0.2714259393554315,-0.2756339548523485,-0.2694636599817996,-0.2739654696974936,-0.26583490672573923,-0.16653746776394354,-0.1913648541845609,-0.2173847105655443,-0.1423506063827414,-0.16229312260213283,-0.14884489811003093,-0.15376401629770467,-0.17723650662837298,-0.1641161593108331,-0.2266751193832244,-0.23946623844946954,0
2019-04-13,-0.24543454521755084,-0.2323294411835779,-0.24043647078979447,-0.24167054257268836,-0.2377280652247414,-0.23765652003059906,-0.25612910128283806,-0.2599505521457078,-0.25865173212958836,-0.26811172356466867,-0.28161889411322766,-0.2798260280192183,-0.26153430691472546,-0.27061980679116304,-0.27482336318929773,-0.26865769872133893,-0.2730864776911341,-0.26487664608094214,-0.1656644776271292,-0.19049934865590984,-0.2165192933984592,-0.14155317203200776,-0.16151380154600284,-0.14816615493576357,-0.15305048707373836,-0.1765193987426995,-0.16340335781698787,-0.22593572025071107,-0.2387238865505874,-0.24028495007407769,1
2019-04-14,-0.23155660727255095,-0.2396511119439268,-0.24087762236508714,-0.23694641197261274,-0.23688342555612935,-0.2553587318895392,-0.25915367240230114,-0.257847500801672,-0.2673123833526598,-0.28081688901092544,-0.27903132251376483,-0.2607512287329559,-0.26983022257417555,-0.2740155754230084,-0.267850518373094,-0.27227874472644686,-0.2640023203843355,-0.16476007621493854,-0.1896136680069449,-0.2156405730650632,-0.14072734559729885,-0.16070652546564052,-0.14739396147639788,-0.15236977657488504,-0.17579489298597104,-0.16269288387359068,-0.22519315273283347,-0.23797869419388784,-0.23954220514862956,-0.23306469327039073,0
2019-04-15,-0.2388748108860885,-0.2400920529000823,-0.23615576160861157,-0.236102175705679,-0.25457721460194693,-0.25838187515099775,-0.2570516340202104,-0.2665039480820736,-0.2800114136729161,-0.278230563049109,-0.25996568301722495,-0.26904316376367543,-0.27322435768554426,-0.26704612772985886,-0.27146979372534485,-0.2631990299395835,-0.1639371515517443,-0.18869638969059194,-0.21474157730885426,-0.13988844232294814,-0.15987069929593267,-0.14659393698676357,-0.15159546222725084,-0.17510354292406713,-0.16197504762434312,-0.2244530463508407,-0.23723032800247773,-0.23879661933233132,-0.23232541446494379,-0.25358706466056796,1
2019-04-16,-0.23931554303648364,-0.2353724465030927,-0.23531193097912728,-0.25378751416071516,-0.25759891943464097,-0.25628082911202316,-0.2657039118105522,-0.27919681420127235,-0.27742633660752064,-0.25917410160905796,-0.26825363622983284,-0.2724356702673902,-0.2662582626164253,-0.2706636397955226,-0.2623945188221244,-0.16318279701731891,-0.18786117584039919,-0.21381078831949946,-0.13902956584368367,-0.15902173912151993,-0.14576547882942112,-0.15079327995369418,-0.17431775851977974,-0.16129016232202192,-0.22370541880063535,-0.2364844489705267,-0.23804785931121814,-0.23158329858758242,-0.2528379339891997,-0.23719983674579245,1
2019-04-17,-0.23459817158952193,-0.23452901874393478,-0.252988772007715,-0.2568077758208395,-0.25549887308532604,-0.264929022282228,-0.27839066424622694,-0.27661299195095945,-0.2583790772351287,-0.26745806506287617,-0.2716445136392783,-0.26547291773926496,-0.26987403449284936,-0.2615927863051415,-0.1624271927705051,-0.18709512149153387,-0.21296268043942948,-0.13813948538351556,-0.15815272940870015,-0.14492392878777915,-0.14996262936999755,-0.17350390665277857,-0.16051134729780311,-0.22299165676357768,-0.2357310178226297,-0.23730158821701253,-0.23083801176937424,-0.2520859553912315,-0.2364585728442613,-0.2157963757024656,1
2019-04-18,-0.23375514323208005,-0.25219742031267606,-0.2560075824967817,-0.2547087324580683,-0.26414295139601496,-0.27760978547833753,-0.27580808652739913,-0.2575749782558679,-0.26665904049235073,-0.2708473101292566,-0.2646851046508721,-0.26908695466007887,-0.26080754449907934,-0.1616741636618078,-0.18632782437321593,-0.21218435044068068,-0.13733022804712455,-0.1572523668830174,-0.14406238545183284,-0.14911887436865015,-0.17266139912458198,-0.1597045860524457,-0.2221817109700019,-0.23501163035312467,-0.23654776290497734,-0.2300951982908616,-0.2513307965751336,-0.23571446968365714,-0.21506538663830296,-0.21160665145208998,0
2019-04-19,-0.25141517800256374,-0.25521478953008875,-0.25390954767940144,-0.2633486823388151,-0.2768176810128462,-0.2750284269585705,-0.2567792427384236,-0.26585092235910884,-0.2700466489452124,-0.263891251348371,-0.26829740609768454,-0.26002481503967756,-0.16093698729652817,-0.18556315103769766,-0.21140478495712886,-0.13658888537324848,-0.15643329676676512,-0.1431695989655013,-0.14825510933699867,-0.17180571939664033,-0.1588692829832305,-0.22134327739442025,-0.2341956200220708,-0.23582799337181967,-0.22934484913113073,-0.25057815540277223,-0.2349671937128853,-0.21433156963577848,-0.21087767368578264,-0.22502572484209574,0
2019-04-20,-0.2544311183573024,-0.2531177563781401,-0.2625453462492295,-0.27601735847818143,-0.27423755071815,-0.2560085664223761,-0.2650512006258931,-0.2692368864423548,-0.26309394913649187,-0.2675018138602403,-0.25923961815051,-0.16020217872080658,-0.18481448297369665,-0.21062789429522888,-0.1358462852654502,-0.15568261192049546,-0.14235775910918738,-0.14736006852378628,-0.17092993912779678,-0.1580208488996969,-0.22047579350730095,-0.23335101640836836,-0.2350115711543265,-0.22862844903551918,-0.2498179258619777,-0.2342224000088264,-0.21359458949867208,-0.2101458701971409,-0.224290305183216,-0.23393018841640498,0
2019-04-21,-0.25233507824670237,-0.26174943195590444,-0.2752079353609731,-0.27343846045912873,-0.25522673993981576,-0.26427661923345097,-0.2684355338156407,-0.26228756152434896,-0.2667027681641038,-0.2584483862645482,-0.1594649170337087,-0.18406821726060676,-0.20986716893999524,-0.13510620619595023,-0.15493067518416098,-0.14161395776950292,-0.14654607723074148,-0.17002270660348753,-0.1571523692708709,-0.21959499463913948,-0.23247726342542246,-0.2341665484888759,-0.22781565926414804,-0.24909194870414003,-0.23347006000736906,-0.21286004542212641,-0.2094109054679117,-0.22355205270439024,-0.2331904941257311,-0.24959487083390738,1
2019-04-22,-0.2609626663303093,-0.2744059755636925,-0.2726302764471991,-0.25443672928391947,-0.2634908587643205,-0.2676593547265189,-0.26148955613007674,-0.26589462880513415,-0.25765371232722667,-0.158721715943838,-0.18331949501283648,-0.20910888219804866,-0.13438181023689022,-0.15418129832836622,-0.14086890045492442,-0.14580022763428188,-0.16919708004348638,-0.15625254461479537,-0.21869390457175103,-0.23159015962315885,-0.23329236972645923,-0.22697433223601945,-0.2482688343126898,-0.23275173018708653,-0.21211800999742422,-0.20867836775439594,-0.22281063291879008,-0.23244796230536544,-0.24884765663493721,-0.2457352303178976,0
2019-04-23,-0.2736132164843832,-0.2718295473024353,-0.2536376751969536,-0.26269690114793004,-0.2668719847325941,-0.2607166561405184,-0.2650948860201421,-0.25684996544533234,-0.15797519845836341,-0.1825648105072509,-0.2083481353296312,-0.13365974363023964,-0.15344772637501147,-0.14012637440111575,-0.14505312327841038,-0.16844015319152034,-0.1554339878191441,-0.21776099051100234,-0.23068271676620167,-0.23240483771068932,-0.22610390844303063,-0.24741700305407358,-0.23193686006230282,-0.2114096684126321,-0.20793834944902945,-0.22207166911822504,-0.23170225915289974,-0.24809759662091685,-0.24498986895845287,-0.2527839475430952,0
2019-04-24,-0.27103800828003966,-0.25284601369585824,-0.26189387822525073,-0.2660764122833454,-0.25993258952208265,-0.2643202840044322,-0.2560545791397077,-0.15721983624719738,-0.1818067795637261,-0.20758140222348817,-0.1329352277194146,-0.1527165113709242,-0.13939956351087274,-0.14430855869940973,-0.16768197815363758,-0.15468379167532323,-0.21691085455031492,-0.2297433566092301,-0.23149696339001627,-0.2252201528625638,-0.24653590638901773,-0.23109341649026519,-0.21060556617619072,-0.20723196305981842,-0.22132519027493663,-0.2309590312085751,-0.24734435819346617,-0.24424166382539772,-0.25203520241207267,-0.3019170413576735,0
2019-04-25,-0.2520634642470403,-0.261098274962512,-0.26527176557792775,-0.2591403313425499,-0.26353450275935525,-0.25528424492727725,-0.1564724380849635,-0.18103984933092768,-0.20681129115846245,-0.13220479782388028,-0.1519828443291921,-0.1386750892359592,-0.14357973598668144,-0.16692638894887615,-0.15393234335143044,-0.21613059373491433,-0.22888706875978942,-0.2305571654322016,-0.22431608364094682,-0.24564141692332656,-0.2302208421730288,-0.20977307781414117,-0.20642996863588559,-0.22061254168052383,-0.230208265361041,-0.24659362879133676,-0.24349028202368997,-0.2512836097792346,-0.30114470964187684,-0.33553360057253556,1
2019-04-26,-0.2603118176896094,-0.2644745496093536,-0.2583390172755086,-0.2627405242985012,-0.25450276308100545,-0.15574911521781004,-0.18028097795057563,-0.20603222355509865,-0.1314710849440991,-0.15124324505325207,-0.13794816493747858,-0.14285325593985088,-0.1661866860223126,-0.15318345287618393,-0.21534909858050125,-0.22810095109178521,-0.22970045976366707,-0.22338014666961495,-0.24472653234456537,-0.22933492377450324,-0.20891163458878317,-0.2055996247545283,-0.21980379624171406,-0.22949146136956808,-0.24583532126995888,-0.24274140091504656,-0.2505288372913215,-0.3003695044368058,-0.3347451310611682,-0.3118351478957834,0
2019-04-27,-0.26368649351560003,-0.2575451112111662,-0.2619374804158321,-0.25371309819797633,-0.15501499275257774,-0.17954641540252853,-0.20526131427368596,-0.1307285880211036,-0.1505003388045928,-0.13721532185139954,-0.14212432527014407,-0.16544935848395534,-0.1524503609322631,-0.21457028627555652,-0.22731360256035796,-0.22891394431459988,-0.22252712576756523,-0.2437796211654336,-0.22842867531868963,-0.20803691091477922,-0.2047403604387159,-0.2189665839026557,-0.22867823617538965,-0.2451112071272655,-0.24198495159603436,-0.2497765807133623,-0.2995910971656977,-0.3339537702800677,-0.31105805494387284,-0.3164121357400213,1
2019-04-28,-0.25676033652421615,-0.2611418563360856,-0.2529143918002529,-0.1542728434374482,-0.17880097004646914,-0.2045149588559176,-0.12999394971202563,-0.1497486049443025,-0.13647918946780574,-0.14138947181166464,-0.16470957708157524,-0.15171962449397852,-0.2138076644489419,-0.22652896122961771,-0.22812619823816196,-0.2217441183686345,-0.2429161269314314,-0.22749052710563922,-0.20714194215325166,-0.2038678281303378,-0.21810034085856544,-0.2278364661496987,-0.244290101172548,-0.24126263861056058,-0.24901673782881764,-0.29881531187389393,-0.33315919223632706,-0.3102780832568064,-0.3156328455824512,-0.3146317628420638,0
2019-04-29,-0.2603553784254044,-0.2521230756165801,-0.15352191595291814,-0.1780474604986654,-0.20375763332481991,-0.12928312697136204,-0.149004805397487,-0.13573426157469495,-0.14065132379623518,-0.16396385125151985,-0.1509864361610408,-0.2130474869392634,-0.2257605867318029,-0.2273411610162778,-0.22095987826057634,-0.24212314848718844,-0.2266353958855631,-0.20621523930509889,-0.20297506736725454,-0.21722078992690802,-0.22696559224698365,-0.24344031329007526,-0.2404434744061999,-0.2482911354572297,-0.29803181413579977,-0.33236730874388504,-0.30949490502015276,-0.3148506742688664,-0.3138533273613119,-0.32278509098935193,1
2019-04-30,-0.25134086851209014,-0.1527780527506686,-0.17728510981970058,-0.20299220442225896,-0.12856159717392057,-0.14828500789597598,-0.13499721221805347,-0.13990437071898107,-0.16321480242076214,-0.15024731654855264,-0.21228484873816728,-0.22499467385211747,-0.22657239581310978,-0.22017833242154253,-0.24132894325086296,-0.22585037937656502,-0.20537103106990487,-0.2020506049475432,-0.2163209572680629,-0.22608138398366734,-0.2425612928068197,-0.2395956620533971,-0.24746842510676284,-0.29728328309345164,-0.3315676265011459,-0.3087143701741789,-0.3140652943366348,-0.31307201166621945,-0.3220027414630839,-0.2833127943451495,0
2019-05-01,-0.15204289006957944,-0.17652990134822916,-0.20221786832795677,-0.12783208205603602,-0.14755443689547584,-0.1342840275066721,-0.13916531277520655,-0.16245689686798087,-0.1495048912182167,-0.21151622052758517,-0.2242262985673302,-0.22580609340311988,-0.21941301286748927,-0.2405374737404877,-0.2250641313506911,-0.20459641369441062,-0.20120853488498183,-0.21538931908405692,-0.225176858643265,-0.24166889139174966,-0.238718648816218,-0.24661700491795668,-0.2964358543263213,-0.3308034078039304,-0.3079260974190966,-0.31328256767596147,-0.31228748815731033,-0.32121750741001986,-0.2825493936901767,-0.2957364183630126,0
2019-05-02,-0.1757834910777818,-0.20145075620164393,-0.127093858791199,-0.1468158507574808,-0.1335601182523024,-0.13845016036146043,-0.16170697620760272,-0.14875364055537613,-0.21074420940024333,-0.22345192183196821,-0.2250373284716395,-0.21865014574380362,-0.23976236050558136,-0.22428058594718106,-0.20382055863095833,-0.20043595313829246,-0.21454040076758588,-0.224240458853899,-0.24075611071225056,-0.23782826612196334,-0.24573632592228647,-0.29555928571133244,-0.32993906684884383,-0.30717293794849937,-0.3124920913556495,-0.3115056140764605,-0.32042906185736963,-0.28178312938608124,-0.2949670536858635,-0.2995232845123907,1
2019-05-03,-0.20069254476377607,-0.12636261314470365,-0.146068506198264,-0.1328282158302606,-0.1377242688373744,-0.16098118218772609,-0.14801032024605784,-0.20996323272995282,-0.2226741471408447,-0.22426256131253758,-0.2178848171250645,-0.23898972915559674,-0.2235132930210106,-0.20304736295306847,-0.19966213249565667,-0.21376129919985457,-0.22338699625737868,-0.2398113343334203,-0.23691751948569614,-0.24484225651365385,-0.2946530545406933,-0.3290452918360424,-0.3063205194713612,-0.3117367959672989,-0.3107159949067347,-0.31964328333432074,-0.2810136714261301,-0.29419481878849296,-0.29875210193141083,-0.28657204633644673,0
2019-05-04,-0.12563995938544353,-0.1453282014798093,-0.1320875920301225,-0.13699037760827407,-0.16024457027526068,-0.14729099222717024,-0.20919043002700718,-0.2218873795925908,-0.22348439517626723,-0.2171134931315164,-0.23821463339308327,-0.2227484584601363,-0.20229028418113118,-0.19889096277498594,-0.21298096260518684,-0.22260356834703848,-0.2389498774649043,-0.23597480702512613,-0.243927795180252,-0.29373328688405137,-0.3281215780251659,-0.3054388743437658,-0.31088207484882857,-0.30996153035521606,-0.3188497387903046,-0.2802467952823214,-0.2934193846190796,-0.2979780471272616,-0.28580708106143016,-0.29611068653426215,0
2019-05-05,-0.14459656664488038,-0.13135396222397522,-0.136247753978522,-0.1594999233029312,-0.14656089418498094,-0.2084422197282797,-0.22110883346971727,-0.22269723432776353,-0.21633877916863659,-0.23743352277778831,-0.2219811618163535,-0.20153563305535974,-0.19813588342218938,-0.2122033040401473,-0.2218189079771119,-0.23815883867689228,-0.2351153198751954,-0.24298131346289967,-0.2927929322487937,-0.3271842277860149,-0.30452748515896666,-0.3099980870224124,-0.30910770492630424,-0.3180914693699659,-0.27947225445502427,-0.29264655908613757,-0.2972007913391901,-0.2850392504134086,-0.2953411421878257,-0.30185466332913186,1
2019-05-06,-0.1306289448320675,-0.13551213798492975,-0.15874648431844823,-0.14582278256506953,-0.20768302558411406,-0.2203549966583093,-0.22191829812785738,-0.21555508685376426,-0.23664899658989344,-0.2212078658730588,-0.20077852288941145,-0.19738322570229358,-0.21144182084056196,-0.22103694362458307,-0.23736657194576166,-0.23432615634076603,-0.24211822908953237,-0.29182017692148077,-0.3262261571136114,-0.3036025300015628,-0.3090843175276196,-0.30822462837115,-0.3172335420751488,-0.2787324053543446,-0.29186603697445795,-0.2964261523627402,-0.28426822463616336,-0.29456872742321005,-0.30108236155821644,-0.3017325063565714,0
2019-05-07,-0.13478515150614248,-0.15800012674885872,-0.14507591515385557,-0.206915721905972,-0.21959013434710037,-0.22116407917943035,-0.2147795907617839,-0.23585544554876,-0.2204311748015165,-0.20001543373817418,-0.1966281095378352,-0.21068277853348508,-0.22027121103915645,-0.2365770328760121,-0.23353576375039997,-0.24132564084957026,-0.29093201809684316,-0.32523542554469725,-0.3026569484915759,-0.3081569684528044,-0.30731178477774596,-0.3163462922967119,-0.27789433621620696,-0.2911203902094621,-0.2956438070855072,-0.2834997877111887,-0.293793113217361,-0.3003071863310196,-0.300960263227715,-0.30876302999011096,1
2019-05-08,-0.1572624911762938,-0.14433608432845957,-0.2061395006455294,-0.21881714380882417,-0.22039883190215442,-0.21402874189792487,-0.23507017152582863,-0.21964549600823974,-0.19924897616118598,-0.19586701836459386,-0.20992127587418036,-0.21950793212629177,-0.23580382479482792,-0.2327480910246147,-0.2405318255859695,-0.2901155579419137,-0.32433011093542513,-0.3016788895197639,-0.3072089748551869,-0.30638536689738094,-0.3154292084804515,-0.2770272900533243,-0.2902760708580547,-0.2948963931245054,-0.2827236777352273,-0.2930201084559597,-0.2995288090659841,-0.30018514670718843,-0.30798741182360045,-0.3060677793402105,0
2019-05-09,-0.1436049193064914,-0.20537051621304925,-0.218035204169991,-0.21962545512822876,-0.21326688965472534,-0.23430974376069208,-0.2188680297176597,-0.19847357936015345,-0.19510256399261125,-0.20915378546992597,-0.2187421915953342,-0.2350330928688042,-0.23197672484009554,-0.2397407444259545,-0.28929788492948244,-0.32349731776376967,-0.3007856691152465,-0.3062284683681855,-0.3054383115621297,-0.314498526137327,-0.2761307342142778,-0.2894026657511838,-0.29405016863486905,-0.28198230765734,-0.2922394061549598,-0.2987530536455902,-0.29940682820404513,-0.3072089165468376,-0.30529345504210936,-0.31701512334925636,1
2019-05-10,-0.20461044858909086,-0.21726054036798562,-0.21884312711311424,-0.21249691911138455,-0.23353824170141368,-0.2181152507585711,-0.1977063107977119,-0.19432917988999981,-0.2083829151255836,-0.21797045486811822,-0.23425989709778486,-0.2312078292712215,-0.2389660144543946,-0.2884830452736419,-0.32266332142699583,-0.29996439012686826,-0.305332912155972,-0.3044587571182315,-0.3135471739713562,-0.2752206971997884,-0.2884996488776287,-0.29317482524737243,-0.28114259881890097,-0.2914935847322942,-0.29796958593904943,-0.29863113128182894,-0.30642721610926016,-0.30451625505932695,-0.31623554372450113,-0.30693587357074736,1
2019-05-11,-0.21649484227241977,-0.2180680775842006,-0.2117180162051896,-0.23275858951779277,-0.21735145413120474,-0.19696352199212133,-0.19356390753129343,-0.20760308464459243,-0.21719532709179742,-0.23348069026301205,-0.23043647040604115,-0.23819376521508961,-0.2876848680195533,-0.32183222635510533,-0.2991419011405936,-0.3045094093820321,-0.3035641094967459,-0.3125632595869985,-0.2742901470638263,-0.28758311389310726,-0.29226983897480496,-0.2802738844309637,-0.2906490770899431,-0.2972210840063129,-0.2978477223870802,-0.3056481524302227,-0.30373585113413704,-0.31545308262479926,-0.30616113253971594,-0.24415238784365528,0
2019-05-12,-0.21730199708273645,-0.21094636842024772,-0.23196995131281128,-0.21657953279129785,-0.19620978947764875,-0.1928230742967337,-0.20683141873757047,-0.21641121900237534,-0.23269807283621435,-0.22965910414032792,-0.23741905167742752,-0.2868892420155629,-0.32101800661518165,-0.2983222655463236,-0.30368469792984065,-0.30274147173876836,-0.3116644510179021,-0.2733273402394809,-0.2866460164664728,-0.291351323332891,-0.2793756335841193,-0.2897754804165587,-0.29637368662100655,-0.29709927746066644,-0.30486135872914455,-0.3029580781489345,-0.3146674126338657,-0.3053835153648511,-0.2434077863355715,-0.2817585418006555,1
2019-05-13,-0.21018366037461056,-0.23118863464003608,-0.21579866827664682,-0.19544796544114953,-0.19207131183083243,-0.20608432209529848,-0.2156353105432462,-0.23190643960201318,-0.22887833209779404,-0.23663832404922977,-0.28609114472841884,-0.32020638637322885,-0.2975193551759564,-0.30286284911555644,-0.3019176247892192,-0.310837851865656,-0.27244867585634736,-0.28567656618806414,-0.2904122302153549,-0.27846389187205245,-0.28887226890095985,-0.2954971499337699,-0.296251941531432,-0.30410963290692006,-0.3021725820612255,-0.31388439721623024,-0.30460269385515065,-0.2426603418910738,-0.2809958872723064,-0.2417300410686241,1
2019-05-14,-0.23041634095321464,-0.21502507226468584,-0.1946772541921402,-0.1913114643399426,-0.2053262498522423,-0.21488405770596702,-0.23112306766899324,-0.22808855299334183,-0.23585418185038376,-0.2852869867180652,-0.31939229006916775,-0.29671901029056313,-0.3020577545162148,-0.30109663688107335,-0.31001004587261966,-0.2716412548025254,-0.2847915615659826,-0.2894407549343165,-0.27753162409958343,-0.2879555381616927,-0.2945909512034714,-0.2953754673693768,-0.3032587599846114,-0.3014221140168036,-0.3130936305909022,-0.30382450515949405,-0.2419097214934586,-0.28023036991690947,-0.2409866024200944,-0.02448036308094174,1
2019-05-15,-0.21426043276576548,-0.19391374218363763,-0.19054274059114143,-0.20456007177513585,-0.21412179849863955,-0.23036450327674957,-0.22730701999490424,-0.23506101661806678,-0.28447935283967446,-0.3185721011361097,-0.29591619271205094,-0.3012552319709289,-0.3002923919108331,-0.3091851153913991,-0.2708326155271937,-0.28397810434237947,-0.2885538177331247,-0.27656707441092937,-0.2870182434945024,-0.29367121617262043,-0.2944693321680787,-0.3023786872988139,-0.30057259705080464,-0.31233805380963925,-0.3030385911326671,-0.24116159837184079,-0.2794616596082675,-0.24024032211637752,-0.023841216215183522,0.09752846166185056,0
2019-05-16,-0.19315909986748733,-0.1897812025247852,-0.20378498235414186,-0.21335141964904075,-0.22959487838534062,-0.22655025710575039,-0.23427612524212932,-0.2836625845980819,-0.3177483943957199,-0.29510730499696247,-0.30045023608185606,-0.2994907164393839,-0.30837697949197496,-0.27002677202630015,-0.28316343247926684,-0.2877385206142556,-0.27568674670987936,-0.2860485930785655,-0.2927308944107887,-0.2935496610294017,-0.3014688958007907,-0.29969390390996864,-0.3114830293335374,-0.3022877179794833,-0.24040591110349574,-0.27869552776042156,-0.23949086695458216,-0.02319934260186228,0.09810903758764632,0.003186891661768049,0
2019-05-17,-0.18902851715564464,-0.20301712204008,-0.21257210617363403,-0.22881710956031523,-0.22578244705437148,-0.23351607233521143,-0.2828542836468281,-0.3169154771210142,-0.29429492904022103,-0.2996391657121455,-0.29868656787724696,-0.30757142479333477,-0.2692374730862372,-0.2823515814873637,-0.2869220099477127,-0.2748777421085876,-0.28516339745346964,-0.2917581724397305,-0.29260940364469584,-0.30054554746359147,-0.2987855141049968,-0.31059873287218287,-0.3014377642831011,-0.239684336774417,-0.2779217352193296,-0.2387439038393811,-0.022554392339713816,0.09869227572813993,0.0038127567250019205,-0.0839188270274921,0
2019-05-18,-0.20225816885616812,-0.21180005062024632,-0.22803036515205818,-0.22500649905455072,-0.23274494790931302,-0.2820712976662336,-0.316091159482967,-0.29347339624703117,-0.29882460139063055,-0.29787634652424055,-0.30676339584492374,-0.26845069869468957,-0.28155635374860805,-0.28610832780216916,-0.27406752022549913,-0.2843497583870948,-0.2908700454489286,-0.2916367469963031,-0.2996015849698335,-0.2978635754738484,-0.30968464978743065,-0.3005586268143797,-0.23886596888383904,-0.27718261143313977,-0.23798938279635917,-0.021911465121895533,0.09927853536250987,0.004441333902044057,-0.08325114643304159,-0.11889470744765601,1
2019-05-19,-0.21103693831694523,-0.22725092935715938,-0.22422158556304875,-0.23196567460447207,-0.28127707038785865,-0.31529248283505695,-0.2926603697911536,-0.29800086986175855,-0.29706263344058476,-0.3059492863672441,-0.2676614556647816,-0.2807636683892654,-0.28531129289611323,-0.2732601007008136,-0.2835349047891202,-0.29005361560112775,-0.2907486823467628,-0.2986251687935661,-0.2969210333860376,-0.30875698532996954,-0.2996497855480008,-0.2380189666977494,-0.2763453242254488,-0.23726893889053208,-0.021261537722739504,0.09986303534725556,0.00507297522073551,-0.0825807076528564,-0.11821023650876492,-0.0020294709750208603,0
2019-05-20,-0.2264805003543373,-0.2234439681950031,-0.23117741737812852,-0.28047461803946966,-0.31448244872776054,-0.29187275449352834,-0.2971856626895177,-0.2962397571836845,-0.3051316749869986,-0.26686616956912707,-0.279968512625411,-0.28451680580453687,-0.27246924638134457,-0.2827228728184084,-0.2892359728778402,-0.2899323118504221,-0.297733516205458,-0.2959460584779425,-0.30780867395590095,-0.29872739287459493,-0.23714277663421374,-0.27547907359572615,-0.2364517896607841,-0.02064247652971554,0.10045422227930549,0.0057026532236323394,-0.08190716535426655,-0.11752298888470862,-0.0014011017710949866,-0.05322363881599357,0
2019-05-21,-0.2226753419628445,-0.23039647908508235,-0.27966305330448116,-0.3136641374209897,-0.2910738636262277,-0.29639591106398594,-0.2954253982741971,-0.30430488195903943,-0.26606743081569306,-0.2791673020044335,-0.28371984777010506,-0.27168092128820387,-0.28192746647149125,-0.2884211633851344,-0.28911472844337427,-0.2969137298431637,-0.29505578137681954,-0.3068278450251041,-0.2977843932982728,-0.23625322181940459,-0.2745833260618337,-0.23560602733573988,-0.019934623654900382,0.10101634628488262,0.006339260377547451,-0.08123577441676404,-0.11683262193115392,-0.0007700176943241357,-0.05257069359850996,-0.054263272625019655,0
2019-05-22,-0.22962456052023736,-0.2788589664988208,-0.31283662583259386,-0.290266732308828,-0.2955948680530538,-0.2946364776450401,-0.30348663837764306,-0.2652595998540621,-0.278362623226231,-0.2829168312844005,-0.27089012709336524,-0.2811346030411523,-0.2876230158990727,-0.2882999780201408,-0.29609273259721475,-0.29423730453504054,-0.30593198108581193,-0.2968089541822995,-0.2353433093463214,-0.2736741019733022,-0.2347310970387653,-0.01920005903930058,0.1016628176196304,0.006945410244913247,-0.08055723070117639,-0.1161444818452063,-0.000135867117810398,-0.051915006430579926,-0.053609828326182385,-0.10875567872512804,1
2019-05-23,-0.2780640987241294,-0.3120167009576279,-0.28945046267260227,-0.2947855774944517,-0.2938362717825393,-0.3026939121490297,-0.26446016293899716,-0.2775488240893812,-0.28211034191705825,-0.27009328673939376,-0.28033926915309537,-0.2868274195735817,-0.28750188882979844,-0.2952745825373325,-0.29341761603250766,-0.30510818534296213,-0.29591823406029616,-0.23440144330071466,-0.27274437093353726,-0.2338428091921716,-0.01843811169033305,0.10233493288216755,0.00763934397323122,-0.07991043168697097,-0.11544909918737281,0.0004963088817371931,-0.05125622962022187,-0.052953641527015934,-0.10807607507713854,-0.09688565971057142,1
2019-05-24,-0.3112061314753533,-0.2886417030609677,-0.293967136649872,-0.2930278211332067,-0.3018898725133476,-0.2636858605672356,-0.2767434679101387,-0.2812947236104817,-0.26929298966147025,-0.27953788005269387,-0.28602935197380475,-0.28670635062470207,-0.2944731382422906,-0.29260076927140716,-0.3042831810957152,-0.29509933544431066,-0.23354276393436538,-0.2717823952358717,-0.2329341733037969,-0.017663452676597604,0.10303342827654531,0.008359747300388612,-0.07917267585666084,-0.11478597817134663,0.001135427424304115,-0.050599537905661796,-0.052294364615447654,-0.10739370010671537,-0.09621175432393737,-0.0882125146587704,1
2019-05-25,-0.28784220271196537,-0.2931562206411409,-0.2922102248529214,-0.3010775754474042,-0.2629003811844397,-0.2759633667607547,-0.2804875631701709,-0.2684835929902735,-0.2787330223281385,-0.28522522371002174,-0.28590834116268565,-0.29367425502299227,-0.29180061120319467,-0.3034610407044615,-0.2942792254178617,-0.23275436944332445,-0.27090452404581156,-0.2319936025927481,-0.0168693080822467,0.10374427260257973,0.009107306006606255,-0.07840768808414326,-0.11403062629083334,0.0017440115829424274,-0.04993577221696896,-0.05163717504405634,-0.10670821039021335,-0.09553508389315599,-0.08754277285832929,-0.08171740243687915,1
2019-05-26,-0.292354582461069,-0.2914001476471495,-0.30025611143253267,-0.2621067055813806,-0.27517204567065684,-0.2797056944854321,-0.2676826031971168,-0.2779190433968888,-0.2844176196560232,-0.28510427115260356,-0.2928728995473095,-0.29100301034239073,-0.30265565834752645,-0.2934619588864689,-0.23196474543997903,-0.27009785814461074,-0.23113615944035268,-0.01604491025713611,0.10447411814545901,0.009867494122644972,-0.07761482914559874,-0.113247736361569,0.002440569616288099,-0.04930329755748622,-0.05097290882947376,-0.10602492565301244,-0.09485530408222166,-0.0868702706011377,-0.08105077864719502,-0.026167168936086633,1
2019-05-27,-0.29059934104815804,-0.2994421928765666,-0.26130396623503377,-0.2743725090948851,-0.27891259277451014,-0.2669067795560794,-0.27711350889671715,-0.2836008813801639,-0.28429672550470625,-0.292065476850826,-0.29020293760836124,-0.30185284891007974,-0.2926613865465486,-0.23117783810373868,-0.2692899735737755,-0.2303489418761394,-0.015298337722511064,0.1052332725261991,0.010647057982852015,-0.07680908183130655,-0.11243668785369752,0.0031636429017267427,-0.04858098419971077,-0.05033994900979719,-0.10533442437391871,-0.09417770362539146,-0.08619466288454963,-0.08038139783615295,-0.025527212310832097,0.04077225294258789,1
2019-05-28,-0.29863757800042273,-0.26050864461416456,-0.2735638762925859,-0.27811126970559147,-0.2661197676417026,-0.2763332330561244,-0.282792610149065,-0.2834800459117414,-0.2912545697453976,-0.2893968002116183,-0.301047566043125,-0.29186337265996154,-0.23040722728290233,-0.2684848816376568,-0.22956049410120646,-0.01461667357325636,0.10591757940456188,0.01145666091915439,-0.0759836129711843,-0.111612646986535,0.003913914431429496,-0.047831707541942374,-0.0496171126216226,-0.1046760348826828,-0.09349291710064393,-0.08552121579833408,-0.07970891450187574,-0.02488452804582977,0.041380074967183475,0.07295151841647114,0
2019-05-29,-0.2597224665582671,-0.2727627014189503,-0.2773008405088733,-0.26532455445291514,-0.27554173598153875,-0.28200965328367195,-0.28267183288261244,-0.29043451276457355,-0.2885871817684671,-0.3002362081232314,-0.2910628867767399,-0.2296390848059503,-0.26769632441759766,-0.2287747581000333,-0.013933716575486605,0.10653996407305522,0.012189113821226939,-0.0751274308048661,-0.11076874572252604,0.00467683087923687,-0.04705481195434911,-0.04886730383465017,-0.10392578385613715,-0.09284006692592102,-0.08484060491082178,-0.07903857777621338,-0.024238766369467722,0.04199058922595111,0.07354389262546748,0.06558051471047552,0
2019-05-30,-0.2719707205052944,-0.27649788149522087,-0.2645202689990862,-0.2747420228408987,-0.281215455336045,-0.28188893303448886,-0.28962295002632316,-0.28776841955703675,-0.2994213554992591,-0.29025633540688867,-0.22886847925771,-0.26691028951532647,-0.2280053032709086,-0.013253032488753237,0.10716367676785475,0.012857335496146708,-0.07435052460402752,-0.10989386042622266,0.005459143779690669,-0.04626511924802295,-0.04808986757471308,-0.10314808351693518,-0.09209578759895759,-0.08419180218501586,-0.07836109392419728,-0.02359503137894075,0.042604150635640034,0.07413894204838996,0.06617642740626932,0.01017323085842403,1
2019-05-31,-0.2757041318025369,-0.2637234118177632,-0.27393321249515656,-0.280413032415134,-0.2810947925262433,-0.2888367686523694,-0.2869581409771445,-0.29859733430163166,-0.28944630190761345,-0.22809186781122723,-0.26612178619564864,-0.22723831330901614,-0.012587253495680538,0.10778536301976276,0.013526857996651315,-0.07363998154959991,-0.10909910472841283,0.006271536132793241,-0.045455826852930196,-0.04729963110520433,-0.1023423079160968,-0.09132416284494269,-0.08345188623915727,-0.07771532223670227,-0.022944291876528605,0.04321582986944535,0.07473702407536952,0.06677501921465799,0.01079574209496129,0.052223819349011255,0
2019-06-01,-0.2629357114221944,-0.27313186128922007,-0.27960149727071937,-0.28029242723414355,-0.2880393223244058,-0.2861732176225201,-0.29778183983456047,-0.2886271226730611,-0.227311852562644,-0.2653272412853797,-0.22646886062019805,-0.011923627564139363,0.10839291699253577,0.014194163476314066,-0.07292816278405592,-0.10837156821441499,0.007006651139378036,-0.04461605874361763,-0.04648979081967874,-0.1015235700993725,-0.09052456037058987,-0.08268470077302703,-0.07697867392326233,-0.02232444351109016,0.04383434176113135,0.0753332933956058,0.06737664695921801,0.011420961750094714,0.052826143992496244,0.03145453492919042,1
2019-06-02,-0.2723397055614392,-0.2787974398537758,-0.279480950037936,-0.28723364031030024,-0.2853770386272913,-0.2969918067620813,-0.28781643048768035,-0.2265228338386747,-0.26452924565638325,-0.22569340433220922,-0.011257569790045626,0.10899849301587616,0.014846739109118136,-0.0722187370002725,-0.10764276607360589,0.007677407247927699,-0.043854817442773884,-0.04564946677278766,-0.10068501213680978,-0.08971203097000281,-0.08188960885770252,-0.07621481293433431,-0.021615742019452395,0.04442295187458989,0.07593631275968937,0.0679764460843878,0.01204924238865348,0.053431154813194756,0.0320668299704182,0.06836673331866577,0
2019-06-03,-0.2780026012147719,-0.2786769501738962,-0.28641882800983515,-0.28457262812546674,-0.29619048022058553,-0.28703110194650244,-0.22574205498916683,-0.2637221613409408,-0.22491454726418753,-0.01058571461046065,0.10960648353690536,0.015497201389576139,-0.07152459279855881,-0.10691642756879387,0.00834946267807168,-0.043159188021215746,-0.04488769490801522,-0.09981554862174087,-0.088879728546457,-0.08108161580146625,-0.07542309886947782,-0.02088031402421904,0.04509797674640286,0.07650990595224853,0.0685830141770297,0.012675574793644357,0.0540392076080531,0.03268182217414221,0.06896130847643177,0.018929546614947373,0
2019-06-04,-0.2778821685922803,-0.28561151579250393,-0.28375909438437874,-0.2953809051963623,-0.2862345147650312,-0.2249860308982498,-0.2629234649530679,-0.2241266922095287,-0.009910729686858128,0.11022015566372133,0.016150091579389535,-0.07083268696691232,-0.10620559218632539,0.009019290549880108,-0.04246227403845254,-0.04419156036764694,-0.09902596724864567,-0.08801661244869077,-0.08025388415385637,-0.07461850297372478,-0.020117489434373664,0.045799142272511334,0.07716874172563204,0.06916004715536307,0.013308818413580363,0.054645402948862276,0.03329986574092774,0.06955856127310685,0.019547854338783408,-0.046299677647879074,1
2019-06-05,-0.2848134503761105,-0.28295305200452003,-0.294562178309569,-0.28542969473080365,-0.22421896511460038,-0.26214988803507583,-0.22334706749270147,-0.009227239038479407,0.11083680531897509,0.0168087529154467,-0.07013834084289777,-0.10549704537275063,0.00967435553393445,-0.041767691030573664,-0.04349414156582257,-0.09830335690584374,-0.0872330887892515,-0.07939540596533891,-0.07379419427159405,-0.019341948164874466,0.04652715432181905,0.0778534365225526,0.0698225912142765,0.013911708004443654,0.055258401547872704,0.03391600701658308,0.07015884874642347,0.020168865849828126,-0.04565005631221086,-0.040932568108781216,1
2019-06-06,-0.2821562454926236,-0.29375097820990864,-0.2846157491875633,-0.2234437638370353,-0.26136513947675,-0.22259217404210746,-0.008551123429352504,0.11146168424155903,0.01747050947845078,-0.06943814089979589,-0.10478605329461109,0.01032729967890386,-0.041088195178768154,-0.04279905583903075,-0.09757947801292861,-0.08651624564046438,-0.0786163085354748,-0.07293918930309835,-0.01854691461829628,0.04726768403939912,0.07856471341113824,0.07051105880725367,0.01460212696847939,0.05584166762179625,0.034539004871555944,0.07075731361528553,0.0207929343859438,-0.04499769668831535,-0.04028552328060129,0.002752844546499537,1
2019-06-07,-0.29294905838485763,-0.2838092978147289,-0.22265960120634398,-0.26057219710835244,-0.2218262472691705,-0.007897632159747037,0.11207966846610729,0.01814070907553143,-0.06873473705853006,-0.1040691742014525,0.01098267247479059,-0.04041089364202935,-0.042119063853443425,-0.09685804227431505,-0.08579813051918006,-0.0779036793403613,-0.07216340657137879,-0.017721614784464552,0.04802744029073303,0.07928841229880913,0.071226169062757,0.01531895438738566,0.05651093131376267,0.035131963233251635,0.07136254029854289,0.021415073591773536,-0.04434225055201737,-0.03963574300296377,0.003378917976198563,0.01208355798250978,0
2019-06-08,-0.28301208583118154,-0.22188272957698757,-0.2597701950604699,-0.22105218875866986,-0.007233858271382431,0.11267621161480705,0.01880364255763535,-0.06802269281201742,-0.10334904757497547,0.011643821367819133,-0.03973115617657288,-0.04144126767504813,-0.09615204543655374,-0.08508243457375499,-0.07718977567209472,-0.07145393310603167,-0.016974181409865192,0.04881694469372817,0.08003120997152068,0.07195372323139247,0.016062879775452836,0.057206235436688686,0.03581167576501692,0.07193827304755683,0.02204410153240314,-0.04368887456395338,-0.038982878639163554,0.004007703749281903,0.012705152157059684,-0.015776029014869904,0
2019-06-09,-0.22111484266289905,-0.2589756057084614,-0.2202691752285952,-0.006562289536223081,0.11328261578227629,0.019444220022263696,-0.06731825761032231,-0.10262020129207784,0.012308071995616177,-0.03904559402511622,-0.040761035420140077,-0.09544832261573385,-0.08438210234344758,-0.07647827365920083,-0.07074318329484969,-0.016291697705341033,0.049530216383368436,0.08080350671661685,0.07270040544727283,0.016819413802904536,0.05792829198012924,0.03651761049911657,0.07259941538500056,0.022642904861533936,-0.043028442377686264,-0.03833207283699085,0.004639553860228623,0.013329453739796195,-0.015141060707745225,-0.07853092481221383,1
2019-06-10,-0.2581901536167773,-0.21949344486107528,-0.0058823338100577665,0.1138966255965048,0.020094984501793516,-0.06663702319313378,-0.10189910175188126,0.012980777477145412,-0.03835686627015079,-0.04007497749250576,-0.0947421559717209,-0.0836840270937406,-0.07578208042496826,-0.0700348220183644,-0.015607921638644542,0.050180176750504506,0.08150035612625406,0.07347664378980065,0.017595295839402916,0.058662832146253056,0.03725046832430577,0.0732864568717109,0.023328918602032896,-0.04239919888509439,-0.03767422461562957,0.005269439718352496,0.01395681544238118,-0.014503370256950872,-0.07786583070687869,-0.046923457933294846,0
2019-06-11,-0.21872668938285095,-0.0052089582205680374,0.11451870339322037,0.020753500924290517,-0.06594530076830672,-0.10120154219861219,0.013646196307200027,-0.037659567661574286,-0.03938575266433795,-0.09403011193573486,-0.08298350970829113,-0.0750881317232805,-0.06934172837993371,-0.01492642189047493,0.050831448779900486,0.08213468180341918,0.07417725489769235,0.018401162875177676,0.05941655338446927,0.037995871519409814,0.0740001181253328,0.024041264162718172,-0.041680368909777235,-0.037047485762538315,0.005906255841826578,0.014582233035444649,-0.013862607092184984,-0.07719798126557621,-0.04627353714881443,-0.06294941309943358,1
2019-06-12,-0.004543676271936971,0.11513459587714259,0.021420331998026447,-0.06524569132499564,-0.10049337377898104,0.01428920853054975,-0.03696975725275296,-0.03868795462687284,-0.0933148330156641,-0.08227712619681346,-0.07439174211883087,-0.06865086995199483,-0.014259837920341233,0.05148057971406317,0.08277032842082457,0.07481516186722138,0.01913005038764937,0.060199934135037075,0.038760538238748025,0.07472621500863892,0.02478063573796953,-0.040934636232507725,-0.036331355931656734,0.006512608263573296,0.015214556939058241,-0.013223848180686283,-0.07652703074150835,-0.045620877746177076,-0.062291798975886464,-0.04345887826471496,0
2019-06-13,0.11574288963502992,0.022080672467077213,-0.06453753948080236,-0.09977726410349548,0.014942425793877733,-0.036302849940945334,-0.03799764888213708,-0.09259085741300262,-0.08156752261003092,-0.07368949462011529,-0.06795757154464402,-0.013595409432712412,0.05211521887032007,0.08340389894783448,0.0754543876517704,0.019794877664164975,0.06090736166300272,0.0395550252322906,0.07547142887815927,0.02553258992001585,-0.04016134152272429,-0.035588370371403055,0.007206760357082911,0.015816555048065378,-0.012578111434542169,-0.07585821994703375,-0.04496513154915296,-0.061631437757739764,-0.042810620668845625,-0.04572787905291467,1
2019-06-14,0.022733031524319425,-0.06383616011777402,-0.09905252057797367,0.01560340308922709,-0.03562556068834363,-0.03733025631697193,-0.0918745886363116,-0.08084924923670511,-0.07298403786652362,-0.06725842140759832,-0.012928548862733476,0.05274779861829205,0.08402318152320966,0.07609152245587306,0.02046100778057858,0.06155175814644507,0.04027305210114183,0.07624617730797668,0.026303857349343665,-0.03937527027919419,-0.03481786688259459,0.00792738584818299,0.016506012943742692,-0.011963112245241004,-0.07518227020686973,-0.04431145684699022,-0.06096798250056008,-0.042159626287303624,-0.04507853221199097,-0.032644087566319986,1
2019-06-15,-0.06314311550092577,-0.09833466271651911,0.016272708674698648,-0.03494043201652548,-0.03665247821857089,-0.09118176151641177,-0.08013863595781717,-0.07226993097870102,-0.06655607011883855,-0.012255889286300257,0.05338280093245697,0.08464045087530933,0.07671432261976133,0.021124934989146374,0.06219746959388236,0.04092753959561381,0.07694536650453947,0.027105042000863385,-0.038569626834384134,-0.034034602816494626,0.008675170285104174,0.017221862575236543,-0.01125963844244267,-0.07453798553536879,-0.043650724345189254,-0.06030663333534374,-0.041505546677562566,-0.04442644738527549,-0.03200102166423213,-0.020953405383820366,1
2019-06-16,-0.09762528147689775,0.01693550677519338,-0.0342468412005324,-0.03596685908878516,-0.09047836056543863,-0.07945134921812691,-0.07156345003967929,-0.06584508341299752,-0.011580097861426867,0.05402353872025151,0.08526013821897402,0.07733509898120546,0.021774176602936627,0.06284106307921901,0.04158333606584544,0.07758191975565731,0.02782946083864561,-0.03773356126934447,-0.03323178785604408,0.009435585422271625,0.017964794477871953,-0.01052952907860366,-0.0738029403101022,-0.043021189756481094,-0.05963818522695231,-0.04085353108328995,-0.04377127630464313,-0.03135522469662694,-0.020315951651554445,0.023483142698482066,1
2019-06-17,0.017590302304301954,-0.03355992353523859,-0.03527277509656176,-0.08976703408128195,-0.07875352966406766,-0.07088021152612417,-0.06514169708510124,-0.01089579688967638,0.054667324844306406,0.08588553049462973,0.0779582943820819,0.02242131489146306,0.06347023732186918,0.04223697261826535,0.07821979262512242,0.02849003375198279,-0.036975853524265856,-0.0323985923187535,0.010215378026734376,0.01872032934047564,-0.009772108508834755,-0.07304071029718456,-0.042302045962924445,-0.059001171893856334,-0.04019446658401657,-0.04311817413783632,-0.030706347389725212,-0.019675773037202745,0.024099264445989057,0.07693071682051908,0
2019-06-18,-0.03288121610460946,-0.03458536761932096,-0.08904710025694634,-0.07804780298375588,-0.07018647016814587,-0.06446149019189726,-0.010218877598028302,0.05531946883849166,0.08651393096038784,0.07858720171083718,0.023070880096161796,0.064097368591995,0.042876058373541796,0.07885558014253839,0.029151912029853764,-0.03628358819398328,-0.031643623609956796,0.011025213066975782,0.019495204628303682,-0.009002002152345562,-0.07225065339306189,-0.041555994008132514,-0.0582739655866969,-0.039566548791654325,-0.04245801724080857,-0.030059510751139596,-0.019032519368409953,0.024718087572218276,0.07752118079563428,0.02671900292907596,1
2019-06-19,-0.033906174593900336,-0.08833401928650468,-0.07733349999902994,-0.06948483513342867,-0.0637708028980503,-0.009564599004850252,0.05596449468894887,0.08715061638189847,0.0792191264256002,0.02372620981630513,0.0647269208003507,0.04351307134736001,0.0794770506678914,0.02981160508837732,-0.0355900363061674,-0.030953965955531577,0.011757887479488563,0.020300050128777922,-0.00821244477064358,-0.07144772413146348,-0.04078237489494279,-0.057519710860224754,-0.038849147996902825,-0.0418290405863233,-0.02940565297243432,-0.018391281129891662,0.025339965665033184,0.07811431787999938,0.027333571285869676,0.04765722784286379,0
2019-06-20,-0.08762937381008745,-0.0766260114564929,-0.06877464647140417,-0.06307223199948557,-0.008900031964176226,0.0565875290315693,0.08778031034746403,0.07985935279793105,0.024384626047389193,0.06536219761354838,0.04415250821198477,0.08009650138969615,0.030456668015390213,-0.03489880140624871,-0.03026302019611895,0.012426320041511568,0.02102796273003063,-0.007392701532909102,-0.0706250947135094,-0.03999597739350314,-0.05673775728285506,-0.03810486936268334,-0.04111049827772567,-0.028782782058988345,-0.017743051764816605,0.025959924257942073,0.07871048576959681,0.02795083930987555,0.04826174470119474,0.029479230692040538,1
2019-06-21,-0.07592691025860765,-0.0680712441850348,-0.06236512445596,-0.008227667460964469,0.05722062051333869,0.08838832488553569,0.08049255869512997,0.025051469482338395,0.06600050847627902,0.04479768939377153,0.08071837075484235,0.031099640184564913,-0.034222609805430106,-0.029574380582588305,0.013096053303974209,0.021691861850732602,-0.006650571144777086,-0.06977179369369185,-0.039190005214433374,-0.05594297767195575,-0.03733305204007939,-0.04036505827151838,-0.028070822087963923,-0.01712563647775019,0.026586759895174582,0.0793048495428115,0.028571160837673647,0.04886895015209921,0.030092473987840283,0.06421599533612864,1
2019-06-22,-0.06737619406169766,-0.06166478226972938,-0.007546911556365461,0.05786140565416258,0.08900628536770118,0.08110401367950648,0.025711074307097292,0.06664715126125625,0.04544593053640279,0.08134594940344152,0.03174503802510766,-0.03354860258212348,-0.02890075027241834,0.01376356866878311,0.022357064362121322,-0.005973136102760306,-0.06899763714041375,-0.038353606086846605,-0.05512855976186381,-0.03654846662944573,-0.039592060931524044,-0.027332078927789424,-0.016419557983564127,0.027183438222656425,0.07990595314405206,0.029189569851195293,0.049479199641523454,0.030708415490913476,0.06481256307619912,0.14628468822065685,0
2019-06-23,-0.06097276589985215,-0.006872741246991759,0.05851040717423188,0.08963188960828342,0.08172544007838925,0.02634839086916307,0.06728672098661592,0.046102550662002195,0.08197654196202213,0.03239619207039471,-0.03287216041441458,-0.02822929663666331,0.01441635143744109,0.023020067824686588,-0.005294405702580122,-0.06828971186421971,-0.037595580003410775,-0.05428359085650424,-0.035744320295243395,-0.038806288757744375,-0.026565885949242054,-0.015686798616289015,0.02786716109000714,0.08047768938596937,0.02981484760159596,0.050087581818463865,0.03132740924999843,0.06541181065058559,0.1468418584786692,0.12946081410609034,1
2019-06-24,-0.006206671420811481,0.059153039716869506,0.09026562609108373,0.08235452166596166,0.026995870304921368,0.06790441026350323,0.04675201596059255,0.08261542986493152,0.03305042170243169,-0.03218990013230109,-0.02755540881949822,0.015067020230790675,0.02366839779265275,-0.004617930629945345,-0.06758050932346019,-0.0369030116018421,-0.05351738613010752,-0.034909773829637024,-0.038000946652672375,-0.025786957035115306,-0.014926685498247893,0.028577175924778736,0.08113452326050016,0.030410015867974524,0.05070277897744501,0.03194449645363313,0.06601409477798402,0.14740166516325304,0.13002606074810835,0.13413136899314054,0
2019-06-25,0.05978784330841193,0.09089309772943252,0.08299175476823495,0.0276510908498762,0.06853211710879295,0.0473793993864298,0.08324730826187976,0.03371305869756659,-0.03150448288486354,-0.02687570798190187,0.01572011699520011,0.024314627177135395,-0.003956305516960917,-0.06687368888044307,-0.03620915682258954,-0.052817031322080495,-0.03415351585049358,-0.0371651868533009,-0.024988510131140552,-0.01415387120110939,0.029314179355164168,0.08181718133289226,0.031092110803207906,0.051288176117519936,0.03256844530779651,0.06661454734024481,0.14796447130111662,0.1305939527151755,0.1346943735121772,0.12929967086569127,0
2019-06-26,0.09151287094819097,0.08362269917328781,0.02831460777934438,0.0691674998551039,0.04801687214867573,0.0838574627672581,0.03436849155558614,-0.03081051047268516,-0.026192856874871624,0.016378985317811446,0.02496328320621684,-0.003296820972688651,-0.06618211589205367,-0.03551762029132307,-0.052115394757000125,-0.03346263075735972,-0.03640777091838307,-0.02415974680619468,-0.013361585325051882,0.030063751854470737,0.08252638879808195,0.03180046938583194,0.051959737220514585,0.03316232547386047,0.067221772373117,0.1485256230451191,0.13116485174087344,0.13526002088591474,0.12986499486531908,0.1272775831071353,0
2019-06-27,0.084245915259118,0.02897165671211145,0.06981106903899621,0.0486620530190341,0.08447757905939865,0.03500172107124817,-0.030123999001053992,-0.025501462764330688,0.017040949408877522,0.025617701937633734,-0.0026349058232783204,-0.0654927735407919,-0.03484113101023538,-0.05141610881369069,-0.032770458287628465,-0.03571578340344607,-0.023409008018319525,-0.012539073518176402,0.030832619523702726,0.08324800643217146,0.03253578997354724,0.05265737872096933,0.03384303176338413,0.06779944212420477,0.14909333656425458,0.13173406005304752,0.1358286732069258,0.13043296427522785,0.127843877819996,-0.02528088111389185,1
2019-06-28,0.029620752572354768,0.07044830630303789,0.049315474631067634,0.08510534621961793,0.03564508320326157,-0.029460323476607476,-0.024817508464357804,0.017711357517519163,0.026275204796708418,-0.00196720152974075,-0.0648009916631102,-0.034166827001934866,-0.05073197163035628,-0.03208059706713938,-0.03502250916611383,-0.022723377423608172,-0.011794300921679468,0.031631369168628555,0.08398870705425132,0.03328367000994799,0.05338181016768011,0.03454997754297145,0.06846267266051709,0.1496327077696418,0.13230987333239386,0.1363956448972855,0.13100394081661343,0.1284128190126596,-0.02464134995549131,0.02296072670944624,1
2019-06-29,0.07107776106795191,0.049962497113280054,0.08574125760959396,0.03629617286598442,-0.028786289937029343,-0.02415633806036951,0.018374497802367364,0.026941130531074803,-0.0012963783515251863,-0.06410336108004899,-0.033490087960555005,-0.05005004272092107,-0.031405761151879596,-0.03433155076159725,-0.02203645633416065,-0.011114350387988175,0.03235346413640308,0.08475887594826573,0.03405083237020777,0.05411873881358346,0.0352838626456139,0.06915183867307455,0.1502546502862458,0.13285709564261766,0.13696920956407213,0.13157322629659635,0.12898476825089905,-0.02399909162611803,0.023577099245333445,0.02832263807949896,0
2019-06-30,0.05060165284814132,0.08637088931862892,0.03695553601865273,-0.02810442771527531,-0.02348482818723044,0.019015277860272472,0.02759982517609092,-0.0006170691715163345,-0.06340253332065453,-0.03280753021273493,-0.04936567650014501,-0.03073310553689931,-0.03365563203435865,-0.02135182464716342,-0.010433105988883409,0.03301182462935183,0.08545369462446585,0.034847851659420476,0.05487486666052591,0.036030298990764875,0.06986765856102914,0.15090181001943664,0.13348750209865576,0.1375142522921252,0.13214911715745556,0.12955502206241873,-0.023353756286037693,0.024196173436258964,0.028936436603304656,-0.0573613813759178,1
2019-07-01,0.08699280401041788,0.03760845951029638,-0.027414121452976156,-0.02280549795473406,0.01966624643292352,0.028236250085112248,5.489923766693595e-05,-0.0626930773643571,-0.032121814721375944,-0.0486754763625464,-0.030058015381366862,-0.03298189686396309,-0.020682149763568997,-0.00975412737606219,0.03367149179973492,0.08608608695938515,0.035568295246966926,0.05566068936690734,0.036796006701925475,0.07059592641884176,0.15157494923257014,0.13414327301269094,0.13814230903409516,0.13269641466750942,0.13013188644613352,-0.022710445718459354,0.02481830282993201,0.02955293394612836,-0.05670644981464661,-0.030198349030585787,0
2019-07-02,0.03825346544840826,-0.02673046593524922,-0.022117737714723935,0.020324967621621986,0.02888283126671427,0.0007043277235365283,-0.06199120924103856,-0.031427542651864405,-0.04798209848777267,-0.029377109807658817,-0.032305726830452554,-0.020014639658420284,-0.009090031516844309,0.0343289829494198,0.08671980138183394,0.03622508355761911,0.0563704473969298,0.03759154997686723,0.07134332774091522,0.15226029242474895,0.1348251616560283,0.1387956893576812,0.1333269021932594,0.13068012759276434,-0.02206013291436822,0.0254385115958986,0.030172484067809688,-0.05604877411439565,-0.029556457217382422,-0.04750305378182688,1
2019-07-03,-0.026054992565931495,-0.021436610851173273,0.020992004596434074,0.029537150595153664,0.0013640087504462088,-0.06131248964937539,-0.030740733978684577,-0.04728012772194324,-0.028693050812746777,-0.03162373922523678,-0.019344696550157966,-0.008428083657122755,0.03497187281046833,0.08735144775220458,0.03688317947867433,0.05701706261474569,0.038310584917182984,0.07212029575151485,0.1529644432760543,0.13551930429590942,0.13947514903051395,0.1339827555873212,0.13131163241264068,-0.02144069814799501,0.026065598747390704,0.030790125137169142,-0.05538800690122091,-0.028911835632260897,-0.0468528547594918,-0.025857877877901392,0
2019-07-04,-0.020763644364966683,0.021652549561972705,0.03019976131329863,0.0020314711262719547,-0.0606233006679034,-0.030076767302223546,-0.046585683445642345,-0.028000443090006523,-0.03093859536806054,-0.018668948288137963,-0.007763704456243524,0.03561267844918763,0.08796883137552984,0.03753910591574268,0.05766499147990913,0.03896603213739423,0.07282160322456295,0.153697525574206,0.1362323213841441,0.14016684881429725,0.13466472803487184,0.1319685207980043,-0.020732442539772515,0.026662520867869945,0.03141463082638487,-0.05472933371647249,-0.028264134813456215,-0.046199916812440144,-0.025218069729349566,-0.07735353952349171,0
2019-07-05,0.022305111355040368,0.03085591021661313,0.002707297734448917,-0.05992623302300932,-0.02940244045516581,-0.04591423658867508,-0.027315285123761555,-0.030244897641770897,-0.017990060097213722,-0.007093531197341237,0.03625590911193243,0.08858420748668933,0.038180451560395304,0.058310793158070875,0.03962278776384207,0.0734601731625303,0.15435695033072264,0.13697440014216014,0.14087740450476244,0.13535895495804626,0.1326515448532637,-0.0199974681846856,0.02734650655799623,0.032009050733164464,-0.054063575934738456,-0.0276184693830661,-0.04554389180899133,-0.024575534104640077,-0.07668901062778959,-0.1027076090411182,1
2019-07-06,0.031504113796427057,0.00337657237341257,-0.059220637064629676,-0.028720283958631226,-0.045232374183620604,-0.026652935554114476,-0.029558658604892672,-0.01730264768348721,-0.0064202325945778025,0.036904891657561355,0.08920200102372806,0.0388197176269588,0.05894214666835768,0.04027737948219657,0.0741000615220971,0.15495564618981728,0.1376424107494529,0.141616985713207,0.13607205696929806,0.13334682939582823,-0.019235104518013333,0.02805678878769285,0.032690338894007166,-0.05342917033768429,-0.026965789091516455,-0.04488993955164517,-0.023929921208388067,-0.07602172701886235,-0.10203090879890363,-0.07648024712390955,1
2019-07-07,0.004037788679651783,-0.05852179615201654,-0.028029681790593883,-0.0445426572775157,-0.025980237785683025,-0.028895249969792793,-0.016622642449092184,-0.005738436258703684,0.037556944108971896,0.08982549571606381,0.039461408257535545,0.0595714506519596,0.040917407891658465,0.07473785614477298,0.15555568413269602,0.13824928069369272,0.1422826127620501,0.13681422189763873,0.1340609970539719,-0.01846002680662729,0.028794063905931054,0.03339787666733397,-0.052704775318920254,-0.026344059517426452,-0.04422892800666067,-0.023286334330268388,-0.07535134285941507,-0.10135144043319831,-0.0758161374565445,-0.05570836361956622,1
2019-07-08,-0.05783126813017527,-0.02734573238569876,-0.04384445279788798,-0.025299715740325416,-0.028221485295404292,-0.015965340727496752,-0.005064001076666513,0.0382173936055747,0.09045199363413979,0.04010884769981152,0.06020317622298139,0.041555360684623996,0.07536130748424989,0.1561537941243844,0.1388574878710287,0.14288721346003533,0.1374823147423405,0.13480424328090282,-0.0176654603366431,0.029543909646236873,0.034132363267958925,-0.051953380786919794,-0.02563332997541601,-0.04359912294114445,-0.022635743734308444,-0.07468309588780184,-0.10066886005548675,-0.07514927353785586,-0.055054225597647354,-0.04404887045133741,0
2019-07-09,-0.026669967659506133,-0.04315295294183018,-0.02461075708207561,-0.02753989282553243,-0.015297728177492875,-0.004412156029076447,0.038870656892289,0.09108676749157928,0.040759353010879636,0.06084063073303942,0.042195737649206776,0.07598273306286817,0.1567380806631246,0.13946373311152574,0.14349315273773902,0.13808926297999585,0.13547336807244587,-0.016840634439597057,0.030313052630411362,0.03487940454965053,-0.05117433332339812,-0.02489583864919401,-0.042879687558140284,-0.02201603970402766,-0.07400771299320796,-0.0999884716004016,-0.07447930946342515,-0.05439734431106229,-0.04340032962679988,-0.06319112796003235,0
2019-07-10,-0.04246970277192655,-0.023928439975493793,-0.026849857810159954,-0.014622308121143065,-0.0037500405500860826,0.039501760998245074,0.09171456555893233,0.04141824803506665,0.06148112498981153,0.04284186080573108,0.07660657787489981,0.15732045922938007,0.14005604833519023,0.14409713951351968,0.1386975484042863,0.13608129876618696,-0.016093653370746912,0.031112081633970397,0.035645721788917666,-0.05038247643960526,-0.024130917602335475,-0.0421333389413171,-0.021307493813933643,-0.07336397776562653,-0.09930088213067148,-0.07381148069155018,-0.053737372258811804,-0.04274905170453121,-0.0625333978000705,-0.14218510385436545,0
2019-07-11,-0.02325429349394385,-0.026166471689003854,-0.013938479728629164,-0.0030801356935817644,0.04014298198565739,0.09232072278977806,0.042069969588747265,0.06212996151618198,0.04349104638744687,0.07723613590988826,0.15790524536210349,0.1406464314400517,0.14468722585616936,0.13930387156621485,0.13669056606355137,-0.015411600280008398,0.03183444321011909,0.03644188354441551,-0.04957100344058981,-0.023353267891095774,-0.0413594184032957,-0.02057222412713849,-0.07262952487228698,-0.09864531505886315,-0.07313651823870368,-0.05307949066642506,-0.042094688287353355,-0.06187292041766133,-0.14148945224544893,-0.22909849028895585,1
2019-07-12,-0.02549126539682146,-0.013261257890825787,-0.0024018530677778096,0.04079192344248222,0.0929368122146466,0.04269956334362804,0.06277170700454582,0.04414861542793463,0.0778687130332294,0.15849566682562796,0.14123922450307544,0.1452753867833891,0.1398962636906155,0.1372978670137656,-0.01472825457156155,0.032493057525269944,0.037161508737101945,-0.048729022699714755,-0.02255610989936427,-0.04057271775388175,-0.0198095603873154,-0.07186789749569292,-0.09789810676166451,-0.07249319054568507,-0.05241452872085573,-0.041442390159329,-0.061209348886950274,-0.14079101163261884,-0.2283611154788731,-0.1932753083144356,0
2019-07-13,-0.012592162809094448,-0.0017301391653182046,0.04144912648326173,0.0935605392273579,0.04333926279848993,0.06339152775680605,0.044799021864762416,0.07850959490597655,0.1590890049903729,0.14183766886459476,0.14586595700480157,0.14048672346493377,0.1378912241183719,-0.014047183391265216,0.033152978367231266,0.03781751790198948,-0.04796566975443479,-0.02172865441757185,-0.03976644012589568,-0.01903418088736302,-0.0710784529029996,-0.09712350208410701,-0.0717591769978808,-0.051780894528509744,-0.04078304161161319,-0.060547883970020665,-0.14008944116170213,-0.2276209056946787,-0.19255513060009669,-0.22430577842934504,0
2019-07-14,-0.0010665045970173095,0.04209990459857761,0.09419238807813667,0.043986677704890655,0.06402138185726934,0.045427327271978964,0.07914345093156318,0.15969046194665337,0.1424390509164373,0.14646217409184278,0.14107959322032249,0.138482645970712,-0.01338102237518052,0.03381072213316989,0.03847483513964286,-0.04726802996001229,-0.02097916378133896,-0.03892973106310889,-0.018239310338188607,-0.07027613945320549,-0.09632087184462881,-0.07099799660981812,-0.05105733112808034,-0.04015484849084095,-0.05987931948935987,-0.13939014783809262,-0.22687752676258752,-0.19183213685923106,-0.22357070438430268,-0.2912400021389743,1
2019-07-15,0.04274278363150272,0.09481798496125839,0.044642345734653296,0.06465891894020291,0.046065728841243624,0.07975554281097143,0.16028521615515426,0.14304858988070765,0.1470613230423236,0.14167811442714937,0.13907647809158405,-0.01271701556956385,0.03445386130144379,0.039129986132788,-0.046569106797385657,-0.02029472147862847,-0.03817140919028281,-0.017414175895786487,-0.0694541305211666,-0.09550529737021923,-0.07020900618189362,-0.050306782681514305,-0.03943715087633794,-0.05924219335651883,-0.13868355214901404,-0.2261366126078861,-0.19110599016459107,-0.22283279790010815,-0.29047279598867976,-0.2681497352405025,0
2019-07-16,0.09543589956595236,0.0452915993102842,0.0653046544006869,0.0467118415817404,0.08037761081996583,0.16085900213451954,0.14365135986264393,0.1476686183223119,0.14227957352533827,0.13967596358307646,-0.012050576807592393,0.035094915497595476,0.039770566491082175,-0.04587252296823328,-0.019608987976022327,-0.037478559184977486,-0.016666900363955912,-0.06860145910065671,-0.09466992676024953,-0.06940714949317288,-0.04952859488701931,-0.03869257025879516,-0.0585148654447916,-0.1380095623317457,-0.2253881729544246,-0.19038223091165218,-0.22209172443459607,-0.2897027219964067,-0.2673936136870728,-0.3164511220078596,1
2019-07-17,0.04593296692942076,0.06594404316370568,0.047366200228611544,0.0810073361336207,0.16144248065611447,0.14423299845446735,0.14826916300765258,0.14288918990108634,0.14027838948864402,-0.011378339880350623,0.0357383947920397,0.04040906957289054,-0.045191052503976134,-0.01892553893526779,-0.03678442296909832,-0.01598456693227777,-0.06782790341102786,-0.09380369741204364,-0.06858560078909758,-0.04873760258668676,-0.037920446104636095,-0.057760486998279514,-0.13724249326271562,-0.22467362374495245,-0.18965103812903666,-0.22135310539988667,-0.28892945076472754,-0.26663463650456054,-0.31567181313473874,-0.28035763524299256,1
2019-07-18,0.06657563090374137,0.04801415335352323,0.08164521652969628,0.1620334892178082,0.14482438772321005,0.1488486215987673,0.14349203666008936,0.14088897725358043,-0.010702972210382265,0.036387626465197886,0.04104999699073821,-0.044511782293444525,-0.018257031206395095,-0.03609260617203789,-0.015300941049251978,-0.06712055018188631,-0.09301720259460365,-0.06773339635615364,-0.04792700073345952,-0.037135552108396315,-0.056978407714589875,-0.13644768230895785,-0.22386282933455406,-0.18895320632694326,-0.2206069731707769,-0.28815877846258064,-0.26587247252076046,-0.31488962308498264,-0.2795956532267675,-0.24770533638600217,0
2019-07-19,0.048654231718488344,0.08227680381292954,0.16263243828226234,0.1454233331209642,0.14943781472775647,0.1440737504661832,0.14149278744093705,-0.010019097001759316,0.03703992869589263,0.041696671698260156,-0.04383007556597074,-0.017590684745743258,-0.03541584029636684,-0.014619590859958963,-0.06641191934871356,-0.09229753078047973,-0.0669602863402249,-0.047085903933334304,-0.03633109484637334,-0.05618350167875062,-0.13562452138890396,-0.22302353237933886,-0.18816043423652334,-0.2198946605497983,-0.2873804211253742,-0.26511285761883546,-0.31410422439895563,-0.2788308091244616,-0.24695902926739227,-0.2543875826935181,1
2019-07-20,0.08290065724192358,0.16322535981040112,0.1460302630097655,0.15003455674309127,0.14466521550602476,0.14207544506481123,-0.009342599983978298,0.03770062915551196,0.0423464102739136,-0.04314254022532702,-0.016921905629665796,-0.034741260525342835,-0.013953154489625356,-0.06570566823486533,-0.0915765886724529,-0.06625335741088387,-0.04632339458470097,-0.035496232886191165,-0.05536895638413304,-0.13478829886704344,-0.2221551712513417,-0.18733947312335622,-0.21908627730953997,-0.28663687267821664,-0.2643456169616403,-0.3133214790686511,-0.2780627727022005,-0.24620987733314412,-0.2536380677295075,-0.22162872137110248,0
2019-07-21,0.16381088038655398,0.14663111091973624,0.15063927103767782,0.1452642369247639,0.14266786090973255,-0.008688735069287537,0.03835414134852327,0.04300453492903993,-0.0424518341190161,-0.016247323681103723,-0.034064245638843714,-0.01328887315788934,-0.06501465711798383,-0.09085807750111535,-0.06554515062572248,-0.045626557929186594,-0.03473967381201819,-0.054523858223286474,-0.13393212348761285,-0.22127349012741648,-0.18648974221264622,-0.2182494334699554,-0.2857948154332855,-0.2636128439223876,-0.3125309839786182,-0.27729731171643457,-0.245457547839643,-0.25288570441548724,-0.22089493246054584,-0.22656698196397698,0
2019-07-22,0.14722448963360257,0.1512379184674768,0.14587124325588088,0.14326783626921863,-0.008024584769657443,0.03898548929429149,0.04365549242707253,-0.04175254778346294,-0.01556960485488809,-0.0333814114958046,-0.012622159787772251,-0.06432587494839805,-0.09015496692162978,-0.06483932179576114,-0.044928437428867214,-0.03404850206395957,-0.053757530140776326,-0.1330447837997068,-0.22037151110780076,-0.18562679780858515,-0.21738356484146323,-0.2849237117852221,-0.2627824031826214,-0.3117756703967604,-0.27652419363397907,-0.2447077232923044,-0.2521301605214574,-0.22015831252678505,-0.2258308224169904,-0.2504863568251473,0
2019-07-23,0.1518291156467423,0.14647216708670344,0.14387580182810358,-0.007352638381863053,0.03962695592671798,0.044284337678649324,-0.04106076593770215,-0.014883367347622028,-0.03269541888613529,-0.011949647704751884,-0.06363465341977026,-0.08945412167864648,-0.06414872743125637,-0.04423265292278641,-0.03335604310941111,-0.05305705789262594,-0.1322381421434843,-0.2194376950383309,-0.1847436977235589,-0.21650439046580977,-0.284023033319554,-0.2619231181241796,-0.31092092966465007,-0.2757857236011504,-0.24395032547673112,-0.25137713599933603,-0.2194185268218893,-0.22509182923485666,-0.24973871466391637,-0.282143206309995,1
2019-07-24,0.14706562106776247,0.144477678343163,-0.006672302910000392,0.04027614383867152,0.04492328308886574,-0.04039192731753157,-0.014204527390965716,-0.032000868385018345,-0.011274004159156203,-0.06293758430323025,-0.08875083347226814,-0.06346036076066201,-0.04355197131124235,-0.03266589659593892,-0.05235530395711385,-0.13149928970534222,-0.21858669823766919,-0.1838290378732007,-0.21560493722108942,-0.2831088501107973,-0.26103444799126774,-0.31003692188338877,-0.27494914117692226,-0.24322709311269003,-0.25061652105360643,-0.21868118976852036,-0.22434966804921236,-0.24898822621611078,-0.281380367121545,-0.2664941183996283,0
2019-07-25,0.1450720768060915,-0.005998550165311489,0.04093359470050677,0.04556994146385146,-0.03971269245864852,-0.013548367227893864,-0.03131378356206622,-0.010589851767500076,-0.06223731947923749,-0.08804167361419561,-0.06276955485517356,-0.04287348758094455,-0.03199077912475796,-0.05165590113165716,-0.13075917835551545,-0.21780561786699915,-0.1829963229791121,-0.21467368402385653,-0.2821741223102848,-0.2601323417627964,-0.30912313211338305,-0.27408360759130207,-0.24240693776572297,-0.2498901703224195,-0.2179363463935767,-0.22360996617589501,-0.24823455895187233,-0.2806146649025906,-0.2657387916332543,-0.26944927750178527,1
2019-07-26,-0.0053328943086909655,0.041584618946326,0.046224848769278834,-0.03902561176411939,-0.012881904687632919,-0.030649546356858366,-0.009913079838286544,-0.0615284291261564,-0.08732928641747971,-0.06207290219062279,-0.04219256756869879,-0.03131784280063762,-0.05097164859721848,-0.1300215776902563,-0.21702330364365932,-0.18223264773984257,-0.2138251331229061,-0.28120707646190324,-0.2592097826087973,-0.3081957626474485,-0.2731885886133929,-0.24155811702807856,-0.24906665319756194,-0.2172252830600972,-0.22286274530297506,-0.24748340263751015,-0.2798457695565009,-0.26498061011348606,-0.2686925320966635,-0.24678526046501395,0
2019-07-27,0.04222774199063384,0.04687334680998153,-0.03833005810672963,-0.012207638433651854,-0.0299749469782675,-0.009258945607982358,-0.06082712197076097,-0.0866082162423777,-0.06137305490812003,-0.041505820512177535,-0.0306424718520914,-0.05028960468359813,-0.12929962767074063,-0.21624367567727837,-0.18146772831930272,-0.21304638134995083,-0.2803243665288134,-0.2582550841340345,-0.30724774850393977,-0.27228009724575,-0.24068007921680787,-0.24821441219945858,-0.21641824662311665,-0.22214937745857488,-0.2467246659151818,-0.2790794535016274,-0.2642192425408632,-0.26793293037510574,-0.24603939503340203,-0.2805785574274106,1
2019-07-28,0.047513965399152196,-0.037641190989886844,-0.01152497023821978,-0.029292517051415987,-0.008594523998933633,-0.06014895192852519,-0.08589482908236891,-0.060664584075305374,-0.04081590475225841,-0.029961284925402534,-0.049605123424274575,-0.12857999964745653,-0.21548024887360273,-0.1807054227898644,-0.21226639434248293,-0.27951309394406404,-0.257384158025801,-0.3062672211692792,-0.27135110448834326,-0.2397886660913222,-0.24733289921669802,-0.21558277301623247,-0.2213398566271984,-0.24600013574762222,-0.2783054757659562,-0.2634604204759419,-0.2671701412647928,-0.2452906852727981,-0.2798164693563979,-0.2760041686676954,0
2019-07-29,-0.03696055089198754,-0.01084890068302167,-0.028601639937630242,-0.007922305406967233,-0.05946031656492095,-0.0852048249238765,-0.05996369300207807,-0.04011741250863814,-0.02927694384144814,-0.048914808018714666,-0.1278579230486278,-0.2147192688078366,-0.17995909151597575,-0.21148908391029064,-0.278700605423391,-0.25658410412982496,-0.3053716450609184,-0.27038987791656477,-0.2388768812026848,-0.24643799105335626,-0.21471829661902564,-0.22050185540659503,-0.24517858129433745,-0.27756617247049464,-0.2626939769062262,-0.26640990404182874,-0.24453879836886802,-0.2790515190824543,-0.2752442765546388,-0.2802406764394772,1
2019-07-30,-0.01018094796303734,-0.027917417462574676,-0.007241696222296746,-0.058763804363675155,-0.08450426783334099,-0.05928593057266261,-0.0394264182469813,-0.0285840526928136,-0.04822131457442138,-0.12712993732964933,-0.21395582781085526,-0.17921515556508788,-0.21072794428334918,-0.2778909286907863,-0.25578282764050025,-0.30454812334502307,-0.26951272166139856,-0.2379331152404035,-0.24552268459896176,-0.21384052243356733,-0.2196348108157551,-0.24432833711107224,-0.276728691741556,-0.2619619764845822,-0.2656420377272714,-0.24378941442482507,-0.27828337638868594,-0.27448152465813536,-0.2794787505699044,-0.25993662814919555,1
2019-07-31,-0.02724138201728579,-0.00656767163197727,-0.058058766927376354,-0.08379579458841073,-0.05859770583952981,-0.03875835117964919,-0.02789861362343719,-0.04751922769137535,-0.1263986750207559,-0.21318639520342492,-0.1784687637756346,-0.20996924451561944,-0.277097846730637,-0.254984316294952,-0.30372339296211687,-0.2687067364077944,-0.23707262267182788,-0.24457534534789457,-0.21294248000671154,-0.21875445375517946,-0.24344885300128186,-0.2758622442240279,-0.26113236867072664,-0.2649086582377765,-0.24303245957466424,-0.27751780960834344,-0.273715582409692,-0.27871396267611265,-0.2591844493384598,-0.2535974609986582,0
2019-08-01,-0.005901746270247463,-0.05736048072679317,-0.083078729816795,-0.05790160562297679,-0.03807989358558708,-0.027235988672509717,-0.04682466824947435,-0.12565864028218124,-0.2124135775748122,-0.17771641437584576,-0.2092080844980099,-0.27630730069645865,-0.2542022534660969,-0.3029015252958734,-0.26789953208064404,-0.2362825019372533,-0.24371144257966726,-0.21201265834874333,-0.2178538088487677,-0.24255598530928277,-0.27496629664136824,-0.2602739310280423,-0.26407756371001134,-0.24230965657739464,-0.27674458516413636,-0.272952206199407,-0.27794598251523767,-0.25842941924271523,-0.25284832533647644,-0.26140251181992236,0
2019-08-02,-0.05667050264105328,-0.08236849832735488,-0.05719698245471145,-0.037393592719226404,-0.026563013484087142,-0.04615310857110145,-0.12492644397916146,-0.21163179058114992,-0.1769607246471042,-0.20844093741875855,-0.2755142848969824,-0.253422693423109,-0.302096412091515,-0.26709511755826054,-0.23549115271476634,-0.24291807519394046,-0.21116547364990929,-0.21692134648730155,-0.2416427348137375,-0.2740568713604592,-0.25938612191583793,-0.2632176134900645,-0.24148996411233084,-0.2760060120347665,-0.2721811840691148,-0.2771805775383653,-0.2576712060584758,-0.25209634174219586,-0.26064962930447794,-0.27572866570830346,1
2019-08-03,-0.08166667779863722,-0.05649910769616373,-0.03669882321204286,-0.025882213103832926,-0.04547113250939863,-0.12421801353755045,-0.21085818419568314,-0.17619614672437112,-0.20767041129760883,-0.2747152185079732,-0.2526406668973525,-0.3012938709971669,-0.2663072288784724,-0.23470252733664104,-0.2421234812469379,-0.21038802255789013,-0.2160716416098062,-0.24069748171843366,-0.2731269376012341,-0.25848488163023486,-0.26232826751672284,-0.240641614309032,-0.27516931846657855,-0.27144474564459775,-0.2764075157650724,-0.25691552422551767,-0.25134117792508587,-0.25989389472869,-0.27496890585180556,-0.26438885993635014,1
2019-08-04,-0.0558095375100487,-0.036010734896195766,-0.02519297456807242,-0.04478130157181627,-0.12349889374989971,-0.21010918657338307,-0.17543960837617606,-0.20689092667112305,-0.273912689571371,-0.25185261169724904,-0.30048885655348967,-0.2655218605058333,-0.23393022097860533,-0.24133162464299968,-0.20960933545950475,-0.21529179120343886,-0.2398355698913488,-0.27216475620666447,-0.25756319499175,-0.2614254815842733,-0.2397640549927856,-0.2743036718035025,-0.27061035341016604,-0.2756691003127655,-0.2561522377228515,-0.2505885317741562,-0.2591349764017442,-0.2742062863575798,-0.26363454380971735,-0.2563706841842356,1
2019-08-05,-0.03533086689401495,-0.02451037949321069,-0.044082982428714994,-0.12277179658979534,-0.20934919927690798,-0.1747073313714429,-0.2061196037842218,-0.2731010504644644,-0.25106112275647174,-0.2996777675921724,-0.26473402391494155,-0.23316038806379227,-0.24055612938508134,-0.20883331952851328,-0.21451070621451296,-0.23904409796395706,-0.2712866887079507,-0.25660938184758103,-0.26050223756723306,-0.23887312309771655,-0.2734085379327203,-0.26974704811558775,-0.27483257672945727,-0.25542329744913006,-0.24982829722810276,-0.258378592590654,-0.27344047663595716,-0.2628773740432028,-0.2556202172225429,-0.24669689159124691,0
2019-08-06,-0.02383595743661657,-0.04339136869137952,-0.12203600468377379,-0.20858109983071352,-0.1739641884790984,-0.20537284317989993,-0.2722978366130519,-0.25026057596518114,-0.2988631846304124,-0.26394014706307195,-0.23238809157260118,-0.23978311716102121,-0.20807345744606,-0.213732302368685,-0.2382513983504815,-0.2704798359127901,-0.255739300662404,-0.25954684417049717,-0.23796182309211217,-0.27249993101540104,-0.2688542932031184,-0.2739671030083725,-0.2545969886495171,-0.24910231521866313,-0.2576146003464833,-0.27267723235773245,-0.26211701917553065,-0.2548669008619392,-0.24595106858155008,-0.27850448797840327,1
2019-08-07,-0.04270800562068687,-0.12130717381017704,-0.20780407839183723,-0.17321298898832196,-0.20461510946255979,-0.2715198341844392,-0.2494683635244283,-0.2980394343729571,-0.2631428212402157,-0.23160978581103125,-0.23900764041063005,-0.20731603138059568,-0.2129700836507681,-0.2374614281992641,-0.26967176455890224,-0.2549400511681331,-0.2586752548573528,-0.23701854913458786,-0.27157082183127734,-0.2679480788438025,-0.27307214485610204,-0.25374190741178715,-0.24827919559690895,-0.25688497599688853,-0.271906342866801,-0.2613592052706927,-0.2541104030248509,-0.24520240128960122,-0.27774339557469113,-0.2768332766303938,0
2019-08-08,-0.12058691403323905,-0.2070342992394731,-0.17245296116940192,-0.2038492710275959,-0.2707306273524234,-0.2487011385728862,-0.29722420862561943,-0.26233640990520063,-0.23082807181477888,-0.23822614804767828,-0.206556145445824,-0.21221030803743549,-0.236687794683362,-0.2688664866167858,-0.25413957860316333,-0.2578745695628641,-0.23615852611508914,-0.27060947712276345,-0.26702138037758333,-0.27216371466181716,-0.25285750859039147,-0.24742735901700066,-0.25605792972441277,-0.27117003300973536,-0.2605937752659037,-0.2533564288408239,-0.24445055689427403,-0.27697944206506414,-0.27607298649995765,-0.2880301327536059,0
2019-08-09,-0.20627344373796552,-0.1717000597122008,-0.20307452313114138,-0.2699332120073615,-0.24792278900607365,-0.2964344388030868,-0.2615383809824725,-0.23003734629258277,-0.23744123911341758,-0.2057902749902301,-0.21144807185276876,-0.23591663860211787,-0.2680777458272274,-0.2533418678374839,-0.25707266204971296,-0.23536885241066155,-0.2697322081227624,-0.26606248179441483,-0.27123478354208413,-0.2519596980910626,-0.2465462569452214,-0.2552020981845052,-0.2703357793783594,-0.25986275729365216,-0.25259485914195956,-0.2437012152680617,-0.2762122970732102,-0.27530983614754323,-0.2872644675169908,-0.31484748685743685,1
2019-08-10,-0.17095593659322142,-0.2023070020118528,-0.2691267121922584,-0.24713626673247177,-0.2956333774604371,-0.2607654579433797,-0.2292548746325873,-0.2366473035120399,-0.20502102883257653,-0.21067984646033103,-0.23514301854914377,-0.2672915279075433,-0.2525605951016763,-0.2562735223055235,-0.2345779499530437,-0.26892611553141105,-0.26518754727570004,-0.2702736195132832,-0.25104146727148285,-0.2456517620418984,-0.2543169370151047,-0.2694726150980202,-0.2590342086163549,-0.2518675829677029,-0.24294430296260153,-0.27544772351724606,-0.2745434950683847,-0.2864959361361602,-0.31406894781730404,-0.3112659483853415,1
2019-08-11,-0.20154838510233405,-0.2683276557552935,-0.2463407203614441,-0.29482406850966125,-0.2599813681047684,-0.22849719218832096,-0.23586164808045443,-0.20424283023547887,-0.2099082392049661,-0.23436338658629866,-0.26650284151576836,-0.2517818227755264,-0.25549083930944105,-0.23378976948115637,-0.2681188039302102,-0.26438367720711337,-0.26939652294655897,-0.25009116070359033,-0.24473687198423286,-0.2534183598096884,-0.2685800034637219,-0.2581768485353087,-0.251043068162359,-0.2422215412039484,-0.274675497622189,-0.2737797218172768,-0.28572420896696765,-0.3132875284487301,-0.31048912868047207,-0.30296447242026736,0
2019-08-12,-0.26753777503911086,-0.2455525426478216,-0.29400560917097296,-0.25918908662848217,-0.2277284557741523,-0.23510084667023257,-0.20347278283855733,-0.20912766832064758,-0.23358034291922988,-0.2657081131683137,-0.2510005842019715,-0.25471066096438266,-0.23301790220151758,-0.26731428258005774,-0.2635785868097816,-0.268590594518821,-0.2492244260503936,-0.24378995524572533,-0.25249935646459837,-0.26767393320164945,-0.25729013428460057,-0.25018981212779895,-0.24140189319646851,-0.27393789238740585,-0.2730083005175875,-0.2849550737977872,-0.31250290116881985,-0.3097094305415075,-0.3021916378800069,-0.30710481406471424,0
2019-08-13,-0.2447734469919582,-0.2931946747942938,-0.25838774913557,-0.22695157835648297,-0.23432896819968868,-0.20272727176163108,-0.20835526807813246,-0.23278828142475674,-0.26490993362223236,-0.250213318525431,-0.25392801595181164,-0.23224850704457048,-0.26652628847184096,-0.2627762774228461,-0.267783446983815,-0.24842836259301768,-0.24292645570608382,-0.25154826602472014,-0.2667473799263949,-0.25638999511944227,-0.24930726781254256,-0.24055358862415202,-0.2731022422648642,-0.2722714751778159,-0.2841782618342653,-0.3117209237826775,-0.3089265261102665,-0.30141592929646516,-0.3063299919329628,-0.31667724236132294,0
2019-08-14,-0.2923930184044172,-0.25759381980516005,-0.22616573029602455,-0.23354893836343274,-0.2019707968222242,-0.20760745204775796,-0.23200448474119018,-0.2641026645181011,-0.24942262117372854,-0.2531393410314861,-0.23147664844204405,-0.26574081498784985,-0.2619904663032693,-0.2669790890173092,-0.24763107417427616,-0.24213347221065276,-0.25068078327638393,-0.2657886286666848,-0.2554694179590839,-0.24841132242092998,-0.23967607526505486,-0.2722376571995502,-0.2714366658266409,-0.2834362113192062,-0.31093120075382963,-0.3081462638409078,-0.3006370181733878,-0.30555229356802205,-0.31589782493800767,-0.4032163606246638,1
2019-08-15,-0.2568090220524575,-0.22538718473433936,-0.23275992041275392,-0.20120622131652685,-0.20684865509080427,-0.23124550424419243,-0.26330378485593986,-0.24862286972294304,-0.25234723074920584,-0.23069878144239137,-0.2649528732541996,-0.2612071692425667,-0.2661912561525715,-0.24683653430814012,-0.24133926192613667,-0.2498840076014857,-0.2649138347474111,-0.2545167305885114,-0.24749497086553487,-0.2387851895898563,-0.2713436019700939,-0.27057293615902234,-0.28259576893063243,-0.31017663553157077,-0.3073582651237501,-0.2998607312908265,-0.30477139079187493,-0.3151155262184576,-0.4023953996694697,-0.39921636954443546,0
2019-08-16,-0.22461763830005085,-0.2319782265847795,-0.20043274334886543,-0.20608174990976086,-0.23047546016751055,-0.26253002839420553,-0.24783144610463392,-0.2515460596718045,-0.2299175073559231,-0.26415889104989226,-0.26042140458250346,-0.2654059434271188,-0.24605839093616133,-0.2405477873885723,-0.24908600738786796,-0.2641100985353091,-0.25364772379529,-0.24654657116353665,-0.23787393615493874,-0.2704360798603239,-0.26967975006035877,-0.2817263082314865,-0.3093227015738511,-0.30660537127835896,-0.2990767292728984,-0.3039931211944833,-0.3143300187604174,-0.4015715116458004,-0.39839732880474954,-0.40678230458962367,1
2019-08-17,-0.23120555898996864,-0.1996664834953403,-0.2053059293550054,-0.22969727077477795,-0.2617450989629339,-0.24706499391906367,-0.2507532280611586,-0.22912722382829337,-0.2633614595989805,-0.2596296037933778,-0.26461816250004033,-0.24528273856225974,-0.23977266919232812,-0.24829075868806466,-0.2633051419150285,-0.25284949716660965,-0.24568165634461533,-0.2369307094521086,-0.2695080637176137,-0.2687731020499048,-0.2808272990916799,-0.308439514601887,-0.30575323916036434,-0.29832770943165504,-0.3032071258321993,-0.3135471651462521,-0.40074437576302135,-0.3975753631122624,-0.4059596317853864,-0.3970357376300031,1
2019-08-18,-0.19890911699240968,-0.20453734289473216,-0.22891010346790341,-0.26095197512508833,-0.24628742283918656,-0.2499853965429196,-0.22834519054058222,-0.2625549421353266,-0.2588343594645566,-0.2638243414229907,-0.2445046208731707,-0.23900003289592692,-0.2475119157674535,-0.26250296574860493,-0.2520500468602387,-0.24488732544475822,-0.23607073153054384,-0.26854782810456895,-0.2678459666410654,-0.27991479475174946,-0.3075265588189717,-0.3048718853735082,-0.29747975371139757,-0.30245617384048396,-0.3127565611918382,-0.39992008054622336,-0.3967501513688897,-0.4051340300265763,-0.39621774371345647,-0.35304623208558195,1
2019-08-19,-0.20377766981654188,-0.22813024765926004,-0.26014979060200055,-0.24550168161989808,-0.24920643591885785,-0.22758793754553724,-0.26175680795371664,-0.2580300394880125,-0.26302707152086974,-0.24372048230487073,-0.23822493218551896,-0.24673556594881627,-0.2617172861044803,-0.251253354100358,-0.24409176855539647,-0.23528110076121508,-0.2676716175796056,-0.26688662469767804,-0.2789817585629484,-0.3066000281077462,-0.30396079220681727,-0.2966026489762356,-0.3016061351516619,-0.31200114208763824,-0.3990878128167469,-0.39592777165624987,-0.4043051787966462,-0.39539682599748766,-0.35224935554881215,-0.35127365644119224,0
2019-08-20,-0.2273594022589043,-0.2593550200195717,-0.24470692063201718,-0.24841930057279651,-0.226819633759901,-0.26098378179828535,-0.25723408478442605,-0.26222071637160466,-0.2429329202423923,-0.23744381661246222,-0.24595675060660052,-0.2609341201238167,-0.2504730860354586,-0.24329895301513182,-0.23449024121321746,-0.26686653270028055,-0.2660112670542301,-0.27801642917184044,-0.30565285908523016,-0.3030361347597559,-0.2956958730782101,-0.3007269112119449,-0.3111462875964161,-0.3982920089780129,-0.39509742970013423,-0.403479175930917,-0.3945726632164034,-0.35144957847953423,-0.35047763083813044,-0.37082397021992997,0
2019-08-21,-0.2585693882578147,-0.24391952294392022,-0.24762313773148095,-0.226043190397533,-0.26019958807994176,-0.25646319374376786,-0.26142274317416686,-0.2421363189393217,-0.23665928545383533,-0.24517191299389002,-0.26014848658295814,-0.24969531535866307,-0.24252251138202466,-0.23370210347243772,-0.2660602282131067,-0.2652069941533924,-0.27713535735488043,-0.30467318928428444,-0.3020908532197809,-0.2947755575801617,-0.2998179820863101,-0.31026216407705287,-0.39739361743636614,-0.394303492515246,-0.40264519139763866,-0.39375132775846716,-0.35064657623090745,-0.34967870564011055,-0.37001855939201256,-0.3956322319878176,1
2019-08-22,-0.2431412005977623,-0.2468343477529247,-0.2252577787980384,-0.2594072023813374,-0.2556811509469413,-0.26064987472607676,-0.24134801965229288,-0.235865729418413,-0.24438365005819623,-0.2593568171745196,-0.24891507873374766,-0.2417485556290048,-0.23293027836417035,-0.2652567097871856,-0.2644015011628593,-0.27632564432445744,-0.30377843157078366,-0.3011130986237932,-0.29383465094529293,-0.298895501051387,-0.3093482567108124,-0.396465199482059,-0.3934071133330599,-0.4018477234594399,-0.39292203565540523,-0.34984630634014313,-0.3488765560640472,-0.3692102386285919,-0.3948149118310984,-0.3834607191686434,1
2019-08-23,-0.24605464510357195,-0.2244796667199263,-0.25860576008847624,-0.25489092326339435,-0.2598658398826179,-0.24058462820227525,-0.23508045044212247,-0.2435863445603927,-0.2585617045700969,-0.24812881700396686,-0.24097213506773474,-0.23216092525176407,-0.2644697054658635,-0.26359879085759075,-0.2755147144326357,-0.302955689000653,-0.30022016870302676,-0.2928613355108697,-0.2979524124428695,-0.30842076897638565,-0.395506286549919,-0.39248074274586525,-0.40094753792352406,-0.39212911609402357,-0.34903819273879116,-0.3480771350191802,-0.36839868464927034,-0.3939946686172988,-0.3826492420068722,-0.3689032467577541,0
2019-08-24,-0.22371055003702828,-0.2578117266730276,-0.25409165094594666,-0.2590736135828531,-0.23981014051727742,-0.23432001782445236,-0.24279734684972454,-0.2577575169422084,-0.24733912622549922,-0.2401896970117241,-0.23138910870634102,-0.2636852187919771,-0.26281258407132296,-0.2747065898446747,-0.3021317373011486,-0.29939916626719704,-0.2919726421430739,-0.2969768829870398,-0.30747263566670774,-0.39453353596817325,-0.39152391005056814,-0.400017294766047,-0.39123383396809963,-0.3482658015181107,-0.34726987481447025,-0.3675899014066918,-0.3931711809728483,-0.3818348482257729,-0.3680987579826376,-0.3792787921718354,0
2019-08-25,-0.2570268257314318,-0.2532997727030647,-0.25827233157226676,-0.23902749286161948,-0.23354851087671596,-0.24203327119247278,-0.25696169350263925,-0.24654038611821316,-0.23940383991032985,-0.23061128384766344,-0.26289826416328277,-0.2620288925338993,-0.27391503969757675,-0.3013106450788284,-0.2985769536693584,-0.29115567308094314,-0.296086076648398,-0.30649198741562383,-0.39353979625886604,-0.3905532515976674,-0.39905652732776775,-0.3903085795219105,-0.34739265011595055,-0.3464983107919203,-0.36677322881262514,-0.39235051762163425,-0.3810172155162411,-0.3672913602879262,-0.37846932256480936,-0.38568553551995954,1
2019-08-26,-0.2525170083785515,-0.2574784573457009,-0.23823584258281133,-0.23276885378851536,-0.24125809423489789,-0.25619093105412083,-0.24574996555513076,-0.23860895164834717,-0.22983005201241738,-0.26210527103244985,-0.2612427332792484,-0.2731260208695128,-0.3005062971608284,-0.29775759331369317,-0.29033749146330784,-0.29526709595060585,-0.3055962959096086,-0.3925128717637466,-0.38956161989680055,-0.39808191163830575,-0.3893528808868545,-0.34648991138670715,-0.3456260511565906,-0.3659925413526303,-0.3915219012285235,-0.3802023808238788,-0.3664807302455905,-0.37765693855035853,-0.3848729903240915,-0.3838661763541636,0
2019-08-27,-0.25669371422241233,-0.23745153438356995,-0.2319802106517716,-0.24047475503350565,-0.2554090178014311,-0.24498449600760952,-0.23782235136350488,-0.2290398109362432,-0.26130883124257687,-0.2604505371086211,-0.2723345327324683,-0.29970451905123546,-0.29695495457657156,-0.2895221453181625,-0.2944469038910595,-0.30477266433037203,-0.39157301611630646,-0.3885368343715145,-0.39708629266481393,-0.3883833629772293,-0.345557089950199,-0.3447242197076401,-0.3651104461306448,-0.3907296366334035,-0.3793796243376223,-0.3656728667935077,-0.37684131749794486,-0.38405752733214626,-0.3830545045506645,-0.3869071052455654,0
2019-08-28,-0.23667627492655943,-0.2311988890808769,-0.23968240937621277,-0.2546189200892455,-0.24420791484047605,-0.23706062433250355,-0.22825781975208476,-0.26050331013955574,-0.2596548963639209,-0.2715369970524077,-0.2989002678202873,-0.29615488050748523,-0.28872346820928874,-0.2936295556678433,-0.30394782414932003,-0.39070733844731365,-0.38759902006878993,-0.3960574613038002,-0.3873928804765453,-0.3446105800202372,-0.34379232011747823,-0.36419860799201237,-0.3898350605985184,-0.3785930397554715,-0.36485711892102235,-0.37602848543468625,-0.38323882440602464,-0.38223991591338297,-0.3860939736291068,-0.4185327657161423,0
2019-08-29,-0.23042659053810757,-0.23889741054212613,-0.25381977846349885,-0.24342316679857193,-0.23628781338859742,-0.2275006080035752,-0.25970616415309505,-0.2588501780928382,-0.27073600282931787,-0.2980899435937241,-0.2953523338261978,-0.2879273438538294,-0.29282890270618345,-0.303125847141713,-0.38984047712761055,-0.38673528584441913,-0.39511578582208456,-0.38636926103033015,-0.34364328013349266,-0.3428467373037427,-0.3632565410584249,-0.38891052452675473,-0.3777045870989844,-0.3640773277944856,-0.3752077423138212,-0.38242292430004343,-0.38142208816437917,-0.3852779235704588,-0.41770445204490525,-0.4195853949477814,0
2019-08-30,-0.2381214663964596,-0.25302803002078283,-0.24262940449255743,-0.2355068480037683,-0.22673234576983187,-0.258934106078112,-0.25805382835886004,-0.26992590570910485,-0.29727612736737874,-0.29454371754856656,-0.28712874806631283,-0.2920308084403272,-0.30232062602825704,-0.38897665379769036,-0.38587036681605386,-0.39424837559557296,-0.3854325595854461,-0.3426431837960684,-0.34188037157018614,-0.3623007327780408,-0.38795555579936286,-0.3767862809298769,-0.3631961988711625,-0.37442310928855005,-0.3815990966883828,-0.3806070593078527,-0.3844586330254151,-0.41687320320404553,-0.4187565759566738,-0.42173483784794297,1
2019-08-31,-0.25224539437888943,-0.2418429986736531,-0.23471688931943016,-0.22595594409639114,-0.25815088760713806,-0.2572825503286492,-0.26912422120732815,-0.2964531474789841,-0.2937316137394035,-0.2863240905614602,-0.2912302421538197,-0.3015179773493487,-0.3881301345082359,-0.38500847769715124,-0.3933797827464901,-0.38456988484777954,-0.34172893183741737,-0.34088122310633323,-0.36132406396489475,-0.38698677197003417,-0.3758376421239504,-0.36228534384123456,-0.37353676052184354,-0.38081147386341724,-0.37978410761649917,-0.3836421479376572,-0.4160386995801869,-0.4179248212391872,-0.4209049870061367,-0.4139739714635624,0
2019-09-01,-0.24106565965694798,-0.2339342611751669,-0.2251705744168761,-0.2573594803721791,-0.2565001176772977,-0.2683477169984568,-0.29563868578729446,-0.2929103543835301,-0.2855159558818181,-0.2904236102203396,-0.30071285528896574,-0.38728631185784185,-0.38416386728242236,-0.39251423509069855,-0.38370602467739506,-0.340887629939405,-0.33996787575918064,-0.36031446109487786,-0.3859970291214345,-0.3748752244020818,-0.36134427579980233,-0.3726205948424593,-0.379921901921876,-0.3789973338218728,-0.3828177322080762,-0.4152070696876226,-0.4170898112628532,-0.4200721993010688,-0.41314784626406126,-0.41696291866451274,1
2019-09-02,-0.23316066730829124,-0.2243925039727795,-0.2565590219658974,-0.2557094988535216,-0.2675600194778464,-0.29484966446806576,-0.2920975991240657,-0.28469868446562024,-0.28961349594666896,-0.2999016584963298,-0.3864400035235089,-0.38332194776580164,-0.39166601406237245,-0.3828451900114123,-0.3400451299255459,-0.3391274350887396,-0.3593911364930461,-0.3849741601909504,-0.37389189598072464,-0.36038947212189804,-0.37167413089103574,-0.3790024569962719,-0.37810867718353003,-0.38202953931988287,-0.41436742796047543,-0.4162576772902473,-0.4192361553654827,-0.4123187883061732,-0.4161353586061198,-0.40977385087509655,1
2019-09-03,-0.22362342856543876,-0.255765965725283,-0.2549098332280302,-0.26676411842175946,-0.2940493571700616,-0.29131024950265366,-0.28388988446343266,-0.28879423555492223,-0.2990869674211483,-0.38558753832184506,-0.3824775431338836,-0.39082049479109665,-0.3820016202372908,-0.339205566553567,-0.3382857957913798,-0.35854119706338033,-0.38403817500737003,-0.37287553568944093,-0.3594138155363266,-0.3707139004565692,-0.3780526611515296,-0.377190163484033,-0.3811393528176226,-0.41356447649918593,-0.41541752878063676,-0.4184029920738782,-0.4114864776261214,-0.415304864208427,-0.4089497419642642,-0.40374657386726714,0
2019-09-04,-0.25498203354529625,-0.2541175643601205,-0.2659591412882675,-0.29324080475070075,-0.2905116262784282,-0.2831064095900805,-0.2879834628774554,-0.2982631085379097,-0.38473147087329707,-0.3816269854310633,-0.3899724893289447,-0.3811607382315445,-0.33838298944008854,-0.3374470895551474,-0.35769006464357533,-0.3831761821800972,-0.3719457620830558,-0.35840523976098604,-0.36973277592447806,-0.3770890797764503,-0.3762413138158923,-0.38021928264020377,-0.41265837941218375,-0.414614086094651,-0.41756180872699056,-0.4106570308357621,-0.4144711157373958,-0.40812270251657123,-0.40292535838058263,-0.412152013213244,0
2019-09-05,-0.2533344127737611,-0.2651615971456889,-0.2924231061363477,-0.28970476348676566,-0.28231168979956267,-0.28719805548260685,-0.2974477750550107,-0.3838660395293708,-0.3807728304716615,-0.38911832361499155,-0.3803173714205012,-0.3375630369594323,-0.336625358349767,-0.3568419047781851,-0.3823130035154453,-0.37108968293425276,-0.3574828953760126,-0.36871865189210395,-0.37610457886956683,-0.3752786840263826,-0.3792688515054574,-0.4117221218643782,-0.4137074594393697,-0.4167573629723041,-0.40981958391464146,-0.4136402376086467,-0.40729241224540874,-0.4021012155449828,-0.4113267626538151,-0.42140215502905454,0
2019-09-06,-0.264373215703425,-0.29161292729459676,-0.28888876386452605,-0.2815087433147713,-0.2864013888636932,-0.2966578996898727,-0.3830094742849539,-0.37990932068038413,-0.3882605512053594,-0.37946785360821356,-0.3367406059270592,-0.335806249233135,-0.3560108437770376,-0.38145284751999503,-0.37023241443875937,-0.35663388915334854,-0.36779101247912205,-0.37508702887186507,-0.3742951419277566,-0.3783046312086386,-0.4107552434769328,-0.412770663110745,-0.4158496549516726,-0.4090187598808019,-0.412801351675593,-0.40646497679664767,-0.4012738246105865,-0.41049858029966885,-0.42057246389328146,-0.43181408762645196,1
2019-09-07,-0.2908120199346861,-0.2880802724249325,-0.28069668170473083,-0.285596489130046,-0.29585673202326174,-0.38217920643033565,-0.3790546612408981,-0.3873934068203452,-0.3786147412598538,-0.33591206564428855,-0.3349846618167769,-0.3551824329240555,-0.3806099475264789,-0.36937814402498237,-0.35578368938675903,-0.36693696517073277,-0.3741561198586726,-0.3732785648208172,-0.3773194865304966,-0.4097744819040996,-0.4118032372925516,-0.41491175844591854,-0.4081149562821,-0.4119991328061962,-0.4056295520001216,-0.4004492754868046,-0.40966714604698795,-0.4197398360702092,-0.43097939819092196,-0.41011952911659777,1
2019-09-08,-0.2872810379390785,-0.2798921014135339,-0.2847824634456682,-0.2950473163978779,-0.38133734723938806,-0.3782262603985729,-0.38653514257374183,-0.3777522790206702,-0.3350799857058046,-0.3341569668323891,-0.3543515409920603,-0.3797697332869689,-0.36854105251771685,-0.3549364582945605,-0.3660817273099129,-0.3732989597556158,-0.37234858429449996,-0.37630128330614004,-0.4087726703989906,-0.41082192515949595,-0.4139432147876543,-0.40718103212085405,-0.41109382549509677,-0.4048306880134651,-0.3996167524891243,-0.4088385717507254,-0.4189039521670104,-0.430141766561017,-0.40929525426121527,-0.40388952351600815,0
2019-09-09,-0.27909674440209004,-0.2839759324783924,-0.2942287497933595,-0.3804871058927825,-0.3773862820418382,-0.3857032103001072,-0.3768986585482647,-0.3342386555514703,-0.33332573440371527,-0.35351452293665175,-0.37892703444168524,-0.36770662929540016,-0.3541063139005749,-0.3652294790829632,-0.37244061094733155,-0.3714923081493609,-0.3753697508803313,-0.4077375555534957,-0.40981955891532373,-0.41296077842421863,-0.4062165245816364,-0.41015837146238926,-0.4039289974575757,-0.3988207012186915,-0.40800200200122655,-0.41807094818959184,-0.4293008741441978,-0.40846804868613623,-0.4030682394056375,-0.4130434992044839,0
2019-09-10,-0.28317864158569145,-0.2934177088825819,-0.37962748729885226,-0.37653792773226297,-0.3848596743680679,-0.3760712755248569,-0.3334059939799444,-0.33248525577563603,-0.35267394304640703,-0.3780781859272374,-0.3668697231976209,-0.3532788168980531,-0.36439438327383505,-0.3715852647150808,-0.3706348427744337,-0.37451199726267265,-0.406789883372976,-0.4087838811830306,-0.4119572794165765,-0.4052381474103588,-0.4091923094901831,-0.4029972230983141,-0.39792204293154115,-0.4072020282106267,-0.41722992501098893,-0.4284628841306144,-0.40763759213132134,-0.40224402787074265,-0.4122178206827943,-0.41535928351408985,0
2019-09-11,-0.29261594687583814,-0.3787756744416082,-0.37568020663387885,-0.38400775075063354,-0.37523232252218636,-0.3325991432392269,-0.3316534387518443,-0.3518240726580775,-0.3772257446277008,-0.36602667898277297,-0.3524488390895697,-0.36356194974758155,-0.37074711148152223,-0.36978037630028066,-0.3736530552919915,-0.4059167640411127,-0.4078356718065331,-0.4109204522833398,-0.4042387384047978,-0.40821236899975555,-0.40203489987536545,-0.39699335359133997,-0.4062991412226993,-0.41642563450756453,-0.42761684818522566,-0.40680999114516386,-0.40141656817243004,-0.4113892098948628,-0.4145324932886849,-0.4224157979928551,0
2019-09-12,-0.3779334915244198,-0.3748302783281008,-0.3831464405622333,-0.3743849969481981,-0.33178087452444066,-0.3308474153681013,-0.35098294084241477,-0.3763639566175169,-0.3651800571677533,-0.3516127369806494,-0.3627270339403713,-0.3699116297260607,-0.36894309130084024,-0.3727971183650181,-0.4050424654745911,-0.40696204104187456,-0.40997114596591966,-0.40320606134558473,-0.40721138480920016,-0.40105871950734556,-0.3960341649163046,-0.4053661496178834,-0.4155180938566607,-0.42680769880246006,-0.4059743999237795,-0.4005919505933338,-0.41055734680539413,-0.41370276957217433,-0.4215856202527622,-0.4253917497711926,1
2019-09-13,-0.3739899637368727,-0.3822929476500111,-0.3735283102869571,-0.33095430145320587,-0.33002998013540297,-0.3501677922692836,-0.3755110048485959,-0.3643241162212828,-0.35077307543314606,-0.361885983985198,-0.369073664778855,-0.3681084751682775,-0.3719583821742659,-0.40417123583828607,-0.40608723134605346,-0.4090964708681212,-0.4022607156878923,-0.40617710942944885,-0.4000615239791332,-0.3950611370153358,-0.4044025896069483,-0.414580367632252,-0.4258949200021088,-0.4051753746213585,-0.3997593587733437,-0.4097283455968988,-0.4128697925072599,-0.4207525052892344,-0.42456014341072484,-0.4234684272244941,1
2019-09-14,-0.3814490991426878,-0.3726794093617378,-0.33011848231121027,-0.32920424329500286,-0.3493411642913287,-0.3746842769172207,-0.36347696359758,-0.3499241277396883,-0.36104136164713496,-0.3682295596029869,-0.3672713761026121,-0.37112231921485794,-0.40331740725789095,-0.4052154927068491,-0.40822061745889116,-0.4013898113020115,-0.4052302384004614,-0.3990310929077373,-0.39406711788190785,-0.4034251653806482,-0.4136119969891377,-0.4249518645037217,-0.4042735101578614,-0.39896324079338424,-0.4088913466464495,-0.41203968232267296,-0.41991613378735565,-0.42372559825278283,-0.4226377441645306,-0.40887196854576635,1
2019-09-15,-0.3718401133055849,-0.3292903065539975,-0.32836926501847996,-0.3485062043888482,-0.3738459838563793,-0.3626559167698881,-0.34908391105712744,-0.3601874296533688,-0.3673818740513142,-0.3664281385350549,-0.3702837728900467,-0.40246629729929273,-0.40436116179099985,-0.40734783944833425,-0.40051772636707306,-0.4043578817980015,-0.39808789072831685,-0.39303990985862336,-0.4024267165530708,-0.4126297346299205,-0.42397807902708406,-0.40334155886563944,-0.398064510589554,-0.4080909568309834,-0.41120156845080424,-0.41908264439952664,-0.4228877952111898,-0.42180412332437595,-0.4080482925880083,-0.40767379058086356,0
2019-09-16,-0.32847155722746,-0.3275419243906368,-0.3476619519333142,-0.3729993204006473,-0.3618233468712424,-0.34826965898957424,-0.3593422695183819,-0.366524864327022,-0.3655813228614863,-0.36943908517716983,-0.40161269947936423,-0.4035095510077245,-0.4064924827758911,-0.3996487011532013,-0.4034843455082622,-0.39721902702242906,-0.3920997836235795,-0.401395013774464,-0.4116264109472169,-0.4229903708795932,-0.40237905586913647,-0.39713574808158725,-0.4071876213444887,-0.4104000979410064,-0.41824113320818124,-0.42205288070818137,-0.42096724547002184,-0.4072216865704129,-0.40685068981436556,-0.40943077171811787,1
2019-09-17,-0.32672400300321885,-0.34682540039180804,-0.37214329952731723,-0.36098242545216586,-0.3474439341542337,-0.35852317462232064,-0.36567665168446234,-0.36472518713774926,-0.36859081556448425,-0.4007529302551632,-0.40265545221347626,-0.405639849320991,-0.39879704811943945,-0.40261387497751566,-0.39634898155649767,-0.39123384834399355,-0.40045059793005666,-0.4105897617140053,-0.42198156007420473,-0.40140269469985834,-0.39617648506410463,-0.40625417343888043,-0.40949559740429764,-0.41743636967356784,-0.42120993676147656,-0.4201332520021512,-0.40639183013705027,-0.4060246596217702,-0.4086068275041322,-0.34689419902066937,1
2019-09-18,-0.3459983473943359,-0.37129505984822636,-0.36013217843955225,-0.3466098803728483,-0.3576925711059027,-0.3648545664145853,-0.36387784133303985,-0.367733219011248,-0.3998895396756611,-0.4017951810158953,-0.4047847275495516,-0.39794810716450496,-0.40176079555913113,-0.39548198732703416,-0.39036672956656926,-0.39958057876489067,-0.40964062517704236,-0.42093934312614434,-0.40040531699807713,-0.39520338239569813,-0.4052901498014105,-0.40856096418088733,-0.41652831906802484,-0.42040378445580834,-0.41929123402834245,-0.4055648265790903,-0.4051953795550523,-0.4077799529347473,-0.3461002757978099,-0.27213673089811796,0
2019-09-19,-0.370456419345042,-0.35928967323383065,-0.3457665390603997,-0.3568536225540008,-0.364020950385929,-0.3630566052565385,-0.3668844243489889,-0.39901675049563334,-0.40093128714977583,-0.40392343133472336,-0.3970966789963216,-0.40091043250943426,-0.39463233867375086,-0.3895026498500035,-0.3987093785253569,-0.4087661117172631,-0.41998489299143543,-0.3993747010774364,-0.39420928792733567,-0.40431225929818126,-0.40759573619577155,-0.4155900740176422,-0.4194942366757478,-0.41848597926903275,-0.4047298359887736,-0.40436894977709037,-0.4069498276969841,-0.3453034552963734,-0.271378695367697,-0.301597353961398,0
2019-09-20,-0.35845671783166777,-0.3449308924464657,-0.35600535934277366,-0.3631789793868019,-0.36222384470803104,-0.3660617689064168,-0.3981528877148571,-0.4000579922979984,-0.40305850976975793,-0.3962390837506596,-0.40005758182157763,-0.3937853960711086,-0.3886558775323203,-0.39784123432638,-0.40789041985013264,-0.41910532076677265,-0.3984313224855096,-0.39318200346263416,-0.4033133406545577,-0.40661663446005314,-0.4146211762189927,-0.4185544684055186,-0.4175773990952107,-0.40393139287858526,-0.4035345360428616,-0.40612255654097734,-0.34450341239665816,-0.270617802099393,-0.30082517571311757,-0.3223146566907675,0
2019-09-21,-0.34410473658537083,-0.35516482440560876,-0.36232767697705537,-0.36138273201034715,-0.36522757848394627,-0.397315470865149,-0.3991936279896087,-0.4021841823487533,-0.3953778728371499,-0.3991985612194048,-0.3929359668523097,-0.38781180261468146,-0.3969904507670708,-0.4070178027096279,-0.41822457313674466,-0.39756229082761746,-0.3922418042750502,-0.4022811611594774,-0.40561649539049044,-0.41363838369067246,-0.4175840229322849,-0.4166386152640089,-0.4030301560515671,-0.40273665207979664,-0.4052872969179949,-0.3437060885736927,-0.26985372022745174,-0.30005012414465176,-0.32153253299881196,-0.33538025458570425,0
2019-09-22,-0.3543338223084947,-0.36148412357376725,-0.3605322926590037,-0.3643850311967072,-0.39646640975346276,-0.3983557198208762,-0.4013187939333605,-0.39450727365279875,-0.3983359212204383,-0.39208037454240535,-0.38696524193772813,-0.3961423766716393,-0.406162604799995,-0.4173469212663268,-0.39669207750934826,-0.39137579954162777,-0.40133629035650115,-0.40458307754445394,-0.41263452581479687,-0.41659967388185454,-0.4156691700346113,-0.40209884331439,-0.4018360180453135,-0.40448859303420237,-0.34290093683429335,-0.2690921960445789,-0.29927187065466576,-0.32074752502888243,-0.33459185868883656,-0.36270183108691284,0
2019-09-23,-0.36065012899875054,-0.3596895964266228,-0.36353314930489006,-0.39560894273484976,-0.3975061637528181,-0.4004798825033113,-0.3936455829200073,-0.3974638861780324,-0.39122117180463334,-0.3861125238902137,-0.3952918156219699,-0.4053101296304249,-0.41648675457686896,-0.3958249161258462,-0.3905086113515826,-0.40046583805195546,-0.40363702491032655,-0.41159733454244624,-0.4155942476696149,-0.4146858269460687,-0.40113698912469964,-0.40090531858704404,-0.4035870750783447,-0.3421314165490599,-0.2683230358705966,-0.2984962384538376,-0.3199593057720298,-0.3338005716033434,-0.3619003193320709,-0.38935804195034457,0
2019-09-24,-0.35885645164249125,-0.36268902037256423,-0.39474205842210636,-0.3966482001455129,-0.3996293157465631,-0.392810293906272,-0.3966007713544869,-0.39035259031299213,-0.38525620293433255,-0.3944350892240592,-0.40445516619161004,-0.4156293255711092,-0.39497510250808043,-0.3896444625111663,-0.39959420493007675,-0.40276544745363124,-0.4106476807056528,-0.41455546502594576,-0.4136814143311298,-0.4001612804712406,-0.39994408752222993,-0.40265547632172044,-0.3412613601792866,-0.2675884022420006,-0.29771289462745454,-0.31917375252919705,-0.3330060673245313,-0.36109590193768476,-0.3885437337495947,-0.4762948201456379,1
2019-09-25,-0.3618544552236675,-0.3938830294103534,-0.3957808164918363,-0.3987703381174099,-0.3919633763834158,-0.39576408723734874,-0.389492900737295,-0.3843905168816731,-0.3935747494313367,-0.4035940286251586,-0.41476940681593666,-0.3941279954370873,-0.3887976219750881,-0.39872562964963204,-0.4018926898472938,-0.40977267475503365,-0.41360429244990643,-0.41264366017198095,-0.3991645602379788,-0.39896900555583886,-0.40169333152064524,-0.3403617703246081,-0.26675595568065363,-0.29696451277186603,-0.318380434473146,-0.3322142572659719,-0.360288254999068,-0.3877265058103069,-0.47543877751439145,-0.4471460872250659,0
2019-09-26,-0.3930336924678992,-0.394921291545487,-0.39790193482187713,-0.39110806002299064,-0.39491576428281944,-0.3886595721471241,-0.38353369901593987,-0.39270502549611286,-0.4027292661236179,-0.41390330405106607,-0.3932784017007958,-0.3879534790442215,-0.3978744206556049,-0.4010229947604705,-0.40889649068931855,-0.41272784059669326,-0.4116934691392097,-0.39813461144243223,-0.39797291676630087,-0.40071733059447556,-0.3394321483166945,-0.26589462990671436,-0.2961172448365834,-0.31762238458779507,-0.33141464885080146,-0.3594833612629836,-0.3869060362766601,-0.4745797691620364,-0.4463040375872727,-0.45405185480152244,1
2019-09-27,-0.3940714629383064,-0.39704139718932746,-0.39024333828801716,-0.3940590378557375,-0.3878146295612972,-0.3827031836821092,-0.3918442028395114,-0.4018550985198577,-0.4130335633614035,-0.3924226445453124,-0.38710685033371856,-0.39702592240495294,-0.4001706806284444,-0.4080233833978737,-0.4118502114864156,-0.4108179517557953,-0.3971918695272199,-0.39694360868881357,-0.3997203158701061,-0.3384888561053657,-0.265003886295364,-0.29524083985132477,-0.3167646939642335,-0.3306505017147146,-0.3586705990274306,-0.38608837749142255,-0.47371747991493796,-0.4454590376457087,-0.45320649001583757,-0.45343587176967437,0
2019-09-28,-0.3961905646149155,-0.38938645710165176,-0.39319289823910186,-0.3869612946510611,-0.381861075179804,-0.3910097642322852,-0.4009898686119575,-0.41215439397732384,-0.39156327653070055,-0.38625406411697977,-0.39617493707332885,-0.39932108056350263,-0.4071677017578035,-0.41097566516208245,-0.4099412565607808,-0.39632344401189995,-0.39600147824852905,-0.3986900682581111,-0.33752479836025745,-0.2640996947350874,-0.2943347749374314,-0.31587768497426144,-0.3297862379066119,-0.35789370188145,-0.3852627817720564,-0.4728581890968298,-0.4446107699862918,-0.45235817127378564,-0.45259080268969154,-0.4572045443273943,0
2019-09-29,-0.3885392494923583,-0.39233460884338883,-0.38609856534805814,-0.381010583699635,-0.3901637034116923,-0.40015111246298274,-0.4112842032802406,-0.3906945289789539,-0.3853976748135332,-0.39531778554734576,-0.3984689930883751,-0.4063147443126183,-0.41011856333906177,-0.40906764026643655,-0.3954538364765041,-0.39513363488263775,-0.3977470411647871,-0.336527991783454,-0.2631750344212783,-0.2934151744879681,-0.3149608458122366,-0.32889254138286805,-0.3570156928344578,-0.3844734451187062,-0.4719907381512482,-0.4437654378290896,-0.45150658169207986,-0.4517427799791472,-0.4563576660775045,-0.4602792613175893,1
