date,price 1,price 2,price 3,price 4,price 5,price 6,price 7,price 8,price 9,price 10,price 11,price 12,price 13,price 14,price 15,price 16,price 17,price 18,price 19,price 20,transaction
2018-01-20,4.7148744681704695,5.041779926327649,6.817446198373912,7.346481917654963,7.271184429563147,7.734898670108143,9.06545162824562,6.635041636465487,5.630478985957028,5.320990681908968,5.381689677396249,5.860578582967329,5.961584269675847,5.509198122720961,4.919128232130029,2.9341374850951643,3.505831857182831,4.777213374370939,4.657715848364004,4.879353132602563,0
2018-01-21,4.943148983061808,6.668701300836096,7.054716392626772,6.9353876580664435,7.385901048271833,8.604367322501037,6.163961397230681,5.416058544756667,5.17386999869078,5.24888734090385,5.71374760877783,5.785022580663595,5.339840163291224,4.789030778416543,2.8687373048294535,3.4775735104994574,4.725744288040655,4.564919455356322,4.787416405100105,3.9997609641102767,0
2018-01-22,6.541070587301173,6.901118640051589,6.6592660688720064,7.045012793956715,8.21759653390981,5.8460529769787515,5.028595654659617,4.975870206084036,5.103622462188279,5.5733523754268814,5.639956957359701,5.180574562233724,4.64037804360852,2.7885659331264936,3.4018389459276035,4.68985387486288,4.5154145585824095,4.692295806765093,3.922746026859432,3.911801747261049,0
2018-01-23,6.769345102192513,6.513756408025768,6.764719488539943,7.839795029161184,5.579114303610027,4.766712580904814,4.618602469842288,4.908148923211323,5.419736376449529,5.501249034421763,5.049631746014668,4.500570541500118,2.6974277111565668,3.308686792901907,4.591065683761937,4.480840018938152,4.641612396257356,3.843120130706624,3.8362789890353657,3.8238425304118207,0
2018-01-24,6.388887577373615,6.617053003232653,7.529256781132489,5.318416903684939,4.54666473523185,4.3769507712114475,4.555526595255007,5.212894696138529,5.349488839947028,4.924422306380818,4.385515883251503,2.61167048390677,3.2025947975940747,4.468956403170136,4.38602659103188,4.606248332492989,3.8002934784243743,3.7582025631007783,3.7498119512112984,3.911801747261049,0
2018-01-25,6.490342917325321,7.365953318482573,5.1038281287699325,4.331790680672495,4.17383572442862,4.3169874158740065,4.839368030897773,5.145173413265817,4.787508547927032,4.275492237334754,2.5407495977982704,3.1027844988810407,4.329505990416207,4.268909918641131,4.509050046669914,3.7701929087940758,3.7161615866410767,3.6732849954949316,3.8362789890353657,3.6919037051379777,0
2018-01-26,7.2258941319751875,4.990131628724206,4.154747351758497,3.9755089890291124,4.116477415074277,4.586822514892491,4.776292156310491,4.603403150284119,4.155280719404534,2.4729087122068014,3.020388832016111,4.198346532285183,4.1352109571710125,4.388937809358533,3.6888936757496835,3.6865873664241855,3.6320296948577786,3.7582025631007783,3.6201113944751975,3.296087229316449,1
2018-01-27,4.892421313085954,4.060462271862237,3.8120237378377015,3.9206964210839765,4.374589807168821,4.52685915955505,4.271685159612241,3.993911604429708,2.3990923068420407,2.9415804287400698,4.090353277578986,4.009456526525848,4.251787977118129,3.588751871242513,3.606878038657661,3.6029818240542943,3.7161615866410767,3.545908644086161,3.2310097242668947,3.296087229316449,1
2018-01-28,3.9793232535206027,3.7247483374398587,3.7592970280037328,4.167352976837088,4.317231497814478,4.047152316855522,3.704002288326709,2.3008795326119014,2.855701294108289,3.987078873314283,3.905876649033663,4.122790529981449,3.4746078441373474,3.508733277430912,3.5248624015656382,3.6865873664241855,3.505831857182831,3.1637795898598506,3.2310097242668947,4.087720180959505,0
2018-01-29,3.649593398677559,3.6731000398364158,3.9965672222565916,4.112540408891952,3.8583650229797333,3.5074821188185528,2.127105423644676,2.7410678712845318,3.874290573394535,3.8068205208014874,4.016562626160856,3.367230506944109,3.39688983083927,3.42871468361931,3.606878038657661,3.4775735104994574,3.127238344157989,3.1637795898598506,4.009213064683499,3.7358833135625917,0
2018-01-30,3.598865728701706,3.905517379051908,3.943840512422623,3.674039865330866,3.3421402387906447,2.008398235382528,2.537098608462005,3.72302647293886,3.6986717321382856,3.914975532309165,3.278656111979563,3.2916745046403757,3.319171817541192,3.508733277430912,3.4018389459276035,3.1013485698349466,3.127238344157989,3.9280376983124707,3.663344913387231,2.944250361919534,0
2018-01-31,3.827140243593044,3.8538690814484657,3.5220268337508744,3.1807267538246435,1.9081825049320666,2.398160045075895,3.451698789977584,3.5537232657570783,3.8040430368920353,3.1939421222579827,3.2048654605614346,3.216118502336642,3.39688983083927,3.308686792901907,3.0327685790134997,3.1013485698349466,3.8844253702076723,3.5883674278890845,2.8851415729706256,3.032209578768763,0
2018-02-01,3.7764125736171907,3.4406827006209237,3.0474864452451564,1.8104125551962489,2.281011515735297,3.2676286974687896,3.294009103509381,3.6553051900661475,3.1015676718670377,3.1218387812528654,3.131074809143305,3.2916745046403757,3.2025947975940747,2.9486031207496977,3.0327685790134997,3.8537984511639674,3.54789780307448,2.8241093194364635,2.971608610794693,2.163744251207905,0
2018-02-02,3.370591213810368,2.9758480221899384,1.7293186993959406,2.166694246839632,3.1127070013732725,3.1177203091251866,3.388622915390303,2.978092361339024,3.0313201353645387,3.0497354402477472,3.2048654605614346,3.1027844988810407,2.852863737752723,2.9486031207496977,3.7709093128417064,3.519376281684403,2.790710777024796,2.90902688704231,2.1178763128387645,1.8218203875498995,0
2018-02-03,2.914042184027692,1.6846405821038695,2.072042313316737,2.961476482044101,2.9693112279874145,3.207665342131348,2.757864169517489,2.9103710784663126,2.9610725988620388,3.1218387812528654,3.020388832016111,2.762782488514238,2.852863737752723,3.668770465054115,3.442846764473615,2.7669264003553815,2.8748426688080944,2.0705932832859824,1.7817529967052685,1.994479932264093,0
2018-02-04,1.645850434631369,2.0203545165262478,2.836579605909282,2.8244450621812613,3.0553486920189292,2.608031788756938,2.6947882949302087,2.8426497955936,3.0313201353645387,2.9415804287400698,2.688330900634529,2.762782488514238,3.552325857435426,3.348696089807708,2.7047060306454074,2.8505319427252727,2.044166435285699,1.7404932227317746,1.9514834686020215,1.5180048545918214,0
2018-02-05,1.9755802894744132,2.7692548317761676,2.7047628313243606,2.906663914098965,2.481765598475498,2.5480684334194974,2.631712420342927,2.9103710784663126,2.855701294108289,2.617115394217038,2.688330900634529,3.442786509247843,3.241453804243114,2.6285287455032895,2.7867216677374307,2.025052620136152,1.7171205323564849,1.9071821620636717,1.483091524709049,0.9730799143674806,1
2018-02-06,2.71113150412428,2.640134087767561,2.783852896075313,2.3585382346476065,2.424407289121155,2.4881050780820564,2.6947882949302087,2.7410678712845318,2.53958737984704,2.617115394217038,3.352446763397692,3.1405625000329076,2.54199168456041,2.7085473393148916,1.9769402749093417,1.7000527952816746,1.8822672293325102,1.4471836983427995,0.9474109319813877,1.345121013874663,0
2018-02-07,2.584312329184648,2.717606534172725,2.2565857977356267,2.3037256667024715,2.367048979766812,2.5480684334194974,2.537098608462005,2.4363220983573264,2.53958737984704,3.266045463263101,3.0572841577251757,2.460558479299302,2.6197096978584886,1.9184837533160395,1.658120888841521,1.8641662946766526,1.4265247715423837,0.9211023835110578,1.313140561865845,1.1142368655671226,1
2018-02-08,2.6604038341484273,2.201123558138297,2.203859087901659,2.2489130987573356,2.424407289121155,2.398160045075895,2.253257172819239,2.4363220983573264,3.1718152083695372,2.977632099242629,2.3931682949620114,2.536114481603036,1.852360893559914,1.6074274735921996,1.8191134836713079,1.4112750716589515,0.9053108755664947,1.280278219213508,1.0861732342814507,1.4720901433965246,1
2018-02-09,2.153127134389898,2.149475260534855,2.15113237806769,2.3037256667024715,2.281011515735297,2.1283249460574103,2.253257172819239,3.0458136442117363,2.8908250623595393,2.328702030196565,2.466958946380141,1.7901122928571187,1.5502476604662956,1.764499972314684,1.3748347775438188,0.8933220155690016,1.2611635382423112,1.0573780960049206,1.4379557309648863,2.1281119724622832,1
2018-02-10,2.1023994644140456,2.097826962931412,2.203859087901659,2.166694246839632,2.022899123640753,2.1283249460574103,2.8209400441047707,2.7749285127208876,2.2585972338370413,2.4008053712016832,1.738386949603241,1.4964034451018142,1.702804234669758,1.3310392496372354,0.8667315026313179,1.2469483781309307,1.0403257355003317,1.402856728052548,2.0828485158162358,2.636393102947235,0
2018-02-11,2.051671794438193,2.149475260534855,2.072042313316737,1.9200376910865204,2.022899123640753,2.667995144094379,2.5686365457556457,2.165436966866477,2.328844770339541,1.6888930337876493,1.4515405503455474,1.644716099823929,1.2818057566340686,0.8353080572555989,1.2136330428394477,1.027492189964203,1.3826079240315023,2.0361931766488546,2.582506940586391,2.328535843974935,1
2018-02-12,2.1023994644140456,2.0203545165262478,1.834772119063878,1.9200376910865204,2.5391239078298407,2.4281417227446154,2.0009536744701135,2.2331582497391893,1.63525571868211,1.408605716298454,1.5963879095467646,1.235429235344602,0.8003271206498149,1.173762703500532,0.9983501970365964,1.3676329785418688,2.010084605924286,2.5268978328160006,2.2798723082021555,2.6803727113718496,1
2018-02-13,1.9755802894744132,1.787937177310755,1.834772119063878,2.4133508025927424,2.309690670412469,1.888471524707646,2.0640295490573948,1.5645121632954646,1.3621824700359433,1.5501409695244508,1.1966639508147576,0.7673446898725095,1.1290510014966961,0.9637218966044578,1.3320226149817833,1.9911840149221098,2.496249155783253,2.2296863461955367,2.6257404594984246,2.460474669248778,1
2018-02-14,1.747305774583075,1.787937177310755,2.3093125075695955,2.1941005308121997,1.7934658862233803,1.948434880045087,1.4412499013198725,1.3012592203843707,1.5000748718135253,1.1595571712997255,0.739516107149163,1.086923912816613,0.9250489883905708,1.2892695436675796,1.9437157403233638,2.474307002060763,2.201787534541709,2.569356616618924,2.4095728649382564,2.944250361919534,1
2018-02-15,1.747305774583075,2.2527718557417398,2.0984056682337213,1.7007874193059773,1.8508241955777236,1.3563866911208633,1.1960550540367343,1.4341927125993612,1.119543966579484,0.7128625531048177,1.0516284254524249,0.8885969623695418,1.2412369536924721,1.88606822096296,2.417651300823328,2.1816876037661435,2.538315101674902,2.3570626976043068,2.8851415729706256,2.9882299703441486,1
2018-02-16,2.203854804365751,2.046178665327969,1.6238652797280033,1.755599987251113,1.2844969281676166,1.1232911399176293,1.3198698420578383,1.0673465232778787,0.6843464284391977,1.017838054554166,0.857935344544977,1.1959890021420532,1.8208773263728633,2.3484636671626835,2.130596571001247,2.5161097732457085,2.3279853722166566,2.8241093194364635,2.928375091882659,2.944250361919534,1
2018-02-17,2.0009441244623396,1.5813439868969839,1.676591989561972,1.2144080976448148,1.061527972214479,1.2409962082772592,0.9781878294185351,0.6477996316248515,0.981472433583821,0.8285739947498313,1.1581452307744946,1.7595045563238767,2.2699786380171374,2.068398588822076,2.4586591193693392,2.3070959173209804,2.790710777024796,2.866568103239387,2.8851415729706256,3.20812801246722,0
2018-02-18,1.5443950946796632,1.6329922845004265,1.1559948200162828,1.0013352022716888,1.174119465561587,0.9161747124143409,0.5874201711754099,0.9342403417915628,0.7970796750184094,1.1219192272950542,1.7084943567137574,2.196112471236234,1.9979655914738639,2.3884729640684843,2.2536200266392816,2.7669264003553815,2.8327767229164453,2.8241093194364635,3.1445426864428274,2.8562911450703066,0
2018-02-19,1.5951227646555162,1.1230428181128345,0.9510302808786969,1.1089295325195931,0.8634095037891101,0.5446897334278265,0.8542121979172338,0.7564787463789803,1.0828747525251796,1.6596839703464765,2.1349010149985594,1.9316664631731648,2.3088376446661765,2.188426479539479,2.7047060306454074,2.8087291715403273,2.790710777024796,3.0788620222540035,2.798674535146559,2.944250361919534,0
2018-02-20,1.0942631151489324,0.9222703908389717,1.0545301759472858,0.8120098519607923,0.5080633056770835,0.7983167374986008,0.688644334713079,1.0319960136183233,1.606798441644948,2.0763403366786526,1.8766337350351068,2.233890472388101,2.114542611420981,2.6285287455032895,2.7457138491914193,2.7669264003553815,3.043106452374691,2.7391917518306172,2.8851415729706256,2.7243523197964636,0
2018-02-21,0.8970694436517997,1.0236534166196498,0.7689095887766774,0.4724350310270871,0.7506717467531487,0.6409189260733518,0.9452622228839747,1.5370782716037295,2.0127308560782926,1.8239786431607388,2.171796340707624,2.045000466628766,2.54199168456041,2.6685380424090908,2.7047060306454074,3.0177430274650554,2.7065788852414987,2.8241093194364635,2.6689739784104582,2.4164950608241638,0
2018-02-22,0.9966453234309003,0.7438745885018,0.44225707601327496,0.7042757496646281,0.6001119205289334,0.8848738409281971,1.4156978645245655,1.9284124768119846,1.7668644783195435,2.1123920071812115,1.9873197121623007,2.460558479299302,2.580850691209449,2.6285287455032895,2.950752941921477,2.6833208579854912,2.790710777024796,2.6118154004218472,2.3663393460262228,2.0725217474135706,1
2018-02-23,0.7218535351717048,0.4239030551889514,0.6652752405980122,0.560398240065441,0.8334684663061432,1.3320955358736664,1.7801881134146293,1.6913879867574912,2.047854624329543,1.932133654668416,2.3931682949620114,2.4983364804511687,2.54199168456041,2.8685845269380956,2.6226903935533854,2.7669264003553815,2.580381047566551,2.3146039138013834,2.0282013479114247,2.323500178810317,0
2018-02-24,0.4075854741373009,0.6423598595622334,0.5268728999548279,0.7833976914934317,1.2612610770481727,1.678599781026603,1.5594225523591445,1.9622731182483406,1.8722357830732932,2.328702030196565,2.430063620671076,2.460558479299302,2.775145724454645,2.5485101516916884,2.7047060306454074,2.5579125444306543,2.2859194263250076,1.9825252739219588,2.2749220702867268,2.1279976254803796,0
2018-02-25,0.6221482998341661,0.5067882431829563,0.741386246243346,1.1922035263702406,1.59271180348318,1.4687280373455593,1.81172605070827,1.7929699110665598,2.2585972338370413,2.3647537006991244,2.3931682949620114,2.6872264862105038,2.4642736712623328,2.6285287455032895,2.4996669379153507,2.265293146136035,1.956913250317241,2.2248248154501016,2.0827361086670644,2.0799938828849127,1
2018-02-26,0.4889932389145497,0.7169141771528031,1.1346352298625426,1.5089434314980024,1.3919577207429787,1.7085814586953234,1.6540363642400666,2.165436966866477,2.293721002088291,2.328702030196565,2.6145402492163994,2.385002476995569,2.54199168456041,2.4284822609742855,2.21261220809327,1.9383453121443381,2.1969709837371147,2.0360827838109667,2.03554672277458,2.138803415270307,0
2018-02-27,0.6953736914443099,1.10212009275368,1.4393217953091135,1.317099443690027,1.6213909581603514,1.5586730703517209,2.0009536744701135,2.199297608302833,2.2585972338370413,2.54501205321192,2.319377643543883,2.460558479299302,2.3476966513152155,2.148417182633678,1.8918818576812049,2.176901186465467,2.0099752344649677,1.989739021290076,2.093358584263751,2.0967852973814303,0
2018-02-28,1.0737133360417148,1.4005749452849345,1.2547783108902233,1.5363497154705703,1.4779951847744937,1.888471524707646,2.032491611763754,2.165436966866477,2.4693398433445406,2.256598689191448,2.3931682949620114,2.2716684735399677,2.075683604771942,1.8354964696740272,2.1259011757777286,1.991075327717029,1.9640602545242327,2.046514906991345,2.0520532802951936,1.9088956142697933,1
2018-03-01,1.3668482497641783,1.2198059036728848,1.465685150226098,1.3993182956077308,1.7934658862233803,1.9184532023763665,2.0009536744701135,2.368600815484614,2.188349697334542,2.328702030196565,2.208691666416689,2.007222465476899,1.7717595419684775,2.0638175243263617,1.9436091199951442,1.945447602968661,2.0203108373705456,2.0059497849460315,1.867351040799204,2.013408755730046,0
2018-03-02,1.1893014048486932,1.426399094086656,1.3338683756411762,1.7007874193059773,1.822145040900552,1.888471524707646,2.1901812982319577,2.097715683993765,2.2585972338370413,2.1484436776837708,1.950424386453236,1.7117531628679166,1.9935162352125486,1.8859641967910052,1.8988490860521727,2.00134626859717,1.980121032665664,1.8245573687831826,1.9700911751417602,1.9333526745147216,1
2018-03-03,1.392212084752105,1.297278350078049,1.6238652797280033,1.728193703278545,1.7934658862233803,2.0683615907199693,1.9378777998828327,2.165436966866477,2.0829783925807925,1.896081984165857,1.6618586650174993,1.9273408820412754,1.8207762929555757,1.8422940492183233,1.953684741011899,1.9614079010070726,1.800406898627361,1.9254564226124493,1.891393200666186,1.9230614461433617,1
2018-03-04,1.2653929098124725,1.5813439868969839,1.6502286346449877,1.7007874193059773,1.96554081428641,1.8285081693702054,2.0009536744701135,1.9961337596846969,1.8371120148220434,1.6141146588312416,1.8724092202414186,1.759406333520882,1.7783616871981498,1.89579448104076,1.9145058711730394,1.7828181019507483,1.9003724124442753,1.8481686984559886,1.8812765572407701,2.3725154523995493,0
2018-03-05,1.5443950946796632,1.607168135698705,1.6238652797280033,1.8652251231413848,1.7361075768690377,1.888471524707646,1.8432639880019106,1.7591092696302038,1.5624019985753679,1.8198507268881952,1.708398428866914,1.718171645263619,1.8303239508892444,1.8575695987769576,1.7393122687807694,1.8821582073946526,1.8237997711377072,1.8382333430461044,2.323105827114189,2.1498378990240425,0
2018-03-06,1.5697589296675896,1.5813439868969839,1.7820454092299094,1.645974851360842,1.7934658862233803,1.738563136364044,1.622498426946426,1.494278420828175,1.7628428068547752,1.65959023600317,1.6681271808554698,1.7686883884038953,1.7931980559367524,1.686641880535995,1.8367632487735106,1.8060646230066968,1.8139563397990612,2.27214512999846,2.10420587415878,1.9893958895302077,0
2018-03-07,1.5443950946796632,1.7362888797073122,1.5711385698940352,1.7007874193059773,1.650070112837523,1.5286913926830004,1.3758339117854035,1.6875109433130284,1.6067071198474947,1.6202398376496268,1.717463610393631,1.7325952861034015,1.627184607730728,1.78171997370294,1.7621167166742064,1.7962827745494194,2.2438534804333585,2.057167815847498,1.9464856738157907,1.7621224670743283,0
2018-03-08,1.696578104607222,1.5296956892935416,1.6238652797280033,1.5637559994431383,1.449316030097322,1.2941986953004034,1.5558114585390224,1.5369902339359949,1.5683695268012556,1.6684481314456485,1.6822138162111904,1.5712001095823958,1.719529151131504,1.708891050545311,1.7525208871344398,2.2234903749510893,2.03086518319476,1.902273926656054,1.7230678181340744,1.5626617489861747,0
2018-03-09,1.4936674247038106,1.5813439868969839,1.4920485051430823,1.3719120116351629,1.2250106255362276,1.4652951352524906,1.4156158658876021,1.5000313438082122,1.6153370297068266,1.6340043654475034,1.5245896057169246,1.660975751519692,1.6487941013282588,1.6995288750693536,2.1716043895472583,2.0118345838874725,1.877404405987436,1.6828596695976867,1.526990839812328,1.6677906049643734,0
2018-03-10,1.5443950946796632,1.4522232428883772,1.307505020724192,1.1575619834289146,1.3886739575324425,1.3320175835117278,1.3811922073315932,1.5453097935369073,1.5817797815195822,1.4799844187264708,1.6122676577319455,1.592208456022949,1.6397010937723835,2.108407885727877,1.9639736026850931,1.8593338943276732,1.6600202174031606,1.490296347416288,1.6303362434196538,1.4341093535610279,1
2018-03-11,1.4175759197400313,1.2714542012763275,1.101311949247474,1.3139614241751678,1.261186511246012,1.2992925823363193,1.4233647370806495,1.5129593367086125,1.431724018796593,1.5656576085087517,1.5451070963437357,1.5833684037534121,2.036824598122903,1.9058328136344256,1.814372979847389,1.6433097136752295,1.469238533000764,1.5917898242187967,1.4006192640324542,1.585817012821734,0
2018-03-12,1.240029074824546,1.069478368668304,1.2517597067522284,1.1921322700319121,1.2298832139158793,1.3393840817149323,1.3932333917903048,1.3682999043642121,1.5151921416688627,1.500032752692944,1.5364735901278144,1.9694444643250317,1.8400736756574883,1.7598748975923735,1.6024568759471651,1.4537216055201454,1.5697929700601627,1.3661893223603434,1.5497532875195135,1.4535527384455493,0
2018-03-13,1.0416534486169755,1.2168490386350874,1.1345666851397584,1.1622183110758542,1.268232979550193,1.3107395868702365,1.2584970160844136,1.4487663326735685,1.4512563463211132,1.4915966617953451,1.9135290607441713,1.7781668888928988,1.6983121335011295,1.5531188539722653,1.4164741164954389,1.55364694976064,1.3462797731594742,1.5126508970885268,1.419732802743464,1.403693056374564,0
2018-03-14,1.1863972457425753,1.1020529499667957,1.1057910832478701,1.1988659940039719,1.240832915171623,1.182651863533929,1.333443770269021,1.38712980706697,1.4430373845503206,1.8600303136632979,1.726720647614035,1.6403489628907735,1.49750044484089,1.371664689715386,1.5144992059478255,1.3315321053465499,1.4913862535127171,1.3849603506796155,1.3707189623528913,1.017512512758869,0
2018-03-15,1.0736473900707462,1.0738658915497168,1.1410441614428612,1.1726820302965804,1.118309830559811,1.253900322345876,1.2760352630134073,1.3792064169708627,1.8019882465707935,1.6774934955747405,1.5921228098947968,1.44512358633827,1.3212631919855027,1.4673029130390132,1.2966082628854478,1.475730764549019,1.364877127838172,1.336824827482241,0.9910897561382156,0.9971367601757446,0
2018-03-16,1.0459627641814244,1.1083979433273785,1.1158566121551743,1.055596903908976,1.1864629737346413,1.1993246744855046,1.2686553856866953,1.7252486281938475,1.624149583161065,1.5459733964143552,1.4014588352280632,1.2737890177142077,1.4141517614793664,1.25471751485973,1.4380647329599139,1.350013110487414,1.3171869649808092,0.9639984927871517,0.97105966682627,0.9619134917884713,0
2018-03-17,1.0798792843272795,1.0837255515622137,1.0032270872788343,1.120725197141386,1.1342583084757862,1.1923089619110239,1.5909604896527851,1.5538054284732892,1.496014564203681,1.3596691787582804,1.234127464539742,1.364093551667631,1.207678315550362,1.39272958453629,1.314737819464639,1.302621308795041,0.9478101007008282,0.9443273382512568,0.9364339415296224,0.7358407126425845,1
2018-03-18,1.0556466763798145,0.9733996230514999,1.0658769639035555,1.070837538426121,1.1275473862813281,1.4987097150142799,1.4312776055476237,1.4302784224493188,1.314505467011697,1.196164037528024,1.3223220511146907,1.163363920347301,1.3417224589862218,1.2724056250217843,1.2682472555790256,0.9355553552971525,0.9283209479692266,0.9103220983034958,0.7141963609142054,0.82785045142772,1
2018-03-19,0.9472873005443954,1.0347681302639102,1.0178877489481692,1.0644244679765402,1.4206368754201504,1.346906484642014,1.3162240565066936,1.2552967856986608,1.155208640861803,1.2823419506973417,1.1262824274921466,1.2936791353206654,1.224857882389902,1.2270470851196775,0.9081617017083536,0.9161881314071668,0.8946303319046052,0.6920669660429489,0.8046452058300707,1.2249995093845139,0
2018-03-20,1.0075619180097035,0.9877604322001372,1.0117187238975949,1.344505727662595,1.2754285794586953,1.2375303263387551,1.1532454579543465,1.1017286185923547,1.2391684964895913,1.0907850046490444,1.2535528535255644,1.180065574656541,1.180803426551886,0.87572944991953,0.8891627793759861,0.8827082919651441,0.6783945436431726,0.7808949876370447,1.1950568516614075,1.0522827911793688,0
2018-03-21,0.9613921291811813,0.9817175813805344,1.2811416658072077,1.205742230652689,1.170804155280906,1.082594010650108,1.010211450946498,1.182669095881821,1.0525418662634003,1.2151452420476212,1.1425938509881235,1.1372366547506692,0.8395863750673395,0.857193142663072,0.8563196175024858,0.6678253269660502,0.7664007090430915,1.1643105430125833,1.025270176190069,0.9812821113386717,0
2018-03-22,0.9554569917940066,1.245630052474606,1.1476587271915326,1.1057613660923646,1.0225988876556864,0.9466181079191597,1.085599736253217,1.002753963673886,1.173701304846086,1.1067234481782253,1.1007656202317568,0.8055118044362409,0.8215829972868393,0.8251496967712162,0.6455230270485687,0.7552809045620748,1.14626882022845,0.9975664072617427,0.9554739832584824,0.8452927641289221,0
2018-03-23,1.2146652398366196,1.1148772222617305,1.0514825721188825,0.9641339124073252,0.89253031744831,1.0182863102184696,0.9180260602371866,1.119556246308596,1.0680700842072774,1.065851669329474,0.7767914547130313,0.7880092565025806,0.7904608188616241,0.6194859069566372,0.7313154842286792,1.1327724691934886,0.9810674375227657,0.9290209466903034,0.8217916194305834,0.7592290684027941,0
2018-03-24,1.0862430705257504,1.020668145018171,0.9152446629143824,0.8398381927065378,0.9610849687886214,0.8589816640934901,1.0268161749315996,1.0177237532528989,1.0282502681408352,0.7492855558135534,0.7596978503120213,0.7577528553800507,0.5907099810829042,0.7031893570132633,1.1016283880447264,0.9686046261959703,0.9131561744752877,0.7977341412932842,0.7371879462716245,0.750833361154535,0
2018-03-25,0.9937132641062961,0.8872166912555152,0.7956789393593833,0.9053501739145645,0.808701148326938,0.9624034612117409,0.9319689823147048,0.9793359440565017,0.7198319715034358,0.7325828168697174,0.7301483839516316,0.5635588182589941,0.6720069088933587,1.0644853108617176,0.9405824830508303,0.9011182323949944,0.7830840631837197,0.7146465472693433,0.7289346675113172,0.7535161172684366,0
2018-03-26,0.8626405740391884,0.7700964291950679,0.858697902952943,0.7597296246547222,0.9076298923858407,0.8722365637908311,0.8962144228049043,0.6820090376680025,0.7035591296726313,0.7037090339642181,0.5404916516767562,0.6425941744688148,1.0229153966361757,0.9073608000532561,0.8743794607901495,0.7718598836140242,0.7007652136683513,0.7065411654413649,0.7315719121649512,0.5669898020179625,0
2018-03-27,0.7476079732184454,0.8318264744907031,0.7186188529370385,0.8542676012180946,0.8213802026097152,0.8382463358178026,0.6192829492231753,0.6663214024905383,0.6754285036802056,0.5183890269128639,0.6176803625926902,0.9837408582705187,0.8703083057240696,0.8427697911285312,0.7475791850640274,0.690056040682204,0.6927348245976354,0.7091311512533433,0.5482099117552343,0.4722313377062888,0
2018-03-28,0.8082376843735851,0.6946124422476366,0.8095592457231754,0.7718459427989942,0.7888666449522057,0.574980222376535,0.6046714228750313,0.6392024147641608,0.49487828536148115,0.5938127267712676,0.9508562223432564,0.8353790921469069,0.8075743253898612,0.7190570441661042,0.6673309849513374,0.6820758916629976,0.6953008472970259,0.5290549573883847,0.45505897190736677,0.472605164377898,0
2018-03-29,0.6734694835487367,0.7836928435391741,0.7302740921458369,0.7407754386592939,0.5370378556474302,0.5610897111126165,0.5794126888965546,0.4651451735247162,0.5683607209199208,0.9193701269105263,0.8059608992186178,0.7743902870873332,0.6874183909303676,0.640762851051142,0.6595025923909035,0.6846258607052793,0.5168907575813638,0.43757326180660616,0.45542645681811905,0.18018035000179491,0
2018-03-30,0.7609620323395886,0.7060292984328774,0.7003859566764518,0.5001235997245727,0.5237508032854963,0.5370773854677384,0.4172950760323245,0.5359850214737167,0.8855388853591821,0.7777880065128765,0.746397085393904,0.6575769297256454,0.6113752008188629,0.6331250762718243,0.6620040693222102,0.5073319475556881,0.42625547056321683,0.43793416146893105,0.16796246622011604,0.17162191820236497,0
2018-03-31,0.6846828349968987,0.6767524609363658,0.46889197348590445,0.4874262683600817,0.5007816683045497,0.38295956957944793,0.48327559464435005,0.8417567718364432,0.7476008226828738,0.7195861896535454,0.6323130487689053,0.5836491592715567,0.6039570164495611,0.6355656433830782,0.4880817093048662,0.4172636967606045,0.4266130311032959,0.15562146208491293,0.1595492234398343,0.1838834330311475,0
2018-04-01,0.6559278552710864,0.4499931927233307,0.4566778311528653,0.4654765755264522,0.35335934160201743,0.445684237430178,0.768072629787113,0.7087792607875855,0.6908970112180562,0.6081108192925826,0.5601125858888365,0.5764373388516651,0.6063274158551525,0.465878213346195,0.39972626346563006,0.41761902031567655,0.1469123502751316,0.14735898275686404,0.17160272851250932,0.06394224493553985,1
2018-04-02,0.4332105566256032,0.43802886458349294,0.4355634201998528,0.32459731339386455,0.4133590011021279,0.7164277812820244,0.6442168424475275,0.6541146412527323,0.5822908074083667,0.5375613052861246,0.5530692682109758,0.578741796921929,0.441518596855248,0.3796741822329564,0.40007482992327115,0.13966821442985444,0.13872631720461667,0.15919649168111913,0.05369627573561166,0.13258121980383528,1
2018-04-03,0.42145949187569665,0.41734630380819443,0.3000452305845869,0.38193400009287376,0.67234037158339,0.5986837367414254,0.5933019964806743,0.5494141518673756,0.5135571053174957,0.5306790413871858,0.5553198830792287,0.4185177384366308,0.35779298112922864,0.3800142612566557,0.12740974362898577,0.131533395157264,0.1504543029192085,0.043402896493786904,0.12117082870162244,0.3848306618840527,0
2018-04-04,0.4011455964338665,0.2845998493078261,0.35520000540640967,0.6294209662503534,0.5597115953352019,0.5502813163130432,0.495783540575008,0.48315226264057015,0.5068519779583318,0.5328781932878419,0.39883942768194375,0.33712125715481844,0.3581232826857455,0.11398844520029407,0.11942962213993193,0.1431880077636269,0.0357320552835035,0.10966832037500933,0.36914099977348225,0.1367284968782765,0
2018-04-05,0.2707653390619296,0.3386265510159074,0.5932690093132529,0.5217910078332848,0.5134119680243764,0.4575749707935926,0.4340669510850824,0.4766882661903696,0.5089945278216581,0.3799758483523884,0.3193447589091932,0.3374423701646093,0.09974586157561961,0.10620263602242519,0.13086260195056,0.029183490188043653,0.10138437703660015,0.35319492075505643,0.12524774953502732,0.11108838516672638,0
2018-04-06,0.32382901824017046,0.5718263619400917,0.48973484188327215,0.47754630298797135,0.42473315384709426,0.3989038257636733,0.4280463588557263,0.4787537653179873,0.36002760191445715,0.30229891908757484,0.3196583691777203,0.0862526627057304,0.09218389888171659,0.11735722799976255,0.019026079211877798,0.09442507517638817,0.3426578162927425,0.11367218368762512,0.10004260800931172,0.02589988364824855,1
2018-04-07,0.5528720573316425,0.47040976476597157,0.44717384170529284,0.39280333231639425,0.36861091605933705,0.3931803234967144,0.42997017303063834,0.3351440128581137,0.2843499308403144,0.3026053582868466,0.07433765900557825,0.07890106368157708,0.10301778993546873,0.008243873478262468,0.08302698161663787,0.334189049584762,0.10535119573418278,0.0889187127305208,0.01629928187670262,0.07619496384263719,1
2018-04-08,0.4532632045670578,0.42871925894047275,0.3656557119664857,0.339171975210476,0.36313606543146487,0.3950092058345063,0.2962114733808496,0.2621878748193409,0.28464848287045,0.06289419594828084,0.06715782862259426,0.08943357040271763,-0.0029584929977902233,0.070686383159146,0.31823142566914125,0.09836707649912865,0.08082674927935135,0.00667604850425823,0.06574113410450402,0.1313058111595214,0
2018-04-09,0.4123158293625495,0.34886840843067013,0.31406526272943897,0.3339401156001126,0.3648854938667723,0.26785091450592896,0.22825983368797156,0.26247569027154993,0.05110703539106436,0.05587854086848284,0.07744424543028153,-0.013594594338653593,0.05768875867936496,0.300163706492058,0.08689401890552687,0.07399606089830536,-0.0006549879127729255,0.05523191366128116,0.11991705665317341,0.09373403168237357,1
2018-04-10,0.3338883151963822,0.2983331316405814,0.30903249827578655,0.33561189892243926,0.2432514630499523,0.2032523918009039,0.22852790615496751,0.03733289929707411,0.04427195008937112,0.06592974660459636,-0.023176686843479254,0.04536553205906511,0.28056847721559325,0.07445925985736314,0.06298646069320216,-0.0069759068869342505,0.04745162780891674,0.1084370156447245,0.08298266144662324,0.09406827670640074,1
2018-04-11,0.2842538265085088,0.29340330163433265,0.31064066292572257,0.2193763673379843,0.1814593563825186,0.20350723606108803,0.018829007295821164,0.030743618473559196,0.054064456677819624,-0.03239036918998239,0.03440584799065788,0.2620450354657131,0.06135316300636945,0.05113383976128116,-0.016445683830422112,0.04082974224016931,0.10016446460574227,0.0721644766418872,0.08331123619035478,0.303301263786503,1
2018-04-12,0.2794118704093135,0.2949785747112377,0.1988284020518087,0.16032678789068963,0.18170312919727455,0.004156063073998332,0.01269172469847868,0.040183965306015326,-0.04172508409698865,0.023875472963361472,0.24602267812756895,0.04892799756768626,0.03869836212997967,-0.02636416834525535,0.030450857458796415,0.0932127948120247,0.0642275270305066,0.07248716339878951,0.2889947024143546,0.6957357077201783,1
2018-04-13,0.280959064343577,0.18545319481337694,0.14202591754767444,0.16055974130445647,-0.008987438166707077,-0.0016783714003346867,0.021484501615945735,-0.0521607760192148,0.013092581012736932,0.2306534342978391,0.03788507720502278,0.02690342289614782,-0.03657153374920897,0.019390463596218443,0.08183775487880349,0.05750068738872581,0.06454722821928321,0.27448482734119733,0.6747717150183214,0.7368566415971926,1
2018-04-14,0.1733859673927833,0.12981248380518817,0.1422500060644688,-0.02166738145754492,-0.014568401666884672,0.006680520333704626,-0.06452576097127077,0.0006855270705061524,0.21454846619460546,0.02727514549175289,0.01637510231663808,-0.04627256533501848,0.007867626254631884,0.06952611354887772,0.046804775494945994,0.05781838844973148,0.26467596579880365,0.6533488010930626,0.7151950552010728,0.7108954787441428,1
2018-04-15,0.1187370485277971,0.1300319890700028,-0.03304257711405177,-0.027000644318606642,-0.006572653342889206,-0.07508551100442963,-0.015304502237085857,0.19489662209287026,0.016404752358829888,0.0062570215887609495,-0.05509114358182014,-0.003069643217743626,0.056561847486542784,0.035346171202252065,0.04711643491589577,0.2566950723621101,0.6400346075845774,0.6930477639487959,0.6896743089872994,0.9323328071620757,0
2018-04-16,0.11895264112519448,-0.041675358727523044,-0.03817288598089692,-0.019359772347054677,-0.08478644397847121,-0.02829310666685761,0.1655844909043194,0.0038785855579546273,-0.004072404531648782,-0.06357506417469595,-0.012897649100934007,0.04426997002566092,0.02336459810626884,0.035650241858736234,0.24221113164854538,0.6297053799224979,0.6793662669932692,0.6679843438699302,0.9073550767093886,0.8477292344356455,1
2018-04-17,-0.04969403409302749,-0.04670073808433803,-0.030822782630041665,-0.09410218999704158,-0.04002688727380961,0.14366980376985555,-0.012330474750295457,-0.015862168399441004,-0.07210714363431975,-0.0223463737879696,0.03333588354509496,0.011996223641621095,0.02365992655680162,0.22599447188808433,0.6081279973164604,0.668790970980422,0.6545347391334287,0.8817643203176494,0.8241867563783098,0.8197406116342207,1
2018-04-18,-0.05462983638167798,-0.039500965398418075,-0.10272092415964103,-0.05132920260105492,0.12446527229257547,-0.025465834462697186,-0.030717092192487968,-0.08145023086166282,-0.0319396022621906,0.022829974518787214,0.0018162067918411505,0.012283336450375363,0.20853165068960486,0.5830014291082369,0.646470307656981,0.6441147951499485,0.8663367766978819,0.8000863579159659,0.7966729449426915,1.0484301774813727,1
2018-04-19,-0.047558399187044055,-0.10992858401047238,-0.06157563614070367,0.10586227975200538,-0.03732244298775226,-0.042945152543561245,-0.09180607673026991,-0.042727201315046134,0.012073991733450643,-0.007968967591548876,0.0020966112672301173,0.19201217693038233,0.5552744529196451,0.6204101217151607,0.6222633923692704,0.8545917480661497,0.7854145165861168,0.7730655879037853,1.021482919933375,1.4136544376827394,1
2018-04-20,-0.11673064996611683,-0.06962483497562587,0.08963402232115145,-0.0487447900224417,-0.054042390164543284,-0.10101966218787284,-0.05573929164126263,-0.0002964315311482177,-0.017932243483591993,-0.007694974895729353,0.17762612332810512,0.5291090590086063,0.5916076241364965,0.5967926337516665,0.8287377587484384,0.7741757571376701,0.7586437486206712,0.9938470178006067,1.380511354386467,1.9963358717396111,0
2018-04-21,-0.07714531270046007,0.07849215289152718,-0.059089571772031974,-0.06472265357844878,-0.10959391277422459,-0.06673261560592424,-0.016219102418601476,-0.02922357751022715,-0.017665302844882422,0.16382084752019532,0.5068468041626597,0.5644314900856017,0.5686691525115687,0.7982394436723744,0.7498510182114763,0.7475724735555705,0.9773824606626573,1.3464417420136034,1.9533079231001091,1.7704478069491079,1
2018-04-22,0.06833149925629078,-0.06718961774362348,-0.07445940768863384,-0.11780862563331279,-0.07679643148541135,-0.029162575319250542,-0.04316196224855859,-0.028966236635310776,0.14943602461043867,0.48551350858157993,0.541343933700635,0.5421311360056547,0.7643242509894804,0.7212735592146853,0.7237536424887944,0.9649427034401692,1.326714901725268,1.9089739227401548,1.7312519232641224,1.7567789446507378,1
2018-04-23,-0.07475350306109853,-0.08224509649502705,-0.12552522616283243,-0.08646679928228429,-0.04085858275944763,-0.054775922551638365,-0.042922273925126854,0.13212576499815346,0.46284892109316605,0.5192218205014725,0.5195646229345742,0.7323433718053048,0.6895711798987242,0.6958116426638333,0.9369901981461997,1.3120896364684314,1.8840424122491375,1.69089711737158,1.7178149455862624,1.7860781597832156,0
2018-04-24,-0.08954061885905966,-0.13226647272396136,-0.09537609347976932,-0.05212398483625942,-0.06535918460015519,-0.05454806180135603,0.10711946274936851,0.43426765459890265,0.4956896444080846,0.49794051940381195,0.7053325878797148,0.6596698309894585,0.6648413080672756,0.903855985644308,1.2775355264796977,1.865930371620657,1.6679833009604499,1.6777009273656316,1.7466171158854589,2.0417052357904435,0
2018-04-25,-0.1386703672306732,-0.10273397615431293,-0.062340173433296245,-0.07553717323402409,-0.06514122302460863,0.08808976970758167,0.3885356310142533,0.4659273543418955,0.47495608400937184,0.6794606803841968,0.6343570498131873,0.6356279110564103,0.8669042567416139,1.2361091908688417,1.8208440136139492,1.6512229782605399,1.6549092049773253,1.7059869691351388,1.9979076212097628,1.4516132377140236,1
2018-04-26,-0.10966428553848064,-0.07037373529087583,-0.08486238753887586,-0.07532888547583251,0.071299855352035,0.3556192777133414,0.4180236023838072,0.44593941770201456,0.6518042571544148,0.6101080818384241,0.6108768645319383,0.8320697392460034,1.189604991557894,1.7661883646441083,1.6102196559979254,1.6382306769762587,1.6829335381303416,1.9527744041112505,1.417826204559443,1.6794583950794226,0
2018-04-27,-0.07788086391510997,-0.09243530561218632,-0.08466202604150672,0.055056510523659175,0.32720682045190436,0.38365214633359496,0.3994067579993712,0.6164277473340677,0.5842366641694857,0.5871647987305955,0.8027288686865037,1.1457933720115674,1.7044440847503473,1.5606926138765336,1.597474425993825,1.6660796831396694,1.9274376420309627,1.3830879183139064,1.6418060959870153,1.510009361780227,1
2018-04-28,-0.09954918814529545,-0.09223904208129319,0.04076163497604608,0.2996055230392796,0.3540218300750597,0.3659539620057493,0.558200272272852,0.5512900314029496,0.5618838980543902,0.7746298801768524,1.1091224115048604,1.6463103314725374,1.504856454799553,1.5482577243982107,1.6247938347091775,1.909054110375047,1.36302201962435,1.6030541395617113,1.4752316709708417,1.7295511690750593,0
2018-04-29,-0.09935642299938716,0.03061934584289623,0.27600448723578863,0.3252303985536305,0.33709252506912535,0.516911709067757,0.4975307423010755,0.5297411191928524,0.7445239805840643,1.074017372698304,1.5979448922916868,1.4522749619563187,1.492779075533032,1.5749119179968551,1.8631476792260147,1.3481696082781578,1.5809530655052162,1.4394646914474285,1.6910490740278226,1.7690184696753077,0
2018-04-30,0.021312021955672878,0.26105080801553615,0.3006542240831689,0.3090524691246237,0.4814920688686842,0.45923595573643955,0.4774599990074025,0.7058130685977607,1.0362058016497437,1.5516623500196585,1.4084431203847894,1.4405335591983184,1.5186669457626214,1.8074619553321325,1.3129293746667599,1.5647372249560052,1.4188771825792823,1.651414694313242,1.7298468338994812,1.6157935139239512,1
2018-05-01,0.24763605793643925,0.28519638714514556,0.2850919356756731,0.44704310892650306,0.4263219790162094,0.4401556160680657,0.6414541191406046,0.9870053793418366,1.5015570948337278,1.366493759984415,1.396976053154412,1.465701263565692,1.7445310360094959,1.2706412150282385,1.5253785802080815,1.403675327857529,1.6288661778758056,1.6895172068979851,1.5792212540099557,1.6310500400864503,1
2018-05-02,0.2713512436501504,0.26995239210748945,0.4178314276826891,0.39432164044847434,0.4080705649796573,0.5960573417776455,0.9033577656019142,1.4356216316679753,1.3211543963416585,1.3552889007922198,1.4215557191417907,1.6852821174608035,1.2231442001966792,1.4779173795081213,1.3673795561321545,1.6123505813356591,1.666616157718971,1.5415908041285997,1.5942189617205405,1.7088367735070655,1
2018-05-03,0.25637897185677744,0.39997698132415666,0.3671162418288865,0.376880281328332,0.5571993013854817,0.8450371858097679,1.3212007430116297,1.2617066051225632,1.3102379291691701,1.3793065236810242,1.6360061102931578,1.1783995648057435,1.4244610559433555,1.3237655594597615,1.5720864855319894,1.649864388197029,1.5200584022324652,1.556319756229834,1.6706860866202544,1.8204218360019966,1
2018-05-04,0.3840858810209871,0.35029906627428536,0.3503386027597176,0.5193902173572879,0.7953624734865853,1.2422614350748789,1.1592155894840328,1.2511827177641437,1.3336373835781525,1.5888532533100985,1.1409667671243537,1.3741160553732206,1.2747411892252738,1.5234879686838296,1.60888690189518,1.5042235333886782,1.5346510788622787,1.6314166071420646,1.7803781708038657,1.8686938542088531,0
2018-05-05,0.3352934716547132,0.33386457797686975,0.48742541199254436,0.7469829619790807,1.1753297258889635,1.088269542232797,1.1494135985731693,1.273740677089044,1.5377907741617172,1.1051335695090625,1.3321103810253048,1.2285611947351929,1.468721464516612,1.5593923117270951,1.4660156620808755,1.518724914712736,1.6090531173608384,1.7391430334068416,1.827831281161714,1.9111825539078737,0
2018-05-06,0.3191519270683967,0.4681475693309408,0.7063572565651489,1.1100860777032353,1.028027851636075,1.0789512368133587,1.1704241723981925,1.4705522693737203,1.0665211260273972,1.29190645888167,1.1899563806008502,1.4171451986851977,1.5035935370834594,1.419999921307284,1.480241274334487,1.5926614761075493,1.7157828352771303,1.7857457945089301,1.86959918378263,1.7630636306946146,0
2018-05-07,0.4510413326221155,0.6826016306399558,1.0556427095247822,0.9693219219633324,1.0191143703624101,1.0989250304762601,1.3537352791237494,1.0162304989655555,1.2484868322066471,1.1530029776023607,1.3741341570079302,1.451047176918883,1.368208757918207,1.4338791464039067,1.5527718029968176,1.6987234671579932,1.7619544174878043,1.826765225540935,1.7239930154387915,1.5924975153414331,0
2018-05-08,0.661672763895852,1.0247431956990822,0.9202352460001677,0.9608040489046583,1.0382204232083416,1.273190533757931,0.9305781592800552,1.1916523240548853,1.1131584655114073,1.3329693115840855,1.4072440222992446,1.3194286209057782,1.3816889473247587,1.504643589841197,1.6568168402117578,1.7446061888105893,1.802594327813727,1.683768287571069,1.5563204590422515,1.5103831884518357,0
2018-05-09,0.9977156772673906,0.8921052026236811,0.912041515291969,0.9790621152871829,1.2049151418539334,0.8709143718056405,1.093966751017219,1.0611906586647495,1.2884928042448216,1.3653220806930817,1.278700707528863,1.332533809505361,1.450418872384914,1.606155177950595,1.70182702184786,1.784991846052366,1.6609204286452415,1.5191003863481911,1.4755991558815935,1.4579287094837987,0
2018-05-10,0.8674419480024029,0.884079057176106,0.9296047823376637,1.1383584002493363,0.8201154518884518,1.0262404493039805,0.9724542324185517,1.2302195946508958,1.3200128738734929,1.2397180606621656,1.2914996960173377,1.3993517601426682,1.549011944054856,1.650069382234402,1.7414446753451622,1.644204292978587,1.497776070693659,1.439825591109753,1.4240345378752115,1.265271636818933,0
2018-05-11,0.8595588680881554,0.9012831051078127,1.0828391464571432,0.7706373256758039,0.9686935485244743,0.9107240434141679,1.1298884615946767,1.2606061342758816,1.1976416652861381,1.2522243851595036,1.3567564585989604,1.4952021046651849,1.591663589752841,1.688722363975097,1.6033344432640495,1.4820806054920126,1.4192347431193608,1.3891849996680066,1.2346457849291566,0.9429494846357778,1
2018-05-12,0.8764562549571119,1.051383387602938,0.7291114681939979,0.9126210610524862,0.8581956334688006,1.060389580168654,1.1581906065219896,1.1426356595116165,1.2098261004924968,1.3159889747773799,1.450367278987999,1.536667238729474,1.6292052760764784,1.5539750529260492,1.4442938205970532,1.4040306514126006,1.3690626894543914,1.20319005134092,0.9177916481747537,0.9947882490858705,1
2018-05-13,1.0238810094409354,0.7048904534707214,0.8656921010124183,0.8070273895345799,1.0013591057017734,1.0872951377085636,1.0483124329909452,1.1543819160258886,1.2719495093984825,1.4074592731764726,1.4908635884862684,1.573164565642293,1.498332027583179,1.3988069967362813,1.367728122589795,1.3541724862203164,1.1847886068814328,0.8920138707276752,0.9687509969163677,1.2103455038574322,0
2018-05-14,0.6835642898739311,0.8386776211677992,0.76411673085277,0.9438368184972417,1.027095779109067,0.9828389727107409,1.0592529434381093,1.2142712325343716,1.3610655342055533,1.4470295867200813,1.5265081626537962,1.44593203556292,1.3476251420962109,1.3241056384834602,1.3188180974099675,1.1710512667675432,0.8764914960361262,0.942060039196181,1.180651443159918,1.1890153937714942,0
2018-05-15,0.8149667097958815,0.7391797582496474,0.8957199622628641,0.9684312177342239,0.927177604213801,0.9932396166940203,1.1150340931293716,1.3001824519866942,1.3996173822381253,1.481859105592604,1.402248395198237,1.2994176136956341,1.2750714907817902,1.2763865500639118,1.139179247487309,0.8646829370301956,0.9260746264586129,1.1501632762494491,1.1596831864875814,1.0029376705269515,0
2018-05-16,0.7172423899709002,0.8680913266529605,0.9193784369653656,0.8729477243737971,0.937126402971312,1.0462682099866862,1.1950521476307965,1.3373478920272388,1.4335504547456581,1.360440684507035,1.2591572535007716,1.2288823077449835,1.2287243535514816,1.1011218240383596,0.8386370461454457,0.913955863425891,1.1322524470573525,1.1295707661050312,0.9767621679707674,1.0710752778592068,0
2018-05-17,0.8438561178471303,0.8912659177876251,0.827528508434592,0.882454964283881,0.9878512238488253,1.1223377225677638,1.2296681876042963,1.370060657718903,1.3152571156522734,1.2206214907969601,1.1902699908693768,1.183824485771152,1.0584985890247007,0.8078976879454349,0.8869729618656294,1.1188437858346647,1.1118504632999024,0.9499276518348626,1.0437438588211816,0.8653782512964434,1
2018-05-18,0.8666176233652954,0.8012945833624275,0.8366739562552941,0.9309284587461619,1.060615975095745,1.1552456119769514,1.260136988823683,1.2560214034253987,1.179036605243451,1.1533094168016322,1.1462649358961758,1.0183341739252831,0.7737048151945586,0.8550566462083025,1.0879645829051954,1.098569441809966,0.9338694462323355,1.0157090455807323,0.8415363675177091,0.9224813748749621,1
2018-05-19,0.7782500222673593,0.8102529805817449,0.8833028220969642,1.000463682441361,1.0920942152694084,1.1842109107727026,1.1539203698124303,1.1246996777427787,1.1134570175415424,1.1103105893932304,0.9846412720950467,0.7414629812833656,0.8195079263317808,1.0511542131327047,1.0680757909103797,0.9217019169264614,0.9990422162022677,0.8171250678560793,0.897670768473093,0.9067322770981079,1
2018-05-20,0.7870487366246711,0.8559281525673494,0.9501919261923367,1.0305448197296514,1.1198011466030242,1.0832356185522185,1.0316067876065036,1.061478474116958,1.0715648991482771,0.9523826415897196,0.714239119505883,0.7859919112410712,1.0099675756207158,1.0317497041333912,0.8945717106422053,0.986466950323298,0.8022955806724358,0.8722535527457945,0.8821888453506941,1.0102206936820677,0
2018-05-21,0.8319097515678167,0.9214491829070768,0.9791283445492186,1.0570220306755498,1.0232126215657777,0.9669576780496197,0.9727223048855472,1.0210928870758165,0.9177017199468515,0.6881635536435147,0.7577276399191575,0.9711532282867167,0.9911209573959319,0.8624703689249474,0.9581051239155413,0.7909512092141889,0.8569140048181525,0.8570490622659679,0.9839216387026002,0.9281679382442646,0
2018-05-22,0.8962628736991836,0.9497937686318462,1.0045979817345176,0.964720406884338,0.9119862559813032,0.9109788876743518,0.9351070070754223,0.8727629611997144,0.6602831348102667,0.730657657664881,0.938562699816996,0.9528308977280611,0.8267085002638478,0.9244567726211053,0.7663074557939908,0.8452279273207217,0.8418501895943532,0.9569588264326268,0.903260862468419,0.7697533886988043,0
2018-05-23,0.9241022189819316,0.9747424787891895,0.9158088387096057,0.8584306157535279,0.8584394062835562,0.8752197407188691,0.7969519189668997,0.6246017061768042,0.7016835204480149,0.9073577102990736,0.9206684668480996,0.7929921748545121,0.8869127592652043,0.7373292900629834,0.8195520073941317,0.8302583549593929,0.9408355668719924,0.8777434734915125,0.7475337273472741,0.5675659348883249,1
2018-05-24,0.9486062199637677,0.8877693280398719,0.8135638393350655,0.8072603429483464,0.8242337785000939,0.7438820035232717,0.5658135303355368,0.6645132442378371,0.8738356457778657,0.8898726501053325,0.7645643437730472,0.8515216320390999,0.7051652992669837,0.789277361165475,0.8048671075728052,0.9286244558346883,0.8623531316219426,0.7248069342333827,0.5487762708529819,0.7100730600666029,0
2018-05-25,0.8631833601079298,0.7876155317421557,0.7643408193695641,0.774572868054265,0.6986018735212759,0.5241492860569862,0.602987297023551,0.8304744061098494,0.8568006181760094,0.7373380322090052,0.8217262718941014,0.674830142851703,0.7556198335000955,0.7749500319435079,0.9013626053934247,0.8506330256349351,0.7108315945202228,0.529611167456203,0.6888658421836447,0.6177334742182826,0
2018-05-26,0.7648147988742547,0.7393992635144617,0.7328972459600771,0.6545169004840337,0.48841521680775346,0.559488689525107,0.757564189080872,0.8140519950132166,0.7081919547049714,0.7931928853186203,0.6491631440202351,0.7238810995472866,0.7417044232190749,0.869095908492548,0.824854318332131,0.7000594438267614,0.5174418214725444,0.6671903646128158,0.5980927458759387,0.6252407933763644,0
2018-05-27,0.7174579825682973,0.7085988012386489,0.6174099334107354,0.453658985877481,0.5222193364257356,0.7064378862828068,0.7422682894934561,0.6707876210959939,0.7626092088566332,0.6245756172111012,0.6970680349208842,0.7103527973348033,0.8331435517649286,0.794450563255395,0.6771441559293978,0.5078795638582109,0.6537481059452552,0.5780439021401979,0.605472707554223,0.6040118363898029,0
2018-05-28,0.6872065365781976,0.595473534997828,0.42419554155964917,0.48596277279594674,0.6627844772449564,0.6918967726134773,0.6088312768040627,0.7232479128733408,0.5983318323687125,0.6713851061916235,0.6838558187844683,0.7992482118452613,0.7606443030598162,0.6503370758007,0.48861891172781896,0.6433330833287904,0.5654264459511487,0.585291616535357,0.5846038879753842,0.3595643768441118,1
2018-05-29,0.5760977210300867,0.40621093084489224,0.4552700280002986,0.6202891924306937,0.6488750872265282,0.5650442943971209,0.6576930030531004,0.5648783068113594,0.6439365330661349,0.6584750029846573,0.7706742097104683,0.728765795096223,0.6206741611099779,0.466402335135661,0.6214965461624603,0.5555639849488785,0.5726071029148533,0.5647967615936857,0.34430334315851896,0.5748093763958592,1
2018-05-30,0.39020871078707264,0.4366498550374812,0.5844847394549137,0.6069971447039982,0.5275335837874154,0.6114949076092698,0.5101869165370136,0.6088429636523238,0.6313587116553624,0.743308188844229,0.7018386005350662,0.5926894349471984,0.44202764984235043,0.5960444598995283,0.5353965303432545,0.5626997179901487,0.5523018708329541,0.328802349460277,0.555896831417794,0.5949344452109627,1
2018-05-31,0.4201050630873415,0.5632217555593582,0.5716985123201762,0.49104115721606356,0.5719661981287576,0.4712676029848972,0.5511357743190763,0.596717467953965,0.7140084507273784,0.6760465871876044,0.5689416373310155,0.41901263025172025,0.567942489087232,0.5120409401161083,0.5423965649690587,0.5425215203391754,0.3184909303779901,0.5366041291485447,0.5756804896719407,0.6248625687439125,1
2018-06-01,0.5444208275136654,0.5506970433905233,0.46015515766641574,0.5335017129747632,0.43783092378815847,0.5101958132699635,0.5398420389742238,0.6763949433178544,0.6484780363010214,0.5461884700373869,0.3993227564487325,0.541424687384115,0.4863541187269095,0.5188705270979287,0.5226020909568989,0.3101733575390107,0.5243700827608992,0.5560332686167625,0.6051008992915794,0.6721054641136334,1
2018-06-02,0.532119367544521,0.4414350698104402,0.5009999034392998,0.405319782206666,0.4750679382209977,0.4994593744967949,0.6140539592198895,0.6132211445900446,0.5219622230600196,0.38044812523597193,0.5188746803438149,0.46210599616565506,0.4929873511619005,0.49955803948149846,0.2946724339144577,0.5147644802723716,0.543619459600918,0.5849264709946517,0.651542345306886,0.7604473035561559,1
2018-06-03,0.4248049817106043,0.48144442354894734,0.37769585615707246,0.4409041013166478,0.4647979329311027,0.5700092602190611,0.5552136296111441,0.4912551141362901,0.3604877232785485,0.4972663531654143,0.44140925448506274,0.46855470096227886,0.4742301086524093,0.27717836541967533,0.4953728994423473,0.5338934283666028,0.572245335780185,0.630535696555752,0.7383855147454877,0.8825083087778306,0
2018-06-04,0.46410117125739897,0.36066229718841625,0.41192603618128454,0.43108991102607136,0.532282851801955,0.5140724441925291,0.4416139794794506,0.3355875872609299,0.47429926954307366,0.42157226577824125,0.44770728658360015,0.4503192598062726,0.2582439778957203,0.4729918663360467,0.5141380772090023,0.5623402141579581,0.6174325748569945,0.7158226555806841,0.8583758231339461,0.8394962517385577,1
2018-06-05,0.34547197863536816,0.394192371992571,0.40248531878551264,0.4955796378419208,0.4787761529207559,0.406078441229798,0.29662462035939624,0.4453062237071549,0.40055340572274944,0.42772628593302814,0.42989791286383455,0.24034157380396554,0.4484277282374474,0.4913001206001413,0.5420438977295629,0.6072447509648268,0.7019304403695499,0.8336627641473179,0.8160934416379771,0.9080604612725308,0
2018-06-06,0.3784043819836916,0.3849447443066747,0.46452092924066835,0.4444477338343008,0.3754738377735841,0.26824367448338915,0.3988169985719803,0.37421242094738155,0.40654903296323786,0.4103241445814428,0.22482631350771132,0.425234667041433,0.46620960968004777,0.5185264471445387,0.5860944964116885,0.6912139774440269,0.818680266597233,0.7921380735880588,0.8834944976218371,0.8983057841239517,1
2018-06-07,0.36932159267451525,0.4457115488520052,0.41533481797205063,0.34573029896511137,0.24362715997622322,0.3653933046333444,0.33259994543025234,0.3799924324405676,0.38959479002835945,0.20994174959411893,0.40539941659301565,0.4425218803685274,0.4926531637047187,0.5615044338807502,0.6684669015250617,0.8072333885907251,0.7775397715152002,0.8583313175368158,0.8739053031271483,0.9129553916901906,0
2018-06-08,0.4290052327846049,0.39753143443263356,0.32037401356107326,0.21973538965802492,0.3365562248766624,0.3024437742000988,0.3379834713262768,0.36364790081923837,0.19436986133426243,0.3863858353677436,0.42228271763748376,0.46822981015237264,0.5343955086471165,0.6418711085754325,0.7822800011176623,0.7663502783718483,0.8431205811602805,0.8489139592893277,0.8883063882767466,0.8963091099014744,0
2018-06-09,0.38168392584763045,0.30451285044883325,0.1991737620012212,0.3085399716143368,0.276341471716473,0.30756164657814944,0.3227601089946364,0.17544368358768367,0.3662726079095296,0.40288307978971477,0.4473899867825021,0.5088109389897083,0.6124515953030412,0.7529129112077928,0.742174354579663,0.8315207986491779,0.833790354361513,0.8630569801740813,0.8719425013685421,0.8321516571316468,0
2018-06-10,0.2903233922211195,0.18579149116267946,0.2845989409387256,0.25099773778553325,0.2812370034198662,0.293089490767458,0.14746594592912282,0.34116443490549797,0.3823452442613016,0.427416241566706,0.4870229456591794,0.5846956099034633,0.7203008823567844,0.7137838188339194,0.8061055436928944,0.8222489440003573,0.8478025209380212,0.8469863305046751,0.8088734439796673,0.5171301199469776,0
2018-06-11,0.17371823363112512,0.26946948052489744,0.22924644095502533,0.2556759904596506,0.26739357545719544,0.12644532994917565,0.30181891863165905,0.35665906442677464,0.40624696855627696,0.46614294602055506,0.5611345864109775,0.689544674300355,0.6822967738540241,0.7761583127100626,0.7970100095393893,0.8361734470820625,0.8318805604180324,0.7850474566929703,0.499196071364662,0.5872336157758126,0
2018-06-12,0.2559046681425034,0.2152490977008032,0.2337466656393546,0.24244697718609204,0.1079890979305404,0.2731816567954276,0.3162506787372291,0.3797012309242148,0.44397692041176967,0.5385599365590453,0.6635338733839157,0.6525977891738292,0.7428779652198756,0.7672842506563562,0.8106697138970657,0.8203510981885609,0.7705147585512945,0.48091943419101074,0.5681103005104434,0.40633229244284674,0
2018-06-13,0.20265076020185296,0.21965727990125705,0.2210210742209262,0.09011736960976513,0.24835061675155357,0.2869012724966342,0.3377122450655514,0.41607433195514865,0.5145300336980552,0.6386177428718479,0.6274502448404504,0.7114936929695893,0.7342590375451189,0.7806113474556784,0.7951482545774006,0.7593692155839621,0.4692005947240015,0.5485987355728704,0.39027786716957563,0.2820019394264621,1
2018-06-14,0.20698036683429205,0.20719196327466607,0.07448827492134395,0.22424920462830703,0.26147419793182736,0.30730380415019837,0.3715902973063803,0.4840902024083571,0.6120125401025742,0.6033592091203451,0.6849700576208818,0.7031145323141054,0.7472029726599138,0.765467828576833,0.7353260488824788,0.45994014586331555,0.53625371247529,0.3739530201563058,0.26805670920525654,0.39917681015216233,0
2018-06-15,0.1947372436856199,0.06365617940493824,0.20351580655604867,0.23679032017415416,0.28099036268964245,0.339510122301938,0.4349405519481162,0.5780670266508201,0.5776614947528518,0.6595637634338343,0.6767866743786114,0.7156983844977922,0.7324948386432527,0.7071022662506504,0.44159114541925326,0.5265737631321187,0.3632238572391699,0.25392203834544136,0.38324377364258805,0.29538933223091446,0
2018-06-16,0.05375997605572704,0.19004472847032314,0.21557967776606077,0.25544029641748645,0.3117975106438602,0.39973431823509675,0.5224709431128867,0.5449513193260638,0.6324194494565499,0.6515675029163669,0.6890765073723008,0.7013994110618108,0.6758073197436344,0.42051967344408875,0.5069576081815954,0.35462642441708203,0.24430342820347783,0.3670449760315705,0.2812169923620793,0.28253409268840013,0
2018-06-17,0.1778956572536368,0.2018618589619909,0.23351994078706845,0.28488012666081897,0.36940532864389464,0.4829454664368638,0.49162684043970606,0.5977400593253426,0.6246289976584228,0.6635763143607692,0.6751116265914201,0.6462888629814671,0.3974641410172327,0.4842944927119353,0.33828014815628643,0.23644999027724073,0.35637972784259886,0.26684649213505096,0.2685798347840923,0.2536482858751134,1
2018-06-18,0.18950214814411198,0.2194351922215622,0.2618394566388931,0.33993112927651603,0.44900145453491674,0.4536233856768551,0.5407944846804915,0.590229769054759,0.6363287248629141,0.6499307570755509,0.6212887254470364,0.37568881853075947,0.4594053976158008,0.31972425174930424,0.22235104512671183,0.34782511354529166,0.25710830213289554,0.2544357896294569,0.24018405956266856,0.2944569645323127,1
2018-06-19,0.2067622378533958,0.24717549286437135,0.3147955276606394,0.4159945298139811,0.42095324126064293,0.50036482116239,0.5337993701887621,0.6015087487172092,0.6230343785798163,0.5973385801464176,0.3570111969255774,0.43590695236683524,0.2995666455663086,0.20661796939660476,0.3316081760788506,0.2491747538259379,0.24481242614876694,0.22654886042769676,0.2803004417611442,0.3477866377080003,0
2018-06-20,0.23400806939742647,0.299048460562389,0.3879643828972378,0.38919118408880965,0.465664043402353,0.49371488505546796,0.5443046571012737,0.5886924959335486,0.5717958254548928,0.3391040695036375,0.4158223461058263,0.280514700228861,0.18971223376947507,0.3132147391427307,0.23483382509211748,0.23695580380857875,0.21718351288713175,0.2659463659184291,0.3327254067938765,0.302333712401161,0
2018-06-21,0.28495640473767425,0.37072080314668665,0.3621810217884271,0.4319175808020427,0.45930300689495657,0.5037017818869187,0.532367547835631,0.5392965922061921,0.32020778584801546,0.39657043228471645,0.2640608028667308,0.17371629097253302,0.2932442851845102,0.21879679937473032,0.22284723973111875,0.2094997436943064,0.25621650407999264,0.31743188715785425,0.28804356499828937,0.28249451104081785,0
2018-06-22,0.3553511923631655,0.3454647856186031,0.4032814921040053,0.4258388670169273,0.4688560333179223,0.4923537168893082,0.48636000491166786,0.29675620366171696,0.3761950724405076,0.24827909600654036,0.15975771708720496,0.27436821944145245,0.20154091539344232,0.2071020818891651,0.1959133045100983,0.2482885350768171,0.30722567006820667,0.27355073409753256,0.2685409246170713,0.07214883986757278,0
2018-06-23,0.3305453617449734,0.3857246336004865,0.39743409998341833,0.4349679002081896,0.4580009732726131,0.44861644550617863,0.26045691387104936,0.35073006611126845,0.23172047649264163,0.14636102349580582,0.2580579333738662,0.18521591452316108,0.19018242774992858,0.18082397568143493,0.23396445933894208,0.29897857541568246,0.26375051498918695,0.2543975767240341,0.061763650364597036,0.09122279604132791,0
2018-06-24,0.3700875804911504,0.37999683739626483,0.4062157335062658,0.42459462172457285,0.4161638224295551,0.23386068653290074,0.31072838591711244,0.21145108969110488,0.13242558364635823,0.2424134892157742,0.170988654233044,0.17417340478647075,0.16465983218283967,0.2179486022803274,0.28369054010783595,0.2557754113960408,0.24477456679746432,0.05132570555141232,0.08051402751674593,0.030073548487744347,0
2018-06-25,0.36446188189082845,0.38859886136211813,0.3962372036701874,0.3846143346653907,0.2107379053924431,0.28165148073684104,0.1810033884471804,0.11572705635052603,0.22600583939816352,0.15733515199678455,0.16020415052828477,0.14936081362992445,0.20071710445248273,0.266463875708302,0.2413089596405327,0.23691818131451214,0.043581560786885125,0.0697400800867401,0.020402142821454514,0.04930583125182799,0
2018-06-26,0.3729105753253067,0.37882442104066677,0.35777834151729054,0.18830586319828427,0.2564524779478544,0.15832784598209312,0.0918456397180582,0.20594196332940995,0.14311725870203845,0.1467972487088869,0.13597130060257104,0.18441502089874154,0.2478375359151078,0.22511426735615628,0.22281033269442718,0.03698388729115441,0.061825561520093254,0.010705387087155563,0.039308160641686636,-0.06395045636323841,1
2018-06-27,0.36331036378237674,0.3411521527687155,0.16894026658242378,0.23199147985055735,0.13848651101424472,0.07356964321262022,0.17587216604950529,0.12603423560375263,0.13285058124219848,0.12311851152280605,0.17020647332801186,0.2302246250954957,0.20767675254332557,0.20706607352194972,0.026678138152563455,0.055113749154065236,0.003337070352344479,0.02927261324417378,-0.07202679726058206,-0.0007561570179105726,0
2018-06-28,0.3263096013019895,0.15617635731686558,0.21096345432009667,0.11926121198619391,0.05741054074188069,0.15344982702539248,0.10144578783024222,0.11613677011190607,0.10978129025477752,0.15657085658213035,0.21494574528282395,0.19118106090504086,0.1901474546439443,0.015709608280884847,0.04446322905596856,-0.003008823901483007,0.021732508490762456,-0.08006724680511423,-0.00990455393588136,-0.09712427499792531,1
2018-06-29,0.14463098766697127,0.19734005050680933,0.10252306654006516,0.041783647195744435,0.1338204125482691,0.08269606589497853,0.09222724875931138,0.0938971008165073,0.142372634815112,0.20028711223353377,0.17681442616250528,0.17413940458543392,0.004292597642920382,0.03306164034893065,-0.012554041850405713,0.015271527937693536,-0.08659571536941203,-0.019058220358694023,-0.10463784057592936,-0.07679689998406827,1
2018-06-30,0.1850609406377259,0.09111757924068885,0.02799386218975047,0.1148022095838573,0.06614047542561152,0.07393242151241185,0.07151313154484813,0.1253163900053019,0.18496371619657787,0.16302771076913863,0.16017094473514648,-0.006545219323715297,0.02114574882660854,-0.022567286068894923,0.005378677199764952,-0.09237896841777812,-0.026151157717701833,-0.11209390742765965,-0.08465530813478711,-0.018897745493063913,1
2018-07-01,0.08073187818188811,0.01811271057822246,0.09823374869507198,0.050126120036993925,0.057757558513474576,0.054240455619596166,0.10077718355961707,0.16637580381102762,0.14866330170891082,0.14676480220543447,-0.016292019066167868,0.009839099775849328,-0.03288381401821525,-0.005071220531988312,-0.10022465711992362,-0.03231256650213017,-0.11832605835548325,-0.09246945755394817,-0.02773838048709518,-0.0403905801301728,1
2018-07-02,0.009028316671019991,0.08691599023064894,0.036018867426480326,0.04211526323181261,0.03892108972150824,0.0820604543284017,0.13902008632188598,0.13138083088655325,0.13281896985077224,-0.025663127474204947,-0.00029051630614660226,-0.04268743302570639,-0.01589077041059063,-0.10810316192380678,-0.04130052265116007,-0.12391079872258291,-0.09888317816436275,-0.03657246867739987,-0.048866601179405895,0.06852052217254202,1
2018-07-03,0.07660518222935264,0.025973581473466283,0.028312858784246078,0.024114815918629965,0.06553247734645552,0.11841623666949241,0.10642562812890807,0.11610629553461323,-0.035170988941305506,-0.010027517977245156,-0.05158977717202999,-0.026167113121995118,-0.11596048433319578,-0.0506138031998617,-0.13115685464918042,-0.10458955788090075,-0.043503360398007035,-0.05732207632188841,0.05819688505435418,0.06456675537516902,1
2018-07-04,0.01674906804134464,0.018425182778723386,0.010997407274770735,0.049545106816775514,0.10030882030799398,0.0874301727988695,0.09219886461574699,-0.04584238032719082,-0.019937810650738512,-0.06015376064400318,-0.03545545123945616,-0.12345302168828269,-0.06012397767919191,-0.13828217457985278,-0.11220304091721361,-0.04955620961592019,-0.06406098815525584,0.04782285588767105,0.05431019170416219,0.08576492663583331,0
2018-07-05,0.009335219074373997,0.001463881845752735,0.035459964302240285,0.08277796676191156,0.07066891394913691,0.07390543800250989,-0.058640781872277496,-0.031157020136243233,-0.06877389802727621,-0.04438836513323424,-0.13046829400543924,-0.0691698118331654,-0.14527183304856625,-0.11978987754999128,-0.05821624780138977,-0.069985223894003,0.040111120250823994,0.04400581122378808,0.07514874781976259,0.0487428922639931,1
2018-07-06,-0.007323747745696142,0.025426109518869814,0.06742816847457567,0.05445357227626239,0.05773174727426501,-0.06949092995144646,-0.044962778468025606,-0.0782368559893527,-0.05341427417100479,-0.13722862701142413,-0.07745340049408457,-0.15194896795713622,-0.1273112001753801,-0.06711763817350457,-0.07825676872482548,0.03353515866839632,0.036329391715164576,0.06447094501679734,0.038754771599612776,0.03786233713974363,1
2018-07-07,0.016211354739600625,0.056740472355837374,0.04018164116787214,0.0420905975762372,-0.07943491371571106,-0.056487876346522435,-0.08881312648110348,-0.0634295974892343,-0.1438650021716232,-0.08542598166629733,-0.158298438187787,-0.13448797582474306,-0.07615331792192048,-0.08667018157136941,0.023294993122517423,0.029777089538869546,0.056605177634939635,0.028729140811496526,0.028058799020775762,0.09646956332638462,0
2018-07-08,0.046967541045960445,0.03005121456925808,0.028289131764820695,-0.08898817740776047,-0.06699676433222182,-0.09817440097711133,-0.07502158650259455,-0.1506275213161384,-0.09339565957140261,-0.16442240207150471,-0.14124541864505705,-0.08475323730831048,-0.09514371447130578,0.012408841286156186,0.01960839023523083,0.049926025250013516,0.02119406438334951,0.018224837698653386,0.08567178632295178,0.03169639603861241,0
2018-07-09,0.020754017585938218,0.01840194104480174,-0.09780152213213182,-0.07710207204885783,-0.10687226099536107,-0.08506341333257998,-0.1562380826211778,-0.1019731656362386,-0.17035886056354124,-0.14775931996522165,-0.0926727223490737,-0.10321534647122776,0.0010867295943745817,0.008812005494324522,0.039374158774408564,0.014736452466526393,0.010786949369755628,0.07480541299442908,0.02199745966930835,0.016395890267689058,0
2018-07-10,0.00931239162288477,-0.10510979784407123,-0.08636773510463577,-0.11520776928431616,-0.09433086665503405,-0.16227222966506882,-0.11092122052394582,-0.17616860315158211,-0.15412465487781332,-0.10029729574860291,-0.1107034680230935,-0.009661904418744397,-0.00240669510337418,0.028096486602920783,0.004853777122376163,0.004394446875370953,0.06684402886496722,0.012272116209483234,0.006956518439811812,-0.11214770923577343,0
2018-07-11,-0.11199775835736982,-0.09390986450876472,-0.12302334378121069,-0.10322300130311232,-0.1681854257796861,-0.11919155702288461,-0.1800271487217712,-0.16051821467969807,-0.10788421397504314,-0.11791574712320343,-0.019335883437165774,-0.013058146722297383,0.016323346101462827,-0.00558333953238241,-0.005291557185906984,0.060100819756429474,0.004889303755746131,-0.0024992946755538477,-0.11940641063627992,-0.08931789450255616,0
2018-07-12,-0.10099746312310616,-0.12981576100267805,-0.11149464867601355,-0.173799663789269,-0.12697634842405853,-0.18488740913058493,-0.16545031410465025,-0.11594068022873547,-0.12504919951942886,-0.028637390290666143,-0.02265277321841083,0.005150849832902667,-0.01638816569569818,-0.015481639586877479,0.04935546180850796,-0.0014663016447587123,-0.009745438819958627,-0.12659782797473818,-0.09696389096904327,-0.15471117426911496,1
2018-07-13,-0.13626333929031903,-0.1185228607316854,-0.1793855602582314,-0.13441957434908644,-0.18981811215267683,-0.1710298777121021,-0.12393061965757256,-0.13248837569868263,-0.03806869982203369,-0.03187843546884634,-0.004869226226641496,-0.02665067153673887,-0.026001883940670347,0.037834749469792935,-0.011040853346058083,-0.016009485740001328,-0.13269578547207048,-0.10455747330264065,-0.1612478102393459,-0.1398592605041229,1
2018-07-14,-0.1251717342500989,-0.18502520872587816,-0.14150405557801687,-0.19447222378977716,-0.17656260686088793,-0.13155899906123178,-0.13934320961297467,-0.04863588324569027,-0.04122632658782119,-0.014501530286612708,-0.03592771140853205,-0.03599694902171067,0.025781628319839114,-0.02109094301307106,-0.025307473418215525,-0.13819062535936022,-0.11085935295971543,-0.16768943893920726,-0.1466478509027523,-0.1375283412576182,1
2018-07-15,-0.19048868211100695,-0.14791848931268492,-0.19927143887211288,-0.1818050393376561,-0.13880649972839176,-0.14621104493793544,-0.061242661699002915,-0.051679954910818816,-0.02429667029071859,-0.04484982651566686,-0.04505561498895456,0.014346015313267265,-0.031449916672865896,-0.03501017740659926,-0.14516512546449784,-0.11649080683725495,-0.1734072079060083,-0.15335110764896018,-0.1443564744004144,-0.10840064659799645,1
2018-07-16,-0.15404338761685565,-0.20450436416701678,-0.18708629622948253,-0.14572466648777066,-0.15282200261912543,-0.07196441835911596,-0.06407792226170134,-0.035359125738495,-0.05386385840462065,-0.05376900979799989,0.004111096050945014,-0.04129342478320268,-0.04496896508606662,-0.1519493504028743,-0.12387796685726327,-0.17864734731215043,-0.15920153797839856,-0.15110079210740512,-0.11572291482497482,0.05655367072020459,1
2018-07-17,-0.20962062284240005,-0.19256844259086098,-0.15237893948127287,-0.15911811746516452,-0.08180094397657778,-0.07465977118153405,-0.048876636486166386,-0.06386301369961953,-0.06255347866997979,-0.00572655368628966,-0.05022833965336568,-0.05443639138393723,-0.1585460697198779,-0.131180524379073,-0.18485249225332762,-0.16453055148299445,-0.15697204284614105,-0.12298033959472925,0.046433044558389945,0.15412682997105373,0
2018-07-18,-0.19789745831098027,-0.15857095069339497,-0.16526271102920304,-0.09124919583549737,-0.0843791999820556,-0.06020860254521063,-0.07542527209995303,-0.07224013639097396,-0.01574754509836421,-0.05882345400245892,-0.06306422346754931,-0.1648539331506139,-0.1383743593683617,-0.19067034794830834,-0.1710041519303397,-0.1623150046101922,-0.12911176688210213,0.036269820814895715,0.14235092961662765,0.0696947777174793,0
2018-07-19,-0.1645059695493753,-0.17119121221279615,-0.09997649891278308,-0.09371302076463134,-0.07055584742765879,-0.08544717880673948,-0.08322775778639965,-0.02711744561288576,-0.06747783097880526,-0.07136583017029925,-0.17090188145000337,-0.14524337275267976,-0.19615381635481774,-0.1771592083832195,-0.16883073754740094,-0.134629029254403,0.028664976373706387,0.13046887856006142,0.059351220009305546,0.025908679569933236,0
2018-07-20,-0.17690127570797487,-0.1072402901202133,-0.10234656451982006,-0.08050319188985348,-0.09469795983490174,-0.09286464586198087,-0.0412003025488941,-0.07698739832035133,-0.07969738995341512,-0.1767376527151788,-0.15174951787442792,-0.2014154826653906,-0.1830311298094374,-0.17503871564721193,-0.1416712593243778,0.022160624628972732,0.12199248392891898,0.04895650541520918,0.016307928580484795,-0.10356288967128892,1
2018-07-21,-0.1140902747438738,-0.10956188109748816,-0.08963942744983351,-0.10357380173796109,-0.10179318270203393,-0.05291106220064392,-0.0876493765949683,-0.08876751547605966,-0.18235713979816812,-0.1580232305573004,-0.20660917767123602,-0.18865785167640528,-0.18097160245703822,-0.1485405583065002,0.012136765696147805,0.11490425277989297,0.04123428100613109,0.006684540261018587,-0.11096722774465116,-0.06654965122113315,0
2018-07-22,-0.11637048350928848,-0.09711464137505832,-0.11183209961895085,-0.11035411639277432,-0.06357534117923509,-0.09706807707113568,-0.09862142497942591,-0.18773539826624128,-0.1641243916989443,-0.21162845942755534,-0.19414962617928502,-0.1866556176153562,-0.15523528235337988,0.0015223115980878437,0.10311671192232885,0.03465129265903444,-0.0006465747235948208,-0.11830987337640772,-0.07458189822828329,-0.09337281439930574,1
2018-07-23,-0.10414511504510782,-0.11885340983634733,-0.11835439362541271,-0.07383250237093034,-0.10581400018777358,-0.10749870273208358,-0.19080050810127874,-0.1701583392966288,-0.2163499227117276,-0.19945381029884127,-0.19219417391670449,-0.16163524745247496,-0.009486806114828843,0.09028693771329785,0.024389901877696,-0.006967546332697486,-0.12448451283402077,-0.08257656092786704,-0.10095002141273292,-0.1111185863986374,1
2018-07-24,-0.12549639133794424,-0.12524230424989313,-0.0832225868630394,-0.11419647740572852,-0.11579147809996158,-0.19512915022221977,-0.17442916485214988,-0.22050572704834662,-0.20448862617328065,-0.19754307176220554,-0.1677583996995912,-0.019941298532167296,0.07672578603672914,0.013477089513541141,-0.01643748226671313,-0.13003072442405902,-0.08908181277160852,-0.10847217316927033,-0.11839474629373829,-0.05681696387676642,0
2018-07-25,-0.13177140411395719,-0.09082904355671922,-0.12205053598477408,-0.12373112359978493,-0.19961491139039855,-0.17956566134438698,-0.22132292381406407,-0.2090709884352893,-0.2026270664559643,-0.1736660503883609,-0.029375101562602167,0.06387297482336468,0.002124265071903991,-0.026356166485874404,-0.1371603992843166,-0.09484951219480844,-0.11473783317092562,-0.1256042924337497,-0.06501432049305064,-0.04711506225829633,0
2018-07-26,-0.0979715576090464,-0.12886284991189467,-0.13122234716039297,-0.2038342103948063,-0.1847275621974788,-0.22414541787000736,-0.21067256239000173,-0.2072763744391623,-0.17936459474316174,-0.03844704983441237,0.0524808680555286,-0.008653231787989485,-0.03656376194787937,-0.14413953564686213,-0.10264821919599293,-0.12034502234050708,-0.13171144233820584,-0.07318043207228048,-0.05547700622105585,-0.09069445624624661,1
2018-07-27,-0.13532741377926466,-0.13784707128001356,-0.20827716091175463,-0.1896076083846463,-0.22737059728696507,-0.21402060532128056,-0.2090010517134387,-0.18485047161586385,-0.04762587716319868,0.04153718634256511,-0.018350778240733685,-0.04626500973478831,-0.15096079162198564,-0.11046771137093965,-0.12765888772720566,-0.13721244051363243,-0.07977261894578695,-0.06381402436535541,-0.09831710011098996,-0.0743560317165023,0
2018-07-28,-0.1441514919715643,-0.21332589339768473,-0.19459194337434807,-0.2303580120234574,-0.21768564675248434,-0.21243157640483828,-0.18811347584386068,-0.05784936378052268,0.030299715079024188,-0.027674810688247755,-0.05508376451667853,-0.15747966732576962,-0.11825705162615402,-0.13486938155378797,-0.14420554251052112,-0.08559855893158036,-0.070492871282089,-0.10588643323567218,-0.08225584783516937,-0.07421529696954364,0
2018-07-29,-0.21828490887427568,-0.19992057775471117,-0.23379161580041197,-0.22110290992592133,-0.21616565155459416,-0.1925747112848449,-0.06982413443660246,0.017273855310176976,-0.037130895209725255,-0.06356785384059563,-0.16369991387159413,-0.12568570155635805,-0.14195715978140325,-0.1510131328552785,-0.09357318895176096,-0.07637686760818119,-0.11217601706612408,-0.09011299505288604,-0.08211750057465096,-0.07580296083367198,0
2018-07-30,-0.20511854213204306,-0.23831850460799062,-0.22488871084494647,-0.21965037687537514,-0.19717144741190362,-0.08012243285277472,0.00014593324306866,-0.0477318041193395,-0.07210011888066968,-0.16970036663307944,-0.132648807754845,-0.148726504458882,-0.15763676896429032,-0.10161365396568625,-0.08452686418051066,-0.11779923357534378,-0.09654851816737635,-0.0899771269447168,-0.08367823060737514,-0.10746388093855208,0
2018-07-31,-0.24283202837559079,-0.2295976895576494,-0.2234914530343462,-0.2014991950003436,-0.08960454196423608,-0.013605082776951478,-0.060400598773262655,-0.08144345873337573,-0.1755009802355243,-0.1393592807381254,-0.1551512669048038,-0.16396992792366016,-0.10965755345472203,-0.09278760306826639,-0.12516151157775346,-0.1022695040801364,-0.09641390714052317,-0.09150988904000208,-0.11480204087214842,-0.15532249082621735,1
2018-08-01,-0.23426666130016813,-0.22822900967115808,-0.20603100307282768,-0.09870644570443303,-0.025976969397463308,-0.07116390756536108,-0.09179976914281136,-0.18112580105786472,-0.1459408168752721,-0.16134719457763644,-0.17003853082841122,-0.11732542990145024,-0.10108525658794384,-0.1324328153722246,-0.10992710698791008,-0.10213573521234466,-0.09793248778721146,-0.1220759674997269,-0.1618487561522234,-0.10858536095337952,0
2018-08-02,-0.23292237804580795,-0.21112567591977818,-0.10714996778569444,-0.03790286408289395,-0.08103521054669724,-0.10101366585233926,-0.18464430274156024,-0.1526286852250271,-0.16736280313170965,-0.17589404362541888,-0.12448387217542932,-0.10899160284734824,-0.13959064627647666,-0.11756936157171943,-0.10979588196856295,-0.10364481525212096,-0.12821576223460993,-0.16827961603406813,-0.11590449560440506,-0.1771847541740931,1
2018-08-03,-0.21612391013330443,-0.11426704100916162,-0.04866022856687309,-0.09051744805342976,-0.1095881769432893,-0.18927672674128568,-0.158101974715232,-0.17328029043706095,-0.18153524362108883,-0.13138104605590942,-0.1163447633240095,-0.1464258241887332,-0.12515452530635857,-0.11744133182162096,-0.11127626421807373,-0.1337386302281636,-0.17399192455390247,-0.12315866648670123,-0.18334013840339533,-0.13181099216241848,0
2018-08-04,-0.12099177424408851,-0.056973584477662605,-0.09927259733649955,-0.11780314437651841,-0.1940167403974148,-0.16404414681529023,-0.17733696267062365,-0.1869430592566305,-0.13816792696127084,-0.12342804754304473,-0.15290434156912167,-0.13239129676081454,-0.12503017648508172,-0.11888566743992016,-0.14079779278934768,-0.1792284058316214,-0.12928844385484675,-0.18938587746250135,-0.13873611694185017,-0.1848679917658732,0
2018-08-05,-0.06471956993987493,-0.1065507853472073,-0.1255199534918492,-0.19848450376336116,-0.16988036382110694,-0.1823299720254431,-0.19006252036860752,-0.1451353252751618,-0.13041962368504498,-0.15915164784403052,-0.13919772806820407,-0.13227040715712865,-0.12643298662511182,-0.14768836028240656,-0.1854225009311174,-0.13480460089337948,-0.19490290625664125,-0.14558115021302523,-0.1908930341573276,-0.1623020546832034,0
2018-08-06,-0.11341306034969612,-0.13226130789420115,-0.20313103403195942,-0.17541937517204778,-0.1873717802587141,-0.1944275789647717,-0.15112262919214958,-0.13766566777430148,-0.16522376564520846,-0.14575845225232972,-0.13907966302593514,-0.13363419299871085,-0.1544075855117553,-0.1912264771752992,-0.14184349216227077,-0.20000856338765785,-0.1515034698802268,-0.19680342699287204,-0.16870991560356294,-0.2483129748792215,0
2018-08-07,-0.13866529446367573,-0.20828501955158885,-0.1809436345338252,-0.19213446776691714,-0.1989438191709527,-0.15740920154720267,-0.14416536022517232,-0.17121817737358677,-0.15217528573986905,-0.14564308690672162,-0.14041158428403216,-0.16083057602794013,-0.1966939565472396,-0.14870859735350428,-0.20580748753033973,-0.1568806443561494,-0.20225182700391234,-0.17501782502359184,-0.25326170853982705,-0.3937755297436333,0
2018-08-08,-0.21333388828463254,-0.18655141592005992,-0.19702264469769412,-0.2031929033498482,-0.16353366689104915,-0.1507952434534828,-0.17541630228944086,-0.15863894907998038,-0.15206288968146514,-0.1469445522118638,-0.16697252926198805,-0.20194059688140176,-0.15539849018130558,-0.21111509866717287,-0.16349972113641958,-0.20731150751366786,-0.18066779016690698,-0.25805446850696906,-0.3962565723413783,-0.6095482845964758,1
2018-08-09,-0.1919876847587934,-0.20230156427422996,-0.20766025840669716,-0.16935436452891875,-0.15720704536926497,-0.18050408785541794,-0.16369995858485328,-0.15853059502738412,-0.15333085771533506,-0.17289814980665633,-0.20712202269859223,-0.16179391505731255,-0.21601076875247693,-0.1698375070494579,-0.21297155343032795,-0.18586250561867204,-0.26293616054720503,-0.3984868959351382,-0.6083688628275976,-0.5443397191853003,0
2018-08-10,-0.20745708771792995,-0.21272160831572443,-0.1751094240906968,-0.16330853828457018,-0.18562521973887428,-0.1693658946014882,-0.16359903718551372,-0.1597529641832364,-0.17861645847941007,-0.2121295776475411,-0.16791336006756902,-0.22072004125399483,-0.17591993159266325,-0.2181047228366163,-0.19193044173436924,-0.26761618522507014,-0.4020692765838345,-0.6067981810290408,-0.5442665243367254,-0.6602039975799464,0
2018-08-11,-0.21769139513555816,-0.1808365317902392,-0.16929366799600995,-0.1904654250729877,-0.17497091377630497,-0.16926995323294836,-0.16473755672181395,-0.1841292399532694,-0.21683814309042015,-0.1738174674044714,-0.22546268910856826,-0.18174447746561362,-0.22279943721406406,-0.19757595259424962,-0.27212943246480387,-0.4058788509192778,-0.6084532203174432,-0.5438445422844463,-0.6581652299104778,-0.7444865191648775,0
2018-08-12,-0.18637466807596553,-0.17513972456457935,-0.1954171163832497,-0.18028399057717867,-0.1748791404813381,-0.170352291796789,-0.18744171777950608,-0.22097638996431215,-0.17951211456981675,-0.23005086305436323,-0.1873977815745262,-0.227319858055226,-0.2028608809024419,-0.2758221345529246,-0.407762792305737,-0.6109716069068578,-0.5460820423438952,-0.6557022082132478,-0.7410179455534993,-0.7594044023425067,0
2018-08-13,-0.18077940607762885,-0.20072887361220507,-0.18562313003158998,-0.1801962904684665,-0.17591445796518382,-0.1919361015505011,-0.22176130114244585,-0.18499268630989632,-0.23429816828811648,-0.19285635459687298,-0.23190830250994185,-0.20793596566420286,-0.27885744020596753,-0.4081528840688614,-0.6089553516561786,-0.5489906380709391,-0.6569047767954446,-0.7370702214931705,-0.7556827551684611,-0.8491403953720895,1
2018-08-14,-0.20591243016716515,-0.19113520233236553,-0.1855387672958557,-0.18118565731987604,-0.19656058141727983,-0.22456216318960276,-0.18824593518049376,-0.2378085148223248,-0.19806097658330193,-0.2363490898911603,-0.2129773108886206,-0.28181840251690904,-0.4073836046976643,-0.6044464965481022,-0.5481530590980074,-0.6591200387576781,-0.7375199555022012,-0.7514722409591221,-0.8438964271565744,-0.8631874823029114,1
2018-08-15,-0.19648976546915042,-0.19105256505620008,-0.18649048440835866,-0.20091544115172785,-0.22776923753697792,-0.19270063433105333,-0.23743880977111465,-0.2028744910524361,-0.2404342906016098,-0.21785097775629705,-0.2851334993778383,-0.4067691413267091,-0.5980336631191797,-0.5451247120258712,-0.6561881570574746,-0.7392308694565081,-0.7517887243486485,-0.8381051434306068,-0.857705213097078,-0.829178051108157,1
2018-08-16,-0.19640860119718911,-0.19198481682794208,-0.20546946361309584,-0.23073895937067626,-0.19729189986154755,-0.2394660551587237,-0.2049011198652655,-0.24372396888125622,-0.22241228511189334,-0.28835722975815176,-0.4071647891605697,-0.5921155705779988,-0.5404174139606496,-0.6505292047242036,-0.7347755405190513,-0.7534103694424417,-0.8376200803459692,-0.8516664789772607,-0.8242727329224023,-0.7833029215604418,1
2018-08-17,-0.19732423564025312,-0.21057562155030146,-0.2341580664337582,-0.20161430139302822,-0.2420256453269999,-0.20853395830790472,-0.24294848741631364,-0.2263500737602617,-0.29110383868086265,-0.40759812994536593,-0.5881806361543827,-0.5361021282701257,-0.6427914669775427,-0.727203021314481,-0.7486853925698583,-0.8387047437682046,-0.8510559434637621,-0.8188331014624598,-0.77917584934526,-0.4567983086161056,0
2018-08-18,-0.21558366044806154,-0.23867746027633469,-0.2061417291634788,-0.24436262313343976,-0.21243736144656195,-0.2447038542474492,-0.22676637179094647,-0.2925713302173434,-0.4072757021718716,-0.5844748357650212,-0.5334759367255526,-0.635628272304719,-0.7172608673197615,-0.7407741748249287,-0.8323577455311402,-0.8520565488846763,-0.8185263475057496,-0.7745443440776304,-0.4582102049423225,-0.630852006917359,1
2018-08-19,-0.2431845856819231,-0.21123413734474522,-0.2472632901629911,-0.2160875599589414,-0.24703589364910178,-0.22932025543562853,-0.2884451157561195,-0.40456540176809136,-0.5795999339661536,-0.5310210239108769,-0.6306766723060833,-0.7080260337121571,-0.7304418423751156,-0.8224091442315249,-0.8454556427747364,-0.8197304659273577,-0.7746473593461703,-0.4593303331247274,-0.6293111793885867,-0.556623223818295,0
2018-08-20,-0.21623043824025354,-0.25151464464567036,-0.22006421689513833,-0.24915050094344737,-0.2323206193842449,-0.2879554224523452,-0.392756843354836,-0.5706924807831417,-0.5275219227800255,-0.6259991498498686,-0.701382874494935,-0.7208403317028704,-0.8097297595418148,-0.8351881136632379,-0.8137442966931054,-0.7761259953043408,-0.46234977704656766,-0.627365215903177,-0.5563416461688564,-0.66523086682288,1
2018-08-21,-0.2557929480544214,-0.22487187032693437,-0.25186896826698824,-0.23508833663712264,-0.2884084421863893,-0.3871198213416383,-0.5474882713048957,-0.5204873077254566,-0.6200554902379432,-0.6950885712009731,-0.7138977689754498,-0.7979225652531396,-0.822141326265518,-0.8042489243659818,-0.7709690411677608,-0.46578222202730485,-0.6288299645073581,-0.5557032806006028,-0.6631068211221235,-0.5953296771927981,0
2018-08-22,-0.2296250794973776,-0.25602612344133113,-0.23834193085908348,-0.28868680620227366,-0.38326474628113427,-0.5342159283199148,-0.5007269716796149,-0.6096931675895366,-0.6873666797146386,-0.7073172978354412,-0.7891789915522252,-0.8099888588210461,-0.7920916564238158,-0.7625152267635407,-0.46652699628217154,-0.6312208692688456,-0.5578310610314328,-0.6605552472019222,-0.5943914661633372,-0.6629439271848,1
2018-08-23,-0.2602240100268121,-0.24277575269116772,-0.28990074407022964,-0.379333090441542,-0.5239704149582733,-0.489762094840503,-0.583813667479711,-0.6745837008381698,-0.6992806619054626,-0.7808771263288625,-0.8009633585837005,-0.7807751305303072,-0.7515578265882031,-0.46548620653487427,-0.6288195389598666,-0.5606661520628944,-0.6617129144108602,-0.5930712562255557,-0.6608586781386976,-0.6281736487642999,1
2018-08-24,-0.2472098262945069,-0.29328004050269424,-0.3770975404581553,-0.5137938008677546,-0.48144783231843113,-0.568748824658747,-0.6442529705092442,-0.6860692304133819,-0.7709471986453127,-0.79239202988738,-0.7724322032128806,-0.7413688975287946,-0.4630685612257373,-0.6238269999692723,-0.5596065428179084,-0.6638980955041176,-0.5948533000106732,-0.6583473904441701,-0.6266782580868437,-0.6286266387310735,0
2018-08-25,-0.29681387838039464,-0.3786934126643877,-0.5064414323518638,-0.4731585036216282,-0.5570030653154395,-0.6262057117430831,-0.6549506388392471,-0.7551584832001228,-0.782165730224762,-0.764513273087751,-0.7339466889657552,-0.4609050169773345,-0.6168569659399743,-0.5562993086516613,-0.6608753507172839,-0.597456770982765,-0.6595254852244944,-0.6247794759695788,-0.6271235633316378,-0.6258823111653775,1
2018-08-26,-0.38070476260296143,-0.5053918515153931,-0.46735248601645113,-0.5453603587473582,-0.6119637973387713,-0.6363754968083132,-0.7193006460931914,-0.765973572074895,-0.7550045202360703,-0.7269077755865315,-0.46003579090165936,-0.6104152343359631,-0.5512707345177261,-0.655102267360537,-0.5956975239202531,-0.6617243514025003,-0.6262681484025565,-0.6252168014427489,-0.6244257917515268,-0.6454708287577008,1
2018-08-27,-0.5051448098207262,-0.46710238608708093,-0.5368067445452462,-0.5978817613523875,-0.6216917666052678,-0.6975501119235704,-0.7293738632647804,-0.7397891380521607,-0.7183669175731915,-0.45926017377553313,-0.6060527319278537,-0.5466535239918421,-0.6472330514375282,-0.5915114908584568,-0.6587429441528913,-0.6286750805036823,-0.6267014276452406,-0.6225673733334465,-0.6436820010749467,-0.5877387967787097,1
2018-08-28,-0.4675378516841277,-0.5351361061052158,-0.5873294779081552,-0.6071779728758826,-0.6802087138085686,-0.7071262597709598,-0.7049855763556079,-0.7044691029698975,-0.4576080620759127,-0.6019382649564609,-0.5437808011960943,-0.6399462978363777,-0.5854705462695454,-0.6530217839214352,-0.6263221628104144,-0.6291056490468873,-0.6240765126216017,-0.6414785156392686,-0.5869293607991202,-0.5220596495573907,0
2018-08-29,-0.5343588749598198,-0.5846255048688348,-0.5962719278959961,-0.6630977546935101,-0.6893688358124573,-0.6839414284297382,-0.6720883539646113,-0.4530877009463897,-0.5966138873070591,-0.5410902554822417,-0.6348938080346296,-0.5799019428056003,-0.6452123830917781,-0.6213904337877089,-0.6267445433414384,-0.6264971561249466,-0.6428126849217423,-0.5857428701411711,-0.5223644236558891,-0.5529949061232643,0
2018-08-30,-0.5829661283306822,-0.5933850561423787,-0.6500637172686109,-0.6718513217943483,-0.6671912455006005,-0.6526675404534957,-0.4379507074966231,-0.5870945754949127,-0.5373319912525996,-0.6301198557883113,-0.5762523773526421,-0.6379818417764804,-0.6144904524350477,-0.6218025295458387,-0.6241856554641673,-0.6451161104107215,-0.5875927177497745,-0.5223349224098853,-0.5527748808586135,-0.5941554216478608,1
2018-08-31,-0.5915695411585868,-0.6460766493574109,-0.6584841728290958,-0.6506580423983614,-0.6372760192568427,-0.4300835654409148,-0.5627652481299353,-0.5299445848786308,-0.6240701369490612,-0.5728193306915439,-0.6329752510977581,-0.6081145540658144,-0.6148907002035329,-0.6193059494189167,-0.6424505378445609,-0.5902416126762433,-0.5247714341551857,-0.5522004309368616,-0.5932371312083858,-0.5946479932622165,1
2018-09-01,-0.6433219100679519,-0.6543248824846809,-0.6380973904717917,-0.6220705475865758,-0.4243619749335211,-0.548739052982643,-0.5095355175657287,-0.6135634389057124,-0.5682444196905246,-0.6282451689221782,-0.6038058065921715,-0.6085036674776787,-0.6124658981886328,-0.6371260902607605,-0.5886195744392115,-0.5278133541886456,-0.5543606204953716,-0.5919376066980175,-0.5937213466202006,-0.5401616563849619,0
2018-09-02,-0.6514231189630958,-0.6343550682163096,-0.6105977749578854,-0.41860629537423183,-0.5378625974838953,-0.49813597741337656,-0.5874184537123743,-0.5597453354067679,-0.6222437009999962,-0.599742718222855,-0.604185828446975,-0.6061463202058022,-0.6297736997501149,-0.5846058862125155,-0.527378498222598,-0.5572174234401363,-0.593730139255366,-0.5924131450766104,-0.5401593400400823,-0.5630222568440764,0
2018-09-03,-0.6318092653669322,-0.607417898601234,-0.4148762280541939,-0.5270694048240665,-0.48945792021976514,-0.5721757304162819,-0.5372920561778618,-0.6118026855510218,-0.5944748498205579,-0.6001140504290313,-0.6018835601227293,-0.6229726419188437,-0.5787634817219213,-0.5248560022133923,-0.5562233977878623,-0.5963406369921268,-0.5942012778493525,-0.5398109578231687,-0.5626321231705572,-0.5918816758923082,0
2018-09-04,-0.6053522490910259,-0.4156994178972545,-0.519211841473651,-0.48081307873516643,-0.5602810926950403,-0.5245228519296175,-0.5857784809731049,-0.5850324624314386,-0.5948366246335458,-0.5978644261896716,-0.6183167381935467,-0.573381459806788,-0.5207314411922463,-0.5529985416569326,-0.5946026151650745,-0.5968088280293983,-0.5420857774841885,-0.5618810336439282,-0.5910019582806337,-0.6108324891624746,0
2018-09-05,-0.4170511381406601,-0.517901069194947,-0.47471577104476487,-0.5484928970054229,-0.5146984442511439,-0.5706166831775084,-0.5608445877487526,-0.5853812270382331,-0.5926449014946678,-0.6139218402315115,-0.5698842441352575,-0.5169637928865898,-0.5480648664691804,-0.5904432426310718,-0.5950619027327899,-0.5450193748083693,-0.5639516561586676,-0.5897424875754065,-0.609631281579829,-0.8221589056035884,1
2018-09-06,-0.5174310514888778,-0.47431507084740165,-0.5398200760122577,-0.5049333492594235,-0.5587897766518274,-0.5469131688126179,-0.5611694285028771,-0.5832683230126045,-0.6082890278737746,-0.5665968123628022,-0.5147847647213404,-0.543536838896813,-0.584433010792016,-0.5908913467564169,-0.5442573163361363,-0.5667484552703038,-0.5915553298527678,-0.6080379775160862,-0.8173726633040416,-0.7381182718649933,0
2018-09-07,-0.4746219707962555,-0.5380878063132527,-0.49791815970720277,-0.5470677702388493,-0.5361160369640555,-0.5472219800926058,-0.5592014612157539,-0.5983498527083575,-0.5621820572903589,-0.5127572476342804,-0.5407369368250964,-0.5788932701748453,-0.5848682316664853,-0.54132382881982,-0.565573180416353,-0.5941794337218652,-0.6096815459374795,-0.812056679567513,-0.7347577320150368,-0.7877052803637458,0
2018-09-08,-0.53725796129894,-0.4970429042077967,-0.5384491815565744,-0.5254003621301371,-0.5364114322572304,-0.5453511234060776,-0.5732484584863415,-0.5539009886948528,-0.5097282217839423,-0.5381159926657805,-0.57526727215621,-0.5793163837877462,-0.5367258083289909,-0.5621206613514553,-0.5924825109462458,-0.6121922478254583,-0.8118126225414423,-0.7309221895985071,-0.7835035245883546,-0.840929402479214,0
2018-09-09,-0.4969446819691296,-0.5367449505755632,-0.5176063131592066,-0.5256826468550546,-0.5346218530053749,-0.5587049626397257,-0.5318486082009795,-0.5033335067737985,-0.5344342803718714,-0.5718567510891255,-0.5756804998041516,-0.5325132181606983,-0.5569247199851612,-0.588374761981042,-0.6101527799577222,-0.8130587436462402,-0.7314288065370903,-0.7787944683363032,-0.8358247291756977,-0.8438012709093411,0
2018-09-10,-0.5359390418795678,-0.5163283785329221,-0.5178778557148516,-0.5239724947351663,-0.5473955484985871,-0.5193480143639964,-0.48474985264665643,-0.5271510819601314,-0.5673066150782161,-0.5722605297987542,-0.5299708807831914,-0.5521502231594386,-0.5824240001482608,-0.6056147680177516,-0.8071994488531619,-0.733177828188928,-0.7788581605299246,-0.830178088494601,-0.8386478779606533,-0.8805638255914765,0
2018-09-11,-0.515886393938113,-0.51659436726558,-0.5162327823680317,-0.5361792536165481,-0.5097484221538641,-0.47457337693352913,-0.5069336377390032,-0.5588412562804171,-0.5677000012826302,-0.5275961152131339,-0.5491490710867631,-0.5769401475152939,-0.5991683461133317,-0.7978634405798157,-0.7288376083935888,-0.780310452699954,-0.8297663682479983,-0.8329506470769317,-0.8747867764192224,-0.9096387447209888,1
2018-09-12,-0.5161476414384887,-0.5149829403803524,-0.5279750206480566,-0.5002030246457582,-0.466918972558976,-0.4956624890057071,-0.5364499932521215,-0.5592204954645043,-0.5241851647961567,-0.546335773540364,-0.5733597838170514,-0.5932186882116334,-0.7858897589626291,-0.721409675122521,-0.7750739238042167,-0.8309001663879751,-0.8325132745147228,-0.8684419444577957,-0.9033684557719678,-0.8815929484286125,1
2018-09-13,-0.5145649381352421,-0.5264850162566392,-0.49336784464853123,-0.45927448016112526,-0.4870918899588984,-0.5237223411358626,-0.5368032181498104,-0.5172705467890027,-0.5424424995331564,-0.5699928797241433,-0.5892579796650874,-0.7747457615464691,-0.7116340831569806,-0.7665201573838115,-0.8247015858085998,-0.833629887346352,-0.8676761986855526,-0.8965114464299082,-0.875798440761764,-0.8354319514261374,0
2018-09-14,-0.5258619902388645,-0.4925856561246196,-0.4539968104155069,-0.4785520603074295,-0.5139327108212633,-0.5240581359257522,-0.497730867636719,-0.5348713082076206,-0.5654907162596265,-0.5855275445436959,-0.7665437092297138,-0.7025557791453668,-0.7554476131537721,-0.8149394084992119,-0.8273793963596542,-0.8685728237798482,-0.8954859955145217,-0.8694354799987841,-0.8304205393116936,-0.8504905693507252,1
2018-09-15,-0.4925668840502135,-0.4540198723041288,-0.4725407942641136,-0.5042016014773558,-0.5142539173536477,-0.48691383546197453,-0.5141242874419534,-0.5570906611181575,-0.5806255479990902,-0.7587594264755424,-0.6960404313322625,-0.7451504754440967,-0.8024747830004392,-0.8175520155871605,-0.8616578318822654,-0.8962086358102157,-0.8686605418194172,-0.8248707405192357,-0.8452236961871739,-0.8291648572256298,0
2018-09-16,-0.4546885328792441,-0.4721845785712596,-0.49721425813091924,-0.5045085518578486,-0.47872331262409984,-0.5024983115141753,-0.5348194818940404,-0.5716812115130834,-0.7493987668231706,-0.6898682893122026,-0.7376399110692328,-0.7908694124380861,-0.8050122761346212,-0.8509957868707198,-0.8887681007230335,-0.869551008625576,-0.8245081250115422,-0.8394086280933566,-0.8242597628667288,-0.8328679402549823,1
2018-09-17,-0.4725294544097515,-0.4963533994347907,-0.49750952770598944,-0.47055490664423427,-0.49363073722529355,-0.5221722884003898,-0.5484091790738701,-0.7343849796789181,-0.6822807580718576,-0.7305165478038378,-0.7822906342423428,-0.7933363159133029,-0.8374945197925533,-0.8774459330551447,-0.8626174148362421,-0.8256748199898571,-0.8389115048848429,-0.818820363827319,-0.8279000251591221,-0.8720757611655258,1
2018-09-18,-0.49626746757495194,-0.4966426299013699,-0.46484796729933764,-0.48480069305317497,-0.5124499985244536,-0.5350913933078415,-0.6999521215635427,-0.6696806799581854,-0.7218828067751417,-0.7741462794460348,-0.7846998990111446,-0.8249149470761487,-0.8631842090882329,-0.8519320044183155,-0.8195756084903485,-0.8399880888435824,-0.8185137277219823,-0.8223953934235253,-0.8664427072691998,-0.653897321731857,1
2018-09-19,-0.4965515425268167,-0.46464909195091736,-0.478551639185186,-0.5027846965959741,-0.5248078462748468,-0.6791563526738102,-0.639686277189125,-0.7078585531776769,-0.7643895911128042,-0.7765004535298518,-0.815540701771352,-0.8498899836376479,-0.8384038205481408,-0.8099382463859868,-0.8336166855605027,-0.8197179250960023,-0.8220556803660591,-0.8602473991838312,-0.6519655432984924,-0.635456671919416,1
2018-09-20,-0.4651282873602747,-0.4780724844980521,-0.49585127268171114,-0.5145940643597536,-0.6626140524141237,-0.6218643648166524,-0.6752453014877048,-0.7488367014439551,-0.7666831731796108,-0.806636044902941,-0.8399322015976145,-0.8257989523031024,-0.7976174071693094,-0.823637429646533,-0.8137319943475417,-0.8232377184297748,-0.8595574711284641,-0.6496136186159088,-0.6338377288186765,-0.0907032521679313,1
2018-09-21,-0.47831240878699877,-0.4950182909417417,-0.5072112423154397,-0.6462839994763394,-0.6078110557415168,-0.6556687063881347,-0.7134125132004687,-0.751047801329749,-0.7960431310608307,-0.8304698042721828,-0.8164040523929441,-0.7861471622941029,-0.8109227310459403,-0.8042369215769102,-0.817184852669116,-0.8605048889411535,-0.6508725201545823,-0.6318106505673429,-0.09832574681477213,0.399862892043586,1
2018-09-22,-0.4949561573060761,-0.5061459166604034,-0.6338897990270409,-0.5939133314331597,-0.6401468026400277,-0.6919525327028203,-0.7154719405057434,-0.7793519115063993,-0.819263454251732,-0.8074796539927009,-0.7776787185287098,-0.799082349888502,-0.7920799987218213,-0.8076057043763786,-0.853743322902885,-0.6531255213697571,-0.6332342690422136,-0.10589492499243254,0.3839182165376155,0.44092225446880545,0
2018-09-23,-0.5058854338023737,-0.6302335340675548,-0.5835120641161757,-0.62481391661223,-0.6748543156303407,-0.6939103362545875,-0.7418345022894978,-0.8017371815599743,-0.79686502723791,-0.769639820633215,-0.7903116780514935,-0.7807637971299618,-0.7953519270816705,-0.8432739925679,-0.6503076358779768,-0.6355976194119092,-0.11218443025530218,0.3677073330588958,0.42428102979388965,0.4404428767369775,0
2018-09-24,-0.627761197302859,-0.5808861681223455,-0.6132367467850756,-0.6579810014758316,-0.6767270644307599,-0.7189720206178712,-0.7626842326343235,-0.7801442505160101,-0.7599991200813981,-0.7819839126132911,-0.772421134615168,-0.783944704826949,-0.8299947315092885,-0.6447918715479121,-0.6331130575616338,-0.11780759412958054,0.3570359565985083,0.4073468536173046,0.42380978443774886,0.10629900580928561,1
2018-09-25,-0.5792934450244305,-0.6100028958962863,-0.6451416789056099,-0.6597706318192401,-0.7006999698254077,-0.7387929077246623,-0.742572490022169,-0.7446041212644107,-0.7720254983306261,-0.7645024575866003,-0.7755277210398713,-0.8176237928538382,-0.6372190854240708,-0.6280159733553095,-0.12516971314146244,0.3484772367757765,0.39630872368295145,0.4068840528738531,0.09533447779979098,0.24804088580097497,1
2018-09-26,-0.6078911689733175,-0.6412552807761296,-0.6468632059816889,-0.6826795445919098,-0.7196597589824858,-0.7196735918753193,-0.7094702710387637,-0.7561980048922189,-0.7549939831055951,-0.7675380082429157,-0.8084199039095022,-0.6302109069395415,-0.6209255039361286,-0.13244081723160553,0.3322478980481681,0.3875043039540413,0.3958502048727328,0.08429495117438217,0.23467178590138416,0.20127736816308262,1
2018-09-27,-0.6385864820757061,-0.6429415976928818,-0.6689003343567963,-0.7007978389261744,-0.7013710620448537,-0.6882048229942302,-0.7202688607681063,-0.7397789798597298,-0.7579514043923503,-0.799678072495947,-0.6253858825994036,-0.6143705910565636,-0.13959841807780626,0.3138388841744609,0.37053279744272405,0.38704865374812575,0.0762457677717505,0.22113536549282392,0.1887015852422188,0.31154744036611803,1
2018-09-28,-0.6402427405004175,-0.6645280036762409,-0.6863291482924145,-0.683320851636868,-0.6712694212956943,-0.6984705494280001,-0.7049761149744199,-0.7426300458686711,-0.7892642437883394,-0.6208293402998019,-0.6099156725295926,-0.1464333797889634,0.2938504856882349,0.3511915637657163,0.3700858122205729,0.06944373911626453,0.21182010478594637,0.17598894067517548,0.2971009872103607,0.3015684672145732,1
2018-09-29,-0.6614443701668254,-0.6816003484490589,-0.6695172368618537,-0.6545552159792607,-0.6810891638571578,-0.6839324339264375,-0.7076316092945445,-0.7728168077091824,-0.6150187418707141,-0.6057128748580787,-0.15291172063426328,0.27495755625942137,0.3301292542957774,0.3507554624294434,0.05852070925354125,0.20416989036822572,0.1670913845193559,0.2824458493042453,0.28729130176922046,0.44281337763106404,1
2018-09-30,-0.6782124014773435,-0.6651322887582012,-0.641846259540987,-0.6639391276114679,-0.6671826417541974,-0.6864568911861438,-0.7357476803918249,-0.6048375516075635,-0.6002913458429648,-0.15915885817813083,0.2586335004549274,0.310227098134804,0.32970569112330317,0.04677682732823918,0.19068480764548174,0.15972100376727305,0.2725633306534877,0.27281195125936214,0.4261400711071073,0.48830588458548513,0
2018-10-01,-0.662037883905543,-0.6380272621759144,-0.6508730722645624,-0.6506498205131697,-0.6695974265780152,-0.713185556827808,-0.5792911272718032,-0.5906397846532991,-0.16523079039885852,0.24297589527561392,0.29307897653690973,0.3098153179222489,0.034466616305899075,0.1757227903259452,0.1470811941855077,0.2645330919592872,0.26301856753067265,0.4091725813208305,0.47086082306971494,0.4658279067196649,0
2018-10-02,-0.6354160027022153,-0.6468694507256239,-0.6380894814653166,-0.65295742962366,-0.6951648929727136,-0.5644494520810527,-0.5660672701645795,-0.17122494950187386,0.22655377018288278,0.2766337348568027,0.2926768174866813,0.02278939857070927,0.15970530883508707,0.133180904926007,0.24990009762592238,0.2550480431774232,0.39811755935629256,0.45309194728657454,0.4487641715537746,0.22119573281859045,1
2018-10-03,-0.6441005798020814,-0.6343473209716691,-0.6403092759493267,-0.6773901317852041,-0.5528904745347333,-0.5518781346345579,-0.17542260987689942,0.2064701893358169,0.25934532022224926,0.2762407716483251,0.01235720134692071,0.14454411848306134,0.11838652706516384,0.23349621505792187,0.2405954235978325,0.3893018231149941,0.44163057378661447,0.4313912628849005,0.20828204595747885,0.2534107959896205,0
2018-10-04,-0.6318016562164358,-0.6365217143007741,-0.6638122068578182,-0.5414302976256922,-0.5408653049785951,-0.18051008419095152,0.17636415787128587,0.23808248418079864,0.25896247114831095,0.002330994671032043,0.1312671465746652,0.10437476985828117,0.21581771443629952,0.22441810558999575,0.3722961336402027,0.43254260962870195,0.4201306688413927,0.19521852385951952,0.23995059856054357,0.2465675689187505,0
2018-10-05,-0.6339372911224193,-0.6595439429575086,-0.5330262394501508,-0.5299388427559942,-0.18563095556980957,0.15391754119702433,0.20580797612862847,0.23771340318914264,-0.00789738289421011,0.11852192353372967,0.09203634674821674,0.19909555214635724,0.2070006058276327,0.3529119635326659,0.4147146211441971,0.41117721327607637,0.18614305141368379,0.226319582995161,0.23322346301783115,0.21323102573289276,0
2018-10-06,-0.6565491500141555,-0.5314329231670492,-0.5219720847334591,-0.19047090632978206,0.13426780736123278,0.1819084354685415,0.20546421261212805,-0.019549592251860398,0.10530300980274307,0.08018818228835861,0.18454399689855458,0.19052372368499876,0.3318001915816862,0.39429758025202655,0.39375552508533074,0.17865347883693494,0.21695635677931685,0.21971299623542612,0.20045245568250952,0.07714052542376625,0
2018-10-07,-0.5307217010225513,-0.5206048575744872,-0.19542238905423295,0.11522974761382918,0.16104266616783988,0.1815816351819527,-0.03415157356376563,0.08957986903337181,0.06795590702118909,0.170580535739425,0.17617244749516794,0.3118515521843344,0.3719959480594523,0.37384882860347174,0.16565363520499632,0.2092740087299077,0.21041089559857623,0.18752923811281005,0.0666706547611126,0.05056364805277224,1
2018-10-08,-0.5200866450121135,-0.20073403844196527,0.09864501703177676,0.14081625433061828,0.16073006338185894,-0.04621015724168509,0.06749204453990887,0.053575848994094316,0.1560217311575479,0.16240041170239447,0.2946654755423997,0.35092911657582565,0.35213510976112855,0.15130111549464428,0.19569186228994986,0.20276949753353016,0.1785249086127061,0.05614477751304387,0.04054463928257108,0.08448072206983476,0
2018-10-09,-0.2059175029341626,0.08731884695195563,0.12325784518227306,0.14051752583531754,-0.05716555010888744,0.05041779171683423,0.03395775581558075,0.1384746352674701,0.1480521481413394,0.2781839566884129,0.33283000045585626,0.33162078018710656,0.13598577117651364,0.1806079254781436,0.18931104572419047,0.17108299697534127,0.048356045645587056,0.030486934460937663,0.07388632906753138,0.04096729749452109,0
2018-10-10,0.07700085805516413,0.11142827227324245,0.12297048461367815,-0.0677071979030616,0.035264497500168794,0.018538273851683707,0.113032825991926,0.130791655725561,0.26085564225705316,0.31547580465626,0.31397279948595336,0.12148442657996174,0.16444999354693485,0.17438247887960098,0.1582271192663136,0.04172850182064549,0.02293559454326389,0.06323114852975215,0.03111108545596503,-0.03586507842327998,0
2018-10-11,0.10068053439989201,0.11114678905130392,-0.07733037703909358,0.02062051471212749,0.004769952331932266,0.09371133427046664,0.10587686801999906,0.2395384917625621,0.2971876681361461,0.2970497958624022,0.10874623976185215,0.14915681242370438,0.15840353211234437,0.14405543182500372,0.031332525557535525,0.01646708719358325,0.05537685201490365,0.021222427835139474,-0.04441787208335763,-0.38443426091424515,1
2018-10-12,0.10040406859852383,-0.08505734629953467,0.007636079522855167,-0.008520587035903962,0.07667719685400455,0.08690849160743407,0.20716410743225513,0.2745639392643289,0.27923591018293237,0.09651598385896763,0.1357720658437421,0.14327855544447388,0.12894840507237265,0.020250663479693027,0.0065515008101811436,0.048705384331413276,0.013756805149705753,-0.05295306746856759,-0.38707377292446227,-0.226173639998271,0
2018-10-13,-0.09230274048924501,-0.0018286971264668086,-0.02039607576037426,0.060195188768515547,0.07016989665775442,0.1831976476082966,0.2397869497687971,0.2572577654262074,0.08386346166218017,0.12292383250209224,0.13003115316341163,0.11464283057135861,0.008703094897586089,-0.003926954640482148,0.0381767304728652,0.0073457225210278145,-0.05973240232300514,-0.3894686502553972,-0.23149795511950963,-0.2272159567179343,1
2018-10-14,-0.01055763670665683,-0.029287514547337162,0.045704764022980536,0.05397670293513999,0.16227586981895836,0.21421069498882114,0.22366791001801745,0.06891133350062002,0.10959162190622078,0.11731419257189404,0.10206449627594051,-0.002257416192978618,-0.014779402820427862,0.02692821513327156,-0.002396405196558864,-0.06568371873907208,-0.39313446967644816,-0.23668071674057772,-0.23252258951772475,-0.2957889621735926,1
2018-10-15,-0.03752700244931904,0.03546137374321889,0.03972291879231688,0.14199472454143883,0.1919415874170247,0.19888705953233815,0.04824128761587062,0.09371425335275098,0.10412636356632629,0.08998702633095416,-0.012104399598189245,-0.02508666228905148,0.015188663107311045,-0.012656983225328215,-0.07403706419644089,-0.39699994231959523,-0.2417601633853492,-0.23768698991670695,-0.2999322922053673,-0.10214674628001615,1
2018-10-16,0.026067741015908984,0.029601874380108396,0.1243914694437035,0.1703437846826631,0.17728367146152238,0.032116975667847235,0.07134282668346248,0.08844553754525396,0.0775025472318788,-0.021571262872164706,-0.034400244924176676,0.004047732199268307,-0.023258438071248468,-0.08255322491976248,-0.3990527316465641,-0.2465726702105688,-0.24275712630298124,-0.3038887256222248,-0.1095751084356835,-0.0012707184364784637,0
2018-10-17,0.02031268685714856,0.11253871067171659,0.1516617237698321,0.1563364329442837,0.01775874148522328,0.05407855456018508,0.066435523640572,0.06277917133649591,-0.03118444124478885,-0.04335728735686082,-0.005946569737346033,-0.033329822140389126,-0.09114512268711965,-0.39965490940606924,-0.251486096608742,-0.24756339588765197,-0.30834634913724024,-0.1169427005379534,-0.010410386107152059,-0.010312925928578924,0
2018-10-18,0.10177117930437295,0.13925121019221723,0.1381874130717615,0.003891718975272051,0.03876622228625152,0.04941340551493217,0.04252976717199227,-0.041999197524164596,-0.05240973439901882,-0.015554239065287283,-0.04245080499389486,-0.09932799015270065,-0.3991299516854084,-0.25568145449054464,-0.2524579819082824,-0.3127422767192189,-0.12312998937630948,-0.019554988129188135,-0.019299197595465938,-0.05636837187083515,0
2018-10-19,0.12800753021588412,0.1260524877396575,-0.008456112318472053,0.0239668219851781,0.03430374581848362,0.026687293842041934,-0.055061225989449465,-0.0624611831441543,-0.025322284323654944,-0.051223761860519475,-0.10690693900763075,-0.3987450938820525,-0.25929581625884157,-0.25662967482721205,-0.31639737258522327,-0.1286846751919036,-0.026643329284634035,-0.028284514079068953,-0.0645733386001477,-0.07196793897904592,1
2018-10-20,0.11504407415355497,-0.017591757555037536,0.010855045158219024,0.019702404199046532,0.01256494657318749,-0.06608800953604685,-0.07411960149599622,-0.03634785646843646,-0.060073740631441795,-0.1142060302284901,-0.3993282219799643,-0.2628009567370595,-0.26021677471642374,-0.31901217056273673,-0.13583994752713482,-0.03280165892499394,-0.03529208775995686,-0.07274735247749047,-0.07990826775824611,-0.05009687970948499,0
2018-10-21,-0.026039721583287132,0.0013244314422234435,0.0067529071331362605,-0.001071559052160014,-0.07617982965985226,-0.08420593735125438,-0.04979754425514056,-0.06984957510556745,-0.12143496376637523,-0.3999407551306223,-0.2665603924158954,-0.2636962953643587,-0.3208057378836052,-0.14285123628649515,-0.04178031412814831,-0.041396308680618533,-0.07934354629769194,-0.08780748309238748,-0.05840823880329154,-0.06090266949941314,1
2018-10-22,-0.007460712454630941,-0.002693806111324408,-0.013230515893937929,-0.08587756417687417,-0.09351064283126677,-0.061084067533137144,-0.08100117941346885,-0.12900411569488157,-0.3998154137953061,-0.2702088188271638,-0.2674348116352002,-0.3225997547603494,-0.14970953160788641,-0.05108191197365949,-0.05021152162120806,-0.08517217066549372,-0.09426433730545997,-0.06669272990719342,-0.06903071439997863,-0.07666935911963689,1
2018-10-23,-0.011407325178752302,-0.022268510903029295,-0.09480928134905425,-0.1024391815814967,-0.07139327874423207,-0.09074793941856941,-0.13609795586545903,-0.39737340152700923,-0.2734225337431837,-0.2710632434180744,-0.3249620034807736,-0.15626321568867935,-0.060578628056985585,-0.05930782341749196,-0.09315490920259145,-0.09999961360479401,-0.07334494241354263,-0.07712485308757211,-0.08452993092994221,-0.037312007540449894,0
2018-10-24,-0.03063311209960063,-0.10217875695507601,-0.11074065672538763,-0.08130345538185235,-0.09976843438182581,-0.14312593030582407,-0.3860581854736667,-0.27552588331828193,-0.2742549670507383,-0.3272750080656643,-0.16251188438376207,-0.06961181444664216,-0.0685680398240278,-0.1012055591372469,-0.10770038244086182,-0.07921109549452031,-0.08368054531912121,-0.0923463270809197,-0.04584025485556364,-0.058514576761956275,1
2018-10-25,-0.1091189630862403,-0.117784290075956,-0.09040923741340934,-0.10841923274431121,-0.1498709176028445,-0.38075171300480204,-0.272568918122501,-0.27632838052032355,-0.32901994650808686,-0.16853950284289687,-0.07788507580488055,-0.0773789714834658,-0.10926119158690165,-0.1153968567497346,-0.08730719427793006,-0.08948203637466186,-0.09876118692127697,-0.05434996145568387,-0.0666831343230549,-0.05493023867534992,0
2018-10-26,-0.12444632856944403,-0.09786870652006849,-0.1164931407682738,-0.1562980108443873,-0.377173293827703,-0.2728626459139115,-0.2733163672363602,-0.3291238926478898,-0.1743699948978339,-0.0858477862111772,-0.08547075477066404,-0.11694009428970102,-0.12304448124531589,-0.09550023339847953,-0.09738281529468548,-0.10446832984446441,-0.061116371942840496,-0.07481934112707307,-0.06315960253172387,-0.049494359074067774,1
2018-10-27,-0.10488573902675516,-0.1234191193444918,-0.16254992180824535,-0.37351199572576854,-0.27397135572190134,-0.27357321167466014,-0.32249031906460457,-0.18003548840361389,-0.09380660765994216,-0.09326000966650315,-0.12410753985319668,-0.13033995129826834,-0.10371989723874853,-0.10533051764823521,-0.11208411824343018,-0.06705902991105689,-0.08139636445720437,-0.07135895024713454,-0.05781593959419669,-0.06242436395090461,0
2018-10-28,-0.12998071736380976,-0.16853390730109902,-0.3714979638737878,-0.2748904828504832,-0.2746510516877503,-0.320320643495729,-0.18362878116070488,-0.10236933514104389,-0.10102805441239894,-0.13101331901678315,-0.137194311882202,-0.11155295132544465,-0.11326755517241781,-0.11967385058896444,-0.07538622142660477,-0.08721214589931901,-0.0779679898670347,-0.06611104456909338,-0.07052659415433479,-0.03578151716727301,0
2018-10-29,-0.17429133708771724,-0.37320836345890207,-0.2766294312050199,-0.275540011780633,-0.31936758966039597,-0.18831131672035276,-0.11129021439028135,-0.10933108302035853,-0.13780966452510793,-0.1438008465440409,-0.11884626640708393,-0.12083500620845873,-0.1271985090560979,-0.08386953078796343,-0.09515609074763677,-0.08380522004774567,-0.07276863895482703,-0.07859392700715308,-0.04433572839742456,-0.12766371508797725,1
2018-10-30,-0.3753174840515258,-0.2802801639959079,-0.27725424271655247,-0.3182718897506607,-0.19309327161680975,-0.11954234265160858,-0.1177744142978537,-0.1447899467325108,-0.15026806512382632,-0.12587235080311807,-0.12791144793380146,-0.13437841962140265,-0.09242358400587312,-0.10315801282624994,-0.09181395353613656,-0.07863839752928657,-0.0851360270469721,-0.05287239577934184,-0.1346591961084453,-0.11339233215418991,1
2018-10-31,-0.2840457238474727,-0.2808921963225086,-0.31835998570311425,-0.19760202141944436,-0.1273118945337814,-0.12570657558029735,-0.1508009422317543,-0.1568003162499864,-0.13280101517247955,-0.13473024624559718,-0.14113842220050074,-0.10057088639059716,-0.11115751111137472,-0.0998972551284269,-0.0867453871638497,-0.0909284122576608,-0.05965247702581081,-0.14157728690040944,-0.12062991922149038,-0.09745852002195246,1
2018-11-01,-0.2846468467366865,-0.32115720913415247,-0.2022821340036324,-0.13474022787156542,-0.1332083287354077,-0.15710338843498156,-0.1619874485898087,-0.13996141926368627,-0.14143092503181198,-0.14765477012076422,-0.10812079522345906,-0.1187836607459121,-0.10799050206947777,-0.09495210603087006,-0.0988016858163773,-0.06560429347382049,-0.14753665118264417,-0.1277994115563608,-0.1049664153196609,-0.06517748743828529,1
2018-11-02,-0.32419413824986126,-0.2074534819601733,-0.14181250683054553,-0.14037495985632523,-0.16324113951334185,-0.1677378895040768,-0.14630363237368102,-0.14828097886459932,-0.1540227959498847,-0.11539213018802438,-0.125908031747799,-0.11570475365203468,-0.1031875288476567,-0.10671483932117576,-0.07395914934120328,-0.15293864303340893,-0.13388625174080404,-0.11241659418456196,-0.07323301243822793,-0.05214632946207211,1
2018-11-03,-0.2125171727980212,-0.14822063185366502,-0.14723281260147736,-0.16907482043239844,-0.17341363567733467,-0.15282800119942191,-0.15405250356672884,-0.16042001881953263,-0.12259053574184144,-0.13277264053730797,-0.12290106270250999,-0.11103539270966409,-0.1146120768024744,-0.08247720725564127,-0.1596326838475306,-0.13937364378389408,-0.11864575954425988,-0.08125184687321592,-0.060422920784592396,-0.06541937528462079,1
2018-11-04,-0.15434014448621433,-0.1535300768472988,-0.17484051787054344,-0.17879582935746832,-0.15915149205637708,-0.16019449940262684,-0.1653588540864987,-0.13011813079813778,-0.13952370441576886,-0.12983442939134918,-0.11834080044486975,-0.12214212504831318,-0.09107129057448629,-0.16606463035124078,-0.14632564672934986,-0.12422849978358858,-0.08776935525978916,-0.06867130923240974,-0.07347079679224423,-0.03452809832717183,1
2018-11-05,-0.15955494895973188,-0.18057312547246152,-0.18419159985959782,-0.16516668433791015,-0.16619796036055842,-0.17094293084686282,-0.1371355540024199,-0.14644234603460493,-0.13666111730329178,-0.12537844291723302,-0.12918802620333494,-0.09925621195051193,-0.17225552726565876,-0.15308161350530836,-0.1314685140701302,-0.09354526573383823,-0.07530521549209356,-0.08148537018413211,-0.043103573108431936,0.11817350008393138,1
2018-11-06,-0.18611595695908856,-0.18973295105243215,-0.17108110345938138,-0.17190040830997036,-0.17647943731232413,-0.14411232750112504,-0.15233999357168393,-0.1436827037575417,-0.13231981954743743,-0.13597763404498558,-0.10683683788878336,-0.17818201195699246,-0.1596457796080456,-0.13858624523633695,-0.10136877525735746,-0.08115910463173887,-0.08800071796219334,-0.051662320440958844,0.10700752790603998,0.3454073408922286,0
2018-11-07,-0.19511250922930612,-0.17689060185333594,-0.17755857976248468,-0.18172556111413565,-0.1508144617917235,-0.1585664943052151,-0.149769651682252,-0.13949752847600821,-0.14264620741330508,-0.11413753205453507,-0.1839185523601613,-0.16592305058321163,-0.145567161499099,-0.10921942130747875,-0.08921815862217428,-0.09377518097535555,-0.05845359756789913,0.0957588228011714,0.33038647342073546,0.2865934105459916,0
2018-11-08,-0.18249907408981014,-0.18323559521391916,-0.18700984250022326,-0.15719967758708484,-0.1646406822615878,-0.15612298757521417,-0.14587156263275816,-0.1494525570582971,-0.1213682286066977,-0.18945668206848154,-0.17194601916756982,-0.1522360807658905,-0.11704465061870409,-0.09736466663428994,-0.10159431825936063,-0.06441291449504986,0.08760357316249567,0.3151348669541161,0.2725702885796726,0.10100386095496214,1
2018-11-09,-0.18873096834634392,-0.19249355255933598,-0.1634172761850142,-0.17041224709025973,-0.16230333115539813,-0.15241725221536045,-0.1551437161970887,-0.12893978047615234,-0.19474880523720897,-0.17775791499040114,-0.15857884266317596,-0.1245070279204199,-0.10553072694859383,-0.10943947244046076,-0.07279042651264227,0.08073048733619975,0.3049499023954684,0.2583547353744663,0.09012916212278221,0.13249326058698596,1
2018-11-10,-0.1978239031895153,-0.1693835217966757,-0.17612704959049225,-0.16817863494649526,-0.15875858763729983,-0.16123186544996443,-0.13603803378460097,-0.19968143256498763,-0.1833511424396784,-0.16469639476732423,-0.13149767359272224,-0.11331340617912174,-0.1172583751552739,-0.08133694229382625,0.06959282026096426,0.29671704549457684,0.24869511295456573,0.07918291360451027,0.12108436166379828,0.15901296446702826,1
2018-11-11,-0.17512580725882007,-0.18183334393398548,-0.17397843616475783,-0.16479121824748597,-0.16719025911238844,-0.14306896511825337,-0.20192709237847511,-0.18869365441889008,-0.17062580120225082,-0.13823446861844563,-0.12056558858512642,-0.12471480692675527,-0.08996380888498896,0.05757933749280537,0.28147201712449665,0.24081419958894879,0.07118102788639602,0.1095834028074034,0.14715417356775445,0.1555605652056964,1
2018-11-12,-0.18735371210649934,-0.17972867580664503,-0.1707199254970187,-0.17284866573542107,-0.14981642720895771,-0.2057066861037443,-0.19169303172668872,-0.17642594402649847,-0.1448449553058332,-0.1275523586485374,-0.1317005978841222,-0.09817953891768401,0.04495854810113955,0.2642993727456981,0.22663226138291517,0.06441068546559715,0.10130024514481677,0.13518604944056611,0.14376034233316015,0.20504642060507203,0
2018-11-13,-0.18528655955498316,-0.17653681101475238,-0.1784707518426122,-0.1562459389048393,-0.2097329171605046,-0.19597763170024451,-0.1802668370452029,-0.15157223321221286,-0.13443778277298787,-0.1384327528062098,-0.10578532110607529,0.03298945888171328,0.24573526365539472,0.21079493999357013,0.05358336790060153,0.0943414696340182,0.12666601051748108,0.13185303491203695,0.19240669781298006,0.1740276027831917,0
2018-11-14,-0.18215158955047556,-0.1841291107624586,-0.16249983143390295,-0.2135031473803282,-0.20042653146776243,-0.18511526988086727,-0.15711799107167046,-0.14153932515462056,-0.14503813603121515,-0.11311005944521241,0.022318939288368093,0.22818083523317967,0.19376911406363448,0.04195970798078081,0.08294496597954576,0.1195485406585403,0.12336383376498694,0.179627658447086,0.16191409692432285,0.016844482273620325,1
2018-11-15,-0.18960855703692606,-0.1684848414183756,-0.21757815252646664,-0.2046098082312299,-0.19003607372822337,-0.1631087184720262,-0.14777330025156477,-0.1517584667401129,-0.12036720121153735,0.012064945706722919,0.2129497081619635,0.17766031429278767,0.029787991905354843,0.07060636456533431,0.10767268056279061,0.1162670231205224,0.1706964360822702,0.14968147823088426,0.007397500332714756,0.04910792301391715,0
2018-11-16,-0.17424314580124006,-0.222436653094932,-0.20902324385590523,-0.19468051154796875,-0.16898557419517926,-0.15422514737878434,-0.15729144972678558,-0.12797475219521645,0.0015860345336272813,0.19833671685934526,0.16360958909123105,0.018240927232024553,0.05761104066606681,0.09473197059953223,0.10445356680692902,0.1633035012578229,0.1410273244448902,-0.002066215080763832,0.03911360980658241,0.004692916465899336,1
2018-11-17,-0.22723326985801606,-0.21405671680877342,-0.199471800369482,-0.17456429911210372,-0.16048794066433333,-0.16327361769920426,-0.13513920257173245,-0.010407219064044309,0.1830635203341852,0.15012481789627274,0.00791500413154939,0.04528997605676129,0.08104302167543728,0.09159124079242716,0.15059556423490086,0.13382000674108085,-0.009316366171863611,0.029081548717060555,-0.004547920942680197,0.09285004155303855,1
2018-11-18,-0.21900270540443392,-0.20470062769790992,-0.18012109786041533,-0.16644381717103188,-0.16914330954590379,-0.14221448730469508,-0.025636330494482714,0.16454394310932072,0.1360925050517885,-0.0020096264574760063,0.03433205733923968,0.068070110751337,0.077992589653488,0.13660970167083414,0.12167274981439906,-0.015583097473914688,0.021543211734249963,-0.013797577045511624,0.08211366771649109,0.17561526664732002,0
2018-11-19,-0.20981338798830834,-0.18574570247744626,-0.1723096357985129,-0.1747150336739529,-0.14899907130065854,-0.038115104271130615,0.1373138839143,0.11926210731648139,-0.012126284591660532,0.023803369622356282,0.056579938741805585,0.06510453766091573,0.12171674393498648,0.1083911445631728,-0.024889193669046017,0.015083415467361208,-0.02093918702172632,0.07131105508744819,0.16347482695704704,0.03353034570991882,0
2018-11-20,-0.19119633310717016,-0.1780940071874962,-0.18026609631245882,-0.1554648598116213,-0.04942217834605118,0.1167942279076146,0.09513820037151409,-0.023626413480797616,0.013022333476234363,0.04554252693539933,0.05368365567364429,0.10761234455699616,0.09430948654541932,-0.0346020825781599,0.00519414201630783,-0.02713320315231522,0.0633820015180842,0.15121424032616956,0.023800297407940152,-0.15751707328660547,1
2018-11-21,-0.18368102880024756,-0.18588773529585578,-0.1617484758187691,-0.06030750123046832,0.09875727803995896,0.07669973036123444,-0.03794874121391991,0.0006178057876333724,0.034201965731737956,0.04271247080094871,0.09519827616148357,0.08096752034458449,-0.04457260321824624,-0.005251262368064486,-0.03621965393330906,0.05666045168790814,0.1425459050915785,0.014042647494065141,-0.16400610874593377,-0.10067342939779145,0
2018-11-22,-0.19133583419960382,-0.16774885317752675,-0.07021227121150787,0.0812952867989956,0.06040464449017721,-0.04981995123299899,-0.015367578111673202,0.02103577257375605,0.0314447499240151,0.08327781045042791,0.06917600293888036,-0.05405105577218801,-0.016065635940511372,-0.04565665131323278,0.04598051834217091,0.13532908678085714,0.006643453699427901,-0.1703983093458339,-0.10812678555213023,-0.1955418427305269,0
2018-11-23,-0.17352027650408436,-0.07808482612306994,0.06600191097356678,0.04464486324248034,-0.06061852033201885,-0.02835307002219511,0.0036497980763920525,0.01837771222100235,0.07096601396032119,0.05785056724497309,-0.06268789114531667,-0.026337114127178585,-0.05530934675537579,0.03454198433444522,0.12315313206390985,0.000276873913653522,-0.17609101525389564,-0.11552033128055535,-0.20138580919727797,-0.27757260836411746,0
2018-11-24,-0.08545450504250492,0.055343385905664205,0.030746196443083455,-0.07100691449335872,-0.040084245583164015,-0.010274118387956712,0.0011740699988414983,0.05647770596519003,0.046193220212714756,-0.07099810313117298,-0.03562148020514702,-0.06448911749044892,0.022583532072622915,0.10983548018147199,-0.0093308273126894,-0.18131436411375007,-0.12172078018893911,-0.20710817382184138,-0.28202496867200305,-0.4187119677203896,0
2018-11-25,0.04559535757311359,0.020808751713122,-0.08050452497109846,-0.05138401516900011,-0.022790715312829623,-0.012627680084951045,0.03666055704164574,0.03259579556012813,-0.07933912751725221,-0.04455059765049582,-0.0728820696387313,0.011236885818468335,0.09571229668544942,-0.019422555332099155,-0.18746879107656328,-0.1272842823572078,-0.2124612320718154,-0.28630229737105406,-0.4207699775645014,-0.4221643669817218,0
2018-11-26,0.011676301043759345,-0.08816657381526188,-0.06162836285053769,-0.03485802593354173,-0.025042028954987375,0.021107703627893045,0.014416849868441061,-0.08842213693340867,-0.053572331128135475,-0.0809591796910301,0.0010746107450887213,0.08233130618616667,-0.029829496095600965,-0.19322294109089855,-0.1344661856058433,-0.21745704008025396,-0.2909226343489193,-0.42256102635139575,-0.42416380879909593,-0.506165419072735,1
2018-11-27,-0.09535654622179131,-0.06967648327322937,-0.0457312598355962,-0.0370094192253881,0.007227755887765858,-3.8373631855449954e-05,-0.09829973801903064,-0.06358197037569796,-0.08904382468507259,-0.008693606168650538,0.07050792419697739,-0.03971808213516982,-0.19863302097902655,-0.1415109248401507,-0.22292415099144475,-0.2954275688944145,-0.4259206679043996,-0.42589404087992516,-0.5067398299210801,-0.48544222758305683,1
2018-11-28,-0.07719604037043597,-0.05410452154579143,-0.04780078319657927,-0.006171868499454903,-0.012999651906043172,-0.1071928896198625,-0.075163507220416,-0.09777783216227391,-0.018638231225442333,0.05915203255011527,-0.04868980457129768,-0.2038257191388798,-0.1484077548851435,-0.22781497919565405,-0.2994119341434654,-0.42958102218114197,-0.4292228446568939,-0.5069903179435088,-0.48636819580972995,-0.3517706057372841,0
2018-11-29,-0.061901647872716375,-0.056131717226726364,-0.018136736243988715,-0.025501520585306973,-0.1154989507222543,-0.08519833088208928,-0.1070136700932636,-0.02990417640309812,0.04746118824658468,-0.0573200993425022,-0.20896309945147445,-0.1549976526500917,-0.23223051812778567,-0.30244031978435404,-0.43101422542132556,-0.4328625397191601,-0.5095688013099438,-0.48698373901557135,-0.35496423842849484,-0.4001261852001476,0
2018-11-30,-0.0638927089192684,-0.02707438499502965,-0.036730810466937686,-0.1234515795032646,-0.09445992285108139,-0.11547682715973001,-0.04379587478816096,0.0338181647159804,-0.06601316984272813,-0.2139285560056187,-0.1612758909725083,-0.23648857893478395,-0.3047103373295733,-0.4308381554144506,-0.43423333917718737,-0.5127058326824062,-0.4897473276057987,-0.3579345115249659,-0.40249949247227595,-0.47536210133213513,1
2018-12-01,-0.035353321790853744,-0.04528815714488368,-0.13095344094023958,-0.10334632958098892,-0.12342300115955684,-0.05537855427277984,0.015555369404741315,-0.07557540957245527,-0.21859081912615744,-0.16733177188106105,-0.2408627980595317,-0.3069521066832462,-0.4294166614676695,-0.4339788852215559,-0.5125582726000694,-0.4930083669000599,-0.3618920916627203,-0.4046179443162803,-0.4764590732750918,-0.42939901256757085,0
2018-12-02,-0.05324243460783821,-0.13758366496223587,-0.11161328377314003,-0.13102393576488516,-0.06593563560916652,0.0010439649319851942,-0.08633424460982347,-0.22266603597198623,-0.17319334866141692,-0.24509883032213123,-0.3096799595720791,-0.4281892679798177,-0.432467093489619,-0.5103966423116358,-0.49323538850118875,-0.3659530241605361,-0.4081435991705886,-0.47725218576794126,-0.4312757226601255,-0.45261584785492487,0
2018-12-03,-0.14389278085468732,-0.11863906940129319,-0.1382376359038024,-0.07608803954187288,-0.011964334422197439,-0.09581784111235005,-0.22333504421339842,-0.17890115691549588,-0.248958829156188,-0.3123424061435044,-0.4280844388376094,-0.43115484107023916,-0.5066877961892836,-0.4915442616096224,-0.3685962248124413,-0.41191517107838393,-0.48010581280743264,-0.4328785108155061,-0.4540986972937882,-0.5356185628346992,0
2018-12-04,-0.1252858715075446,-0.14471887727615154,-0.08539229097270741,-0.024512153733897424,-0.10461807943773552,-0.22605824890527182,-0.18257226026136783,-0.2519419465578597,-0.3144716816984192,-0.42803942712031695,-0.4309807219057709,-0.5033108232703051,-0.4883774322562564,-0.3699400045941308,-0.4136843213037811,-0.48342717174447025,-0.43614269275607026,-0.4552925027850695,-0.5356933175364691,-0.5203268529854608,0
2018-12-05,-0.15090080846185144,-0.09295437100310108,-0.035779093354434695,-0.11305363536407244,-0.22920032735536872,-0.18730693051845052,-0.2506027447974801,-0.3150988149649512,-0.4271908787703303,-0.43086948325476776,-0.5014507940100844,-0.4855098291275454,-0.370269367447167,-0.4139302265420591,-0.48383639649044285,-0.4397390955790837,-0.45834930559227194,-0.5354249654563267,-0.520661023010755,-0.5818499272106539,0
2018-12-06,-0.10005900122855294,-0.04435590537314168,-0.12095118408473585,-0.2321065329409073,-0.1921325199351244,-0.25198040741764755,-0.3094273054375787,-0.4237643854625053,-0.42994809457805333,-0.4997281739146556,-0.48406571653597313,-0.37068737242656086,-0.41299484525778557,-0.48237413075881275,-0.4409791253280063,-0.4618067784876166,-0.5377403652735812,-0.5206620463280501,-0.581140392616799,-0.7019406459749056,0
2018-12-07,-0.05232680016477421,-0.12778598290686288,-0.23547359784411562,-0.19668391090636325,-0.2539963244892512,-0.307902232605345,-0.4106388538003303,-0.4264224458152592,-0.4970344919379406,-0.4827406267738498,-0.37192606357584196,-0.4122242846930387,-0.4794709479322966,-0.4405604145625602,-0.4626271527384459,-0.5407011485449643,-0.5231140358870547,-0.5800576389899598,-0.699193839357998,-0.7412540179456684,1
2018-12-08,-0.13426974186026813,-0.2399660853015405,-0.20139896161391335,-0.2558020060635895,-0.3074886837931116,-0.4041194325798029,-0.413114581877881,-0.4910962709586994,-0.4804841723379517,-0.3731651794483717,-0.41249247419295865,-0.4768511112635374,-0.4388594000833859,-0.4616813223991327,-0.5400212086803333,-0.5261663250039587,-0.5819600875948827,-0.6959955940422223,-0.7378402819134648,-0.7180679683842115,1
2018-12-09,-0.24445024104782057,-0.20658837297531557,-0.2582673545053402,-0.3069202069292231,-0.3995258269830906,-0.40647299427679734,-0.4733520421087347,-0.4751411367138884,-0.37372899111510277,-0.41280399116593547,-0.47560930788345546,-0.4373693222597213,-0.4593730696934138,-0.5371908684494507,-0.5257627901718851,-0.5846442216145792,-0.6968253594466197,-0.7339495008836556,-0.7150475707430405,-0.6912360092843545,0
2018-12-10,-0.21166748432592558,-0.2622936443555088,-0.30744028409649937,-0.394872453453988,-0.4017771406252485,-0.4637379986240535,-0.45849136605597124,-0.3722251031322275,-0.4123475743073521,-0.4744775838946632,-0.43705000298491203,-0.457312329067792,-0.532711672942145,-0.5232796359153037,-0.5831286275359007,-0.6987908686121916,-0.734428108479165,-0.7115652300627542,-0.6886708008548089,-0.7334740252153541,1
2018-12-11,-0.26637981277838174,-0.3104608467004795,-0.3920455626960854,-0.3970238467458346,-0.4565543260586462,-0.44961063210655244,-0.36263495944567975,-0.4094548783915012,-0.47243380465476514,-0.4367999830524388,-0.4565270454267274,-0.5286107506417105,-0.5192003963302741,-0.5792486413568289,-0.6951045768576397,-0.7361583657744146,-0.7122509418050873,-0.6856611260645908,-0.7301922724179261,-0.7441214884149532,1
2018-12-12,-0.31368843779786215,-0.3933357050349638,-0.3941150860570687,-0.44936984913343925,-0.44304070837476295,-0.35848432100024324,-0.3973109215000377,-0.46738027769667556,-0.435725954455384,-0.4558316599107398,-0.526159593637445,-0.5154753396412063,-0.573560260731615,-0.688498027487809,-0.7317614658559195,-0.7141199448057111,-0.6865865082165924,-0.7264385420289184,-0.7406591073465294,-0.7178304784987186,0
2018-12-13,-0.39508605704111577,-0.39536290071589886,-0.4444690939485087,-0.4364560081255653,-0.35587328564896764,-0.39144917559700154,-0.45126287082826877,-0.4319925213315398,-0.4542677917152189,-0.5238719776502194,-0.5133310888884032,-0.5683229854525531,-0.6796686642874811,-0.7242623379919046,-0.710142143918462,-0.688616074105776,-0.7269866426509322,-0.7367178135876061,-0.7148141097409155,-0.7499223987661596,0
2018-12-14,-0.39707711808766794,-0.4446870249271867,-0.4320466811116257,-0.35315734861934234,-0.3874060162165179,-0.44273883158488164,-0.41830257256268494,-0.4498675539457923,-0.5205568795358027,-0.5113368118164796,-0.5649439600228139,-0.671479595397841,-0.7144047303310572,-0.7031694366631661,-0.6851232738235405,-0.7287634555517977,-0.7371708081513004,-0.7113359526302184,-0.7463616084910265,-0.7993378867920563,0
2018-12-15,-0.44552204291460745,-0.4325186860118156,-0.3519179001769435,-0.3832905578471808,-0.4364674461227552,-0.4114049802533019,-0.43495144965999794,-0.5137727425286271,-0.5083443453148431,-0.5617694936825096,-0.6656903364039858,-0.7052493506274949,-0.6939182620256836,-0.6787597646209371,-0.7245071827551299,-0.738883906455673,-0.7120237856972724,-0.7423181271712116,-0.7949387903405876,-0.8121227589610917,1
2018-12-16,-0.43357060386829654,-0.3540287681438636,-0.38090440890816785,-0.43017448783905265,-0.4064948615696432,-0.4272323078946195,-0.49447299871428585,-0.501999397501206,-0.5574789847215166,-0.6602121851567974,-0.6986710680553188,-0.6853327884202305,-0.670210382069105,-0.7171846933692684,-0.7344351756251194,-0.7138942098413124,-0.7427193064144088,-0.7900248166521764,-0.8075067742883156,-0.8031245310774157,1
2018-12-17,-0.35647976380599283,-0.3824224197513563,-0.42600420016465285,-0.401532180459322,-0.4216345873237222,-0.4838167281587957,-0.483507257917287,-0.5493670488065248,-0.6533879463083794,-0.692438773419035,-0.6792198523414997,-0.6622844299174766,-0.7075305720548422,-0.7268709441501628,-0.7099207016983136,-0.7443976919749672,-0.7899846032182658,-0.8023675851036862,-0.7986611963189136,-0.6249015658975088,1
2018-12-18,-0.38436730037521805,-0.426599791106461,-0.3984518579409126,-0.4159999577684407,-0.475760755945948,-0.4733920988333815,-0.527625678397361,-0.6418269163126388,-0.6847850827481717,-0.6734323327300857,-0.6567100141263995,-0.6985664222237297,-0.7169383375645745,-0.7029533864598748,-0.7398441068913381,-0.7913672856783721,-0.8022131736889682,-0.7936805179376081,-0.6234616842797887,-0.5294262339685137,1
2018-12-19,-0.42775721288906376,-0.399610973193782,-0.4123690730015887,-0.46772383750986796,-0.4657890138646954,-0.5153334677241547,-0.6137431699713761,-0.6720949436925977,-0.6662678321261126,-0.6514372085564746,-0.6921442849373852,-0.7077124763025966,-0.6937084233897788,-0.7321481704120378,-0.7859204918096367,-0.8035193512618358,-0.7936064811595368,-0.6216205424546414,-0.5296060380736549,-0.5215362922171378,1
2018-12-20,-0.40124946894318186,-0.41324354134621083,-0.46212463273641313,-0.4581946725726061,-0.5059082833425907,-0.597201436766363,-0.6419349321181617,-0.6542436135273505,-0.6448388211160252,-0.6860612329071323,-0.7010766432915497,-0.6851287872140104,-0.7220638405415826,-0.7771026164153959,-0.7978414646609623,-0.794966504277396,-0.623138442028218,-0.5294467686968751,-0.521849944780836,-0.4061206058284228,0
2018-12-21,-0.4146390374333083,-0.46198145737969953,-0.4529580942317777,-0.4965333232218314,-0.5842195831040754,-0.6240020584344322,-0.6253081315769541,-0.6335852361870298,-0.6785716881445256,-0.6947893423358018,-0.6790206175826707,-0.7126953946545277,-0.765725820412443,-0.7887333190259121,-0.7894512649864484,-0.6255649543275225,-0.5318174800920371,-0.5218296628826307,-0.40839222109998635,-0.4924481792050979,1
2018-12-22,-0.4625082032060218,-0.453002400841341,-0.4898377914251471,-0.5713689222373253,-0.6098558794699992,-0.6081957179674826,-0.606066836034104,-0.6661049962225062,-0.6870751524381532,-0.6732376537093719,-0.7059431367525753,-0.7551427567487655,-0.7770221336453186,-0.7805474168789853,-0.6232711811105913,-0.5348153183621241,-0.5242708493990752,-0.410405076548619,-0.49325529537241697,-0.476008601575977,1
2018-12-23,-0.4536891977807198,-0.4891278026000691,-0.5618255683614645,-0.5958673994804038,-0.5947362291241942,-0.5899038964217963,-0.6363558710109165,-0.674302657514248,-0.6660781637775559,-0.6995445576750893,-0.7473987247192804,-0.7661248216836133,-0.7690715808849252,-0.6184137420979174,-0.534247307829055,-0.5273159012115448,-0.41387718759562064,-0.4937474232753771,-0.4770946060030987,-0.4365940765058378,1
2018-12-24,-0.4891706665453302,-0.5596432233180495,-0.5853917713217568,-0.5814188065700658,-0.5772390768556519,-0.6186982996548355,-0.643991205629707,-0.6540607660635942,-0.691707977470493,-0.7400522146517646,-0.7581241959029055,-0.7583954426479412,-0.6115993423403593,-0.5315575594451142,-0.5268905051819005,-0.41761288879089226,-0.49644843278633843,-0.47787632988984424,-0.4383487263541343,-0.2803389257340259,0
2018-12-25,-0.5584291543633622,-0.5827274299319083,-0.5714930106095225,-0.5646982327184022,-0.6047825370076075,-0.6259568638184327,-0.6251378267155685,-0.6787688761197033,-0.7311730434775974,-0.7505324352668585,-0.7505754122628309,-0.6053038707801156,-0.5272403248059605,-0.5243798915802134,-0.41927368697160267,-0.49966754834982174,-0.48072418221203994,-0.4398247678456645,-0.2847443570115702,-0.3943648564965232,0
2018-12-26,-0.5811018864590697,-0.5691129386836407,-0.5554087277746704,-0.5910192278456565,-0.6117257603549507,-0.6080338169080716,-0.6481510595587381,-0.7168146928375931,-0.7413835229082356,-0.743156263482035,-0.6010607943594172,-0.5232916080795277,-0.5202690190131228,-0.41938349371031997,-0.49976793399556846,-0.48404167248088903,-0.44302468150394414,-0.2889729548722581,-0.39683590149479964,-0.4039480131722466,0
2018-12-27,-0.5677300726534347,-0.5533576254997106,-0.5807280938369422,-0.5976542891954152,-0.5945813616889375,-0.6299114471029369,-0.6835870859018728,-0.7266579813031419,-0.73419719992403,-0.5970604739374646,-0.5209647317776088,-0.5165142346728827,-0.4182913278640498,-0.49791774260671656,-0.4844392114230693,-0.44657802894494086,-0.2935685823455042,-0.39905584363809743,-0.4062564852657317,-0.5690078815506666,1
2018-12-28,-0.5522555969273009,-0.5781591380088837,-0.5871106620623442,-0.581270812636614,-0.6155085408568696,-0.6635988601315113,-0.6927551642731341,-0.7197300940652633,-0.5918616414626651,-0.5187959024434593,-0.5143457103454026,-0.41737342625003837,-0.4945676720154484,-0.4829622674233281,-0.4476880044421339,-0.2980569632019478,-0.4026329602587827,-0.40830761262875437,-0.5685162050944852,-0.412044659083218,0
2018-12-29,-0.5766150240497054,-0.5844111644337805,-0.5713506484929708,-0.6012691780513968,-0.6477324390521396,-0.6723145338298083,-0.6863025023028553,-0.5825132307085737,-0.5156114529660268,-0.5123282327553002,-0.4175213070871044,-0.4915278647110379,-0.4800421753300375,-0.44710593553634936,-0.3019913259300097,-0.40643900805315614,-0.411799129868573,-0.5676596741195062,-0.41421577609743704,-0.4542650831708477,0
2018-12-30,-0.5827556085002824,-0.5689734882801114,-0.5905879885758942,-0.6320628787229742,-0.6560694693167933,-0.6661802825787881,-0.5584981652141058,-0.5090051642143884,-0.5093102489417525,-0.4177178338554345,-0.4899431419214272,-0.47740644788046993,-0.4452167335711688,-0.3049569045597291,-0.40831229707425365,-0.41554783189435573,-0.5696768313945213,-0.4161242747268725,-0.4557199542529893,-0.44402223236875515,0
2018-12-31,-0.5675931079444999,-0.5878173696607275,-0.6202098541606179,-0.6400298854737996,-0.6502017142698441,-0.5446825319940651,-0.49003245714334137,-0.502930565140706,-0.41713494391999767,-0.4884836578849075,-0.47615166917137874,-0.44354980324816684,-0.30715456884779807,-0.40868900864739927,-0.4172479007354295,-0.5724378124285752,-0.4195434705072255,-0.45688470717767893,-0.44565086769837675,-0.5182378215852916,1
2019-01-01,-0.5861010983351899,-0.6168333832543417,-0.6278736814349852,-0.6344225597730122,-0.533982307856074,-0.4795953079430399,-0.4843745511928622,-0.4140700838192767,-0.4860793886203758,-0.47500754345105084,-0.4430860782709151,-0.30932834295569883,-0.40790431538676153,-0.41740703444317323,-0.5711543445204654,-0.4232437220695041,-0.4599267785632086,-0.4469960564299782,-0.5186074308624333,-0.46517642402099457,1
2019-01-02,-0.614599903327624,-0.624340463311002,-0.6224797390189702,-0.523361334602578,-0.47172273096740236,-0.47421659496927143,-0.40160954235316115,-0.4805351368947,-0.4729501240480586,-0.44269803634665755,-0.31200067555917943,-0.4072753665421442,-0.41637169293558707,-0.567565926660335,-0.4247974401297501,-0.46337438240705187,-0.4501296197650437,-0.5186452540974112,-0.46644619029506484,-0.41912097807873855,0
2019-01-03,-0.6219731701586142,-0.6190568424661699,-0.515644879553383,-0.4638650327265305,-0.4665776906183177,-0.3955356782632483,-0.46351535946684824,-0.46787802912579,-0.4414722029412885,-0.3146100562181155,-0.40765918652507127,-0.41550719299313593,-0.5622134307900957,-0.4247727460035311,-0.46416494593392116,-0.45363851699807817,-0.5211159034572014,-0.4674187314391843,-0.4211720492903833,-0.48517395197166674,0
2019-01-04,-0.6167837295200845,-0.5144070618620742,-0.4584126723641018,-0.4589483453818518,-0.3913149849990165,-0.45438671335917963,-0.4517264785064853,-0.43753212227052773,-0.31668096672142304,-0.4080812223301003,-0.4156986779970764,-0.557291809116208,-0.4235256360596751,-0.46318167103310004,-0.4546142249945552,-0.5241806933726738,-0.4703633397389268,-0.422955893040763,-0.48610447134436663,-0.5004656618209051,1
2019-01-05,-0.5139993246150114,-0.45834541722841726,-0.4536830864919948,-0.387026034352642,-0.44760929771483643,-0.44317956224661187,-0.42346217910392464,-0.3172286493112981,-0.40774636066643843,-0.4159368813326079,-0.554170524915767,-0.4224621230051946,-0.4608302824427526,-0.45386350578373913,-0.5238149187909495,-0.4737456499380369,-0.42631188120119196,-0.48672474043437364,-0.5011367658700807,-0.5069394601810083,1
2019-01-06,-0.4589369752397219,-0.4537125649333884,-0.384497734183353,-0.4408218291623954,-0.4368890296965096,-0.41630998271990466,-0.3114110416933488,-0.4050191343633386,-0.41539982976838574,-0.5512424058957625,-0.42249110746011515,-0.4587290041109869,-0.4517800197941915,-0.5213791943122782,-0.4743389857151867,-0.429969787953162,-0.48949072533585974,-0.5014876595626501,-0.507500739853932,-0.4492382139279145,0
2019-01-07,-0.4543867032428878,-0.3859422512330311,-0.4362463635499014,-0.43057736021344944,-0.41118677127482856,-0.30978808013070763,-0.39317945171457086,-0.41239736813232053,-0.5472228443921517,-0.42257399387212896,-0.4579106201408172,-0.4499305076427172,-0.5173545935144448,-0.47310797759542933,-0.4313955981338035,-0.4927533699958318,-0.5041170547223861,-0.5077375925384403,-0.45077836304134405,-0.46704115941819835,1
2019-01-08,-0.3878243910840726,-0.4366324729159299,-0.42639174148193254,-0.40601584851723416,-0.3092926026223058,-0.3875215758223992,-0.40005156825085514,-0.5394797415071089,-0.4218661155034408,-0.45718359755458565,-0.4493176987831761,-0.5136808845864925,-0.47047120199237924,-0.4312102418756746,-0.49298524080805817,-0.5072881935368374,-0.5103091619576368,-0.452031668189005,-0.46827929149693526,-0.4627839333226956,0
2019-01-09,-0.4376110627818733,-0.4269794060938464,-0.4027649028053313,-0.30864406219109775,-0.38364904695380847,-0.39405458338641336,-0.518416600707618,-0.41863111222075367,-0.4555849330246406,-0.44878716349453973,-0.5115785609172226,-0.4681017261967651,-0.4297780502295056,-0.49130020489849713,-0.5072436593165064,-0.5134415614552613,-0.4551186409477933,-0.4692189838724284,-0.46409428686625026,-0.43826530162597316,0
2019-01-10,-0.4281300612633863,-0.4038358039377437,-0.3090985391207778,-0.3797003346467745,-0.3898982347579641,-0.5065788178448883,-0.4058577025066143,-0.4511373279996555,-0.4474046073989246,-0.509624357467608,-0.46706435044923617,-0.4285406033905301,-0.4881403923156974,-0.5052114374326442,-0.5132800102064792,-0.4585963256606128,-0.47214693584473283,-0.4651089736003053,-0.43999160007279153,-0.6064345283200132,0
2019-01-11,-0.40539899234720667,-0.3120851856601079,-0.37745080941404296,-0.38567216392439696,-0.49753397017685674,-0.39957421024522477,-0.43613412230850934,-0.44325118460912827,-0.5066759663229087,-0.4661280170062706,-0.42842756536670373,-0.4852793833205191,-0.5016516689275683,-0.511100805937178,-0.45947775227411225,-0.47551808743627877,-0.46807495228242113,-0.4414382016301755,-0.6053079296886257,-0.605326242187713,0
2019-01-12,-0.31528382301860286,-0.37903945625833085,-0.3831953844504538,-0.48853068830184165,-0.3951780671340313,-0.42835662080719644,-0.42878893671282053,-0.5003910170329792,-0.4642991399277758,-0.4283747076559908,-0.48384065504914797,-0.49841479432102326,-0.5073717147063067,-0.4586086083967672,-0.4760777172215377,-0.4714715791855759,-0.44462318744782675,-0.6037920991357939,-0.6042184450120425,-0.6233754734851746,0
2019-01-13,-0.3810446379917997,-0.3846665382822259,-0.4821396917893877,-0.3907176608037467,-0.422710055624116,-0.4213738880781515,-0.48200920589583907,-0.4595381531400155,-0.42751752981506697,-0.4825207115837843,-0.49666915979818976,-0.503975716090578,-0.4563886979827676,-0.4748043717842354,-0.47210816038628367,-0.4481665342499688,-0.6054749513483145,-0.6027221377839603,-0.6219614811735411,-0.6714759712191752,1
2019-01-14,-0.3865714176356689,-0.48158715114996653,-0.38804887809067057,-0.41702769341741186,-0.41603068049980285,-0.47196796914411726,-0.44395868455106163,-0.42407928942786344,-0.4802699173516191,-0.4950558774175241,-0.502100151742564,-0.45441097857932866,-0.4721188238742986,-0.4709314718437538,-0.4492463015468823,-0.6080119707069638,-0.6044148895118451,-0.6201472226566801,-0.6692459808076321,-0.6015351999415112,0
2019-01-15,-0.4817644267288557,-0.3894207640766228,-0.4133576988109755,-0.4106447698802009,-0.46442675401752975,-0.43579507503680603,-0.4109321566171612,-0.4749345868011267,-0.49248245157257875,-0.5003626833155007,-0.4536934844122713,-0.4697035134456044,-0.4683572720306715,-0.44862628881876976,-0.606051998103121,-0.6069585408731032,-0.6216787537057779,-0.6665843945019372,-0.6004917156818251,-0.6305045680108046,1
2019-01-16,-0.3912408996569461,-0.4142119469262753,-0.40721767345080995,-0.4568928740839091,-0.4298253538995223,-0.404398262182122,-0.4582989846384801,-0.48670793182854777,-0.4976526702591626,-0.4530628916161433,-0.46862871225930064,-0.4660466029341036,-0.4466933758238323,-0.6016138383271715,-0.6050186010757617,-0.6241143981674049,-0.6676862787274743,-0.5990621906201482,-0.6289696345891816,-0.6194129107661167,0
2019-01-17,-0.41559018124535546,-0.4081975026703545,-0.4517058348732209,-0.423827192471006,-0.3997925431215883,-0.4494277438727733,-0.469264725435479,-0.4916922182479793,-0.4515702863135229,-0.4676566078355792,-0.46505724473066307,-0.4449853672919378,-0.5952824454484278,-0.6006056040451454,-0.6218482098070448,-0.6698340890123797,-0.6007888049759847,-0.6270297915111338,-0.6180661411195667,-0.6209434011392934,0
2019-01-18,-0.40968294407666744,-0.45177575377325924,-0.4198984471658794,-0.39512733189493293,-0.4428657655312323,-0.45985237319818745,-0.4739071098051028,-0.4472670566834802,-0.4657883877016289,-0.4641668061309314,-0.44448810064785954,-0.5894408880964467,-0.5943031984808721,-0.6170254194952862,-0.6666984609508174,-0.6033551419969608,-0.6284976435348141,-0.6163216862360364,-0.6195706675777055,-0.6432674503756277,1
2019-01-19,-0.45248441561879327,-0.4206189182439824,-0.3922907418968134,-0.43628882979333267,-0.45283750761248487,-0.46426567615102304,-0.43252933607584637,-0.4609738443369171,-0.4623884069349078,-0.44406799982575473,-0.585568447094181,-0.5884888824674197,-0.6102509348096378,-0.6607835875211606,-0.6014837271170953,-0.6308906273764845,-0.6178886119809401,-0.6177992519123783,-0.6415160017774539,-0.6136955616709168,0
2019-01-20,-0.42188294870586,-0.3935758696188198,-0.4318858646466322,-0.4458179947305945,-0.45705907918096444,-0.4249297150496618,-0.4452958930923121,-0.4576961342458778,-0.44280690613483603,-0.5819223774934401,-0.5846386848863127,-0.6039929741401459,-0.6527510303816917,-0.5971568026518653,-0.6284955771933531,-0.6203479684836412,-0.6193525068979695,-0.6393513305707422,-0.6124457836610022,-0.656901128987258,0
2019-01-21,-0.3953219407065035,-0.43236115870412517,-0.44105240315126765,-0.4498521997313565,-0.4194320282445154,-0.4370662981699599,-0.4422430207622876,-0.43881882664510924,-0.5771131711739652,-0.5810138753967756,-0.5997805265573127,-0.6453107739999426,-0.5909535521077248,-0.6235109265237164,-0.6181534053560489,-0.6218027049208773,-0.6407051810325707,-0.6108020443416563,-0.6549183926401843,-0.6586031398332906,0
2019-01-22,-0.4334158844748702,-0.44134021524248374,-0.4449330889950477,-0.4138951551593475,-0.4310413500578345,-0.4341640717716277,-0.42466062072108296,-0.5682951473694478,-0.5762280522140337,-0.5958094809710259,-0.6401329442853166,-0.5852324187681286,-0.6165499797874469,-0.6134205818440733,-0.6195804774414502,-0.6430217915743558,-0.6124200390150256,-0.6525135535496485,-0.6565915298220798,-0.6643160909676481,0
2019-01-23,-0.4422348899001723,-0.445141529946097,-0.41034436734396434,-0.424989218911443,-0.4282652078850842,-0.417449286471316,-0.5452553853445061,-0.5674418592052517,-0.5906428467043467,-0.6352391929996747,-0.5814583078101911,-0.6101167881268634,-0.6067497383105591,-0.6148129053763953,-0.6403960461354058,-0.6149136082295981,-0.6537456242589819,-0.6541567084828215,-0.6622075639287532,-0.6775055755341899,1
2019-01-24,-0.445968446410395,-0.4112602467182387,-0.42101625341435955,-0.4223362906228983,-0.41227657915256105,-0.5320932255409694,-0.5444606293247064,-0.5813382664507323,-0.6290577120407386,-0.577906221399455,-0.6057612588547521,-0.6005891762363625,-0.6081020317419458,-0.6351216244857799,-0.6128223889450674,-0.6559806506416889,-0.6553735763649886,-0.6596721044988214,-0.675173296250472,-0.6726414308424276,0
2019-01-25,-0.41269109490623557,-0.42171386215317547,-0.4184642806583954,-0.40705728730819174,-0.5219399308071296,-0.5313376872637178,-0.5574037987900166,-0.6183716499896749,-0.573200383390776,-0.6016534567594907,-0.5964562577109258,-0.6019038506764475,-0.6278268635169981,-0.6082193732463191,-0.6531084698846693,-0.6575984178865462,-0.660837942736314,-0.6724054937613181,-0.6703916690588011,-0.6745457478872131,0
2019-01-26,-0.4229583753093482,-0.4192140845491688,-0.4037667102921767,-0.5118534359624968,-0.521217216109265,-0.5436421677789606,-0.5918968408080713,-0.5645230719134378,-0.5963364095378743,-0.5925612254587452,-0.5977402150456014,-0.6210799640611353,-0.601698067446184,-0.6475245065265782,-0.6546954724623998,-0.6630285978634708,-0.6734535199092195,-0.6677095522727148,-0.672263680427692,-0.6874317731556253,0
2019-01-27,-0.42050315608251687,-0.4048171215922091,-0.5045749068237413,-0.5111627976063882,-0.5329871411887762,-0.5764331286452402,-0.5417420591299945,-0.5868270764275655,-0.587478195184909,-0.5938158235922343,-0.6164682823755226,-0.5956780360866197,-0.6398731555782001,-0.6490728663168326,-0.6600223880915269,-0.6755652489418359,-0.6688010262936032,-0.6695480176113812,-0.684931101468918,-0.7085243933560704,0
2019-01-28,-0.4063628180767479,-0.5035635017802313,-0.5039105502798333,-0.52241033654873,-0.5643535326591986,-0.528753266648674,-0.5625160984253156,-0.5782874226573165,-0.5887005023200524,-0.6121156515393333,-0.5916598653687474,-0.632791144418214,-0.6413769991355178,-0.6542700739848963,-0.6723206328734757,-0.6709418624487808,-0.6706224817507114,-0.681988441265638,-0.7056658971391294,-0.7726290705957881,1
2019-01-29,-0.503349050303581,-0.502912733230428,-0.5147300711377637,-0.5523845893295275,-0.5187450729760927,-0.5485021977290602,-0.5545622306398594,-0.5794657729793017,-0.606529327084387,-0.5878745082934125,-0.6279058333453327,-0.6342531530627912,-0.6464247840992282,-0.6662688621269459,-0.6677851681422868,-0.6727519224410888,-0.6829478038969647,-0.7023516739775201,-0.7686830743053096,-0.795960252865046,1
2019-01-30,-0.5027098816618853,-0.5135109638986545,-0.5435636724104693,-0.5088003759279527,-0.5376360321619457,-0.5409408186210087,-0.5556597508576782,-0.5966534345723962,-0.5829121053122464,-0.6232916693951267,-0.6293336824502733,-0.6391605154124189,-0.6580786001932749,-0.6618438338891643,-0.6695608066853289,-0.6850001343982781,-0.7031226315465997,-0.7642395972486611,-0.7916184560881434,-0.6600500689504605,0
2019-01-31,-0.5131191995409303,-0.5417548354430971,-0.5016380290859892,-0.5268528951806832,-0.5304031493523629,-0.5419841810038803,-0.5716684078279302,-0.57388553927059,-0.6174176952422744,-0.6246868690435756,-0.6341263852598811,-0.6504901379578637,-0.6537807940578912,-0.6635762364451854,-0.6815760975193105,-0.7050487434585782,-0.7644379542782673,-0.7867639820561119,-0.6580139125942859,-0.7058988107331207,0
2019-02-01,-0.5408596258672255,-0.5006866916037196,-0.5190035709698068,-0.5199410303628016,-0.5314011839351286,-0.5572028805885229,-0.5504622987916861,-0.6071502334176665,-0.6187769850735977,-0.6293699810418582,-0.6451912934400295,-0.6463118910304672,-0.6554633890457945,-0.6752989604385853,-0.7012434472939777,-0.7659804627377548,-0.7867539385737872,-0.6555536024699378,-0.7030848560600808,-0.7125793132528198,0
2019-02-02,-0.500523519085926,-0.5176970584194135,-0.5123547328597433,-0.520894769045047,-0.545958722849261,-0.5370432005240751,-0.5814451683889588,-0.6084606402412533,-0.6233395625694352,-0.6401818770255755,-0.641110670416607,-0.6479476784803428,-0.6668490779939631,-0.6944874192346076,-0.761016443606644,-0.7881568328513684,-0.6567575459848239,-0.6998168845844852,-0.7096520275828189,-0.7020461970351247,0
2019-02-03,-0.5172306771924732,-0.5111842080916192,-0.5132721776108544,-0.5348061987895225,-0.5266748592443306,-0.5664972006658262,-0.5826656865622226,-0.6128591375638363,-0.6338731806679849,-0.6361945622679925,-0.6427082380198093,-0.6590166328178401,-0.6854858575828423,-0.752804970404503,-0.7827710913453031,-0.6589737290585309,-0.700611294576868,-0.7062663738441495,-0.6992975998033869,-0.7396927418465944,0
2019-02-04,-0.5108339180085181,-0.5120828884699192,-0.5266542165667157,-0.5163782134463677,-0.5548492607991841,-0.5676574915916056,-0.5867624646166667,-0.6230139439305994,-0.6299884918993968,-0.6377555996007532,-0.6535185684525654,-0.6771349621702756,-0.7421267456744816,-0.7740299024130304,-0.6560446296925637,-0.7025531180188366,-0.7070011117578097,-0.6960974951233494,-0.7363054919920875,-0.7491659495012563,0
2019-02-05,-0.5117165794660979,-0.525191226401673,-0.5089274967205353,-0.5433021468210185,-0.5559591440851905,-0.5715521115207726,-0.5962206920110295,-0.6192689569877383,-0.6315093510646758,-0.6483187390580032,-0.6712135666626329,-0.7322001766492368,-0.7627414487017968,-0.6503891721850336,-0.6987952805267805,-0.70890295896183,-0.6969263177167598,-0.7324422140586516,-0.7456179919657394,-0.753383593949177,0
2019-02-06,-0.5245912621059695,-0.5078270687473954,-0.5348268565909808,-0.5443627700107568,-0.5596845662777552,-0.5805436166536218,-0.5927325961463528,-0.6207351227619324,-0.6418006151622921,-0.6656091202310306,-0.7249921934161654,-0.7522414062603022,-0.6426554604542714,-0.692098864209331,-0.7050243681639199,-0.6988911952630357,-0.7329347674000112,-0.7415878360898013,-0.7497640864294036,-0.7908190366402085,1
2019-02-07,-0.5075366194600875,-0.5331967125302066,-0.535847118426268,-0.5479228462987935,-0.568285444765439,-0.5772276431034613,-0.5940981888311673,-0.630656290702785,-0.6586459744155916,-0.7181580351555605,-0.7445651637048243,-0.6354960493006877,-0.6831659748858944,-0.6981762764093223,-0.6952029956221502,-0.7346743673973488,-0.7419957721450724,-0.7456596334565019,-0.7865644577273265,-0.7869004535295754,1
2019-02-08,-0.5324540509522266,-0.5341961070888331,-0.5392717182299844,-0.5561419908621665,-0.5651135302581437,-0.5785258497465168,-0.6033388044582041,-0.6468958543356614,-0.7098423790186134,-0.7372834463571681,-0.6305475386661017,-0.6748796155015089,-0.6890686579958837,-0.6885940498003831,-0.7303056882975358,-0.7436786843105861,-0.7460298963560817,-0.7818005502295501,-0.7827123511922645,-0.6986553692255869,0
2019-02-09,-0.5334356313662594,-0.537550664018177,-0.5471780883695879,-0.5531108558548006,-0.5663553376556651,-0.587310481303452,-0.6184643991842342,-0.696251125293294,-0.7284755380759014,-0.6258729690031098,-0.6690109157178015,-0.6806180938764776,-0.6797619259034389,-0.7228420079517485,-0.7391387724123467,-0.7476875700672225,-0.7818364294990533,-0.7780174725927097,-0.695964295495269,-0.7004101556017289,0
2019-02-10,-0.5367303935311911,-0.545295326243813,-0.5442623013157695,-0.5542975479508127,-0.5747583299760766,-0.6016896939133705,-0.6644340965834448,-0.714214195575281,-0.6199325570490639,-0.6634568355020275,-0.6746153156930086,-0.6715702626006056,-0.7130252355950161,-0.731460010505258,-0.7430714222109094,-0.7832700888998481,-0.7780883537201074,-0.6928239228921439,-0.697689312899859,-0.7064573517601135,0
2019-02-11,-0.5443370076440702,-0.5424391753863427,-0.5454038345836748,-0.5623275891547751,-0.5885128525592481,-0.6453909872832974,-0.6811649723177212,-0.6095746553445096,-0.6565490854509918,-0.6689330842513664,-0.6657788851856876,-0.7039082315866035,-0.7213954656272191,-0.7352969020785245,-0.7779772773572742,-0.7795454619872696,-0.6936830332885136,-0.6945180283658805,-0.7036339217502637,-0.737981935078877,1
2019-02-12,-0.5415317674944056,-0.5435573610294572,-0.5531282975743513,-0.5754716429480188,-0.6303155884166933,-0.6612962672865536,-0.5837032846991834,-0.6448743740419107,-0.6618843858483567,-0.6602987091660036,-0.6973612839926469,-0.7120456130347156,-0.725122044364862,-0.7693528156047421,-0.7743234807248247,-0.6956682016046762,-0.6953614645295902,-0.7003561111387825,-0.7346237081064094,-0.7272113289756889,0
2019-02-13,-0.5426300215493827,-0.5511238366283616,-0.565772162592537,-0.6154190424664336,-0.6455298799729329,-0.5686438887869066,-0.6165815843278037,-0.6500178054760933,-0.6534722433521825,-0.691158939116194,-0.7053085371503793,-0.7156685233451798,-0.758198830824524,-0.7657879872504354,-0.6920412928122526,-0.6973361321749555,-0.7011455320896921,-0.7307905673687181,-0.7240358193248523,-0.731195881498959,0
2019-02-14,-0.5500616252008452,-0.5635090983936673,-0.6041993887195334,-0.629958076113881,-0.5569026882740695,-0.5998997877565476,-0.6213721970027078,-0.6419081818520862,-0.6835381889752522,-0.6989244689424452,-0.7088467988858788,-0.7478251579256489,-0.7547364933320947,-0.6855093330089457,-0.6936775047722384,-0.7030840132128856,-0.7312984021048262,-0.720392411215382,-0.7279527761382826,-0.7416410384998047,0
2019-02-15,-0.5622261204610548,-0.6011503776870563,-0.6181851485029936,-0.5452644367534544,-0.5868007070250207,-0.6044540045944264,-0.613818861020881,-0.6708928909216069,-0.6911038486565714,-0.7023818241436408,-0.7402521001294344,-0.7444591380230176,-0.6767658964907979,-0.6871057039554871,-0.699316079822315,-0.7330482395982546,-0.7209964519559612,-0.724239177027927,-0.7382207368798904,-0.742300732626174,1
2019-02-16,-0.5991964463394563,-0.6148500886263695,-0.5367144728030369,-0.5738354877948563,-0.5911570706204833,-0.5972733927927679,-0.6408153353442373,-0.678186473086998,-0.6944722180318664,-0.7330690060754189,-0.7369647266087569,-0.6686575787117965,-0.6783163708560944,-0.6926069822800348,-0.7287104841560961,-0.7228107409350613,-0.7248076266537447,-0.734323138181121,-0.7388692396635711,-0.7425470184333519,1
2019-02-17,-0.6126519608005513,-0.5350457215844099,-0.5641982703039929,-0.5779985023302895,-0.5842884130753008,-0.6229377088771925,-0.6476086070372874,-0.6814337086007446,-0.7243695695673301,-0.729856802233641,-0.6629342555735187,-0.6701649209577559,-0.6836594842703374,-0.721285646302113,-0.7186676693941778,-0.7265980720044174,-0.7347982888030111,-0.7349600199381651,-0.7391113473694785,-0.7352156177089688,1
2019-02-18,-0.5342701015373622,-0.5619673967102043,-0.5682028639158829,-0.5714346973188595,-0.6088377694789595,-0.6293957622470349,-0.6506330952237477,-0.7102558865913708,-0.7212400418161439,-0.6575191253702563,-0.6644063790693103,-0.6753593961161377,-0.7115136202363685,-0.7114873694898821,-0.7223829777544465,-0.7365262301608418,-0.735429277991386,-0.7351977891274614,-0.7319043197668426,-0.6551815262978558,1
2019-02-19,-0.5607118995122754,-0.5658900849131859,-0.5618888404132653,-0.5948944763993775,-0.6150152593964222,-0.6322710051354653,-0.6774781874480945,-0.7072389034393916,-0.6507642008200111,-0.6589575870233083,-0.6694794863543068,-0.7024386673417959,-0.7019970495080188,-0.7151122117895478,-0.732122334659124,-0.7371532717286162,-0.7356648472883793,-0.7281199098675142,-0.6532279620507239,-0.6455060124444405,1
2019-02-20,-0.5645646660469416,-0.5597052012751736,-0.5844558722222037,-0.6007977899670686,-0.617765590329963,-0.6577914091670801,-0.6746681572352312,-0.639297526397343,-0.6521656391732359,-0.6639146917174102,-0.6959260558225643,-0.6931868348597037,-0.7055176755104218,-0.7246144198046753,-0.7327374519373143,-0.7373873672472518,-0.7286524541082415,-0.6508534151029542,-0.6437165878900764,-0.605431793247932,0
2019-02-21,-0.5584900275673332,-0.5818106726494471,-0.5901345388713222,-0.603426052600038,-0.6421772867911714,-0.6551200416867972,-0.6113872860555413,-0.6406485659906536,-0.6569951573077828,-0.6897565291336446,-0.6868903905564142,-0.6966095217640629,-0.7147466895895684,-0.7252145592582625,-0.732967095721172,-0.7304188452907215,-0.6521008457746186,-0.641512482666311,-0.6043222054574312,-0.6563997614512175,1
2019-02-22,-0.5802014703169982,-0.5873731943013378,-0.592662784607861,-0.6267542815174877,-0.6396219741094354,-0.5949618054445095,-0.6126456497535574,-0.6453044041881526,-0.6821718743902787,-0.6809274750275677,-0.6902331070656555,-0.7055817970376311,-0.7153295746893041,-0.725438611320935,-0.726131092369552,-0.6543461622883576,-0.6428463376784556,-0.6028240388650872,-0.6544255305245871,-0.6537038114547885,0
2019-02-23,-0.5856648403733975,-0.5898497301714231,-0.615103272313198,-0.6243123816155319,-0.5820772502496907,-0.5961580743834913,-0.6169821161314331,-0.6695757119697326,-0.6735700635455475,-0.6841937563750996,-0.6989957469215583,-0.7061484670549092,-0.7155471851265388,-0.7187690615267381,-0.6515050641795204,-0.6451495526276694,-0.6045158477819849,-0.6520295234142951,-0.6517753158152793,-0.6065752630669721,0
2019-02-24,-0.5880972321487398,-0.6118312456314482,-0.6127542973900947,-0.5693216728245745,-0.5832215485213098,-0.6002805550629405,-0.6395885095835148,-0.661283240881969,-0.6767522769491108,-0.6927560281194572,-0.6995491768071944,-0.7063600238613597,-0.7090693887181441,-0.6459601430175615,-0.6424833440993977,-0.607058867523947,-0.6532660724758171,-0.6494267999671758,-0.6054462769491443,-0.743690488252392,1
2019-02-25,-0.6096869284904627,-0.6095303139732149,-0.5598562257491657,-0.5704151835550799,-0.587164932289421,-0.6217714216158794,-0.631864868740302,-0.6643510149961029,-0.6850941719087825,-0.6932968031769958,-0.6997557906311651,-0.7000624310693436,-0.6383537684182229,-0.6371580976982851,-0.605117019840272,-0.6555040990501805,-0.6506874299926588,-0.6039279672439634,-0.7402354188611915,-0.6246508821294885,0
2019-02-26,-0.6074270107930385,-0.557714159402561,-0.5609081236103534,-0.574183547601308,-0.6077221503620176,-0.6144289087548096,-0.6347222058591059,-0.6723929173372374,-0.6856210284325513,-0.6934986925318102,-0.6936053398354641,-0.6313140245731761,-0.6298047869554341,-0.6007016263577193,-0.6526409807532447,-0.6529415891765432,-0.6056095623751679,-0.7363017175063375,-0.6232152532219901,-0.6643776624194424,0
2019-02-27,-0.556534475889764,-0.5587445429397495,-0.5645330849114387,-0.5938283719528447,-0.6006986253815781,-0.6171452487515957,-0.6422124659663454,-0.6729008269587828,-0.6858177215347584,-0.6874888790590337,-0.6264632261101083,-0.6230028643197653,-0.5943964600968297,-0.6470684005418521,-0.6501272014763742,-0.6081457395747557,-0.7367585618815623,-0.6213785273869649,-0.6622680908552299,-0.6923970709467643,1
2019-02-28,-0.5575464929057823,-0.5622953633999863,-0.5834303377159331,-0.5871165730079627,-0.6032969567953299,-0.6242658971979167,-0.6426855350257502,-0.6730904465508264,-0.6799625893672752,-0.6218820490784767,-0.618346254454114,-0.588579549670184,-0.6394301629024011,-0.6446158306415264,-0.6061832231224684,-0.7384742392980607,-0.6228986661366357,-0.6597315467961453,-0.6898121657540865,-0.6837242921654302,1
2019-03-01,-0.5610340202166222,-0.5808061132610602,-0.5769739520967636,-0.5895995823358774,-0.610108256031158,-0.6247156223629476,-0.6428621474745946,-0.6674458776233859,-0.6160443559036507,-0.6139506815679135,-0.5847272336680143,-0.6323604752050828,-0.6370481057948149,-0.6017418680772703,-0.7340332990033684,-0.6253266785317684,-0.6608968350605622,-0.6867820379569879,-0.6812865158246334,-0.6738992476433715,0
2019-03-02,-0.5792148171359679,-0.5744817792195186,-0.5793624720522423,-0.5961085747793622,-0.6105384433513158,-0.6248835197578925,-0.6376047733277448,-0.605826282337505,-0.6083171268883756,-0.5811003994059817,-0.6274852266322494,-0.6300446837344732,-0.5954067942697049,-0.726478853040486,-0.6230374365448791,-0.6630871217431296,-0.6876970491881319,-0.6784091657910513,-0.6716281476996853,-0.6835131900449921,0
2019-03-03,-0.5730032139474246,-0.5768214471009545,-0.5856237688450261,-0.5965196690389508,-0.610699046617508,-0.6198855740905169,-0.5802120350407775,-0.5983769412215066,-0.5763123492578367,-0.6228806803513974,-0.6252235431662836,-0.5895617777001327,-0.7165575192994139,-0.6181856891055545,-0.6600797990374911,-0.6897196672650584,-0.6794016446582986,-0.6689238734894783,-0.6810789949338557,-0.6948247453318029,0
2019-03-04,-0.5753011773973308,-0.5829546824413633,-0.586019219168781,-0.5966731442291971,-0.6059182315328235,-0.5653249170689794,-0.5732736888361765,-0.5675231247446989,-0.6170172842842102,-0.6206707129495905,-0.5856865121364501,-0.7073422518913084,-0.6113778460024599,-0.6543260870005643,-0.6862058802331551,-0.681476160787387,-0.6700041123461044,-0.6782053636287974,-0.6921986559980309,-0.7274620127437093,1
2019-03-05,-0.5813250882069633,-0.5833420446733892,-0.5861668539563161,-0.5921045166909702,-0.5537279058513067,-0.5587289479818607,-0.5445363203742111,-0.606764222105292,-0.6148641972904084,-0.5820377428390484,-0.700715069099601,-0.6050885361735501,-0.6464791867085368,-0.6798160100592502,-0.6781191384158816,-0.6721374217046704,-0.6791997281180187,-0.6891257628229093,-0.724282250382651,-0.6774396061215527,0
2019-03-06,-0.5817055457317822,-0.5834866599066788,-0.5817720826916548,-0.5422305611176912,-0.5474184918223288,-0.5314096432901225,-0.5810856359038112,-0.6046885647852434,-0.5772255672323693,-0.6944360359648768,-0.6008504910028757,-0.6392134046140313,-0.6712362598446395,-0.6719261767094261,-0.6689579917527028,-0.6812755074856993,-0.6900190894013509,-0.7206344262830587,-0.6751084459721037,-0.6751350746401031,0
2019-03-07,-0.5818475832077146,-0.5791817743014319,-0.5337960494137268,-0.5362011786437262,-0.5212860460804901,-0.5661554095404028,-0.579152360347711,-0.5684035014220442,-0.686730939509291,-0.5968549794156002,-0.6341780387158736,-0.6632817691478858,-0.6635732637334489,-0.6629880997806703,-0.6779223008868608,-0.6920271802344674,-0.7212362278475437,-0.6723418055856135,-0.6728430095811133,-0.6850964559482783,0
2019-03-08,-0.5776194319152274,-0.5321869883120594,-0.5279961113319901,-0.5112285726879222,-0.5545223184358643,-0.5643175326993102,-0.5453563067438458,-0.6739708232281718,-0.591661435983633,-0.6294204533805616,-0.6576840507251187,-0.6558319473207376,-0.6548921616480537,-0.6717341320842783,-0.688469511816895,-0.7230490167308156,-0.6733904209903818,-0.6701169653143404,-0.682635401614689,-0.7056745147301553,1
2019-03-09,-0.5314623250041988,-0.5265056755756806,-0.503973822331634,-0.5429897151837312,-0.5527642862541536,-0.5321891669095095,-0.6436821338442293,-0.5823202250523867,-0.6233887358449869,-0.6523889726577421,-0.6504082924952911,-0.6473923418634107,-0.6633867405015336,-0.6820245232484504,-0.7189014139598902,-0.6755025447850582,-0.6711861654256596,-0.6797338798457027,-0.7028643651136295,-0.6892305391401918,0
2019-03-10,-0.5258822813068549,-0.5029747111875521,-0.5345263143449271,-0.5413097099762127,-0.5220317041020966,-0.6256630433772794,-0.5583183989715321,-0.612906542461847,-0.6457660885978582,-0.6452795832346373,-0.6421658767318862,-0.6556506129152087,-0.6733812770116665,-0.7117154224822453,-0.6722591211456564,-0.6733120795749672,-0.6807141021701182,-0.6996003447870904,-0.68669935239242,-0.6923926729859217,0
2019-03-11,-0.5027707548658563,-0.532902317233867,-0.532910240688516,-0.5119411360712092,-0.6114447046391145,-0.5445116364313536,-0.5868066177288777,-0.6344791571209495,-0.6388396814987116,-0.6372256400443658,-0.6502311949318876,-0.6653671148114688,-0.7022185458459185,-0.6662088481815871,-0.6701103114538456,-0.6827804072483575,-0.7003967582528207,-0.6837250055231772,-0.6898078424021953,-0.7013733090262279,1
2019-03-12,-0.5321649032333643,-0.5313192969123214,-0.5046592695594757,-0.5973857076124841,-0.5338188366744142,-0.5715940858695087,-0.6068994375786562,-0.6278018386297,-0.6309930316713825,-0.6451065352162251,-0.659720672704259,-0.6934021694662694,-0.6580203116833012,-0.6641123610237233,-0.6793985823545172,-0.7023399238857935,-0.684668301083933,-0.6867777920786075,-0.6986361269640324,-0.7051731471941146,1
2019-03-13,-0.5306101001486043,-0.5036461390563969,-0.5868523011841578,-0.5232051187839345,-0.5597247170943032,-0.5906954127122506,-0.6006801563443501,-0.6202373713328182,-0.6386710874111057,-0.6543790248694833,-0.687100693912956,-0.6504334709561357,-0.6559840997348917,-0.6731744667728873,-0.698586140652196,-0.6867098677397421,-0.6876928425935426,-0.6954478757311644,-0.7023715029980323,-0.6880342937910425,0
2019-03-14,-0.5034302145755425,-0.5841580877755237,-0.5154946084303562,-0.547961215096355,-0.5779962065391292,-0.5847830258759787,-0.5936345811529509,-0.6276393075508055,-0.6477049206053271,-0.6811329695494324,-0.6451359504514657,-0.648453903695778,-0.6647856647408991,-0.6918948167951114,-0.6832533172978421,-0.6897154869879398,-0.6962827087446173,-0.6991163146517371,-0.6855234006780129,-0.6930611630339757,1
2019-03-15,-0.5825070429174007,-0.5142598642139045,-0.5393086269268681,-0.565421758615278,-0.5723406772367909,-0.5780851190847868,-0.6005287742453407,-0.6363482645282363,-0.6737702690245797,-0.6401277995198216,-0.6432026353843108,-0.657010620956676,-0.6829677939519845,-0.6769353406820323,-0.6862017794513005,-0.6982516128639057,-0.6999172064696559,-0.682570126603738,-0.6904649918896582,-0.6838386391473343,1
2019-03-16,-0.5138547507555803,-0.5375868178264992,-0.5561047203444789,-0.5600172394158875,-0.5659337540819109,-0.5846391138231689,-0.6086403317172651,-0.6614762465381563,-0.633820495015608,-0.6382386919854875,-0.6515594266574141,-0.6746869476956344,-0.6684384113659085,-0.6798120091295595,-0.6945755759983959,-0.7018633722942851,-0.6835241073556803,-0.6874231655924119,-0.6813989229738048,-0.6600192832245633,0
2019-03-17,-0.5367659029001741,-0.554039383028076,-0.5509058667548494,-0.553894675576416,-0.5722030172943405,-0.5923504013195638,-0.6320446349828759,-0.6229631529684446,-0.6319800095592426,-0.6464043953543173,-0.6688227495566853,-0.6605617530649512,-0.6712323739439745,-0.687981907557724,-0.6981186515207715,-0.6855728323635119,-0.6883322449710956,-0.678519558628939,-0.6579836491310476,-0.672579859390633,1
2019-03-18,-0.5529252021709821,-0.5489468608843764,-0.5450162932663952,-0.5598856892528192,-0.579579295877309,-0.6145998043175214,-0.5961733851050888,-0.6211888553571797,-0.6399355430681507,-0.6632729719824646,-0.6550275872740658,-0.6632779913477705,-0.6791673831017083,-0.6914387108103853,-0.6821379046333909,-0.6903508891099509,-0.6795110161176169,-0.6555238813212758,-0.6703311421323241,-0.6733363086555364,1
2019-03-19,-0.5479234539113629,-0.5431777460420719,-0.550779322651248,-0.5669345854905637,-0.6008620965632381,-0.5804986441371186,-0.5945207971909021,-0.6288582906425144,-0.6563699542329104,-0.6497932523815576,-0.6576803611925477,-0.6709922591829817,-0.6825248012761854,-0.6758470878061947,-0.6868250982931997,-0.681584847992468,-0.6567280998226999,-0.6676501099753906,-0.6710747586576112,-0.665239662744565,0
2019-03-20,-0.5422571731750603,-0.5488229049701282,-0.5575599775358964,-0.5872727888266065,-0.568242426033423,-0.5789276042272777,-0.6016641399879118,-0.6447016847705854,-0.643237177283768,-0.6523853674906916,-0.6652143867023387,-0.6742562784825031,-0.6673814463850549,-0.6804201504425276,-0.6782257587441013,-0.6589444671187016,-0.6687421339693548,-0.6683804010568009,-0.6631154678259059,-0.6637927336273951,0
2019-03-21,-0.5478017075034208,-0.555464876041931,-0.5771242232197904,-0.5561008814362076,-0.5667396383283393,-0.585718454219243,-0.6164207408476062,-0.6320411909375317,-0.645762576221033,-0.6597471186073142,-0.668402142843602,-0.6595341914336207,-0.6718230308450399,-0.6720302008813813,-0.6560159242195815,-0.6708833385691219,-0.6694656682386911,-0.6605637389586828,-0.6616930850536998,-0.6941034797536393,0
2019-03-22,-0.5543252858623157,-0.5746289768676884,-0.5471385433372123,-0.5546647921560451,-0.5732354668627188,-0.5997468812004372,-0.6046287060935138,-0.6344757710568057,-0.6529348496979381,-0.6628619829387354,-0.6540240344147795,-0.6638522169652789,-0.6636742971507366,-0.6503611656771996,-0.6677277571963223,-0.671602346233503,-0.6617213276000387,-0.6591668449715665,-0.6914896262878735,-0.6992798796652163,0
2019-03-23,-0.5731477878068558,-0.5452565900206104,-0.5457571035395624,-0.5608723154758318,-0.5866544433361672,-0.5885367319201025,-0.6068962837849267,-0.6413901140381096,-0.6559695432748462,-0.6488126469438882,-0.6582411701433255,-0.6559301701237324,-0.6426282591496171,-0.6617878208734962,-0.6684330916753137,-0.6639064560583546,-0.6603373579802032,-0.6884294387685413,-0.6965782114638198,-0.695682347696083,0
2019-03-24,-0.5442989618915882,-0.5439034046234003,-0.5517284034282595,-0.5736957157465963,-0.5759313074023727,-0.5906924145444836,-0.613336330580288,-0.644315673458211,-0.6422818107873343,-0.6529333528823306,-0.6505042203421347,-0.6354696046998815,-0.6537263914485826,-0.662475980780276,-0.660883552280993,-0.6625311448863698,-0.6893292078887279,-0.6934268376221453,-0.6930417096168154,-0.7104902818526506,0
2019-03-25,-0.542969896938221,-0.5497525743269902,-0.5640638171939164,-0.563448506169253,-0.5779933386236614,-0.5968146731244363,-0.6160612083624587,-0.631120181490463,-0.6462964574984519,-0.645373317577944,-0.6305217119381055,-0.6462590018288545,-0.654394766362946,-0.6551102692199181,-0.6595343950508292,-0.6913416147870343,-0.6942803697201749,-0.6899537091070663,-0.7075984354344972,-0.7322030145318825,1
2019-03-26,-0.5487148055629864,-0.5618356935513156,-0.5542065587904558,-0.5654190179868807,-0.5838496220087398,-0.5994050900750139,-0.603770874199127,-0.6349904528066384,-0.6389310032961649,-0.6258477328337582,-0.6410590169606142,-0.6469087834486666,-0.647240823238858,-0.6537939633517171,-0.6877969835927404,-0.6962618009555024,-0.6908393753462381,-0.7042495816135106,-0.7289428237213681,-0.7277830638852089,1
2019-03-27,-0.5605825439538371,-0.5521800443143519,-0.5561020840089871,-0.571015381174079,-0.5863275009728475,-0.5877212302875134,-0.6073756604317899,-0.6278898762974346,-0.6199079704112881,-0.636144089929289,-0.6416936165628101,-0.639953853436608,-0.6459623619201045,-0.6813683707791952,-0.6926236038356058,-0.6928423342725739,-0.7050029793279563,-0.7252114831770138,-0.7245978550707088,-0.6952161638467821,0
2019-03-28,-0.5510990060518512,-0.5540368006131957,-0.5614854810830352,-0.5733832841093089,-0.5751512343951538,-0.5911481360450481,-0.6007621549813137,-0.6095509528955042,-0.629939318623845,-0.6367641786619329,-0.6349011870997714,-0.6387109571987115,-0.6727439893026222,-0.686077465025008,-0.6892691642785422,-0.7069173273305451,-0.7257709368146633,-0.72094437540482,-0.692583434316348,-0.7093731997986652,1
2019-03-29,-0.5529226657874832,-0.5593100917985072,-0.5637632749478627,-0.5627030552451994,-0.5784292617747544,-0.5848609782379175,-0.583681208143078,-0.6192215520897274,-0.6305434474377665,-0.6301270661224119,-0.633687330883943,-0.6647475555925783,-0.6773176943852142,-0.6828047045381135,-0.7030764967829843,-0.7275553554645526,-0.7215433092525527,-0.6895036459987554,-0.7065003040541314,-0.715165314228187,1
2019-03-30,-0.5581019608920178,-0.561541298254976,-0.553489475536714,-0.5658355935032637,-0.5724152430389516,-0.5686229016125386,-0.5926884430341416,-0.6198039551224328,-0.6240771617027114,-0.6289409661628776,-0.6591155893626305,-0.669194026328153,-0.6741390276413228,-0.6962758348062967,-0.7233220567991501,-0.7233541769604657,-0.6903934763197865,-0.7031711285049163,-0.7121941584948464,-0.7032776260710137,1
2019-03-31,-0.5602933962349746,-0.5514776274669452,-0.5565028070037252,-0.5600884957542163,-0.5568826128657955,-0.577185668754725,-0.5932308955555923,-0.6135702110339997,-0.6229215897272452,-0.6537877774732413,-0.6634581691985872,-0.6661037858339303,-0.6872228551800542,-0.7160284246886905,-0.719200771035276,-0.6923992248980134,-0.7039345043023083,-0.7087629503317613,-0.7005081383329236,-0.7094479651329872,1
2019-04-01,-0.5504091097401798,-0.5544293276749819,-0.5509744114776337,-0.5452452523546736,-0.5650733794415956,-0.577701353610627,-0.5874247612998331,-0.6124561959307435,-0.6471288908060067,-0.6580310590913925,-0.6604401315555859,-0.6788236388217639,-0.7064075467626847,-0.7120074903496576,-0.6888344814019545,-0.7058555369424473,-0.7094745893762385,-0.697286341069831,-0.7065738010362821,-0.6939759388892079,1
2019-04-02,-0.5533081960792997,-0.549014003671261,-0.536696018454595,-0.5530724870572389,-0.565566660902043,-0.5721817267518157,-0.5863871631628722,-0.6357929500086802,-0.6512629583291787,-0.6550820324442832,-0.672862787721828,-0.6974746379904405,-0.7025022165944564,-0.682380605990912,-0.7020348981919154,-0.7113609619075048,-0.6981041642017257,-0.7032433084373814,-0.6913642490830286,-0.5235461603221426,0
2019-04-03,-0.5479893998823316,-0.5350276446802488,-0.5442253926188857,-0.5535438751415671,-0.5602868285259758,-0.5711953295565146,-0.6081231095456494,-0.6397783475057393,-0.6483898340862265,-0.6672206299024949,-0.6910780100243931,-0.6936779488746779,-0.673727122170843,-0.6952595986648893,-0.7074356278944253,-0.7000616728562139,-0.7040060164103243,-0.6883063082955129,-0.5238257165951159,-0.5642932675275476,1
2019-04-04,-0.5342523468528707,-0.5424030215780202,-0.5446788423234579,-0.5484983782622174,-0.5593432843370968,-0.5918587018057969,-0.6118351247651108,-0.6370085470362453,-0.6602160068564223,-0.6850193396296081,-0.6873700297906321,-0.6657033390217205,-0.6862358364111686,-0.7005288230673833,-0.6963512145414383,-0.7059266016534619,-0.6892072166456421,-0.5237700293024242,-0.5638815718671149,-0.6070458448771153,1
2019-04-05,-0.5414962581254223,-0.5428471969374099,-0.5398253486832411,-0.5475967115195198,-0.5791089577406034,-0.5953875452674052,-0.6092553214944911,-0.6484094250078665,-0.6775566112420643,-0.6813961467441011,-0.6600490411030698,-0.6778640775925063,-0.6913535675868471,-0.6897143101137453,-0.7021046114834438,-0.6912203867505979,-0.5261932631263235,-0.5631080924958325,-0.605908875601503,-0.47822957180141995,0
2019-04-06,-0.5419325160872147,-0.538092971143013,-0.5389579943064722,-0.5664851224334136,-0.5824844942461065,-0.5929350440341039,-0.6198741449812599,-0.6651264236849954,-0.6740266725328138,-0.6546998847369561,-0.6719256464488176,-0.6828394403442073,-0.6808499780896118,-0.6953276144696293,-0.687678060918957,-0.5292262878546967,-0.5651673619949362,-0.6043822762306545,-0.4792778987081563,-0.5107656861139497,1
2019-04-07,-0.5372630340659376,-0.5372433566474364,-0.5571276185152578,-0.5697108420569849,-0.5801385393935139,-0.6030298749051621,-0.6354444246231302,-0.6617234292206416,-0.6480175221427633,-0.6663049174717297,-0.6767847608447015,-0.6726280466328576,-0.6863018967224721,-0.6812523438181685,-0.5287645624894531,-0.5679565553575487,-0.6060596679962085,-0.48002049847189177,-0.5112620559992789,-0.48679240156169246,0
2019-04-08,-0.5364285638948347,-0.5550413600015828,-0.5602305853889868,-0.5674690080280288,-0.5897948107733176,-0.6178318291702094,-0.6322748619251194,-0.63664962423702,-0.6593238631428405,-0.6710529224769168,-0.6668119543055413,-0.6779283001944647,-0.6726312981833401,-0.5262083164488084,-0.5667583063723327,-0.6085930292264344,-0.4828485124795681,-0.5114315067292946,-0.4876954648403294,-0.49392589404816495,0
2019-04-09,-0.5539093189685136,-0.5580808623155453,-0.5580740629567775,-0.5766967038415924,-0.6039537094374371,-0.614818670564503,-0.6089210193591785,-0.6475493647153829,-0.6639496634215302,-0.6613081559400751,-0.6719883685025232,-0.6646379993892378,-0.5220448756169839,-0.5632769300320329,-0.6066220067809106,-0.48615271242572866,-0.5139688992502102,-0.4882872236783211,-0.4947079416078613,-0.5325048065582366,0
2019-04-10,-0.5568946423465926,-0.5559684469435645,-0.5669506045573262,-0.5902271862388492,-0.6010714543923814,-0.5926172382508155,-0.6190730813740013,-0.652008811192551,-0.6544557088632174,-0.6663662053115843,-0.6590085929180741,-0.5182406893255229,-0.5580477452773185,-0.6021699675541622,-0.48651010625964275,-0.5170784025483515,-0.4910387521446723,-0.4951740384111553,-0.5326323843974972,-0.5090636752679172,0
2019-04-11,-0.5548198806445802,-0.5646634378451042,-0.5799661928798413,-0.5874728546996062,-0.5798345403539359,-0.6022683402923765,-0.6232266277155739,-0.642856279812304,-0.6593835735488678,-0.653683227628784,-0.5160318267303068,-0.5532420073927276,-0.5958225856408494,-0.48498273691707094,-0.5168476904199821,-0.4942917119754377,-0.49786184856829785,-0.5324188835630798,-0.5095889188173832,-0.6137703270052388,0
2019-04-12,-0.563359883885015,-0.5774128201085139,-0.5773166757106843,-0.5671785014179197,-0.5890663602445173,-0.6062169272413471,-0.6147019232651028,-0.6476069278058249,-0.6470270318780781,-0.513975794097267,-0.5502153459997551,-0.5899660023124575,-0.4820045551658139,-0.5145816147679826,-0.4944943285305513,-0.5010721214616359,-0.5347620963044525,-0.5097883517961216,-0.6125192806431529,-0.6341680693925749,1
2019-04-13,-0.5758820092185543,-0.5748174931539409,-0.5577946113946576,-0.5760005842286892,-0.5928434049155009,-0.598112879767492,-0.6191266958674007,-0.6356947541485147,-0.5109154051508346,-0.5473776668178879,-0.5860812921215369,-0.4793142369386391,-0.5107524482847731,-0.4927725470246305,-0.5011457966987144,-0.5377415123450702,-0.5123409471442035,-0.6108742242741215,-0.6325709867145539,-0.6355534270579503,0
2019-04-14,-0.5733329438022677,-0.5556947109662663,-0.5662809753424347,-0.5796099918278764,-0.5850914294062614,-0.6023193091444136,-0.6080316495274978,-0.5044779964543474,-0.5434575764356174,-0.5824234957134257,-0.47801488311968643,-0.5072624021907903,-0.4895704037603819,-0.4992620549827515,-0.5371178551272757,-0.5154606353034942,-0.6124915511230417,-0.6305666082019172,-0.633932842560283,-0.6233358918375924,0
2019-04-15,-0.5545510239937081,-0.5640075044655404,-0.5697530291850016,-0.5722020732700913,-0.5891151148074687,-0.5917717549405576,-0.4858158349271815,-0.5358498807451313,-0.5776013915526576,-0.47682815281143004,-0.5053100450792525,-0.48666961376290774,-0.49587333463885613,-0.5343582102285201,-0.5152606878422517,-0.6149846729406127,-0.6320017368275883,-0.6319040598917094,-0.6219225710065202,-0.6580621906496679,1
2019-04-16,-0.5627156424763217,-0.5674085448627271,-0.5626270143509406,-0.5760471749114426,-0.5790257881920396,-0.47558675763873187,-0.5150357338297394,-0.5687658102854132,-0.4747238743447466,-0.5034991786492232,-0.4851984030352415,-0.4927972055497406,-0.5299604552713931,-0.5130332549777282,-0.6128921022365957,-0.6343727982161903,-0.6333268141231754,-0.6201090097512573,-0.6560597575394619,-0.6303330475379485,1
2019-04-17,-0.5660560595442315,-0.5604282774416217,-0.5663257930457937,-0.5664056442098933,-0.4678883279870644,-0.5033647819988013,-0.5456937626728877,-0.4695879915183259,-0.5007084380970213,-0.4838474130582784,-0.4911828248652518,-0.5259360681601583,-0.5092486047274554,-0.6082873890510592,-0.6319115284782358,-0.6356895855085162,-0.6216408943544752,-0.6536344654420456,-0.6288010238654247,-0.5941158400002787,0
2019-04-18,-0.559200214946995,-0.5640514055185034,-0.5570511647859986,-0.4602008125593981,-0.49445956479546377,-0.5325099708605646,-0.4533191443398141,-0.49463809405294223,-0.4815624720232651,-0.4896949940137935,-0.5235474045772432,-0.5058003935462132,-0.6017641277574876,-0.6268437009559695,-0.6332032747624352,-0.6240767756733383,-0.6548561652305214,-0.6268642022543024,-0.593198221041365,-0.5870263271222309,0
2019-04-19,-0.5627587609958012,-0.5549664699700577,-0.4548878918117009,-0.48559273465998215,-0.5223385710571423,-0.4446936369688822,-0.47665091034964946,-0.47618065840598456,-0.4872595472336178,-0.5213195193786383,-0.5038821959743118,-0.595742258688578,-0.6197869350413118,-0.6281039938085023,-0.6218113027703532,-0.6570842438009714,-0.6283335863458366,-0.591899393792595,-0.5862289777927452,-0.6097329989518594,0
2019-04-20,-0.5538357638470487,-0.45489272853362706,-0.47931354014228683,-0.5122343833097155,-0.4383373270077067,-0.46687408210820164,-0.459459580730886,-0.48167285444696156,-0.5180701167436143,-0.5021039790007743,-0.591722587422453,-0.6132636956228138,-0.6210109937507565,-0.6169894111280708,-0.654191076294284,-0.6307275965688631,-0.5936922799040636,-0.5850550378435638,-0.6085504436070283,-0.6248004127981319,0
2019-04-21,-0.45554583050183606,-0.4788188023984218,-0.5049413574570873,-0.43196137755406405,-0.4595541656378783,-0.45053106961098216,-0.4645750341599146,-0.5113754091149332,-0.49934914826569804,-0.587935796133267,-0.608834639486317,-0.6144537026590977,-0.6102159617036534,-0.6485807519648913,-0.6283356467010237,-0.5963030144980604,-0.5869112494263298,-0.6069765079210132,-0.6233622471862907,-0.6513069227956472,1
2019-04-22,-0.47904542361814983,-0.5039224574485752,-0.4277230909052402,-0.4522365464369698,-0.4439211584233521,-0.45539409772884865,-0.4922401127538962,-0.4933276872293553,-0.5829718157182737,-0.6046565609123538,-0.6099968422461526,-0.603958973939109,-0.6408990333537348,-0.6233548902657837,-0.5945657081283833,-0.5895644077830472,-0.6086298972901883,-0.6215228872518945,-0.6494190890345736,-0.644775950944592,0
2019-04-23,-0.5037016076099132,-0.4282835256083332,-0.44722670087282523,-0.4372973810435231,-0.4485729173119894,-0.4816940253798503,-0.47543039217638566,-0.573943102361032,-0.5992622194332032,-0.6057921885331844,-0.5997473207641745,-0.6337884836486233,-0.6163984296615156,-0.5904072342638567,-0.5879552477787662,-0.6111471785458348,-0.623041690352667,-0.6471127962499167,-0.6429989114761365,-0.6567032207493473,0
2019-04-24,-0.42941093493027654,-0.44738823089184676,-0.43285603610757717,-0.44174268030387365,-0.4737302717948043,-0.4657137911824223,-0.5505159132850853,-0.5896476678592139,-0.6003686181331177,-0.5957770344675735,-0.628879869944052,-0.6099694539223711,-0.5843980376860319,-0.5839577356026415,-0.609127584494072,-0.6254688079537969,-0.6483948359415642,-0.6408076668551824,-0.65472384180508,-0.7398422725152383,0
2019-04-25,-0.4481751000543446,-0.43331148738002845,-0.43713217227511203,-0.4657834726046102,-0.45844428235187185,-0.537094169376112,-0.5651432086018758,-0.5907142780644592,-0.5906112353129205,-0.6242434334963941,-0.6056173670844867,-0.5788592699738087,-0.5781339658142068,-0.6046145355951067,-0.6231768631279353,-0.6506633381469638,-0.6421480429766542,-0.6523224890225353,-0.7364524859563886,-0.7967254980516341,1
2019-04-26,-0.43434927360242587,-0.4375001643156677,-0.4602581072082907,-0.4511759232472315,-0.5267236138072818,-0.5509996714788645,-0.5661366536266256,-0.5813077918734394,-0.6183449627241074,-0.6015128552445307,-0.575234066363072,-0.5727694561881277,-0.5981968709471058,-0.6183217207150339,-0.6478922753656167,-0.6444556266259993,-0.6535563275024694,-0.7325865739235817,-0.7923707193172126,-0.7566248910900709,0
2019-04-27,-0.4384632876374676,-0.4601531076445377,-0.44620643903753804,-0.5164248041291212,-0.540025005746554,-0.5519440943254292,-0.5573754146464521,-0.6080441543515863,-0.5961994268416944,-0.5718243045856732,-0.5692865398587708,-0.5922742381828368,-0.6115099666250663,-0.6424353239601603,-0.6418026143115338,-0.6557925381713565,-0.733077791616043,-0.7875027648942826,-0.7529503967732205,-0.7643697001336456,0
2019-04-28,-0.4607124436888767,-0.4463888363332202,-0.5089723144238942,-0.5291358386355981,-0.5409283991188849,-0.5436151842690586,-0.5822777699335109,-0.5866950199259637,-0.5672750036867901,-0.5660127753006607,-0.5883355965223609,-0.6052169813774662,-0.6349302899324424,-0.6364939433696488,-0.6529239347012121,-0.7348164968193778,-0.7874858860323016,-0.7487888458227773,-0.7605638194536297,-0.7613570969565593,1
2019-04-29,-0.4471935196403119,-0.5078709698003585,-0.5211996384343915,-0.5299991365807339,-0.5329613299495667,-0.5672887169562804,-0.5623931004698703,-0.5588107817031245,-0.5616130522446886,-0.5846262527811321,-0.6009759351102862,-0.6279857826716966,-0.6291597274450601,-0.647344464690502,-0.7304451148805924,-0.7888842010699862,-0.7491301565682962,-0.7562658376504721,-0.7576023234081551,-0.775153500119361,1
2019-04-30,-0.5075797379795671,-0.5198482100145968,-0.5220300841142765,-0.5223856708931546,-0.5556063904826614,-0.5483852691861522,-0.5364216091085573,-0.5533524463035838,-0.579747453792809,-0.5969775550953086,-0.6232127479151397,-0.6223757495006442,-0.6396982900482794,-0.7229780395612284,-0.7834846273880035,-0.750768434303553,-0.7565379696398157,-0.7533574109599717,-0.7711646782908603,-0.708361668804899,0
2019-05-01,-0.5193434846469673,-0.520661670701851,-0.5147063441183383,-0.5440256727178943,-0.5375241834587047,-0.5236953576259609,-0.5313376936168225,-0.5708346954771746,-0.5917808567956869,-0.6187058969072011,-0.6177337920473436,-0.6326211434130306,-0.713157356217623,-0.7747260641791911,-0.7460936984377503,-0.758129902309222,-0.7536564523462375,-0.766676731438949,-0.7055059331191547,-0.7293839216318647,1
2019-05-02,-0.520142445449087,-0.5134877221647328,-0.5355228491607892,-0.5267460106731902,-0.5139068995820539,-0.5188623111857631,-0.5476207306415292,-0.58243535123327,-0.6129499519207154,-0.613352223837571,-0.6277398043796418,-0.70403667679052,-0.7634175954174899,-0.738245587260482,-0.7533151752837031,-0.755266412483053,-0.766852539572448,-0.702194576477449,-0.7261715551591067,-0.7357917505793312,1
2019-05-03,-0.5130963720894411,-0.533878470058572,-0.5189007538856305,-0.5041769358217806,-0.5092838198480939,-0.5343418513661236,-0.5584256279583303,-0.602843159826962,-0.6077340723354048,-0.623129436877865,-0.6974867281000577,-0.7528987434803445,-0.7279859531548962,-0.7452912244455936,-0.750506139713301,-0.7683799418037707,-0.7029669875468003,-0.7224898751352463,-0.7324706788645902,-0.7138767117013458,0
2019-05-04,-0.5331236561959078,-0.5175963442390867,-0.49719053111149397,-0.4997590428454026,-0.5240908674079177,-0.544613574135427,-0.5774335427652078,-0.5978148545736631,-0.6172596382851437,-0.6912815147959028,-0.7452071423721618,-0.7184527620300724,-0.7348290242257921,-0.742550587607546,-0.7633702923911851,-0.7048940732051936,-0.7230745096830087,-0.7286761199353324,-0.7109274163907238,-0.7300172279931794,0
2019-05-05,-0.5171317582360202,-0.4963301577008692,-0.4929407582988761,-0.5139089072604395,-0.5339163458003163,-0.562683531266365,-0.572750159077102,-0.6069978605312029,-0.6836576097873066,-0.7379107454239126,-0.7115659843906368,-0.7251054680329162,-0.7321671822703327,-0.755101504046896,-0.7010917183653572,-0.7248757978315976,-0.7292035179994221,-0.7075189079663357,-0.7267941178314402,-0.739736721455019,0
2019-05-06,-0.4962446401234628,-0.49216730491403166,-0.5065521584425152,-0.523298300149441,-0.5512012723242479,-0.55823125213256,-0.5813032476711374,-0.6710080171024906,-0.729086691643473,-0.7050388322596793,-0.7180632512480031,-0.7225176749540131,-0.7443572526561365,-0.6943393848360558,-0.7206934556303507,-0.7309664615932443,-0.7082420571616133,-0.7231012816220086,-0.7363487255109995,-0.7395300172954236,0
2019-05-07,-0.4921559899234091,-0.5055003129403605,-0.5155842438370738,-0.5398160674997079,-0.5469424178546878,-0.566362283116317,-0.6409225643310358,-0.7148033707362734,-0.6970608397519835,-0.7113875314351801,-0.715535921436932,-0.734368633915354,-0.6853420792582406,-0.7134638287570287,-0.7266682947925047,-0.7101361407117859,-0.7236802593038485,-0.7324846728424547,-0.7361455279721132,-0.7514265013742815,0
2019-05-08,-0.5052513379276756,-0.5143476663198301,-0.5314734378455405,-0.5357462343297815,-0.5547202046031368,-0.6230396465812663,-0.6817137324266304,-0.683929237874604,-0.7032461353410286,-0.7089179920057546,-0.7271099851118658,-0.6769951835660134,-0.7039166844364814,-0.7192931833162041,-0.7062340988110272,-0.7254777577366609,-0.7329768333459029,-0.732285116558581,-0.747840194837818,-0.7468658159806489,0
2019-05-09,-0.513940987794539,-0.5299118808026277,-0.5275584796403682,-0.5431788185431419,-0.608935278604862,-0.6618179484779891,-0.6529574412022889,-0.6898920968315464,-0.7008401572158178,-0.7202274010424076,-0.671077053957509,-0.6950530681166058,-0.7095784417052464,-0.6993565506680434,-0.7212839682174134,-0.7347161701685339,-0.7327791234002123,-0.7437702175772716,-0.7433568789266402,-0.7653900270490964,1
2019-05-10,-0.5292277711417624,-0.526076994705572,-0.5347082214938543,-0.5949876577648844,-0.6460288972643154,-0.63448065477965,-0.6585112719596992,-0.6875726428931559,-0.7118584833162351,-0.6654757290501708,-0.688713019646442,-0.700557322884433,-0.6902149986920303,-0.7140399626324724,-0.7303466961160819,-0.7345196971439648,-0.7441579617639033,-0.7393672416969084,-0.7615668370923887,-0.7483347349020311,1
2019-05-11,-0.5254612416460553,-0.5330805038605988,-0.5845455076289215,-0.6304349454550034,-0.6198792440296705,-0.6397604282171117,-0.6563509232550846,-0.6981947261117409,-0.6585160164730618,-0.6827084275503941,-0.6940886686022529,-0.6817325449104576,-0.7044762541322276,-0.7228820172486543,-0.7301539593689158,-0.7458273467494924,-0.7397957231749391,-0.7572508814346998,-0.744800878458302,-0.642097592791533,0
2019-05-12,-0.532339913694781,-0.581898474755373,-0.6186438708785489,-0.6054458957288162,-0.6249296431683206,-0.6377066832968041,-0.6662443741840999,-0.6467705699623467,-0.6753051776971593,-0.6879611559426171,-0.675703727801426,-0.6955970713331928,-0.7130640946016652,-0.7226939735531972,-0.7412465742856117,-0.7414923993776135,-0.7575138995845018,-0.7407853650759261,-0.6403659901743939,-0.7057316882211074,1
2019-05-13,-0.5802877073559571,-0.6152994288155194,-0.5946057638652428,-0.6102721423363855,-0.6229651210729341,-0.647111935581482,-0.6183477088162476,-0.6629559565689249,-0.6804227107313665,-0.6699966085311919,-0.6892443123366526,-0.7039460095877554,-0.7128814572704149,-0.7335164883662162,-0.7369940635023903,-0.7590997266007126,-0.7412007257677202,-0.6382219269215845,-0.7029205686882153,-0.6379986932863588,1
2019-05-14,-0.6130932915293411,-0.5917529699381099,-0.5992483506661237,-0.6083948118842644,-0.631961771895163,-0.601578761705996,-0.6334228428426079,-0.6678894520262022,-0.6629205370117686,-0.6832275716056311,-0.6973981793183559,-0.7037684529823418,-0.7233928185689797,-0.7293675242770846,-0.7542665566739704,-0.7428886119351906,-0.639586226871853,-0.6996555412060345,-0.6363366262117921,-0.2703863403475356,1
2019-05-15,-0.5899665467873498,-0.596300602542093,-0.5974424608543102,-0.6169921631664591,-0.5884067396869423,-0.6159100036316444,-0.6380179203062915,-0.6510166943984659,-0.6758109599599773,-0.6911949907866967,-0.6972247712875235,-0.7139874022939217,-0.7193631395794744,-0.7462194401338079,-0.7383637246418271,-0.6419098378608362,-0.70045144398248,-0.634264768271152,-0.27496061168177693,-0.0639328645198688,0
2019-05-16,-0.5944331181287238,-0.594531648349175,-0.6057126452917683,-0.57537023969732,-0.6021153756226304,-0.620278334067977,-0.6223025661528703,-0.6634435498056086,-0.6835733127435035,-0.6910255479353347,-0.7072049568918253,-0.710069823574473,-0.7357305531800495,-0.7307038347937383,-0.6393052381620818,-0.7023942674883341,-0.635665680714751,-0.2793645320976565,-0.07200950385301748,-0.22357004717953366,0
2019-05-17,-0.5926956954320507,-0.6026326838282752,-0.5656746181793441,-0.5884704434362076,-0.6062939284590945,-0.6053384640856536,-0.6338769891396364,-0.6709267515630433,-0.6834082310327227,-0.7007775248062768,-0.7033789116157952,-0.7259819176596393,-0.7206610304015523,-0.6340573771880856,-0.698639450816306,-0.6380138195863991,-0.28404905879022396,-0.08005026329159327,-0.22893853079991708,-0.37096330685378587,1
2019-05-18,-0.6006523304677633,-0.5634135490431007,-0.5782763018296626,-0.5924635390110108,-0.5920031056834598,-0.6163417397900741,-0.6408468732815309,-0.6707676065482925,-0.6929092103446857,-0.6970389665751614,-0.7189192228044532,-0.7113316088129453,-0.6267932139401337,-0.6919468288810892,-0.6354833094735934,-0.28859699608279454,-0.08657888899105558,-0.23416715673944452,-0.3738313460817065,-0.43014666591078926,1
2019-05-19,-0.5621322742715993,-0.5757574921703236,-0.5821174426410672,-0.5788069877074802,-0.6025283554499817,-0.6229676905548612,-0.640698644976251,-0.6799269100568267,-0.689266875577031,-0.7122239301908392,-0.704611215494478,-0.6200750692304957,-0.6830183106606283,-0.6303285107164649,-0.29271125659304725,-0.09236224730930435,-0.23926985938856343,-0.3764635247765618,-0.4320106924816301,-0.23239675459035367,0
2019-05-20,-0.5742561873958282,-0.5795200706507345,-0.568980582885934,-0.5888650939254126,-0.6088664486336367,-0.6228267766698183,-0.6492296570141806,-0.6764155615398765,-0.7040610067644575,-0.6982430923699469,-0.6154868667116616,-0.674736059097132,-0.623171554520443,-0.2959028006699463,-0.10020825399250542,-0.24409794615641986,-0.38024967044983615,-0.4336003101401558,-0.23761549804556212,-0.3190233893043165,0
2019-05-21,-0.5779516981535692,-0.5666518973028367,-0.5786559341404672,-0.5949218826833501,-0.6087316566066541,-0.6309368204792072,-0.64595917291683,-0.6906776637128698,-0.6904400094366228,-0.6111566771039654,-0.6688707134801073,-0.6165541595231415,-0.29836077564312047,-0.10808715820504466,-0.24905843375081796,-0.3841957535056465,-0.4368578138362283,-0.24268863464869114,-0.32277256024659484,-0.32078257364130086,0
2019-05-22,-0.5653128991790853,-0.5761293599130685,-0.5844822355771208,-0.5947930731486791,-0.6164893679468288,-0.6278277205049608,-0.6592429521049115,-0.6775465069638508,-0.6055950348489038,-0.6633198391541181,-0.6120482223555767,-0.3007791812950313,-0.11594494073053636,-0.2533129041137211,-0.38649203682592087,-0.44044974268922776,-0.24771249472901732,-0.3263197011053094,-0.32450190100307597,-0.4129902206643473,1
2019-05-23,-0.5746214266196544,-0.5818364967982489,-0.584358327809011,-0.6022064729632587,-0.6135153396068062,-0.6404560031390258,-0.6470125400224376,-0.5957527415101891,-0.6564156151316373,-0.6077966614131267,-0.30365126335121806,-0.12343791048782214,-0.2569953630652183,-0.38740006176382247,-0.4416762582432885,-0.2524877623332384,-0.3305697883517986,-0.32801805245742616,-0.4151452967540458,-0.39290473349682603,1
2019-05-24,-0.5802268341519861,-0.5817151232988809,-0.5914896153140552,-0.5993644413153033,-0.6255949995568307,-0.6288291085390961,-0.5708294986959194,-0.6447457036044528,-0.6023214996478872,-0.30645156318338634,-0.1304535358751558,-0.2605644990688688,-0.38722743794880776,-0.4412405726099588,-0.2572887029330024,-0.3348266807362258,-0.33225242618746437,-0.41703713857863545,-0.39540054866692015,-0.3782287381655323,1
2019-05-25,-0.5801076241275429,-0.5887005555497463,-0.5887557354091638,-0.610907968124549,-0.6144732233730237,-0.5564053679625349,-0.6164617401660881,-0.5925969297283206,-0.3087324579661651,-0.1372142063432233,-0.26437618913391864,-0.3871736921292357,-0.4395200031964196,-0.2613427700027153,-0.3380618031230813,-0.33649879158362345,-0.420447888343896,-0.3976462120158404,-0.3809735234059746,-0.3672382340202211,1
2019-05-26,-0.5869685414917769,-0.5860225913190078,-0.5998599805001976,-0.6002798111999871,-0.5451958573348482,-0.5997858573814067,-0.5678901629401519,-0.3095659861542507,-0.14385095266432288,-0.26807455993341217,-0.3880271837152779,-0.43801154827930305,-0.2647943656996804,-0.34014908211807154,-0.3397021158649216,-0.42414248164998053,-0.40123637085517994,-0.383477715860805,-0.37016946702985726,-0.2732406169342929,1
2019-05-27,-0.5843383118035289,-0.5968997227942928,-0.5896362714633911,-0.5340771916358522,-0.5866917262372477,-0.5536110756038101,-0.3042740064837979,-0.15061397705956406,-0.2713432066627096,-0.38889812845568855,-0.4376772235219662,-0.26814654390004844,-0.3413349510962927,-0.3417494539943034,-0.4256791082284895,-0.40505115604981595,-0.38719896471113674,-0.3728672657884543,-0.2777664670591677,-0.15997113543669872,1
2019-05-28,-0.5950215591004435,-0.5868851178889853,-0.5259529513259239,-0.5737313439157607,-0.5425229601189356,-0.3030032264742762,-0.1562254674462605,-0.27352133334524953,-0.3890570035799483,-0.4374128614509823,-0.2717810810037279,-0.3425578727688809,-0.3428893113622541,-0.4256329458870059,-0.40695083749852606,-0.3911015713053997,-0.3766866848328135,-0.282120107166466,-0.166418539101225,-0.10551998224618414,0
2019-05-29,-0.5851854638921257,-0.5245043040435473,-0.5640980895553086,-0.5315229259696087,-0.3028025099188619,-0.1622602369940015,-0.27070187223471737,-0.3870018870550534,-0.4363230585156552,-0.2753101302032757,-0.34445380405287257,-0.3440689928149554,-0.4243611047026295,-0.40736069999012664,-0.3932665284497221,-0.38065505878628164,-0.2867791386785918,-0.17276750948203679,-0.11289111933623655,-0.11799259919540453,0
2019-05-30,-0.5239165840952906,-0.561869264944758,-0.5234958866476609,-0.3024420201281056,-0.16817395411781536,-0.27108773059592317,-0.3763981152806246,-0.43256815223595785,-0.2783925469507354,-0.3463211055921664,-0.345929617081235,-0.42327435002995983,-0.4066141963660134,-0.39400959761266097,-0.3830186745950737,-0.2913099959326973,-0.17843829503464945,-0.1201992892556377,-0.12515214529968907,-0.2117483284349975,1
2019-05-31,-0.5606155169393214,-0.5220974933752267,-0.30313251190306423,-0.1737887012756801,-0.27227354976501267,-0.371568325134873,-0.41883871749667684,-0.2803171640815261,-0.3475758332752223,-0.34776317241226856,-0.4232843569628601,-0.40602113690390224,-0.3936469458472292,-0.38401127431590115,-0.2953726640166832,-0.1836469587458698,-0.12635644742619903,-0.13224060034214655,-0.21731736091636256,-0.14059371996481407,0
2019-06-01,-0.5215526746744158,-0.3062411807862783,-0.17937501491626473,-0.27326803083930706,-0.3683888687500854,-0.41191466877367017,-0.27703153624955096,-0.3470124695187169,-0.3489807840052721,-0.423349104787934,-0.4064342617115303,-0.3934146179195243,-0.38393608008563423,-0.2984994040391326,-0.1897570273514305,-0.131890947741789,-0.1382863496810705,-0.22275423565321884,-0.14736985066858338,-0.1757378250569232,1
2019-06-02,-0.3095439871608351,-0.1850148790663576,-0.2750687205939344,-0.36511745094497106,-0.4069824071991552,-0.2771050533040353,-0.33915181133683503,-0.348366895176171,-0.4226212765208427,-0.40688430686941535,-0.3941222915224155,-0.38397389543167265,-0.30088272517464293,-0.19545545985824203,-0.13898524720961397,-0.14374621364983936,-0.22796253313288828,-0.15406016933846914,-0.18191775563118934,-0.11327798517228581,0
2019-06-03,-0.1904785365770119,-0.27875137438684583,-0.3634228682627156,-0.40199808728685565,-0.27802945610872093,-0.33615996380811414,-0.34041332882858055,-0.4193591160116354,-0.40658025156049693,-0.3948538644227115,-0.3849021496277202,-0.30323097356978723,-0.20080135355004272,-0.14591994935917016,-0.15061506454926263,-0.23286136126190662,-0.15990403927478924,-0.18798898347538506,-0.12051751207231898,-0.19693159835674465,0
2019-06-04,-0.2825441848161873,-0.3652984266809349,-0.3989000349745013,-0.27876847203260136,-0.33451878707634586,-0.3373592309148628,-0.4065357681584277,-0.40389496106765155,-0.39485945009505496,-0.3858445519641219,-0.30604576998973615,-0.20593373160315379,-0.15269001741786778,-0.1572665859616551,-0.2380355321256502,-0.16522865776178317,-0.1935189366368059,-0.1276890187184731,-0.20275198839489816,-0.30730722161999924,1
2019-06-05,-0.367548541394724,-0.40004998372341133,-0.28035984592577307,-0.3327506295733684,-0.33566595326343257,-0.4002188163151023,-0.392132392196422,-0.3925956650203396,-0.38608202040906753,-0.3087913165990023,-0.21102185862604006,-0.15916078837702763,-0.16371043170353505,-0.2425584051054419,-0.1716889825000582,-0.19863325221567305,-0.13377688028148566,-0.20844987139001367,-0.3112551508084291,-0.29822543248031624,1
2019-06-06,-0.4016806541379766,-0.28393428105135127,-0.3322877461057571,-0.333846880932271,-0.3957946689595906,-0.3865261841237977,-0.38160818252153417,-0.3841338907253941,-0.3110119905256711,-0.2159402392196613,-0.1653417558656474,-0.1698746295036969,-0.24655006207795674,-0.17782736364154647,-0.20445833030017585,-0.1392649565788131,-0.21379051596199142,-0.31500868110021063,-0.30232742915309396,-0.22430450664022486,0
2019-06-07,-0.2876347064982641,-0.33480010694610196,-0.3333422803024364,-0.39130689590915696,-0.3826968990185264,-0.37652129828574576,-0.3737268519918533,-0.31176354178347004,-0.22055072539457699,-0.17130466597044322,-0.17580527023673795,-0.2504097723592471,-0.18368007522047647,-0.20979879279897193,-0.14621902640113013,-0.21877800764969818,-0.3193634203662633,-0.3062409422449068,-0.22966053056574814,-0.20851582721578815,0
2019-06-08,-0.3375938522739829,-0.33583307289817066,-0.3886156902213858,-0.37879044601888523,-0.3731266651027543,-0.3690288770363324,-0.306320818614155,-0.22455545976413474,-0.17706398792270484,-0.1815289197249688,-0.2544587255833222,-0.18928874429564155,-0.21473230743372346,-0.15297758933335318,-0.22421999805749865,-0.3236904224925563,-0.3106768025396376,-0.23487621842895345,-0.21413969727632792,-0.25565756948613233,0
2019-06-09,-0.3386084056734998,-0.38997598327585986,-0.37657554603079907,-0.36964496905723937,-0.36595974434892903,-0.30494903735497597,-0.22509486111438343,-0.18263259960178246,-0.1870250885987591,-0.2583838709023244,-0.1947657781186265,-0.21947714501609833,-0.159544746190758,-0.22907927297787728,-0.32713732026242387,-0.3150581502428649,-0.2399723606849541,-0.2196335150437038,-0.2604817061981369,-0.3618463340273634,1
2019-06-10,-0.3917862221091865,-0.3781820945181137,-0.3677780944950015,-0.3627961386924946,-0.30466378705741015,-0.22773122651918626,-0.18604774095112717,-0.1922354775131329,-0.26190193775677373,-0.2000558731962341,-0.22424883289273995,-0.1658248277802167,-0.23345846273789522,-0.32949060542236613,-0.3186692057326723,-0.24479605243520858,-0.2248706861098519,-0.2651450854020575,-0.36486903761124195,-0.3083627322221901,0
2019-06-11,-0.3802025586702006,-0.3695645760629793,-0.361189892101247,-0.3042206879579251,-0.23080062418635472,-0.19061091139754366,-0.1949918999676035,-0.2644195929271571,-0.20507519310307662,-0.22886476309482895,-0.17185009132072615,-0.23768236377118288,-0.33098291172498867,-0.3212286856113181,-0.24974326432053645,-0.22978885757981296,-0.2699611735111107,-0.36766181889421584,-0.312292755262318,-0.335480558776807,1
2019-06-12,-0.3717386469347296,-0.3631111212774291,-0.3048434936371764,-0.23363580358657646,-0.19529296278054886,-0.19911371518439264,-0.26222447469018684,-0.20963646114727652,-0.23314259631265027,-0.17766418064709438,-0.24202869035193808,-0.33249381326202354,-0.32295852685196197,-0.25398105937204807,-0.23502145746251818,-0.27459724801295626,-0.3715293998664973,-0.31602769191148083,-0.33895054302347766,-0.3025002504191889,1
2019-06-13,-0.36540022457124666,-0.3079171680435099,-0.2369446730484832,-0.19970408340014037,-0.20342637104699457,-0.2630286556385712,-0.21119924594280562,-0.2366944997190686,-0.18325982064222507,-0.24623806311001203,-0.33462488928397777,-0.32469265602416286,-0.25764430847625736,-0.23961772178286536,-0.27897773816198806,-0.37553003903900734,-0.3203730030676629,-0.3422077780043632,-0.30652972719134375,-0.30633967023465775,1
2019-06-14,-0.3111901000515514,-0.2414070728046764,-0.20430420332576515,-0.2074765055347605,-0.26456459298778906,-0.2145212993383483,-0.23640121163415379,-0.18860561675115547,-0.25006874023292747,-0.3367169405702846,-0.32700600452505574,-0.2611953916881051,-0.24369392508925222,-0.28250368713619356,-0.3779911160413327,-0.32469368900099504,-0.34631086530445354,-0.310367936030551,-0.31030401339236435,-0.284200335353707,1
2019-06-15,-0.24586554304014674,-0.2094341941732654,-0.21178085078022177,-0.2659012217074809,-0.21816458863559318,-0.23847965796342274,-0.19161103308972516,-0.2530119428272485,-0.3382188614130893,-0.32927227061150605,-0.26499234107326014,-0.24763308927458472,-0.2853468943163573,-0.37910613451524994,-0.3281215079075282,-0.3504692777136323,-0.314765612480306,-0.3140745878565463,-0.2885402599720467,-0.2644183074843155,1
2019-06-16,-0.2144625789415952,-0.21675792277343345,-0.2679822507922491,-0.2215605948682633,-0.2410821011381209,-0.19589967933830574,-0.2515993436159591,-0.3379919946400716,-0.3309658032692061,-0.268676622830805,-0.2517469191437058,-0.28812732870927105,-0.379171965870462,-0.3304508285481055,-0.3534069288229987,-0.3191213796020417,-0.31843796955664705,-0.29270083609015474,-0.26909382316541397,-0.18922637096075234,1
2019-06-17,-0.22165576254417102,-0.27180984318894325,-0.22532897887206016,-0.24346095639074222,-0.2003519656656017,-0.25292782843197903,-0.33075010484180917,-0.33099977218346394,-0.2719297735925056,-0.25573407312038615,-0.2912950187712523,-0.37934231249045375,-0.3319155278845657,-0.35512056102022216,-0.32265516569534475,-0.3227707615264875,-0.29726197239479096,-0.27360287513559983,-0.19517747588150997,-0.09878670419637543,0
2019-06-18,-0.2757263859714328,-0.23002895284263822,-0.24639593578622226,-0.20453855189290115,-0.2549025857770498,-0.32817284487716697,-0.32423752079067225,-0.2740868060572368,-0.25932034079030675,-0.29437785873207933,-0.3803787826957888,-0.3334004852896684,-0.355875991384363,-0.32511758927056206,-0.32623514825441163,-0.30172724651198596,-0.2783407099327272,-0.2010110924677416,-0.10627206759080395,-0.18375090971188812,1
2019-06-19,-0.23469023734446656,-0.25066503015009367,-0.208954699133121,-0.25666804463712256,-0.32687866027034734,-0.3219816284385761,-0.27122855578752125,-0.26193083578158477,-0.2969695079788216,-0.38142461716050813,-0.33551037710099535,-0.3566944007999094,-0.32673562229824865,-0.3286104008904385,-0.3055918123983495,-0.2829243600329974,-0.2064205622417746,-0.11369884945540988,-0.18979490277696204,-0.1483209371650186,0
2019-06-20,-0.25495847788331855,-0.21398957402188887,-0.2591004365207169,-0.32544959552307634,-0.3209564148295113,-0.2715884246129909,-0.25990643629910415,-0.298226057337215,-0.3817758464214643,-0.33758218066234613,-0.35826003493320446,-0.32836467773612443,-0.33012801357870986,-0.3084697208280584,-0.2871464956163535,-0.2114541621380958,-0.11991615111018732,-0.1957249738842779,-0.1549659799414275,-0.17908027529719406,1
2019-06-21,-0.21893675943346524,-0.2631096874576431,-0.3252645483558725,-0.31979019788274093,-0.27275249164812154,-0.2608250023299201,-0.29371195128415767,-0.37998257608529684,-0.3390618318511194,-0.35981164069422383,-0.33059223018397693,-0.33166269723668246,-0.3105663896315836,-0.2904735390798291,-0.21703542824823754,-0.12549094347337358,-0.20118335197826454,-0.16152017765264257,-0.18520350306850406,-0.12030152863769676,1
2019-06-22,-0.2671813099640002,-0.32792055370532336,-0.31982051556551516,-0.273725715781649,-0.2624566751190168,-0.2929623626230217,-0.36986030087965294,-0.3388046500345442,-0.3607191473548399,-0.3327764929843549,-0.33381319211837834,-0.3126452514568327,-0.29308760844084586,-0.22206964415998104,-0.13270695019021939,-0.20624971712557033,-0.1672950259679518,-0.19121585104440741,-0.1274219050425708,0.01856848292386522,0
2019-06-23,-0.3308369266331993,-0.3225878669777678,-0.2755089886210481,-0.26388685983549703,-0.29319786101747713,-0.36535312335414727,-0.3315070153368566,-0.35968312154420123,-0.3343798335432277,-0.3359238038192283,-0.31524008515643526,-0.29565270653872294,-0.22665036477298367,-0.1397945260028918,-0.21192995483925933,-0.17257340465897789,-0.1967159485245714,-0.13446968649180002,0.00909225427406649,-0.009899517609387624,1
2019-06-24,-0.3255992947081924,-0.27918263767183465,-0.2660445442058506,-0.2932636556256926,-0.36244367998550775,-0.3288924051412163,-0.3509533074721153,-0.33429102653107784,-0.33744613851156186,-0.3177753928882402,-0.29864456765249797,-0.23106365796937586,-0.14674070349989965,-0.21708848669520905,-0.17889405621859222,-0.2018102628257291,-0.14049481184038207,-0.0004018307556892213,-0.018892802517692896,-0.0019963819754844703,0
2019-06-25,-0.28296776086048575,-0.2699117682520166,-0.2943034243413662,-0.35943612827745774,-0.3275669599825995,-0.3473791075917492,-0.3273030082956142,-0.33724706052847175,-0.31976483357388275,-0.3015593514961891,-0.23556462928771002,-0.15337697640067655,-0.22181241844517854,-0.18485699710789552,-0.20757492450967288,-0.145940859137049,-0.007667381092910952,-0.027885401511321545,-0.011123739169200487,-0.010172191181620261,0
2019-06-26,-0.27386214409982007,-0.2975926733525818,-0.35795774478842474,-0.326107346338418,-0.34525052675654333,-0.3248958475079758,-0.3300562702213491,-0.32020161362941013,-0.3039661626144705,-0.23992181043796376,-0.15969308149958938,-0.22636029682596867,-0.19050760268871245,-0.21283949936381297,-0.15276797502292824,-0.013944428843464805,-0.03489666786857543,-0.020255558061936244,-0.01916085033494753,-0.013593804717055255,0
2019-06-27,-0.30104963882337854,-0.35994508063433805,-0.3258972688738802,-0.3430060610359032,-0.32374402866413243,-0.32751324796845516,-0.31418007258773045,-0.3049710971113372,-0.24391505603530855,-0.1657851552165012,-0.2309711612369317,-0.1959263390980244,-0.21768559193905057,-0.15936707404920966,-0.023281687182042352,-0.04100336263148012,-0.02733741739184612,-0.028148645970899697,-0.02252441810630375,-0.27174091228701364,1
2019-06-28,-0.3622906184017269,-0.32854033327656473,-0.34215291351569255,-0.32245408868487463,-0.3262477188674496,-0.3124204714300213,-0.29999430839305086,-0.247079558447599,-0.17168653900343825,-0.23543337746039536,-0.201248286845709,-0.22234827310364036,-0.1657505295526096,-0.033033718139452495,-0.04982604812687562,-0.03349140464954542,-0.03515747673310369,-0.03145193935076714,-0.27629220406426747,-0.19011036109008736,0
2019-06-29,-0.3314456586729096,-0.344463503427706,-0.3223830336634461,-0.32484665727567985,-0.3118106324029615,-0.2989347128146308,-0.24607389700211332,-0.17744853539787614,-0.23954214688802816,-0.20639015170353356,-0.22705287764662901,-0.1718579745641699,-0.0430493301576039,-0.058931736026577496,-0.042456943134157384,-0.04126253981282681,-0.03843020732347399,-0.2806722626387864,-0.19604646961164213,-0.18103736787208927,0
2019-06-30,-0.3470849993264649,-0.3250979742412952,-0.32468455454769884,-0.3110503339238892,-0.29891074862916966,-0.24767503850441927,-0.1812192827514706,-0.24286390858877285,-0.21124643918482106,-0.23160469005302356,-0.17774227483646385,-0.05257015812703481,-0.0682027651615269,-0.05174206537260509,-0.05008029660186092,-0.04451479541101558,-0.2853446899236866,-0.20186451402218064,-0.18712739466008943,-0.326024942965515,1
2019-07-01,-0.3280646594690189,-0.3273524224316855,-0.311413241682489,-0.29872298739302816,-0.2498779978776094,-0.18602071654646238,-0.24214742380905524,-0.21558577584764413,-0.2358120026997454,-0.18342163242635312,-0.06124159437752133,-0.07702385827263832,-0.061219801666694613,-0.05917979366739349,-0.053270704884740616,-0.28988452143529075,-0.20726608775419703,-0.1931052669236374,-0.3296553364573905,-0.2800618542009507,0
2019-07-02,-0.3302789222634649,-0.31435254592489903,-0.29955500464082946,-0.25186646368512877,-0.19090218419947372,-0.24394231963466376,-0.21674046152529813,-0.2392679084682318,-0.18886908643194972,-0.06958487764747265,-0.0851239387089989,-0.07023515146564785,-0.06844369100275097,-0.06229251696666481,-0.2939742974042643,-0.2122943978389135,-0.19858788311674966,-0.33307913948673473,-0.2844719858424242,-0.30934347749005886,0
2019-07-03,-0.31751076773054276,-0.3027368437938847,-0.2544815767392613,-0.19550818132394004,-0.2463074431203017,-0.21978908010474232,-0.2387980948684706,-0.1940131611885416,-0.0779622758018032,-0.09292112396377916,-0.07849384867908,-0.07725808187977992,-0.07146692172004622,-0.29713508701464486,-0.2178596854010126,-0.20367048614345903,-0.3372666869377491,-0.28870546453429957,-0.3132568627340562,-0.2727172595940401,0
2019-07-04,-0.30610211475297344,-0.2585852965875816,-0.2002679736879747,-0.2484543813305442,-0.2232035161123721,-0.24075826546624562,-0.19664764167551962,-0.08709479978910349,-0.10069789099083726,-0.08644263877446932,-0.08535268972839513,-0.08019721036939517,-0.2995576330479108,-0.2228738310277879,-0.2093997724349703,-0.3414816819088691,-0.29330356688638665,-0.31697452279028593,-0.27725198818411456,-0.35985405776572843,0
2019-07-05,-0.2627375660741155,-0.20548051699172168,-0.2511993390520969,-0.22637587896224334,-0.24326171689358606,-0.20068775326200045,-0.0970634508771199,-0.10901279299085684,-0.09438614983608767,-0.09314464432089505,-0.08822314606856035,-0.30194274373050867,-0.22743143080662961,-0.214619913076121,-0.34459024783560627,-0.29779360574348246,-0.3213110736610466,-0.28161484763921135,-0.3629105592045269,-0.4027561657839397,1
2019-07-06,-0.2105793758049435,-0.2553701900617674,-0.22996102033097418,-0.24554383397265747,-0.20493202666754606,-0.10601760785524864,-0.11747795768729352,-0.10292803572474367,-0.10091565835399502,-0.09594946428599414,-0.30478763938305714,-0.23182299579252863,-0.2194148177349327,-0.346518562185475,-0.30173297667316973,-0.32562589079841925,-0.28627855392248125,-0.36573843598794353,-0.4050848569032157,-0.35837634292266113,1
2019-07-07,-0.2595797686181188,-0.23456625578710052,-0.24839955075991316,-0.2089153354433203,-0.11437472785890916,-0.12542474781021143,-0.11181059035562632,-0.10922272896776226,-0.10364828752394227,-0.3075619546348651,-0.23630622533446247,-0.22402939415489834,-0.34752130495481964,-0.30470484598922243,-0.32903598226110414,-0.29081254295559655,-0.3696238125176057,-0.4071569795876953,-0.3614579129690823,-0.32322783986970965,1
2019-07-08,-0.23914666315184513,-0.2526276654590246,-0.21316492691336345,-0.12237725317153993,-0.13293874468144234,-0.12003704033314239,-0.11767349289851411,-0.11185708687151077,-0.30981427002830353,-0.24064644901506543,-0.22869471964068228,-0.34857213055225805,-0.30690975710590895,-0.3313430358691047,-0.29488467097598575,-0.3736363735043294,-0.41065914273490944,-0.364311820852165,-0.3269056846545853,-0.30349858753042774,0
2019-07-09,-0.256886129342401,-0.2181136905855238,-0.1299199974274938,-0.14011734078698315,-0.12778510058595463,-0.12561063421175753,-0.12012714441995936,-0.31060889391049035,-0.2446210437771589,-0.23320898939038737,-0.3503275399057556,-0.3090903415484419,-0.3327820837328392,-0.2980232934059536,-0.37613346186119845,-0.41441497679524386,-0.36821039673564604,-0.3303787608368689,-0.30751112807064707,-0.3358895691351562,0
2019-07-10,-0.22298736388103715,-0.1365713583292084,-0.14698499706525775,-0.13519243155711272,-0.13311655544044082,-0.12794320873438397,-0.3052453749524419,-0.24776015734046997,-0.2373750103869259,-0.3520605315361737,-0.3117682350072122,-0.33424293471535493,-0.3004203029955194,-0.3772937133654172,-0.4161365888528327,-0.3722318003925149,-0.3345912927790403,-0.31133175042287753,-0.33935261474935985,-0.4695567930200861,0
2019-07-11,-0.1428985185231606,-0.15328732984856266,-0.1422475021866757,-0.14028725974761308,-0.13534779367432476,-0.3039266621464727,-0.2467078095417157,-0.24077470701214956,-0.3531675371808212,-0.3143829306939493,-0.33633314286430743,-0.3027814153560801,-0.3774116528692606,-0.41632278249702614,-0.37475559915805223,-0.3388230256615066,-0.31572050945204655,-0.34260264469373064,-0.47075224877870336,-0.6166246035919963,1
2019-07-12,-0.1593165289108454,-0.14864673030889333,-0.14714844986574308,-0.14241946864067886,-0.30368582788291865,-0.24827767022556074,-0.24020153307803752,-0.3524030836353847,-0.31645968698144,-0.3383861329145531,-0.3056067156137984,-0.3776309690382742,-0.41531861385539826,-0.37594940098938207,-0.34198215057608006,-0.3200703025079401,-0.3467020786012462,-0.4716476263059554,-0.615325136020544,-0.5560075093003506,0
2019-07-13,-0.15475864776351506,-0.15344743957113335,-0.14919951887828448,-0.3032861336744606,-0.2504544488866207,-0.2420924501225036,-0.3441726509539826,-0.31701532727024895,-0.3398450918831222,-0.3083623017200219,-0.37870742444116823,-0.4144834091619205,-0.3761059902458527,-0.34397397090226617,-0.3235860431763394,-0.3508580434856526,-0.47455310794973504,-0.6136297993429313,-0.5557363769040881,-0.6085147637984974,0
2019-07-14,-0.15947378468777057,-0.15545655834790728,-0.3039445032345073,-0.25241732999297756,-0.2445379392767201,-0.3409330468929744,-0.31121235268839875,-0.3395597423385749,-0.31059401768348127,-0.3797914764867423,-0.41469881467036085,-0.37636162819957125,-0.3450498721319409,-0.3260258003103239,-0.35378830153547686,-0.4779092059480575,-0.6152216310114097,-0.5551088576273621,-0.6073528751331648,-0.7217754493744064,0
2019-07-15,-0.16144709104983127,-0.3070365645693713,-0.25501148017309283,-0.24676341360943668,-0.3390845085009515,-0.3095991955613946,-0.3322103113385047,-0.3113606001503775,-0.3801847397196827,-0.41495988106198867,-0.37746774149734347,-0.34616944967899943,-0.32761772174918197,-0.3554926474814464,-0.4784233644423694,-0.6176976727905157,-0.5572421377889498,-0.6058003996096721,-0.7186921563873249,-0.6827039652499793,0
2019-07-16,-0.31032519327846314,-0.25910436197849634,-0.2495727200537189,-0.3371137099818012,-0.30911192394783954,-0.32956099655322874,-0.3059455171603608,-0.37844868902823,-0.414447975648777,-0.37858014035785603,-0.3479809971906592,-0.32922223836227194,-0.3562373801461993,-0.4770929035672471,-0.6155535096602319,-0.5600809132663053,-0.6074646705889896,-0.7151445055373405,-0.6802834981858744,-0.7644356695462822,1
2019-07-17,-0.263247379157373,-0.25377684008070117,-0.336484792208541,-0.3084714026020705,-0.32820650513190036,-0.30459225539071827,-0.36843163232025106,-0.4114797447493954,-0.37900458110644053,-0.34976764529221105,-0.33142975407757286,-0.35704573621062197,-0.4743415590546235,-0.6108839924202457,-0.5590324333582644,-0.6099892417840117,-0.7157971010437533,-0.6774241220068237,-0.7606286697319974,-0.7033611873270205,1
2019-07-18,-0.2580148199993637,-0.3389113114353359,-0.30893244998480074,-0.3267185064710062,-0.30432250511675185,-0.36399495335575427,-0.3991968901501976,-0.3773109714759682,-0.3509336655200418,-0.3335948659047631,-0.358603161462299,-0.471864415111491,-0.6042860772890102,-0.5557391784949802,-0.6079916679203474,-0.7176439184166019,-0.6784257147136125,-0.7563295258261762,-0.7005902820188564,-0.6481096052631776,1
2019-07-19,-0.34163177480406076,-0.31192249352265694,-0.32648517168852886,-0.30389455317865166,-0.3611445142786319,-0.39324207992159116,-0.36737195762718455,-0.35024954684003257,-0.33517714308253116,-0.3601469212298979,-0.470739124889859,-0.5981940509633342,-0.5507267084246397,-0.6035062780708159,-0.7135991030218907,-0.6805063364958965,-0.7566010685586528,-0.6973670127590565,-0.6462760122096687,-0.6594167625891458,1
2019-07-20,-0.31512403085817886,-0.32911621179484307,-0.3045297697136643,-0.35819462361350046,-0.3891210296662128,-0.3629875689860851,-0.34216683814210713,-0.3350596630916832,-0.36104579839957673,-0.46971876338832547,-0.5941170940609712,-0.546124631975716,-0.5971204764629273,-0.7065422203923251,-0.6771677570256143,-0.7581926064659991,-0.6981840894989199,-0.644026042667444,-0.6573913499219525,-0.603984864130762,0
2019-07-21,-0.33201127219314025,-0.30760986067276946,-0.3567634848106854,-0.3849294536287405,-0.3601808946814788,-0.33902621219324386,-0.32801891947218,-0.35999802550955956,-0.46779746724560023,-0.5902755495488831,-0.5432642666361676,-0.59122778755093,-0.6971940762861976,-0.6709979610212117,-0.7533766870115218,-0.7001410981214652,-0.6453366416752412,-0.6549421959831755,-0.6028998226852252,-0.6123409897314388,0
2019-07-22,-0.3108882704151951,-0.3587752466936201,-0.38248093753220364,-0.357273772472022,-0.33726051426348347,-0.32557643159105587,-0.3512466102889463,-0.46291067302707656,-0.5852513482777798,-0.540585532095206,-0.5873135960002197,-0.6885174739173328,-0.6626717347791914,-0.745351238390952,-0.6964291293966757,-0.6476242766818181,-0.656151796363984,-0.6014271448779709,-0.6111141912785117,-0.6528154233646114,0
2019-07-23,-0.36114163667677385,-0.38396670384969933,-0.35587767608547455,-0.3353706703211459,-0.32439504547530434,-0.3476579371940685,-0.4470998631055082,-0.5761406579902516,-0.5368402584970822,-0.5836276215082111,-0.6823301282987738,-0.6549554976940144,-0.7348873127357654,-0.6897903277778662,-0.6449110069573215,-0.6583717691534676,-0.6031318781621495,-0.6094943138005264,-0.6509019987332563,-0.7063825864257914,1
2019-07-24,-0.3858840577074961,-0.35790755529388213,-0.33480808283582086,-0.323076211331052,-0.3455172428950412,-0.4387812501326106,-0.5525627254154427,-0.529470535898522,-0.5787745254122493,-0.6764714885534514,-0.649552320938841,-0.7251621350346437,-0.6809238102022449,-0.6395266480751085,-0.6554541171055009,-0.6056835563519621,-0.611124407881563,-0.6485691325343569,-0.7035604247681131,-0.6799024641933314,1
2019-07-25,-0.36028941182117935,-0.33726889557154655,-0.3229814818200617,-0.34326093947684827,-0.4326817977053686,-0.539039980256812,-0.5090939864436178,-0.5698967557093875,-0.6692287657896929,-0.6444431844789781,-0.7181185942365664,-0.6726998248350461,-0.6321052401490571,-0.6498130383095899,-0.6037678626101081,-0.6136260828771019,-0.6498376978856476,-0.7002839312063174,-0.6775295230311779,-0.68490294567121,1
2019-07-26,-0.3400186348988287,-0.32568418241909436,-0.3423980927164207,-0.4265568583546737,-0.5285848909458304,-0.49771623392601455,-0.5467471297784953,-0.6570980656004353,-0.6380248100752828,-0.7114416089409337,-0.6668820554243884,-0.6252393219879557,-0.642095890758525,-0.5993853204895183,-0.6115593481338503,-0.6520971731986074,-0.7010740199816761,-0.6747194974785775,-0.6824451741314761,-0.6465527271249462,0
2019-07-27,-0.32864041852324494,-0.34470366801156216,-0.42252423731561095,-0.5182034719589408,-0.4890564120542848,-0.5335113588946999,-0.6279667796908079,-0.6270162717483767,-0.7032988209934052,-0.6613766541140299,-0.6205304577360905,-0.6349520460841006,-0.5931179987780762,-0.6069870869016205,-0.6492988435417447,-0.703012948501871,-0.6757461139603145,-0.6795470611969698,-0.6447455456401826,-0.7037350139986297,1
2019-07-28,-0.34732088299185276,-0.42319100346463384,-0.5106832961580066,-0.48042939075955055,-0.5232964548233598,-0.6107231733949557,-0.5999484761991378,-0.6899428877937007,-0.6545224440228946,-0.616084940461665,-0.630016245975891,-0.5873366534322875,-0.6005012100413937,-0.6438076428440292,-0.6992463665307866,-0.6778434999714155,-0.6805290120081949,-0.6425230017208204,-0.7009577669296088,-0.6959946029158977,1
2019-07-29,-0.4244091866706575,-0.5095469570575902,-0.4743466840759271,-0.5131497531943993,-0.5971538818634797,-0.5840874509540646,-0.6585585788656394,-0.642920615031033,-0.6103964539688495,-0.6253538249478728,-0.5835133774521859,-0.5945144736511423,-0.6362631538605044,-0.6925389664752948,-0.6745555589842334,-0.6825964750551438,-0.6438475071906766,-0.6977279124213814,-0.6933486676010908,-0.7031632790891098,1
2019-07-30,-0.5092258508702836,-0.4739535327641777,-0.5058218935113147,-0.5837291563089533,-0.5716753208482807,-0.6398054007336146,-0.6147618453459607,-0.6003814911945389,-0.6194267747862457,-0.5799142994464475,-0.5905234893369082,-0.6292815681112055,-0.6835934239590339,-0.6684493688083122,-0.6792181479529148,-0.646144458581871,-0.6985416500389988,-0.690255166472067,-0.7003957311837524,-0.6688064089878012,1
2019-07-31,-0.4742668771064246,-0.5047849840185528,-0.5737154414290243,-0.5593814136277241,-0.6249726619003361,-0.5981698449550624,-0.5751407347239599,-0.6090870621078259,-0.5751567772823705,-0.5867641168419337,-0.6244782575869605,-0.6752951735141793,-0.6601964160556476,-0.6729984258665017,-0.6434593301807926,-0.7004964216765373,-0.6911380435620686,-0.6971759482319436,-0.6666217062096719,-0.6580797824930377,0
2019-08-01,-0.50454875969851,-0.5712899144276258,-0.5502942369207755,-0.6103132517623441,-0.585145919800148,-0.5605038632998489,-0.5832491384021549,-0.5664091096414426,-0.5818302932501079,-0.6199424692054388,-0.6694167643006012,-0.6525490390206404,-0.6646146851116433,-0.6381103189646431,-0.6967776958543168,-0.6931391339479869,-0.6979947927424076,-0.6640071463250999,-0.6560770509470267,-0.6712868589029493,0
2019-08-02,-0.5698682439429169,-0.5483477406321766,-0.599287895698499,-0.5722541452096391,-0.5491162977792173,-0.5682121526284769,-0.5434987222372502,-0.5728426315143503,-0.6141546971717333,-0.6638534038775556,-0.6472020886911736,-0.6568443977516077,-0.6307296313136811,-0.6901304068015656,-0.6895603197902188,-0.6999529856511332,-0.6651328758118514,-0.6536514489555668,-0.6690600766763103,-0.6955284190665968,1
2019-08-03,-0.5473350129396432,-0.5963393387652954,-0.562677104725283,-0.5378236306549021,-0.5564897084467182,-0.5304232460948216,-0.549490930323042,-0.604004579828229,-0.6569354469017555,-0.6421466930679651,-0.6513970872242942,-0.6239019807471795,-0.6812541117587617,-0.6830887705461447,-0.6962445942132188,-0.6672966608014537,-0.654872991608878,-0.6664018217315846,-0.6928903923006233,-0.6763401159109376,1
2019-08-04,-0.5944711638812055,-0.560477343324345,-0.5295568219430755,-0.5448697862642493,-0.5203425018916111,-0.5361197648518785,-0.5785152940143795,-0.6452468410977107,-0.6357874260376781,-0.646245768004106,-0.6192243632059896,-0.673020937844837,-0.6744149265885309,-0.6896102859417903,-0.6642092863650747,-0.6571009649094454,-0.6675053951601402,-0.689805103363756,-0.6740276079993031,-0.662772406711944,0
2019-08-05,-0.559248406233472,-0.5280344651847425,-0.5363348404922322,-0.5103269059452247,-0.5257915412802737,-0.5637119028104021,-0.6169285016380337,-0.6248593488888808,-0.6397809984878453,-0.6148087113258743,-0.6671956656929154,-0.6663720096421085,-0.6807489446723244,-0.6583550231989787,-0.6542074794217023,-0.6696543370962844,-0.6906921445356172,-0.6712803359905405,-0.6606900674149406,-0.6464031964563028,0
2019-08-06,-0.5273838203381401,-0.534673853841665,-0.5031064679548651,-0.5155340999000126,-0.5521849673296748,-0.6002295862109035,-0.5979395095935329,-0.6287093038201945,-0.6091530725727552,-0.6616830933133017,-0.6607020883681202,-0.6725298238298628,-0.6503922886780951,-0.6485967556836536,-0.6665221273310695,-0.6926960245734265,-0.6723387723430907,-0.6581818011873386,-0.644598551675882,-0.7002254412463453,0
2019-08-07,-0.533904862313536,-0.5021250966919754,-0.5081155053890922,-0.5407561030399669,-0.5871161777264696,-0.5821776180865671,-0.6015253730638198,-0.5991828244876918,-0.6548209960530302,-0.6553379993048514,-0.6667160264586978,-0.6430176493300245,-0.6409145769563944,-0.6606115475444656,-0.6891256369136312,-0.6744574755054348,-0.659361428035517,-0.6423786418558908,-0.6975077321204284,-0.6973975524246429,0
2019-08-08,-0.5019362846947535,-0.5070316849643025,-0.5323777009191929,-0.5741369569185545,-0.5698484586953448,-0.5855865348375006,-0.574024291743765,-0.643208430483242,-0.6486392128408104,-0.6612144215967686,-0.6378933980147765,-0.633803594849084,-0.6525839366531008,-0.6826646719989432,-0.6712339256820062,-0.661561320594879,-0.6437044829746453,-0.6943397014739081,-0.6947278168543848,-0.7163439677339666,0
2019-08-09,-0.5067554133424595,-0.5307976491065267,-0.5644882672080798,-0.5576356333386715,-0.5731092785821392,-0.5594425119103762,-0.6150299178129566,-0.6372489575904434,-0.6543643870657642,-0.6330508566001695,-0.6288946280743356,-0.6451483285949896,-0.6740030211180511,-0.6652086157589422,-0.6585830136605617,-0.6460023291598425,-0.6951847875568452,-0.6916096016753803,-0.7133528168016888,-0.7617221277064838,1
2019-08-10,-0.5300977506818483,-0.5622514623470233,-0.5486148912125637,-0.5607517278263525,-0.5481010557036454,-0.5984246892152466,-0.6094792408492758,-0.6427682421445695,-0.6269256993078878,-0.6242578541645952,-0.6399742943847676,-0.6659715628298987,-0.6570488365170754,-0.6528657476635026,-0.6433199035977365,-0.6971605605359785,-0.6924799472360124,-0.7099008457376796,-0.7579611616151253,-0.7556617376655718,1
2019-08-11,-0.5609909016971426,-0.5467027423535069,-0.5516124046666248,-0.5368534482022731,-0.5853896926149039,-0.5931479139455518,-0.6146199246281394,-0.6163163090544882,-0.6183590122314079,-0.6350841708165136,-0.6603109979156041,-0.6494890209273392,-0.6450608329658468,-0.6379742873551636,-0.693505271934345,-0.6944726423487867,-0.7106019567261347,-0.7537098188655361,-0.7520035827090469,-0.7416146507347501,0
2019-08-12,-0.5457193366509122,-0.5496389480722627,-0.5286235591790143,-0.572487098623406,-0.5803421613917218,-0.5980349274055533,-0.5899824880143474,-0.6080576986081608,-0.6289066798372581,-0.6549558515975242,-0.6442135673087391,-0.6378345075719881,-0.6305975106910746,-0.6869376649084825,-0.6908684692018366,-0.7124812761752612,-0.7540055996971384,-0.7478589984574932,-0.7381947967685434,-0.7486206023567912,0
2019-08-13,-0.5486032046890394,-0.5271202903171615,-0.5629011932420773,-0.567663592644234,-0.5850168636041008,-0.5746132408107489,-0.5822903851084283,-0.6182260492314985,-0.6482669008973472,-0.6392265077572576,-0.6328313593274927,-0.6237735355432634,-0.6781531630281683,-0.6843650671174397,-0.7085346374314583,-0.7556133754838883,-0.748208912353269,-0.7342976629108395,-0.7450818963312305,-0.7648182921395766,0
2019-08-14,-0.5264859405795674,-0.5606968485891597,-0.5582612427766881,-0.5721308169317627,-0.5626127079702944,-0.5673007096273479,-0.5917612276777086,-0.6368900347912181,-0.6329424008093268,-0.6281045674072182,-0.6190989190985791,-0.670006253352918,-0.6756545289006353,-0.7016010722244588,-0.7508465046072332,-0.7498529536146026,-0.7347730492354764,-0.7410613471706452,-0.7610048013465324,-0.9112527963501722,1
2019-08-15,-0.5594639988308694,-0.5561517984000567,-0.5625584696281566,-0.5507210278923926,-0.5556178621445322,-0.5763042074312646,-0.6091449387139634,-0.6221166369325358,-0.6221067183038163,-0.6146861356461659,-0.6642514187013321,-0.667577127878853,-0.6923949889650413,-0.7428826647718644,-0.7451956272115926,-0.7365011484981311,-0.7414741544160162,-0.7566989172452618,-0.9049551259160394,-0.9044843346136241,0
2019-08-16,-0.5549999638729944,-0.5603611346547374,-0.5419634167670085,-0.5440366352314833,-0.5642302122940868,-0.5928301081622634,-0.5953849366727478,-0.6116706290494199,-0.6090336517607012,-0.6588061700071973,-0.6618790492582394,-0.6838518907750772,-0.7324897120255199,-0.7373693836582448,-0.7320977299679966,-0.7431603299478929,-0.7569670422879105,-0.8980696837954755,-0.8983014873554774,-0.9172867986260292,1
2019-08-17,-0.5591342689760265,-0.5401873096108326,-0.5355333945027559,-0.5522667423084454,-0.5800381623521438,-0.5797491021954007,-0.5856554830176597,-0.5990676983068084,-0.6520181193465805,-0.656488047593883,-0.6777735555737043,-0.7228312323635738,-0.7271349409092822,-0.7245904142265321,-0.7386302754623764,-0.7585562905753084,-0.8970298157287452,-0.8915352769682056,-0.9108867647107703,-0.900794445466799,1
2019-08-18,-0.5393200410834584,-0.5338887997180928,-0.5434503099843263,-0.5673730860341248,-0.5675254471664938,-0.5704997546346003,-0.5739170627569669,-0.6405063512966207,-0.6497596610480253,-0.6720191072463854,-0.7158421526403175,-0.7176254238048464,-0.7147233741855792,-0.7309638952236263,-0.7537334550328724,-0.8977427975127033,-0.8905558666560204,-0.9038950289332365,-0.8946741951187579,-0.8263589582081392,0
2019-08-19,-0.5331338017299031,-0.5416437916032496,-0.557981791214568,-0.5554157243368935,-0.5586779279485864,-0.5593405742063027,-0.612513190416924,-0.6383291120522632,-0.6648909804106636,-0.709217220870926,-0.7107579767576082,-0.7055591302369402,-0.7209136139447712,-0.7456993192740327,-0.8902730876636722,-0.89130935102734,-0.9028012635050794,-0.8879729850071404,-0.8215014643601409,-0.8233595489135805,0
2019-08-20,-0.5407505613767774,-0.5558780624227585,-0.5464794594642878,-0.5469608857313563,-0.5480035465777433,-0.5960321513372826,-0.610485301048943,-0.6529162763830454,-0.7011316844923035,-0.7042493006756732,-0.698973609726133,-0.7115771658204326,-0.7352253860936122,-0.8789142742515876,-0.883961984389441,-0.9034781377192777,-0.8870265337957111,-0.8161114934206924,-0.8185529383703402,-0.8564410103705755,0
2019-08-21,-0.5547311072221224,-0.5446109863005675,-0.5383463644723981,-0.5367602668367666,-0.5831010960716656,-0.594104329463184,-0.6240718444350434,-0.6878536862170778,-0.696291629227281,-0.6927343971171559,-0.7048510351115871,-0.7254908036446652,-0.8646103346322527,-0.8727568434577848,-0.8958993603681848,-0.8878020985249232,-0.815829920374095,-0.813215804365333,-0.8510731912959719,-0.8984195466118696,1
2019-08-22,-0.5436648660168901,-0.5366442363952364,-0.5285339237722967,-0.570300077162395,-0.5812570264259236,-0.6070204362028688,-0.656612688134622,-0.6831876898271477,-0.6850730976478319,-0.6984774282282136,-0.7184395835702355,-0.8512764362799213,-0.8586299335089654,-0.8844035497870635,-0.8805214284134307,-0.8170509082944026,-0.8129610228642844,-0.845153301541892,-0.8923395850975079,-0.8778238959866228,1
2019-08-23,-0.5358401229231148,-0.5270324882112358,-0.5607973975197019,-0.568537853102959,-0.5936120062608491,-0.6379555312214548,-0.6522667603755582,-0.6723726009523757,-0.6906683139302561,-0.7117552584743061,-0.8412862600511372,-0.845462401902649,-0.8699417903445007,-0.8694000634473882,-0.8111156955243061,-0.8141999592995893,-0.844603027363983,-0.8856802106817823,-0.8720933281910026,-0.8531909173079966,0
2019-08-24,-0.5263997035406087,-0.5586360815147823,-0.55910223379854,-0.5803444802383412,-0.6232031580567549,-0.633824056038705,-0.6421935432039694,-0.6777666011331873,-0.7036043977771913,-0.8317929005796267,-0.835608069424512,-0.8564595780379575,-0.8553696628511112,-0.8016843284343199,-0.8083189622994681,-0.8456440037849055,-0.8847549727175619,-0.8657967622268733,-0.8478782342483727,-0.8707475769911023,0
2019-08-25,-0.5574399647988328,-0.5569755887468316,-0.5704595670967767,-0.6086222840412369,-0.6192511705422404,-0.6242479081913157,-0.6472175366148464,-0.6902374753741972,-0.8205524965465528,-0.8262445484892829,-0.8463482987384208,-0.8422928276060074,-0.7896007940976125,-0.7989556943853442,-0.839165043409778,-0.8855447488809359,-0.8650554902565026,-0.8420155974188561,-0.8651370549980563,-0.88158855046777,1
2019-08-26,-0.5558090702091093,-0.5681006320506132,-0.5976612767001213,-0.6048456981098169,-0.6100910485383519,-0.6290239894439429,-0.6588329589200942,-0.8029798671006886,-0.8151469486126854,-0.8367391897725778,-0.8325125515975216,-0.7783535606564725,-0.786950609844148,-0.8290506875178879,-0.8783070062119459,-0.8659685111350259,-0.8414943539625901,-0.8589651439129828,-0.8757941174098728,-0.8785099778780467,0
2019-08-27,-0.566735810321908,-0.5947459887842295,-0.5940284063925607,-0.5960921310089787,-0.6146596378784254,-0.6400662413293327,-0.7638416749330001,-0.7977687143836333,-0.8253714775506242,-0.8232198133341182,-0.7700672128349296,-0.7757771009779152,-0.8161803546455553,-0.8672395614144748,-0.8591030447868487,-0.8425547789943381,-0.8582870795625362,-0.8694312341204037,-0.8727677710860303,-0.8836555920637269,0
2019-08-28,-0.5929062152624506,-0.5911874210793521,-0.585607950832076,-0.6004579520458089,-0.6252221705460277,-0.7398932352951043,-0.7589879863835088,-0.8076255471057565,-0.8122000644564057,-0.7622023610085369,-0.7675509516215714,-0.8041937134443495,-0.8532712764920629,-0.8485032076734882,-0.8361345656192278,-0.8592424452513681,-0.8686563352248279,-0.8664591192541989,-0.8778260927987385,-0.9371699795947973,0
2019-08-29,-0.5894110788011142,-0.5829391879520823,-0.5898076332703516,-0.6105516864329056,-0.720712283959138,-0.7352790551018882,-0.7681686799296876,-0.7949278065671231,-0.7527530866911651,-0.7597436370802624,-0.7953036156199299,-0.8402528155438065,-0.835073603678318,-0.8260940004765492,-0.8525048867827953,-0.8695468283484574,-0.8657117190124123,-0.8714267969591412,-0.9304326386109008,-0.9389511537359945,1
2019-08-30,-0.5813098699059706,-0.5870529748561966,-0.5995172568862769,-0.7018036495479677,-0.7162985620543213,-0.7440067214712528,-0.7563419534445724,-0.7376186709360902,-0.7503576456964299,-0.7868617036322874,-0.830520204009232,-0.8225613776043872,-0.8133086740541913,-0.8420657118013447,-0.8626133140543875,-0.8666206343655111,-0.8706334346817355,-0.9230906450905382,-0.9321835961268383,-0.9425882673527098,1
2019-08-31,-0.5853503288195473,-0.5965640088598706,-0.6872966834178679,-0.6975858224445894,-0.7246470639808459,-0.7327635923454826,-0.7029639945750855,-0.7353093751901307,-0.7767777441750201,-0.8212730231269799,-0.813242122979677,-0.8014019191592267,-0.8288211895084875,-0.8519280034886249,-0.8597427667561665,-0.87151155859415,-0.921819277642694,-0.9248102258345567,-0.9357590081408633,-0.9294559562771201,1
2019-09-01,-0.5946918292456006,-0.682548094710082,-0.683239363096144,-0.705563791709004,-0.7138923809769067,-0.6820196028911731,-0.7008131072516592,-0.7607793496785579,-0.810303380970838,-0.8043900258306315,-0.7925770510500301,-0.8164828972190518,-0.8383999346474758,-0.8491273527052187,-0.86454068152605,-0.9223771705719915,-0.9235229484513059,-0.9283215672550583,-0.9228494793937302,-0.9345136112459507,1
2019-09-02,-0.6791432542214005,-0.6785737582094972,-0.690913735712478,-0.695286435219291,-0.6653529116857937,-0.6799748524741663,-0.7245359436839358,-0.7930993319295597,-0.7938549202987777,-0.7841974851821483,-0.8073056650730884,-0.8257951745029871,-0.8356798041820429,-0.8538084404431976,-0.9144389951328367,-0.9240701828049821,-0.9270018021765452,-0.9156433744115055,-0.927821334068614,-0.9223488515557025,1
2019-09-03,-0.6752397600167586,-0.6860911679256781,-0.681027477618609,-0.6489012995957198,-0.6633969933368106,-0.702527070416578,-0.7546389048307157,-0.7772423935449142,-0.7741820977012528,-0.7985893120467696,-0.8164003628603731,-0.8231507144223563,-0.8402263079599808,-0.9024917529181761,-0.9160998117839503,-0.9275272719819769,-0.9144409107332988,-0.9205261345488416,-0.9158629427375455,-0.9121499803620343,0
2019-09-04,-0.682623172381744,-0.6764071121250328,-0.636407499421613,-0.6470321910287906,-0.6849694534849791,-0.7311445817513716,-0.7398696887961038,-0.7582770482764112,-0.7882035059871515,-0.8074760488256506,-0.8138176900607385,-0.827570740557125,-0.8875099472505312,-0.9041121294428612,-0.9194911583777053,-0.9150449645061522,-0.9192784945108384,-0.908782034948953,-0.9058370897018448,-0.9263729857265546,0
2019-09-05,-0.6731117342612716,-0.6326997402781193,-0.6346095186162747,-0.6676471978329562,-0.7123437066243393,-0.7171041620991099,-0.7222052901179358,-0.7717942163378044,-0.7968615148610848,-0.8049524318904714,-0.8181344431686992,-0.8735390123587166,-0.8890837370198176,-0.9074208982969708,-0.9072462237598663,-0.9198522831924208,-0.9076430538772082,-0.898935842985055,-0.9198188097179966,-0.9420253283648747,1
2019-09-06,-0.630183443544206,-0.6309385333298418,-0.6544400341848303,-0.6938064958847723,-0.6989132584890199,-0.7003114244368596,-0.734795234685557,-0.7801408644518664,-0.7944028510834972,-0.809170477339271,-0.8630286754914889,-0.8750690214053672,-0.8922973768696929,-0.8954741222408987,-0.9119621228926577,-0.9082896366826649,-0.8978879610249347,-0.9126670136669205,-0.9352056190987893,-0.9596435594997753,1
2019-09-07,-0.6284536299980293,-0.6503634580584967,-0.6796038564530917,-0.6809721331004187,-0.6828500639543361,-0.7122801101622126,-0.7425693362284396,-0.7777706195513213,-0.7985123319688936,-0.8530381500067847,-0.8645229361827061,-0.8781932621006265,-0.88069407748429,-0.9000751913850658,-0.9006193602828308,-0.898595574044876,-0.9114920879262942,-0.9277780948223808,-0.95252496677495,-0.9229337803477498,1
2019-09-08,-0.6475323066759477,-0.6750126080897397,-0.667257897345468,-0.6656218734473835,-0.6942987825014629,-0.7196705937075524,-0.7403616806178845,-0.7817323145993752,-0.8412509331770143,-0.8544982426621385,-0.8675741796188458,-0.8669127509566791,-0.8851628632489293,-0.8890086198609212,-0.8911096471620107,-0.9121145902460875,-0.9264633580691319,-0.944787083613832,-0.9164379485390756,-0.9123918682083696,0
2019-09-09,-0.6717420871719235,-0.6629191592058936,-0.6524917822564652,-0.6765624620092324,-0.7013681941293858,-0.7175718762707418,-0.7440516192812408,-0.8229339430991331,-0.8426734457911901,-0.8574797158127,-0.856557235362119,-0.8712572210891437,-0.8744144620098052,-0.8797304639084659,-0.9043715756797909,-0.9269921965108096,-0.9433149759933267,-0.9093467367735318,-0.906074874055861,-0.9278814862955188,0
2019-09-10,-0.6598642032470775,-0.6484550534620496,-0.6630160335393251,-0.6833181110084706,-0.6993606533019837,-0.7210797325579823,-0.7824269813801425,-0.8243052990773058,-0.8455781814255683,-0.8467146870006359,-0.8608001978186615,-0.8608078259705374,-0.865403058367893,-0.892669470527802,-0.9189662583003163,-0.9437383866474988,-0.9082025309575672,-0.899169366295971,-0.9213017194166793,-0.9318000694061521,0
2019-09-11,-0.64565791927034,-0.6587640536636965,-0.6695146005263619,-0.6813996711303908,-0.702716114399213,-0.7575614379452813,-0.7837042678405352,-0.8271055741240922,-0.8350902242257452,-0.8508606291084302,-0.8505949507275342,-0.8520471075034194,-0.8779700611181922,-0.9069087792965765,-0.9353939904098486,-0.9088456135394247,-0.8981193237273387,-0.9141233499513607,-0.9251538259517416,-0.9437405330934348,0
2019-09-12,-0.6557831621975201,-0.665129706343321,-0.6676691656821729,-0.6846062063551813,-0.7376129098103952,-0.7587756958908646,-0.786312455254719,-0.8169947865911964,-0.8391294575746389,-0.8408887370474224,-0.842038924695602,-0.8642645130759332,-0.8917999815845852,-0.9229365036370404,-0.9011647642694928,-0.898825489286393,-0.9129349498703776,-0.9179064275882013,-0.9368917263363585,-0.948776198258053,1
2019-09-13,-0.6620353475220441,-0.6633220159272004,-0.6707536782074602,-0.7179541726930019,-0.7387744155748207,-0.7612551806340677,-0.7768952271788381,-0.8208887603563773,-0.8294142232763432,-0.8325283546578789,-0.8539708730299136,-0.8777097036858826,-0.9073668996481903,-0.8895407435097683,-0.8913351901640136,-0.9135484252977311,-0.9166830256493237,-0.9294339873906948,-0.9418419642517865,-0.9455217072346316,1
2019-09-14,-0.6602598790728892,-0.666343441337002,-0.7028326084704467,-0.719064127193891,-0.7411461816666227,-0.7523026516821878,-0.7805220899676066,-0.8115229069350812,-0.8212690214188783,-0.8441874648984066,-0.8671019194497697,-0.8928435709473206,-0.8749312867982374,-0.8799505150414477,-0.905778143855919,-0.9172730522103099,-0.9281039299589063,-0.9342955181361297,-0.9386426838522959,-0.9208227591433684,1
2019-09-15,-0.6632274477664767,-0.6977662655989364,-0.7039003243445846,-0.7213306268784222,-0.7325825860800194,-0.7557505446140906,-0.7717986965121857,-0.8036706241859901,-0.8326280480713325,-0.8570182544302672,-0.8818821869288209,-0.8613102733858572,-0.8656167829044625,-0.8940417894116709,-0.9094319404883688,-0.9286225045870224,-0.9329204807635002,-0.9311535681347132,-0.914362739631298,-0.9187952991949935,1
2019-09-16,-0.6940901621797855,-0.6988121436254062,-0.7060805737962191,-0.7131471104842135,-0.735880688867894,-0.7474576125709225,-0.7644850488537903,-0.8146211556265077,-0.8451285971919523,-0.8714605536335924,-0.8510856585594647,-0.8522548865097546,-0.8793029250462542,-0.8976066177659779,-0.9205655632236108,-0.9334089218876988,-0.929807600767518,-0.9073087151509917,-0.912369674409453,-0.9217683207244974,1
2019-09-17,-0.6951173974967966,-0.7009478007313086,-0.6982084760180077,-0.7162988331410588,-0.7279480346841884,-0.7405048615195462,-0.7746844177745538,-0.8266721579137069,-0.859199178753403,-0.8413682242651064,-0.8422418489870017,-0.8655602985154423,-0.8827652625386837,-0.9084691418759028,-0.9252609584471291,-0.9303155168200127,-0.9061833655547681,-0.9053513652176767,-0.9152922602879066,-0.815948984894033,1
2019-09-18,-0.697214986650298,-0.6932367098991146,-0.7012402618334608,-0.7087182549942466,-0.7212973387145523,-0.7502009360776104,-0.7859087696573605,-0.8402367308731111,-0.8298813693940847,-0.8327266388456428,-0.8552363827017344,-0.8689263184180737,-0.8933154828438977,-0.9130502063716169,-0.9222263798747242,-0.9068390805225475,-0.9042441254491629,-0.9082215790027544,-0.8112680904336625,-0.689450437182315,0
2019-09-19,-0.6896413455229032,-0.6962064870113125,-0.693948157863423,-0.702362737741008,-0.7305721773371496,-0.760871415159908,-0.7985428673371929,-0.8119732534661848,-0.82146220214426,-0.8454240371966443,-0.8585237562224122,-0.8791830457308054,-0.8977648391052127,-0.9100895184005876,-0.8991963889792843,-0.9049119727709213,-0.9070877833914385,-0.8060614992945404,-0.6869155199869803,-0.7393013233316156,0
2019-09-20,-0.6925581865465148,-0.6890635274527563,-0.6878344958581742,-0.7112259299777365,-0.7407790884867549,-0.7728820752339974,-0.772218151078191,-0.80385685771389,-0.8338327933223503,-0.8486362410384224,-0.8685408371524231,-0.8835086268626942,-0.8948892726131837,-0.88762029725829,-0.897305928544313,-0.9077378401030236,-0.8058729109815416,-0.6839372994421921,-0.7359207136737705,-0.7743574692068753,0
2019-09-21,-0.6855425497888543,-0.6830749073456371,-0.6963604048383271,-0.7209798264435733,-0.7522679578504299,-0.7478563688839165,-0.7646585075089053,-0.8157825756277747,-0.8369623210735369,-0.8584242695798671,-0.872765351946111,-0.880713054777456,-0.8730660544790836,-0.8857758686709324,-0.9000780570780235,-0.807156192354926,-0.6848786308133914,-0.7320643308828059,-0.7703821515985524,-0.796466018361929,0
2019-09-22,-0.6796606764551542,-0.6914264370681139,-0.7057431228532817,-0.7319587838029841,-0.7283294674413948,-0.7406697607467241,-0.7757661690237256,-0.8187995587797542,-0.846498424153751,-0.86255218585241,-0.8700350978436402,-0.8594969293305676,-0.8712746542725627,-0.8884804971417646,-0.8014091448744651,-0.686918881595667,-0.7325603804815758,-0.7659082274521158,-0.7921156415556316,-0.8426973827378835,0
2019-09-23,-0.6878633406902496,-0.7006172516266465,-0.7163042828330256,-0.7090827585710816,-0.7214550740652766,-0.7512293076216475,-0.778576199236589,-0.8279927229297247,-0.8505200956185192,-0.8598843622352206,-0.8493146829254297,-0.8577553634774664,-0.8739015231220377,-0.7922141278567169,-0.6834583563905724,-0.734302322733803,-0.766091145951809,-0.7872522580698454,-0.8375627166359615,-0.8878028691381679,0
2019-09-24,-0.6968903295624526,-0.7109624056366161,-0.6942987904838188,-0.702513472302857,-0.7315558723425766,-0.7539006751019306,-0.7871387492118125,-0.8318697663741875,-0.8479209367679266,-0.8396377440809836,-0.8476138084102416,-0.8603091563553327,-0.7804028672237849,-0.6771353871665615,-0.7299407187124766,-0.7676233116453229,-0.787237696951541,-0.8318849316034785,-0.8819030136321431,-1.0349102613576602,1
2019-09-25,-0.7070510818586159,-0.6894069886318193,-0.6879794943102177,-0.7121659655179955,-0.7341111850243126,-0.7620407005889881,-0.7907498430319343,-0.8293640789078971,-0.8281954285180249,-0.8379757620708155,-0.8501079324281744,-0.7694115077838256,-0.668632706399154,-0.7224859252092871,-0.7626280508755021,-0.7886375647199951,-0.8314574192728427,-0.8754306602717568,-1.0265148110410043,-0.9855871305094553,0
2019-09-26,-0.6858798887941937,-0.6832169401640465,-0.6972646679119796,-0.7146078654199514,-0.7418975755191646,-0.7654736026820567,-0.7884160356722049,-0.8103479426772396,-0.8265762228016421,-0.8404128549967885,-0.761334089239594,-0.6607506430707107,-0.7126793904358398,-0.7543773357729009,-0.7832426812585821,-0.83258063778961,-0.8746002533793179,-1.017451046214155,-0.9780284195811587,-0.9972725124678753,0
2019-09-27,-0.6798001775475877,-0.6923122053720129,-0.699613642835083,-0.7220486715185035,-0.7451813387297007,-0.7632549585345713,-0.7707043300880964,-0.8087869671070235,-0.8289505895354266,-0.7536689306005812,-0.6552120639026114,-0.7035720073763521,-0.7436539046357887,-0.774490009327447,-0.8263501001141494,-0.8754535599168902,-1.0153066357922949,-0.9698335201791766,-0.989515565556086,-0.9962301957482118,0
2019-09-28,-0.6887333202303354,-0.6946131370302463,-0.7067712936950441,-0.7251866910333625,-0.74305908128359,-0.7464172483558179,-0.7692504311788594,-0.8110759464681212,-0.7444392907460943,-0.6499735107340706,-0.6970329155938363,-0.7336848520945051,-0.7631883272782607,-0.816547782234825,-0.8684077188149388,-1.0152796492534146,-0.9681296774748105,-0.9811148190356133,-0.9884909311578707,-1.0026072389697809,1
